english_word,part_of_speech,german,cefr_level,guideword,topic
"10/20, etc. years sb's junior",phrase,10/20 usw. Jahre jünger,C2,,
"2/3/4, etc. o'clock in the morning",phrase,2/3/4 usw. Uhr morgens,B1,,
"2/5/8, etc. all",phrase,2/5/8 usw. alle,B1,,shopping
"5 miles/10 metres, etc. wide",phrase,5 Meilen/10 Meter usw. breit,B1,,
a,determiner,A,A1,NOT PARTICULAR,
a,determiner,A,A1,ANY/EVERY,
a,determiner,A,A1,ONE,
a,determiner,A,A1,TYPE,
a,determiner,A,A2,AMOUNTS,
a,determiner,A,A2,AN ACTION,
a,determiner,A,A2,TWO NOUNS,
a,determiner,A,A2,UNIT,
a,determiner,A,A2,WITH FRACTION,
a,determiner,A,A2,PERIOD OF TIME,
"a bad/good, etc. judge of sth",phrase,ein schlechter/guter usw. Richter,C2,,people: personality
"a bad/rough, etc. patch",phrase,ein schlechter/rauer usw. Patch,C2,,
a balanced diet/meal,phrase,eine ausgewogene Ernährung/Mahlzeit,B2,,"describing things, food and drink"
abandon,verb,aufgeben,B2,LEAVE,
abandon,verb,aufgeben,C1,STOP DOING,
abandoned,adjective,verlassen,B2,LEFT SOMEWHERE,
abandoned,adjective,verlassen,B2,EMPTY,
ability,noun,Fähigkeit,B1,,
a bit,phrase,ein bisschen,A2,,describing things
a bit,phrase,ein bisschen,B2,,
a bite (to eat),phrase,ein Happen (zum Essen),C2,,food and drink
"a bit of a change/fool/problem, etc.",phrase,eine kleine Veränderung/ein Dummkopf/ein kleines Problem usw.,C1,,
able,adjective,fähig,C2,CLEVER,people: personality
abnormal,adjective,abnormal,C1,,describing things
aboard,adverb,an Bord,C1,,travel
abolish,verb,abschaffen,B2,,
a bone of contention,phrase,ein Zankapfel,C2,IDIOM,
"a book/cat/dog, etc. lover",phrase,ein Buch-/Katzen-/Hundeliebhaber usw,B1,,people: personality
"a book of stamps/tickets, etc.",phrase,ein Buch mit Stempeln/Tickets usw.,C2,,
abortion,noun,Abtreibung,C1,,body and health
about,preposition,um,A1,SUBJECT,communication
about,adverb,um,A1,,
about,adverb,um,B2,DIRECTION,
about/high time,phrase,Über/höchste Zeit,C1,,
above,adverb,über,A1,HIGHER POSITION,describing things
above,adverb,über,A2,MORE,describing things
above,adverb,über,C2,TOO IMPORTANT,
above,adverb,über,B1,,
above all,phrase,vor allem,B1,,
a breath of fresh air,phrase,ein Hauch frischer Luft,C2,IDIOM,describing things
abroad,adverb,im Ausland,B1,,travel
"a broad range/variety, etc.",phrase,ein breites Sortiment/Vielfalt usw.,B1,,
"a broken arm/leg, etc.",phrase,ein gebrochener Arm/ein gebrochenes Bein usw.,A2,,body and health
a broken heart,phrase,ein gebrochenes Herz,B2,,"people: personality, relationships"
a broken home,phrase,ein kaputtes Zuhause,C2,,relationships
abrupt,adjective,abrupt,C2,SUDDEN,
abrupt,adjective,abrupt,C2,RUDE,people: personality
abruptly,adverb,plötzlich,C2,,
absence,noun,Abwesenheit,B2,NOT PRESENT,
absence,noun,Abwesenheit,B2,NOT EXISTING,
absent,adjective,abwesend,B1,,
absolute,adjective,Absolute,B2,,communication
absolutely,adverb,absolut,B1,COMPLETELY,communication
Absolutely!,phrase,Absolut!,C1,,communication
Absolutely not.,phrase,Absolut nicht.,C2,,communication
absorb,verb,absorbieren,B2,TAKE IN,
absorb,verb,absorbieren,C1,REMEMBER,
abstract,adjective,Abstrakt,B2,IDEAS,
abstract,adjective,Abstrakt,B2,ART,arts and media
absurd,adjective,absurd,B2,,describing things
a bundle of energy/nerves,phrase,ein Bündel Energie/Nerven,C2,,people: personality
a burning issue/question,phrase,ein brennendes Thema/eine brennende Frage,C1,,
abuse,noun,Missbrauch,B2,BAD TREATMENT,
abuse,noun,Missbrauch,B2,WRONG USE,
abuse,noun,Missbrauch,C1,WRONG ACTION,
abuse,noun,Missbrauch,C2,LANGUAGE,communication
abusive,adjective,missbräuchlich,C2,,
academic,adjective,akademisch,B2,EDUCATION,education
academic,adjective,akademisch,C2,CLEVER,people: personality
a call for sth,phrase,ein Aufruf dazu,C1,,communication
accelerate,verb,beschleunigen,C1,HAPPEN,
accelerate,verb,beschleunigen,C2,VEHICLE,travel
accent,noun,Akzent,B2,MARK,communication
accent,noun,Akzent,B1,PRONUNCIATION,communication
accept,verb,akzeptieren,B1,AGREE TO TAKE,"communication, people: actions"
accept,verb,akzeptieren,B2,ADMIT,
accept,verb,akzeptieren,B2,ALLOW TO JOIN,
acceptable,adjective,akzeptabel,B1,GOOD ENOUGH,describing things
acceptable,adjective,akzeptabel,C1,ALLOWED,
acceptance,noun,Annahme,C1,,
accepted,adjective,akzeptiert,C1,,
accept responsibility/blame,phrase,Verantwortung/Schuld übernehmen,B2,,
access,noun,Zugang,B1,RIGHT/OPPORTUNITY,technology
access,noun,Zugang,B1,METHOD,
access,verb,Zugang,B2,,technology
accessible,adjective,zugänglich,B2,REACH,
accessible,adjective,zugänglich,C2,UNDERSTAND,
accessory,noun,Zubehör,C1,,
accident,noun,Unfall,A2,BAD EVENT,body and health
accidental,adjective,zufällig,B2,,
accidentally,adverb,versehentlich,B2,,
"accident-/injury-, etc. prone",phrase,anfällig für Unfälle/Verletzungen usw,C2,,
acclaimed,adjective,gefeiert,C1,,
accommodation,noun,Unterkunft,B1,,"buildings, travel"
accompany,verb,begleiten,B1,GO WITH,
accompany,verb,begleiten,B1,HAPPEN TOGETHER,
accompany,verb,begleiten,C2,MUSIC,arts and media
accomplish,verb,erreichen,C1,,
according to,preposition,entsprechend,B1,OPINION,communication
according to,preposition,entsprechend,B2,METHOD,
account,noun,Konto,B1,BANK,money
account,noun,Konto,B2,REPORT,communication
accountable,adjective,verantwortlich,C2,,
accountant,noun,Buchhalter,B1,,"money, work"
account for sth,phrasal verb,Konto für,C2,,communication
accumulate,verb,akkumulieren,C1,,
accumulation,noun,Akkumulation,C2,,
accuracy,noun,Genauigkeit,B2,,describing things
accurate,adjective,genau,B1,,describing things
accurately,adverb,genau,B1,,
accusation,noun,Anklage,C1,,
accuse,verb,beschuldigen,B2,,"communication, crime"
accustomed to sth/doing sth,phrase,gewohnt/tun,C1,,
a certain,phrase,ein gewisses,B2,,
a change of clothes,phrase,ein Wechsel der Kleidung,A2,,clothes
a change of heart,phrase,ein Sinneswandel,C2,IDIOM,
ache,noun,schmerzen,B1,,body and health
ache,verb,schmerzen,B2,,body and health
achieve,verb,erreichen,B1,,people: actions
achievement,noun,Leistung,B1,,people: actions
acid,noun,Säure,B2,,natural world
acknowledge,verb,anerkennen,C1,ACCEPT,
acknowledge,verb,anerkennen,C1,SAY RECEIVED,
a clap of thunder,phrase,ein Donnerschlag,C2,,
a conflict of interest,phrase,ein Interessenkonflikt,C2,,
"a conscious decision/choice/effort, etc.",phrase,eine bewusste Entscheidung/Wahl/Anstrengung usw.,C2,,
acquaintance,noun,Bekanntschaft,C1,,
acquire,verb,erwerben,B2,GET,people: actions
acquire,verb,erwerben,B2,LEARN,people: actions
acre,noun,Acre,C2,,describing things
across,adverb,über,A2,,describing things
across,preposition,über,A2,,describing things
across the board,phrase,auf ganzer Linie,C2,IDIOM,
act,verb,Akt,B1,PERFORM,arts and media
act,verb,Akt,B1,BEHAVE,people: actions
act,verb,Akt,B2,DO SOMETHING,people: actions
act,noun,Akt,B1,THEATRE,arts and media
act,noun,Akt,B2,THING DONE,people: actions
act,noun,Akt,C2,FALSE BEHAVIOUR,
act as sth,phrasal verb,handeln als,B2,,work
action,noun,Aktion,B1,ACTIVITY,people: actions
action,noun,Aktion,B2,DO,people: actions
action,noun,Aktion,C2,FIGHTING,
action,noun,Aktion,C2,PROCESS,
active,adjective,aktiv,B1,BUSY,"people: personality, work"
active,adjective,aktiv,B1,GRAMMAR,
active,adjective,aktiv,B2,INVOLVED,
active,adjective,aktiv,C1,VOLCANO,natural world
actively,adverb,aktiv,B2,,
activity,noun,Aktivität,A2,EVENT,"people: actions, shopping"
activity,noun,Aktivität,B2,WORK,work
activity,noun,Aktivität,B2,MOVEMENT,
actor,noun,Schauspieler,A2,,"arts and media, work"
actual,adjective,tatsächlich,B2,REAL,
actually,adverb,Genau genommen,A2,TRUTH,communication
actually,adverb,Genau genommen,B1,SURPRISE,communication
actually,adverb,Genau genommen,B2,OPPOSITE,communication
ad,noun,Anzeige,B1,,arts and media
"a dance/language/riding, etc. school",phrase,eine Tanz-/Sprach-/Reitschule usw,A2,,education
adapt,verb,anpassen,B2,CHANGE BEHAVIOUR,people: actions
adapt,verb,anpassen,B2,CHANGE SOMETHING,people: actions
adaptation,noun,Anpassung,C1,,
add,verb,hinzufügen,A2,PUT WITH,people: actions
add,verb,hinzufügen,A2,CALCULATE,people: actions
add,verb,hinzufügen,B1,SAY MORE,communication
addict,noun,süchtig,B2,,body and health
addicted,adjective,süchtig,B2,DRUGS,body and health
addicted,adjective,süchtig,B2,LIKING,people: personality
addiction,noun,Sucht,B2,,body and health
addictive,adjective,süchtig machend,C1,,
add insult to injury,phrase,um die Verletzung noch schlimmer zu machen,C2,,
addition,noun,Zusatz,B2,NEW THING,
addition,noun,Zusatz,B2,NUMBERS/AMOUNTS,describing things
additional,adjective,zusätzlich,B2,,describing things
additionally,adverb,zusätzlich,B2,,"communication, describing things"
address,noun,Adresse,A1,BUILDING DETAILS,buildings
address,noun,Adresse,A1,ELECTRONIC,technology
address,verb,Adresse,C1,DEAL WITH,
address,verb,Adresse,C2,SPEAK,communication
address,verb,Adresse,C2,BUILDING DETAILS,
add to sth,phrasal verb,Hinzufügen zu,B2,,
add up (sth) or add (sth) up,phrasal verb,(etw) addieren oder (etw) addieren,B1,,people: actions
a deep sleep,phrase,ein tiefer Schlaf,B2,,
adequate,adjective,angemessen,B2,ENOUGH,describing things
adequate,adjective,angemessen,B2,GOOD ENOUGH,describing things
adequately,adverb,ausreichend,B2,,describing things
"a dim memory/recollection, etc.",phrase,eine schwache Erinnerung/Erinnerung usw.,C2,,
"a display of affection/anger, etc.",phrase,eine Zurschaustellung von Zuneigung/Wut usw.,C2,,people: personality
adjacent,adjective,benachbart,C2,,describing things
adjective,noun,Adjektiv,A2,,
adjust,verb,anpassen,B2,CHANGE,people: actions
adjust,verb,anpassen,B2,CHANGE BEHAVIOUR,people: actions
adjustment,noun,Einstellung,B2,,people: actions
administration,noun,Verwaltung,C1,,
administrative,adjective,administrativ,C1,,
administrator,noun,Administrator,C1,,
admiration,noun,Bewunderung,B2,,people: personality
admire,verb,bewundern,B1,LOOK AT,
admire,verb,bewundern,B2,RESPECT,people: personality
admission,noun,Zulassung,B1,MONEY,money
admission,noun,Zulassung,B2,PERMISSION,education
admit,verb,zugeben,B1,,communication
admittedly,adverb,freilich,B2,,communication
adolescent,noun,Jugendlicher,C2,,people: appearance
adopt,verb,adoptieren,B2,TAKE CHILD,relationships
adopt,verb,adoptieren,B2,START,people: actions
adopted,adjective,angenommen,B2,,relationships
adoption,noun,Annahme,B2,,relationships
a dose of sth,phrase,eine Dosis von,B2,,
a double-edged sword,phrase,ein zweischneidiges Schwert,C2,IDIOM,
a downward spiral,phrase,eine Abwärtsspirale,C2,,
a drain on sth,phrase,ein Abfluss auf,C2,,
a drop in the ocean,phrase,ein Tropfen im Ozean,C2,IDIOM,
adult,noun,Erwachsene,A1,,people: appearance
adult,adjective,Erwachsene,C1,NOT A CHILD,
adult,adjective,Erwachsene,A2,FOR ADULTS,
advance,noun,Vorauszahlung,B2,PROGRESS,
advanced,adjective,fortschrittlich,A2,HIGHER LEVEL,describing things
advanced,adjective,fortschrittlich,B1,MODERN,describing things
advantage,noun,Vorteil,B1,USEFUL THING,
advantage,noun,Vorteil,B2,SUCCESS,
adventure,noun,Abenteuer,A2,,travel
adventurous,adjective,abenteuerlich,B2,,people: personality
adverb,noun,Adverb,A2,,
adverse conditions/effect(s)/impact,phrase,Ungünstige Bedingungen/Auswirkung(en)/Auswirkung,C2,,describing things
advert,noun,hinweisen,B1,,arts and media
advertise,verb,werben,B1,TRY TO SELL,arts and media
advertise,verb,werben,B1,ASK FOR,work
advertisement,noun,Werbung,A2,,arts and media
advertising,noun,Werbung,B2,,"arts and media, work"
advice,noun,Beratung,A2,,communication
advise,verb,beraten,B1,,communication
adviser,noun,Berater,C1,,work
advocate,verb,Fürsprecher,C2,,
advocate,noun,Fürsprecher,C2,,
aeroplane,noun,Flugzeug,A2,,travel
"a fair amount/distance/size, etc.",phrase,eine angemessene Menge/Entfernung/Größe usw.,C2,,
a faraway look/expression,phrase,ein entfernter Blick/Ausdruck,C2,,
a fast track (to sth),phrase,ein schneller Weg (zu),C2,IDIOM,
a few,phrase,ein paar,A2,,describing things
affair,noun,Affäre,B2,RELATIONSHIP,relationships
affair,noun,Affäre,B2,SITUATION,
affect,verb,beeinflussen,B2,CAUSE CHANGE,
affect,verb,beeinflussen,B2,CAUSE EMOTION,
affection,noun,Zuneigung,B2,,people: personality
affectionate,adjective,liebevoll,C2,,people: personality
affluent,adjective,wohlhabend,C1,,money
affordable,adjective,erschwinglich,C1,,
a fine/thin line,phrase,eine feine/dünne Linie,C1,IDIOM,
a flight of stairs/steps,phrase,eine Treppe/Stufe,C2,,
a force to be reckoned with,phrase,"eine Kraft, mit der man rechnen muss",C2,,
afraid,adjective,besorgt,A2,FEAR,people: personality
afraid,adjective,besorgt,B1,WORRIED,people: personality
a free hand,phrase,eine freie Hand,C2,IDIOM,
after,preposition,nach,A1,TIME/EVENT,
after,preposition,nach,A2,PAST A PLACE,describing things
after,preposition,nach,A2,ORDER,describing things
after,preposition,nach,B1,FOLLOWING,describing things
after,preposition,nach,B2,BECAUSE OF,
after,preposition,nach,C1,DESPITE,
after,preposition,nach,C2,NAMED FOR,
after,adverb,nach,A2,,
after,conjunction,nach,B1,,
after all,phrase,schließlich,B1,,communication
after all,phrase,schließlich,C1,,
afternoon,noun,Nachmittag,A1,,
afterwards,adverb,nachher,A2,,
"a further 10/100, etc.",phrase,weitere 10/100 usw.,C1,,
again,adverb,wieder,A2,AS BEFORE,
again,adverb,wieder,A1,ONE MORE TIME,
again and again,phrase,immer wieder,B1,,
against,preposition,gegen,A2,COMPETING,
against,preposition,gegen,B1,OPPOSITE DIRECTION,
against,preposition,gegen,A2,TOUCHING,describing things
against,preposition,gegen,B2,NOT AGREE,communication
against all (the) odds,phrase,allen Widrigkeiten zum Trotz,C2,,
"against sb's advice/wishes, etc.",phrase,gegen Ratschläge/Wünsche usw.,C2,,
against the law,phrase,gegen das Gesetz,B2,,crime
a gap in the market,phrase,eine Marktlücke,C2,,
age,noun,Alter,A1,HOW OLD,
age,noun,Alter,B1,PERIOD,
age,noun,Alter,C2,OLD,
aged,adjective,gealtert,A2,,people: appearance
agency,noun,Agentur,B1,BUSINESS,work
agency,noun,Agentur,C1,ORGANIZATION,
agenda,noun,Agenda,C2,IMPORTANT SUBJECTS,
agenda,noun,Agenda,C1,MEETING,
agent,noun,Agent,B2,BUSINESS,"shopping, work"
agent,noun,Agent,B2,SECRET INFORMATION,work
ages,noun,Alter,B1,,
aggression,noun,Aggression,C1,,
aggressive,adjective,aggressiv,C1,DETERMINED,
aggressive,adjective,aggressiv,B2,VIOLENT,people: personality
aggressively,adverb,aggressiv,B2,,people: personality
ago,adverb,vor,A2,,
"a good 20 minutes/30 miles, etc.",phrase,gute 20 Minuten/30 Meilen usw.,C2,,
a good deal,phrase,ein gutes Geschäft,C1,,describing things
"a good/easy, etc. read",phrase,eine gute/einfache usw. Lektüre,C2,,
a good/great deal,phrase,ein gutes/tolles Angebot,B2,,describing things
a great deal,phrase,viel,B2,,describing things
agree,verb,zustimmen,A2,SAME OPINION,communication
agree,verb,zustimmen,B1,DECIDE,
agree,verb,zustimmen,B2,SAY YES,
agree,verb,zustimmen,C1,BE THE SAME,
agreement,noun,Vereinbarung,B2,DECISION,communication
agreement,noun,Vereinbarung,B2,SAME OPINION,communication
agree with sth,phrasal verb,stimme zu,B2,,
agriculture,noun,Landwirtschaft,B2,,
a hand,phrase,eine Hand,B1,,
a handful of,phrase,eine Handvoll,B2,,describing things
"a handsome profit/sum, etc.",phrase,ein stattlicher Gewinn/Summe usw.,C2,,
ahead,adverb,voraus,B1,FUTURE,
ahead,adverb,voraus,B1,IN FRONT,
ahead,adverb,voraus,B2,MORE POINTS,
ahead,adjective,voraus,C2,MORE PROGRESS,
ahead of time/schedule,phrase,vor der Zeit/dem Zeitplan,C1,,
a hint of sth,phrase,ein Hinweis auf,C2,,
a history of sth,phrase,eine Geschichte von,C1,,body and health
a hold on/over sth/sb,phrase,jdn. festhalten,C2,,
a horror film/movie/story,phrase,ein Horrorfilm/Film/eine Horrorgeschichte,B1,,arts and media
a host of sth,phrase,eine Menge,C1,,
a hot issue/topic,phrase,ein heißes Thema/Thema,C1,,
aid,noun,Hilfe,C1,HELP,
aid,noun,Hilfe,C1,EQUIPMENT,
aid,verb,Hilfe,C1,,
aim,noun,Ziel,B1,,
aim to do sth,phrase,Ziel ist es zu tun,B1,,
air,noun,Luft,A2,AIRCRAFT,travel
air,noun,Luft,A2,GAS,natural world
air,noun,Luft,C2,QUALITY,
air conditioning,noun,Klimaanlage,B1,,buildings
aircraft,noun,Flugzeug,B2,,travel
air force,noun,Luftwaffe,B1,,
airline,noun,Fluggesellschaft,B1,,"travel, work"
airport,noun,Flughafen,A2,,travel
a labour of love,phrase,eine Arbeit der Liebe,C2,IDIOM,
alarm,noun,Alarm,B1,WARNING,communication
alarm,noun,Alarm,B1,WAKING,
alarm,noun,Alarm,C2,WORRY,
alarm,verb,Alarm,C1,,
alarm clock,noun,Wecker,A2,,
alarming,adjective,alarmierend,C1,,
a last resort,phrase,,C2,,
albeit,conjunction,obwohl,C2,,
album,noun,Album,A2,MUSIC,arts and media
album,noun,Album,A2,BOOK,
alcohol,noun,Alkohol,A2,,food and drink
alcoholic,adjective,Alkoholiker,B1,DRINK,food and drink
alcoholic,adjective,Alkoholiker,C2,PERSON,people: personality
alcoholic,noun,Alkoholiker,C2,,
alert,adjective,Alarm,C1,,people: personality
alert,verb,Alarm,C2,,
alert,noun,Alarm,C1,,
alike,adjective,gleich,B1,,
alike,adverb,gleich,B2,SIMILAR,
alike,adverb,gleich,B2,BOTH,
a little,phrase,ein wenig,B2,,describing things
a little bit,phrase,ein bisschen,A2,,describing things
a little sth,phrase,ein wenig,B1,,describing things
alive,adjective,lebendig,B1,LIVING,body and health
alive,adjective,lebendig,C2,CONTINUING,
alive,adjective,lebendig,C2,PLACE,
all,determiner,alle,A1,EVERY ONE,communication
all,determiner,alle,A1,WHOLE TIME,
all,determiner,alle,A2,WHOLE AMOUNT,
all,determiner,alle,B1,ONLY THING,
all,adverb,alle,A2,COMPLETELY,
all along,phrase,die ganze Zeit,B2,,
all at once,phrase,auf einmal,C1,,
all but,phrase,alles andere als,C2,,
all day long,phrase,den ganzen Tag,B1,,
allegation,noun,Behauptung,C1,,communication
allege,verb,behaupten,C2,,communication
alleged,adjective,angeblich,C1,,
allegedly,adverb,angeblich,C2,,
all hours,phrase,alle Stunden,C1,,
alliance,noun,Allianz,C2,,
allied,adjective,verbündet,C2,,
all in all,phrase,insgesamt,B2,,communication
(all) in one,phrase,(alles) in einem,C2,,
all is well,phrase,alles ist gut,B1,,
all/just the same,phrase,alle/genauso,C1,,communication
all kinds of sth,phrase,alle möglichen,A2,,
allocate,verb,zuordnen,C1,,
allocation,noun,Zuweisung,C2,SHARE,
allocation,noun,Zuweisung,C2,PROCESS,
all of a sudden,phrase,plötzlich,B2,,
(all) on your own,phrase,(alles) alleine,B1,,
all over again,phrase,alles noch einmal,B2,,
all over somewhere,phrase,überall irgendwo,A2,,
all over somewhere,phrase,überall irgendwo,B1,,
all over the place,phrase,überall,B2,,
allow,verb,erlauben,B1,GIVE PERMISSION,
allow,verb,erlauben,C1,TIME/MONEY,
allow,verb,erlauben,C1,MAKE POSSIBLE,
allow,verb,erlauben,C2,NOT PREVENT,
allowance,noun,Zuschuss,C1,MONEY,money
all right,adjective,in Ordnung,A1,WITHOUT PROBLEMS,
all right,adjective,in Ordnung,A2,WELL,body and health
all right,adjective,in Ordnung,A2,PERMISSION,
all right,adjective,in Ordnung,B1,GOOD ENOUGH,
all right,exclamation,in Ordnung,A1,,communication
all shapes and sizes,phrase,alle Formen und Größen,C2,,describing things
all sorts of sth,phrase,allerlei,A2,,
all the best,phrase,alles Gute,A2,,communication
"all the better/easier/more exciting, etc.",phrase,umso besser/einfacher/spannender usw.,C2,,
all the time,phrase,die ganze Zeit,A2,,
all the way,phrase,den ganzen Weg,B2,,
all things considered,phrase,Alles in allem,C1,,communication
(all) to myself,phrase,(alle) für mich,C1,,
ally,noun,Verbündete,C1,PERSON,
ally,noun,Verbündete,C2,COUNTRY,
almost,adverb,fast,A2,,
a load/loads,phrase,eine Ladung/Ladungen,B1,,describing things
alone,adjective,allein,A2,WITHOUT PEOPLE,
alone,adjective,allein,C2,ONLY ONE,
along,preposition,entlang,A2,DIRECTION,
along,preposition,entlang,B1,NEXT TO,describing things
along,preposition,entlang,B2,PARTICULAR PLACE,
along,adverb,entlang,B1,FORWARD,
along,adverb,entlang,B1,WITH YOU,
alongside,adverb,neben,C1,NEXT TO,describing things
alongside,adverb,neben,C1,WITH,
along the lines of sth,phrase,nach dem Vorbild von,C2,,
along with sb/sth,phrase,zusammen mit etw,B2,,
a lot,phrase,eine Menge,A1,,describing things
a lot/lots,phrase,,A1,,describing things
aloud,adverb,laut,B1,,
alphabet,noun,Alphabet,B1,,communication
alphabetical,adjective,alphabetisch,B2,,communication
already,adverb,bereits,B1,EARLY,
already,adverb,bereits,A2,BEFORE NOW,
alright,adjective,In Ordnung,A2,WELL,body and health
alright,adjective,In Ordnung,A2,WITHOUT PROBLEMS,
alright,adjective,In Ordnung,A2,PERMISSION,
alright,adjective,In Ordnung,B1,GOOD ENOUGH,
alright,exclamation,In Ordnung,A1,,communication
also,adverb,Auch,A1,,
alter,verb,ändern,B2,,
alteration,noun,Änderung,C1,,
alternate,verb,wechseln,C1,,
"alternate days/weeks/years, etc.",phrase,abwechselnde Tage/Wochen/Jahre usw.,C1,,
alternative,noun,Alternative,B2,,
alternative,adjective,Alternative,B2,NOT USUAL,
alternative,adjective,Alternative,B2,DIFFERENT PLAN,
alternatively,adverb,alternativ,B2,,communication
although,conjunction,Obwohl,B1,BUT,communication
although,conjunction,Obwohl,B1,DESPITE,communication
altogether,adverb,insgesamt,B1,TOTAL,
altogether,adverb,insgesamt,B2,COMPLETELY,
altogether,adverb,insgesamt,B2,GENERALLY,
aluminium,noun,Aluminium,B2,,natural world
always,adverb,stets,A1,EVERY TIME,
always,adverb,stets,A2,UNTIL NOW,
always,adverb,stets,B2,MANY TIMES,
always,adverb,stets,A2,FOREVER,
a.m.,adverb,Bin.,A1,,
a mark of sth,phrase,ein Zeichen von,C2,,
a mass of sth,phrase,eine Masse von,B2,,describing things
amateur,adjective,Amateur,C1,,
amateur,noun,Amateur,C1,HOBBY,
amateur,noun,Amateur,C1,NO SKILL,
"a matter of confidence/luck/waiting, etc.",phrase,eine Frage des Vertrauens/Glücks/Wartens usw.,C2,,
a matter of course,phrase,eine Selbstverständlichkeit,C1,,
a matter of days/weeks/feet etc.,phrase,eine Frage von Tagen/Wochen/Fuß usw.,C2,,
a matter of life and/or death,phrase,eine Frage von Leben und/oder Tod,C2,,
amazed,adjective,erstaunt,B1,,people: personality
amazement,noun,Staunen,B2,,people: personality
amazing,adjective,toll,A2,GOOD,describing things
amazing,adjective,toll,B1,SURPRISING,people: personality
amazingly,adverb,erstaunlich,B1,,people: personality
ambassador,noun,Botschafter,B2,,"politics, work"
ambiguity,noun,Mehrdeutigkeit,C2,,
ambiguous,adjective,mehrdeutig,C2,,
ambition,noun,Ehrgeiz,B1,HOPE,
ambition,noun,Ehrgeiz,B2,STRONG FEELING,people: personality
ambitious,adjective,ehrgeizig,B2,PERSON,people: personality
ambitious,adjective,ehrgeizig,B2,PLAN,
ambulance,noun,Krankenwagen,A2,,"body and health, travel"
a means to an end,phrase,ein Mittel zum Zweck,C2,,
a measure of sth,phrase,ein Maß für,C2,,
amend,verb,ändern,C2,,
amendment,noun,Änderung,C1,,
"American/Italian, etc. by birth",phrase,Amerikaner/Italiener usw. von Geburt an,B2,,
amid,preposition,inmitten,C1,WHILE,
amid,preposition,inmitten,C2,AMONG,
among,preposition,unter,A2,IN A GROUP,
among,preposition,unter,B1,IN THE MIDDLE,describing things
among,preposition,unter,C1,DIVIDE,
among other things,phrase,unter anderem,B2,,communication
amongst,preposition,unter,B2,,
"among the best/worst/biggest, etc.",phrase,,B2,,
amount,noun,Menge,B1,,describing things
ample,adjective,reichlich,C1,,
amuse,verb,amüsieren,B2,MAKE LAUGH,communication
amuse,verb,amüsieren,B2,KEEP INTERESTED,
amused,adjective,amüsiert,B2,FUNNY,people: personality
amusement,noun,Amüsement,B2,FEELING,people: personality
amusement,noun,Amüsement,B2,ENTERTAINMENT,
amusing,adjective,amüsant,B1,,describing things
an,determiner,ein,A1,,
analogous,adjective,analog,C2,,
analogy,noun,Analogie,C2,,
analyse,verb,analysieren,B2,,people: actions
analysis,noun,Analyse,B2,,
analyst,noun,Analytiker,B2,,work
analytical,adjective,analytisch,C1,,
an appetite for something,phrase,Appetit auf etwas,C2,,
"an army/prison/refugee, etc. camp",phrase,ein Armee-/Gefängnis-/Flüchtlingslager usw,B2,,buildings
a narrow escape,phrase,eine knappe Flucht,C2,,
"an aspiring actor/politician/writer, etc.",phrase,ein aufstrebender Schauspieler/Politiker/Autor usw.,C2,,
an authority on sth,phrase,eine Autorität auf,C2,,
an awful lot (of sth),phrase,eine Menge (von),B2,,describing things
ancestor,noun,Vorfahr,B2,,relationships
anchor,noun,Anker,C2,BOAT,
anchor,noun,Anker,C2,SUPPORT,
anchor,verb,Anker,C2,BOAT,
anchor,verb,Anker,C2,FASTEN,
ancient,adjective,uralt,B1,,describing things
and,conjunction,Und,A1,ALSO,communication
and,conjunction,Und,A1,AFTER,communication
and,conjunction,Und,A1,NUMBERS,
and,conjunction,Und,A2,AFTER VERB,communication
and,conjunction,Und,B1,EMPHASIZE,communication
and all that,phrase,und das alles,B1,,
and so on,phrase,und so weiter,A2,,describing things
and so on,phrase,und so weiter,A2,,communication
an educated guess,phrase,eine fundierte Vermutung,C2,,
an element of sth,phrase,ein Element von,C2,,
a nest egg,phrase,ein Notgroschen,C2,IDIOM,
angel,noun,Engel,B1,,
anger,noun,Wut,B2,,people: personality
angle,noun,Winkel,C1,SPACE,describing things
angle,noun,Winkel,C1,DIRECTION,
angle,noun,Winkel,C1,WAY OF THINKING,
angrily,adverb,wütend,B1,,people: personality
angry,adjective,wütend,A2,,people: personality
animal,noun,Tier,A1,NOT A HUMAN,animals
animal,noun,Tier,B2,NOT A PLANT,
animated,adjective,animiert,B1,FILM,arts and media
animated,adjective,animiert,C2,EXCITEMENT,people: personality
animation,noun,Animation,B1,,arts and media
an intimate knowledge/understanding of sth,phrase,ein intimes Wissen/Verständnis von,C2,,
an invasion of privacy,phrase,eine Verletzung der Privatsphäre,C2,,
"an isolated case/event/example, etc.",phrase,ein Einzelfall/Ereignis/Beispiel usw.,C2,,
ankle,noun,Knöchel,B1,,body and health
anniversary,noun,Jubiläum,B1,,relationships
announce,verb,anmelden,B1,,communication
announcement,noun,Bekanntmachung,B1,,"arts and media, communication"
annoy,verb,belästigen,B1,,people: personality
annoyance,noun,Ärger,C1,,
annoyed,adjective,verärgert,B1,,people: personality
annoying,adjective,nervig,B1,,people: personality
annual,adjective,jährlich,B1,,
annually,adverb,jährlich,B2,,
anonymous,adjective,anonym,C2,,
another,determiner,ein anderer,A2,ADDITIONAL,describing things
another,determiner,ein anderer,A2,DIFFERENT,
answer,noun,Antwort,A2,TEST,
answer,noun,Antwort,A1,REACTION,communication
answer,noun,Antwort,A2,DOOR/TELEPHONE,communication
answer,noun,Antwort,B1,SOLUTION,
answer,verb,Antwort,B1,TEST,
answer,verb,Antwort,A1,REACT,communication
answer,verb,Antwort,A2,DOOR/PHONE,communication
ant,noun,Ameise,B1,,animals
antibiotic,noun,Antibiotikum,C2,,body and health
anticipate,verb,antizipieren,C1,,
anticipation,noun,Vorwegnahme,C2,WAITING,
antique,noun,Antiquität,B1,,
antique,adjective,Antiquität,B1,,describing things
anti-social,adjective,asozial,C1,BEHAVIOUR,
anti-social,adjective,asozial,C1,PERSON,people: personality
a number of sth,phrase,eine Anzahl von,B2,,
an unknown quantity,phrase,eine unbekannte Größe,C2,IDIOM,
an uphill battle/struggle/task,phrase,ein harter Kampf/Kampf/Aufgabe,C2,,
anxiety,noun,Angst,B2,,people: personality
anxious,adjective,ängstlich,B1,WORRIED,people: personality
anxious,adjective,ängstlich,B2,EAGER,people: personality
anxiously,adverb,besorgt,B2,,people: personality
any,determiner,beliebig,A1,NOT IMPORTANT WHICH,describing things
any,determiner,beliebig,A1,SOME,describing things
any,adverb,beliebig,B1,,
anybody,pronoun,jemand,A2,IN QUESTIONS/NEGATIVES,
anybody,pronoun,jemand,B1,ANY PERSON,
"any day/minute/time, etc. now",phrase,jeden Tag/Minute/Uhrzeit usw. jetzt,B2,,
anyhow,adverb,jedenfalls,B2,DESPITE,communication
anyhow,adverb,jedenfalls,B2,EARLIER SUBJECT,communication
anyhow,adverb,jedenfalls,B2,MORE IMPORTANTLY,communication
anyhow,adverb,jedenfalls,C1,CHANGING STATEMENT,communication
anymore,adverb,mehr,A2,,
any more,phrase,mehr,A2,,
anyone,pronoun,irgendjemand,A2,IN QUESTIONS/NEGATIVES,
anyone,pronoun,irgendjemand,B1,ANY PERSON,
anything,pronoun,irgendetwas,A1,IN QUESTIONS/NEGATIVES,
anything,pronoun,irgendetwas,A1,NO MATTER WHICH,
"anything/as/what/whatever, etc. you please",phrase,"irgendetwas/wie/was/was auch immer usw., was Ihnen gefällt",C2,,
anything like,phrase,so etwas wie,B2,,
anyway,adverb,Trotzdem,A2,DESPITE,communication
anyway,adverb,Trotzdem,A2,CHANGE SUBJECT,communication
anyway,adverb,Trotzdem,B1,MORE IMPORTANTLY,communication
anywhere,adverb,überall,A2,IN QUESTIONS/NEGATIVES,
anywhere,adverb,überall,A2,ANY PLACE,describing things
anywhere near sth,phrase,irgendwo in der Nähe,C1,,
a/one hell of a,phrase,ein/eine verdammt gute,C2,,
apart,adverb,auseinander,B1,SEPARATE,describing things
apart,adverb,auseinander,B2,RELATIONSHIP,
apart,adverb,auseinander,B2,INTO PIECES,
apart from,phrase,"außer, abgesondert, ausgenommen",B1,,communication
apartment,noun,Wohnung,A2,,buildings
a passion for sth,phrase,eine Leidenschaft für,C1,,
a passport to sth,phrase,ein Reisepass für,C2,,
a pile of/ piles of sth,phrase,ein Haufen/Haufen von,B2,,describing things
a pity,phrase,Schade,A2,,communication
a plethora of sth,phrase,eine Fülle von,C2,,
apologetic,adjective,entschuldigend,C2,,people: personality
apologise,verb,sich entschuldigen,B1,,communication
apology,noun,Entschuldigung,B1,,communication
apostrophe,noun,Apostroph,B2,,communication
appalling,adjective,entsetzlich,C1,BAD,describing things
appalling,adjective,entsetzlich,C2,SHOCKING,describing things
apparent,adjective,ersichtlich,B2,OBVIOUS,
apparent,adjective,ersichtlich,C1,SEEMS TRUE,
apparently,adverb,scheinbar,B2,AS HEARD/READ,communication
apparently,adverb,scheinbar,B2,SEEMS TRUE,communication
appeal,noun,appellieren,B2,QUALITY,people: personality
appeal,noun,appellieren,C1,REQUEST,communication
appeal,verb,appellieren,B2,ATTRACT,people: personality
appeal,verb,appellieren,C1,REQUEST,communication
appeal,verb,appellieren,C2,FORMALLY ASK,
appear,verb,erscheinen,B1,BE SEEN,
appear,verb,erscheinen,B1,SEEM,
appear,verb,erscheinen,B2,BECOME AVAILABLE,shopping
appearance,noun,Aussehen,B1,WAY YOU LOOK,people: appearance
appearance,noun,Aussehen,B2,IN PUBLIC,arts and media
appearance,noun,Aussehen,B2,BECOMING AVAILABLE,shopping
"appear in/at/on, etc.",phrase,erscheinen in/am/am usw.,B1,,arts and media
appetite,noun,Appetit,C1,FOOD,food and drink
applaud,verb,applaudieren,C1,CLAP,
applaud,verb,applaudieren,C2,PRAISE,
applause,noun,Beifall,C1,,
apple,noun,Apfel,A1,,food and drink
appliance,noun,Gerät,C1,,
application,noun,Anwendung,B1,REQUEST,"communication, work"
application,noun,Anwendung,B2,COMPUTER SOFTWARE,technology
application,noun,Anwendung,C2,USE,
apply,verb,anwenden,B2,AFFECT,
apply,verb,anwenden,B1,REQUEST,"communication, work"
apply,verb,anwenden,C1,USE,
apply yourself,phrase,Bewerben Sie sich,C2,,
appoint,verb,ernennen,C1,,work
appointment,noun,Termin,A2,,"body and health, communication, work"
appointment,noun,Termin,C2,JOB,work
appreciate,verb,anerkennen,B2,VALUE,people: personality
appreciate,verb,anerkennen,C2,UNDERSTAND,
appreciation,noun,Anerkennung,B2,,people: personality
approach,verb,Ansatz,B1,COME CLOSE,people: actions
approach,verb,Ansatz,B2,DEAL WITH,
approach,noun,Ansatz,B2,COMING CLOSER,travel
approach,noun,Ansatz,B2,METHOD,
appropriate,adjective,geeignet,B2,,describing things
appropriately,adverb,angemessen,B2,,
approval,noun,Genehmigung,B2,GOOD OPINION,"communication, people: personality"
approval,noun,Genehmigung,B2,PERMISSION,communication
approve,verb,genehmigen,B1,AGREE,communication
approve,verb,genehmigen,B2,GOOD OPINION,people: personality
approximate,adjective,ungefähr,B2,,describing things
approximately,adverb,etwa,B1,,describing things
April,noun,April,A1,,
"a profound effect/impact/influence, etc.",phrase,eine tiefgreifende Wirkung/Auswirkung/Einfluss usw.,C2,,
"a public announcement/appearance/statement, etc.",phrase,eine öffentliche Ankündigung/Auftritt/Erklärung usw.,C2,,
"a quick/slow/good, etc. worker",phrase,ein schneller/langsamer/guter usw. Arbeiter,B1,,work
"a ray of comfort/hope, etc.",phrase,ein Strahl des Trostes/der Hoffnung usw.,C2,,people: personality
arbitrary,adjective,willkürlich,C2,,
arch,noun,Bogen,C2,,
arch,verb,Bogen,C2,,
archaeologist,noun,Archäologe,C1,,work
archaeology,noun,Archäologie,C1,,
architect,noun,Architekt,B1,,work
architecture,noun,Architektur,B1,STYLE,buildings
architecture,noun,Architektur,B1,SUBJECT,work
area,noun,Bereich,A2,REGION,natural world
area,noun,Bereich,B1,PART,buildings
area,noun,Bereich,B2,SUBJECT,
a reflection of sth,phrase,ein Spiegelbild von,C1,,
argue,verb,argumentieren,B1,DISAGREE,communication
argue,verb,argumentieren,B2,GIVE REASONS,communication
argument,noun,Argument,B1,DISAGREEMENT,communication
argument,noun,Argument,B2,REASON,communication
arid,adjective,trocken,C2,,natural world
a riot of sth,phrase,,C2,,
arise,verb,entstehen,C1,,
arm,noun,Arm,A1,BODY,body and health
arm,noun,Arm,C2,CHAIR,
armchair,noun,Sessel,A2,,buildings
armed,adjective,bewaffnet,B2,WEAPONS,
armed with sth,phrase,bewaffnet mit,C2,,
arm in arm,phrase,Arm in Arm,C2,,
army,noun,Armee,C2,ORGANIZED GROUP,
a roof over your head,phrase,ein Dach über dem Kopf,C2,,
a rough/bumpy ride,phrase,eine raue/holprige Fahrt,C2,IDIOM,
around,preposition,um,A2,IN A CIRCLE/CIRCULAR MOVEMENT,describing things
around,preposition,um,A2,TO OR IN A PLACE,describing things
around,adverb,um,A2,TO/IN A PLACE,describing things
around,preposition,um,A2,APPROXIMATELY,describing things
around,adverb,um,B1,IN A CIRCLE/CIRCULAR MOVEMENT,describing things
around,adverb,um,B1,OPPOSITE DIRECTION,
around,adverb,um,C2,EXISTING,
around/round the clock,phrase,rund um die Uhr,C1,IDIOM,
around/round the corner,phrase,um/um die Ecke,C2,,
arouse,verb,erregen,C2,,
arrange,verb,arrangieren,B1,PLAN,people: actions
arrange,verb,arrangieren,B2,PUT IN POSITION,people: actions
arrangement,noun,Anordnung,B1,PLANS,people: actions
arrangement,noun,Anordnung,B2,AGREEMENT,communication
arrangement,noun,Anordnung,B2,POSITION,
arrest,verb,verhaften,B1,,crime
arrest,noun,verhaften,B2,,crime
arrival,noun,Ankunft,B1,,"people: actions, travel"
arrival,noun,Ankunft,C1,NEW PERSON/THING,
arrival,noun,Ankunft,C2,BECOME AVAILABLE,
arrive,verb,ankommen,A2,REACH A PLACE,"people: actions, travel"
"arrive at an answer/conclusion/decision, etc.",phrase,zu einer Antwort/Schlussfolgerung/Entscheidung usw. gelangen.,C2,,
arrogant,adjective,arrogant,B2,,people: personality
arrow,noun,Pfeil,B2,SYMBOL,communication
arrow,noun,Pfeil,B2,WEAPON,shopping
art,noun,Kunst,A2,"PAINTINGS/DRAWINGS, ETC.",arts and media
art,noun,Kunst,C1,SKILL,
article,noun,Artikel,B1,NEWSPAPER,arts and media
article,noun,Artikel,B1,GRAMMAR,
artificial,adjective,künstlich,B2,NOT NATURAL,describing things
artificial,adjective,künstlich,C2,NOT SINCERE,people: personality
artificial intelligence,noun,künstliche Intelligenz,C2,,
artificially,adverb,künstlich,B2,,
artist,noun,Künstler,A2,,"arts and media, work"
artistic,adjective,künstlerisch,B2,CREATIVE ABILITY,"arts and media, people: personality"
artistic,adjective,künstlerisch,B2,RELATING TO ART,arts and media
"artistically/technically, etc. inclined",phrase,künstlerisch/technisch etc. veranlagt,C2,,people: personality
arts,phrase,Künste,B2,,arts and media
arts,phrase,Künste,C1,,education
a rule of thumb,phrase,eine Faustregel,C1,IDIOM,
a run of sth,phrase,ein Lauf von,C2,,
as,adverb,als,A1,JOB,work
as,adverb,als,A2,USE,
as,adverb,als,B1,BEING OR APPEARING,
as,conjunction,als,A2,BECAUSE,communication
as,conjunction,als,B1,LIKE,
as,conjunction,als,B1,WHILE,
as a consequence,phrase,als Konsequenz,C1,,
a safe bet,phrase,eine sichere Sache,C2,,
a safe place; somewhere safe,phrase,ein sicherer Ort; irgendwo sicher,C1,,
a sales/shop assistant,phrase,ein Verkäufer/Verkäufer,A2,,"shopping, work"
as a matter of fact,phrase,in der Tat,B2,,communication
as a result of sth,phrase,als Ergebnis,B2,,
as ... as,phrase,als ... als,A2,,
as a whole,phrase,als Ganzes,B2,,
as a whole,phrase,als Ganzes,B2,,describing things
a/sb's way of life,phrase,a/sbs Lebensstil,B1,,
a sense of humour,phrase,ein Sinn für Humor,B1,,people: personality
as far as I know,phrase,soweit ich weiß,B2,,communication
as far as sb is concerned,phrase,soweit es geht,B2,,
as far as sb is concerned,phrase,soweit es geht,B2,,communication
as far as sth is concerned,phrase,soweit es geht,B2,,
as far as sth is concerned,phrase,soweit es geht,B2,,communication
as follows,phrase,wie folgt,B2,,communication
as for,phrase,was,B2,,communication
a shade,phrase,ein Schatten,C1,,
a shame,phrase,Schade,A2,,people: personality
ashamed,adjective,beschämt,B1,EMBARRASSED,people: personality
"a sharp bend/turn, etc.",phrase,eine scharfe Kurve/Kurve usw.,C2,,
"a sharp contrast/difference, etc.",phrase,ein scharfer Kontrast/Unterschied usw.,C2,,
a sharp pain,phrase,ein stechender Schmerz,C2,,body and health
"a sharp rise/increase/drop, etc.",phrase,ein starker Anstieg/Anstieg/Abfall usw.,B2,,
"a sheet of paper/glass, etc.",phrase,ein Blatt Papier/Glas usw.,A2,,
"a short/ten-minute, etc. walk",phrase,ein kurzer/zehnminütiger usw. Spaziergang,B2,,
a shoulder to cry on,phrase,eine Schulter zum Ausweinen,C2,IDIOM,
aside,adverb,beiseite,B2,SAVE,
aside,adverb,beiseite,B2,MOVE TO SIDE,
aside from sth,phrase,neben,B2,,communication
as if,phrase,als ob,B2,,
as if/as though,phrase,als ob/als ob,B2,,
as it happens,phrase,wie es passiert,C1,,
as it stands,phrase,wie es aussieht,C2,,
ask,verb,fragen,A1,QUESTION,communication
ask,verb,fragen,B1,REQUEST,communication
ask,verb,fragen,A2,INVITE,communication
ask,verb,fragen,B1,WANT SOMETHING,communication
ask,verb,fragen,B1,WANT PERMISSION,communication
a skeleton crew/staff/service,phrase,eine Skelettbesatzung/Personal/Dienstleistung,C1,,work
ask yourself sth,phrase,frag dich,C2,,
a slap in the face,phrase,ein Schlag ins Gesicht,C2,IDIOM,
asleep,adjective,schlafend,B1,,body and health
a sleepless night,phrase,eine schlaflose Nacht,C1,,
as long as,phrase,solange,B1,,communication
as many as,phrase,so viele wie,C1,,
"as much/quickly/soon, etc. as possible",phrase,so viel/schnell/bald usw. wie möglich,A2,,
a/some degree of sth,phrase,ein/ein gewisses Maß an,C2,,
as opposed to,phrase,im Gegensatz zu,C2,,
a sore point,phrase,ein wunder Punkt,C2,IDIOM,
a sound/special/visual effect,phrase,ein Ton-/Spezial-/visueller Effekt,B1,,
aspect,noun,Aspekt,B2,,
aspiration,noun,Aspiration,C2,,
aspire to sth; aspire to do sth,phrase,"anstreben; danach streben, es zu tun",C2,,
aspirin,noun,Aspirin,B1,,body and health
as regards sth,phrase,in Bezug auf,B2,,
assault,noun,Angriff,C2,,
assault,verb,Angriff,C2,,
assemble,verb,montieren,C2,GROUP,
assemble,verb,montieren,C2,BUILD,
assembly,noun,Montage,C2,GROUP,
assembly,noun,Montage,C2,BUILD,
assert,verb,behaupten,C1,,communication
assertive,adjective,durchsetzungsfähig,C2,,people: personality
"assert your authority/control/independence, etc.",phrase,Behaupten Sie Ihre Autorität/Kontrolle/Unabhängigkeit usw.,C2,,
assert yourself,phrase,behaupten Sie sich,C2,,people: personality
assess,verb,bewerten,B2,,people: actions
assessment,noun,Bewertung,B2,,people: actions
asset,noun,Vermögenswert,C1,USEFUL,
asset,noun,Vermögenswert,C1,WORTH MONEY,money
assign,verb,zuordnen,C1,,
assignment,noun,Abtretung,C1,,
assign sb to sth,phrasal verb,zuordnen,C2,,
assist,verb,helfen,B2,,people: actions
assistance,noun,Hilfe,B2,,people: actions
assistant,noun,Assistent,B1,LESS IMPORTANT JOB,work
associate,verb,assoziieren,C1,TWO THINGS/PEOPLE,
associate with sb,phrasal verb,assoziieren mit,C2,,relationships
association,noun,Verein,B2,,
association,noun,Verein,C2,CONNECTION,
as/so long as,phrase,solange/solange,B1,,communication
as soon as,phrase,sobald,B1,,
as soon as possible,phrase,so schnell wie möglich,A2,,
assume,verb,annehmen,B2,,communication
"assume control/power/responsibility, etc.",phrase,Kontrolle/Macht/Verantwortung usw. übernehmen,C2,,
assumption,noun,Annahme,C1,,
assurance,noun,Sicherheit,C1,PROMISE,communication
assurance,noun,Sicherheit,C2,CONFIDENCE,people: personality
assure,verb,versichern,B2,SAY WITH CERTAINTY,communication
assure,verb,versichern,C1,MAKE CERTAIN,
as the/its name implies,phrase,wie der/sein Name schon sagt,C2,,
as though,phrase,als ob,B2,,
a stone's throw,phrase,einen Steinwurf entfernt,C2,IDIOM,
astonished,adjective,erstaunt,B2,,people: personality
astonishing,adjective,erstaunlich,B2,,people: personality
astonishment,noun,Erstaunen,B2,,people: personality
a stream of sth,phrase,ein Strom von,B2,,
a string of sth,phrase,eine Reihe von,C2,,
a stroke of luck,phrase,ein Glücksfall,C2,,
a stroll/trip/walk down memory lane,phrase,ein Spaziergang/ein Ausflug/ein Spaziergang in die Vergangenheit,C2,IDIOM,
"a strong chance/possibility, etc.",phrase,eine starke Chance/Möglichkeit usw.,C2,,
astronomy,noun,Astronomie,C2,,natural world
a suggestion of/that sth,phrase,ein Vorschlag davon,C2,,
a sure thing,phrase,eine sichere Sache,C1,,
as usual,phrase,wie gewöhnlich,A2,,
as well,phrase,sowie,A1,,communication
as well,phrase,sowie,A1,,
as well as,phrase,sowie,A2,,
as yet,phrase,bis jetzt,C1,,
as you know,phrase,wie du weißt,B1,,
at,preposition,bei,A1,PLACE,describing things
at,preposition,bei,A1,TIME,
at,preposition,bei,A1,DIRECTION,
at,preposition,bei,A1,EMAIL ADDRESS,"communication, technology"
at,preposition,bei,A2,CAUSE,communication
at,preposition,bei,B1,ABILITY,
at,preposition,bei,B2,AMOUNT,describing things
at a disadvantage,phrase,im Nachteil,C2,,
at a glance,phrase,auf einen Blick,C1,,
at all,phrase,überhaupt,B1,,
at all costs,phrase,um jeden Preis,B2,,
at a loss,phrase,ratlos,C2,,
at a loss for words,phrase,mir fehlen die Worte,C2,,
at an angle,phrase,schräg,C1,,
(at) any minute; any minute now,phrase,(zu) jeder Minute; Jeden Augenblick,B2,,
at any price,phrase,um jeden Preis,C2,IDIOM,
at any rate,phrase,jedenfalls,C2,,communication
a taste for sth,phrase,eine Vorliebe für,C2,,
at best,phrase,bestenfalls,C2,,
at/by your side,phrase,an/an deiner Seite,C2,,
at ease,phrase,entspannt,B2,,people: personality
at face value,phrase,zum Nennwert,C1,IDIOM,
at fault,phrase,schuld,B2,,
at first,phrase,anfangs,B1,,
at first sight,phrase,auf den ersten Blick,B2,,
at/from the outset,phrase,von Anfang an,C2,,
at hand,phrase,zur Hand,C1,,
at heart,phrase,im Herzen,C2,,
a/the prime example,phrase,ein/das Paradebeispiel,C2,,
a thing,phrase,eine Sache,B1,,
a thirst for sth,phrase,ein Durst nach,C2,,
"at his/its, etc. best",phrase,von seiner besten Seite usw,B1,,
athlete,noun,Athlet,B1,,"shopping, work"
athletic,adjective,sportlich,B2,,"body and health, shopping"
athletics,noun,Leichtathletik,B1,,shopping
a tight corner,phrase,eine enge Ecke,C2,IDIOM,
at issue,phrase,in Frage,C2,,
at least,phrase,mindestens,A2,,describing things
at least,phrase,mindestens,B1,,communication
at least,phrase,mindestens,B1,,describing things
at least,phrase,mindestens,B2,,communication
at length,phrase,ausführlich,C2,,
at (long) last,phrase,endlich (lang) endlich,B1,,
atmosphere,noun,Atmosphäre,B1,FEELING,
atmosphere,noun,Atmosphäre,B2,AIR INSIDE,buildings
atom,noun,Atom,B2,,natural world
atomic,adjective,atomar,B2,,technology
at once,phrase,auf einmal,B1,,
at once,phrase,auf einmal,C1,,
at one time or another,phrase,zu der einen oder anderen Zeit,C2,,
a touch,phrase,eine Berührung,C2,,describing things
at present,phrase,derzeit,B1,,
at random,phrase,zufällig,C1,,
at risk,phrase,gefährdet,B2,,
at sb's disposal,phrase,zur Verfügung,B2,,
at sb's expense,phrase,auf eigene Kosten,C2,,
at short notice,phrase,kurzfristig,C1,,
attach,verb,befestigen,B1,CONNECT,people: actions
attach,verb,befestigen,B1,COMPUTING,technology
attach,verb,befestigen,C2,INCLUDE,
"attach importance/value, etc. to sb/sth",phrase,etw. Bedeutung/Wert usw. beimessen,C2,,
attachment,noun,Anhang,B2,EQUIPMENT,
attachment,noun,Anhang,C2,FEELING,
attachment,noun,Anhang,B2,COMPUTING,technology
attack,verb,Angriff,B1,TRY TO HURT,"crime, people: actions"
attack,verb,Angriff,C1,CRITICIZE,communication
attack,verb,Angriff,C2,DISEASE,body and health
attack,noun,Angriff,B1,,"crime, people: actions"
attack,noun,Angriff,C2,CRITICISM,communication
attack,noun,Angriff,B1,SPORT,shopping
attain,verb,erreichen,C1,,
attainable,adjective,erreichbar,C2,,
attempt,verb,versuchen,B1,,people: actions
attempt,noun,versuchen,B2,,people: actions
attend,verb,teilnehmen,B1,BE PRESENT,people: actions
"attend a church/college/school, etc.",phrase,eine Kirche/Hochschule/Schule usw. besuchen,B1,,"education, people: actions"
attendance,noun,Teilnahme,C1,NUMBER,
attendance,noun,Teilnahme,C1,REGULARLY,
attention,noun,Aufmerksamkeit,B1,NOTICE,
at the best of times,phrase,in den besten Zeiten,C2,,
at the earliest,phrase,frühestens,C2,,
at the expense of sth,phrase,auf Kosten von,C1,,
at the hands of sb,phrase,in den Händen von,C2,,
at the latest,phrase,spätestens,C2,,
at the moment,phrase,im Moment,A2,,
at the same time,phrase,gleichzeitig,B1,,
"at the tender age of 8/17/25, etc.",phrase,im zarten Alter von 8/17/25 usw.,C2,,
at the very least,phrase,Zumindest,C1,,describing things
at this rate,phrase,in diesem Tempo,C2,,communication
at times,phrase,manchmal,C1,,
attitude,noun,Attitüde,B1,,people: personality
attract,verb,anziehen,B1,ENCOURAGE INTEREST,people: personality
"attract attention/interest, etc.",phrase,Aufmerksamkeit/Interesse erregen usw.,B1,,
attract/get (sb's) attention,phrase,die Aufmerksamkeit von jemandem auf sich ziehen/gewinnen,B2,,
attraction,noun,Attraktion,B1,THING TO SEE OR DO,
attraction,noun,Attraktion,C2,FEELING,relationships
attractive,adjective,attraktiv,A2,BEAUTIFUL,people: appearance
attractive,adjective,attraktiv,B2,INTERESTING,
attribute,noun,Attribut,C2,,
attribute sth to sth,phrasal verb,Attribut zu,C2,,
at your convenience,phrase,nach Belieben,B2,,
at your fingertips,phrase,an Ihren Fingerspitzen,C2,IDIOM,
at your own risk,phrase,auf eigenes Risiko,C2,,
aubergine,noun,Aubergine,B2,,food and drink
auction,noun,Auktion,C1,,
audience,noun,Publikum,B1,GROUP,arts and media
audience,noun,Publikum,B2,TYPE,arts and media
audition,noun,Vorsprechen,C1,,
August,noun,August,A1,,
aunt,noun,Tante,A2,,relationships
authentic,adjective,authentisch,C1,,describing things
author,noun,Autor,B1,,"arts and media, work"
authority,noun,Behörde,B2,POWER,
authority,noun,Behörde,C1,OFFICIAL GROUP,
authorize,verb,autorisieren,C1,,
automatic,adjective,automatisch,B2,MACHINE,technology
automatic,adjective,automatisch,C2,PERSON,
automatic,adjective,automatisch,C2,CERTAIN,
automatically,adverb,automatisch,B2,MACHINE,technology
automatically,adverb,automatisch,B2,PERSON,
autumn,noun,Herbst,A2,,natural world
availability,noun,Verfügbarkeit,B2,,
available,adjective,verfügbar,A2,NOT BUSY,
available,adjective,verfügbar,A2,ABLE TO GET,shopping
a vain attempt/effort/hope,phrase,ein vergeblicher Versuch/eine vergebliche Anstrengung/Hoffnung,C2,,
a variety of sth/sb,phrase,eine Vielzahl von/jdn,A2,,
a vehicle for sth/doing sth,phrase,ein Fahrzeug für/tun,C2,,communication
avenue,noun,Avenue,C1,ROAD,
avenue,noun,Avenue,C2,POSSIBILITY,
average,adjective,Durchschnitt,B1,AMOUNT,describing things
average,adjective,Durchschnitt,B2,USUAL,describing things
average,adjective,Durchschnitt,C1,NOT EXCELLENT,describing things
average,noun,Durchschnitt,B1,AMOUNT,describing things
average,noun,Durchschnitt,B1,USUAL/TYPICAL,describing things
a vicious circle/cycle,phrase,ein Teufelskreis/Zyklus,C2,,
avoid,verb,vermeiden,B1,STAY AWAY FROM,people: actions
avoid,verb,vermeiden,B2,PREVENT,people: actions
avoid doing sth,phrase,Vermeiden Sie es,B2,,people: actions
awake,adjective,wach,B1,,body and health
award,verb,vergeben,B2,,money
award,noun,vergeben,B2,PRIZE,money
aware,adjective,bewusst,B2,,people: personality
awareness,noun,Bewusstsein,C1,,
"a wave of hatred/enthusiasm/sadness, etc.",phrase,eine Welle von Hass/Begeisterung/Traurigkeit usw.,C2,,
away,adverb,weg,A2,DISTANCE FROM,describing things
away,adverb,weg,A2,SOMEWHERE ELSE,
away,adverb,weg,B1,INTO PLACE,describing things
away,adverb,weg,C2,CONTINUOUS ACTION,
away,adverb,weg,B2,GRADUALLY,
away,adverb,weg,C1,SPORT,shopping
awe,noun,Ehrfurcht,C2,,
a wealth of sth,phrase,eine Fülle von,C2,,
"a week/six months/ten years, etc. from now",phrase,in einer Woche/sechs Monaten/zehn Jahren usw,B2,,
awesome,adjective,Eindrucksvoll,A2,GOOD,describing things
awesome,adjective,Eindrucksvoll,C2,SPECIAL,describing things
awful,adjective,schrecklich,B1,BAD,describing things
a while,phrase,eine Weile,B1,,
"a wide range/selection/variety, etc.",phrase,eine große Auswahl/Vielfalt usw.,B1,,describing things
"a wild accusation/guess/rumour, etc.",phrase,eine wilde Anschuldigung/Vermutung/Gerücht usw.,C2,,
awkward,adjective,unangenehm,B2,DIFFICULT,
awkward,adjective,unangenehm,C2,NOT ATTRACTIVE,people: appearance
a working knowledge of sth,phrase,ein praktisches Wissen über,B2,,
baby,noun,Baby,A1,CHILD,people: appearance
baby,noun,Baby,A2,ANIMAL,animals
babysit,verb,babysitten,B1,,people: actions
babysitter,noun,Babysitter,B1,,work
back,adverb,zurück,A1,RETURNING,describing things
back,adverb,zurück,A2,REPLY,communication
back,adverb,zurück,B1,BEHIND,
back,adverb,zurück,B2,EARLIER,
back,adverb,zurück,B2,STATE,
back,adverb,zurück,B2,AWAY FROM,
back,noun,zurück,A2,BODY,body and health
back,adjective,zurück,A2,AT BACK,describing things
back,verb,zurück,C2,SUPPORT,
backache,noun,Rückenschmerzen,B1,,body and health
back and forth,phrase,hin und her,C2,,
background,noun,Hintergrund,B1,EXPERIENCE,people: personality
background,noun,Hintergrund,B2,SOUND,
background,noun,Hintergrund,B2,PICTURE,arts and media
background,noun,Hintergrund,B2,SITUATION,
backing,noun,Unterstützung,C2,,
back off,phrasal verb,zurückziehen,C2,,people: actions
back out,phrasal verb,wieder raus,C2,,people: actions
backpack,noun,Rucksack,B1,,"clothes, travel"
backpacker,noun,Rucksacktourist,B1,,travel
backpacking,noun,Rucksackreisen,B1,,travel
back road/street,phrase,Nebenstraße/Straße,C1,,
"back (sth) away/into/out, etc.",phrase,zurück (etw.) weg/rein/raus usw.,C2,,
back to front,phrase,von hinten nach vorne,C2,,describing things
backup,noun,Sicherung,B2,COPY,technology
backup,noun,Sicherung,B2,EXTRA HELP,
back up sb or back sb up,phrasal verb,sichern oder sichern,B2,SUPPORT,people: actions
back up sb or back sb up,phrasal verb,sichern oder sichern,C2,TRUTH,communication
back up (sth) or back (sth) up,phrasal verb,(etw.) sichern oder (etw.) sichern,B2,,"people: actions, technology"
back up sth or back sth up,phrasal verb,sichern oder sichern,C2,,
backward,adjective,rückwärts,C2,,
backwards,adverb,rückwärts,B1,,
bacon,noun,Speck,B1,,food and drink
bacteria,noun,Bakterien,C1,,"body and health, natural world"
bad,adjective,schlecht,A1,UNPLEASANT,describing things
bad,adjective,schlecht,A2,LOW QUALITY,describing things
bad,adjective,schlecht,B1,SEVERE,describing things
bad,adjective,schlecht,B1,NOT LUCKY,describing things
bad,adjective,schlecht,B2,NOT FRESH,"describing things, food and drink"
bad,adjective,schlecht,B1,EVIL,people: personality
bad,adjective,schlecht,C1,PAINFUL,
badge,noun,Abzeichen,B2,,clothes
bad/ill feeling,phrase,schlechtes/krankes Gefühl,C1,,
badly,adverb,schlecht,A2,LOW QUALITY,describing things
badly,adverb,schlecht,A2,VERY SERIOUSLY,communication
badly,adverb,schlecht,A2,VERY MUCH,communication
badly,adverb,schlecht,B2,UNPLEASANT,describing things
badminton,noun,Badminton,A2,,shopping
bad-tempered,adjective,schlecht gelaunt,B2,,people: personality
bag,noun,Tasche,A1,,shopping
baggage,noun,Gepäck,B1,CASES,travel
baggage,noun,Gepäck,C2,FEELINGS,
bake,verb,backen,A2,,food and drink
baker,noun,Bäcker,B1,,"food and drink, work"
bakery,noun,Bäckerei,B2,,"shopping, work"
balance,noun,Gleichgewicht,B2,EQUAL IMPORTANCE,
balance,noun,Gleichgewicht,B2,WEIGHT,
balance,noun,Gleichgewicht,B2,MONEY,money
balance,verb,Gleichgewicht,B2,NOT FALLING,people: actions
balance,verb,Gleichgewicht,B2,EQUAL IMPORTANCE,
balanced,adjective,ausgewogen,B2,FAIR,"describing things, people: personality"
balcony,noun,Balkon,B1,HOUSE ETC.,buildings
balcony,noun,Balkon,C2,THEATRE,buildings
bald,adjective,kahl,B1,,"body and health, people: appearance"
ball,noun,Ball,A1,ROUND OBJECT,shopping
ballet,noun,Ballett,B1,,arts and media
balloon,noun,Ballon,A2,,
ban,verb,Verbot,B2,,communication
ban,noun,Verbot,B2,,communication
banana,noun,Banane,A1,,food and drink
band,noun,Band,A1,MUSIC,arts and media
band,noun,Band,C2,CIRCLE,
bandage,noun,Bandage,B1,,body and health
bang,verb,Knall,B2,,people: actions
bang,noun,Knall,B2,,
bank,noun,Bank,A1,MONEY,money
bank,noun,Bank,B2,RIVER,natural world
bank account,noun,Bankkonto,B1,,money
banker,noun,Banker,B2,,"money, work"
banking,noun,Bankwesen,B2,,"money, work"
bankrupt,adjective,bankrott,C1,,money
bar,noun,Bar,A1,DRINKING PLACE,food and drink
bar,noun,Bar,B1,BLOCK,describing things
bar,noun,Bar,B2,LONG PIECE,
bar,noun,Bar,C2,PREVENTING SUCCESS,
barbecue,noun,Grill,A2,PARTY,food and drink
barbecue,noun,Grill,A2,EQUIPMENT,"food and drink, buildings"
barbecue,verb,Grill,B1,,food and drink
barber,noun,Barbier,B1,,work
bare,adjective,nackt,B2,NO CLOTHES,"clothes, people: appearance"
bare,adjective,nackt,B2,NOT COVERED,describing things
bare,adjective,nackt,C2,BASIC,
bare,adjective,nackt,C2,EMPTY,
barely,adverb,kaum,B2,,describing things
bargain,noun,Schnäppchen,B2,CHEAP,"money, shopping"
bark,verb,bellen,B2,DOG,animals
bark,verb,bellen,C2,SHOUT,communication
bark,noun,bellen,C2,TREE,
barman,noun,Barmann,B1,,"food and drink, work"
barn,noun,Scheune,C2,,
barrier,noun,Barriere,B2,PREVENTING,
barrier,noun,Barriere,B2,FENCE,buildings
base,noun,Base,B2,BOTTOM,describing things
base,noun,Base,B2,MILITARY,
base,noun,Base,C2,MAIN PART,
base,noun,Base,C2,MAIN PLACE,
baseball,noun,Baseball,A2,,shopping
basement,noun,Keller,B2,,buildings
base sth on sth,phrasal verb,Basis auf,B1,,
basic,adjective,Basic,B1,MAIN,describing things
basic,adjective,Basic,B1,NECESSARY,describing things
basic,adjective,Basic,B1,SIMPLE,describing things
basically,adverb,grundsätzlich,B2,SIMPLY,
basically,adverb,grundsätzlich,C1,MOSTLY,communication
basin,noun,Becken,B1,,buildings
basis,noun,Basis,B2,METHOD,
basis,noun,Basis,C1,REASON,
basis,noun,Basis,C1,DEVELOPMENT,
basket,noun,Korb,B1,,shopping
basketball,noun,Basketball,A1,,shopping
bat,noun,Schläger,A2,STICK,shopping
bat,noun,Schläger,B1,ANIMAL,animals
bath,noun,Bad,A1,WASH,people: actions
bath,noun,Bad,A1,CONTAINER,buildings
bathroom,noun,Badezimmer,A1,ROOM,buildings
battery,noun,Batterie,A2,,"technology, travel"
battle,noun,Schlacht,B1,WAR,
battle,noun,Schlacht,B2,PROBLEMS/ILLNESS,
battle,noun,Schlacht,C2,ARGUMENT,
battle,verb,Schlacht,C2,,
bay,noun,Bucht,B1,COAST,natural world
be,verb,Sei,A1,POSITION,describing things
be,auxiliary verb,Sei,A2,CONTINUE,
be,auxiliary verb,Sei,A2,PASSIVE,
be a bad/good influence (on sb),phrase,einen schlechten/guten Einfluss haben,B2,,people: personality
be able to do sth,phrase,tun können,A2,,
be absorbed in sth,phrase,aufgenommen werden,B2,,
beach,noun,Strand,A1,,natural world
be a disgrace,phrase,sei eine Schande,B2,,
be a disgrace to sb/sth,phrase,eine Schande für etw. sein,C2,,
be a far cry from sth,phrase,weit davon entfernt sein,C1,IDIOM,
be a first,phrase,Sei ein Erster,C2,,
be aimed at doing sth,phrase,angestrebt werden,C2,,
be aimed at sb,phrase,angestrebt werden,B2,,
be a joke,phrase,sei ein Witz,C1,,
beak,noun,Schnabel,C1,,animals
be alive and kicking/well,phrase,Sei lebendig und munter/gut,C2,IDIOM,
be all set,phrase,Seien Sie bereit,C1,,
be all very well,phrase,alles gut,C1,,
beam,noun,Strahl,B2,,
bean,noun,Bohne,A2,,food and drink
be an effort,phrase,eine Anstrengung sein,C2,,
be an inspiration to sb,phrase,eine Inspiration sein,C2,,
be a pain,phrase,ein Schmerz sein,B2,IDIOM,
be a pain in the neck,phrase,ein Schmerz im Nacken sein,C1,IDIOM,
be a piece of cake,phrase,ein Kinderspiel sein,B2,IDIOM,
be a piece of cake,phrase,ein Kinderspiel sein,B2,IDIOM,people: personality
be a question of,phrase,sei eine Frage von,C1,,
bear,noun,tragen,A2,,animals
bear,verb,tragen,B2,ACCEPT,people: personality
bear,verb,tragen,C1,NAME,
bear,verb,tragen,C2,HAVE CHILD,body and health
bear a grudge,phrase,einen Groll hegen,C2,,people: personality
"bear a/little/no, etc. resemblance to sth/sb",phrase,eine/wenig/keine usw. Ähnlichkeit mit/jdm haben,C2,,
"bear a/no resemblance/relation, etc. to sb/sth",phrase,eine/keine Ähnlichkeit/Beziehung usw. mit/etw. haben,C2,,describing things
be a rarity,phrase,eine Seltenheit sein,C1,,
beard,noun,Bart,A1,,people: appearance
"be a recipe for disaster/success/trouble, etc.",phrase,ein Rezept für Katastrophe/Erfolg/Ärger usw. sein.,C2,,
be a revelation,phrase,sei eine Offenbarung,C2,,
bear fruit,phrase,Früchte tragen,C2,,
bear/keep sb/sth in mind,phrase,etw. im Hinterkopf behalten/behalten,B2,,
bear left/right,phrase,links/rechts halten,C1,,
be around,phrase,in der Nähe sein,B2,,
bear (sb/sth) in mind,phrase,an jdn/etw. denken,B2,,
be ashamed of sb,phrase,sich schämen,B2,,people: personality
be associated with sth,phrase,in Verbindung gebracht werden,B2,,
beat,verb,schlagen,B1,DEFEAT,shopping
beat,verb,schlagen,B2,HIT,people: actions
beat,verb,schlagen,B1,HEART,body and health
beat,verb,schlagen,C2,SOUND,
beat,verb,schlagen,C1,BETTER THAN,
beat,verb,schlagen,C1,FOOD,food and drink
beat,noun,schlagen,B2,MUSIC,arts and media
beat,noun,schlagen,B2,REGULAR SOUND,body and health
beat about/around the bush,phrase,um den heißen Brei reden,C1,IDIOM,
be at a premium,phrase,eine Prämie haben,C2,,
be at liberty to do sth,phrase,"sei frei, das zu tun",C2,,
be at odds with sb/sth,phrase,mit etw. uneins sein,C2,IDIOM,
be at/on the point of doing sth,phrase,"dabei sein/auf dem Punkt sein, etwas zu tun",B2,,
be at/reach the end of your tether,phrase,am Ende Ihrer Kräfte sein/erreichen,C2,IDIOM,
be at stake,phrase,auf dem Spiel stehen,C2,,
be at the mercy of sb/sth,phrase,der Gnade von / etw. ausgeliefert sein,C2,,
be attracted to sb,phrase,angezogen werden,B2,,"people: personality, relationships"
beat up sb or beat sb up,phrasal verb,verprügeln oder verprügeln,B2,,people: actions
be authorized to do sth,phrase,"befugt sein, dies zu tun",C1,,
beautiful,adjective,Schön,A1,ATTRACTIVE,people: appearance
beautiful,adjective,Schön,A1,PLEASANT,describing things
beautifully,adverb,schön,B1,,people: appearance
beauty,noun,Schönheit,B1,BEING BEAUTIFUL,people: appearance
be bad for sb/sth,phrase,schlecht für etw. sein,A2,,describing things
be bad/good news for sb,phrase,sei eine schlechte/gute Nachricht für,C1,,
be based at/in/etc.,phrase,seinen Sitz haben in/in/etc.,B2,,
be beside yourself (with sth),phrase,außer sich sein (mit),C2,,people: personality
be blind to sth,phrase,sei blind dafür,C2,,
be born,phrase,geboren werden,A2,,body and health
be born,phrase,geboren werden,C2,,
"be bursting with confidence/joy, etc.",phrase,vor Selbstvertrauen/Freude usw. strotzen.,C2,,people: personality
be calculated to do sth,phrase,berechnet werden,C2,,
be called sth,phrase,aufgerufen werden,A1,,
be called up,phrasal verb,aufgerufen werden,C2,,
because,conjunction,Weil,A1,,communication
because of,preposition,wegen,B1,,communication
be close to sth,phrase,in der Nähe sein,C1,,
become a reality,phrase,Wirklichkeit werden,B2,,
"become available/rich/a writer, etc.",phrase,verfügbar/reich/Schriftsteller werden usw.,A2,,
be/come close to doing sth,phrase,kurz davor stehen/kommen,C1,,
be coming along/on,phrase,mitkommen/weiterkommen,C2,,
be coming up,phrase,werde kommen,B2,,
"(be) concentrated around/in/on, etc.",phrase,(sich) auf/in/auf usw. konzentrieren.,C1,,
be concerned with sth,phrase,sich Sorgen machen,C1,,
be confronted by/with sth,phrase,konfrontiert werden mit/mit,C2,,
be conscious of/that,phrase,sich dessen bewusst sein,B2,,people: personality
be consumed by/with sth,phrase,von/mit konsumiert werden,C2,,
be crawling with sb/sth,phrase,mit etw. herumkrabbeln,C2,,
be crazy about sb/sth,phrase,verrückt nach etw. sein,A2,,relationships
be crying out for sth,phrasal verb,schreie nach,C2,,
bed,noun,Bett,A1,FOR SLEEP,buildings
bed,noun,Bett,C2,BOTTOM,natural world
bed,noun,Bett,C2,GROUND,
be dead (set) against sth/doing sth,phrase,tot sein gegen/tun,C1,,
be descended from sb/sth,phrasal verb,von etw. abstammen,C2,,
be designed for/to do sth,phrase,entworfen sein/tun,B2,,
be disposed to do sth,phrase,"bereit sein, dies zu tun",C2,,
be down in the dumps,phrase,Sei unten auf den Müllkippen,C2,IDIOM,
be down to sb,phrase,darauf zurückzuführen sein,C2,,
bedroom,noun,Schlafzimmer,A1,,buildings
be due for sth,phrase,fällig sein,C1,,
be dying for/to do sth,phrase,unbedingt tun/tun wollen,B1,,people: personality
bee,noun,Biene,B1,,animals
beef,noun,Rindfleisch,B1,,food and drink
be endowed with sth,phrase,ausgestattet sein mit,C2,,
beer,noun,Bier,A1,,food and drink
be expecting (a baby),phrase,(ein Baby) erwarten,B2,,body and health
be expecting sb/sth,phrase,etw. erwarten,B1,,
be exposed to sth,phrase,ausgesetzt sein,B2,,
be familiar with sth/sb,phrase,mit jdm. vertraut sein,B2,,people: personality
be far removed from sth,phrase,weit davon entfernt sein,C2,,
be/feel on top of the world,phrase,Seien/fühlen Sie sich ganz oben auf der Welt,C2,IDIOM,
be/feel under the weather,phrase,unter dem Wetter sein/fühlen,C2,IDIOM,body and health
be flooded with sth,phrasal verb,überschwemmt werden,C2,,
be fond of sb/sth,phrase,etw. gern haben,B1,,people: personality
before,preposition,vor,A1,EARLIER,
before,preposition,vor,A2,PLACE,describing things
before,preposition,vor,B1,IN FRONT OF,describing things
before,preposition,vor,B1,IN ORDER,
before,preposition,vor,C2,IMPORTANCE,
before,conjunction,vor,A2,EARLIER,
before,conjunction,vor,B1,TO AVOID SOMETHING,
before,conjunction,vor,B1,UNTIL,
before,adverb,vor,A2,,
before/after dark,phrase,vor/nach Einbruch der Dunkelheit,B1,,natural world
be foreign to sb,phrase,fremd sein,C2,,
before (very/too) long,phrase,in Kürze (sehr/zu) lange,B2,,
before you know it,phrase,bevor du es weißt,C1,,communication
be found,phrase,gefunden werden,B2,,
be friendly with sb,phrase,Sei freundlich mit,B1,,
be friends (with sb),phrase,befreundet sein (mit),B1,,relationships
be full of yourself,phrase,Sei voll von dir,C2,,people: personality
beg,verb,bitten,B2,VERY POOR,communication
beg,verb,bitten,B2,STRONG REQUEST,communication
be/get carried away,phrasal verb,mitgerissen werden/sich mitreißen lassen,B2,,people: personality
be/get caught,phrase,erwischt werden/erwischt werden,C2,,
be/get caught up in sth,phrasal verb,darin verwickelt sein/darin gefangen sein,C2,,
be/get hooked on sth,phrase,süchtig sein/süchtig werden,B2,,
be/get involved (in/with sth),phrase,sich engagieren/sich engagieren,B2,,
"be/get/keep, etc. in touch",phrase,in Kontakt sein/bleiben/halten usw,B1,,communication
be/get out of touch,phrase,den Kontakt verlieren,C2,,
be/get stuck with sb/sth,phrase,mit etw. stecken bleiben/bleiben,C2,,
"be/get swept along/away, etc.",phrase,mitgerissen werden/weggefegt werden usw.,B2,,
be getting at sth,phrasal verb,kommen,C1,,communication
begin,verb,beginnen,A2,START TO DO,
begin,verb,beginnen,A1,START TO HAPPEN,
beginner,noun,Anfänger,A2,,people: personality
beginning,noun,Anfang,A2,,
begin with sth,phrase,Beginnen Sie mit,B1,,
be glad of sth,phrase,sei froh darüber,C1,,
be glued to sth,phrasal verb,angeklebt werden,C2,,
be going to do/be sth,phrase,werde tun/sein,A2,,
be going to do sth,phrase,werde es tun,A2,,
be good company,phrase,Sei eine gute Gesellschaft,C1,,people: personality
(be) green with envy,phrase,(sein) grün vor Neid,C2,,
be/hang in the balance,phrase,in der Schwebe sein/hängen,C2,,
be hard on sb,phrase,hart sein,C2,,
be hard on sb,phrase,hart sein,B2,,people: personality
behave,verb,benehmen,B1,IN A PARTICULAR WAY,people: actions
behave,verb,benehmen,B1,BE POLITE,people: personality
be/have nothing to do with sb,phrase,nichts damit zu tun haben/haben,B2,,
be/have something to do with sth/sb,phrase,etwas mit jdm zu tun haben/haben,C1,,
be/have to do with sth,phrase,damit zu tun haben/haben,B2,,
be/have yet to do sth,phrase,sein/müssen es noch tun,C2,,
behaviour,noun,Verhalten,B1,,
be heading for sth,phrasal verb,auf dem Weg sein,B2,,
behind,preposition,hinter,B1,SLOWER,
behind,preposition,hinter,A1,BACK,describing things
behind,preposition,hinter,B1,SUPPORTING,
behind,preposition,hinter,C2,NOT AFFECTING,
behind,preposition,hinter,C1,CAUSING,
behind,adverb,hinter,B1,PLACE,
behind,adverb,hinter,B1,BACK,describing things
behind,adverb,hinter,C1,SLOWER,
behind bars,phrase,hinter Gittern,B2,,
behind closed doors,phrase,hinter verschlossenen Türen,C2,IDIOM,
behind sb's back,phrase,hinter dem Rücken,C2,,
behind the scenes,phrase,hinter den Kulissen,C2,IDIOM,
behind the times,phrase,hinter der Zeit,C1,,
be hungry for sth,phrase,hungrig sein,C2,,
be in a dream,phrase,in einem Traum sein,B2,,
be in a mood,phrase,in Stimmung sein,B2,,people: personality
be in a position to do sth,phrase,dazu in der Lage sein,C1,,
be in awe of sb,phrase,sei in Ehrfurcht vor,C2,,
be in bad/poor taste,phrase,geschmacklos sein,C2,,
be in charge,phrase,verantwortlich sein,B1,,work
"be inclined to think/believe/agree, etc.",phrase,geneigt sein zu denken/glauben/zustimmen usw.,C1,,
be in doubt,phrase,im Zweifel sein,B2,,
be in favour of sth,phrase,dafür sein,B2,,people: personality
be in for sth,phrase,sei dabei,C2,,
be in good/bad repair,phrase,in gutem/schlechtem Zustand sein,C2,,
be in good taste,phrase,einen guten Geschmack haben,C2,,
be in line with sth,phrase,im Einklang sein mit,C2,,
be in luck,phrase,Hab Glück,C1,,
be in need of sth,phrase,in Not sein,B2,,
be in position,phrase,in Position sein,C1,,
be in sb's good/bad books,phrase,in guten/schlechten Büchern sein,C2,IDIOM,
be in sb's hands,phrase,in seinen Händen sein,C1,,
be in sb's interest(s),phrase,im Interesse sein,C1,,
be intended for,phrase,vorgesehen sein,C1,,
be intent on sth/doing sth,phrase,darauf bedacht sein/tun,C2,,
be in the middle of (doing) sth,phrase,mitten im Geschehen sein,B1,,
be in the mood for sth/to do sth,phrase,in der Stimmung sein/tun,C2,,
be in the process of doing sth,phrase,"dabei sein, es zu tun",C2,,
be in the public eye,phrase,in der Öffentlichkeit stehen,C1,IDIOM,
be in the same boat,phrase,im selben Boot sitzen,C2,IDIOM,
be into sth,phrase,hinein sein,B1,,people: personality
be in tune with sb/sth,phrase,im Einklang mit etw. sein,C2,,
be in two minds,phrase,in zwei Köpfen sein,C1,,
(be) in your eighties,phrase,(sei) in deinen Achtzigern,B2,,people: appearance
(be) in your fifties,phrase,(sei) in deinen Fünfzigern,B2,,people: appearance
(be) in your forties,phrase,(sei) in deinen Vierzigern,B2,,people: appearance
(be) in your nineties,phrase,(sei) in deinen Neunzigern,B2,,people: appearance
(be) in your seventies,phrase,(sei) in deinen Siebzigern,B2,,people: appearance
(be) in your sixties,phrase,(sei) in deinen Sechzigern,B2,,people: appearance
(be) in your thirties,phrase,(sein) in deinen Dreißigern,B2,,people: appearance
(be) in your twenties,phrase,(sei) in deinen Zwanzigern,B2,,people: appearance
be itching to do sth,phrase,"es brennt darauf, etwas zu tun",C2,,
be (just) about to do sth,phrase,gerade dabei sein,B1,,
be just about to do sth,phrase,werde es gleich tun,B1,,
be key to sth,phrase,der Schlüssel sein,C1,,
be known as sth,phrase,bekannt sein als,B1,,
be known to do sth,phrase,dafür bekannt sein,C1,,
be lacking,phrase,fehlen,C2,,
be lacking in sth,phrase,fehlen,C1,,
be led by sth,phrase,geführt werden,C2,,
be liable to do sth,phrase,"haftbar sein, dies zu tun",C2,,
belief,noun,Glauben,B2,TRUE,people: personality
belief,noun,Glauben,C2,EFFECTIVE,
belief,noun,Glauben,B2,IDEA,
be/lie in ruins,phrase,in Trümmern liegen/liegen,C1,,
believe,verb,glauben,A2,TRUE,people: personality
believe,verb,glauben,A2,THINK,
believe in sth,phrasal verb,glauben an,B1,,people: personality
believe in sth/doing sth,phrasal verb,daran glauben/tun,B2,,people: personality
believe it or not,phrase,Ob Sie es glauben oder nicht,B1,,communication
believe it or not,phrase,Ob Sie es glauben oder nicht,B1,,
be (like) water off a duck's back,phrase,sei (wie) Wasser vom Rücken einer Ente,C2,IDIOM,
bell,noun,Glocke,B2,METAL OBJECT,
bell,noun,Glocke,B1,ELECTRICAL OBJECT,
be located in/near/on/etc.,phrase,in/in/in/auf/etc. Lage sein,B1,,
belong,verb,gehören,B2,RIGHT PLACE,
belong,verb,gehören,B2,HAPPY SOMEWHERE,people: personality
belongings,noun,Besitz,B2,,
belong to sb,phrasal verb,gehören zu,A2,,
belong to sth,phrasal verb,gehören zu,B1,,
be looking to do sth,phrase,Ich versuche es zu tun,C2,,
be lost for words,phrase,mir fehlen die Worte,C2,IDIOM,
be lost without sb/sth,phrase,ohne etw. verloren sein,C1,,
below,adverb,unten,A1,POSITION,describing things
below,adverb,unten,B1,LESS,describing things
below,adverb,unten,C2,RANK,
belt,noun,Gürtel,A2,CLOTHING,clothes
be mad about sb/sth,phrase,über etw. wütend sein,B1,,people: personality
be made from/(out) of sth,phrase,aus/(aus) gemacht werden,A2,,
be/mean everything,phrase,alles sein/bedeuten,B2,,
be meant for sb/sth,phrase,für etw. bestimmt sein,C1,,
be meant to do sth,phrase,dazu bestimmt sein,C2,,
be misunderstood,phrase,missverstanden werden,C2,,
bench,noun,Bank,B2,,buildings
bend,verb,biegen,B2,BODY,people: actions
bend,verb,biegen,B2,CURVE,
bend,noun,biegen,B2,CURVED PART,
bend/stretch the rules,phrase,die Regeln biegen/dehnen,C2,,
beneath,preposition,darunter,B2,UNDER,describing things
beneath,preposition,darunter,C2,NOT GOOD ENOUGH,
beneath your dignity,phrase,unter deiner Würde,C2,,
beneficial,adjective,vorteilhaft,B2,,describing things
benefit,noun,Nutzen,B1,,
benefit,verb,Nutzen,B2,,
be news to sb,phrase,Seien Sie neu,C2,IDIOM,
be no good or be not any/much good,phrase,nichts Gutes sein oder gar nichts/viel Gutes sein,B2,,
be no laughing matter,phrase,sei nicht zum Lachen,C2,,
be no match for sb/sth,phrase,für / etw. nicht geeignet sein,C2,,
be no mean feat,phrase,sei keine leichte Aufgabe,C2,,
be none of sb's  business,phrase,geht Sie nichts an,B2,,communication
be nothing if not sth,phrase,"wäre nichts, wenn nicht",C2,,
be no use doing sth,phrase,nützt es nichts,B2,,
be obliged to do sth,phrase,dazu verpflichtet sein,B2,,
be obsessed by/with sb/sth,phrase,von/von/etw. besessen sein,B2,,people: personality
be (of) any/some use,phrase,irgendeinen Nutzen haben,B2,,
be (of) no use,phrase,keinen Nutzen haben,B2,,
"be on a committee/panel, etc.",phrase,in einem Ausschuss/Gremium usw. sein,C1,,work
be on cloud nine,phrase,Sei auf Wolke sieben,C2,IDIOM,
be on edge,phrase,nervös sein,C2,,people: personality
"be on good/bad/friendly, etc. terms",phrase,sich gut/schlecht/freundlich usw. verstehen,C2,,relationships
be on (good) form,phrase,in (guter) Form sein,C2,,
be only human,phrase,Sei nur ein Mensch,C2,,people: personality
be on the ball,phrase,am Ball bleiben,C1,IDIOM,people: personality
be on the brink of sth,phrase,am Rande stehen,C2,,
be on the cards,phrase,auf den Karten sein,C2,IDIOM,
(be) on the line,phrase,(sein) in der Leitung,C2,IDIOM,work
be on the same wavelength,phrase,auf der gleichen Wellenlänge liegen,C2,IDIOM,
be on the verge of sth/doing sth,phrase,kurz davor stehen/tun,C2,,
be on (your) guard,phrase,sei auf der Hut,C2,IDIOM,
be opposed to sth,phrase,dagegen sein,C1,,
be out of breath,phrase,außer Atem sein,B2,,body and health
(be) out of line,phrase,(sein) aus der Reihe,C2,IDIOM,
be out of practice,phrase,außer Übung sein,B2,,
be out of sth,phrase,raus sein,B2,,describing things
be out of the question,phrase,nicht in Frage kommen,C2,,
be out of this world,phrase,nicht von dieser Welt sein,C2,,
"be overcome by excitement/fear/sadness, etc.",phrase,von Aufregung/Angst/Traurigkeit usw. überwältigt werden.,C2,,
be over the moon,phrase,sei überglücklich,B2,IDIOM,
be poles apart,phrase,Pole auseinander sein,C2,IDIOM,
be poor in sth,phrase,arm sein in,B2,,
be populated,phrase,bevölkert sein,C1,,
"be posted to France/London/Singapore, etc.",phrase,nach Frankreich/London/Singapur usw. verschickt werden.,C2,,
be prepared to do sth,phrase,Seien Sie darauf vorbereitet,B2,,
be prone to sth/doing sth,phrase,dazu neigen/tun,C2,,
be reliant on sb/sth,phrase,auf etw. angewiesen sein,C2,,
be responsible for sb/sth/doing sth,phrase,für etw. verantwortlich sein,B1,,work
be responsible for sth/doing sth,phrase,verantwortlich sein für/tun,B2,,crime
be revolted by sth,phrase,empört sein,C2,,
berry,noun,Beere,B2,,natural world
be/run counter to sth,phrase,im Widerspruch stehen/laufen,C2,,
be running at sth,phrase,laufen,C2,,
be said to be,phrase,gesagt werden,B2,,
be satisfied that,phrase,sei damit zufrieden,C1,,
be seated,phrase,sitzen,B2,,
be short of sth,phrase,knapp sein,B1,,describing things
be sick,phrase,krank sein,B1,,"body and health, work"
be sick of sth,phrase,satt sein,B2,,people: personality
beside,preposition,neben,A2,NEXT TO,describing things
besides,adverb,außerdem,B1,EXTRA REASON,communication
besides,preposition,außerdem,B1,,
besides,adverb,außerdem,B1,IN ADDITION TO,
beside the point,phrase,neben dem Punkt,C2,,
"be situated in/on/by, etc.",phrase,sich in/auf/bei usw. befinden.,B1,,
be slow to do sth; be slow in doing sth,phrase,sei langsam; Seien Sie langsam im Tun,C2,,
be snowed in,phrase,eingeschneit sein,C2,,
be snowed under,phrase,eingeschneit sein,C2,,
be something,phrase,etwas sein,C2,,
best,adjective,am besten,A1,BETTER THAN ALL,describing things
best,adverb,am besten,B1,MOST SUITABLE,
best,adverb,am besten,A1,MOST,
be still going strong,phrase,werde immer noch stark sein,C2,,
be streets ahead (of sb/sth),phrase,etw um Längen voraus sein,C2,IDIOM,
bestseller,noun,Bestseller,B2,,arts and media
best wishes,phrase,beste Wünsche,A2,,
best wishes,phrase,beste Wünsche,A2,,communication
be suited to/for sth,phrase,geeignet sein für/für,C1,,
be supposed to be sth,phrase,soll sein,B2,,
be supposed to do sth,phrase,tun soll,B1,,
be supposed to do sth,phrase,tun soll,B2,,
be sure of sth,phrase,Seien Sie sicher,B2,,people: personality
be sure of yourself,phrase,sei dir selbst sicher,B2,,people: personality
be sure to do sth,phrase,unbedingt tun,C1,,
bet,noun,Wette,C2,RISK,
bet,verb,Wette,C1,,
be taken in,phrasal verb,aufgenommen werden,B2,,
be tempted,phrase,in Versuchung geraten,B2,,people: personality
be the case,phrase,der Fall sein,B2,,
be the centre of attention,phrase,im Mittelpunkt stehen,C2,,
be the envy of sb,phrase,Sei der Neid von,C2,,
be the tip of the iceberg,phrase,sei die Spitze des Eisbergs,C2,IDIOM,
be to blame,phrase,schuld sein,C1,,
be too proud (to do sth),phrase,zu stolz sein (um es zu tun),B2,,people: personality
be topped with sth,phrase,garniert werden mit,C2,,
(be) torn between sth and sth,phrase,(sein) hin- und hergerissen zwischen und,C2,,
be trapped,phrase,gefangen sein,B2,,
betray,verb,verraten,B2,,people: personality
better,adjective,besser,A1,HIGHER STANDARD,describing things
better,adjective,besser,A1,HEALTHY,body and health
better,adverb,besser,A2,COMPARATIVE,
"better/faster/happier, etc. than ever",phrase,besser/schneller/glücklicher usw. als je zuvor,C1,,
better/worse still,phrase,noch besser/schlechter,B2,,
between,preposition,zwischen,A1,SPACE,describing things
between,preposition,zwischen,A1,TIME,
between,preposition,zwischen,A1,INVOLVE,shopping
between,preposition,zwischen,A2,CONNECT,
between,preposition,zwischen,A2,AMOUNT,describing things
between,preposition,zwischen,B1,SHARE,
between,preposition,zwischen,A2,SEPARATE,
between,adverb,zwischen,C1,SPACE,
between,adverb,zwischen,C1,TIME,
be unable to do sth,phrase,"nicht in der Lage sein, es zu tun",B1,,people: personality
be unclear about sth,phrase,unklar sein,B2,,
be under the impression,phrase,unter dem Eindruck stehen,B2,,people: personality
be under way,phrase,im Gange sein,C2,,
be unfamiliar with sth,phrase,nicht vertraut sein,B2,,people: personality
be unique to sb/sth,phrase,einzigartig sein für/etw,C1,,
be up to sb,phrase,Seien Sie bereit,B1,,
be up to sth,phrase,Seien Sie bereit,B1,,people: actions
be used to sb/sth/doing sth,phrase,"daran gewöhnt sein, etw zu tun",B1,,people: personality
beware,verb,Vorsicht,C1,,
be wasted on sb,phrase,verschwendet werden,C2,,
be welcome to do sth,phrase,gerne tun,B1,,communication
be wide awake,phrase,Sei hellwach,C2,,
be willing (to do sth),phrase,bereit sein (zu tun),B1,,people: personality
be without foundation; have no foundation,phrase,ohne Grundlage sein; haben kein Fundament,C2,,
be worth,phrase,wert sein,B1,,money
be worth it,phrase,sich lohnen,B1,,
be worth sth/doing sth,phrase,sich lohnen/tun,B1,,
be worth your while,phrase,es wird sich lohnen,C2,,
be wrong,phrase,falsch sein,A2,,
be ... years old,phrase,sei ... Jahre alt,A1,,people: appearance
beyond,preposition,darüber hinaus,B2,DISTANCE,describing things
beyond,preposition,darüber hinaus,B2,TIME,
beyond,preposition,darüber hinaus,C1,INVOLVING OTHERS,
beyond,preposition,darüber hinaus,C1,NOT UNDERSTAND,
beyond,adverb,darüber hinaus,C1,PLACE,describing things
beyond,adverb,darüber hinaus,C2,TIME,
beyond belief,phrase,unglaublich,C2,,
beyond dispute,phrase,unbestritten,C2,,
"beyond my/our, etc. control",phrase,außerhalb meiner/unserer usw. Kontrolle liegen,B2,,
beyond (sb's) reach,phrase,außerhalb der Reichweite von jdm,C2,,
beyond/without a/the shadow of a doubt,phrase,jenseits/ohne den Schatten eines Zweifels,C2,,
beyond your/out of control,phrase,außerhalb Ihrer/außerhalb Ihrer Kontrolle,B2,,
beyond your wildest dreams,phrase,jenseits deiner kühnsten Träume,C2,IDIOM,
bias,noun,Voreingenommenheit,C2,,
biased,adjective,voreingenommen,C1,,
bicycle,noun,Fahrrad,A2,,travel
bid,noun,Gebot,C1,OFFER,work
bid,noun,Gebot,C2,ATTEMPT,
bid,noun,Gebot,C2,BUY,money
bid,verb,Gebot,C2,,money
big,adjective,groß,A1,SIZE,describing things
big,adjective,groß,A2,IMPORTANT,describing things
big,adjective,groß,C1,SUCCESSFUL,
bike,noun,Fahrrad,A2,BICYCLE,travel
bike,noun,Fahrrad,B1,MOTORCYCLE,travel
bikini,noun,Bikini,B2,,clothes
bilingual,adjective,zweisprachig,C1,,
bill,noun,Rechnung,A2,,"money, shopping"
billion,noun,Milliarde,B2,,
bin,noun,Mülleimer,B1,,buildings
bind,verb,binden,C2,TIE,
bind,verb,binden,C2,UNITE,
biography,noun,Biographie,B1,,arts and media
biological,adjective,biologisch,B2,,animals
biology,noun,Biologie,A2,,"animals, education"
bird,noun,Vogel,A1,,animals
birth,noun,Geburt,B1,BABY,body and health
birth,noun,Geburt,C1,BEGINNING,
birthday,noun,Geburtstag,A1,,relationships
biscuit,noun,Keks,A1,,food and drink
bit,noun,bisschen,A2,SMALL AMOUNT,people: personality
bit by bit,phrase,Stück für Stück,C1,,
bite,verb,beißen,B1,,"food and drink, people: actions"
bite,noun,beißen,B2,FOOD,food and drink
bite,noun,beißen,B2,INJURY,body and health
bits and pieces,phrase,Kleinigkeiten,C2,,
bitter,adjective,bitter,B1,TASTE,food and drink
bitter,adjective,bitter,B2,ANGRY,people: personality
bitter,adjective,bitter,B2,DISAPPOINTED,people: personality
bitter,adjective,bitter,B2,HATE,people: personality
bitter,adjective,bitter,B2,COLD,
bizarre,adjective,bizarr,B2,,describing things
black,adjective,Schwarz,A1,COLOUR,describing things
black,adjective,Schwarz,A2,PEOPLE,people: appearance
black,noun,Schwarz,A2,,describing things
blackboard,noun,Tafel,A2,,education
blackmail,noun,Erpressung,C2,,
blackmail,verb,Erpressung,C2,,
blade,noun,Klinge,B2,,
blame,verb,beschuldigen,B1,RESPONSIBLE,communication
blame,noun,beschuldigen,B2,,communication
bland,adjective,fade,C2,NO TASTE,food and drink
bland,adjective,fade,C2,BORING,describing things
blank,adjective,leer,B1,EMPTY,describing things
blank,adjective,leer,C2,NO FEELING,people: personality
blanket,noun,Decke,A2,FOR BED,buildings
blanket,noun,Decke,C2,LAYER,
bleak,adjective,kahl,C2,NO HOPE,
bleak,adjective,kahl,C2,COLD,describing things
bleed,verb,bluten,B1,,body and health
blend,noun,Mischung,C2,,
blind,adjective,blind,B1,NO SIGHT,body and health
blindness,noun,Blindheit,C1,NOT SEEING,body and health
blindness,noun,Blindheit,C2,NOT NOTICING,
blink,verb,blinken,B2,EYES,"body and health, people: actions"
blister,noun,Blase,C2,,body and health
block,noun,Block,B1,BUILDING,buildings
block,noun,Block,B1,DISTANCE,
block,noun,Block,B2,PIECE,describing things
block,verb,Block,B2,PREVENT MOVEMENT,
block,noun,Block,C2,STOP PROGRESS,
block,verb,Block,C1,CANNOT SEE,
block,verb,Block,C2,STOP PROGRESS,
blog,verb,Blog,B1,,"arts and media, communication, technology"
blog,noun,Blog,B1,,"arts and media, communication, technology"
blogger,noun,Blogger,B1,,"arts and media, communication, technology"
blonde,adjective,blond,A2,,people: appearance
blood,noun,Blut,A2,RED LIQUID,body and health
blood,noun,Blut,C2,FAMILY ORIGIN,
bloody,adjective,blutig,B2,COVERED IN BLOOD,body and health
bloody,adjective,blutig,C1,VIOLENT,
bloody,adjective,blutig,C2,ANGER,
blow,verb,Schlag,B1,WIND,natural world
blow,verb,Schlag,B1,PERSON,people: actions
blow,verb,Schlag,C2,SOUND,people: actions
blow,noun,Schlag,C2,HIT,
blow,noun,Schlag,C2,BAD EVENT,
blow away (sth) or blow (sth) away,phrasal verb,wegblasen (etw) oder wegblasen,B1,,natural world
blow down (sth) or blow (sth) down,phrasal verb,(etw) niederblasen oder niederblasen,B1,,natural world
blow it/your chance(s),phrase,vermassele es/deine Chance(n),C2,,
blow out (sth) or blow (sth) out,phrasal verb,(etw) ausblasen oder (etw) ausblasen,B1,,
blow up sth or blow sth up,phrasal verb,explodieren oder explodieren,B2,,people: actions
blow up (sth/sb) or blow (sth/sb) up,phrasal verb,(etw/jdn) in die Luft jagen oder in die Luft jagen,B1,,people: actions
blow your mind,phrase,hau dich um,C2,IDIOM,
blow your nose,phrase,Putz dir die Nase,B1,,body and health
blue,adjective,Blau,A1,COLOUR,describing things
blue,adjective,Blau,C2,SAD,
blue,noun,Blau,A2,,describing things
blunt,adjective,unverblümt,C2,NOT SHARP,
blunt,adjective,unverblümt,C2,RUDE,people: personality
blush,verb,erröten,B2,,people: personality
board,noun,Planke,A1,CLASSROOM,"education, buildings"
board,noun,Planke,A2,INFORMATION,buildings
board,noun,Planke,A2,GAMES,shopping
board,noun,Planke,B2,SURFACE,
board,noun,Planke,B2,MEALS,"food and drink, travel"
board,noun,Planke,C1,ORGANIZATION,work
board,verb,Planke,B1,,travel
board game,noun,Brettspiel,A2,,shopping
boast,verb,Prahlerei,B2,PRIDE,communication
boast,verb,Prahlerei,C2,HAVE,
boat,noun,Boot,A1,FOR TRAVEL ON WATER,travel
body,noun,Körper,A1,PERSON,body and health
body,noun,Körper,A2,DEAD,
body,noun,Körper,C2,GROUP,
body,noun,Körper,B1,NOT ARMS/LEGS,body and health
body and soul,phrase,Körper und Seele,C2,,
boil,verb,kochen,A2,HEAT LIQUID,natural world
boil,verb,kochen,B1,CONTAINER,
boil,verb,kochen,B1,COOK,food and drink
boiled,adjective,gekocht,A2,,food and drink
boiling,adjective,Kochen,B2,,natural world
bold,adjective,deutlich,B1,EASY TO NOTICE,describing things
bold,adjective,deutlich,B2,BRAVE,people: personality
boldly,adverb,mutig,B2,,people: personality
bomb,verb,Bombe,B1,,people: actions
bomb,noun,Bombe,B1,,
"bomb/drug/fraud, etc. squad",phrase,Bomben-/Drogen-/Betrugskommando usw,C2,,
bomber,noun,Bomber,B2,PERSON,
bomber,noun,Bomber,C2,AIRCRAFT,
bombing,noun,Bombardierung,B2,,
bond,noun,Bindung,B2,,relationships
bond,verb,Bindung,C2,,relationships
bone,noun,Knochen,B1,IN BODY,body and health
bonus,noun,Bonus,B2,EXTRA THING,
bonus,noun,Bonus,B2,EXTRA MONEY,"money, work"
book,noun,Buch,A1,FOR READING,arts and media
book,noun,Buch,B1,FOR WRITING,
book,verb,Buch,A2,,travel
bookcase,noun,Bücherregal,A2,,buildings
booking,noun,Buchung,B1,,travel
booklet,noun,Broschüre,B2,,communication
bookmark,noun,Lesezeichen,B2,,technology
bookmark,verb,Lesezeichen,B2,,technology
book sb in or book sb into sth,phrasal verb,einbuchen oder einbuchen,B1,,travel
bookshelf,noun,Bücherregal,A2,,buildings
bookshop,noun,Buchhandlung,A2,,shopping
boost,verb,Schub,B2,,
boost,noun,Schub,B2,,people: personality
boot,noun,Stiefel,A2,SHOE,clothes
boot,noun,Stiefel,B1,CAR,travel
border,noun,Grenze,B1,,
bored,adjective,gelangweilt,A1,,people: personality
"bored/frightened/scared, etc. to death",phrase,gelangweilt/verängstigt/verängstigt usw. zu Tode,B2,,people: personality
"bored/scared/worried, etc. stiff",phrase,gelangweilt/ängstlich/besorgt usw. steif,B2,,people: personality
boring,adjective,langweilig,A1,,people: personality
borrow,verb,ausleihen,C1,MONEY,money
borrow,verb,ausleihen,A2,GET,money
boss,noun,Chef,A2,,work
bossy,adjective,herrisch,B2,,"communication, people: personality"
both,determiner,beide,A1,,
bother,verb,sich kümmern,B2,WORRY,people: personality
bother,verb,sich kümmern,A2,ANNOY,people: personality
bother,verb,sich kümmern,B2,MAKE AN EFFORT,
bothered,adjective,gestört,B2,,people: personality
bottle,noun,Flasche,A2,,food and drink
bottom,noun,unten,A1,LOWEST PART,describing things
bottom,noun,unten,A2,LOWEST POSITION,
bottom,noun,unten,A2,FLAT SURFACE,
bottom,noun,unten,B1,FURTHEST PART,
bottom,noun,unten,B1,SEA/RIVER/LAKE,natural world
bottom,noun,unten,B1,BODY PART,body and health
bounce,verb,prallen,B2,MOVE UP,
"bounce along/around/into, etc.",phrase,entlang/herum/hinein hüpfen usw.,B2,,people: actions
bounce back,phrasal verb,zurückprallen,C1,SUCCESSFUL AGAIN,
bounce back,phrasal verb,zurückprallen,C2,EMAIL,technology
bound,adjective,gebunden,C1,DIRECTION,travel
boundary,noun,Grenze,C1,LIMIT,
boundary,noun,Grenze,C1,LINE,
bound to do sth,phrase,"verpflichtet, es zu tun",B2,,
bound up with sth,phrase,verbunden mit,C2,,
bow,noun,Bogen,B2,WEAPON,
bow,noun,Bogen,B2,KNOT,clothes
bow,noun,Bogen,C2,MUSIC,arts and media
bowl,noun,Schüssel,A2,,food and drink
box,noun,Kasten,A1,CONTAINER,shopping
box,noun,Kasten,A2,SQUARE SPACE,
boxing,noun,Boxen,B1,,shopping
boy,noun,Junge,A1,,people: appearance
boyfriend,noun,Freund,A2,,relationships
bra,noun,BH,B2,,clothes
bracelet,noun,Armband,B1,,clothes
bracket,noun,Halterung,B2,SYMBOL,communication
bracket,noun,Halterung,C1,GROUP,
brain,noun,Gehirn,A2,IN HEAD,body and health
brain,noun,Gehirn,C1,INTELLIGENCE,"body and health, people: personality"
brake,noun,Bremse,B1,,travel
brake,verb,Bremse,B2,,"people: actions, travel"
branch,noun,Zweig,B1,TREE,natural world
branch,noun,Zweig,B1,BUSINESS,"shopping, work"
branch,noun,Zweig,B2,SUBJECT,education
brand,noun,Marke,B2,,shopping
brand new,adjective,Brandneu,B1,,describing things
brass,noun,Messing,C2,MUSIC,arts and media
brass,noun,Messing,C1,METAL,
brave,adjective,mutig,B1,,people: personality
bravely,adverb,tapfer,B1,,people: personality
bravery,noun,Tapferkeit,B2,,people: personality
bread,noun,brot,A1,,food and drink
break,verb,brechen,A2,SEPARATE,
break,verb,brechen,A2,NOT WORK,
break,verb,brechen,B2,END,
break,verb,brechen,B1,INTERRUPT,
break,verb,brechen,C2,BECOME KNOWN,
break,verb,brechen,C2,STORM,natural world
break,verb,brechen,C2,WEATHER,natural world
break,noun,brechen,B1,HOLIDAY,
break,noun,brechen,A2,STOP,
break,noun,brechen,C2,OPPORTUNITY,
break,noun,brechen,C1,DAMAGE,
breakable,adjective,zerbrechlich,B2,,
"break an agreement/promise, etc.",phrase,eine Vereinbarung/ein Versprechen usw. brechen,B2,,
break a record,phrase,einen Rekord brechen,B2,,people: actions
"break/cut, etc. sth in half",phrase,brechen/schneiden usw. in zwei Hälften,B1,,people: actions
breakdown,noun,abbauen,B2,ILLNESS,body and health
breakdown,noun,abbauen,B2,NOT WORKING,technology
breakdown,noun,abbauen,C1,FAILURE,
breakdown,noun,abbauen,C2,EXPLANATION,
break down,phrasal verb,abbauen,B1,,technology
break even,phrase,die Gewinnzone erreichen,C1,,money
breakfast,noun,Frühstück,A1,,food and drink
break free,phrase,befreie dich,C2,,
break in or break into sth,phrasal verb,einbrechen oder einbrechen,B1,,crime
break new ground,phrase,neue Wege gehen,C2,IDIOM,
break off (sth) or break (sth) off,phrasal verb,(etw) abbrechen oder (etw) abbrechen,B2,,
break out,phrasal verb,ausbrechen,B2,,
break sb's heart,phrase,das Herz brechen,B2,IDIOM,"people: personality, relationships"
break sb's heart,phrase,das Herz brechen,B2,IDIOM,relationships
break the ice,phrase,das Eis brechen,B2,IDIOM,
break the ice,phrase,das Eis brechen,B2,IDIOM,people: personality
break the law,phrase,das Gesetz brechen,B2,,crime
break the news to sb,phrase,Überbringen Sie die Neuigkeiten,C2,,
breakthrough,noun,Durchbruch,B2,,
break through sth,phrasal verb,durchbrechen,B2,,people: actions
break up,phrasal verb,beenden,B1,END CLASSES,education
break up,phrasal verb,beenden,B1,END RELATIONSHIP,relationships
"break your arm/leg, etc.",phrase,Brechen Sie Ihren Arm/ein Bein usw.,A2,,body and health
breast,noun,Brust,B1,,body and health
breath,noun,Atem,B1,AIR,body and health
breathe,verb,atmen,B1,,body and health
breathtaking,adjective,atemberaubend,B2,,describing things
breed,verb,züchten,B2,KEEP ANIMALS,animals
breed,noun,züchten,B2,,animals
"breed contempt/ignorance, etc.",phrase,Verachtung/Ignoranz usw. hervorrufen.,C2,,
breeze,noun,Brise,B1,,natural world
bribe,noun,bestechen,C1,,money
bribe,verb,bestechen,C1,,
bribery,noun,Bestechung,C2,,
brick,noun,Ziegel,B2,,buildings
bride,noun,Braut,B1,,relationships
bridge,noun,Brücke,A2,STRUCTURE,
bridge,noun,Brücke,C2,CONNECTION,
brief,adjective,knapp,B1,SHORT,communication
briefly,adverb,knapp,B1,,
bright,adjective,hell,B1,LIGHT,
bright,adjective,hell,A2,COLOUR,describing things
bright,adjective,hell,B2,INTELLIGENT,people: personality
bright,adjective,hell,B2,HAPPY,people: personality
brightly,adverb,hell,B2,,describing things
brilliant,adjective,brillant,A2,VERY GOOD,describing things
brilliant,adjective,brillant,B1,VERY INTELLIGENT,people: personality
brilliant,adjective,brillant,B1,VERY BRIGHT,describing things
brilliantly,adverb,brillant,B2,,people: personality
bring,verb,bringen,A2,TAKE WITH YOU,people: actions
bring a lump to your throat,phrase,einen Kloß im Hals verursachen,C2,IDIOM,
bring back sth or bring sth back,phrasal verb,zurückbringen oder zurückbringen,A2,,people: actions
bring out sth or bring sth out,phrasal verb,herausbringen oder herausbringen,B2,,shopping
bring out the best in sb,phrase,Holen Sie das Beste aus sich heraus,C2,,
"bring (sb) happiness/luck/peace, etc.",phrase,jdm Glück/Glück/Frieden usw. bringen,B1,,
bring sth to an end,phrase,zu Ende bringen,C1,,
bring sth to light,phrase,ans Licht bringen,C2,,
bring up sb or bring sb up,phrasal verb,erziehen oder erziehen,B1,,relationships
bring up sth or bring sth up,phrasal verb,erziehen oder erziehen,B2,,communication
broad,adjective,breit,B1,WIDE,describing things
broadband,noun,Breitband,B2,,technology
broadcast,verb,übertragen,B2,,arts and media
broaden,verb,erweitern,C1,,
broaden/expand/widen your horizons,phrase,Erweitern/erweitern/erweitern Sie Ihren Horizont,C1,,
broadly,adverb,breit,C1,,
broadminded,adjective,aufgeschlossen,C2,,
broccoli,noun,Brokkoli,B1,,food and drink
brochure,noun,Broschüre,B1,,communication
broken,adjective,gebrochen,A2,DAMAGED,describing things
broken,adjective,gebrochen,A2,NOT WORKING,technology
"broken English/Spanish, etc.",phrase,gebrochenes Englisch/Spanisch usw.,C1,,communication
bronze,noun,Bronze,C1,PRIZE,
bronze,noun,Bronze,C2,METAL,natural world
bronze,adjective,Bronze,C2,COLOUR,
bronze,adjective,Bronze,C2,METAL,
brother,noun,Bruder,A1,,relationships
brother-in-law,noun,Schwager,B2,,relationships
brown,noun,braun,A2,,describing things
brown,adjective,braun,A1,,describing things
browse,verb,durchsuchen,B2,COMPUTING,technology
browse,verb,durchsuchen,B2,LOOK,shopping
browser,noun,Browser,B2,,technology
bruise,noun,Prellung,B2,,body and health
brush,noun,Bürste,A2,TOOL,
brush,noun,Bürste,B2,ACTION,
brush,verb,Bürste,A2,CLEAN/TIDY,people: actions
brush,verb,Bürste,B2,TOUCH,people: actions
"brush sth away/off, etc.",phrase,wegbürsten/abbürsten usw.,C1,,people: actions
brush up (on) sth,phrasal verb,auffrischen (an),C1,,
brutal,adjective,brutal,C1,,
bubble,noun,Blase,C1,,
bubble,verb,Blase,C2,LIQUID,
"bubble (over) with confidence/enthusiasm, etc.",phrase,vor Selbstvertrauen/Begeisterung usw. sprudeln.,C1,,people: personality
bucket,noun,Eimer,B1,,
budget,noun,Budget,B2,AMOUNT,money
budget,adjective,Budget,B2,,money
bug,noun,Insekt,B1,INSECT,animals
bug,noun,Insekt,B2,COMPUTER,technology
bug,noun,Insekt,B2,ILLNESS,body and health
build,verb,bauen,A2,,work
builder,noun,Baumeister,B1,,work
building,noun,Gebäude,A2,,"buildings, work"
build (sth) up or build up (sth),phrasal verb,(etw) aufbauen oder (etw) aufbauen,C1,,
bulb,noun,Birne,B2,,technology
bulky,adjective,sperrig,C1,,describing things
bull,noun,Stier,B1,,animals
bullet,noun,Kugel,B2,,
bully,verb,schikanieren,C1,,
bully,noun,schikanieren,C1,,people: personality
bump,verb,stoßen,B2,HURT,body and health
bump,noun,stoßen,C1,BODY,body and health
bump,noun,stoßen,C1,SURFACE,
bump against/into sth,phrase,anstoßen/anstoßen,B2,,people: actions
bumper,noun,Stoßstange,B2,,travel
bump into sb,phrasal verb,stoßen in,C1,,
bun,noun,Brötchen,B2,,food and drink
bunch,noun,Bündel,B1,THINGS,describing things
bunch,noun,Bündel,B1,PEOPLE,
bundle,noun,bündeln,C2,TIED GROUP,
burden,noun,Last,C1,,
bureaucracy,noun,Bürokratie,C2,RULES,
bureaucracy,noun,Bürokratie,C2,GOVERNMENT,
burger,noun,Burger,A2,,food and drink
burglar,noun,Einbrecher,B2,,crime
burglary,noun,Einbruch,B2,,crime
burgle,verb,einbrechen,B2,,people: actions
burial,noun,Beerdigung,C2,,
burn,verb,brennen,B1,DESTROY,
burn,verb,brennen,B1,PRODUCE FLAMES,
burn,verb,brennen,B1,COOK TOO LONG,food and drink
burn,verb,brennen,B1,HURT BODY,body and health
burn,verb,brennen,B2,COPY,technology
burn,verb,brennen,B2,ENERGY,
burn down (sth) or burn (sth) down,phrasal verb,(etw) niederbrennen oder niederbrennen,B2,,
burning,adjective,Verbrennung,B1,ON FIRE,
"burning ambition/desire, etc.",phrase,brennender Ehrgeiz/Wunsch usw.,C1,,
burn out,phrasal verb,ausbrennen,B2,,body and health
burn the midnight oil,phrase,Verbrenne das Mitternachtsöl,C2,IDIOM,
burn up sth or burn sth up,phrasal verb,verbrennen oder verbrennen,B2,,
burst,verb,platzen,B2,BREAK APART,
burst into flames,phrase,in Flammen aufgehen,C2,,
burst into sth,phrasal verb,platzte hinein,B2,ENTER SUDDENLY,people: actions
burst into sth,phrasal verb,platzte hinein,B2,MAKE A NOISE,
burst into tears,phrase,brach in Tränen aus,B1,,"people: actions, people: personality"
burst out,phrasal verb,platzte heraus,C2,SAY LOUDLY,communication
burst out,phrasal verb,platzte heraus,B2,LAUGH/CRY,communication
bury,verb,begraben,B1,DEAD BODY,people: actions
bury,verb,begraben,B2,HIDE,people: actions
bury your face/head in sth,phrase,vergrabe dein Gesicht/den Kopf darin,C2,,
bury yourself in sth,phrase,Vergrabe dich darin,C2,,
bus,noun,Bus,A1,,travel
bush,noun,Busch,B2,,natural world
business,noun,Geschäft,A1,SELLING,shopping
business,noun,Geschäft,B1,WORK,work
business,noun,Geschäft,A2,ORGANIZATION,work
businessman,noun,Geschäftsmann,A2,,work
businesswoman,noun,Geschäftsfrau,A2,,work
bus station,noun,Busbahnhof,A2,,travel
bus station,phrase,Busbahnhof,A2,,"buildings, travel"
bus stop,noun,Bushaltestelle,A2,,travel
busy,adjective,beschäftigt,A2,PLACE,
busy,adjective,beschäftigt,A2,PERSON,work
busy,adjective,beschäftigt,A2,TIME,work
but,conjunction,Aber,A1,DIFFERENT STATEMENT,communication
but,conjunction,Aber,B1,EXPLAINING WHY,
but,preposition,Aber,B1,,
butcher,noun,Metzger,B1,,"food and drink, shopping, work"
butter,noun,Butter,A1,,food and drink
butterfly,noun,Schmetterling,B1,,animals
butt in,phrasal verb,hineinstoßen,C2,,communication
button,noun,Taste,B1,ON MACHINE,technology
button,noun,Taste,B1,ON CLOTHING,clothes
buy,verb,kaufen,A1,,"money, shopping"
buyer,noun,Käufer,B1,,"money, shopping"
buzz,noun,summen,C2,EXCITEMENT,
buzz,noun,summen,C2,SOUND,
buzz,verb,summen,C2,SOUND,
buzz,verb,summen,C2,ENERGY,
by,preposition,von,A2,DO,
by,preposition,von,A2,NOT LATER THAN,
by,preposition,von,A2,HOW,
by,preposition,von,B1,NEAR,describing things
by,preposition,von,B2,HOLDING,
by,preposition,von,B2,AMOUNT,
by accident,phrase,zufällig,B1,,
"by accident/mistake, etc.",phrase,durch Zufall/Versehen usw.,B1,,
by all accounts,phrase,nach allem,C1,,
by all means,phrase,auf jeden Fall,C2,,
by and large,phrase,im Großen und Ganzen,C1,,
by any chance,phrase,zufällig,C2,,communication
bye,exclamation,Tschüss,A1,,communication
by far,phrase,bei weitem,B2,,communication
by hand,phrase,von Hand,B1,,
by hand,phrase,von Hand,B1,,people: actions
by heart,phrase,auswendig,B2,,
(by) herself,phrase,(von) sich selbst,A2,,
(by) himself,phrase,(durch) sich selbst,A2,,
by/in contrast,phrase,durch/im Gegensatz,B2,,
by/in leaps and bounds,phrase,sprunghaft,C2,IDIOM,
(by) itself,phrase,(allein,B1,,
by law,phrase,per Gesetz,C1,,
by means of,phrase,mittels,C1,,
by mistake,phrase,versehentlich,B1,,
(by) myself,phrase,(von) mir selbst,A2,,
by no means; not by any means,phrase,keineswegs; auf keinen Fall,C1,,
(by) ourselves,phrase,(von) uns selbst,A2,,
(by) themselves,phrase,(von) selbst,A2,,
by the same token,phrase,aus dem gleichen Grund,C2,,
by the way,phrase,Übrigens,A2,,describing things
by the way,phrase,Übrigens,A2,,communication
by virtue of sth,phrase,aufgrund,C2,,
by way of sth,phrase,durch,C1,,
(by) yourself,phrase,(von) dir selbst,A2,,
cab,noun,Kabine,B1,,travel
cabbage,noun,Kohl,B1,,food and drink
cabin,noun,Kabine,C1,HOUSE,buildings
cabin,noun,Kabine,B1,AIRCRAFT,travel
cabin,noun,Kabine,C2,SHIP,travel
cabinet,noun,Kabinett,B2,,buildings
cable,noun,Kabel,B1,TELEVISION/TELEPHONE,arts and media
cable,noun,Kabel,B2,WIRE,technology
café,noun,Cafe,A1,,food and drink
cage,noun,Käfig,B1,,animals
cake,noun,Kuchen,A1,FOOD,food and drink
calculate,verb,berechnen,B2,MATHS,people: actions
calculation,noun,Berechnung,B2,,people: actions
calculator,noun,Kalkulator,B1,,
calendar,noun,Kalender,A2,,
calf,noun,Kalb,B1,ANIMAL,animals
calf,noun,Kalb,C2,LEG,body and health
call,verb,Anruf,A2,TELEPHONE,"communication, technology"
call,verb,Anruf,B1,NAME,relationships
call,verb,Anruf,B1,SHOUT,communication
call,verb,Anruf,B2,DESCRIBE,communication
call,verb,Anruf,C1,ASK TO COME,communication
call,noun,Anruf,A2,TELEPHONE,"communication, technology"
call,noun,Anruf,B1,SHOUT,communication
call,noun,Anruf,C1,VISIT,
"call an election/meeting, etc.",phrase,eine Wahl/Versammlung usw. einberufen,C1,,
call back,phrasal verb,ruf zurück,B2,,people: actions
call back (sb) or call (sb) back,phrasal verb,(jdn) zurückrufen oder (jdn) zurückrufen,A2,,communication
call for sb,phrasal verb,fordern,B1,,people: actions
call for sth,phrasal verb,fordern,C2,SAY,communication
call in,phrasal verb,ruft an,B2,,people: actions
call in sick,phrase,melde dich krank,B2,,body and health
call it a day,phrase,Mach Schluss,C2,IDIOM,
call off sth or call sth off,phrasal verb,absagen oder absagen,B2,NOT HAPPEN,people: actions
call off sth or call sth off,phrasal verb,absagen oder absagen,C1,STOP,
call on sb to do sth,phrasal verb,Rufen Sie dazu auf,C1,,
call sb names,phrase,Rufnamen,C2,,
call up sth or call sth up,phrasal verb,anrufen oder anrufen,C2,,technology
calm,adjective,ruhig,B1,PERSON,people: personality
calm,adjective,ruhig,B1,SEA/WEATHER,natural world
calm down (sb) or calm (sb) down,phrasal verb,beruhigen (jdn) oder beruhigen (jdn).,B2,,"communication, people: personality"
calmly,adverb,ruhig,B2,,people: personality
camel,noun,Kamel,B1,,animals
camera,noun,Kamera,A1,,arts and media
camp,noun,Lager,B1,TENTS/BUILDINGS,travel
camp,verb,Lager,A2,,travel
campaign,noun,Kampagne,C1,ACTIVITIES,
campaign,noun,Kampagne,C1,WAR,
campaign,verb,Kampagne,C1,,people: actions
camping,noun,Camping,A2,,travel
campsite,noun,Campingplatz,B1,,travel
campus,noun,Campus,B2,,"education, buildings"
can,noun,dürfen,A2,,food and drink
can,modal verb,dürfen,A1,ABILITY,people: actions
can,modal verb,dürfen,A1,REQUEST,communication
can,modal verb,dürfen,A1,POSSIBILITY,
can,modal verb,dürfen,A1,OFFER,communication
can,modal verb,dürfen,A2,PERMISSION,
can,modal verb,dürfen,B2,TYPICAL,
can,modal verb,dürfen,B1,SURPRISE,
can,modal verb,dürfen,B2,SOMETIMES HAPPENING,
can afford,phrase,leisten kann,B1,,"money, shopping"
canal,noun,Kanal,B1,,"natural world, travel"
"can/can't/could, etc. reach (sth)",phrase,kann/kann/konnte usw. (etw) erreichen,B2,,people: actions
cancel,verb,stornieren,B1,,people: actions
cancellation,noun,Stornierung,C1,,
cancer,noun,Krebs,B1,,body and health
can/could always do sth,phrase,kann/könnte immer gehen,B1,,
candidate,noun,Kandidat,B1,EXAMINATION,education
candidate,noun,Kandidat,B2,JOB/ELECTION,"politics, work"
candle,noun,Kerze,B1,,buildings
canned,adjective,Dosen-,B2,,food and drink
cannot,modal verb,kann nicht,A1,,
cannot afford,phrase,kann es sich nicht leisten,C2,,
can't be bothered,phrase,kann mich nicht stören,B2,,
can't/couldn't get over sth,phrase,kann/konnte nicht darüber hinwegkommen,B2,,
can't/couldn't help doing sth,phrase,Ich kann/konnte nicht anders,B1,,
can't/couldn't very well do sth,phrase,kann/konnte nicht sehr gut,C2,,
canteen,noun,Kantine,B1,,food and drink
can tell,phrase,kann es sagen,B2,,people: personality
can't face sb/sth/doing sth,phrase,kann etw/etwas nicht ertragen,B2,,people: personality
can't keep/take your eyes off sb/sth,phrase,kann deinen Blick nicht von etw abwenden,B2,IDIOM,
can't stand sb/sth,phrase,kann etw. nicht ertragen,B1,,people: personality
can't take sth,phrase,Kann nicht ertragen,B2,,people: personality
can't wait,phrase,Ich kann es kaum erwarten,A2,,people: personality
can work sth; know how to work sth,phrase,"kann funktionieren; wissen, wie man arbeitet",C1,,
cap,noun,Kappe,A2,,clothes
cap,verb,Kappe,C1,LIMIT,
capability,noun,Fähigkeit,C1,,
capable,adjective,fähig,B2,GOOD AT DOING THINGS,people: personality
capable of sth/doing sth,phrase,fähig/tund,B2,,people: personality
capacity,noun,Kapazität,B2,AMOUNT,describing things
capacity,noun,Kapazität,B2,ABILITY,people: personality
capacity,noun,Kapazität,C1,JOB,work
capital,noun,Hauptstadt,A2,,politics
capitalism,noun,Kapitalismus,C2,,politics
capitalist,adjective,Kapitalist,C2,,politics
capital letter,noun,Großbuchstabe,A2,,communication
captain,noun,Kapitän,B1,SPORTS,shopping
captain,noun,Kapitän,B2,SHIP/AIRCRAFT,travel
capture,verb,erfassen,B2,CATCH,people: actions
capture,verb,erfassen,B2,DESCRIBE,communication
capture,noun,erfassen,C1,,people: actions
capture sb's attention/ imagination/ interest,phrase,Aufmerksamkeit/Phantasie/Interesse fesseln,C1,,
"capture sb/sth on camera/film, etc.",phrase,etw. mit Kamera/Film usw. festhalten,B2,,arts and media
car,noun,Auto,A1,,travel
carbon,noun,Kohlenstoff,B2,,natural world
carbon dioxide,noun,Kohlendioxid,B2,,natural world
carbon footprint,noun,CO2-Fußabdruck,B2,,natural world
carbon monoxide,noun,Kohlenmonoxid,B2,,natural world
card,noun,Karte,A2,GREETINGS,communication
card,noun,Karte,A2,GAME,shopping
card,noun,Karte,B1,INFORMATION,communication
card,noun,Karte,B1,COMPUTER,technology
cardboard,noun,Karton,B2,,
cardigan,noun,Strickjacke,B2,,clothes
care,noun,Pflege,B1,ATTENTION,
care,noun,Pflege,B2,PROTECTION,body and health
care,noun,Pflege,C2,WORRY,
care,verb,Pflege,B1,WORRY,people: personality
care,verb,Pflege,B1,LOVE,people: personality
career,noun,Karriere,B1,JOB,work
career,noun,Karriere,C2,TIME,work
care for sb/sth,phrasal verb,sich um etw. kümmern,B2,,body and health
carefree,adjective,sorglos,C2,,
careful,adjective,vorsichtig,A2,,people: personality
carefully,adverb,sorgfältig,A2,,
careless,adjective,unvorsichtig,B1,,people: personality
carelessly,adverb,nachlässig,B2,,people: personality
carelessness,noun,Nachlässigkeit,B2,,people: personality
cargo,noun,Ladung,C2,,
caring,adjective,fürsorglich,B2,,people: personality
carnival,noun,Karneval,B2,,
car park,noun,Parkplatz,A2,,travel
carpet,noun,Teppich,A2,,buildings
carriage,noun,Wagen,C1,TRAIN,travel
carriage,noun,Wagen,C2,WITH HORSE,travel
carrot,noun,Karotte,A2,VEGETABLE,food and drink
carrot,noun,Karotte,C2,REWARD,
carry,verb,tragen,A1,HOLD,people: actions
carry,verb,tragen,B1,HAVE WITH YOU,people: actions
carry,verb,tragen,B2,TRANSPORT,travel
carry,verb,tragen,C2,HAVE,
carry,verb,tragen,C1,DISEASE,body and health
carry,verb,tragen,C2,SUPPORT,
carry on (sth) or carry (sth) on,phrasal verb,weitermachen (etw) oder weitermachen,B1,,people: actions
carry out sth or carry sth out,phrasal verb,durchführen oder durchführen,B1,,people: actions
carry weight,phrase,Gewicht tragen,C2,IDIOM,
cartoon,noun,Karikatur,A2,FILM,arts and media
cartoon,noun,Karikatur,A2,DRAWING,arts and media
carve,verb,schnitzen,C2,,people: actions
case,noun,Fall,A2,CONTAINER,
case,noun,Fall,A2,BAG,travel
case,noun,Fall,B1,SITUATION,
case,noun,Fall,B2,CRIME,crime
case,noun,Fall,C2,ILLNESS,body and health
case,noun,Fall,B2,COURT OF LAW,crime
case,noun,Fall,C2,ARGUMENT,
cash,noun,Kasse,A2,NOTES/COINS,money
cash,noun,Kasse,B1,MONEY,money
cashpoint,noun,Kasse,B1,,"money, technology"
casserole,noun,Kasserolle,C2,FOOD,food and drink
casserole,noun,Kasserolle,C2,CONTAINER,food and drink
cast,noun,gießen,B2,,arts and media
cast,verb,gießen,C2,ACTORS,"arts and media, people: actions"
cast,verb,gießen,C2,LIGHT,
cast a spell on sb,phrase,einen Zauber wirken,C2,,
cast a/your vote,phrase,Geben Sie Ihre Stimme ab,C2,,people: actions
cast doubt on sb/sth,phrase,Zweifel an etw. aufkommen lassen,C2,,
cast doubt on sth,phrase,Zweifel aufkommen lassen,C2,,
castle,noun,Schloss,A2,,buildings
cast your mind back,phrase,Werfen Sie Ihre Gedanken zurück,C2,,
casual,adjective,lässig,B1,CLOTHES,clothes
casual,adjective,lässig,C2,WORK,work
casual,adjective,lässig,B2,NOT PLANNED,
casually,adverb,beiläufig,B2,,"clothes, people: personality, work"
casualty,noun,Unfall,C2,INJURED,
casualty,noun,Unfall,C2,HOSPITAL,
cat,noun,Katze,A1,,animals
catalogue,noun,Katalog,B2,,shopping
catastrophe,noun,Katastrophe,C2,,
catch,verb,fangen,A1,TAKE HOLD,people: actions
catch,verb,fangen,A2,ILLNESS,body and health
catch,verb,fangen,A1,TRAVEL,travel
catch,verb,fangen,B1,STOP ESCAPING,people: actions
catch,verb,fangen,B2,DISCOVER,
catch,verb,fangen,B2,CRIMINAL,"crime, people: actions"
catch,verb,fangen,C2,STICK,
catch fire,phrase,Feuer fangen,B1,,
catch/get/grab/take hold of sth/sb,phrase,jdn. fangen/erhalten/packen/ergreifen,B2,,people: actions
catch on,phrasal verb,Fang an,C1,BECOME POPULAR,
catch on,phrasal verb,Fang an,C2,UNDERSTAND,
catch sb off guard,phrase,unvorbereitet überraschen,C2,IDIOM,
"catch sb's attention, interest, etc.",phrase,"Aufmerksamkeit, Interesse usw. erregen",B2,,communication
catch sb's eye,phrase,Blickfang,C2,IDIOM,
catch sight of sth,phrase,erblicken,C2,,
catch up,phrasal verb,aufholen,B2,,communication
catch up on/with sth,phrasal verb,aufholen/mit,B2,,people: actions
catch up (sb) or catch (sb) up,phrasal verb,jdn einholen oder jdn einholen,B2,REACH SOMEONE,people: actions
catch up (sb) or catch (sb) up,phrasal verb,jdn einholen oder jdn einholen,C1,BE AS GOOD AS,
catch up with sb,phrasal verb,aufholen,B1,MEET,communication
catch up with sb,phrasal verb,aufholen,C2,BAD THING,
catch your breath; get your breath back,phrase,halte deinen Atem an; Holen Sie sich wieder Luft,C1,,body and health
category,noun,Kategorie,B2,,
cater,verb,versorgen,C1,,"food and drink, people: actions"
cater for sb/sth,phrasal verb,für etw. sorgen,C1,,
catering,noun,Gastronomie,B2,,food and drink
cater to sb/sth,phrasal verb,sich um etw. kümmern,C1,,
cathedral,noun,Kathedrale,A2,,buildings
cattle,noun,Vieh,B1,,animals
cause,noun,Ursache,B2,REASON WHY,
cause,noun,Ursache,C2,REASON FOR,
cause,noun,Ursache,C1,PRINCIPLE,
cause,verb,Ursache,B2,,
caution,noun,Vorsicht,C1,CARE,
caution,verb,Vorsicht,C2,,communication
cautious,adjective,zurückhaltend,B2,,people: personality
cave,noun,Höhle,B1,,natural world
CD,noun,CD,A1,,technology
CD player,noun,CD-Player,A1,,technology
CD-ROM,noun,CD-ROM,B1,,technology
cease,verb,aufhören,B2,,
ceiling,noun,Decke,A2,ROOM,buildings
ceiling,noun,Decke,C2,AMOUNT,
celebrate,verb,feiern,B1,,relationships
celebration,noun,Feier,B1,,relationships
celebrity,noun,Berühmtheit,B1,,"arts and media, people: personality"
cell,noun,Zelle,B2,ORGANISM,animals
cell,noun,Zelle,B2,ROOM,"crime, buildings"
cellar,noun,Keller,B2,,buildings
cello,noun,Cello,B2,,arts and media
cemetery,noun,Friedhof,B2,,
cent,noun,Cent,A2,,money
centigrade,noun,Celsius,B2,,
centimetre,noun,Zentimeter,A2,,describing things
central,adjective,zentral,B1,NEAR CENTRE,
central,adjective,zentral,C2,IMPORTANT,
central,adjective,zentral,C1,CITY,
central,adjective,zentral,C1,ORGANIZATION,
central heating,noun,Zentralheizung,B1,,buildings
centre,noun,Center,A2,MIDDLE,
centre,noun,Center,A2,PLACE,buildings
centre,noun,Center,C2,POLITICAL,politics
century,noun,Jahrhundert,A2,,
cereal,noun,Getreide,A2,BREAKFAST FOOD,food and drink
cereal,noun,Getreide,C1,PLANT,food and drink
ceremony,noun,Zeremonie,B1,,relationships
certain,adjective,bestimmt,B1,NO DOUBT,people: personality
certain,adjective,bestimmt,B1,SURE TO HAPPEN,
certain,adjective,bestimmt,B1,PARTICULAR,
certainly,adverb,sicherlich,A2,NO DOUBT,communication
certainly,adverb,sicherlich,A2,AGREE,communication
certainly/definitely/hopefully not,phrase,sicherlich/definitiv/hoffentlich nicht,C1,,communication
certainly not,phrase,sicherlich nicht,C1,,communication
certainty,noun,Sicherheit,B2,BEING SURE,people: personality
certainty,noun,Sicherheit,C2,SURE THING,
certificate,noun,Zertifikat,B1,,communication
chain,noun,Kette,A2,METAL RINGS,
chain,noun,Kette,B1,BUSINESS,shopping
chain,noun,Kette,B2,EVENTS,
chair,noun,Stuhl,A1,,buildings
challenge,noun,Herausforderung,B1,DIFFICULT,
challenge,noun,Herausforderung,C2,DISAGREEMENT,
challenge,verb,Herausforderung,B2,,communication
challenging,adjective,herausfordernd,B1,,
champagne,noun,Sekt,A2,,food and drink
champion,noun,Champion,B1,WINNER,shopping
champion,noun,Champion,C2,SUPPORT,
championship,noun,Meisterschaft,B1,,shopping
chance,noun,Chance,B1,POSSIBILITY,
chance,noun,Chance,B1,OPPORTUNITY,
chance,noun,Chance,B1,LUCK,
chance,noun,Chance,B2,RISK,people: personality
chancellor,noun,Kanzler,C2,GOVERNMENT,
chancellor,noun,Kanzler,C2,MONEY,politics
change,verb,ändern,A1,START SOMETHING NEW,people: actions
change,verb,ändern,A2,DIFFERENT,
change,verb,ändern,A2,CLOTHES,"clothes, people: actions"
change,verb,ändern,A2,JOURNEY,"people: actions, travel"
change,verb,ändern,A2,MONEY,money
change,verb,ändern,B1,IN SHOP,"people: actions, shopping"
change,noun,ändern,A2,DIFFERENCE,
change,noun,ändern,B1,MONEY,money
change,noun,ändern,A2,SOMETHING NEW,
change,noun,ändern,B1,COINS,money
change,noun,ändern,B1,NEW EXPERIENCE,
changeable,adjective,veränderbar,C1,,
change the subject,phrase,das Thema wechseln,B2,,communication
change your mind,phrase,Ändere deine Meinung,B1,,people: personality
change your mind,phrase,Ändere deine Meinung,B1,,people: actions
channel,noun,Kanal,A2,TV,arts and media
channel,noun,Kanal,C2,COMMUNICATION,communication
channel,verb,Kanal,C2,,
chaos,noun,Chaos,B2,,
chaotic,adjective,chaotisch,C1,,
chapel,noun,Kapelle,C2,,
chapter,noun,Kapitel,B1,,arts and media
character,noun,Charakter,B1,IN A STORY,arts and media
character,noun,Charakter,B1,QUALITIES/PERSONALITY,people: personality
character,noun,Charakter,B2,INTERESTING QUALITIES,
character,noun,Charakter,C1,INTERESTING PERSON,people: personality
character,noun,Charakter,C2,PERSON,
character,noun,Charakter,C1,WRITING,communication
characteristic,noun,Merkmal,B2,,describing things
characteristic,adjective,Merkmal,C2,,"describing things, people: personality"
charge,verb,Aufladung,B1,MONEY,"money, shopping"
charge,verb,Aufladung,B2,ACCUSE,"communication, crime"
charge,verb,Aufladung,B2,ATTACK,people: actions
charge,verb,Aufladung,B2,ELECTRICITY,technology
charge,noun,Aufladung,B1,MONEY,"money, shopping"
charge,noun,Aufladung,C1,CRIME,"communication, crime"
charisma,noun,Charisma,C2,,people: personality
charismatic,adjective,charismatisch,C2,,people: personality
charity,noun,Wohltätigkeit,B1,ORGANIZATION,
charity,noun,Wohltätigkeit,C2,KINDNESS,
charm,noun,Charme,B2,QUALITY,people: personality
charm,noun,Charme,C2,LUCKY,
charm,verb,Charme,C2,,
charming,adjective,charmant,B1,,people: personality
chart,noun,Diagramm,B2,DRAWING,communication
chase,verb,Verfolgungsjagd,B2,RUN AFTER,people: actions
chase,verb,Verfolgungsjagd,C2,TRY,
"chase sb/sth away/off/out, etc.",phrase,etw verjagen/verjagen/vertreiben usw.,B2,,people: actions
chat,verb,chatten,A2,TALK,communication
chat,verb,chatten,A2,COMMUNICATE ONLINE,"communication, technology"
chat,noun,chatten,A2,,communication
chat sb up or chat up sb,phrasal verb,chatte oder chatte,B2,,communication
chat show,noun,Plauderei,B1,,arts and media
chatty,adjective,gesprächig,C1,PERSON,people: personality
chatty,adjective,gesprächig,C1,WRITING,communication
cheap,adjective,billig,A1,COSTING LITTLE,"money, shopping"
cheap,adjective,billig,C1,LOW QUALITY,"money, shopping"
cheat,verb,schummeln,B2,,people: personality
cheat on sb,phrasal verb,betrügen,B2,,relationships
check,verb,überprüfen,A2,EXAMINE,people: actions
check,verb,überprüfen,B1,FIND OUT,"communication, people: actions"
check,verb,überprüfen,B2,ASK,communication
check,noun,überprüfen,B1,,people: actions
check in,phrasal verb,einchecken,B1,,"people: actions, travel"
check in/check into sth,phrasal verb,einchecken/einchecken,B1,,"people: actions, travel"
check-in (counter),noun,Check-in (Schalter),B1,,travel
check-in (desk),noun,Check-in (Schalter),B1,,travel
checkout,noun,Kasse,B1,SHOP,shopping
checkout,noun,Kasse,B1,WEBSITE,"shopping, technology"
check out,phrasal verb,Kasse,B1,,"people: actions, travel"
check sth out or check out sth,phrasal verb,Auschecken oder auschecken,C1,INFORMATION,
check sth out or check out sth,phrasal verb,Auschecken oder auschecken,C1,GO TO SEE,
check (up) on sth,phrasal verb,überprüfen (oben) auf,C1,,
cheek,noun,Wange,B1,,body and health
cheeky,adjective,frech,B2,,"communication, people: personality"
cheer,verb,jubeln,B2,,communication
cheer,noun,jubeln,C2,,
cheerful,adjective,heiter,B1,HAPPY,people: personality
cheerful,adjective,heiter,B2,MAKING YOU FEEL HAPPY,people: personality
cheerfully,adverb,fröhlich,B2,,people: personality
cheerfulness,noun,Fröhlichkeit,C2,,people: personality
Cheers!,exclamation,Prost!,B1,BEFORE DRINK,"communication, food and drink"
Cheers!,exclamation,Prost!,B1,GOODBYE,communication
Cheers!,exclamation,Prost!,B2,THANK YOU,communication
cheer sb on or cheer on sb,phrasal verb,Anfeuern oder anfeuern,C2,,"communication, shopping"
cheer up (sb) or cheer (sb) up,phrasal verb,(jdn) aufmuntern oder jdn aufheitern,B2,,"communication, people: personality"
cheese,noun,Käse,A1,,food and drink
chef,noun,Küchenchef,A2,,"food and drink, work"
chemical,noun,chemisch,B2,,natural world
chemical,adjective,chemisch,B2,,natural world
chemist,noun,Chemiker,A2,SHOP,"body and health, shopping"
chemist,noun,Chemiker,B1,SCIENCE,"education, work"
chemistry,noun,Chemie,A2,,education
cheque,noun,überprüfen,A2,,money
cherry,noun,Kirsche,B2,,food and drink
chess,noun,Schach,A2,,shopping
chest,noun,Brust,B2,BODY,body and health
chest,noun,Brust,C2,BOX,
chest of drawers,noun,Kommode,B1,,buildings
chew,verb,kauen,B2,EAT,"food and drink, people: actions"
chew,verb,kauen,B2,BITE,"food and drink, people: actions"
chewing gum,noun,Kaugummi,B1,,food and drink
chicken,noun,Huhn,A2,BIRD,animals
chicken,noun,Huhn,A2,MEAT,"animals, food and drink"
chief,adjective,Chef,B2,MOST IMPORTANT,
chief,noun,Chef,B2,,work
chief,adjective,Chef,B2,HIGHEST IN RANK,work
child,noun,Kind,A1,,"people: appearance, relationships"
childhood,noun,Kindheit,B1,,people: appearance
childish,adjective,kindisch,B2,SILLY,people: personality
childish,adjective,kindisch,B2,OF A CHILD,people: personality
chill,noun,kühlen,C2,COLD,
chill,noun,kühlen,C2,FEAR,
chilli,noun,Chili,A2,,food and drink
chill out,phrasal verb,Beruhige dich,B2,,people: personality
chilly,adjective,kühl,C1,,
chimney,noun,Schornstein,B2,,buildings
chin,noun,kinn,B1,,body and health
chip,noun,Chip,A1,FRIED FOOD,food and drink
chip,noun,Chip,B2,COMPUTER PART,technology
chip in (sth),phrasal verb,(etw.) einbringen,C2,,money
chocolate,noun,Schokolade,A1,FOOD,food and drink
choice,noun,Auswahl,B1,RIGHT,people: actions
choice,noun,Auswahl,B1,VARIETY,
choice,noun,Auswahl,B1,PERSON/THING,
choir,noun,Chor,B2,,arts and media
cholesterol,noun,Cholesterin,C1,,body and health
choose,verb,wählen,A1,,people: actions
choose to do sth,phrase,entscheiden Sie sich dafür,B1,,
chop,verb,hacken,B2,,"food and drink, people: actions"
chop sth down or chop down sth,phrasal verb,hacken oder hacken,C2,,people: actions
chore,noun,lästige Pflicht,C1,,
chronic,adjective,chronisch,C2,,body and health
church,noun,Kirche,A2,,buildings
cigarette,noun,Zigarette,A2,,body and health
cinema,noun,Kino,A1,BUILDING,"arts and media, buildings"
cinema,noun,Kino,C1,ART,arts and media
circle,noun,Kreis,B2,GROUP,relationships
circle,noun,Kreis,A2,SHAPE,describing things
circle,verb,Kreis,B1,DRAW,people: actions
circle,verb,Kreis,C2,MOVE,
circuit,noun,Schaltung,C2,ELECTRIC,
circuit,noun,Schaltung,C2,TRACK,
circuit,noun,Schaltung,C2,EVENTS,
circular,adjective,kreisförmig,B2,SHAPE,describing things
circular,adjective,kreisförmig,C2,ARGUMENT,
circulation,noun,Verkehr,C2,BLOOD,body and health
circulation,noun,Verkehr,C2,NEWSPAPERS,arts and media
circumstance,noun,Umstand,B2,,
circus,noun,Zirkus,B1,,arts and media
citizen,noun,Bürger,B2,TOWN/CITY,
citizen,noun,Bürger,B2,LEGAL RIGHT,politics
city,noun,Stadt,A1,,
civil,adjective,bürgerlich,C1,,
civilian,noun,Zivilist,C2,,
civilization,noun,Zivilisation,B2,SOCIETY,
civilization,noun,Zivilisation,C1,WAY OF LIFE,
claim,verb,beanspruchen,B2,SAY,communication
claim,verb,beanspruchen,B2,DEMAND,communication
claim,noun,beanspruchen,B2,DEMAND,"communication, money"
claim,noun,beanspruchen,C1,STATEMENT,communication
"claim credit/responsibility/success, etc.",phrase,Anspruch auf Kredit/Verantwortung/Erfolg usw.,C2,,
clap,verb,klatschen,B1,,people: actions
clarification,noun,Klärung,C1,,
clarify,verb,klären,C1,,communication
clarity,noun,Klarheit,C2,,communication
clash,verb,Zusammenstoß,C2,FIGHT,
clash,verb,Zusammenstoß,C2,COLOUR,
clash,noun,Zusammenstoß,C2,FIGHT,
clash,verb,Zusammenstoß,C2,EVENT,
clash,noun,Zusammenstoß,C2,DIFFERENCE,
class,noun,Klasse,A1,LESSON,education
class,noun,Klasse,A1,TEACHING GROUP,education
class,noun,Klasse,B2,ECONOMIC GROUP,
class,noun,Klasse,A2,STANDARD,
classic,adjective,Klassiker,B2,,arts and media
classic,noun,Klassiker,B2,,arts and media
classical,adjective,klassisch,C2,TRADITIONAL,
classical music,phrase,klassische Musik,A2,,arts and media
classification,noun,Einstufung,C2,,
classify,verb,klassifizieren,C1,,
classmate,noun,Mitschüler,A2,,
classroom,noun,Klassenzimmer,A1,,"education, buildings"
class sb/sth as sth,phrase,Klasse/etw,C1,,
clause,noun,Klausel,B2,,
clean,adjective,sauber,A1,NOT DIRTY,describing things
clean,verb,sauber,A1,,people: actions
clean,adjective,sauber,C2,NO CRIME,
cleaner,noun,Reiniger,A2,PERSON,work
clean sth out or clean out sth,phrasal verb,ausmisten oder ausmisten,C2,,people: actions
clean (sth/sb) up,phrasal verb,(etw/jdn) aufräumen,C1,MAKE CLEAN,people: actions
clean (sth/sb) up,phrasal verb,(etw/jdn) aufräumen,C1,REMOVE POLLUTION,people: actions
clear,adjective,klar,A2,EASY TO UNDERSTAND,
clear,adjective,klar,A2,TRANSPARENT,describing things
clear,adjective,klar,B1,CERTAIN,
clear,adjective,klar,C1,NOT BLOCKED,
clear,adjective,klar,B1,WITHOUT CLOUDS,natural world
clear,verb,klar,B1,,people: actions
clearly,adverb,deutlich,A2,EASY,communication
clearly,adverb,deutlich,B1,CERTAIN,communication
clearly,adverb,deutlich,A2,NOT CONFUSED,
clear sth away or clear away sth,phrasal verb,wegräumen oder wegräumen,C1,,people: actions
clear the air,phrase,Reinige die Luft,C2,IDIOM,communication
clear up,phrasal verb,klären,B2,,natural world
clear up (sth) or clear (sth) up,phrasal verb,(etw) aufklären oder (etw) aufklären,B2,MAKE TIDY,people: actions
clear up sth or clear sth up,phrasal verb,aufklären oder aufklären,B2,,communication
clever,adjective,clever,A1,ABLE TO LEARN,people: personality
clever,adjective,clever,B1,EFFECTIVE,describing things
cliché,noun,Klischee,C2,,communication
clichéd,adjective,klischeehaft,C2,,communication
click,verb,klicken,A2,COMPUTER,"people: actions, technology"
click,verb,klicken,C2,IDEA,
click,verb,klicken,C2,SOUND,
click,verb,klicken,C2,PEOPLE,relationships
click,noun,klicken,A2,,"people: actions, technology"
client,noun,Kunde,B2,,work
cliff,noun,Cliff,B1,,natural world
climate,noun,Klima,B1,WEATHER,natural world
climate,noun,Klima,C2,SITUATION,
climate change,noun,Klimawandel,B2,,natural world
climb,verb,Aufstieg,A2,PERSON,people: actions
climb,verb,Aufstieg,B2,MOVE HIGHER,
climbing,noun,Klettern,A2,,"people: actions, shopping"
"climb into/out of/through, etc.",phrase,hinein-/heraus-/durchklettern usw.,B2,,people: actions
cling,verb,haften,C2,HOLD TIGHT,people: actions
cling (on) to sth,phrasal verb,sich festhalten,C2,,
clinic,noun,Klinik,B1,,"body and health, buildings"
clinical,adjective,klinisch,C1,MEDICAL,body and health
clinical,adjective,klinisch,C2,NO EMOTION,people: personality
clock,noun,Uhr,A1,TIME,
close,verb,schließen,A1,DOOR/WINDOW,people: actions
close,verb,schließen,A2,PUBLIC PLACE,
close,verb,schließen,C2,END,
close,verb,schließen,B2,STOP OPERATING,
close,adjective,schließen,A2,FRIENDLY,relationships
close,adjective,schließen,A1,NEAR,describing things
close,adjective,schließen,B1,RELATIVE,relationships
close,adjective,schließen,C1,SIMILAR,
close,adjective,schließen,B2,RELATIONSHIP,
close,adjective,schließen,C2,CAREFUL,
close,adverb,schließen,B1,,describing things
closed,adjective,geschlossen,A1,NOT OPEN,
closed,adjective,geschlossen,A1,BUSINESS/SHOP,shopping
closed,adjective,geschlossen,C2,NOT ACCEPTING IDEAS,people: personality
close down (sth) or close (sth) down,phrasal verb,(etw) schließen oder (etw) schließen,B2,,
close in,phrasal verb,nah dran,C2,,
closely,adverb,eng,C1,VERY NEAR,
closely,adverb,eng,B2,CONNECTED,relationships
closely,adverb,eng,C1,CAREFULLY,
closeness,noun,Nähe,C1,NEAR,
closeness,noun,Nähe,C1,RELATIONSHIP,
close off sth or close sth off,phrasal verb,schließen oder schließen,C1,,people: actions
closure,noun,Schließung,C2,,
cloth,noun,Tuch,B2,MATERIAL,
cloth,noun,Tuch,B2,FOR CLEANING,buildings
clothes,noun,Kleidung,A1,,clothes
clothing,noun,Kleidung,B2,,clothes
cloud,noun,Wolke,A2,WATER,natural world
cloud,noun,Wolke,B2,SMOKE/DUST,natural world
cloud,verb,Wolke,C2,,
cloudy,adjective,wolkig,A2,,natural world
clown,noun,Clown,A2,,arts and media
club,noun,Verein,A2,GROUP,
club,noun,Verein,B1,TEAM,shopping
club,noun,Verein,B1,DANCE,
clue,noun,Hinweis,B2,SIGN,
clumsiness,noun,Ungeschicklichkeit,C2,,
clumsy,adjective,unbeholfen,B2,,people: personality
clutch,verb,Kupplung,C2,,people: actions
clutch,noun,Kupplung,C1,ENGINE,
coach,noun,Trainer,A2,VEHICLE,travel
coach,verb,Trainer,B2,,"education, people: actions, shopping"
coach,noun,Trainer,B1,PERSON,"education, shopping, work"
coaching,noun,Coaching,B2,,"education, people: actions, shopping"
coal,noun,Kohle,C1,FUEL,
coast,noun,Küste,B1,NEAR SEA,natural world
coastal,adjective,Küste,B2,,natural world
coastline,noun,Küste,C2,,natural world
coat,noun,Mantel,A1,,clothes
coconut,noun,Kokosnuss,B1,,food and drink
cod,noun,Kabeljau,B1,,"animals, food and drink"
code,noun,Code,B2,SECRET MESSAGE,communication
code,noun,Code,C1,RULES,
coffee,noun,Kaffee,A1,,food and drink
coherence,noun,Kohärenz,C2,SHARED BELIEFS/PURPOSE,
coherence,noun,Kohärenz,C2,CLEAR,communication
coherent,adjective,kohärent,C2,CAREFUL THOUGHT,
coherent,adjective,kohärent,C2,UNDERSTAND,communication
coin,noun,Münze,B1,,money
coin,verb,Münze,C2,,
coincide,verb,übereinstimmen,C2,HAPPEN TOGETHER,
coincide,verb,übereinstimmen,C2,BE THE SAME,
coincidence,noun,Zufall,B2,,
cola,noun,Cola,A2,,food and drink
cold,adjective,kalt,A1,TEMPERATURE,"describing things, natural world"
cold,adjective,kalt,B1,UNFRIENDLY,people: personality
cold,noun,kalt,A2,ILLNESS,body and health
coldness,noun,Kälte,C2,CHARACTER,people: personality
coldness,noun,Kälte,C2,TEMPERATURE,
collaborate,verb,zusammenarbeiten,C1,,
collaboration,noun,Zusammenarbeit,C1,,
collapse,verb,Zusammenbruch,B2,OBJECT,
collapse,verb,Zusammenbruch,B2,PERSON,"body and health, people: actions"
collapse,verb,Zusammenbruch,C2,FAIL,
collapse,noun,Zusammenbruch,B2,,
collar,noun,Kragen,B1,PART OF CLOTHES,clothes
collar,noun,Kragen,B2,ON AN ANIMAL,animals
colleague,noun,Kollege,A2,,"relationships, work"
collect,verb,sammeln,A2,KEEP,people: actions
collect,verb,sammeln,A2,GO TO GET,people: actions
collect,verb,sammeln,B1,BRING TOGETHER,people: actions
collect,verb,sammeln,B2,MONEY,"money, people: actions"
collection,noun,Sammlung,B1,OBJECTS,
collection,noun,Sammlung,B1,GROUP,
collection,noun,Sammlung,B2,TAKING AWAY,people: actions
collector,noun,Kollektor,B2,,people: actions
collect yourself/your thoughts,phrase,sammle dich/deine Gedanken,C2,,
college,noun,Hochschule,A2,,"education, buildings"
collocation,noun,Kollokation,B2,,
colon,noun,Doppelpunkt,B2,,communication
colour,noun,Farbe,C2,INTEREST,
colour,noun,Farbe,A1,"RED/BLUE, ETC.",describing things
colour,noun,Farbe,C2,SKIN,
colour,verb,Farbe,C2,AFFECT,
colour,verb,Farbe,A1,,people: actions
colourful,adjective,bunt,B1,BRIGHT,describing things
colourful,adjective,bunt,B2,UNUSUAL,
column,noun,Spalte,B2,PRINTING,arts and media
column,noun,Spalte,C1,NUMBERS/WORDS,
column,noun,Spalte,B2,BUILDING,buildings
comb,noun,Kamm,A2,,people: appearance
comb,verb,Kamm,B1,,"people: actions, people: appearance"
combat,noun,Kampf,C2,,
combat,verb,Kampf,C2,,
combination,noun,Kombination,B2,,
combine,verb,kombinieren,B2,,people: actions
come,verb,kommen,A1,MOVE TO SPEAKER,people: actions
come,verb,kommen,A1,GO WITH SOMEONE,people: actions
come,verb,kommen,A1,ARRIVE,"people: actions, travel"
come,verb,kommen,A2,BE AVAILABLE,shopping
come,verb,kommen,B2,HAPPEN,
come about,phrasal verb,zustande kommen,C2,,
come across,phrasal verb,rüberkommen,C1,SEEM,people: personality
come across,phrasal verb,rüberkommen,C2,CLEAR,
come across sb/sth,phrasal verb,auf etw. stoßen,B2,,people: actions
"come after/first/last, etc.",phrase,kommen nach/zuerst/zuletzt usw.,B1,,shopping
come along,phrasal verb,kommen,B1,GO WITH SOMEONE,people: actions
come along,phrasal verb,kommen,B2,ARRIVE,
come along,phrasal verb,kommen,C2,EXIST,
"come apart/off, etc.",phrase,auseinanderfallen/abfallen usw.,C2,,
comeback,noun,Komm zurück,C2,,
come back,phrasal verb,Komm zurück,A2,,people: actions
come between sb,phrasal verb,dazwischen kommen,C2,,relationships
come by sth,phrasal verb,Komm vorbei,C2,,
comedian,noun,Komiker,B2,,arts and media
come down,phrasal verb,herunter kommen,B2,LOWER LEVEL,money
come down,phrasal verb,herunter kommen,B2,FALL,
come down to sth/doing sth,phrasal verb,darauf kommen/tun,C2,,
come down with sth,phrasal verb,komm runter mit,B2,,body and health
comedy,noun,Komödie,B1,,arts and media
come easily/easy/naturally,phrase,kommt leicht/einfach/natürlich,C1,,
come first,phrase,kommt zuerst,C1,,
come from swh/sth,phrasal verb,kommen von sw/etw,A1,,
come/get straight to the point,phrase,komm/komme direkt zur Sache,B2,,communication
come/get to grips with sth,phrase,kommen/sich damit auseinandersetzen,C2,IDIOM,
come/go into effect,phrase,in Kraft treten/gehen,C2,,
come in,phrasal verb,Komm herein,A2,ENTER,people: actions
come in,phrasal verb,Komm herein,C2,BE INVOLVED,
come in for sth,phrasal verb,Kommen Sie vorbei,C2,,
come in handy,phrase,nützlich sein,C2,,
come into being,phrase,entstehen,C2,,
come into sth,phrasal verb,reinkommen,C2,,money
come in useful,phrase,zustatten kommen,C2,,
come off,phrasal verb,komm raus,C1,,
come on,phrasal verb,Komm schon,C1,START,
Come on!,phrase,Aufleuchten!,B1,ENCOURAGEMENT,communication
come out,phrasal verb,herauskommen,B1,BECOME AVAILABLE,"arts and media, shopping"
come out,phrasal verb,herauskommen,C2,BE REMOVED,
come out,phrasal verb,herauskommen,B1,SUN,natural world
come out,phrasal verb,herauskommen,B2,INFORMATION,
come out,phrasal verb,herauskommen,C2,TELL,
come out,phrasal verb,herauskommen,C2,BE SAID,communication
come out,phrasal verb,herauskommen,C2,BECOME KNOWN,
come out of sth,phrasal verb,komm raus,C2,,
come over,phrasal verb,komm vorbei,C1,MOVE TOWARDS,
come over,phrasal verb,komm vorbei,C2,SEEM,
come over sb,phrasal verb,komm vorbei,C1,,
come round,phrasal verb,komm vorbei,A2,VISIT,people: actions
come round,phrasal verb,komm vorbei,C2,AGREE,
come round,phrasal verb,komm vorbei,C1,BECOME CONSCIOUS,body and health
come through,phrasal verb,durchkommen,C2,,
come through (sth),phrasal verb,durch (etw) kommen,C2,,
come to do sth,phrase,"Kommen Sie, um es zu tun",C2,,
come to light,phrase,ans Licht kommen,C2,,
come to mind,phrase,kommen mir in den Sinn,C1,,
come to sth,phrasal verb,komm zu,B2,TOTAL,
come to sth,phrasal verb,komm zu,B2,DIFFERENT STATE,
come to terms with sth,phrase,sich damit abfinden,C2,,
come to the/sb's rescue,phrase,jdm zu Hilfe kommen,C2,,
come to think of it,phrase,"Komm, wenn ich darüber nachdenke",C2,,communication
come true,phrase,wahr werden,B1,,
come under fire,phrase,unter Beschuss geraten,C2,IDIOM,
come under sth,phrasal verb,unterkommen,C1,LIST,
come under sth,phrasal verb,unterkommen,C1,EXPERIENCE,
come up,phrasal verb,aufkommen,B2,MOVE TOWARDS,people: actions
come up,phrasal verb,aufkommen,B2,BE MENTIONED,communication
come up,phrasal verb,aufkommen,C1,OPPORTUNITY,
come up,phrasal verb,aufkommen,B2,SUN/MOON,natural world
come up,phrasal verb,aufkommen,C1,PROBLEM,
come up,phrasal verb,aufkommen,C1,COMPUTER,technology
come up against sth,phrasal verb,stoßen auf,C1,,
come up with sth,phrasal verb,kommen Sie mit,B2,,communication
comfort,noun,Komfort,B2,NO PAIN,people: personality
comfort,noun,Komfort,C1,PLEASANT THING,
comfort,noun,Komfort,C2,ENOUGH MONEY,
comfort,noun,Komfort,C2,FOR SADNESS,
comfort,verb,Komfort,C2,,
comfortable,adjective,komfortabel,B1,PERSON,people: personality
comfortable,adjective,komfortabel,A2,CLOTHES/FURNITURE,describing things
comfortable,adjective,komfortabel,B2,WITHOUT WORRIES,people: personality
comfortable,adjective,komfortabel,C2,MONEY,money
comfortably,adverb,bequem,B2,,
comforting,adjective,tröstlich,C2,,
comic,noun,komisch,A2,,arts and media
comic,adjective,komisch,B1,,arts and media
comma,noun,Komma,B1,,communication
command,noun,Befehl,B2,ORDER,communication
command,noun,Befehl,B2,KNOWLEDGE,people: personality
command,noun,Befehl,C1,COMPUTER,
command,noun,Befehl,C2,CONTROL,
commander,noun,Kommandant,C2,,
commemorate,verb,gedenken,C2,,
commence,verb,beginnen,C2,,
comment,noun,Kommentar,B1,THING SAID,communication
comment,verb,Kommentar,B2,,communication
commerce,noun,Handel,B2,,"shopping, work"
commercial,adjective,kommerziell,B2,BUYING AND SELLING,"shopping, work"
commercial,noun,kommerziell,B2,,arts and media
commercial,adjective,kommerziell,C2,FOR PROFIT,
commit,verb,begehen,B2,DO,"crime, people: actions"
commit,verb,begehen,C2,DECISION,
commitment,noun,Engagement,B2,LOYALTY,people: personality
commitment,noun,Engagement,B2,ACTIVITY,
committed,adjective,engagiert,C2,,people: personality
committee,noun,Ausschuss,B2,,work
commodity,noun,Ware,C1,,
common,adjective,gemeinsam,B1,USUAL,
common,adjective,gemeinsam,B1,SHARED,
common,adjective,gemeinsam,C1,ORDINARY,
common knowledge,phrase,allgemein bekannt,B2,,
commonly,adverb,häufig,C1,,
common sense,noun,gesunder Menschenverstand,B1,,
communicate,verb,kommunizieren,B1,SHARE INFORMATION,communication
communicate,verb,kommunizieren,B2,BE UNDERSTOOD,communication
communication,noun,Kommunikation,B1,,communication
communicative,adjective,gesprächig,B2,,"communication, people: personality"
community,noun,Gemeinschaft,B2,GROUP OF PEOPLE,relationships
community,noun,Gemeinschaft,B2,IN ONE AREA,relationships
commute,verb,pendeln,C1,,travel
companion,noun,Begleiter,B2,,relationships
company,noun,Unternehmen,A2,BUSINESS,work
company,noun,Unternehmen,B2,OTHER PEOPLE,relationships
comparable,adjective,vergleichbar,C1,,describing things
comparative,noun,vergleichend,A2,ADJECTIVE,
comparative,adjective,vergleichend,C1,,
"comparative comfort/freedom/silence, etc.",phrase,vergleichender Komfort/Freiheit/Stille usw.,C2,,describing things
"comparatively cheap/easy/little, etc.",phrase,vergleichsweise günstig/einfach/wenig usw.,C1,,describing things
compare,verb,vergleichen,B1,EXAMINE DIFFERENCES,
compared to/with sb/sth,phrase,verglichen mit/mit/etw,B2,,
compare notes,phrase,Notizen vergleichen,C1,,communication
comparison,noun,Vergleich,B2,,
compatible,adjective,kompatibel,C2,PEOPLE,people: personality
compatible,adjective,kompatibel,C1,EQUIPMENT,technology
compatible,adjective,kompatibel,C2,IDEAS,
compensate,verb,kompensieren,C1,MONEY,money
compensate,verb,kompensieren,C2,MAKE BETTER,
compete,verb,wetteifern,B2,SUCCESS,
compete,verb,wetteifern,B1,SPORT,"people: actions, shopping"
competence,noun,Kompetenz,C1,,
competent,adjective,kompetent,C1,,people: personality
competition,noun,Wettbewerb,A2,EVENT,shopping
competition,noun,Wettbewerb,B2,BUSINESS/JOBS,work
competitive,adjective,wettbewerbsfähig,B2,SITUATION,shopping
competitive,adjective,wettbewerbsfähig,B2,PERSON,people: personality
competitive,adjective,wettbewerbsfähig,B2,PRICES/SERVICES,shopping
competitor,noun,Wettbewerber,B1,,shopping
compile,verb,kompilieren,C1,,
complain,verb,beschweren,B1,,communication
complain of sth,phrasal verb,sich beschweren,B1,,"body and health, communication"
complaint,noun,Beschwerde,B1,SOMETHING WRONG,communication
complaint,noun,Beschwerde,C1,ANNOYING THING,
complete,verb,vollständig,A2,MAKE WHOLE,people: actions
complete,verb,vollständig,A2,WRITE,"communication, people: actions"
complete,verb,vollständig,A2,FINISH,people: actions
complete,adjective,vollständig,B1,WHOLE,
complete,adjective,vollständig,B1,TOTAL,communication
completely,adverb,vollständig,B1,,communication
completion,noun,Fertigstellung,C1,,
complex,adjective,Komplex,B2,,
complex,noun,Komplex,C2,MENTAL,body and health
complex,noun,Komplex,C1,BUILDINGS,buildings
complexion,noun,Teint,C2,,body and health
complexity,noun,Komplexität,C2,,
complicate,verb,komplizieren,C1,,
complicated,adjective,kompliziert,B1,,
complication,noun,Komplikation,C1,DIFFICULTY,
complication,noun,Komplikation,C2,MEDICAL PROBLEM,body and health
compliment,noun,Kompliment,C2,PRAISE,
compliment,verb,Kompliment,C1,,
complimentary,adjective,kostenlos,C2,FREE,
complimentary,adjective,kostenlos,C2,PRAISING,
comply,verb,einhalten,C1,,
component,noun,Komponente,C1,MACHINE,
component,noun,Komponente,C1,FEATURE,
compose,verb,komponieren,B2,BE MADE OF,
compose,verb,komponieren,B2,MUSIC,arts and media
composer,noun,Komponist,B2,,"arts and media, work"
composition,noun,Zusammensetzung,B1,WRITING,"communication, education"
composition,noun,Zusammensetzung,C2,PARTS,
composition,noun,Zusammensetzung,B2,MUSIC,arts and media
composition,noun,Zusammensetzung,C2,ARRANGEMENT,arts and media
composition,noun,Zusammensetzung,C2,WRITING MUSIC,arts and media
comprehensive,adjective,umfassend,C1,,
comprehensively,adverb,umfassend,C1,,
comprise,verb,umfassen,C1,CONSIST,
comprise,verb,umfassen,C1,FORM,
compromise,verb,Kompromiss,B2,AGREE,communication
compromise,noun,Kompromiss,B2,,communication
compromise,verb,Kompromiss,C2,HARM,
compulsive,adjective,zwanghaft,C2,HABIT,
compulsive,adjective,zwanghaft,C2,INTERESTING,
compulsory,adjective,obligatorisch,B2,,
computer,noun,Computer,A1,,technology
conceal,verb,verbergen,C2,,
concede,verb,zugeben,C2,ADMIT,
concede,verb,zugeben,C2,GIVE,
conceited,adjective,eingebildet,C2,,people: personality
conceive,verb,begreifen,C2,IMAGINE,
conceive,verb,begreifen,C2,IDEA,
conceive,verb,begreifen,C2,BABY,body and health
concentrate,verb,konzentrieren,B1,THINK CAREFULLY,
concentration,noun,Konzentration,B2,THOUGHT,
concentration,noun,Konzentration,C2,LARGE AMOUNT,
concept,noun,Konzept,B2,,
conception,noun,Konzeption,C2,,
concern,verb,Sorge,B2,INVOLVE,
concern,verb,Sorge,B2,BE ABOUT,
concern,verb,Sorge,C1,WORRY,
concern,noun,Sorge,B2,WORRY,people: personality
concern,noun,Sorge,B2,IMPORTANT THING,people: personality
concerned,adjective,betroffen,B2,WORRIED,people: personality
concerned,adjective,betroffen,C2,AFFECTED,
concerning,preposition,betreffend,B2,,
concert,noun,Konzert,A2,,arts and media
concession,noun,Konzession,C2,AGREEMENT,
concession,noun,Konzession,C2,LOW PRICE,money
conclude,verb,abschließen,C1,DECIDE,
conclude,verb,abschließen,C1,END,communication
conclusion,noun,Abschluss,B1,JUDGMENT,
conclusion,noun,Abschluss,C2,END,
conclusive,adjective,schlüssig,C2,,
conclusively,adverb,schlüssig,C2,,
concrete,noun,Beton,B2,,
concrete,adjective,Beton,C1,CERTAIN,
concrete,adjective,Beton,C2,REAL,
condemn,verb,verurteilen,C2,,communication
condition,noun,Zustand,B1,STATE,
condition,noun,Zustand,B2,ILLNESS,body and health
condition,noun,Zustand,C1,AGREEMENT,
condition,verb,Zustand,C2,,
conditions,phrase,Bedingungen,B1,,
conduct,verb,Benehmen,B2,ORGANIZE,people: actions
conduct,verb,Benehmen,B2,MUSIC,arts and media
conductor,noun,Leiter,B2,,"arts and media, work"
conduct yourself,phrase,Verhalten Sie sich,C2,,
conference,noun,Konferenz,B1,,communication
confess,verb,bekennen,B2,,communication
confession,noun,Geständnis,B2,,communication
confidence,noun,Vertrauen,B2,CERTAIN,people: personality
confidence,noun,Vertrauen,C2,TRUST,
confident,adjective,zuversichtlich,B1,ABILITY,people: personality
confident,adjective,zuversichtlich,B2,CERTAIN,
confidential,adjective,vertraulich,C1,,
confidently,adverb,selbstbewusst,B2,,people: personality
confine,verb,beschränken,C2,,
confirm,verb,bestätigen,B1,MAKE ARRANGEMENT CERTAIN,communication
confirm,verb,bestätigen,B2,PROVE TRUE,communication
confirmation,noun,Bestätigung,B2,,communication
conflict,noun,Konflikt,B2,DISAGREEMENT,"communication, relationships"
conflict,noun,Konflikt,B2,FIGHTING,people: actions
confront,verb,konfrontieren,C2,ACCUSE,
confront,verb,konfrontieren,C2,DEAL WITH,
confrontation,noun,Konfrontation,C2,,
confuse,verb,verwechseln,B2,THINK ONE IS ANOTHER,
confuse,verb,verwechseln,B2,NOT THINK CLEARLY,people: personality
confused,adjective,verwirrt,B2,NOT CLEAR,
confused,adjective,verwirrt,B1,NOT UNDERSTAND,people: personality
confusing,adjective,verwirrend,B1,,people: personality
confusion,noun,Verwirrung,B2,NOT UNDERSTAND,people: personality
confusion,noun,Verwirrung,B2,SITUATION,
confusion,noun,Verwirrung,B2,THOUGHT,
congestion,noun,Stau,C1,,travel
congratulate,verb,gratulieren,B2,,"communication, people: personality"
congratulations,exclamation,Glückwunsch,A2,,"communication, people: personality"
conjunction,noun,Verbindung,B2,GRAMMAR,
connect,verb,verbinden,B1,JOIN,people: actions
connect,verb,verbinden,C2,INVOLVE,
connection,noun,Verbindung,B1,JOINING THINGS,
connection,noun,Verbindung,B2,INVOLVEMENT,
connection,noun,Verbindung,B2,TRAVEL,travel
conquer,verb,erobern,C1,,
conscience,noun,Gewissen,C2,,
conscientious,adjective,gewissenhaft,C1,,people: personality
conscious,adjective,bewusst,C1,AWAKE,body and health
consciousness,noun,Bewusstsein,B2,AWAKE,body and health
consciousness,noun,Bewusstsein,C1,AWARE,
consecutive,adjective,aufeinanderfolgend,C2,,
consensus,noun,Konsens,C2,,
consent,verb,Zustimmung,C2,,
consent,noun,Zustimmung,C1,,
consequence,noun,Folge,B2,RESULT,
consequently,adverb,folglich,B2,,communication
conservation,noun,Erhaltung,B2,NATURE,natural world
conservation,noun,Erhaltung,C1,NOT WASTE,
conservative,adjective,konservativ,C1,,
consider,verb,halten,B1,THINK CAREFULLY,
consider,verb,halten,C1,FACTS,
consider,verb,halten,C1,MAY BE TRUE,
consider,verb,halten,C2,THINK OF OTHERS,people: personality
considerable,adjective,beträchtlich,B2,,
considerably,adverb,wesentlich,B2,,
considerate,adjective,rücksichtsvoll,C1,,
consideration,noun,Rücksichtnahme,B2,CAREFUL THOUGHT,
consideration,noun,Rücksichtnahme,B2,IMPORTANT FACT,
consideration,noun,Rücksichtnahme,C2,KINDNESS,
considering,preposition,angesichts,B2,,communication
consider sb/sth (to be) sth,phrase,erwägen/etwas (sein),B2,,
consistent,adjective,konsistent,C2,NOT CHANGING,
consistently,adverb,konsequent,C2,,
consistent with sth,phrase,im Einklang mit,C2,,
consist of sth,phrasal verb,bestehen aus,B1,,
consonant,noun,Konsonant,B1,,communication
constant,adjective,Konstante,C2,SAME LEVEL,
constant,adjective,Konstante,B2,A LOT,
constantly,adverb,ständig,B2,,
constitute,verb,bilden,C1,,
constitution,noun,Verfassung,C1,LAWS,politics
constitution,noun,Verfassung,C2,HEALTH,body and health
constitutional,adjective,verfassungsgemäß,C2,,politics
constrain,verb,einschränken,C2,,
constraint,noun,Zwang,C2,,
construct,verb,Konstrukt,B2,,people: actions
construction,noun,Konstruktion,B2,BUILDING WORK,"buildings, people: actions, work"
construction,noun,Konstruktion,B2,WORDS,communication
construction,noun,Konstruktion,B2,LARGE BUILDING,buildings
constructive,adjective,konstruktiv,C1,,
consult,verb,konsultieren,C1,GET INFORMATION,
consult,verb,konsultieren,C1,DISCUSS,
consultant,noun,Berater,B2,,"communication, work"
consultation,noun,Beratung,C2,DISCUSSING,
consultation,noun,Beratung,C2,MEETING,
consume,verb,verbrauchen,B2,EAT OR DRINK,"food and drink, people: actions"
consume,verb,verbrauchen,C1,USE RESOURCE,people: actions
consumer,noun,Verbraucher,B2,,shopping
consumption,noun,Verbrauch,C1,,people: actions
contact,noun,Kontakt,A2,PERSON,"relationships, work"
contact,noun,Kontakt,C2,EYE,
contact,noun,Kontakt,B1,COMMUNICATION,communication
contact,noun,Kontakt,C1,TOUCH,
contact,verb,Kontakt,A2,,"communication, people: actions"
contain,verb,enthalten,B1,INSIDE,
contain,verb,enthalten,B2,PART,
contain,verb,enthalten,C2,EMOTION,
container,noun,Container,B2,,
contemplate,verb,überlegen,C2,,
contemporary,adjective,zeitgenössisch,B2,,
contempt,noun,Verachtung,C2,,people: personality
content,adjective,Inhalt,B2,,people: personality
content,noun,Inhalt,B2,IDEAS,
content,noun,Inhalt,C2,AMOUNT,
contents,noun,Inhalt,B1,THINGS INSIDE,
contents,noun,Inhalt,B1,INFORMATION,arts and media
contents,noun,Inhalt,B2,BOOK,arts and media
contest,noun,Wettbewerb,B1,,shopping
contestant,noun,Kandidat,C1,,"arts and media, shopping"
context,noun,Kontext,B2,FACTS,
context,noun,Kontext,C1,LANGUAGE,
continent,noun,Kontinent,B1,,natural world
continental,adjective,kontinental,C2,,
continual,adjective,kontinuierlich,C1,,
continually,adverb,ständig,C1,,
continue,verb,weitermachen,B1,BEGIN AGAIN,people: actions
continue,verb,weitermachen,B1,NEVER STOP,
continuity,noun,Kontinuität,C2,,
continuous,adjective,kontinuierlich,B2,GRAMMAR,
continuous,adjective,kontinuierlich,B2,WITHOUT STOPPING,
continuously,adverb,ständig,B2,,
contraception,noun,Empfängnisverhütung,C2,,body and health
contraceptive,noun,Verhütungsmittel,C2,,body and health
contract,noun,Vertrag,B1,,"communication, work"
contract,verb,Vertrag,C2,AGREEMENT,
contract,verb,Vertrag,C2,DISEASE,body and health
contradict,verb,widersprechen,C2,DIFFERENT,
contradict,verb,widersprechen,C1,SAY SOMEONE IS WRONG,
contradiction,noun,Widerspruch,C2,,
contradictory,adjective,widersprüchlich,C2,,
contrary,adjective,Gegenteil,C2,OPPOSITE,
contrary to sth,phrase,entgegen,C1,,
contrast,noun,Kontrast,B2,DIFFERENCE,
contrast,verb,Kontrast,C2,DIFFERENCE,
contrast,verb,Kontrast,C2,COMPARE,
contribute,verb,beitragen,B2,GIVE,"money, people: actions"
contribute,verb,beitragen,C1,WRITE,
contribution,noun,Beitrag,B2,,people: actions
control,verb,Kontrolle,B1,HAVE POWER OVER,people: actions
control,verb,Kontrolle,B1,STAY CALM,people: personality
control,verb,Kontrolle,B2,LIMIT,people: actions
control,verb,Kontrolle,B2,RULE,politics
control,noun,Kontrolle,B2,POWER,
control,noun,Kontrolle,B2,EQUIPMENT,technology
control,noun,Kontrolle,B2,LAW,
control,noun,Kontrolle,B2,OFFICIAL PLACE,
control,noun,Kontrolle,C1,CALM,people: personality
controversial,adjective,umstritten,B2,,
controversy,noun,Kontroverse,C1,,
convenience,noun,Bequemlichkeit,B2,BEING EASY,
convenience,noun,Bequemlichkeit,C1,HELPFUL THING,
convenient,adjective,komfortabel,B1,EASY/SUITABLE,
convenient,adjective,komfortabel,B1,NEAR,
conveniently,adverb,bequem,B2,,
convention,noun,Konvention,C1,MEETING,"communication, politics"
convention,noun,Konvention,C1,CUSTOM,
conventional,adjective,konventionell,B2,TRADITIONAL,
conventional wisdom,phrase,konventionelle Weisheit,C1,,
conversation,noun,Gespräch,A1,,communication
conversion,noun,Konvertierung,C2,,
convert,verb,konvertieren,B2,CHANGE,people: actions
convert,verb,konvertieren,C2,RELIGION,
convey,verb,vermitteln,C1,,
convict,verb,Sträfling,C2,,crime
conviction,noun,Überzeugung,C2,CRIME,crime
conviction,noun,Überzeugung,C2,BELIEF,
convince,verb,überzeugen,B1,,communication
convinced,adjective,überzeugt,B2,,people: personality
convincing,adjective,überzeugend,C1,,
cook,verb,kochen,A1,,"food and drink, people: actions"
cook,noun,kochen,A2,,"food and drink, work"
cooker,noun,Kocher,A2,,food and drink
cookie,noun,Plätzchen,C2,,technology
cooking,noun,Kochen,A2,,"food and drink, people: actions"
cool,exclamation,Cool,A2,,communication
cool,adjective,Cool,A2,GOOD,describing things
cool,adjective,Cool,B1,SLIGHTLY COLD,natural world
cool,adjective,Cool,C1,CALM,people: personality
cool,adjective,Cool,C2,UNFRIENDLY,people: personality
cool,verb,Cool,B2,,
cool down/off (sb/sth) or cool (sb/sth) down/off,phrasal verb,cool down/off (jdm/etw) oder cool (jdm/etw) down/off,B2,BECOME LESS HOT,
cool down/off (sb/sth) or cool (sb/sth) down/off,phrasal verb,cool down/off (jdm/etw) oder cool (jdm/etw) down/off,B2,BECOME CALMER,people: personality
coolness,noun,Kühle,C1,COLD,
coolness,noun,Kühle,C2,CALM,people: personality
coolness,noun,Kühle,C2,UNFRIENDLY,people: personality
cooperate,verb,zusammenarbeiten,B2,HELP,people: actions
cooperate,verb,zusammenarbeiten,B2,WORK TOGETHER,"people: actions, relationships"
cooperation,noun,Zusammenarbeit,B2,,people: actions
cooperative,adjective,Kooperative,B2,,people: personality
cope,verb,bewältigen,B2,,people: actions
copper,noun,Kupfer,B2,,natural world
copy,verb,Kopie,A2,PRODUCE,people: actions
copy,verb,Kopie,B2,CHEAT,people: actions
copy,verb,Kopie,B2,BEHAVE,people: actions
copy,noun,Kopie,B2,SINGLE ONE,
copy,noun,Kopie,B1,MADE THE SAME,
coral,noun,Koralle,C2,,natural world
core,noun,Kern,C2,IMPORTANT PART,
core,noun,Kern,C2,FRUIT,food and drink
corn,noun,Mais,B1,,food and drink
corner,noun,Ecke,C2,PLACE,
corner,noun,Ecke,A2,WHERE LINES MEET,
corporate,adjective,Unternehmen,C1,,
corporation,noun,Gesellschaft,B2,,work
corpse,noun,Leichnam,C2,,body and health
correct,verb,richtig,B2,SHOW MISTAKE,
correct,adjective,richtig,A2,ACCURATE,
correct,adjective,richtig,B1,SUITABLE,
correct,verb,richtig,B2,MAKE RIGHT,
correction,noun,Korrektur,B1,,
correctly,adverb,korrekt,B1,,
correspond,verb,entsprechen,B2,BE SIMILAR,
correspond,verb,entsprechen,B2,WRITE,"communication, people: actions"
corresponding,adjective,entsprechend,C2,,
corridor,noun,Korridor,B2,,buildings
corrupt,adjective,korrupt,C1,,people: personality
corrupt,verb,korrupt,C1,,people: personality
corruption,noun,Korruption,C1,MAKE DISHONEST,
corruption,noun,Korruption,C1,BAD BEHAVIOUR,"crime, people: personality"
cosmopolitan,adjective,kosmopolitisch,C1,,
cost,noun,kosten,A2,MONEY,"money, shopping"
cost,noun,kosten,B2,THING GIVEN,
cost,verb,kosten,A2,MONEY,"money, shopping"
cost,verb,kosten,B2,LOSE,
costume,noun,Kostüm,B2,PARTY/FILM/PLAY,"arts and media, clothes"
costume,noun,Kostüm,B2,TYPICAL OF COUNTRY,clothes
cosy,adjective,gemütlich,B1,,
cottage,noun,Hütte,B1,,buildings
cotton,noun,Baumwolle,B1,,
cough,verb,Husten,B1,,"body and health, people: actions"
cough,noun,Husten,B1,,body and health
could,modal verb,könnte,A2,PAST ABILITY,
could,modal verb,könnte,B1,SUGGESTION,communication
could,modal verb,könnte,A2,REQUEST,communication
could,modal verb,könnte,B1,POSSIBLY HAPPEN,
could,modal verb,könnte,B1,ASK PERMISSION,communication
could have,phrase,hätte haben können,B2,,
"could/may/might, etc. yet",phrase,könnte/dürfte/könnte usw. schon,C2,,
couldn't have,phrase,hätte nicht sein können,B2,,
council,noun,Rat,B2,,politics
counselling,noun,Beratung,C2,,
counsellor,noun,Berater,C2,,work
count,verb,zählen,B1,SEE HOW MANY,people: actions
count,verb,zählen,B1,SAY NUMBERS,communication
count,verb,zählen,B2,BE IMPORTANT,
count,verb,zählen,C2,BE ACCEPTED,
count,verb,zählen,C2,CONSIDER,
count,verb,zählen,C2,INCLUDE,
count,noun,zählen,C2,NUMBER,
counter,noun,Schalter,C2,DISC,shopping
counter,noun,Schalter,B2,SURFACE,"buildings, shopping"
counterpart,noun,Gegenstück,C1,,work
countless,adjective,unzählige,C1,,
count noun,noun,Substantiv zählen,B1,,
count on sb,phrasal verb,rechnen Sie damit,B2,,
count on sth,phrasal verb,rechnen Sie damit,B2,,
country,noun,Land,A1,POLITICAL UNIT,"natural world, politics"
countryside,noun,Landschaft,A2,,natural world
count sb in,phrasal verb,mitzählen,C2,,
count towards sth,phrasal verb,zählen dazu,C2,,
count up sb/sth or count sb/sth up,phrasal verb,hochzählen/etw. oder zählen/etw. hochzählen,C2,,
county,noun,County,B2,,"natural world, politics"
coup,noun,Coup,C2,,politics
couple,noun,Paar,B1,SOME,describing things
couple,noun,Paar,B1,TWO PEOPLE,relationships
courage,noun,Mut,B2,BRAVE,people: personality
courageous,adjective,mutig,C1,,people: personality
courgette,noun,Zucchini,B1,,food and drink
course,noun,Kurs,A1,CLASSES,education
course,noun,Kurs,A2,MEAL,food and drink
course,noun,Kurs,B1,SPORTS AREA,shopping
course,noun,Kurs,C2,DEVELOPMENT,
course of action,phrase,Vorgehensweise,C1,,
court,noun,Gericht,B2,LAW,crime
court,noun,Gericht,B1,SPORT,shopping
courteous,adjective,höflich,C2,,people: personality
courtesy,noun,Anstand,B2,,people: personality
cousin,noun,Cousin,A2,,relationships
cover,verb,Abdeckung,A2,PUT,people: actions
cover,verb,Abdeckung,B1,DEAL WITH,
cover,verb,Abdeckung,B1,LAYER,
cover,verb,Abdeckung,B2,AREA,
cover,verb,Abdeckung,B2,DISTANCE,"people: actions, travel"
cover,verb,Abdeckung,C1,REPORT,"arts and media, people: actions"
cover,verb,Abdeckung,C1,FINANCIAL PROTECTION,money
cover,verb,Abdeckung,C1,MONEY,money
cover,noun,Abdeckung,B1,BOOK,
cover,noun,Abdeckung,B1,PROTECTION,
cover,noun,Abdeckung,C1,FINANCIAL,money
cover,noun,Abdeckung,C1,FROM WEATHER/ATTACK,
coverage,noun,Abdeckung,C1,REPORT,arts and media
cover (sth) up or cover up (sth),phrasal verb,(etw) vertuschen oder (etw) vertuschen,C2,,
cover sth up or cover up sth,phrasal verb,vertuschen oder vertuschen,C1,,people: actions
cow,noun,Kuh,A1,,animals
coward,noun,Feigling,B2,,people: personality
cowardly,adjective,feige,B2,,people: personality
crab,noun,Krabbe,B2,,"animals, food and drink"
crack,verb,Riss,B2,BREAK,people: actions
crack,noun,Riss,C2,LINE,
crack a joke,phrase,einen Witz machen,C1,,
crackdown,noun,hartes Durchgreifen,C2,,
crack down,phrasal verb,hart durchgreifen,C2,,
crack (sb) up,phrasal verb,(jdn) zusammenbrechen lassen,C2,,
crack up,phrasal verb,reiß dich zusammen,C2,,body and health
craft,noun,Handwerk,B2,,arts and media
cramp sb's style,phrase,Cramps Stil,C2,,
crash,verb,Absturz,B1,VEHICLE,"people: actions, travel"
crash,verb,Absturz,B2,COMPUTER,technology
crash,verb,Absturz,C1,MONEY,money
crash,noun,Absturz,B1,VEHICLE,travel
crash,noun,Absturz,B2,LOUD NOISE,
crash,noun,Absturz,C1,BUSINESS,money
crave,verb,sich sehnen,C2,,
craving,noun,Verlangen,C2,,
crawl,verb,kriechen,B2,HANDS AND KNEES,people: actions
crawl,verb,kriechen,C2,INSECT,
crawl,noun,kriechen,C1,SPEED,
crawl,noun,kriechen,C1,SWIMMING,
craziness,noun,Verrücktheit,C2,,
crazy,adjective,verrückt,A2,STUPID,people: personality
crazy,adjective,verrückt,B2,ANGRY,people: personality
cream,noun,Creme,A2,FOOD,food and drink
cream,noun,Creme,B1,FOR SKIN,people: appearance
cream,noun,Creme,A2,COLOUR,describing things
cream,adjective,Creme,A2,,describing things
create,verb,erstellen,B1,,people: actions
creation,noun,Schaffung,B2,,
creative,adjective,kreativ,B1,,people: personality
creatively,adverb,kreativ,B2,,people: personality
creativity,noun,Kreativität,B2,,people: personality
creature,noun,Kreatur,B1,,animals
credibility,noun,Glaubwürdigkeit,C2,,
credit,noun,Kredit,B1,MONEY,money
credit,noun,Kredit,B1,PAYMENT,"money, shopping"
credit,noun,Kredit,B2,COURSE,education
credit,noun,Kredit,B2,PRAISE,people: personality
credit card,noun,Kreditkarte,A1,,"money, shopping"
creep,noun,kriechen,C2,UNPLEASANT,
"creep along/down/in/out, etc.",phrase,entlang/nach unten/hinein/heraus kriechen usw.,C2,,people: actions
crew,noun,Crew,B1,SHIP/AIRCRAFT,"travel, work"
crew,noun,Crew,B2,TEAM,work
cricket,noun,Kricket,A2,SPORT,shopping
cricket,noun,Kricket,C2,INSECT,crime
ILLEGAL ACTIVITIES,noun,ILLEGALE AKTIVITÄTEN,B1,,crime
crime,noun,Verbrechen,B1,ILLEGAL ACT,crime
criminal,noun,kriminell,B1,,crime
criminal,adjective,kriminell,B2,CRIME,crime
crisis,noun,Krise,B2,,
crisp,noun,knackig,A2,,food and drink
crisp,adjective,knackig,C2,MATERIAL,describing things
crisp,adjective,knackig,C2,WEATHER,natural world
criterion,noun,Kriterium,C1,,
critic,noun,Kritiker,B2,ARTS,"arts and media, work"
critic,noun,Kritiker,C1,NOT APPROVE,
critical,adjective,kritisch,B2,NOT PLEASED,communication
critical,adjective,kritisch,B2,SERIOUS,
critical,adjective,kritisch,B2,IMPORTANT,
critical,adjective,kritisch,C2,OPINIONS,arts and media
critically,adverb,kritisch,B2,,
criticism,noun,Kritik,B2,,communication
criticize,verb,kritisieren,B2,,communication
crocodile,noun,Krokodil,B2,,animals
crop,noun,Ernte,B1,,"food and drink, natural world"
cross,verb,kreuzen,A2,OTHER SIDE,people: actions
cross,verb,kreuzen,C2,LINE/BORDER,
cross,noun,kreuzen,A1,MARK,communication
cross,noun,kreuzen,B1,RELIGION,
crossing,noun,Kreuzung,B1,WHERE PEOPLE CROSS,travel
crossing,noun,Kreuzung,C1,TRIP BY WATER,
crossroads,noun,Kreuzung,B2,,travel
cross sb's path,phrase,Kreuzweg,C2,IDIOM,
cross your mind,phrase,geht dir durch den Kopf,B2,IDIOM,
cross your mind,phrase,geht dir durch den Kopf,B2,,
crowd,verb,Menge,C1,,
crowd,noun,Menge,A2,,
crowded,adjective,überfüllt,A2,,
crucial,adjective,entscheidend,B2,,
crude,adjective,grob,C2,RUDE,
crude,adjective,grob,C2,WITHOUT SKILL,
cruel,adjective,grausam,B1,,people: personality
cruelly,adverb,grausam,B2,,people: personality
cruelty,noun,Grausamkeit,B2,,people: personality
cruise,noun,Kreuzfahrt,B1,,travel
cruise,verb,Kreuzfahrt,B2,,travel
crumble,verb,zerbröckeln,C2,,
crush,noun,zerquetschen,C2,CROWD,
crush,verb,zerquetschen,C2,,
crush,noun,zerquetschen,C2,LOVE,
cry,verb,weinen,A2,PRODUCE TEARS,people: personality
cry,verb,weinen,B1,SHOUT,communication
cry,noun,weinen,B1,,communication
cry,noun,weinen,C2,ANIMAL/BIRD,animals
cry out (sth),phrasal verb,schreien (etw),C2,,communication
crystal,noun,Kristall,C2,GLASS,
crystal clear,phrase,kristallklar,C2,,
crystal clear,phrase,kristallklar,C1,,
cry your eyes out,phrase,weine dir die Augen aus,C2,,
cucumber,noun,Gurke,B1,,food and drink
cultivate,verb,pflegen,C1,GROW,
cultivate,verb,pflegen,C2,DEVELOP,
cultivation,noun,Anbau,C1,,
cultural,adjective,kulturell,B1,WAY OF LIFE,
cultural,adjective,kulturell,B1,ARTS,arts and media
culturally,adverb,kulturell,B2,,
culture,noun,Kultur,B1,SOCIETY,relationships
culture,noun,Kultur,B1,ARTS,arts and media
cunning,adjective,listig,C2,,
cup,noun,Tasse,A1,DRINKING CONTAINER,food and drink
cup,noun,Tasse,B1,SPORT,shopping
cupboard,noun,Schrank,A2,,buildings
curb,verb,Bordstein,C2,,
cure,verb,Heilung,B2,HEALTHY,body and health
cure,verb,Heilung,C1,PROBLEM,
cure,noun,Heilung,B2,,body and health
curiosity,noun,Neugier,B2,,people: personality
curious,adjective,neugierig,B1,,people: personality
curiously,adverb,neugierig,B1,WANTING TO KNOW,people: personality
curiously,adverb,neugierig,B2,STRANGELY,
curly,adjective,lockig,B1,,describing things
currency,noun,Währung,B1,,money
current,adjective,aktuell,B2,,
currently,adverb,momentan,B2,,
curriculum,noun,Lehrplan,B1,,education
curry,noun,Curry,A2,,food and drink
cursor,noun,Cursor,B2,,technology
curtain,noun,Vorhang,A2,,buildings
curve,noun,Kurve,B2,,describing things
cushion,noun,Kissen,B1,CLOTH BAG,buildings
cushion,noun,Kissen,C2,PROTECTION,
custody,noun,Gewahrsam,C2,CHILD,
custody,noun,Gewahrsam,C2,PRISON,crime
custom,noun,Brauch,B1,,
customary,adjective,üblich,C1,,
customer,noun,Kunde,A2,,shopping
customs,noun,Zoll,B1,,travel
cut,verb,schneiden,B1,INJURE,body and health
cut,verb,schneiden,A2,USE KNIFE,people: actions
cut,verb,schneiden,B2,REDUCE,people: actions
cut,verb,schneiden,B2,FILM/WRITING,"arts and media, people: actions"
cut,noun,schneiden,B1,INJURY,body and health
cut,noun,schneiden,C1,REDUCTION,
cut,noun,schneiden,B2,STOP IN SUPPLY,
cut across sth,phrasal verb,quer schneiden,B2,DIRECTION,people: actions
cut across sth,phrasal verb,quer schneiden,C1,GROUP,
cutback,noun,Abbau,C1,,
cut back (sth),phrasal verb,(etw) zurückschneiden,C2,,
cut down sth or cut sth down,phrasal verb,abschneiden oder abschneiden,B2,REMOVE,people: actions
cut down sth or cut sth down,phrasal verb,abschneiden oder abschneiden,B2,DIET,"food and drink, people: actions"
cut down sth or cut sth down,phrasal verb,abschneiden oder abschneiden,B2,REDUCE,people: actions
cutlery,noun,Besteck,C2,,
cut off sb/sth or cut sb/sth off,phrasal verb,etw abschneiden oder etw abschneiden,B2,STOP PROVIDING,people: actions
cut off sb/sth or cut sb/sth off,phrasal verb,etw abschneiden oder etw abschneiden,B2,BE TRAPPED,
cut out sth or cut sth out,phrasal verb,ausschneiden oder ausschneiden,C1,SHAPE,people: actions
cut out sth or cut sth out,phrasal verb,ausschneiden oder ausschneiden,C1,STOP EATING,
cut sth short or cut short sth,phrase,kurz schneiden oder kurz schneiden,C2,,
cutting-edge,adjective,"innovativ, auf dem neuesten Stand",C1,,
cut up sth or cut sth up,phrasal verb,zerschneiden oder zerschneiden,B1,,people: actions
CV,noun,Lebenslauf,B1,,"communication, work"
cycle,noun,Zyklus,B2,SERIES OF EVENTS,
cycle,noun,Zyklus,B2,BICYCLE,travel
cycle,verb,Zyklus,B1,,"people: actions, travel"
cycling,noun,Radfahren,A2,,"people: actions, shopping, travel"
cyclist,noun,Radfahrer,B1,,travel
cynical,adjective,zynisch,C2,,people: personality
dad,noun,Papa,A1,,relationships
daily,adjective,täglich,A2,EVERY DAY,
daily,adverb,täglich,A2,,
daily life,phrase,Alltag,B1,,
dairy,adjective,Molkerei,B2,,food and drink
damage,noun,Schaden,B1,,
damage,verb,Schaden,B1,,people: actions
damaged,adjective,beschädigt,B1,,describing things
damn,exclamation,Verdammt,B1,,
damp,adjective,Feuchte,B2,,natural world
dance,noun,tanzen,A1,MOVING,"arts and media, people: actions"
dance,verb,tanzen,A1,,"arts and media, people: actions"
dance,noun,tanzen,A2,OCCASION,arts and media
dance,noun,tanzen,A2,ACTIVITY,arts and media
dance,noun,tanzen,B1,STEPS,"arts and media, people: actions"
dancer,noun,Tänzer,A2,,arts and media
dancing,noun,Tanzen,A1,,"arts and media, people: actions"
danger,noun,Gefahr,B1,THREAT,
danger,noun,Gefahr,A2,POSSIBILITY OF HARM,
dangerous,adjective,gefährlich,A2,,people: personality
dangerously,adverb,gefährlich,B1,,people: personality
dare sb to do sth,phrase,trau dich,C1,,
dare (to) do sth,phrase,wagen (zu) tun,B2,,people: personality
dark,adjective,dunkel,A1,NOT PALE,describing things
dark,adjective,dunkel,A2,NO LIGHT,
dark,adjective,dunkel,C1,BAD,
darkness,noun,Dunkelheit,B2,,
darkness/night falls,phrase,Dunkelheit/Nacht bricht herein,C2,,
darling,noun,Schatz,B2,,relationships
dash,verb,Bindestrich,B2,,people: actions
dash,noun,Bindestrich,B2,QUICK MOVEMENT,people: actions
dash,noun,Bindestrich,B2,PUNCTUATION,communication
dash,noun,Bindestrich,C2,AMOUNT,food and drink
data,noun,Daten,B2,FACTS,communication
data,noun,Daten,B2,COMPUTER,technology
database,noun,Datenbank,B2,,technology
date,noun,Datum,A1,PARTICULAR DAY,
date,noun,Datum,B1,ARRANGED TIME,
date,noun,Datum,B1,GOING OUT,relationships
date,noun,Datum,C1,FRUIT,food and drink
date,verb,Datum,B1,WRITE DATE ON,communication
date back,phrasal verb,Datum zurück,B2,,
dated,adjective,datiert,C2,,describing things
date from sth,phrasal verb,stammen aus,B2,,
daughter,noun,Tochter,A1,,relationships
daughter-in-law,noun,Schwiegertochter,B2,,relationships
dawn,noun,Dämmerung,B2,START OF DAY,natural world
dawn on sb,phrasal verb,Morgendämmerung,C2,,
day24,noun,Tag24,A1,HOURS,
day,noun,Tag,A2,LIGHT HOURS,
day,noun,Tag,A2,WORK HOURS,work
"day after day/year after year, etc.",phrase,Tag für Tag/Jahr für Jahr usw.,B1,,
"day by day/little by little/one by one, etc.",phrase,Tag für Tag/nach und nach/eins nach dem anderen usw.,B2,,
daycare,noun,Kindertagesstätte,C1,,
daydream,verb,Tagtraum,C1,,
daylight,noun,Tageslicht,B2,,natural world
days,phrase,Tage,C1,,
daytime,noun,Tageszeit,B2,,
day-to-day,adjective,Tag für Tag,C1,,
dazed,adjective,benommen,C2,,
dazzle,verb,blenden,C2,EXTREMELY GOOD,
dazzle,verb,blenden,C2,LIGHT,
dazzling,adjective,blendend,C2,EXCITING,
dazzling,adjective,blendend,C2,BRIGHT,
dead,adjective,tot,A2,NOT ALIVE,
dead,adjective,tot,B2,EQUIPMENT,
dead,adjective,tot,C2,QUIET,
dead,adjective,tot,C2,COMPLETE,
dead,adjective,tot,C2,BODY,body and health
dead,adverb,tot,C1,EXTREMELY,
deadline,noun,Frist,B2,,work
deadly,adjective,tödlich,B2,,
"deadly dull/serious, etc.",phrase,tödlich langweilig/ernst usw.,C1,,
deaf,adjective,taub,B1,,body and health
deal,noun,handeln,B2,AGREEMENT,work
dealer,noun,Händler,B2,,"shopping, work"
deal with sb,phrasal verb,bewältigen,B2,,"communication, people: actions"
deal with sth,phrasal verb,bewältigen,B1,,people: actions
dear,adjective,Liebling,A1,IN LETTERS,communication
dear,adjective,Liebling,B2,LIKED,people: personality
Dear Madam,phrase,Sehr geehrte Frau,B2,,communication
Dear Sir,phrase,Lieber Herr,B2,,communication
dear to sb/sb's heart,phrase,jemandem am Herzen liegen,C2,,
death,noun,Tod,B1,END OF LIFE,
"death/firing/hit, etc. squad",phrase,Todes-/Schuss-/Trefferkommando usw,C2,,
debate,noun,Debatte,B2,,"communication, politics"
debate,verb,Debatte,C2,,"communication, politics"
debit,noun,Lastschrift,B2,,money
debit,verb,Lastschrift,B2,,money
debit card,noun,Debitkarte,B2,,"money, shopping"
debt,noun,Schulden,B2,AMOUNT OWING,money
debt,noun,Schulden,B2,STATE OF OWING,money
debut,noun,Debüt,C1,,
decade,noun,Jahrzehnt,B2,,
decaffeinated,adjective,entkoffeiniert,C2,,food and drink
decay,noun,Verfall,C2,,
decay,verb,Verfall,B2,,
deceased,adjective,verstorben,C2,DEAD,
deceive,verb,täuschen,B2,,"people: actions, people: personality"
December,noun,Dezember,A1,,
decent,adjective,anständig,B2,SATISFACTORY,describing things
decent,adjective,anständig,B2,HONEST,people: personality
deception,noun,Täuschung,C2,,
deceptive,adjective,trügerisch,C2,,
decide,verb,entscheiden,C2,RESULT,
decide,verb,entscheiden,A2,CHOOSE,people: actions
deciding factor,phrase,entscheidender Faktor,C2,,
decision,noun,Entscheidung,B1,,people: actions
decisive,adjective,entscheidend,B2,MAKING DECISIONS,people: personality
decisive,adjective,entscheidend,C1,AFFECTING,
decisively,adverb,entscheidend,C2,,
deck,noun,Deck,B2,,travel
declaration,noun,Erklärung,C1,,politics
declare,verb,erklären,B2,EXPRESS,"communication, politics"
declare,verb,erklären,B1,STATE VALUE/AMOUNT,"communication, money"
decline,verb,Abfall,B2,GET LESS,
decline,verb,Abfall,B2,REFUSE,communication
decline,noun,Abfall,B2,,
decorate,verb,schmücken,B1,MAKE ATTRACTIVE,people: actions
decorate,verb,schmücken,B1,PAINT ROOM,people: actions
decoration,noun,Dekoration,B2,PAINT,
decoration,noun,Dekoration,B2,MAKE ATTRACTIVE,
decorative,adjective,dekorativ,B2,,describing things
decrease,verb,verringern,B1,,
decrease,noun,verringern,B1,,
dedicated,adjective,gewidmet,C1,GIVING TIME/ENERGY,
dedicated,adjective,gewidmet,C2,FOR PURPOSE,
dedicate sth to sb,phrase,widmen,C2,,
dedicate your life/yourself to sth,phrase,widme dein Leben/sich selbst,C1,,
dedication,noun,Hingabe,C1,,
deduce,verb,ableiten,C2,,
deduction,noun,Abzug,C1,AMOUNT,
deduction,noun,Abzug,C2,FACT,
deem,verb,denken,C2,,
deep,adjective,tief,A2,TOP TO BOTTOM,describing things
deep,adjective,tief,B1,COLOUR,describing things
deep,adjective,tief,B2,SOUND,describing things
deep,adjective,tief,B2,STRONGLY FELT,people: personality
deep,adjective,tief,C2,SERIOUS,
deep,adverb,tief,B1,LONG WAY INTO,describing things
deep down,phrase,tief im Inneren,B2,,people: personality
deepen,verb,vertiefen,C2,WORSE/STRONGER,
deepen,verb,vertiefen,C1,KNOWLEDGE,
deep in thought/conversation,phrase,tief in Gedanken/Gespräch versunken,C2,,
deeply,adverb,tief,B2,,communication
deer,noun,Reh,B2,,animals
defeat,verb,Verlust,B2,CAUSE TO FAIL,"people: actions, politics"
defeat,verb,Verlust,B1,WIN,"people: actions, shopping"
defeat,noun,Verlust,B2,FAILING,politics
defeat,noun,Verlust,B1,LOSING,shopping
defect,noun,Defekt,C1,,
defective,adjective,defekt,C2,,describing things
defence,noun,Verteidigung,B1,SPORT,shopping
defence,noun,Verteidigung,B2,PROTECTION,communication
defence,noun,Verteidigung,C1,MILITARY,politics
defend,verb,verteidigen,B2,SUPPORT,communication
defend,verb,verteidigen,B1,PROTECT,people: actions
defend,verb,verteidigen,C1,LAW,crime
defender,noun,Verteidiger,B2,,shopping
defensive,adjective,Defensive,C2,,people: personality
deficiency,noun,Mangel,C1,FAULT,
deficiency,noun,Mangel,C2,NOT ENOUGH,
deficit,noun,Defizit,C1,,
define,verb,definieren,B2,GIVE MEANING,communication
definite,adjective,definitiv,B2,,
definite article,noun,bestimmter Artikel,B1,,
definitely,adverb,definitiv,B1,,
definitely not,phrase,definitiv nicht,C1,,communication
definition,noun,Definition,C1,IMAGE,
definition,noun,Definition,B2,MEANING,communication
definitive,adjective,endgültig,C2,,
defy,verb,trotzen,C2,,
"defy belief/description/explanation, etc.",phrase,sich dem Glauben/der Beschreibung/der Erklärung usw. widersetzen.,C2,,
degree,noun,Grad,A2,TEMPERATURE,describing things
degree,noun,Grad,B1,QUALIFICATION,education
degree,noun,Grad,B2,AMOUNT,describing things
delay,verb,Verzögerung,A2,MAKE HAPPEN LATER,people: actions
delay,noun,Verzögerung,A2,LONG WAIT,
delay,verb,Verzögerung,B1,CAUSE LATENESS,
delegate,noun,delegieren,C1,,
delegate,verb,delegieren,C2,,
delegation,noun,Delegation,C2,,politics
delete,verb,löschen,B1,,"communication, people: actions, technology"
deliberate,adjective,absichtlich,B2,,
deliberately,adverb,absichtlich,B2,,
delicate,adjective,empfindlich,B2,SOFT,describing things
delicate,adjective,empfindlich,C1,NEEDING CARE,
delicate,adjective,empfindlich,B2,EASY TO DAMAGE,describing things
delicate,adjective,empfindlich,C2,ATTRACTIVE,"describing things, people: appearance"
delicious,adjective,lecker,B1,,"describing things, food and drink"
delight,noun,Freude,B2,,people: personality
delighted,adjective,erfreut,B1,,people: personality
delightful,adjective,entzückend,B2,,describing things
deliver,verb,liefern,B1,TAKE,people: actions
deliver,verb,liefern,C1,PROMISE,
"deliver a speech/talk, etc.",phrase,eine Rede/einen Vortrag halten usw.,B2,,"communication, politics"
delivery,noun,Lieferung,B1,,people: actions
demand,verb,Nachfrage,B2,NEED,
demand,verb,Nachfrage,B1,REQUEST,communication
demand,noun,Nachfrage,B1,REQUEST,communication
demand,noun,Nachfrage,B2,NEED,
demanding,adjective,anspruchsvoll,B2,,
democracy,noun,Demokratie,B2,,politics
democratic,adjective,demokratisch,B2,,politics
demolish,verb,zerstören,B2,DESTROY,people: actions
demolish,verb,zerstören,C2,PROVE WRONG,
demonstrate,verb,zeigen,B2,PROVE,
demonstrate,verb,zeigen,B2,MARCH,"people: actions, politics"
demonstrate,verb,zeigen,C1,SHOW HOW,"communication, people: actions"
demonstrate,verb,zeigen,C2,EXPRESS,
demonstration,noun,Demonstration,B2,MARCH,"people: actions, politics"
demonstration,noun,Demonstration,C1,SHOWING,people: actions
demonstration,noun,Demonstration,C1,PROOF,
denial,noun,Verweigerung,C2,,
denim,noun,Denim,B2,,
dense,adjective,dicht,B2,,describing things
densely,adverb,dicht,B2,,describing things
density,noun,Dichte,C1,,
dental,adjective,zahnmedizinisch,B2,,body and health
dentist,noun,Zahnarzt,A2,,"body and health, work"
deny,verb,leugnen,B2,NOT TRUE,communication
deny,verb,leugnen,B2,REFUSE,people: actions
deodorant,noun,Deodorant,C1,,body and health
depart,verb,abweichen,B1,,travel
department,noun,Abteilung,A2,,"education, work"
department store,noun,Kaufhaus,A2,,shopping
departure,noun,Abfahrt,B1,LEAVING,travel
dependence,noun,Abhängigkeit,C2,,
dependent,adjective,abhängig,B2,NEEDING SUPPORT,
dependent on/upon sth,phrase,abhängig von/auf,C1,,
depend on/upon sb/sth,phrasal verb,von/auf/etw. abhängen,B1,BE INFLUENCED BY,
depend on/upon sb/sth,phrasal verb,von/auf/etw. abhängen,B2,NEED,
depend on/upon sb/sth,phrasal verb,von/auf/etw. abhängen,B2,RELY,relationships
depict,verb,abbilden,C2,,
deposit,noun,Kaution,B1,BUYING,"money, shopping"
deposit,noun,Kaution,C1,BANK,
deposit,noun,Kaution,C2,SUBSTANCE,
deposit,verb,Kaution,C1,,
deposit,noun,Kaution,C1,RENT,
depressed,adjective,gedrückt,B1,UNHAPPY,"body and health, people: personality"
depressed,adjective,gedrückt,C2,ECONOMY,money
depressing,adjective,deprimierend,B2,,people: personality
depression,noun,Depression,B2,UNHAPPINESS,"body and health, people: personality"
depression,noun,Depression,C2,ECONOMY,money
deprivation,noun,Entbehrung,C2,,
deprive,verb,berauben,B2,,people: actions
deprived,adjective,beraubt,C1,,
depth,noun,Tiefe,B1,DISTANCE DOWN,describing things
depth,noun,Tiefe,B2,SERIOUSNESS,people: personality
depth,noun,Tiefe,C2,AMOUNT,
deputy,noun,Stellvertreter,C1,,politics
"derive comfort/pleasure, etc. from sth",phrase,daraus Trost/Vergnügen usw. ziehen,C2,,
derive (sth) from sth,phrasal verb,(etw) ableiten von,C1,,
descend,verb,absteigen,B2,,people: actions
descendant,noun,Nachkomme,C2,,
describe,verb,beschreiben,A2,,communication
description,noun,Beschreibung,B1,,communication
desert,noun,Wüste,A2,,natural world
deserted,adjective,verlassen,C1,,
deserve,verb,verdienen,B1,,
design,noun,Design,B1,PROCESS,
design,noun,Design,B1,DECORATION,
design,noun,Design,B1,PLANNING,
design,noun,Design,C1,DRAWING,
design,verb,Design,B1,PLAN,people: actions
designer,noun,Designer,B1,,"arts and media, work"
designer,adjective,Designer,B2,,clothes
desirable,adjective,wünschenswert,B2,,people: personality
desire,noun,Wunsch,B2,,people: personality
desire,verb,Wunsch,C1,,
desk,noun,Schreibtisch,A1,,buildings
desktop,noun,Desktop,B2,COMPUTER SCREEN,technology
desktop,noun,Desktop,B2,COMPUTER,technology
despair,noun,verzweifeln,B2,,people: personality
desperate,adjective,verzweifelt,B2,WITHOUT HOPE,people: personality
desperate,adjective,verzweifelt,C2,SERIOUS,describing things
desperate,adjective,verzweifelt,B2,NEEDING,people: personality
desperately,adverb,verzweifelt,B2,TRYING EVERYTHING,people: personality
desperately,adverb,verzweifelt,B2,SERIOUSLY,communication
desperation,noun,Verzweiflung,C2,,
despite,preposition,trotz,B1,,communication
despite the fact that,phrase,"trotz der Tatsache, dass",B2,,
dessert,noun,Nachtisch,A2,,food and drink
destination,noun,Ziel,B1,,travel
destiny,noun,Bestimmung,C1,POWER,
destiny,noun,Bestimmung,C1,FUTURE,
destroy,verb,zerstören,B1,,people: actions
destruction,noun,Zerstörung,B2,,
detached,adjective,losgelöst,C1,BUILDING,buildings
detached,adjective,losgelöst,C2,NOT EMOTIONAL,people: personality
detail,noun,Detail,B1,FACT,
detailed,adjective,detailliert,B2,,
details,phrase,Details,A2,,communication
detect,verb,erkennen,C1,,
detective,noun,Detektiv,B1,,"crime, work"
deteriorate,verb,verschlechtern,C1,,
determination,noun,Bestimmung,B2,,people: personality
determine,verb,bestimmen,C1,FIND,
determine,verb,bestimmen,C1,DECIDE,
determined,adjective,bestimmt,B2,,people: personality
determiner,noun,Bestimmer,B2,,
deterrent,noun,abschreckend,C2,,
detrimental,adjective,schädlich,C2,,
devastated,adjective,verwüstet,C1,,people: personality
devastating,adjective,zerstörerisch,C1,SHOCKING,
devastating,adjective,zerstörerisch,C2,DESTROYING,
devastation,noun,Verwüstung,C2,,describing things
develop,verb,entwickeln,B1,MAKE,people: actions
develop,verb,entwickeln,B1,CHANGE,
develop,verb,entwickeln,B2,ILLNESS,body and health
develop,verb,entwickeln,C2,HAPPEN,
developed,adjective,entwickelt,B2,,politics
developer,noun,Entwickler,C1,PRODUCTS,"technology, work"
developer,noun,Entwickler,C2,LAND,work
developing,adjective,Entwicklung,B2,,politics
development,noun,Entwicklung,B1,CHANGE,
development,noun,Entwicklung,B1,PROCESS,people: actions
development,noun,Entwicklung,B2,EVENT,
development,noun,Entwicklung,C2,START,
device,noun,Gerät,B2,EQUIPMENT,technology
devil,noun,Teufel,B2,EVIL BEING,
devil,noun,Teufel,C2,BADLY-BEHAVED PERSON,
devise,verb,entwerfen,C2,,
devoted,adjective,hingebungsvoll,B2,,people: personality
devote sth to sb/sth,phrasal verb,sich etw. widmen,B2,USE TIME,people: actions
devote sth to sb/sth,phrasal verb,sich etw. widmen,B2,USE SPACE,people: actions
devote yourself to sth,phrasal verb,widme dich,C1,,people: actions
diagnose,verb,diagnostizieren,C2,,body and health
diagnosis,noun,Diagnose,C2,,body and health
diagram,noun,Diagramm,B1,,communication
dial,verb,wählen,B1,,"communication, people: actions, technology"
dialect,noun,Dialekt,C2,,communication
dialogue,noun,Dialog,B2,"IN BOOK, ETC.","arts and media, communication"
dialogue,noun,Dialog,C2,DISCUSSION,communication
diamond,noun,Diamant,B2,STONE,natural world
diamond,noun,Diamant,B2,SHAPE,describing things
diarrhoea,noun,Durchfall,C2,,body and health
diary,noun,Tagebuch,A2,FOR THOUGHTS,
diary,noun,Tagebuch,A2,FOR ARRANGEMENTS,
dice,noun,Würfel,C2,,shopping
dice,verb,Würfel,C2,,food and drink
dictate,verb,diktieren,C1,,
dictionary,noun,Wörterbuch,A1,,education
die,verb,sterben,A1,STOP LIVING,
die down,phrasal verb,sterben,C2,,
die out,phrasal verb,aussterben,B2,,
diesel,noun,Diesel,C1,,travel
diet,noun,Diät,B1,USUAL FOOD,"body and health, food and drink"
diet,noun,Diät,B1,WEIGHT LOSS,body and health
differ,verb,abweichen,B2,,
difference,noun,Unterschied,A2,WAY,
difference,noun,Unterschied,B1,AMOUNT,
difference,noun,Unterschied,C2,DISAGREEMENT,
different,adjective,anders,A1,NOT SAME,describing things
different,adjective,anders,B1,SEPARATE,describing things
differentiate,verb,unterscheiden,C1,SEE DIFFERENCE,
differentiate,verb,unterscheiden,C2,MAKE DIFFERENT,
differently,adverb,anders,B1,,
differ/vary widely,phrase,sich stark unterscheiden/variieren,B2,,
difficult,adjective,schwierig,B1,NOT FRIENDLY,people: personality
difficult,adjective,schwierig,A1,NOT EASY,
difficulty,noun,Schwierigkeit,B1,NOT EASY,
difficulty,noun,Schwierigkeit,B2,PROBLEM,
dig,verb,graben,B1,MOVE SOIL,people: actions
dig a hole/tunnel,phrase,ein Loch/einen Tunnel graben,B2,,people: actions
digest,verb,verdauen,C1,FOOD,body and health
digest,verb,verdauen,C1,INFORMATION,
digestion,noun,Verdauung,C1,,body and health
digital,adjective,digital,A2,SYSTEM,technology
digital,adjective,digital,B1,DISPLAY,technology
digital camera,noun,Digitalkamera,A2,,"arts and media, technology"
dignified,adjective,würdevoll,C2,,people: personality
dignity,noun,Würde,C2,,people: personality
dilemma,noun,Dilemma,B2,,
dim,adjective,schwach,C2,NOT BRIGHT,
dim,verb,schwach,C2,,
dimension,noun,Dimension,B2,ASPECT,
dimension,noun,Dimension,B2,MEASUREMENT,describing things
diminish,verb,verringern,C1,,
dining room,noun,Esszimmer,A1,,buildings
dinner,noun,Abendessen,A1,,food and drink
dinosaur,noun,Dinosaurier,A2,,animals
dip,verb,tauchen,B2,PUT INTO LIQUID,people: actions
dip,verb,tauchen,B2,BECOME LOWER,
diploma,noun,Diplom,A2,,education
diplomacy,noun,Diplomatie,C2,COUNTRIES,politics
diplomacy,noun,Diplomatie,C2,PEOPLE,people: personality
diplomat,noun,Diplomat,B2,,"politics, work"
diplomatic,adjective,diplomatisch,C1,GOVERNMENTS,politics
diplomatic,adjective,diplomatisch,C2,PEOPLE,people: personality
diplomatically,adverb,diplomatisch,C2,,"people: personality, politics"
direct,adjective,direkt,B1,STRAIGHT,
direct,adjective,direkt,B2,NOTHING BETWEEN,
direct,adjective,direkt,C1,CLEAR,
direct,verb,direkt,B1,FILM/PLAY,"arts and media, people: actions"
direct,verb,direkt,B1,ROUTE,"communication, people: actions"
direct,verb,direkt,C1,ORGANIZE,
direction,noun,Richtung,B1,WAY,
direction,noun,Richtung,C1,CONTROL,
direction,noun,Richtung,C2,DEVELOPMENT,
directions,noun,Wegbeschreibungen,A2,,communication
directly,adverb,direkt,B1,NOTHING BETWEEN,
directly,adverb,direkt,B2,CLEARLY,
director,noun,Direktor,B1,MANAGER,work
director,noun,Direktor,B1,FILM/PLAY,"arts and media, work"
directory,noun,Verzeichnis,C1,,
"direct sth against/at/towards, etc. sb/sth",phrase,direkt gegen/an/gegen usw./etw,C1,,
dirt,noun,Schmutz,B1,,
dirty,adjective,schmutzig,A2,,describing things
disability,noun,Behinderung,B2,,body and health
disabled,adjective,deaktiviert,B1,,body and health
disadvantage,noun,Nachteil,B1,MAKING DIFFICULT,
disadvantaged,adjective,benachteiligt,C1,,
disagree,verb,verschiedener Meinung sein,B1,,communication
disagreement,noun,Uneinigkeit,B2,,communication
disappear,verb,verschwinden,B1,NOT SEE,
disappear,verb,verschwinden,B1,NOT FIND,
disappear,verb,verschwinden,B2,STOP EXISTING,
disappearance,noun,Verschwinden,B2,,
disappear/vanish into thin air,phrase,verschwinden/in Luft aufgehen,C2,IDIOM,
disappoint,verb,enttäuschen,B1,,people: personality
disappointed,adjective,enttäuscht,B1,,people: personality
disappointing,adjective,enttäuschend,B1,,people: personality
disappointment,noun,Enttäuschung,B1,FEELING,people: personality
disappointment,noun,Enttäuschung,B1,PERSON/THING,people: personality
disapproval,noun,Missbilligung,C1,,people: personality
disapprove,verb,missbilligen,B2,,people: personality
disaster,noun,Katastrophe,B2,DAMAGE,
disaster,noun,Katastrophe,B2,FAILURE,
disastrous,adjective,katastrophal,C1,,describing things
disc,noun,Scheibe,B1,RECORDING,arts and media
disc,noun,Scheibe,B2,SHAPE,describing things
disc,noun,Scheibe,C2,BACK,body and health
discipline,noun,Disziplin,B2,RULES,education
discipline,noun,Disziplin,C1,SELF CONTROL,people: personality
discipline,noun,Disziplin,C2,KNOWLEDGE,education
disc jockey,noun,Discjockey,B1,,"arts and media, work"
disclose,verb,offenbaren,C2,,
disco,noun,Disko,A2,,
discomfort,noun,Unbehagen,C2,PAIN,"body and health, people: personality"
discomfort,noun,Unbehagen,C1,SITUATION,
discomfort,noun,Unbehagen,C2,MENTAL FEELING,
discontent,noun,Unzufriedenheit,C1,,
discount,noun,Rabatt,A2,,"money, shopping"
discourage,verb,entmutigen,B2,MAKE LESS CONFIDENT,communication
discourage,verb,entmutigen,C2,PREVENT,
discourage sb from doing sth,phrase,"davon abhalten, es zu tun",B2,,communication
discover,verb,entdecken,B1,,people: actions
discovery,noun,Entdeckung,B2,FINDING,people: actions
discovery,noun,Entdeckung,C1,THING/PERSON,
discreet,adjective,diskret,C2,,
discretion,noun,Diskretion,C2,,
discriminate,verb,diskriminieren,C1,TREAT UNFAIRLY,
discriminate,verb,diskriminieren,C2,NOTICE,
discrimination,noun,Diskriminierung,C1,,
discuss,verb,diskutieren,A2,,communication
discussion,noun,Diskussion,B1,,communication
disease,noun,Krankheit,B1,,body and health
disgrace,noun,Schande,B2,LOSS OF RESPECT,people: personality
disguise,noun,Verkleidung,B2,,"clothes, people: appearance"
disguise,verb,Verkleidung,B2,DIFFERENT APPEARANCE,"people: actions, people: appearance"
disguise,verb,Verkleidung,C2,HIDE,
disgust,noun,Ekel,C2,,people: personality
disgusted,adjective,angewidert,C1,,
disgusting,adjective,ekelhaft,B1,,describing things
dish,noun,Gericht,A2,CONTAINER,food and drink
dish,noun,Gericht,A2,FOOD,food and drink
dishonest,adjective,unehrlich,B2,,people: personality
dishonestly,adverb,unehrlich,C1,,people: personality
dishonesty,noun,Unehrlichkeit,B2,,people: personality
dishwasher,noun,Spülmaschine,B1,,food and drink
disillusioned,adjective,desillusioniert,C2,,
disk,noun,Scheibe,B1,,technology
dislike,verb,Abneigung,B1,,people: personality
dislike,noun,Abneigung,B2,NOT LIKING,people: personality
disloyal,adjective,illoyal,C2,,
dismay,noun,Bestürzung,C2,,
dismiss,verb,zurückweisen,C1,NOT CONSIDER,
dismiss,verb,zurückweisen,C1,MAKE LEAVE,
dismissal,noun,Entlassung,C1,IDEA,
dismissal,noun,Entlassung,C1,JOB,work
disorder,noun,Störung,C1,ILLNESS,body and health
disorder,noun,Störung,C1,BAD BEHAVIOUR,
disorder,noun,Störung,C2,NOT ORGANIZED,
disorganized,adjective,unorganisiert,B2,OF SOMETHING,
disorganized,adjective,unorganisiert,B2,OF SOMEONE,people: personality
displace,verb,verdrängen,C1,,
displacement,noun,Verschiebung,C1,,
display,noun,Anzeige,B1,ARRANGEMENT,arts and media
display,noun,Anzeige,B1,ON SCREEN,technology
display,noun,Anzeige,B2,SHOW,arts and media
display,verb,Anzeige,B1,ARRANGE,"arts and media, people: actions"
display,verb,Anzeige,B2,ON SCREEN,technology
display,verb,Anzeige,C2,FEELING,
disposable,adjective,Einweg,C2,,
disposable income,noun,verfügbares Einkommen,C2,,money
disposal,noun,Entsorgung,B2,REMOVAL,people: actions
dispose of sth,phrasal verb,entsorgen,C1,,
disposition,noun,Anordnung,C2,,people: personality
dispute,noun,Disput,C2,DISAGREEMENT,communication
dispute,verb,Disput,C2,,
disqualify,verb,disqualifizieren,C2,,
disrespect,noun,Respektlosigkeit,C1,,people: personality
disrespectful,adjective,respektlos,C2,,people: personality
disrupt,verb,stören,B2,,people: actions
disruption,noun,Störung,C1,,
disruptive,adjective,störend,C2,,
dissatisfaction,noun,Unzufriedenheit,B2,,people: personality
dissatisfied,adjective,unzufrieden,B2,,people: personality
dissertation,noun,Dissertation,C1,,education
dissolve,verb,lösen,C1,END,
dissolve,verb,lösen,C2,BECOME LIQUID,
distance,noun,Distanz,B1,LENGTH,describing things
distance,noun,Distanz,B2,PLACE,
distant,adjective,entfernt,B2,FAR AWAY,describing things
distant,adjective,entfernt,C1,NOT FRIENDLY,people: personality
distant,adjective,entfernt,C2,RELATIVE,
distinct,adjective,unterscheidbar,C1,CLEAR,
distinct,adjective,unterscheidbar,C1,DIFFERENT,
distinct,adjective,unterscheidbar,C2,HEAR/SEE,
distinction,noun,Unterscheidung,B2,DIFFERENCE,
distinction,noun,Unterscheidung,C2,QUALITY,
distinctive,adjective,unverwechselbar,C1,,
distinguish,verb,unterscheiden,B2,RECOGNIZE DIFFERENCES,people: actions
distinguish,verb,unterscheiden,B2,SHOW DIFFERENCES,
distinguish,verb,unterscheiden,B2,SEE/HEAR,people: actions
distinguished,adjective,ausgezeichnet,B2,,people: personality
distort,verb,verzerren,C1,,
distract,verb,ablenken,B2,,people: actions
distraction,noun,Ablenkung,C1,NO ATTENTION,
distraction,noun,Ablenkung,C1,FUN,
distress,noun,Not,C1,UPSET,people: personality
distress,noun,Not,C2,DANGER,
distressed,adjective,verzweifelt,C1,,
distressing,adjective,beunruhigend,B2,,people: personality
distribute,verb,verteilen,B2,GIVE OUT,people: actions
distribute,verb,verteilen,C1,SUPPLY,
distribution,noun,Verteilung,C1,SUPPLYING,
distribution,noun,Verteilung,C1,SHARING,
district,noun,Bezirk,B1,,natural world
disturb,verb,stören,B2,INTERRUPT,people: actions
disturb,verb,stören,C2,UPSET,
disturbance,noun,Störung,C1,INTERRUPTION,
disturbance,noun,Störung,C2,FIGHTING,
disturbed,adjective,gestört,C2,,
disturbing,adjective,verstörend,C2,,
dive,verb,tauchen,B1,SWIM UNDER WATER,"people: actions, shopping"
dive,verb,tauchen,B1,ENTER WATER,"people: actions, shopping"
dive,noun,tauchen,B2,ENTRY INTO WATER,"people: actions, shopping"
dive,noun,tauchen,B2,SWIMMING UNDER WATER,"people: actions, shopping"
dive into sth,phrasal verb,eintauchen,C2,,
diver,noun,Taucher,B1,,shopping
diverse,adjective,vielfältig,B2,,
diversity,noun,Diversität,C1,,
divert,verb,umleiten,C2,CHANGE ROUTE,travel
"divert sb's attention/thoughts, etc.",phrase,die Aufmerksamkeit/Gedanken usw. ablenken.,C1,,
divide,verb,teilen,B1,SEPARATE,people: actions
divide,verb,teilen,B2,PLACE,
divide,verb,teilen,C1,NUMBERS,
divide,verb,teilen,C1,DISAGREE,
divide,noun,teilen,C1,,
divided,adjective,geteilt,B2,,
divide sth (up) among/between sb,phrase,untereinander aufteilen,C1,,people: actions
diving,noun,Tauchen,B1,,"people: actions, shopping"
division,noun,Division,B2,PART,
division,noun,Division,B2,ORGANIZATION,work
division,noun,Division,B2,SPORT,shopping
divorce,noun,Scheidung,B1,,relationships
divorce,verb,Scheidung,B2,,relationships
divorced,adjective,geschieden,B1,,relationships
dizzy,adjective,schwindlig,B2,,body and health
DJ,noun,DJ,B1,,"arts and media, work"
DNA,noun,DNA,C2,,
do,auxiliary verb,Tun,A1,QUESTIONS/NEGATIVES,
do,auxiliary verb,Tun,B2,FOR EMPHASIS,communication
do,auxiliary verb,Tun,B1,AVOID REPEATING,
do,verb,Tun,A1,ACTION,people: actions
do,verb,Tun,A1,STUDY,education
do,verb,Tun,A2,MAKE,people: actions
do,verb,Tun,A2,HEALTHY/HAPPY,body and health
do,verb,Tun,A2,SPORT ETC.,"people: actions, shopping"
"do a good/excellent, etc. job",phrase,einen guten/hervorragenden usw. Job machen,B2,,people: actions
do away with sth,phrasal verb,abschaffen,C1,,
do badly/well,phrase,schlecht/gut abschneiden,B1,,education
dock,noun,Dock,C1,,
doctor,noun,Arzt,A1,,"body and health, work"
document,noun,dokumentieren,A2,OFFICIAL INFORMATION,communication
document,noun,dokumentieren,B1,ON COMPUTER,technology
documentary,noun,Dokumentarfilm,B1,,arts and media
"do damage/harm, etc.",phrase,Schaden/Schaden anrichten usw.,B2,,people: actions
do everything in your power to do sth,phrase,"tun Sie alles, was in Ihrer Macht steht",C1,,
dog,noun,Hund,A1,,animals
do/learn sth the hard way,phrase,auf die harte Tour machen/lernen,C2,,
dole sth out,phrasal verb,austeilen,C2,,
doll,noun,Puppe,A1,,shopping
dollar,noun,Dollar,A1,,money
dolphin,noun,Delphin,B1,,animals
domain,noun,Domain,C1,,
domestic,adjective,inländisch,B2,COUNTRY,politics
domestic,adjective,inländisch,B2,HOME,buildings
dominance,noun,Dominanz,C2,,
dominant,adjective,dominant,C1,IMPORTANT,
dominant,adjective,dominant,C2,STRONG,people: personality
dominate,verb,dominieren,B2,HAVE CONTROL,people: actions
dominate,verb,dominieren,C1,BE IMPORTANT,
domination,noun,Herrschaft,C1,,
donate,verb,spenden,B2,GIVE MONEY,"money, people: actions"
donate,verb,spenden,C1,BLOOD/ORGANS,"body and health, people: actions"
donation,noun,Spende,B2,,"money, people: actions"
donkey,noun,Esel,B1,,animals
donor,noun,Spender,C2,BLOOD/ORGANS,body and health
donor,noun,Spender,C2,MONEY/GOODS,money
Don't ask!,phrase,Frag nicht!,B2,,communication
Don't ask me,phrase,Frag mich nicht,B2,,communication
Don't forget...,phrase,Vergiss nicht...,A1,,communication
Don't get me wrong,phrase,Versteh mich nicht falsch,C2,,
don't hesitate to do sth,phrase,"Zögern Sie nicht, dies zu tun",B2,,communication
don't need to do sth/needn't do sth,phrase,muss nicht/muss nicht gemacht werden,A2,,
Don't worry (about sth),phrase,Mach dir keine Sorgen (über),A1,,communication
Don't you dare,phrase,Wage es nicht,C2,,communication
"don't you?/do you?/doesn't she?/does she?, etc.",phrase,nicht wahr?/tun Sie?/nicht wahr?/tut sie? usw.,A2,,communication
doom,noun,Untergang,C2,,
doom and gloom,phrase,Untergang und Finsternis,C2,,
door,noun,Tür,A1,,buildings
doorway,noun,Tür,C2,,buildings
do sb a/the world of good,phrase,eine/die Welt des Guten tun,C2,,
do sb good,phrase,Gutes tun,B2,,
do sb good,phrase,Gutes tun,B2,,body and health
do sb/sth justice; do justice to sb/sth,phrase,etw gerecht werden; etw. gerecht werden,C2,,
dose,noun,Dosis,B2,MEDICINE,body and health
do sth as you see/think fit,phrase,"Tun Sie, was Sie für richtig halten/halten",C2,,
do sth by the book,phrase,Mach es nach Vorschrift,C2,IDIOM,
do sth to excess,phrase,im Übermaß tun,C2,,
dot,noun,Punkt,B1,INTERNET,technology
dot,noun,Punkt,B2,MARK,
"do the cleaning/cooking, etc.",phrase,Putzen/Kochen usw.,A1,,people: actions
do the job,phrase,Mach den Job,C2,IDIOM,
do the trick,phrase,Mach den Trick,C2,,
do/try your best,phrase,Gib/versuche dein Bestes,B1,,
double,adjective,doppelt,A2,,describing things
double,determiner,doppelt,B1,,describing things
double,verb,doppelt,B2,,
doubt,noun,zweifeln,B1,NOT CERTAIN,people: personality
doubt,verb,zweifeln,B2,FEEL UNCERTAIN,people: personality
doubt,verb,zweifeln,C1,NOT BELIEVE,
doubtful,adjective,zweifelhaft,B2,NOT PROBABLE,
doubtful,adjective,zweifelhaft,B2,NOT CERTAIN,people: personality
do up sth or do sth up,phrasal verb,mach es oder mach es,B2,,people: actions
do without (sb/sth),phrasal verb,auf jdn/etw verzichten,B2,,
down,adverb,runter,A2,LOWER POSITION,describing things
down,adverb,runter,A1,SURFACE,describing things
down,adverb,runter,B1,IN WRITING,communication
down,adverb,runter,B1,FAR,describing things
down,preposition,runter,A2,ALONG,describing things
down,preposition,runter,A2,LOWER POSITION,describing things
down,adjective,runter,B2,UNHAPPY,people: personality
down,adjective,runter,C1,NOT WORKING,technology
down and out,phrase,runter und raus,C2,IDIOM,
downhill,adverb,bergab,C2,TOWARDS BOTTOM,
download,verb,herunterladen,A2,,"people: actions, technology"
download,noun,herunterladen,B1,,technology
downside,noun,Nachteil,C1,,
downstairs,adverb,unten,A2,,buildings
downstairs,adjective,unten,B1,,buildings
down the drain,phrase,im Eimer,C2,IDIOM,
down to earth,phrase,auf dem Boden geblieben,C1,IDIOM,
down-to-earth,adjective,auf dem Boden geblieben,C1,,
down under,phrase,unter,C2,IDIOM,
downward,adjective,nach unten,C1,,
downwards,adverb,nach unten,C1,,
Do you mind ...?,phrase,Macht es dir etwas aus ...?,A2,,communication
do your best,phrase,Gib dein Bestes,B1,,
"do your hair/make-up, etc.",phrase,Machen Sie Ihre Haare/Make-up usw.,B1,,"people: actions, people: appearance"
do your own thing,phrase,Mach dein eigenes Ding,C2,IDIOM,
do your utmost,phrase,Gib dein Möglichstes,C1,,
dozen,noun,Dutzend,B1,,describing things
dozens,phrase,Dutzende,C1,,
Dr,noun,Dr,A2,,work
draft,noun,Entwurf,B2,,communication
draft,verb,Entwurf,C1,,"communication, people: actions"
drag,verb,ziehen,B2,PULL,people: actions
drag,verb,ziehen,B1,COMPUTER,"people: actions, technology"
drag,verb,ziehen,C2,TIME,
drag and drop,phrase,Drag & Drop,B1,,"people: actions, technology"
"drag sb along/out/to, etc.",phrase,entlang/heraus/hin ziehen usw.,C2,,people: actions
drain,verb,Abfluss,C2,REMOVE LIQUID,
drain,verb,Abfluss,C2,FLOW AWAY,
drain,verb,Abfluss,C2,MAKE TIRED,
drain,verb,Abfluss,C2,REDUCE,
drain,noun,Abfluss,C2,FOR WATER,
drama,noun,Drama,B1,THEATRE,arts and media
drama,noun,Drama,B1,EXCITEMENT,
dramatic,adjective,dramatisch,B2,,
dramatically,adverb,dramatisch,B2,,
drastic,adjective,drastisch,C1,,
drastically,adverb,drastisch,C1,,
draught,noun,Entwurf,C1,,
draw,verb,ziehen,A1,PICTURE,"arts and media, people: actions"
draw,verb,ziehen,B2,ATTRACT,people: personality
draw,verb,ziehen,C1,SPORT,shopping
draw a comparison/distinction,phrase,einen Vergleich/eine Unterscheidung ziehen,C2,,
draw a conclusion,phrase,eine Schlussfolgerung ziehen,B2,,
drawback,noun,Nachteil,C1,,
drawer,noun,Schublade,A2,,buildings
drawing,noun,Zeichnung,A2,,"arts and media, people: actions"
"draw into/out/away, etc.",phrase,hineinziehen/herausziehen/wegziehen usw.,B2,,people: actions
draw near/close,phrase,näher kommen/nahen,B2,,
draw on sth,phrasal verb,weiter zeichnen,C1,,
draw (sb's) attention to sth/sb,phrase,(jdm) die Aufmerksamkeit auf jdn. lenken,B2,,
draw (sb's) attention to sth/sb,phrase,(jdm) die Aufmerksamkeit auf jdn. lenken,B2,,people: actions
"draw sth/sb across/back/over, etc.",phrase,ziehen/sb quer/zurück/über usw.,C2,,
draw sth up or draw up sth,phrasal verb,ausarbeiten oder ausarbeiten,C1,,
draw the line (at sth),phrase,die Grenze ziehen (bei),C2,IDIOM,
draw to a close/end,phrase,zu Ende gehen/zu Ende gehen,C2,,
dread,verb,Furcht,C2,,
dreadful,adjective,schrecklich,B2,,describing things
dream,noun,Traum,A2,SLEEP,
dream,noun,Traum,B1,HOPE,people: personality
dream,verb,Traum,A2,SLEEP,
dream,verb,Traum,B1,IMAGINE,
dress,noun,Kleid,A1,,clothes
dress,noun,Kleid,B2,STYLE,clothes
dress,verb,Kleid,A2,PUT ON CLOTHES,"clothes, people: actions"
dress,verb,Kleid,B1,WEAR PARTICULAR CLOTHES,clothes
dressed,adjective,gekleidet,A2,WEARING CLOTHES,"clothes, people: appearance"
dressed,adjective,gekleidet,B1,PARTICULAR CLOTHES,"clothes, people: appearance"
drift,verb,Drift,C2,SITUATION,
"drift across/down/towards, etc.",phrase,quer/unten/zu usw. driften,C2,,
drift apart,phrasal verb,auseinander driften,C2,,
drift off,phrasal verb,abdriften,C2,,
drink,noun,trinken,A1,LIQUID,food and drink
drink,verb,trinken,A1,LIQUID,"food and drink, people: actions"
drink,noun,trinken,A2,ALCOHOL,food and drink
drink,verb,trinken,A2,ALCOHOL,"food and drink, people: actions"
drive,verb,fahren,A1,USE VEHICLE,"people: actions, travel"
drive,verb,fahren,C2,MAKE WORK,
drive,noun,fahren,B1,JOURNEY,"people: actions, travel"
drive,noun,fahren,B1,COMPUTER,technology
drive,noun,fahren,C1,ENERGY,people: personality
driver,noun,Treiber,A1,,"travel, work"
"drive sb mad/crazy, etc.",phrase,verrückt/verrückt werden usw.,B2,,people: personality
drive sb/sth out,phrasal verb,rausfahren/etw,C2,,
drive sb to sth; drive sb to do sth,phrase,"fahren zu; fahren, um zu tun",C1,,
drive/send sb round the bend,phrase,um die Kurve fahren/schicken,C2,IDIOM,
driving licence,noun,Führerschein,A2,,travel
drop,verb,fallen,B1,FALL,people: actions
drop,verb,fallen,B2,LOWER,describing things
drop,verb,fallen,B2,STOP ACTIVITY,people: actions
drop,verb,fallen,C1,TAKE,travel
drop,noun,fallen,B1,LIQUID,describing things
drop,noun,fallen,B2,REDUCTION,describing things
drop,noun,fallen,C1,DISTANCE,
drop dead,phrase,tot umfallen,C2,,
drop it/the subject,phrase,Lass es/das Thema fallen,C2,,communication
drought,noun,Trockenheit,C2,,
drown,verb,ertrinken,B2,DIE,
drown,verb,ertrinken,C2,COVER,
drug,noun,Arzneimittel,B2,ILLEGAL SUBSTANCE,body and health
drug,noun,Arzneimittel,B2,MEDICINE,body and health
drum,noun,Trommel,A2,,arts and media
drunk,adjective,betrunken,B2,,food and drink
dry,adjective,trocken,A2,NO RAIN,natural world
dry,adjective,trocken,A2,NOT WET,natural world
dry,adjective,trocken,C1,HAIR/SKIN,body and health
dry,adjective,trocken,C1,WINE,food and drink
dry,adjective,trocken,C2,BORING,describing things
dry,verb,trocken,A2,,
dry up,phrasal verb,austrocknen,C2,,
dual,adjective,Dual,C1,,
dubious,adjective,zweifelhaft,C2,NOT TRUE,
dubious,adjective,zweifelhaft,C2,DOUBTING,
duck,noun,Ente,A2,,animals
due,adjective,fällig,B1,EXPECTED,
due,adjective,fällig,C2,DESERVE,
due,adjective,fällig,C2,BEHAVIOUR,
due to,phrase,wegen,B1,,communication
dull,adjective,langweilig,B1,BORING,
dull,adjective,langweilig,C1,NOT BRIGHT,describing things
dumb,adjective,dumm,C1,,body and health
dump,verb,entsorgen,C1,GET RID OF,
dump,verb,entsorgen,C2,END RELATIONSHIP,
dump,noun,entsorgen,C1,WASTE,
dump,noun,entsorgen,C2,UNTIDY PLACE,
"dump sth on/in/down, etc.",phrase,Dump auf/in/unten usw.,C2,,people: actions
duration,noun,Dauer,C1,,
during,preposition,während,A2,AT SOME TIME IN,
during,preposition,während,A2,THROUGH,
during/in/over the course of sth,phrase,während/im/im Laufe von,C1,,
dust,noun,Staub,B1,,
dustbin,noun,Mülltonne,B1,,buildings
dusty,adjective,staubig,B1,,
duty,noun,Pflicht,B1,RIGHT THING TO DO,
duty,noun,Pflicht,B2,JOB,work
duty-free,adjective,zollfrei,B1,,"money, shopping"
duvet,noun,Bettdecke,B1,,buildings
DVD,noun,DVD,A1,,technology
dwell on/upon sth,phrasal verb,verweilen bei/auf,C1,,
dynamic,adjective,dynamisch,B2,ACTIVE,people: personality
dynamic,adjective,dynamisch,C2,CHANGING,
each,pronoun,jede,A1,,
each,determiner,jede,A1,,
each other,phrase,gegenseitig,A2,,
eager,adjective,erpicht,B2,,people: personality
eagerly,adverb,eifrig,B2,,people: personality
eagerness,noun,Eifer,B2,,people: personality
eagle,noun,Adler,B2,,animals
ear,noun,Ohr,A1,ON HEAD,body and health
earache,noun,Ohrenschmerzen,B1,,body and health
early,adverb,früh,A2,BEFORE,
early,adverb,früh,A1,BEGINNING,
early,adjective,früh,B1,BEFORE,
early,adjective,früh,A2,BEGINNING,
early on,phrase,schon früh,C2,,
earn,verb,verdienen,A2,GET MONEY,"money, work"
earn,verb,verdienen,C2,DESERVE,
earn a/your living,phrase,Verdiene deinen Lebensunterhalt,B2,,
earnings,noun,Verdienst,B2,,"money, work"
earring,noun,Ohrring,A2,,clothes
earth,noun,Erde,B1,PLANET,natural world
earth,noun,Erde,B2,SUBSTANCE,natural world
earthquake,noun,Erdbeben,B2,,natural world
ease,noun,Leichtigkeit,B2,NOT DIFFICULT,
easier said than done,phrase,leichter gesagt als getan,C1,IDIOM,
easily,adverb,leicht,A2,NO DIFFICULTY,
easily,adverb,leicht,C1,LIKELY,
"easily the best/worst/biggest, etc.",phrase,leicht das Beste/Schlechteste/Größte usw.,C2,,
east,noun,Ost,A2,DIRECTION,
east,adverb,Ost,A2,,
east,adjective,Ost,A2,,
eastern,adjective,östlich,B1,EAST PART,
eastern,adjective,östlich,B2,ASIA,
easy,adjective,einfach,A1,,
easygoing,adjective,unbeschwerte,B1,,people: personality
eat,verb,essen,A1,SWALLOW FOOD,"food and drink, people: actions"
eat,verb,essen,A1,HAVE MEAL,"food and drink, people: actions"
eat out,phrasal verb,auswärts essen,B1,,"food and drink, people: actions"
eat up (sth) or eat (sth) up,phrasal verb,(etw) aufessen oder (etw) aufessen,B2,,"food and drink, people: actions"
eccentric,adjective,Exzenter,C2,,people: personality
echo,verb,Echo,C2,SOUND,
echo,verb,Echo,C2,REPEAT,
echo,noun,Echo,C2,SOUND,
ecological,adjective,ökologisch,B2,,natural world
ecologically,adverb,ökologisch,B2,,natural world
ecology,noun,Ökologie,C1,,natural world
economic,adjective,wirtschaftlich,B2,,money
economical,adjective,wirtschaftlich,B2,,money
economic/political/social order,phrase,wirtschaftliche/politische/soziale Ordnung,C2,,
economics,noun,Wirtschaft,B1,,"education, money"
economist,noun,Ökonom,B2,,"education, money, work"
economy,noun,Wirtschaft,B2,,money
edge,noun,Rand,B1,OUTER POINT,
edge,noun,Rand,B2,BLADE,
edible,adjective,essbar,C1,,
edit,verb,bearbeiten,B2,,"communication, people: actions"
edition,noun,Ausgabe,B2,,arts and media
editor,noun,Editor,B2,,"arts and media, work"
educate,verb,erziehen,B2,TEACH,"education, people: actions"
educate,verb,erziehen,B2,GIVE INFORMATION,"communication, people: actions"
educated,adjective,gebildet,B2,,"education, people: personality"
education,noun,Ausbildung,B1,,education
educational,adjective,pädagogisch,B2,,education
effect,noun,Wirkung,B1,RESULT,
effective,adjective,wirksam,B2,,
effectively,adverb,effektiv,B2,SUCCESS,
effectively,adverb,effektiv,C2,REALLY,
effectiveness,noun,Wirksamkeit,C1,,
efficiency,noun,Effizienz,B2,,
efficient,adjective,effizient,B1,,
efficiently,adverb,effizient,B2,,
effort,noun,Bemühung,B1,ATTEMPT,people: actions
effort,noun,Bemühung,B1,ENERGY,
egg,noun,Ei,A1,FOOD,food and drink
egg,noun,Ei,B2,BABY,animals
eight,number,acht,A1,,
eighteen,number,achtzehn,A1,,
eighth,number,achte,A2,,
eighty,number,achtzig,A2,,
either,adverb,entweder,B1,,
either,pronoun,entweder,B1,ONE OF TWO,
either... or,phrase,entweder... oder,B1,,
"either side/end, etc.",phrase,auf beiden Seiten/Enden usw.,B2,,
either way,phrase,So oder so,B1,,
elaborate,adjective,durchdacht,C2,,describing things
elapse,verb,verstreichen,C2,,
elated,adjective,begeistert,C2,,people: personality
elbow,noun,Ellbogen,B1,,body and health
elderly,adjective,ältere Menschen,B1,,people: appearance
elder sister/brother/son/daughter,phrase,ältere Schwester/Bruder/Sohn/Tochter,B1,,"people: appearance, relationships"
"eldest child/brother/daughter, etc.",phrase,ältestes Kind/Bruder/Tochter usw.,B1,,"people: appearance, relationships"
elect,verb,wählen,B2,,"people: actions, politics"
election,noun,Wahl,B1,,politics
electric,adjective,elektrisch,B1,SUPPLY,technology
electric,adjective,elektrisch,A2,EQUIPMENT,technology
electric,adjective,elektrisch,C2,EXCITING,
electrical,adjective,elektrisch,B1,USING ELECTRICITY,technology
electrical,adjective,elektrisch,C1,SUPPLY,
electrician,noun,Elektriker,B2,,"technology, work"
electricity,noun,Strom,A2,,technology
electronic,adjective,elektronisch,B1,EQUIPMENT,technology
electronic,adjective,elektronisch,B1,TECHNOLOGY,technology
electronically,adverb,elektronisch,B2,,technology
electronics,noun,Elektronik,B2,,"education, technology"
elegance,noun,Eleganz,C1,,people: appearance
elegant,adjective,elegant,B2,,people: appearance
elegantly,adverb,elegant,B2,,people: appearance
element,noun,Element,B2,PART,
element,noun,Element,B2,SIMPLE SUBSTANCE,natural world
elementary,adjective,elementar,B1,,education
elephant,noun,Elefant,A2,,animals
eleven,number,elf,A1,,
eligible,adjective,berechtigt,C1,,
eliminate,verb,beseitigen,C1,GET RID OF,
eliminate,verb,beseitigen,C1,COMPETITION,shopping
elimination,noun,Beseitigung,C2,,
elite,noun,Elite,C1,,
else,adverb,anders,A2,IN ADDITION,describing things
else,adverb,anders,A2,OTHER,
else,adverb,anders,A2,DIFFERENT,
elsewhere,adverb,anderswo,B2,,
elusive,adjective,schwer fassbar,C2,,
email,noun,E-Mail,A1,SYSTEM,"communication, technology"
email,noun,E-Mail,A1,MESSAGE,"communication, technology"
email,verb,E-Mail,A2,,"communication, people: actions, technology"
embarrass,verb,in Verlegenheit bringen,C2,,
embarrassed,adjective,beschämt,B1,,people: personality
embarrassing,adjective,peinlich,B1,,people: personality
embarrassment,noun,Verlegenheit,B2,,people: personality
embassy,noun,Botschaft,B1,,"buildings, politics"
embody,verb,verkörpern,C2,,
embrace,verb,umarmen,C1,ACCEPT,
embrace,verb,umarmen,C1,INCLUDE,
embrace,verb,umarmen,C2,HOLD,
embrace,noun,umarmen,C2,,
emerge,verb,auftauchen,B2,APPEAR,
emerge,verb,auftauchen,C1,BECOME KNOWN,
emergency,noun,Notfall,B1,,
eminent,adjective,bedeutend,C2,,people: personality
emission,noun,Emission,C1,,
emit,verb,emittieren,C2,,
emotion,noun,Emotion,B2,,people: personality
emotional,adjective,emotional,B2,EMOTIONS,people: personality
emotional,adjective,emotional,B2,STRONG FEELINGS,people: personality
emotionally,adverb,emotional,B2,,people: personality
empathy,noun,Empathie,C2,,people: personality
emperor,noun,Kaiser,C1,,
emphasis,noun,Schwerpunkt,B2,,communication
emphasize,verb,betonen,B2,,communication
empire,noun,Reich,C1,BUSINESSES,
empire,noun,Reich,C1,COUNTRIES,
empirical,adjective,empirisch,C2,,
employ,verb,beschäftigen,B1,JOB,"people: actions, work"
employ,verb,beschäftigen,C1,USE,
employee,noun,Mitarbeiter,B1,,work
employer,noun,Arbeitgeber,B1,,work
employment,noun,Anstellung,B1,,work
empty,adjective,leer,A2,NOTHING INSIDE,
empty,adjective,leer,C1,NO MEANING,
enable,verb,aktivieren,B2,,people: actions
enclose,verb,beifügen,B2,SEND,"communication, people: actions"
enclose,verb,beifügen,C1,BE ALL AROUND,
encounter,verb,begegnen,B2,,
encourage,verb,ermutigen,B1,MAKE MORE LIKELY,communication
encourage,verb,ermutigen,B1,GIVE CONFIDENCE,communication
encouragement,noun,Ermutigung,B2,,communication
encouraging,adjective,ermutigend,B2,,people: personality
end,noun,Ende,A1,FINAL PART,
end,noun,Ende,A2,FURTHEST PART,
end,noun,Ende,B2,STOP,
end,verb,Ende,A2,,people: actions
endangered,adjective,gefährdet,B2,,"animals, natural world"
endeavour,noun,Bemühen,C2,,
endeavour to do sth,phrase,Bemühen Sie sich zu tun,C1,,
ending,noun,Ende,B1,WORD,communication
ending,noun,Ende,B1,FINAL PART,
endless,adjective,endlos,B2,,
endorse,verb,befürworten,C2,,
end up,phrasal verb,enden,B1,,
endurance,noun,Ausdauer,C2,,
endure,verb,aushalten,B2,,people: personality
enemy,noun,Feind,B1,PERSON,relationships
enemy,noun,Feind,B2,COUNTRY/ARMY,"politics, relationships"
energetic,adjective,energisch,B2,,people: personality
energy,noun,Energie,B1,STRENGTH,
energy,noun,Energie,B1,"ELECTRICITY, GAS, ETC",
enforce,verb,erzwingen,C1,,
engage,verb,engagieren,C1,,
engaged,adjective,beschäftigt,B1,MARRIAGE,relationships
engaged,adjective,beschäftigt,B1,IN USE,communication
engage in sth,phrasal verb,sich engagieren,C2,,
engine,noun,Motor,A2,,"technology, travel"
engineer,noun,Ingenieur,A2,,"technology, work"
engineering,noun,Maschinenbau,B1,,"education, technology, work"
engrossed,adjective,vertieft,C2,,
enhance,verb,erweitern,C1,,
enjoy,verb,genießen,A1,PLEASURE,people: personality
enjoy,verb,genießen,C2,GOOD SITUATION,
enjoyable,adjective,angenehm,B1,,people: personality
enjoyment,noun,Vergnügen,B2,,people: personality
enjoy yourself,phrase,amüsieren Sie sich,A2,,people: personality
enormous,adjective,enorm,B1,,describing things
enough,determiner,genug,B2,NEGATIVE COMMENT,describing things
enough,determiner,genug,A2,NECESSARY AMOUNT,describing things
enough,adverb,genug,A2,NECESSARY AMOUNT,
enquire,verb,erkundigen,B2,,communication
enquiry,noun,Anfrage,B1,QUESTION,communication
enquiry,noun,Anfrage,C2,OFFICIAL PROCESS,
enrich,verb,bereichern,C1,,
ensure,verb,sicherstellen,B2,,people: actions
enter,verb,eingeben,A2,PLACE,"people: actions, travel"
enter,verb,eingeben,B1,COMPETITION,"people: actions, shopping"
enter,verb,eingeben,B1,INFORMATION,"people: actions, technology"
enter,verb,eingeben,C1,PERIOD OF TIME,
enterprise,noun,Unternehmen,C1,BUSINESS,work
enterprise,noun,Unternehmen,C2,PLAN,
enterprise,noun,Unternehmen,C1,QUALITY,people: personality
entertain,verb,unterhalten,B1,,"arts and media, people: actions"
entertainer,noun,Entertainer,B2,,"arts and media, work"
entertaining,adjective,unterhaltsam,B2,,"arts and media, people: personality"
entertainment,noun,Unterhaltung,B1,,arts and media
enthusiasm,noun,Begeisterung,B2,,people: personality
enthusiastic,adjective,enthusiastisch,B2,,people: personality
enthusiastically,adverb,begeistert,B2,,people: personality
entire,adjective,gesamte,B2,,describing things
entirely,adverb,vollständig,B2,,communication
entitle,verb,berechtigen,B2,GIVE RIGHT,
entitle,verb,berechtigen,C1,GIVE TITLE,
entity,noun,juristische Person,C2,,
entrance,noun,Eingang,A2,DOOR,buildings
entrance,noun,Eingang,B1,RIGHT,
entrance,noun,Eingang,C2,COMING IN,
entry,noun,Eintrag,B1,PLACE,travel
entry,noun,Eintrag,B1,INFORMATION,communication
entry,noun,Eintrag,B1,JOINING OR TAKING PART,
entry,noun,Eintrag,B1,COMPETITION WORK,
envelope,noun,Umschlag,A2,,communication
environment,noun,Umfeld,B2,SURROUNDINGS,
environmental,adjective,Umwelt,B1,,natural world
environmentalist,noun,Umweltschützer,C1,,
environmentally,adverb,Umweltfreundlich,B2,,natural world
environmentally friendly,adjective,umweltfreundlich,B2,,natural world
envisage,verb,vorsehen,C1,,
envision,verb,vorstellen,C1,,
envy,verb,Neid,B2,,people: personality
envy,noun,Neid,B2,FEELING OF WANTING,people: personality
episode,noun,Folge,B2,EVENT,
episode,noun,Folge,B2,PART OF STORY,arts and media
equal,adjective,gleich,B1,"SAME AMOUNT/NUMBER, ETC.",describing things
equal,adjective,gleich,B2,AS IMPORTANT,
equal,noun,gleich,B2,,
equality,noun,Gleichwertigkeit,B2,,
equally,adverb,gleichermaßen,B2,SAME WAY,
equally,adverb,gleichermaßen,C1,SAME AMOUNTS,
equally,adverb,gleichermaßen,C1,SAME DEGREE,
equate,verb,gleichsetzen,C2,,
equation,noun,Gleichung,C1,,
equip,verb,ausrüsten,B2,,technology
equipment,noun,Ausrüstung,B1,,technology
equivalent,adjective,Äquivalent,C1,,
equivalent,noun,Äquivalent,C1,,
era,noun,Epoche,B2,,
eradicate,verb,ausrotten,C2,,
erode,verb,erodieren,C2,REMOVE,natural world
erode,verb,erodieren,C2,DESTROY,
erosion,noun,Erosion,C1,PHYSICAL DAMAGE,
erosion,noun,Erosion,C2,NEGATIVE EFFECT,
error,noun,Fehler,B2,,
erupt,verb,ausbrechen,C2,,natural world
escalator,noun,Rolltreppe,B2,,buildings
escape,verb,Flucht,B1,GET AWAY,people: actions
escape,verb,Flucht,C2,FORGET,
escape,verb,Flucht,B2,AVOID,
escape,verb,Flucht,C2,NOT NOTICE,
escape,noun,Flucht,B2,FORGETTING PROBLEMS,
escape,noun,Flucht,C1,GETTING OUT,people: actions
especially,adverb,besonders,A2,VERY MUCH,communication
especially,adverb,besonders,B2,ONLY,
essay,noun,Aufsatz,B1,,"communication, education"
essence,noun,Wesen,C2,BASIC QUALITY,
essential,adjective,essentiell,B1,NECESSARY,
essential,adjective,essentiell,C2,BASIC,
essentially,adverb,im Wesentlichen,B2,,
establish,verb,gründen,B2,START,"people: actions, work"
establish,verb,gründen,C2,DISCOVER,
establish,verb,gründen,C2,DECIDE,
"establish communication/relations, etc.",phrase,Kommunikation/Beziehungen aufbauen usw.,C1,,
establishment,noun,Gründung,C1,ORGANIZATION,work
establishment,noun,Gründung,C1,STARTING,
establish sb/sth as sth,phrase,etw. etablieren,C1,,
estate,noun,Anwesen,B2,LAND,
estate,noun,Anwesen,B2,BUILDINGS,buildings
estimate,verb,schätzen,B2,,people: actions
estimate,noun,schätzen,B2,,people: actions
estimated,adjective,geschätzt,B2,,
ethical,adjective,ethisch,C2,RIGHT/WRONG,
ethical,adjective,ethisch,C2,GOOD,
ethics,phrase,Ethik,C2,,
ethnic,adjective,ethnisch,C1,,
euro,noun,Euro,A2,,money
evaluate,verb,auswerten,C1,,
evaluation,noun,Auswertung,C1,,
even,adverb,sogar,B1,EMPHASIS,
even,adverb,sogar,A2,SURPRISE,
even if,phrase,selbst wenn,B2,,communication
evening,noun,Abend,A1,,
even so,phrase,auch so,C1,,
event,noun,Ereignis,B1,HAPPENING,
event,noun,Ereignis,B1,RACE,
eventful,adjective,ereignisreich,C2,,
even though,phrase,wenngleich,B2,,communication
even though,phrase,wenngleich,B2,,
eventual,adjective,schließlich,C2,,
eventually,adverb,letztlich,B2,,
ever,adverb,immer,A2,AT ANY TIME,
"ever-changing/growing/increasing, etc.",phrase,sich ständig verändernd/wachsend/zunehmend usw.,C2,,
ever since,phrase,seitdem,B1,,
ever so,phrase,überhaupt,B2,,
ever such a,phrase,jemals so ein,C2,,
every,determiner,jeder,A1,EACH,describing things
every,determiner,jeder,A1,HOW OFTEN,
every,determiner,jeder,B2,POSSIBLE,
everybody,pronoun,alle,A2,,
every now and then,phrase,hin und wieder,C1,,
(every) once in a while,phrase,(jedenfalls) hin und wieder,B2,,
everyone,pronoun,alle,A2,,
"every other day/week, etc.",phrase,jeden zweiten Tag/jede zweite Woche usw.,C2,,
every single,phrase,jedes einzelne,B1,,
every so often,phrase,hin und wieder,C2,,
everything,pronoun,alles,A2,,describing things
everywhere,adverb,überall,A2,,
evidence,noun,Beweis,C2,LAW,
evidence,noun,Beweis,B2,PROOF,
evident,adjective,offensichtlich,B2,,
evidently,adverb,offensichtlich,B2,,
evil,noun,teuflisch,B2,,
evil,adjective,teuflisch,B2,,people: personality
evolution,noun,Evolution,B2,NATURAL WORLD,natural world
evolution,noun,Evolution,B2,GRADUAL CHANGE,
evolve,verb,evolve,C1,,
exact,adjective,genau,B1,,describing things
exactly,adverb,genau,A2,COMPLETELY CORRECT,describing things
exactly,adverb,genau,B1,EMPHASIS,communication
exactly,adverb,genau,B2,AGREEMENT,communication
exaggerate,verb,übertreiben,C1,,
exaggeration,noun,Übertreibung,C1,,
exam,noun,Prüfung,A2,,education
examination,noun,Prüfung,A2,TEST,education
examination,noun,Prüfung,B2,CAREFUL LOOK,body and health
examine,verb,prüfen,B2,LOOK AT,people: actions
examine,verb,prüfen,C2,TEST,
examiner,noun,Prüfer,B1,,education
example,noun,Beispiel,A1,TYPICAL CASE,
example,noun,Beispiel,B2,VERY GOOD,
exceed,verb,überschreiten,C1,BE MORE,
exceed sb's expectations,phrase,übertreffen die Erwartungen,C1,,
exceed the speed limit,phrase,die Geschwindigkeitsbegrenzung überschreiten,C1,,
excel,verb,übertreffen,C2,BE GOOD,
excellent,adjective,exzellent,A2,,describing things
excel yourself,phrase,Übertreffen Sie sich,C2,,
except,preposition,außer,A2,NOT INCLUDING,
exception,noun,Ausnahme,B2,NOT INCLUDED,
exceptional,adjective,außergewöhnlich,B2,GOOD,describing things
exceptional,adjective,außergewöhnlich,C2,UNUSUAL,
exceptionally,adverb,außergewöhnlich,C1,,
except that,phrase,außer dass,B1,,
excess,noun,Überschuss,C1,,
excess,adjective,Überschuss,C1,,
excessive,adjective,übertrieben,C1,,
exchange,noun,Austausch,B1,GIVING,people: actions
exchange,noun,Austausch,B1,STUDENTS,education
exchange,verb,Austausch,B1,GIVING,people: actions
exchange,verb,Austausch,B2,SHOP,"people: actions, shopping"
"exchange looks, opinions, views, etc.",phrase,"Blicke, Meinungen, Ansichten usw. austauschen.",B2,,communication
exchange rate,noun,Wechselkurs,B1,,money
excited,adjective,aufgeregt,A1,,people: personality
excitedly,adverb,aufgeregt,B1,,people: personality
excitement,noun,Aufregung,B1,,people: personality
exciting,adjective,spannend,A1,,people: personality
exclaim,verb,ausrufen,C2,,communication
exclamation mark,noun,Ausrufezeichen,B2,,communication
exclude,verb,ausschließen,C1,KEEP OUT,
exclude,verb,ausschließen,C1,NOT INCLUDE,
exclusive,adjective,exklusiv,B2,EXPENSIVE,
exclusive,adjective,exklusiv,C1,NOT SHARED,
exclusively,adverb,ausschließlich,C1,,
exclusive of sth,phrase,exklusive,C2,,
excuse,verb,Entschuldigung,B1,FORGIVE,communication
excuse,verb,Entschuldigung,B2,EXPLAIN,communication
excuse,noun,Entschuldigung,B1,REASON,communication
excuse,noun,Entschuldigung,B1,FALSE REASON,communication
Excuse me,phrase,Verzeihung,A1,ATTRACTING ATTENTION,communication
Excuse me,phrase,Verzeihung,A2,SAYING SORRY,communication
execute,verb,ausführen,C2,KILL,
execute,verb,ausführen,C2,DO,
executive,adjective,Exekutive,C1,,work
executive,noun,Exekutive,C1,,work
exemplify,verb,veranschaulichen,C2,,
exercise,noun,Übung,A2,PHYSICAL ACTIVITY,"body and health, people: actions, shopping"
exercise,noun,Übung,C2,MILITARY,
exercise,noun,Übung,A2,PRACTICE,education
exercise,verb,Übung,B1,PHYSICAL ACTIVITY,"body and health, people: actions, shopping"
exercise,verb,Übung,C2,USE,
exhaust,noun,Auspuff,C1,GAS,
exhaust,verb,Auspuff,C1,,
exhaust,noun,Auspuff,C1,PIPE,
exhausted,adjective,erschöpft,B1,,people: personality
exhausting,adjective,anstrengend,B2,,people: personality
exhaustion,noun,Erschöpfung,B2,,people: personality
exhaustive,adjective,erschöpfend,C1,,
exhibit,verb,ausstellen,C1,SHOW OBJECTS,
exhibit,verb,ausstellen,C2,SHOW FEELINGS,
exhibit,noun,ausstellen,C1,,
exhibition,noun,Ausstellung,B1,,arts and media
exile,noun,Exil,C2,,
exist,verb,existieren,B1,BE REAL,
exist,verb,existieren,C1,LIVE,
existence,noun,Existenz,B2,BEING,
existence,noun,Existenz,C1,LIFE,
existing,adjective,vorhanden,B2,,
exit,noun,Ausfahrt,A2,WAY OUT,buildings
exit,noun,Ausfahrt,A2,ROAD,travel
exit,verb,Ausfahrt,B1,,"people: actions, technology"
exotic,adjective,exotisch,B2,,
expand,verb,expandieren,B2,,
expansion,noun,Erweiterung,B2,,
expect,verb,erwarten,B1,THINK,
expect,verb,erwarten,B2,BEHAVE,
expectation,noun,Erwartung,B2,,people: personality
expected,adjective,erwartet,B2,,
expedition,noun,Expedition,B1,,travel
expenditure,noun,Ausgaben,C2,,money
expense,noun,Aufwand,B2,MONEY SPENT,money
expenses,noun,Kosten,C1,,money
expensive,adjective,teuer,A1,,"money, shopping"
experience,noun,Erfahrung,B1,KNOWLEDGE,people: personality
experience,noun,Erfahrung,B1,SOMETHING THAT HAPPENS TO YOU,people: personality
experience,verb,Erfahrung,B1,,people: personality
experienced,adjective,erfahren,B1,,people: personality
experiment,noun,Experiment,B1,,people: actions
experiment,verb,Experiment,B2,TRY,people: actions
experiment,verb,Experiment,C2,DO TESTS,
experimental,adjective,Experimental-,C2,,
expert,noun,Experte,B1,,"people: personality, work"
expert,adjective,Experte,B2,,people: personality
expire,verb,erlöschen,C2,,
explain,verb,erklären,A2,,communication
explanation,noun,Erläuterung,B1,,communication
explicit,adjective,explizit,C2,SHOWING SEX,
explicit,adjective,explizit,C2,CLEAR,
explode,verb,explodieren,B1,,
exploit,verb,ausbeuten,B2,USE UNFAIRLY,people: actions
exploit,verb,ausbeuten,B2,USE WELL,people: actions
exploration,noun,Erforschung,C1,,
explore,verb,erkunden,B1,LOOK AROUND,people: actions
explore,verb,erkunden,B2,LOOK INTO,people: actions
explosion,noun,Explosion,B2,BOMB,
explosion,noun,Explosion,C1,INCREASE,
explosive,adjective,explosiv,C2,SITUATION,
explosive,adjective,explosiv,C2,EQUIPMENT,
explosive,noun,explosiv,C2,,
export,verb,Export,B2,,"people: actions, shopping, work"
export,noun,Export,B2,,shopping
expose,verb,exponieren,B2,MAKE PUBLIC,communication
exposure,noun,Belichtung,C1,,
express,verb,äußern,B2,,communication
expression,noun,Ausdruck,B2,LOOK,"body and health, communication"
expression,noun,Ausdruck,B2,PHRASE,communication
expression,noun,Ausdruck,B2,SHOWING THOUGHTS,communication
expressive,adjective,ausdrucksvoll,C2,,people: personality
exquisite,adjective,exquisit,C2,,
extend,verb,verlängern,B2,MAKE BIGGER,people: actions
extend,verb,verlängern,B2,MAKE LAST,
"extend from/into/over, etc.",phrase,sich von/in/über usw. erstrecken.,C2,,
extension,noun,Verlängerung,B2,EXTRA TIME,
extension,noun,Verlängerung,B2,TELEPHONE,"communication, technology"
extension,noun,Verlängerung,B2,DEVELOPMENT,
extensive,adjective,umfangreich,B2,,describing things
extent,noun,Ausmaß,B2,SIZE,describing things
exterior,noun,außen,C1,,
external,adjective,extern,B2,OUTSIDE,
external,adjective,extern,B2,FROM A DIFFERENT PLACE,
extinct,adjective,ausgestorben,C1,,"animals, natural world"
extinction,noun,Aussterben,C1,,"animals, natural world"
extra,adjective,Extra,A2,,describing things
extra,adverb,Extra,B1,,describing things
extra,noun,Extra,B1,ANOTHER THING,describing things
extra,noun,Extra,C1,ACTOR,arts and media
extract,verb,Extrakt,B2,,people: actions
extract,noun,Extrakt,B2,,"arts and media, communication"
extraordinarily,adverb,außerordentlich,B2,,communication
extraordinary,adjective,außergewöhnlich,B1,,describing things
extravagant,adjective,extravagant,C2,,money
extreme,adjective,extrem,B2,SERIOUS,
extreme,adjective,extrem,B2,VERY LARGE,describing things
extreme,adjective,extrem,C2,OPINIONS,politics
extremely,adverb,äußerst,B1,,communication
extreme sports,noun,Extremsportarten,B1,,shopping
extremist,noun,Extremist,C2,,politics
extrovert,noun,extrovertiert,C1,,people: personality
eye,noun,Auge,A1,BODY PART,body and health
eyebrow,noun,Augenbraue,B2,,body and health
eye contact,phrase,Blickkontakt,C2,,
eyelash,noun,Wimper,B2,,body and health
eyelid,noun,Augenlid,B2,,body and health
eyesight,noun,Sehvermögen,B2,,body and health
fabric,noun,Stoff,C1,,
fabulous,adjective,fabelhaft,C1,,describing things
face,noun,Gesicht,A1,HEAD,body and health
face,verb,Gesicht,B2,PROBLEM,
face,verb,Gesicht,B1,DIRECTION,people: actions
face,verb,Gesicht,B2,ACCEPT,people: personality
face the music,phrase,Stelle dich der Musik,C1,IDIOM,
face to face,adverb,von Angesicht zu Angesicht,B1,,
face-to-face,adjective,von Angesicht zu Angesicht,B1,,
face up to sth,phrasal verb,sich stellen,B2,,people: personality
facial,adjective,Gesichts-,C2,,body and health
facilitate,verb,erleichtern,C1,,
facilities,noun,Einrichtungen,B1,,buildings
facility,noun,Einrichtung,B2,,
fact,noun,Tatsache,A2,TRUE THING,
fact,noun,Tatsache,B2,REAL THINGS,
factor,noun,Faktor,B2,,
factory,noun,Fabrik,A1,,"buildings, work"
fade,verb,verblassen,B2,,
fade away,phrasal verb,verblassen,B2,,
fail,verb,scheitern,A2,EXAM,education
fail,verb,scheitern,B2,NOT SUCCEED,
fail,verb,scheitern,B2,STOP WORKING,technology
fail to do sth,phrase,scheitern,B2,,people: actions
failure,noun,Versagen,B2,NO SUCCESS,
failure,noun,Versagen,B2,STOP WORKING,technology
failure to do sth,phrase,"Versäumnis, es zu tun",B2,,
faint,adjective,schwach,B2,SLIGHT,describing things
faint,verb,schwach,B2,,body and health
fair,adjective,gerecht,A2,HAIR/SKIN,people: appearance
fair,adjective,gerecht,B1,EQUAL,
fair,adjective,gerecht,B1,REASONABLE,
fair,adjective,gerecht,C1,AVERAGE,
fair,noun,gerecht,B1,EVENT,
fair,noun,gerecht,C1,SHOW OF GOODS/SERVICES,
fair enough,phrase,fair genug,B2,,communication
fairly,adverb,ziemlich,B1,QUITE,describing things
fairly,adverb,ziemlich,B2,IN THE RIGHT WAY,
fairness,noun,Fairness,C1,,
fair play,phrase,Fair Play,C2,,
faith,noun,Glaube,B2,TRUST,people: personality
faith,noun,Glaube,B2,STRONG BELIEF,
faith,noun,Glaube,B2,RELIGION,
faithful,adjective,treu,B2,LOYAL,"people: personality, relationships"
faithful,adjective,treu,C2,RELATIONSHIP,
faithful,adjective,treu,C2,NOT CHANGED,
fake,adjective,gefälscht,C1,,describing things
fake,noun,gefälscht,C2,COPY,describing things
fake,noun,gefälscht,C2,PERSON,people: personality
fake,verb,gefälscht,C2,COPY,
fake,verb,gefälscht,C2,PRETEND,
fall,verb,fallen,A2,MOVE DOWN,people: actions
fall,verb,fallen,B1,BECOME LOWER,
fall,verb,fallen,C2,BE DEFEATED,
fall,verb,fallen,C2,BECOME WORSE,
fall,verb,fallen,C2,HANG DOWN,
fall,noun,fallen,B1,LOWER AMOUNT,
fall,noun,fallen,B2,MOVEMENT,
fall,noun,fallen,C1,DEFEAT,
fall apart,phrasal verb,auseinander fallen,B2,BREAK,
fall apart,phrasal verb,auseinander fallen,B2,HAVE PROBLEMS,
fall asleep/ill,phrase,einschlafen/krank,B1,,people: actions
fall back on sb/sth,phrasal verb,auf etw. zurückgreifen,C2,,
fall down,phrasal verb,hinfallen,B1,,people: actions
fall flat,phrase,verpuffen,C1,,
fall flat on your face,phrase,Fallen Sie flach auf Ihr Gesicht,B2,,
fall for sb,phrasal verb,Verliebe dich,B2,,"people: actions, people: personality, relationships"
fall in love,phrase,verliebe dich,B1,,"people: actions, relationships"
fall into place,phrase,passen zusammen,C2,IDIOM,
fall on deaf ears,phrase,stoßen auf taube Ohren,C2,IDIOM,
fall out,phrasal verb,ausfallen,B2,,"people: actions, people: personality, relationships"
fall over,phrasal verb,umfallen,B1,,people: actions
fall prey to sth,phrase,zum Opfer fallen,C2,,
fall short of sth,phrase,unterschreiten,C2,,
fall through,phrasal verb,durchfallen,B2,,
false,adjective,FALSCH,B1,NOT CORRECT,describing things
false,adjective,FALSCH,B2,NOT REAL,describing things
false,adjective,FALSCH,C1,NOT SINCERE,people: personality
fame,noun,Ruhm,B2,,people: personality
familiar,adjective,vertraut,B1,EASY TO RECOGNIZE,
familiarize sb/yourself with sth,phrase,sich vertraut machen mit,C2,,
family,noun,Familie,A1,RELATED PEOPLE,relationships
family,noun,Familie,B1,CHILDREN,relationships
"family/private/sex, etc. life",phrase,Familie/Privat/Sex usw. Leben,B1,,
famine,noun,Hungersnot,C2,,
famous,adjective,berühmt,A1,,people: personality
fan,noun,Lüfter,A2,PERSON,"arts and media, people: personality, shopping"
fan,noun,Lüfter,B1,MACHINE/OBJECT,
fanatic,noun,Fanatiker,C2,,people: personality
fancy,verb,schick,B1,WANT,people: personality
fancy,verb,schick,B2,PERSON,relationships
fancy,verb,schick,C2,SURPRISE,
fantastic,adjective,fantastisch,A2,,describing things
fantastically,adverb,fantastisch,B2,,communication
fantasy,noun,Fantasie,B2,,
far,adverb,weit,A2,DISTANCE,
far,adverb,weit,B2,VERY MUCH,communication
far,adjective,weit,B2,DISTANT,
faraway,adjective,weit weg,C2,LONG DISTANCE,
fare,noun,Fahrpreis,B1,,"money, travel"
far from doing sth,phrase,"weit davon entfernt, es zu tun",C2,,
far from it,phrase,weit davon entfernt,C1,,
far from sth,phrase,weit davon entfernt,C1,,
farm,noun,Bauernhof,A1,,buildings
farmer,noun,Bauer,A2,,work
farming,noun,Landwirtschaft,B1,,work
fascinate,verb,faszinieren,C1,,
fascinated,adjective,fasziniert,B2,,people: personality
fascinating,adjective,faszinierend,B2,,people: personality
fascination,noun,Faszination,C1,,
fashion,noun,Mode,A2,POPULAR STYLE,"clothes, people: appearance"
fashion,noun,Mode,B1,BUSINESS,"clothes, work"
fashionable,adjective,modisch,B1,,"clothes, people: appearance"
fast,adjective,schnell,A1,,
fast,adverb,schnell,A2,,
fast,adverb,schnell,C2,FIRMLY,
fast asleep,phrase,tief und fest schlafend,C2,,
fasten,verb,befestigen,B1,CLOSE/FIX,people: actions
"fasten sth on/to/together, etc.",phrase,an/an/zusammen befestigen usw.,B2,,people: actions
fast food,noun,Fastfood,A2,,food and drink
fat,adjective,fett,A1,,people: appearance
fat,noun,fett,B2,,food and drink
fatal,adjective,tödlich,B2,CAUSING DEATH,body and health
fatal,adjective,tödlich,B2,SERIOUS,
fate,noun,Schicksal,B2,WHAT HAPPENS,
fate,noun,Schicksal,B2,POWER,
father,noun,Vater,A1,,relationships
father-in-law,noun,Schwiegervater,B2,,relationships
fatty,adjective,fettig,C1,,food and drink
fault,noun,Fehler,B2,PROBLEM,
fault,noun,Fehler,B2,BAD QUALITY,
faultless,adjective,einwandfrei,C2,,describing things
faulty,adjective,fehlerhaft,B2,,describing things
favour,noun,favorisieren,B1,HELP,
favour,verb,favorisieren,C2,,
favourable,adjective,günstig,B2,LIKING,people: personality
favourable,adjective,günstig,C2,CONDITIONS,
favourite,adjective,Favorit,A1,,people: personality
favourite,noun,Favorit,B1,LIKED BEST,people: personality
favourite,noun,Favorit,C2,LIKELY TO WIN,shopping
fax,verb,Fax,B1,,"communication, technology"
fear,noun,Furcht,B1,BAD FEELING,people: personality
fear,verb,Furcht,B2,BE WORRIED,people: personality
fear,verb,Furcht,B2,BE FRIGHTENED OF,people: personality
fearful,adjective,ängstlich,C2,,people: personality
fearless,adjective,furchtlos,C2,,people: personality
fear the worst,phrase,fürchte das Schlimmste,C2,,people: personality
feasible,adjective,machbar,C1,,
feast,noun,Fest,C1,,food and drink
feast on sth,phrasal verb,schlemmen,C2,,"food and drink, people: actions"
feat,noun,feat,C2,,
feather,noun,Feder,B2,,animals
feature,noun,Besonderheit,B2,PART,
feature,noun,Besonderheit,B2,FACE,people: appearance
feature,noun,Besonderheit,C2,NEWSPAPER,arts and media
feature,verb,Besonderheit,B2,,
February,noun,Februar,A1,,
fed up,adjective,satt,B2,,people: personality
fee,noun,Gebühr,B1,,money
feeble,adjective,schwach,C2,WEAK,body and health
feeble,adjective,schwach,C2,NOT GOOD,describing things
feed,verb,füttern,B1,GIVE FOOD,"food and drink, people: actions"
feed,verb,füttern,C1,SUPPLY,
feed,verb,füttern,C1,EAT FOOD,
feedback,noun,Rückmeldung,B2,,communication
feel,verb,fühlen,A1,EXPERIENCE,"body and health, people: personality"
feel,verb,fühlen,B1,THINK/HAVE OPINION,people: personality
feel,verb,fühlen,B2,TOUCH,"body and health, people: actions"
feel,verb,fühlen,B2,BE AWARE,people: personality
feel at home,phrase,Fühlen Sie sich wie zu Hause,B1,,
feel bad about sth/doing sth,phrase,fühle mich schlecht dabei/tun,B1,,people: personality
feel compelled to do sth,phrase,fühle mich dazu gezwungen,C1,,
"feel different/strange, etc.",phrase,fühle mich anders/seltsam usw.,B2,,people: personality
feel faint,phrase,fühle mich schwach,C2,,body and health
feeling,noun,Gefühl,B1,EMOTION,people: personality
feeling,noun,Gefühl,B1,IDEA,people: personality
feeling,noun,Gefühl,B1,PHYSICAL SENSE,body and health
feeling,noun,Gefühl,B2,OPINION,people: personality
feelings,phrase,Gefühle,B1,,people: personality
feel like/as if,phrase,fühlen wie/als ob,B1,,people: personality
feel like sb/sth,phrase,Lust auf etw. haben,B1,,people: personality
feel like sth/doing sth,phrase,Lust/tun,B1,,people: personality
feel sorry for,phrase,tut mir Leid,B1,,people: personality
fellow,adjective,Gefährte,B2,,relationships
female,adjective,weiblich,B1,,"animals, people: appearance"
female,noun,weiblich,B2,,"animals, people: appearance"
feminine,adjective,feminin,C1,,
fence,noun,Zaun,B2,,buildings
fend for yourself,phrasal verb,für dich selbst sorgen,C2,,
ferry,noun,Fähre,B1,,travel
fertile,adjective,fruchtbar,C2,,natural world
festival,noun,Festival,B1,PERFORMANCES,arts and media
festival,noun,Festival,B1,CELEBRATION,
fetch,verb,bringen,B1,,people: actions
fever,noun,Fieber,C2,EXCITEMENT,
fever,noun,Fieber,B1,ILLNESS,body and health
few,determiner,wenige,B1,NOT MANY,describing things
few and far between,phrase,selten und weit voneinander entfernt,C2,,
fibre,noun,Faser,C1,,food and drink
fiction,noun,Fiktion,C1,NOT TRUE,
fiction,noun,Fiktion,B1,STORIES,arts and media
fictional,adjective,fiktiv,C2,,
field,noun,Feld,A2,LAND,natural world
field,noun,Feld,B1,SPORTS GROUND,shopping
field,noun,Feld,B2,AREA OF STUDY,education
field,noun,Feld,C2,IN RACE/BUSINESS,
field,noun,Feld,C2,CONTAINING SUBSTANCE,
fierce,adjective,erbittert,B2,VIOLENT,people: personality
fierce,adjective,erbittert,B2,FEELING,people: personality
fierce,adjective,erbittert,B2,STRONG,describing things
fifteen,number,fünfzehn,A1,,
fifth,noun,fünfte,B1,,
fifth,number,fünfte,A2,,
fifty,number,fünfzig,A2,,
fight,verb,kämpfen,B1,USE FORCE,people: actions
fight,verb,kämpfen,B2,JOIN WAR,people: actions
fight,verb,kämpfen,B2,TRY TO STOP,people: actions
fight,verb,kämpfen,B2,ARGUE,communication
fight,verb,kämpfen,B2,TRY TO ACHIEVE,people: actions
fight,noun,kämpfen,B1,PHYSICAL FORCE,people: actions
fight,noun,kämpfen,B2,EFFORT,people: actions
fight,noun,kämpfen,B2,ARGUMENT,communication
fighting,noun,Kampf,B2,,people: actions
figure,noun,Figur,B1,NUMBER,communication
figure,noun,Figur,B1,BODY SHAPE,"body and health, people: appearance"
figure,noun,Figur,B2,TYPE OF PERSON,people: personality
figure,noun,Figur,B2,PERSON,people: appearance
figure,noun,Figur,C1,AMOUNT,
figure,noun,Figur,C1,PICTURE,
figure,verb,Figur,C2,THINK,
figure out sth/sb or figure sth/sb out,phrasal verb,find/sb oder find/sb out,B2,,people: personality
file,noun,Datei,A2,COMPUTER,technology
file,noun,Datei,A2,INFORMATION,communication
fill,verb,füllen,B1,TAKE SPACE,
fill,verb,füllen,A2,MAKE FULL,people: actions
fill,verb,füllen,B1,BE NOTICEABLE,
fill,verb,füllen,C1,JOB,"people: actions, work"
fill a need/gap/demand,phrase,ein Bedürfnis/eine Lücke/eine Nachfrage füllen,C2,,
fill in/out sth or fill sth in/out,phrasal verb,ausfüllen/ausfüllen oder ausfüllen/ausfüllen,A2,,"communication, people: actions"
"fill sb with anger/joy/pride, etc.",phrase,voller Wut/Freude/Stolz usw.,B2,,people: personality
fill up (sth) or fill (sth) up,phrasal verb,(etw) auffüllen oder (etw) auffüllen,B1,,people: actions
film,noun,Film,A1,MOVING PICTURES,arts and media
film,noun,Film,C2,LAYER,
film,verb,Film,B1,,"arts and media, people: actions"
film-maker,noun,Filmemacher,B1,,"arts and media, work"
filter,verb,Filter,C2,,
filter,noun,Filter,C2,,
"filter down/in/through, etc.",phrase,Filter nach unten/nach innen/durch usw.,C2,,
"filter down/through/out, etc.",phrase,Filter nach unten/durch/aus usw.,C2,,
filthy,adjective,schmutzig,C1,DIRTY,describing things
filthy,adjective,schmutzig,C1,OFFENSIVE,
final,adjective,Finale,A2,LAST,
final,adjective,Finale,C2,NO MORE DISCUSSION,
final,noun,Finale,B1,,shopping
finally,adverb,Endlich,A2,AFTER A LONG TIME,
finally,adverb,Endlich,B1,LAST POINT,communication
finance,noun,Finanzen,B2,CONTROL OF MONEY,money
finance,verb,Finanzen,B2,,"money, people: actions"
financial,adjective,finanziell,B1,,money
financially,adverb,finanziell,B2,,money
find,verb,finden,A1,DISCOVER WHEN SEARCHING,people: actions
find,verb,finden,A2,DISCOVER BY CHANCE,people: actions
find,verb,finden,B1,BECOME AWARE,
find common ground,phrase,Gemeinsamkeiten finden,C2,IDIOM,
find fault with sb/sth,phrase,etwas bemängeln / etw. bemängeln,C2,,
find out (sth) or find (sth) out,phrasal verb,(etw) herausfinden oder (etw) herausfinden,A2,,people: actions
find sb guilty/not guilty,phrase,für schuldig/nicht schuldig erklären,B2,,crime
"find sb/sth easy/boring/funny, etc.",phrase,etw leicht/langweilig/lustig finden usw.,B1,,people: personality
"find the money/time, etc.",phrase,Finden Sie das Geld/die Zeit usw.,B1,,
find yourself somewhere/doing sth,phrase,Finden Sie sich irgendwo/tun,B2,,
fine,adjective,Bußgeld,A1,WELL,body and health
fine,adjective,Bußgeld,A2,GOOD ENOUGH,describing things
fine,adjective,Bußgeld,B1,SUNNY,natural world
fine,adjective,Bußgeld,B2,EXCELLENT,describing things
fine,adjective,Bußgeld,C2,THIN,describing things
fine,noun,Bußgeld,B1,,"crime, money"
fine,verb,Bußgeld,B2,,"crime, money, people: actions"
fine,adverb,Bußgeld,B2,,describing things
finely,adverb,fein,B2,,
finger,noun,Finger,A2,ON HAND,body and health
fingernail,noun,Fingernagel,B2,,body and health
finish,verb,beenden,A1,END,
finish,verb,beenden,A1,COMPLETE,people: actions
finish,verb,beenden,B1,USE COMPLETELY,people: actions
finish,noun,beenden,B1,LAST PART,
"finish first/second, etc.",phrase,Erster/Zweiter werden usw.,B1,,shopping
finish off (sth) or finish (sth) off,phrasal verb,(etw) erledigen oder (etw) erledigen,C1,,people: actions
finish with sb,phrasal verb,Schluss mit,B2,,"people: actions, relationships"
finite,adjective,endlich,C2,,
fire,noun,Feuer,A2,FLAMES,
fire,noun,Feuer,B1,NATURAL HEAT,
fire,noun,Feuer,C2,SHOOTING,
fire,verb,Feuer,B2,SHOOT,people: actions
fire,verb,Feuer,B2,REMOVE FROM A JOB,"people: actions, work"
fire brigade,noun,Feuerwehr,B2,,
firefighter,noun,Feuerwehrmann,B1,,work
fireplace,noun,Kamin,C2,,
fire sb's imagination,phrase,Die Fantasie des Feuers,C2,,
fire station,noun,Feuerwache,B1,,buildings
firework,noun,Feuerwerk,B1,,
firm,adjective,Firma,B2,FIXED,
firm,adjective,Firma,B2,NOT SOFT,describing things
firm,adjective,Firma,C2,STRICT,people: personality
firm,adjective,Firma,C2,STRONG,
firm,noun,Firma,B1,,work
firmly,adverb,fest,B2,CERTAINLY,
firmly,adverb,fest,B2,STRONGLY,
first,adjective,Erste,A1,BEFORE,
first,adjective,Erste,A2,IMPORTANT,
first,adverb,Erste,A1,BEFORE,
first,adverb,Erste,A2,BEGINNING A SERIES,
first,adverb,Erste,B1,FIRST TIME,
first and foremost,phrase,in erster Linie,C1,,
first-floor,adjective,Erster Stock,B1,,buildings
first language,noun,Muttersprache,B2,,communication
firstly,adverb,erstens,B2,,communication
first name,noun,Vorname,A2,,
first of all,phrase,Erstens,A2,,
"first/second/third, etc. gear",phrase,erster/zweiter/dritter usw. Gang,B2,,travel
"first/second/third/final, etc., round",phrase,erste/zweite/dritte/letzte usw. Runde,B2,,shopping
first-/second-/third-rate,phrase,Erst-/Zweit-/Drittklassig,C1,,
fish,noun,Fisch,A1,ANIMAL,animals
fish,noun,Fisch,A1,FOOD,food and drink
fish,verb,Fisch,B1,,people: actions
fisherman,noun,Fischer,B2,,work
fishing,noun,Angeln,A2,,shopping
fist,noun,Faust,C2,,body and health
fit,verb,fit,B1,CORRECT SIZE,"clothes, people: appearance"
fit,verb,fit,B2,PUT IN POSITION,people: actions
fit,verb,fit,C1,SAME,
fit,verb,fit,C1,SUITABLE,
fit,adjective,fit,A2,,body and health
fit,adjective,fit,C1,SUITABLE,
fit in,phrasal verb,reinpassen,C1,,
fit in with sth,phrasal verb,passen dazu,B2,SUITABLE,
fit in with sth,phrasal verb,passen dazu,C1,SUCCESSFUL PART,
fitness,noun,Fitness,B1,,body and health
"fit (sth) in/into/through/under, etc.",phrase,(etw.) hinein/in/durch/unter usw. passen,B1,,
five,number,fünf,A1,,
fix,verb,Fix,B1,REPAIR,people: actions
fix,verb,Fix,B2,DECIDE,people: actions
fixed,adjective,behoben,C2,EYES,
fixed,adjective,behoben,B2,ARRANGED,
"fix sth onto/to/under, etc.",phrase,befestigen auf/an/unter usw.,B2,,people: actions
fix sth up,phrasal verb,reparieren,C1,,
flag,noun,Flagge,B1,,
flair,noun,Flair,C1,ABILITY,
flair,noun,Flair,C2,STYLE,
flame,noun,Flamme,B2,,
flash,verb,Blitz,B2,SHINE,
flash,verb,Blitz,C2,APPEAR,
flash,noun,Blitz,B2,BRIGHT LIGHT,
flash,noun,Blitz,B2,CAMERA,technology
flash,noun,Blitz,C2,SUDDEN EXPERIENCE,
flashback,noun,Rückblende,C2,MEMORY,body and health
flashback,noun,Rückblende,C2,STORY,arts and media
"flash by/past/through, etc.",phrase,vorbei/vorbei/durchblitzen usw.,C2,,
flat,noun,Wohnung,A1,,buildings
flat,adjective,Wohnung,B1,LEVEL,describing things
flat,adjective,Wohnung,B2,WITHOUT AIR,
flat,adjective,Wohnung,C2,WITHOUT GAS,food and drink
flat,adjective,Wohnung,B1,LOW,clothes
flat,adverb,Wohnung,B2,LEVEL,describing things
flatten,verb,abflachen,C2,,
flavour,noun,Geschmack,B1,TASTE,food and drink
flavour,noun,Geschmack,C2,QUALITY,
flaw,noun,Mangel,C1,,
flawed,adjective,fehlerhaft,C2,,describing things
flawless,adjective,einwandfrei,C2,,describing things
flee,verb,fliehen,C1,,people: actions
fleet,noun,Flotte,C1,SHIPS,
fleet,noun,Flotte,C1,VEHICLES,
flesh,noun,Fleisch,C2,BODY,buildings
flexibility,noun,Flexibilität,B2,,
flexible,adjective,flexibel,B2,ABLE TO CHANGE,
flexible,adjective,flexibel,C2,ABLE TO BEND,
flick through sth,phrasal verb,blättern,C2,,people: actions
flight,noun,Flug,A2,JOURNEY,travel
float,verb,schweben,B1,NOT SINK,
float,verb,schweben,B1,MOVE IN AIR,
flood,verb,Flut,B1,COVER WITH WATER,natural world
flood,verb,Flut,B2,ARRIVE OR FILL,
flood,noun,Flut,B1,WATER,natural world
flood,noun,Flut,C2,AMOUNT,
floor,noun,Boden,A1,SURFACE,buildings
floor,noun,Boden,A2,BUILDING,buildings
floor,noun,Boden,B1,AREA,
floppy,adjective,Diskette,C2,,
flour,noun,Mehl,B1,,food and drink
flourish,verb,blühen,C2,,
flow,verb,fließen,B1,,
flow,noun,fließen,C1,MOVEMENT,
flower,noun,Blume,A1,,natural world
flu,noun,Grippe,B1,,body and health
fluctuate,verb,schwanken,C2,,
fluency,noun,fließend,B2,,communication
fluent,adjective,fließend,B2,ABILITY,communication
fluent,adjective,fließend,B2,LANGUAGE,communication
fluently,adverb,fließend,B2,,communication
fluid,noun,Flüssigkeit,C2,,
fluid,adjective,Flüssigkeit,C2,,describing things
flute,noun,Flöte,B1,,arts and media
fly,verb,fliegen,A1,TRAVEL,travel
fly,verb,fliegen,A2,MOVE THROUGH AIR,travel
fly,verb,fliegen,B2,CONTROL AIRCRAFT,"people: actions, travel"
fly,verb,fliegen,C2,TIME,
fly,verb,fliegen,C2,TAKE/SEND,travel
fly,noun,fliegen,B1,,animals
fly in the face of,phrase,im Angesicht fliegen,C2,IDIOM,
focus,noun,Fokus,C2,,
focus (sth) on/upon sb/sth,phrasal verb,(etw.) auf/auf/etw. konzentrieren,B2,,
fog,noun,Nebel,A2,,natural world
foggy,adjective,nebelig,A2,,natural world
fold,verb,falten,B1,,people: actions
folder,noun,Ordner,A2,FOR PAPERS,
folder,noun,Ordner,B1,ON COMPUTER,technology
folk,noun,Leute,B1,,arts and media
"folk art/dancing, etc.",phrase,Volkskunst/Tanz usw.,B1,,arts and media
follow,verb,folgen,A2,GO,people: actions
follow,verb,folgen,B1,OBEY,people: actions
follow,verb,folgen,B1,HAPPEN AFTER,
follow,verb,folgen,B1,UNDERSTAND,
follow,verb,folgen,C1,BE INTERESTED,
"follow a road/path, etc.",phrase,einer Straße/einem Weg usw. folgen,A2,,"people: actions, travel"
follower,noun,Anhänger,C2,,
following,preposition,folgende,B2,,
follow in sb's footsteps,phrase,Treten Sie in seine Fußstapfen,C2,IDIOM,
follow sb's example/lead,phrase,Folgen Sie dem Beispiel/der Führung,C2,,
follow suit,phrase,nachziehen,C2,,
follow up sth or follow sth up,phrasal verb,nachverfolgen oder nachverfolgen,B2,,people: actions
fond,adjective,gern,B2,HAPPY,people: personality
food,noun,Essen,A1,,food and drink
fool,noun,Narr,B1,PERSON,people: personality
fool,verb,Narr,B2,,"people: actions, people: personality"
foolish,adjective,töricht,B2,,people: personality
foolishly,adverb,töricht,B2,,people: personality
foot,noun,Fuß,A1,BODY PART,body and health
foot,noun,Fuß,B1,MEASUREMENT,describing things
football,noun,Fußball,A1,GAME,shopping
football,noun,Fußball,A1,BALL,shopping
footballer,noun,Fußballer,A2,,shopping
footstep,noun,Schritt,C1,,
for,preposition,für,A1,GIVEN/USED,
for,preposition,für,A1,TIME/DISTANCE,
for,preposition,für,A2,PURPOSE,
for,preposition,für,A2,GET,
for,preposition,für,A2,PAYMENT,shopping
for,preposition,für,A2,OCCASION,
for,preposition,für,A2,AT A TIME,
for,preposition,für,A2,BECAUSE OF,
for,preposition,für,A2,MEANING,communication
for,preposition,für,A2,TOWARDS,
for,preposition,für,B1,HELP,
for,preposition,für,B1,REPRESENTING,work
for,preposition,für,B2,SUPPORT,communication
for,preposition,für,C1,RESPONSIBILITY,
for,preposition,für,C1,COMPARE,
for all,phrase,für alle,C2,,
for a start,phrase,für einen Anfang,C1,,communication
forbid,verb,verbieten,B2,,people: actions
forbidden,adjective,verboten,B1,,
force,noun,Gewalt,B2,GROUP,
force,noun,Gewalt,B2,POWER,people: personality
force,noun,Gewalt,C2,INFLUENCE,
force,verb,Gewalt,B2,GIVE NO CHOICE,people: actions
force,verb,Gewalt,C2,USE POWER,people: actions
forceful,adjective,kraftvoll,C2,,people: personality
for days,phrase,seit Tagen,B1,,
forecast,noun,Vorhersage,B1,,natural world
forehead,noun,Stirn,B1,,body and health
foreign,adjective,ausländisch,A2,FROM ANOTHER COUNTRY,
foreign,adjective,ausländisch,B2,OTHER COUNTRIES,
foreigner,noun,Ausländer,B1,,
foremost,adjective,in erster Linie,C2,,
foresee,verb,vorhersehen,C1,,
forest,noun,Wald,A2,,natural world
forever,adverb,für immer,B2,A LONG TIME,
forever,adverb,für immer,B1,IN FUTURE,
for ever,phrase,für immer,B1,,
for example,phrase,Zum Beispiel,A1,,communication
for fear of sth/doing sth,phrase,aus Angst vor/tun,C2,,
for fun or for the fun of it,phrase,zum Spaß oder aus Spaß an der Freude,B1,,people: personality
forgery,noun,Fälschung,C2,CRIME,
forgery,noun,Fälschung,C2,COPY,
forget,verb,vergessen,A2,NOT BRING,
forget,verb,vergessen,B1,NOT DO,
forget,verb,vergessen,B1,NOT REMEMBER,
forget,verb,vergessen,B1,STOP THINKING,
forget it,phrase,Vergiss es,B2,,
forgive,verb,verzeihen,B1,NOT BE ANGRY,communication
forgive me,phrase,verzeihen Sie mir,B2,,communication
forgiveness,noun,Vergebung,C2,,
for good,phrase,für immer,C1,,
"for hours/days, etc. on end",phrase,für Stunden/Tage usw. am Ende,B2,,
for instance,phrase,zum Beispiel,B1,,communication
for/in the foreseeable future,phrase,für/in absehbarer Zukunft,C2,,
fork,noun,Gabel,A2,,food and drink
for life,phrase,fürs Leben,C1,,
for long,phrase,für lange,C1,,
form,noun,bilden,A2,DOCUMENT,communication
form,noun,bilden,B1,GRAMMAR,communication
form,noun,bilden,B1,SCHOOL GROUP,education
form,noun,bilden,B2,TYPE,
form,verb,bilden,B1,COMBINE,people: actions
form,verb,bilden,B2,BEGIN TO EXIST,
form,verb,bilden,B2,START,"people: actions, work"
form,verb,bilden,C2,SHAPE,people: actions
form,verb,bilden,C2,BE,
formal,adjective,formell,C1,STUDY,
formal,adjective,formell,B2,SERIOUS AND CORRECT,
formal,adjective,formell,C1,OFFICIAL,
formally,adverb,formal,C1,OFFICIALLY,
formally,adverb,formal,C1,POLITELY,
"form an opinion/impression, etc.",phrase,sich eine Meinung/einen Eindruck bilden usw.,C2,,
format,noun,Format,C1,,
formation,noun,Bildung,C2,DEVELOPMENT,
formation,noun,Bildung,C2,SHAPE,
former,adjective,ehemalig,B1,,
formerly,adverb,früher,B2,,
formidable,adjective,beeindruckend,C2,POWERFUL,people: personality
formidable,adjective,beeindruckend,C2,DIFFICULT,
formula,noun,Formel,C1,METHOD,
formula,noun,Formel,C1,RULE,
formulate,verb,formulieren,C2,SAY,
formulate,verb,formulieren,C2,PLAN,
for nothing,phrase,umsonst,B2,,
for once,phrase,einmal,B2,,
for one thing,phrase,zum einen,C2,,communication
for real,phrase,wirklich,B2,,
for sale,phrase,zu verkaufen,A2,,shopping
for sb's benefit,phrase,zu unserem Vorteil,C2,,
for some time,phrase,seit einiger Zeit,B2,,
for sure,phrase,sicher,B1,,
forthcoming,adjective,bevorstehend,B2,HAPPENING SOON,
forthcoming,adjective,bevorstehend,C1,OFFERED,
for the best,phrase,zum Besten,C2,,
for the moment,phrase,für den Moment,B2,,
for the most part,phrase,Zum größten Teil,C1,,
for the sake of sb/sth; for sb's/sth's sake,phrase,um von etw willen; um / etw willen,B2,,
for the time being,phrase,vorerst,C1,,
fortnight,noun,vierzehn Tage,B1,,
fortunate,adjective,glücklich,B2,,
fortunately,adverb,glücklicherweise,B1,,communication
fortune,noun,Vermögen,B2,MONEY,money
fortune,noun,Vermögen,B2,LUCK,
forty,number,vierzig,A2,NUMBER,
forward,adverb,nach vorne,B1,DIRECTION,
forward,adverb,nach vorne,B2,FUTURE,
forward,adverb,nach vorne,C1,PROGRESS,
for years,phrase,jahrelang,B1,,
foul,adjective,Foul,C1,UNPLEASANT,
foul,noun,Foul,C2,,shopping
foul,adjective,Foul,C2,BAD,
foul language,phrase,Schimpfwörter,C1,,
found,verb,gefunden,B2,START,people: actions
found,verb,gefunden,C2,BASE,
foundation,noun,Stiftung,C1,START,
foundation,noun,Stiftung,C1,ORGANIZATION,
foundation,noun,Stiftung,C2,IDEA,
founder,noun,Gründer,C2,,
fountain,noun,Brunnen,B1,,
four,number,vier,A1,,
fourteen,number,vierzehn,A1,,
fourth,number,vierte,A2,,
fox,noun,Fuchs,B2,,animals
fraction,noun,Fraktion,C2,,
fragile,adjective,zerbrechlich,C2,PERSON,people: personality
fragile,adjective,zerbrechlich,C2,BREAK,describing things
fragrance,noun,Duft,C2,,
fragrant,adjective,duftend,C2,,describing things
frail,adjective,gebrechlich,C2,,"body and health, people: appearance"
frame,noun,rahmen,B1,BORDER,buildings
frame,noun,rahmen,B2,STRUCTURE,buildings
frame of mind,phrase,Geisteshaltung,C2,,people: personality
framework,noun,Rahmen,C2,,
frankly,adverb,ehrlich gesagt,B2,,communication
frantic,adjective,hektisch,C2,FAST,
frantic,adjective,hektisch,C2,WORRIED,
fraud,noun,Betrug,C2,CRIME,
fraud,noun,Betrug,C2,TRICK,
fraudulent,adjective,betrügerisch,C2,,
free,adjective,frei,A2,NOT BUSY,
free,adjective,frei,B2,NOT A PRISONER,
free,adjective,frei,B2,NOT LIMITED,
free,adjective,frei,A2,NO COST,money
free,adjective,frei,B2,NOT USED,
free,adverb,frei,A2,NO COST,money
free,adverb,frei,B2,NO LIMIT/CONTROL,
free,verb,frei,B2,,people: actions
freedom,noun,Freiheit,B2,BEING ALLOWED,people: personality
freedom from sth,phrase,Freiheit von,C2,,
free from/of sth,phrase,frei von/von,C1,,
freely,adverb,frei,B2,,
free speech/freedom of speech,phrase,freie Meinungsäußerung/Redefreiheit,C2,,
freeze,verb,einfrieren,B1,ICE,natural world
freeze,verb,einfrieren,B1,FOOD,food and drink
freeze,verb,einfrieren,B2,PERSON,body and health
freeze,verb,einfrieren,B2,NOT MOVE,people: actions
freezer,noun,Gefrierschrank,B1,,food and drink
freezing,adjective,Einfrieren,B1,,natural world
frenzy,noun,Raserei,C2,,
frequent,adjective,häufig,B1,,
frequently,adverb,häufig,B1,,
fresh,adjective,frisch,A2,NOT OLD,food and drink
fresh,adjective,frisch,B1,DIFFERENT,
fresh,adjective,frisch,B1,CLEAN/COOL,
fresh,adjective,frisch,C2,SKIN,body and health
fresh,adjective,frisch,B2,RECENT,
fresh,adjective,frisch,C1,NOT TIRED,
fresh air,phrase,frische Luft,B1,,natural world
fresh water,phrase,frisches wasser,C2,,
friction,noun,Reibung,C1,,
Friday,noun,Freitag,A1,,
fridge,noun,Kühlschrank,A2,,food and drink
fried,adjective,gebraten,A2,,food and drink
friend,noun,Freund,A1,PERSON YOU LIKE,relationships
friend,noun,Freund,A2,INTERNET,"relationships, technology"
friendliness,noun,Freundlichkeit,B2,,"people: personality, relationships"
friendly,adjective,freundlich,A2,,"people: personality, relationships"
friendship,noun,Freundschaft,B1,,relationships
fright,noun,Schreck,C1,,
frighten,verb,erschrecken,B2,,"people: actions, people: personality"
frightened,adjective,erschrocken,B1,,people: personality
frightening,adjective,erschreckend,B1,,people: personality
fringe,noun,Randbereich,C2,EDGE,
fringe,noun,Randbereich,C2,HAIR,people: appearance
fringe,adjective,Randbereich,C2,,
frog,noun,Frosch,B1,,animals
from,preposition,aus,A1,ORIGIN,describing things
from,preposition,aus,A1,STARTING PLACE,describing things
from,preposition,aus,A1,TIME,
from,preposition,aus,A1,DISTANCE,
from,preposition,aus,A2,MATERIAL,describing things
from,preposition,aus,B1,COMPARING,
from,preposition,aus,B2,CAUSE,
from,preposition,aus,B2,CHANGE,
from,preposition,aus,B2,POSITION,describing things
from,preposition,aus,B2,PREVENTING,
from/out of nowhere,phrase,aus/aus dem Nichts,B2,IDIOM,
from scratch,phrase,von Grund auf,C1,IDIOM,
from side to side,phrase,von einer Seite zur anderen,B2,,
from start to finish,phrase,von Anfang bis Ende,C1,,
"from the 1870s/March/6.30 pm, etc. onwards",phrase,ab den 1870er Jahren/März/18.30 Uhr usw,C2,,
"from then/that day, etc. on",phrase,von da/an diesem Tag usw. an,C1,,
from time to time,phrase,von Zeit zu Zeit,B2,,
from ... to ...,phrase,von ... bis ...,A2,,
from top to bottom,phrase,von oben nach unten,C2,,
front,adjective,Front,B1,,describing things
frontier,noun,Grenze,C2,BETWEEN COUNTRIES,
frost,noun,Frost,B2,,natural world
frown,verb,Stirnrunzeln,C2,SHOW ANGER,"communication, people: actions, people: personality"
frown,noun,Stirnrunzeln,C2,,
frown on/upon sth,phrasal verb,die Stirn runzeln,C2,,
frozen,adjective,gefroren,B1,FOOD,food and drink
frozen,adjective,gefroren,B1,PERSON,body and health
frozen,adjective,gefroren,B1,WATER,natural world
fruit,noun,Obst,A1,FOOD,food and drink
fruitful,adjective,fruchtbar,C1,,
frustrated,adjective,frustriert,C1,,
frustrating,adjective,frustrierend,C1,,people: personality
frustration,noun,Frustration,B2,,people: personality
fry,verb,braten,B1,,food and drink
frying pan,noun,Bratpfanne,B1,,food and drink
fuel,noun,Kraftstoff,B1,,
"fulfil a duty/promise/responsibility, etc.",phrase,eine Pflicht/Versprechen/Verantwortung usw. erfüllen,C1,,
"fulfil a function/need/role, etc.",phrase,eine Funktion/Bedürfnis/Rolle usw. erfüllen.,C1,,
"fulfil an ambition/dream/goal, etc.",phrase,einen Ehrgeiz/Traum/Ziel usw. erfüllen,C1,,
"fulfil criteria/requirements/qualifications, etc.",phrase,Kriterien/Anforderungen/Qualifikationen usw. erfüllen.,C1,,
fulfilling,adjective,erfüllend,C2,,
fulfilment,noun,Erfüllung,C2,PLEASURE,people: personality
fulfilment,noun,Erfüllung,C2,SOMETHING DONE,
full,adjective,voll,A2,COMPLETE,
full,adjective,voll,A2,NO MORE POSSIBLE,
full,adjective,voll,A2,A LOT,
full,adjective,voll,B1,GREATEST POSSIBLE,
full,adjective,voll,B2,FOOD,food and drink
full stop,noun,Punkt,B1,,communication
full-time,adjective,Vollzeit,B1,,work
fully,adverb,voll,B1,,communication
fumes,noun,Dämpfe,C1,,
fun,noun,Spaß,A1,PLEASURE,people: personality
fun,adjective,Spaß,A2,,
function,noun,Funktion,B2,PURPOSE,
function,noun,Funktion,C1,EVENT,
functional,adjective,funktionell,B2,,
fund,noun,Fonds,C1,,money
fund,verb,Fonds,C1,,money
fundamental,adjective,grundlegend,C2,,
fundamentally,adverb,grundsätzlich,C2,,
funding,noun,Finanzierung,C1,,money
funds,phrase,Mittel,C1,,money
funeral,noun,Beerdigung,B2,,relationships
funny,adjective,lustig,A1,MAKING YOU LAUGH,people: personality
funny,adjective,lustig,B1,STRANGE,
fur,noun,Fell,B1,,animals
furious,adjective,wütend,B2,,people: personality
furiously,adverb,wütend,B2,,people: personality
furnished,adjective,möbliert,C1,,
furniture,noun,Möbel,A2,,buildings
further,adjective,weiter,A2,MORE,
further,adverb,weiter,B1,DISTANCE,
further,adverb,weiter,B2,MORE,
further,verb,weiter,C2,,
furthermore,adverb,Außerdem,B2,,communication
furthest,adverb,am weitesten,B1,,
fury,noun,Wut,C2,,people: personality
fuss,noun,Aufregung,C1,,people: personality
fussy,adjective,pingelig,C2,CAREFUL,people: personality
fussy,adjective,pingelig,C2,NOT LIKING,people: personality
future,noun,Zukunft,B1,SUCCESS,
future,noun,Zukunft,C2,WHAT WILL HAPPEN,
future,adjective,Zukunft,B1,,
gadget,noun,Gadget,C1,,
gain,verb,gewinnen,B1,GET,
gain,verb,gewinnen,B1,INCREASE,
gain,noun,gewinnen,C1,INCREASE,
gain,noun,gewinnen,C2,SOMETHING OBTAINED,
gain/lose ground,phrase,Boden gewinnen/verlieren,C1,IDIOM,
gallery,noun,Galerie,B1,,arts and media
gamble,verb,spielen,C2,RISK MONEY,
gamble,noun,spielen,C2,,
gambling,noun,Glücksspiel,B2,,
game,noun,Spiel,A1,ACTIVITY/SPORT,shopping
game,noun,Spiel,A2,OCCASION,shopping
gang,noun,Gang,B2,YOUNG PEOPLE,relationships
gang,noun,Gang,B2,CRIMINALS,crime
gang,noun,Gang,C2,FRIENDS,
gap,noun,Lücke,B1,SPACE,
gap,noun,Lücke,B2,ABSENT THING,
gap,noun,Lücke,B2,DIFFERENCE,
gap,noun,Lücke,B2,TIME,
garage,noun,Garage,A2,BUILDING,buildings
garage,noun,Garage,B1,BUSINESS,travel
garden,noun,Garten,A1,BY HOUSE,buildings
gardener,noun,Gärtner,B2,,
gardening,noun,Gartenarbeit,B2,,
gardens,phrase,Gärten,C1,,
garlic,noun,Knoblauch,A2,,food and drink
garment,noun,Kleidungsstück,C1,,
gas,noun,Gas,A2,FUEL,
gas,noun,Gas,B2,SUBSTANCE,natural world
gasp,verb,keuchen,C2,MAKE NOISE,
gasp,verb,keuchen,C2,BREATHE WITH DIFFICULTY,
gasp,noun,keuchen,C2,,
gate,noun,Tor,A2,STRUCTURE,buildings
gate,noun,Tor,B1,AIRPORT,travel
gather,verb,versammeln,B2,COME TOGETHER,people: actions
gather,verb,versammeln,B2,COLLECT,people: actions
gather,verb,versammeln,C1,THINK,
gathering,noun,Versammlung,C1,,
"gather speed/strength/support, etc.",phrase,Geschwindigkeit/Kraft/Unterstützung usw. sammeln.,C1,,
gay,adjective,schwul,B1,,relationships
gaze,noun,Blick,C2,,people: actions
"gaze at/into/out of, etc.",phrase,Blick auf/in/aus usw.,B2,,people: actions
gear,noun,Gang,B2,VEHICLE PART,travel
gear,noun,Gang,B2,EQUIPMENT,clothes
gender,noun,Geschlecht,B2,SEX,people: appearance
gender,noun,Geschlecht,B2,GRAMMAR,
gene,noun,Gen,C1,,body and health
general,adjective,allgemein,B2,MOST PEOPLE,
general,adjective,allgemein,B1,NOT DETAILED,
general,adjective,allgemein,B2,NOT LIMITED,
generalization,noun,Verallgemeinerung,C1,,
generalize,verb,verallgemeinern,C1,,
generally,adverb,allgemein,B1,USUALLY,communication
generally,adverb,allgemein,B2,AS A WHOLE,communication
generally,adverb,allgemein,B2,BY MOST PEOPLE,communication
"generally/personally, etc. speaking",phrase,allgemein/persönlich usw,B2,,communication
generate,verb,erzeugen,B2,CREATE,
generate,verb,erzeugen,B2,MAKE ENERGY,technology
generation,noun,Generation,B1,PEOPLE,"people: personality, relationships"
generation,noun,Generation,B2,TIME,
generation,noun,Generation,B2,ENERGY,technology
generation,noun,Generation,B2,PRODUCT,
generosity,noun,Großzügigkeit,B2,,people: personality
generous,adjective,großzügig,C1,LARGE,
generous,adjective,großzügig,B1,WILLING TO GIVE,people: personality
generously,adverb,großzügig,B2,,people: personality
genetic,adjective,genetisch,C1,,body and health
genetically modified,adjective,genetisch verändert,C1,,
genetics,noun,Genetik,B2,,"body and health, education"
genius,noun,Genius,C1,PERSON,
genius,noun,Genius,C2,QUALITY,
gentle,adjective,sanft,B1,KIND,people: personality
gentle,adjective,sanft,B1,NOT STRONG,describing things
gentle,adjective,sanft,C1,SLOPE,
gentleman,noun,Gentleman,B2,,people: personality
gently,adverb,sanft,B2,,people: personality
genuine,adjective,echt,C1,SINCERE,people: personality
genuine,adjective,echt,B2,REAL,describing things
genuinely,adverb,original,B2,,
geography,noun,Geographie,A2,,natural world
geology,noun,Geologie,C1,,"education, natural world"
germ,noun,Keim,C1,DISEASE,body and health
gerund,noun,Gerundium,C1,,
gesture,noun,Geste,C1,MOVEMENT,
gesture,noun,Geste,C1,ACTION,
gesture,verb,Geste,C2,,
get,verb,erhalten,A1,OBTAIN,"people: actions, shopping"
get,verb,erhalten,A1,RECEIVE,
get,verb,erhalten,A2,BRING,people: actions
get,verb,erhalten,B1,TELEPHONE/DOOR,communication
get,verb,erhalten,B2,UNDERSTAND/HEAR,
"get a bus/train/taxi, etc.",phrase,Nehmen Sie einen Bus/Zug/ein Taxi usw.,A1,,travel
get across sth or get sth across,phrasal verb,rüberkommen oder rüberkommen,B2,,communication
get a grip (on yourself),phrase,(sich selbst) in den Griff bekommen,C1,IDIOM,
get a move on,phrase,Mach weiter,C2,,people: actions
get at sth,phrasal verb,ankommen,B2,,people: actions
get away,phrasal verb,geh weg,B2,ESCAPE,travel
get away,phrasal verb,geh weg,B2,GO SOMEWHERE,travel
get away with sth,phrasal verb,damit durchkommen,B2,,crime
get back,phrasal verb,komm zurück,A2,,travel
get back sth or get sth back,phrasal verb,komm zurück oder komm zurück,B1,,people: actions
get back to sb,phrasal verb,komm zurück zu,C1,,communication
get/become used to sb/sth/doing sth,phrase,"sich daran gewöhnen, etw zu tun",B1,,people: personality
"get cancer/flu, etc.",phrase,an Krebs/Grippe usw. erkranken.,B1,,body and health
"get caught/killed/told off, etc.",phrase,erwischt/getötet/beschimpft werden usw.,B1,,
"get cold/ill/late, etc.",phrase,kalt/krank/spät werden usw.,B1,,
"get down/into/off, etc.",phrase,runtergehen/einsteigen/aussteigen usw.,B1,,people: actions
get down to sth,phrasal verb,komm runter,B2,,people: actions
get/gain the upper hand,phrase,die Oberhand gewinnen/gewinnen,C2,IDIOM,
get/go to sleep,phrase,schlafen/schlafen gehen,B1,,people: actions
get/have sth out of the way,phrase,aus dem Weg gehen/haben,C2,,
get/have your (own) way,phrase,deinen (eigenen) Weg gehen/haben,C1,,
"get here/there/home/to work, etc.",phrase,hierher/dort/nach Hause/zur Arbeit kommen usw.,A1,,travel
get hold of sth/sb,phrase,jdn. ergreifen,B2,,communication
get in,phrasal verb,Treten Sie ein,B1,ENTER,people: actions
get in,phrasal verb,Treten Sie ein,B1,ARRIVE,travel
get in,phrasal verb,Treten Sie ein,B2,BE CHOSEN,
get into sth,phrasal verb,einsteigen,C1,BE INTERESTED,
get into sth,phrasal verb,einsteigen,B2,BE CHOSEN,
get in touch,phrase,Nehmen Sie Kontakt auf,B1,,communication
get/jump on the bandwagon,phrase,auf den Zug aufspringen/aufspringen,C2,IDIOM,
get/lay your hands on sth,phrase,in die Hände bekommen/auflegen,C2,,
get married,phrase,heiraten,A2,,"people: actions, relationships"
get moving,phrase,beweg dich,C2,,
get off/start on the wrong foot,phrase,auf dem falschen Fuß aussteigen/auf dem falschen Fuß anfangen,C2,IDIOM,
get off (sth),phrasal verb,aussteigen (etw.),A2,,travel
get on,phrasal verb,steig ein,B1,MANAGE,people: actions
get on,phrasal verb,steig ein,B1,RELATIONSHIP,relationships
get on sb's nerves,phrase,Geh auf die Nerven,B2,,people: personality
get on sb's nerves,phrase,Geh auf die Nerven,C1,,
get on (sth),phrasal verb,weitermachen (etw),A2,,travel
get on with sth,phrasal verb,mach weiter,B2,,
get out,phrasal verb,aussteigen,B1,LEAVE,travel
get out,phrasal verb,aussteigen,C1,DIFFERENT PLACES,
get out of hand,phrase,außer Kontrolle geraten,C2,IDIOM,
get out of sth/doing sth,phrasal verb,rauskommen/tun,B2,,people: actions
get over sth/sb,phrasal verb,über jdn. hinwegkommen,B2,GET BETTER,body and health
get rid of sb,phrase,"beseitigen, abschütteln",C1,,
get rid of sth,phrase,"beseitigen, abschütteln",B1,,people: actions
get rid of sth,phrase,"beseitigen, abschütteln",B2,,
get/rise to your feet,phrase,aufstehen/aufstehen,C2,,
get round to sth,phrasal verb,komm vorbei,B2,,people: actions
get sb down,phrasal verb,geh runter,B2,,people: personality
get sb/sth muddled up,phrase,etw durcheinander bringen,C2,,
get (sb/sth) out,phrasal verb,jdn/etw. rausholen,C1,,people: actions
get sb/sth to do sth,phrase,etw zu tun bekommen,B2,,communication
get (sb) through sth,phrasal verb,(jdn) durchbringen,C1,,
get (sb) up,phrasal verb,(jdn) aufstehen,A1,,people: actions
get sth off your chest,phrase,Geh von deiner Brust,C2,IDIOM,communication
get sth over (and done) with,phrase,Schluss damit (und fertig).,C2,,
"get sth painted/repaired, etc.",phrase,sich lackieren/reparieren lassen usw.,B1,,people: actions
get sth straight,phrase,komm gerade,C1,,
get sth wrong,phrase,falsch liegen,B1,,
"get the feeling/idea/impression, etc.",phrase,das Gefühl/die Idee/den Eindruck bekommen usw.,B2,,people: personality
get the hang of sth,phrase,den Dreh raus,C2,IDIOM,
get the picture,phrase,Mach dir ein Bild,C2,IDIOM,
get through sth,phrasal verb,durchkommen,C2,FINISH,
get through sth,phrasal verb,durchkommen,B2,SUCCEED,education
get through to sb,phrasal verb,durchkommen,C1,,
get to,phrasal verb,hinkommen,B2,,
get to do sth,phrase,zu tun bekommen,B2,,people: actions
get together,phrasal verb,zusammenkommen,B1,,relationships
get to know sb/sth,phrase,etw. kennenlernen,B1,,relationships
get to sb,phrasal verb,hinkommen,C2,,people: personality
get underway,phrase,Machen Sie sich auf den Weg,C2,,
get up,phrasal verb,aufstehen,B2,,people: actions
get up to sth,phrasal verb,aufstehen,C2,,people: actions
get worse,phrase,sich verschlechtern,B1,,
get worse,phrase,sich verschlechtern,B1,,describing things
get you nowhere,phrase,bringt dich nirgendwo hin,C2,,
get your act together,phrase,Bringen Sie sich zusammen,C2,IDIOM,
get your own back (on sb),phrase,Holen Sie sich Ihren eigenen Rücken (an),C2,IDIOM,
ghost,noun,Geist,B1,,
giant,noun,Riese,C1,IMAGINARY MAN,
giant,adjective,Riese,B1,,describing things
giant,noun,Riese,C2,ORGANIZATION,work
gift,noun,Geschenk,A2,THING GIVEN,
gift,noun,Geschenk,C1,ABILITY,
gifted,adjective,begabt,C1,,people: personality
giggle,verb,kichern,C2,,people: actions
giraffe,noun,Giraffe,B1,,animals
girl,noun,Mädchen,A1,FEMALE CHILD,people: appearance
girlfriend,noun,Freundin,A2,ROMANCE,relationships
girlfriend,noun,Freundin,B1,FRIEND,relationships
give,verb,geben,A1,PROVIDE,people: actions
give,verb,geben,A2,PUT NEAR,people: actions
give,verb,geben,A2,TELL,communication
give,verb,geben,B1,ALLOW,
give,verb,geben,B1,CAUSE,
give,verb,geben,B1,ALLOW TIME,
give,verb,geben,B1,PAY MONEY,"money, shopping"
give,verb,geben,B1,DO,people: actions
give and take,phrase,geben und nehmen,C2,IDIOM,
give a party,phrase,eine Party geben,A2,,people: actions
"give a performance/speech, etc.",phrase,eine Aufführung/Rede usw. halten.,B2,,people: actions
give away sth or give sth away,phrasal verb,verschenken oder verschenken,B1,FREE,"people: actions, shopping"
give away sth or give sth away,phrasal verb,verschenken oder verschenken,B2,SECRET,communication
give back sth or give sth back,phrasal verb,zurückgeben oder zurückgeben,A2,,people: actions
give birth,phrase,gebären,B2,,body and health
give in,phrasal verb,nachgeben,B1,AGREE,communication
give in,phrasal verb,nachgeben,B2,ADMIT DEFEAT,shopping
give in sth or give sth in,phrasal verb,nachgeben oder nachgeben,B1,,people: actions
give out sth or give sth out,phrasal verb,ausgeben oder ausgeben,B1,,people: actions
give rise to sth,phrase,Anlass geben,C2,,
give sb a call/ring,phrase,rufe/klingel an,A2,,communication
give sb a hard time,phrase,Gib es dir schwer,C2,,
give sb a ring,phrase,ruf mal an,A2,,"communication, people: actions"
give sb the benefit of the doubt,phrase,Geben Sie im Zweifelsfall den Vorteil,C2,,
give sb your word,phrase,gib dein Wort,C1,,communication
give sth a miss,phrase,vergiss es,C1,,
give up (sth/doing sth) or give (sth) up,phrasal verb,aufgeben (etw/tun) oder aufgeben,B2,,people: actions
give up (sth) or give (sth) up,phrasal verb,(etw) aufgeben oder (etw) aufgeben,B1,,people: actions
give up sth or give sth up,phrasal verb,aufgeben oder aufgeben,B1,,
give vent to,phrase,Luft machen,C2,,
give way,phrase,Vorfahrt beachten,C1,,travel
give way,phrase,Vorfahrt beachten,C2,,
give way to sth,phrase,nachgeben,C2,,
glad,adjective,froh,A2,HAPPY,people: personality
glad,adjective,froh,B2,WILLING,
glamour,noun,Glanz,C1,,
glance,noun,Blick,B2,QUICK LOOK,people: actions
"glance at/around/towards, etc.",phrase,einen Blick auf/um/hinzuschauen usw.,B1,,people: actions
"glance at/over/through, etc.",phrase,Blick auf/über/durch usw.,B2,,people: actions
glare,noun,Blendung,C2,LIGHT,
glare,noun,Blendung,C2,LOOK,
glare,verb,Blendung,C2,,people: actions
glass,noun,Glas,A1,SUBSTANCE,describing things
glass,noun,Glas,A1,CONTAINER,food and drink
glasses,noun,Gläser,A1,,clothes
glimpse,noun,Blick,C1,,
global,adjective,global,B2,,natural world
globalization,noun,Globalisierung,C1,,
globally,adverb,global,B2,,natural world
global warming,noun,globale Erwärmung,B2,,natural world
glory,noun,Ruhm,C1,PRAISE,
glory,noun,Ruhm,C1,QUALITY,
glove,noun,Handschuh,A2,,clothes
glow,noun,glühen,C2,LIGHT,
glow,noun,glühen,C2,SKIN,
glow,verb,glühen,C2,,
"glow with happiness/pride,etc.",phrase,strahle vor Glück/Stolz usw.,C2,,
glue,noun,Kleber,C2,,
glue,verb,Kleber,C2,STICK,
go,verb,gehen,A1,MOVE/TRAVEL,travel
go,verb,gehen,A1,DO SOMETHING,travel
go,verb,gehen,B1,DISAPPEAR,
go,verb,gehen,B1,MATCH,
go,verb,gehen,B1,LEAD,travel
go,verb,gehen,B2,SONG,arts and media
go,verb,gehen,B2,TIME,
go,verb,gehen,C2,SOUND/MOVEMENT,
go,verb,gehen,C2,WORKING,technology
go,noun,gehen,B1,OPPORTUNITY,shopping
go,noun,gehen,B2,ATTEMPT,people: actions
go against the grain,phrase,gegen den Strich gehen,C2,IDIOM,
go ahead,phrasal verb,fortfahren,B2,START,people: actions
go ahead,phrasal verb,fortfahren,B2,ALLOW,communication
goal,noun,Ziel,A2,POINT,shopping
goal,noun,Ziel,A2,AREA,shopping
goal,noun,Ziel,B1,AIM,
goalkeeper,noun,Torwart,B1,,shopping
goat,noun,Ziege,B1,,animals
go away,phrasal verb,Geh weg,B1,LEAVE,people: actions
go away,phrasal verb,Geh weg,B1,HOLIDAY,travel
go back,phrasal verb,geh zurück,B1,,travel
"go badly/well, etc.",phrase,schlecht/gut gehen usw.,B1,,
"go bald/blind/grey, etc.",phrase,kahl/blind/grau werden usw.,B1,,
go blank,phrase,gehen Sie leer,B2,,
go by,phrasal verb,geh vorbei,C2,MOVE PAST,
go by,phrasal verb,geh vorbei,B2,TIME,
go crazy,phrase,verrückt werden,B1,,
god,noun,Gott,B2,SPIRIT,
God,phrase,Gott,A2,,
go down,phrasal verb,gehen,B1,BECOME LESS,
go down,phrasal verb,gehen,B1,SUN,natural world
go down,phrasal verb,gehen,C2,BE CONSIDERED,
go downhill,phrase,bergab gehen,C2,IDIOM,
go down with sth,phrasal verb,geh runter mit,B2,,body and health
go/fall to pieces,phrase,in Stücke gehen/zerfallen,C2,IDIOM,
go for sth,phrasal verb,los geht's,B1,CHOOSE,
go for sth,phrasal verb,los geht's,B2,TRY TO GET,people: actions
go from strength to strength,phrase,werde immer stärker,C1,,
go hand in hand,phrase,gehen Hand in Hand,C1,IDIOM,
go in,phrasal verb,geh rein,A2,,people: actions
go into detail/s,phrase,ins Detail gehen,B2,,communication
go into sth,phrasal verb,gehen in,C1,START,work
go into sth,phrasal verb,gehen in,C1,BE USED,
go into sth,phrasal verb,gehen in,C2,DESCRIBE,communication
gold,noun,Gold,A2,,natural world
gold,adjective,Gold,A2,METAL,natural world
gold,adjective,Gold,A2,COLOUR,describing things
golden,adjective,golden,A2,METAL,natural world
golden,adjective,golden,A2,COLOUR,describing things
golden,adjective,golden,B2,SPECIAL,
golf,noun,Golf,A2,,shopping
good,adjective,Gut,A1,HIGH QUALITY,describing things
good,adjective,Gut,A1,PLEASANT,describing things
good,adjective,Gut,A1,HEALTHY,body and health
good,adjective,Gut,A1,PLEASED,communication
good,adjective,Gut,A1,KIND,people: personality
good,adjective,Gut,A1,SUCCESSFUL,
good,adjective,Gut,A2,SUITABLE,describing things
good,adjective,Gut,A2,BEHAVIOUR,people: personality
good,adjective,Gut,B1,MORALLY RIGHT,people: personality
good,adjective,Gut,C1,LARGE,describing things
good,noun,Gut,B2,HELP,
good,noun,Gut,C2,MORALLY RIGHT,
good afternoon,exclamation,Guten Tag,A1,,communication
good/bad press,phrase,gute/schlechte Presse,C1,,
goodbye,exclamation,Verabschiedung,A1,,communication
good evening,exclamation,Guten Abend,A1,,communication
good for you,phrase,gut für dich,A1,,body and health
Good for you!,phrase,Gut für dich!,B2,,communication
good-looking,adjective,gut aussehend,A2,,people: appearance
good morning,exclamation,Guten Morgen,A1,,communication
(Good) morning,phrase,(Guten Morgen,A1,,communication
goodness,noun,Güte,C2,,
good night,exclamation,Gute Nacht,A1,,communication
goods,noun,Waren,B1,,shopping
good value (for money),phrase,gutes Preis-Leistungs-Verhältnis,B1,,"money, shopping"
go off,phrasal verb,geh los,B1,LEAVE,people: actions
go off,phrasal verb,geh los,B1,STOP WORKING,
go off,phrasal verb,geh los,B2,MAKE NOISE,
go off,phrasal verb,geh los,C1,EXPLODE,
go off,phrasal verb,geh los,B2,FOOD,food and drink
go off sth/sb,phrasal verb,losgehen/jdn,B2,,people: personality
Google,verb,Google,B2,,technology
go on,phrasal verb,mach weiter,B1,CONTINUE,
go on,phrasal verb,mach weiter,B1,HAPPEN,
go on,phrasal verb,mach weiter,B2,CONTINUE DOING,people: actions
go on,phrasal verb,mach weiter,B2,TALK AGAIN,communication
go on,phrasal verb,mach weiter,C2,TALK FOR A LONG TIME,communication
go out,phrasal verb,hinausgehen,A1,LEAVE,people: actions
go out,phrasal verb,hinausgehen,B1,RELATIONSHIP,relationships
go out,phrasal verb,hinausgehen,B1,LIGHT/FIRE,
go out of your way to do sth,phrase,Geben Sie sich alle Mühe,C2,,
go overboard,phrase,über Bord gehen,C2,,
go over sth,phrasal verb,geh rüber,B2,,
go red,phrase,werde rot,B2,,people: personality
gorgeous,adjective,wunderschön,B1,,
go/run deep,phrase,tief gehen/laufen,C2,IDIOM,
"go running/swimming, etc.",phrase,Laufen/Schwimmen gehen usw.,A2,,people: actions
go shopping,phrase,geh einkaufen,A1,,shopping
go so far as to do sth,phrase,"Gehen Sie so weit, es zu tun",C2,,
gossip,noun,Tratsch,B2,,communication
gossip,verb,Tratsch,B2,,communication
go through sth,phrasal verb,durchlaufen,B2,EXPERIENCE,
go through sth,phrasal verb,durchlaufen,B2,EXAMINE,
go through the motions,phrase,Gehen Sie die Bewegungen durch,C2,IDIOM,
go through the roof,phrase,durch das Dach gehen,C2,IDIOM,
go through with sth,phrasal verb,durchgehen mit,C2,,
go too far,phrase,zu weit gehen,C2,,
go to the toilet,phrase,geh auf die Toilette,A2,,"body and health, people: actions"
go up,phrasal verb,steigen,B1,INCREASE,
go up,phrasal verb,steigen,C2,EXPLODE,
govern,verb,regieren,B2,,"people: actions, politics"
government,noun,Regierung,B1,GROUP,politics
government,noun,Regierung,B2,PROCESS,politics
"go/walk, etc. up to sb/sth",phrase,gehen/gehen usw. bis zu/etw,B1,,people: actions
go without (sth),phrasal verb,auf etw verzichten,C2,,
go with the flow,phrase,geh mit dem Strom,C2,IDIOM,
go wrong,phrase,schief gehen,B1,,
grab,verb,greifen,B2,TAKE QUICKLY,
grab,verb,greifen,B1,TAKE WITH HAND,people: actions
grab sb's attention,phrase,Aufmerksamkeit erregen,C1,,
grab the opportunity/chance,phrase,Ergreife die Gelegenheit/Chance,C1,,
grace,noun,Anmut,C1,MOVEMENT,
grace,noun,Anmut,C2,POLITENESS,
grace,verb,Anmut,C2,,
graceful,adjective,anmutig,C1,MOVEMENT/SHAPE,describing things
graceful,adjective,anmutig,C2,POLITE,people: personality
grade,noun,Grad,B1,,education
grade,verb,Grad,C1,LEVEL,
gradual,adjective,allmählich,B2,,
gradually,adverb,schrittweise,B2,,
graduate,noun,Absolvent,B2,,education
graduate,verb,Absolvent,B2,,education
grain,noun,Getreide,C2,SEED,food and drink
grain,noun,Getreide,C2,PIECE,
grain,noun,Getreide,C2,QUALITY,
gram,noun,Gramm,A2,,describing things
grammar,noun,Grammatik,A2,,communication
grammatical,adjective,grammatikalisch,C2,,communication
grand,adjective,großartig,C1,,
grandchild,noun,Enkel,A2,,relationships
granddad,noun,Opa,A2,,relationships
granddaughter,noun,Enkelin,A2,,relationships
grandfather,noun,Großvater,A2,,relationships
grandma,noun,Oma,A2,,relationships
grandmother,noun,Großmutter,A2,,relationships
grandpa,noun,Opa,A2,,relationships
grandparent,noun,Großeltern,A2,,relationships
grandson,noun,Enkel,A2,,relationships
granny,noun,Oma,A2,,relationships
grant,noun,gewähren,B1,,money
grant,verb,gewähren,B2,GIVE,communication
grape,noun,Traube,A2,,food and drink
graph,noun,Graph,B2,,communication
graphics,noun,Grafik,B1,,arts and media
grasp,verb,fassen,C1,UNDERSTAND,
grasp,verb,fassen,C1,HOLD,people: actions
grasp,noun,fassen,C2,UNDERSTAND,
grasp,noun,fassen,C2,HOLD,
grasp,noun,fassen,C2,ACHIEVE,
grasp at sth,phrasal verb,begreifen,C2,,people: actions
grasp the nettle,phrase,Fass die Brennnessel an,C2,IDIOM,
grass,noun,Gras,A1,,natural world
grateful,adjective,dankbar,B1,,people: personality
grave,noun,Grab,B2,,
great,adjective,Großartig,A2,LARGE,describing things
great,adjective,Großartig,A1,EXCELLENT,describing things
great,adjective,Großartig,B1,EXTREME,communication
great,adjective,Großartig,B2,IMPORTANT,
"great big/long, etc.",phrase,super groß/lang usw.,B2,,describing things
greatly,adverb,stark,B2,,communication
greatness,noun,Größe,B2,,people: personality
greed,noun,Gier,C1,,
greedy,adjective,gierig,B2,,people: personality
green,adjective,Grün,B1,GRASS,natural world
green,adjective,Grün,A1,COLOUR,describing things
green,adjective,Grün,B2,ENVIRONMENT,natural world
green,noun,Grün,A2,,describing things
greet,verb,begrüßen,C2,REACT,
greet,verb,begrüßen,B1,WELCOME,communication
greeting,noun,Gruß,B1,,communication
grey,adjective,grau,A1,COLOUR,describing things
grey,adjective,grau,B2,WEATHER,
grey,adjective,grau,C1,BORING,
grey,noun,grau,A2,,describing things
grief,noun,Kummer,B2,SADNESS,people: personality
grill,noun,Grill,B1,IN KITCHEN,food and drink
grill,noun,Grill,C1,OVER FIRE,
grill,verb,Grill,B1,,food and drink
grilled,adjective,gegrillt,A2,,food and drink
grim,adjective,grimmig,C2,BAD,
grim,adjective,grimmig,C2,SERIOUS,people: personality
grim,adjective,grimmig,C2,UNPLEASANT,describing things
grin,verb,Grinsen,C2,SMILE,people: actions
grin,noun,Grinsen,C2,,
grin and bear it,phrase,grins und ertrage es,C2,,
grip,verb,Griff,C2,EMOTION,
grip,verb,Griff,B2,HOLD,people: actions
grip,noun,Griff,B2,HOLD,people: actions
grip,verb,Griff,C2,INTEREST,
gripping,adjective,packend,C1,,
grit your teeth,phrase,beißt die Zähne zusammen,C2,IDIOM,
groan,verb,Stöhnen,C2,,communication
groan,noun,Stöhnen,C2,,communication
groom,noun,Bräutigam,B1,,relationships
gross,adjective,brutto,C1,TOTAL,money
gross,adjective,brutto,C1,SERIOUS,
ground,noun,Boden,B1,AREA OF LAND,
ground,noun,Boden,B2,SOIL,natural world
grounds,noun,Gründe,C2,REASON,
grounds,noun,Gründe,C2,LAND,
group,noun,Gruppe,A1,MUSIC,arts and media
group,noun,Gruppe,A1,SET,
group,verb,Gruppe,C1,,
grow,verb,wachsen,A2,DEVELOP,
grow,verb,wachsen,A2,PLANT,natural world
grow,verb,wachsen,B1,INCREASE,
grow,verb,wachsen,B1,HAIR,people: appearance
growing,adjective,Anbau,B2,,describing things
grown-up,noun,erwachsen,B2,,people: appearance
grown-up,adjective,erwachsen,B2,,people: appearance
growth,noun,Wachstum,B2,,
"grow tired/old/calm, etc.",phrase,müde/alt/ruhig werden usw.,B2,,
grow up,phrasal verb,aufwachsen,A2,,people: personality
grumpy,adjective,mürrisch,C1,,
guarantee,verb,Garantie,B2,,communication
guarantee,noun,Garantie,C2,PROMISE,
guarantee,noun,Garantie,B2,,shopping
guard,noun,bewachen,B1,PERSON WHO PROTECTS,work
guard,verb,bewachen,B2,PROTECT,people: actions
guard,verb,bewachen,B2,WATCH,people: actions
guess,verb,erraten,A2,ANSWER/OPINION,communication
guess,noun,erraten,B1,,communication
Guess what?,phrase,"Erraten Sie, was?",A2,,communication
guest,noun,Gast,A2,VISITOR,relationships
guest,noun,Gast,A2,HOTEL,travel
guest,noun,Gast,B2,TV,arts and media
guidance,noun,Anleitung,B2,,communication
guide,noun,Führung,A2,PERSON,work
guide,noun,Führung,B1,BOOK,
guide,verb,Führung,B1,,"people: actions, travel"
guidebook,noun,Reiseführer,A2,,travel
guideline,noun,Richtlinie,C1,,communication
guilt,noun,Schuld,B2,FEELING,people: personality
guilt,noun,Schuld,B2,ILLEGAL,crime
guilty,adjective,schuldig,B1,FEELING,people: personality
guilty,adjective,schuldig,B2,RESPONSIBLE,crime
guitar,noun,Gitarre,A1,,arts and media
guitarist,noun,Gitarrist,B1,,"arts and media, work"
gulf,noun,Golf,C2,,
gum,noun,Gummi,B2,MOUTH,body and health
gun,noun,Pistole,B1,,
guts,noun,Innereien,B2,BRAVERY,people: personality
guts,noun,Innereien,C2,ORGANS,
guy,noun,Kerl,A2,MAN,people: appearance
guys,phrase,Jungs,B1,,
gym,noun,Fitnessstudio,B1,EXERCISES,education
gym,noun,Fitnessstudio,B1,BUILDING,buildings
gymnastic,adjective,Gymnastik-,B2,,shopping
gymnastics,noun,Gymnastik,B1,,shopping
habit,noun,Gewohnheit,B1,REGULAR ACTIVITY,people: actions
habit,noun,Gewohnheit,B2,BAD ACTIVITY,"body and health, people: actions"
habitat,noun,Lebensraum,C1,,natural world
hail,noun,Hagel,C2,,natural world
hail,verb,Hagel,C2,CALL,
hail,verb,Hagel,C2,ICE,natural world
hail sb/sth as sth,phrasal verb,Hagel/etw,C2,,
hair,noun,Haar,A1,ON HEAD,people: appearance
hair,noun,Haar,B2,SINGLE PIECE,"body and health, people: appearance"
haircut,noun,Haarschnitt,B1,,people: appearance
hairdresser,noun,Friseur,B1,,"people: appearance, work"
hairdryer,noun,Fön,B1,,
half,noun,Hälfte,A2,PART,describing things
half,noun,Hälfte,B2,A LOT,describing things
half,adverb,Hälfte,B1,,
"half past one/two/three, etc.",phrase,halb eins/zwei/drei usw.,A1,,
half-price,adjective,zum halben Preis,A2,,"money, shopping"
hall,noun,Saal,A2,BUILDING,buildings
hall,noun,Saal,A2,ENTRANCE,buildings
ham,noun,Schinken,A2,,food and drink
hammer,noun,Hammer,B2,,
hand,noun,Hand,A1,BODY PART,body and health
hand,verb,Hand,B1,GIVE,people: actions
handbag,noun,Handtasche,A2,,clothes
handball,noun,Handball,B1,,
hand/give in your notice,phrase,Geben Sie Ihre Kündigung ab,C2,,work
hand-held,adjective,handgehalten,B1,,technology
hand in hand,phrase,Hand in Hand,B2,,
hand in sth or hand sth in,phrasal verb,abgeben oder abgeben,B1,,"education, people: actions"
handkerchief,noun,Taschentuch,B1,,
handle,verb,handhaben,C2,TOUCH,
handle,verb,handhaben,B1,DEAL WITH,people: actions
handle,noun,handhaben,B2,,
handout,noun,Handzettel,B2,,communication
hand out sth or hand sth out,phrasal verb,austeilen oder austeilen,B1,,people: actions
hand over sb/sth or hand sb/sth over,phrasal verb,etw übergeben oder etw übergeben,B2,,people: actions
handsome,adjective,gutaussehend,B1,ATTRACTIVE,people: appearance
hand sth down or hand down sth,phrasal verb,weitergeben oder weitergeben,C2,,
handwriting,noun,Handschrift,B1,,communication
handy,adjective,praktisch,C2,USEFUL,
handy,adjective,praktisch,C2,NEAR,
hang,verb,aufhängen,B1,FASTEN,people: actions
hang,verb,aufhängen,B2,KILL,"crime, people: actions"
hang,verb,aufhängen,C2,IN AIR,
hang about/around (swh),phrasal verb,herumhängen (swh),B1,,people: actions
hang on,phrasal verb,abwarten,B1,WAIT,people: actions
hang out,phrasal verb,abhängen,B1,,people: actions
hang up,phrasal verb,auflegen,B1,,"communication, people: actions"
hang up sth or hang sth up,phrasal verb,auflegen oder auflegen,B1,,people: actions
happen,verb,passieren,A2,HAVE EXISTENCE,
happen,verb,passieren,A2,RESULT,
happen to do sth,phrase,passiert zufällig,C1,,
happily,adverb,glücklich,B2,WILLING,people: personality
happily,adverb,glücklich,B1,HAPPY,people: personality
happily,adverb,glücklich,C1,LUCKY,
happiness,noun,Glück,B1,,people: personality
happy,adjective,Glücklich,A1,PLEASED,people: personality
happy,adjective,Glücklich,A2,SATISFIED,describing things
"Happy Birthday/New Year, etc.",phrase,Alles Gute zum Geburtstag/Neujahr usw.,A1,,communication
happy to do sth,phrase,Gerne,A2,,
harassment,noun,Belästigung,C1,,
harbour,noun,Hafen,B1,,travel
hard,adjective,hart,A1,DIFFICULT,
hard,adjective,hart,A2,SOLID,describing things
hard,adjective,hart,B1,USING EFFORT,
hard,adjective,hart,C1,UNPLEASANT,
hard,adjective,hart,B2,NOT KIND,people: personality
hard,adverb,hart,A1,USING EFFORT,
hard,adverb,hart,B1,WITH FORCE,
hard drive,noun,Festplatte,B2,,technology
hardly,adverb,kaum,B2,CERTAINLY NOT,communication
hardly,adverb,kaum,B1,ALMOST NOT,communication
hardly ever,phrase,fast nie,B1,,
hardship,noun,Not,C1,,
hardware,noun,Hardware,B1,,technology
hard-working,adjective,hart arbeiten,B2,,
harm,noun,Schaden,B2,HURT,
harm,verb,Schaden,B2,,people: actions
harmful,adjective,schädlich,B2,,describing things
harmless,adjective,harmlos,B2,NO HARM,describing things
harmless,adjective,harmlos,C2,NOT UPSETTING,
harmony,noun,Harmonie,B2,PEACE,"people: personality, relationships"
harmony,noun,Harmonie,C2,MUSIC,arts and media
harsh,adjective,harsch,C1,UNPLEASANT,
harsh,adjective,harsch,C1,CRUEL,people: personality
harsh,adjective,harsch,C1,TOO STRONG,describing things
harshly,adverb,hart,C2,,
harvest,noun,Ernte,B2,,natural world
hat,noun,Hut,A1,,clothes
hate,verb,hassen,A2,,people: personality
hate,noun,hassen,C1,,
hatred,noun,Hass,C1,,people: personality
haul,noun,schleppen,C2,AMOUNT,
haul,verb,schleppen,C2,,people: actions
haunt,verb,verfolgen,B2,MEMORY/FEELING,people: personality
haunt,verb,verfolgen,B2,GHOST,
have,auxiliary verb,haben,A2,,
have,verb,haben,A1,POSSESS,
have,verb,haben,A1,BE ILL,body and health
have,verb,haben,A1,EAT/DRINK,food and drink
have,verb,haben,A2,BABY,body and health
have,verb,haben,B1,HOLD,
have,verb,haben,B1,CAUSE,
have a chip on your shoulder,phrase,Habe einen Chip auf deiner Schulter,C2,IDIOM,
have a high/low opinion of sb/sth,phrase,eine hohe/niedrige Meinung von/etw. haben,C1,,
have an ear for sth,phrase,ein Ohr dafür haben,C1,,
have an eye for sth,phrase,ein Auge dafür haben,B2,IDIOM,
have a/no right to do sth,phrase,habe ein/kein Recht dazu,C1,,
"have a rest/shower/walk, etc.",phrase,Ausruhen/Duschen/Spazierengehen usw.,A2,,people: actions
have a soft spot for sb/sth,phrase,eine Schwäche für etw. haben,C2,IDIOM,
have a weakness for sth/sb,phrase,eine Schwäche für jdn. haben,C2,,
have a word (with sb),phrase,ein Wort haben (mit),B2,,communication
have a word with sb,phrase,,B2,,communication
have been meaning to do sth,phrase,"Ich hatte vorgehabt, es zu tun",B1,,
have/carry sth on you,phrase,Dich haben/tragen,C2,,
"have fun/a nice time/a problem, etc.",phrase,Spaß/eine schöne Zeit/ein Problem usw. haben.,A2,,
have (got) a temperature,phrase,Fieber haben,A2,,body and health
have (got) on sth or have (got) sth on,phrasal verb,haben (eingekommen) oder haben (eingekommen).,B1,,clothes
have (got) to do/be sth,phrase,tun/sein müssen (müssen).,C2,,
have (got) to do sth,phrase,zu tun haben (müssen).,A2,,
have had enough,phrase,Habe genug,C1,,
have/has been to,phrase,war/war dort,A2,,
have heard of sb/sth,phrasal verb,,B2,,
have it in for sb,phrase,Habe es vor,C2,,
have/keep an open mind,phrase,einen offenen Geist haben/behalten,B2,,
have/keep your finger on the pulse,phrase,am Puls der Zeit sein/bleiben,C2,,
have little/no effect,phrase,haben wenig/keine Wirkung,C1,,
have no doubt,phrase,habe keinen Zweifel,B1,,
have no hesitation in doing sth,phrase,"Zögern Sie nicht, dies zu tun",C1,,
have no idea,phrase,habe keine Ahnung,B1,,
have no option (but to do sth),phrase,keine andere Wahl haben (als zu tun),C1,,
have nothing to do with sb,phrase,nichts damit zu tun haben,B2,,
have nothing to do with sb/sth,phrase,nichts mit etw. zu tun haben,B2,,
have no time for sb/sth,phrase,keine Zeit für etw. haben,C2,,
have/play a part in sth,phrase,eine Rolle spielen/haben,B2,,
have sb do sth,phrase,tun müssen,C2,,
"have sb over/round/to stay, etc.",phrase,über / um / bleiben usw.,B2,,
have sth against sb/sth,phrase,gegen / etw. haben,C1,,
"have sth cleaned/cut/repaired, etc.",phrase,haben gereinigt/geschnitten/repariert usw.,B1,,
have sth in common,phrase,gemeinsam haben,B1,,
have sth on your mind,phrase,im Kopf haben,C2,,
"have sth stolen/taken, etc.",phrase,gestohlen/mitgenommen haben usw.,B1,,
have sth up your sleeve,phrase,im Ärmel haben,C2,IDIOM,
(have) the best of both worlds,phrase,(haben) das Beste aus beiden Welten,C1,,
(have) the best of both worlds,phrase,(haben) das Beste aus beiden Welten,C1,IDIOM,
have the edge on/over sb/sth,phrase,einen Vorteil gegenüber etw. haben,C2,,
have your hands full,phrase,Habt alle Hände voll zu tun,C2,IDIOM,
hazard,noun,Gefahr,C1,,
hazardous,adjective,gefährlich,C2,,
he,pronoun,Er,A1,,
head,noun,Kopf,A1,BODY,body and health
head,noun,Kopf,A2,SCHOOL,"education, work"
head,noun,Kopf,B1,ORGANIZATION/DEPARTMENT,work
head,noun,Kopf,B1,MIND,people: personality
head,noun,Kopf,C2,FRONT/TOP,
head,verb,Kopf,B2,LEADER,work
head,verb,Kopf,C1,FRONT/TOP,
headache,noun,Kopfschmerzen,A2,,body and health
"head back/down/towards, etc.",phrase,Kopf nach hinten/unten/zu usw.,B2,,people: actions
heading,noun,Überschrift,C1,,
headline,noun,Überschrift,B1,IN NEWSPAPER,arts and media
head off,phrasal verb,Kopf ab,C2,,
headquarters,noun,Hauptsitz,B2,,"buildings, work"
headteacher,noun,Schulleiter,A2,,"education, work"
heal,verb,heilen,B2,,body and health
health,noun,Gesundheit,A2,,body and health
health care,noun,Gesundheitspflege,C1,,body and health
healthy,adjective,gesund,A2,WELL,body and health
healthy,adjective,gesund,A2,GOOD,body and health
healthy,adjective,gesund,C2,SUCCESSFUL,
heap,noun,Haufen,C2,PILE,
heaps of sth,phrase,haufenweise,C2,,
hear,verb,hören,A1,RECEIVE SOUND,people: actions
hear,verb,hören,A2,LISTEN,people: actions
hear,verb,hören,B1,BE TOLD,communication
hear from sb,phrasal verb,hören von,B1,,communication
heart,noun,Herz,A2,ORGAN,body and health
heart,noun,Herz,B1,EMOTIONS,people: personality
heart,noun,Herz,B2,SHAPE,
heart attack,noun,Herzinfarkt,B1,,body and health
heat,noun,Hitze,B1,,natural world
heater,noun,Heizung,B1,,buildings
heating,noun,Heizung,A2,,buildings
heat up sth or heat sth up,phrasal verb,aufheizen oder aufheizen,B2,,"food and drink, people: actions"
heaven,noun,Himmel,B2,AFTER LIFE,
heaven,noun,Himmel,B2,SOMETHING NICE,
heavenly,adjective,paradiesisch,C1,,
heavily,adverb,stark,B1,,communication
heavy,adjective,schwer,A2,HOW MUCH,describing things
heavy,adjective,schwer,A2,WEIGHING A LOT,describing things
heavy,adjective,schwer,B1,A LOT,describing things
heavy,adjective,schwer,C2,FORCE,
hectic,adjective,hektisch,C1,,
hedge,noun,Hecke,B2,,natural world
heel,noun,Ferse,B1,SHOE PART,clothes
heel,noun,Ferse,B2,BODY PART,body and health
height,noun,Höhe,B1,HOW TALL,"describing things, people: appearance"
height,noun,Höhe,B1,HOW FAR UP,describing things
heir,noun,Erbe,C2,,
helicopter,noun,Hubschrauber,A2,,travel
hell,noun,Hölle,B2,RELIGION,
hell,noun,Hölle,B2,BAD EXPERIENCE,
hello,exclamation,Hallo,A1,GREETING,communication
hello,exclamation,Hallo,A1,ON PHONE,communication
helmet,noun,Helm,B2,,clothes
help,verb,helfen,A1,DO PART OF WORK,people: actions
help,verb,helfen,A2,PROVIDE WHAT IS NEEDED,people: actions
help,verb,helfen,B2,MAKE BETTER,
help,noun,helfen,A2,WHEN SOMEONE HELPS,people: actions
help,noun,helfen,B2,THING THAT HELPS,
Help!,phrase,Helfen!,A2,,communication
helper,noun,Helfer,B2,,people: actions
helpful,adjective,hilfreich,B1,,people: personality
helpless,adjective,hilflos,C1,,
help out (sb) or help (sb) out,phrasal verb,jdm aushelfen oder jdm aushelfen,B2,,people: actions
help yourself (to sth),phrase,hilf dir selbst,B1,,people: actions
hence,adverb,somit,C1,,
her,pronoun,ihr,A1,,
her,determiner,ihr,A1,,
herb,noun,Kraut,B1,,"food and drink, natural world"
here,adverb,Hier,A1,THIS PLACE,
here,adverb,Hier,A1,ON THE PHONE,communication
here,adverb,Hier,B2,AT THIS POINT,
here,adverb,Hier,A2,GIVING,
here and there,phrase,hier und da,B2,,
"here you are/here it is, etc.",phrase,hier bist du/hier ist es usw.,A2,,
heritage,noun,Erbe,C2,,
hero,noun,Held,B1,BRAVE PERSON,people: personality
hero,noun,Held,B1,BOOK/FILM,arts and media
heroic,adjective,heroisch,C1,BRAVE,people: personality
heroic,adjective,heroisch,C1,TRYING HARD,
hers,pronoun,ihre,A2,,
herself,pronoun,sich,A2,REFLEXIVE,
herself,pronoun,sich,B2,EMPHASIS,
hesitate,verb,zögern,B2,PAUSE,people: actions
hesitation,noun,Zögern,C2,,
hey,exclamation,Hey,A2,,communication
hi,exclamation,Hi,A1,,communication
hidden,adjective,versteckt,B1,NOT EASY TO FIND,
hidden,adjective,versteckt,B2,NOT KNOW ABOUT,
hide,verb,verstecken,B1,PERSON,people: actions
hide,verb,verstecken,B1,THING,people: actions
hide,verb,verstecken,B1,FEELING/INFORMATION,
hierarchical,adjective,hierarchisch,C2,,describing things
hierarchy,noun,Hierarchie,C2,,
high,adjective,hoch,A2,TALL,describing things
high,adjective,hoch,B1,ABOVE GROUND,describing things
high,adjective,hoch,B1,AMOUNT/LEVEL,describing things
high,adjective,hoch,B1,VERY GOOD,describing things
high,adjective,hoch,B2,IMPORTANT,describing things
high,adjective,hoch,C2,DRUGS,
high,adverb,hoch,C1,AMOUNT/LEVEL,describing things
high,adverb,hoch,B1,DISTANCE,describing things
high in sth,phrase,hoch drin,C1,,food and drink
highlight,verb,hervorheben,B2,,communication
highlight,verb,hervorheben,B2,NOTICE,communication
highlight,noun,hervorheben,B2,,
highly,adverb,hoch,B2,HIGH LEVEL,
highly,adverb,hoch,C1,VERY,communication
high-profile,adjective,hochkarätig,C2,,
high-tech,adjective,High-Tech-,B2,,technology
hilarious,adjective,urkomisch,C1,,
hill,noun,hügel,A2,,natural world
him,pronoun,ihn,A1,,
himself,pronoun,sich selbst,A2,REFLEXIVE,
himself,pronoun,sich selbst,B2,EMPHASIS,
hinder,verb,behindern,C2,,
hint,noun,Hinweis,B2,SUGGESTION,communication
hint,noun,Hinweis,B2,ADVICE,communication
hip,noun,Hüfte,B2,,body and health
hip-hop,noun,Hip Hop,A2,,arts and media
hire,verb,mieten,B1,RENT,"money, people: actions"
hire,verb,mieten,B2,EMPLOY,"people: actions, work"
his,determiner,sein,A1,,
his,pronoun,sein,A2,,
historian,noun,Historiker,C1,,
historic,adjective,historisch,B1,,
historical,adjective,historisch,B1,,
historically,adverb,historisch,C1,,
history,noun,Geschichte,A2,PAST,
history,noun,Geschichte,A2,SUBJECT,education
hit,verb,Schlag,A2,WITH HAND/OBJECT,people: actions
hit,verb,Schlag,B1,TOUCH,people: actions
hit,verb,Schlag,B2,AFFECT,
hit,verb,Schlag,C1,REACH,
hit,verb,Schlag,C2,THINK,
hit,noun,Schlag,B1,SUCCESS,
hit,noun,Schlag,B2,INTERNET,technology
hitchhike,verb,trampen,B1,,"people: actions, travel"
hi-tech,adjective,Hightech,B2,,technology
hit it off,phrasal verb,Versteh es,B2,,relationships
hit/strike/touch a (raw) nerve,phrase,einen (unbehandelten) Nerv treffen/schlagen/berühren,C2,IDIOM,communication
hit the roof,phrase,schlug auf das Dach,C2,IDIOM,
hobby,noun,Hobby,A2,,shopping
hockey,noun,Eishockey,A2,,shopping
hold,verb,halten,A2,IN HAND,people: actions
hold,verb,halten,B1,KEEP IN POSITION,people: actions
hold,verb,halten,B1,ORGANIZE,people: actions
hold,verb,halten,B1,CONTAIN,
hold,verb,halten,B2,PRISONER,"crime, people: actions"
hold,verb,halten,C1,JOB OR QUALIFICATION,"education, work"
hold,verb,halten,B2,COMPETITION,shopping
hold,noun,halten,B2,SUPPORT,people: actions
hold a conversation,phrase,ein Gespräch führen,C1,,
hold an opinion/belief/view,phrase,eine Meinung/einen Glauben/eine Ansicht vertreten,C1,,
hold back sth or hold sth back,phrasal verb,zurückhalten oder zurückhalten,C1,NOT TELL,
hold back sth or hold sth back,phrasal verb,zurückhalten oder zurückhalten,C2,EMOTION,
hold down a job,phrasal verb,einen Job behalten,C2,,work
hold/keep/take sb prisoner,phrase,festhalten/behalten/gefangen nehmen,C2,,people: actions
hold off (sth/doing sth),phrasal verb,(etw/etwas) zurückhalten,C2,,
hold on,phrasal verb,festhalten,B1,WAIT,
hold on,phrasal verb,festhalten,C1,CONFUSED/SURPRISED,
hold onto sth/sb,phrasal verb,festhalten / jdn,C2,,
hold out hope,phrasal verb,halte die Hoffnung hoch,C2,,
hold sb's attention/interest,phrase,Aufmerksamkeit/Interesse wecken,C1,,
hold sb/sth back,phrasal verb,etw zurückhalten,C1,PREVENT MOVEMENT,people: actions
hold sb/sth back,phrasal verb,etw zurückhalten,C2,PREVENT PROGRESS,
hold sth against sb,phrasal verb,dagegenhalten,C2,,
hold up sb/sth or hold sb/sth up,phrasal verb,etw hochhalten oder etw hochhalten,B1,,
hold your breath,phrase,halte den Atem an,B2,,body and health
hold your breath,phrase,halte den Atem an,C2,IDIOM,
hold your breath,phrase,halte den Atem an,B2,,"body and health, people: actions"
hold your own,phrase,Behaupte dich,C2,IDIOM,
hole,noun,Loch,B1,,
holiday,noun,Urlaub,A1,NO WORK/SCHOOL,work
holiday,noun,Urlaub,A1,VISIT,travel
hollow,adjective,hohl,C2,NOTHING INSIDE,
hollow,adjective,hohl,C2,WITHOUT MEANING,
holy,adjective,heilig,C1,,
home,noun,heim,A1,,buildings
home,noun,heim,C1,CARE,
home,adverb,heim,A2,TO PLACE,
home,adverb,heim,B1,AT/IN PLACE,
homeless,adjective,obdachlos,C1,,
homelessness,noun,Obdachlosigkeit,C2,,
homework,noun,Hausaufgaben,A1,,education
honest,adjective,ehrlich,B1,TRUTH,people: personality
honest,adjective,ehrlich,B1,NOT CHEAT,people: personality
honestly,adverb,Ehrlich,B1,EMPHASIZE,communication
honestly,adverb,Ehrlich,B2,HONEST,people: personality
honesty,noun,Ehrlichkeit,B2,QUALITY,people: personality
honey,noun,Honig,A2,,food and drink
honeymoon,noun,Flitterwochen,B1,,"relationships, travel"
honour,noun,Ehre,B2,RESPECT,people: personality
honour,noun,Ehre,B2,PRIDE,people: personality
honoured,adjective,geehrt,C1,,
hood,noun,Haube,B2,,clothes
hook,noun,Haken,B2,,buildings
hop,verb,Hop,C2,ANIMAL,
hop,verb,Hop,C2,ONE FOOT,
hop,verb,Hop,C1,MOVE QUICKLY,
hope,verb,Hoffnung,A2,WANT TO HAPPEN,people: personality
hope,noun,Hoffnung,B1,,people: personality
hopeful,adjective,hoffnungsvoll,B1,FEELING POSITIVE,people: personality
hopeful,adjective,hoffnungsvoll,C2,GOOD THING WILL HAPPEN,
hopefully,adverb,hoffentlich,B1,WHAT YOU WANT,communication
hopefully,adverb,hoffentlich,B2,HOPEFUL WAY,people: personality
hopeless,adjective,hoffnungslos,B1,NO HOPE,people: personality
hopeless,adjective,hoffnungslos,B2,BAD AT SOMETHING,people: personality
hopelessly,adverb,hoffnungslos,C2,,
hope to do sth,phrase,Ich hoffe es zu tun,B1,,
horizon,noun,Horizont,C2,,
horizontal,adjective,horizontal,C1,,
horn,noun,Horn,B2,SOUND,travel
horn,noun,Horn,C2,MUSIC,
horn,noun,Horn,C1,ANIMAL,animals
horrible,adjective,schrecklich,A2,,describing things
horrified,adjective,entsetzt,C2,,
horrifying,adjective,schrecklich,C2,,
horror,noun,Horror,B2,FEELING,people: personality
horse,noun,Pferd,A1,,animals
hospitable,adjective,gastfreundlich,C1,,
hospital,noun,Krankenhaus,A1,,"body and health, buildings"
hospitality,noun,Gastfreundschaft,C1,,relationships
host,noun,Gastgeber,B2,PERSON,relationships
host,noun,Gastgeber,C2,TELEVISION,
host,verb,Gastgeber,C1,,
hostage,noun,Geisel,C2,PERSON,
hostel,noun,Herberge,B1,,"buildings, travel"
hostile,adjective,feindselig,C1,UNFRIENDLY,
hostile,adjective,feindselig,C1,DIFFICULT,
hostility,noun,Feindseligkeit,C2,,people: personality
hot,adjective,heiß,A1,VERY WARM,"describing things, natural world"
hot,adjective,heiß,B1,SPICY,food and drink
hot,adjective,heiß,C1,EXCITING,
hot chocolate,phrase,heiße Schokolade,A2,,food and drink
hotel,noun,Hotel,A1,,"buildings, travel"
hour60,noun,Stunde60,A1,MINUTES,
hourly,adjective,stündlich,B2,EVERY HOUR,
hourly,adjective,stündlich,B2,PER HOUR,
hourly,adverb,stündlich,C1,,
hours,phrase,Std.,B1,,
house,noun,Haus,A1,,buildings
house,noun,Haus,C2,THEATRE,arts and media
house,verb,Haus,C2,PROVIDE SPACE,
house,verb,Haus,C2,GIVE HOME,
household,noun,Haushalt,B2,,relationships
housewife,noun,Hausfrau,A2,,
housework,noun,Hausarbeit,B1,,people: actions
housing,noun,Gehäuse,C1,,
how,adverb,Wie,A1,QUANTITY,
how,adverb,Wie,A2,WAY,
how,adverb,Wie,B1,EXPERIENCE,communication
how,adverb,Wie,A2,HEALTH,body and health
how,adverb,Wie,B1,EMPHASIZE,communication
How about ...?,phrase,Wie wäre es mit ...?,B1,,communication
How about...?,phrase,Wie wäre es mit...?,A2,,communication
How are you?,phrase,Wie geht es dir?,A1,,communication
how come,phrase,wie kommts,C1,,communication
"How dare she/you, etc.",phrase,Wie kann sie/Sie es wagen usw.,C1,,communication
How do you do?,phrase,Wie geht es dir?,A2,,communication
however,adverb,Jedoch,A2,DESPITE THIS,
however,conjunction,Jedoch,C2,,
"however cold/difficult/slowly, etc.",phrase,wie kalt/schwierig/langsam usw.,B2,,
how far,phrase,Wie weit,C1,,
how many,phrase,Wie viele,A1,,communication
"How strange/stupid/weird, etc. is that?",phrase,Wie seltsam/dumm/seltsam usw. ist das?,C2,,communication
How/What about ...?,phrase,Wie/Was wäre mit ...?,B1,,communication
How/What about ...?,phrase,Wie/Was wäre mit ...?,A2,SUGGESTION,communication
"how/what/why, etc. on earth?",phrase,wie/was/warum usw. in aller Welt?,C1,,communication
hug,verb,Umarmung,B1,,people: actions
hug,noun,Umarmung,B1,,people: actions
huge,adjective,riesig,B1,,describing things
hum,verb,summen,C2,,
human,adjective,menschlich,B1,PEOPLE,body and health
human,noun,menschlich,B1,,body and health
humanitarian,adjective,humanitär,C2,,
humanity,noun,Menschheit,C1,ALL PEOPLE,
humanity,noun,Menschheit,C2,KINDNESS,people: personality
humanity,noun,Menschheit,C2,BEING HUMAN,
human rights,noun,Menschenrechte,B2,,
humble,adjective,bescheiden,C2,NOT PROUD,people: personality
humble,adjective,bescheiden,C2,POOR,
humid,adjective,feucht,B1,,natural world
humiliated,adjective,gedemütigt,C2,,
humiliating,adjective,demütigend,C2,,
humility,noun,Demut,C2,,people: personality
humorous,adjective,humorvoll,C1,,
humour,noun,Humor,B2,,people: personality
humour,noun,Humor,C2,MOOD,people: personality
hundred,number,hundert,A2,NUMBER,
hundreds,phrase,Hunderte,B2,,
hunger,noun,Hunger,B1,NEED FOR FOOD,food and drink
hunger,noun,Hunger,B2,NOT ENOUGH FOOD,"body and health, food and drink"
hunger,noun,Hunger,C1,WISH,
hungry,adjective,hungrig,A1,,food and drink
hunt,verb,Jagd,B1,CHASE,"people: actions, shopping"
hunt,verb,Jagd,B2,SEARCH,people: actions
hunt,noun,Jagd,C1,,people: actions
hunting,noun,Jagd,B2,,"people: actions, shopping"
hurry,verb,beeil dich,A2,,people: actions
hurry,noun,beeil dich,B1,,
hurry up,phrasal verb,Beeil dich,B1,,people: actions
hurry up sb/sth or hurry sb/sth up,phrasal verb,beeil dich/etw. oder beeil dich/etw,B2,,people: actions
hurt,verb,verletzt,A2,CAUSE PAIN,"body and health, people: actions"
hurt,verb,verletzt,B1,EMOTION,people: personality
hurt,verb,verletzt,A2,BE PAINFUL,body and health
hurt,adjective,verletzt,B1,IN PAIN,body and health
hurt,adjective,verletzt,B1,UNHAPPY,people: personality
husband,noun,Ehemann,A1,,relationships
hut,noun,Hütte,B1,,buildings
hygiene,noun,Hygiene,C1,,
hygienic,adjective,hygienisch,C2,,
hyphen,noun,Bindestrich,B2,,communication
hypocrisy,noun,Heuchelei,C2,,people: personality
hypocritical,adjective,heuchlerisch,C2,,people: personality
hypothesis,noun,Hypothese,C2,,
hysterical,adjective,hysterisch,C1,,people: personality
I,pronoun,ICH,A1,,
"I am Spanish/a teacher, etc.",phrase,Ich bin Spanisch/Lehrer usw.,A1,,
I bet (you),phrase,Ich wette (dich),B1,,communication
I can't tell you how ...,phrase,"Ich kann dir nicht sagen, wie ...",B1,,communication
ice,noun,Eis,A2,,natural world
iceberg,noun,Eisberg,C1,ICE,natural world
ice cream,noun,Eiscreme,A1,,food and drink
ice hockey,noun,Eishockey,B1,,shopping
ice skating,noun,Eislaufen,B1,,shopping
icily,adverb,eisig,C2,,people: personality
icon,noun,Symbol,B2,COMPUTER,technology
icon,noun,Symbol,B2,FAMOUS PERSON/THING,
icy,adjective,eisig,B1,WITH ICE,natural world
icy,adjective,eisig,B1,COLD,natural world
icy,adjective,eisig,B2,WITHOUT FEELING,people: personality
ID,noun,AUSWEIS,A2,,communication
I dare say,phrase,Das wage ich zu behaupten,C2,,
ID card,noun,Ausweis,A2,,communication
idea,noun,Idee,A2,SUGGESTION,
idea,noun,Idee,B1,OPINION,people: personality
idea,noun,Idee,B2,THOUGHT,people: personality
idea,noun,Idee,C1,AIM,
ideal,adjective,Ideal,B2,,describing things
idealistic,adjective,idealistisch,C1,,people: personality
ideally,adverb,ideal,B2,PERFECTLY,
ideally,adverb,ideal,B2,PERFECT SITUATION,
identical,adjective,identisch,B2,,
identification,noun,Identifikation,A2,DOCUMENT,communication
identification,noun,Identifikation,B2,RECOGNIZING,people: actions
identify,verb,identifizieren,B2,RECOGNIZE,people: actions
identify,verb,identifizieren,B2,DISCOVER,people: actions
identify with sb/sth,phrasal verb,sich mit etw. identifizieren,B2,,people: personality
identity,noun,Identität,B2,WHO SOMEONE IS,people: personality
identity,noun,Identität,B2,CHARACTERISTICS,
identity card,noun,Ausweis,B1,,communication
idiom,noun,Idiom,B2,,communication
idiot,noun,Idiot,B2,,people: personality
idle,adjective,Leerlauf,C2,LAZY,people: personality
idle,adjective,Leerlauf,C2,NOT SERIOUS,
idol,noun,Idol,C1,PERSON,
idol,noun,Idol,C2,GOD,
"I don't blame him/them/you, etc.",phrase,Ich gebe ihm/ihnen/dir usw. keine Vorwürfe.,C2,,communication
I don't mind,phrase,Es macht mir nichts aus,A2,,communication
I dread to think,phrase,Ich fürchte mich vor dem Nachdenken,C2,,
I expect,phrase,Ich erwarte,B2,,
if,conjunction,Wenn,A2,DEPENDING,
if,conjunction,Wenn,B1,ALWAYS,
if,conjunction,Wenn,B1,MIGHT,
if,conjunction,Wenn,B1,WHETHER,
if,conjunction,Wenn,B2,WOULD/MIGHT/COULD HAVE,
I fail to see/understand,phrase,Ich kann es nicht sehen/verstehen,C2,,communication
if I were you,phrase,wenn ich du wäre,B1,,communication
if not,phrase,wenn nicht,A2,,communication
if not,phrase,wenn nicht,A2,,
if only,phrase,wenn nur,B1,,communication
if only,phrase,wenn nur,B1,,
I forget,phrase,Ich vergesse,C2,,
if so,phrase,wenn ja,B2,,
if/when push comes to shove,phrase,wenn es hart auf hart kommt,C2,IDIOM,
if you ask me,phrase,wenn du mich fragst,C2,,communication
if you like,phrase,wenn du magst,A2,,communication
ignorance,noun,Unwissenheit,C2,,people: personality
ignorant,adjective,unwissend,C2,,
ignore,verb,ignorieren,B2,,people: actions
I guess,phrase,Ich schätze,B1,,communication
I guess so/not,phrase,Ich denke schon/nicht,B2,,communication
"I/he, etc. couldn't care less",phrase,Es ist mir/ihm usw. vollkommen egal,C1,,communication
I know,phrase,Ich weiß,B2,,communication
I know,phrase,Ich weiß,B1,,
ill,adjective,krank,C1,BAD,
ill,adjective,krank,A2,HEALTH,body and health
ill at ease,phrase,Ich fühle mich unwohl,C2,,people: personality
illegal,adjective,illegal,B2,,crime
illegally,adverb,illegal,B2,,crime
illiterate,adjective,Analphabet,C2,,
illness,noun,Erkrankung,B1,DISEASE,body and health
illness,noun,Erkrankung,B2,BEING ILL,body and health
(I'll) tell you what,phrase,(Ich werde) dir was sagen,C2,,
illusion,noun,Illusion,C2,FALSE IDEA,
illusion,noun,Illusion,C2,DIFFERENT,
illustrate,verb,veranschaulichen,B2,PICTURE,"arts and media, people: actions"
illustrate,verb,veranschaulichen,C1,DIAGRAM,
illustrate,verb,veranschaulichen,C1,EXPLAIN,communication
illustration,noun,Illustration,C1,PICTURE,arts and media
illustration,noun,Illustration,C2,EXPLAIN,
I'll/we'll see,phrase,Ich werde/wir werden sehen,C1,,communication
I'm afraid...,phrase,Ich fürchte...,A2,,communication
image,noun,Bild,B2,PUBLIC,people: personality
image,noun,Bild,B2,PICTURE,arts and media
image,noun,Bild,C2,IDEA,
imaginary,adjective,imaginär,C1,,
imagination,noun,Vorstellung,B1,PART OF MIND,people: personality
imagination,noun,Vorstellung,B1,ABILITY,people: personality
imaginative,adjective,fantasievoll,C1,THING,
imaginative,adjective,fantasievoll,C1,PERSON,people: personality
imagine,verb,vorstellen,B1,FORM PICTURE,people: actions
imagine,verb,vorstellen,B1,UNDERSTAND,
imagine,verb,vorstellen,B1,NOT REAL,
imagine,verb,vorstellen,B2,SUPPOSE,
I mean,phrase,Ich meine,A2,,communication
imitate,verb,imitieren,C1,,people: actions
imitation,noun,Nachahmung,C2,,
immature,adjective,unreif,C2,,people: personality
immediate,adjective,sofort,B2,WITHOUT WAITING,
immediate,adjective,sofort,B2,IMPORTANT NOW,
immediate,adjective,sofort,C1,CLOSEST,
immediately,adverb,sofort,A2,NOW,
immediately,adverb,sofort,C1,NEXT TO,
immense,adjective,immens,C1,,describing things
immensely,adverb,immens,C1,,
immigrant,noun,Immigrant,B2,,
immigration,noun,Einwanderung,B2,COMING INTO A COUNTRY,travel
immigration,noun,Einwanderung,B1,PLACE,travel
imminent,adjective,unmittelbar bevorsteht,C2,,
immoral,adjective,unmoralisch,B2,,
immortal,adjective,unsterblich,C2,LIFE,
immortal,adjective,unsterblich,C2,MEMORY,
immune,adjective,immun,C2,,people: personality
immune system,noun,Immunsystem,C2,,body and health
impact,noun,Auswirkungen,B2,EFFECT,
impact,noun,Auswirkungen,C2,HITTING,
impact,verb,Auswirkungen,C1,,
impatience,noun,Ungeduld,C2,,people: personality
impatient,adjective,ungeduldig,B2,EASILY ANNOYED,people: personality
impatient,adjective,ungeduldig,B2,WANTING SOMETHING TO HAPPEN,people: personality
impatiently,adverb,ungeduldig,B2,,people: personality
imperative,noun,Imperativ,B2,,
imperative,adjective,Imperativ,C2,,
imperfect,adjective,unvollkommen,C1,,
impersonal,adjective,unpersönlich,C1,,people: personality
implement,verb,implementieren,B2,,people: actions
implementation,noun,Durchführung,C2,,
implication,noun,Implikation,C1,EFFECT,
implication,noun,Implikation,C2,SUGGESTION,communication
implication,noun,Implikation,C2,INVOLVEMENT,
implicit,adjective,implizit,C2,,communication
imply,verb,implizieren,C2,NOT DIRECT,communication
imply,verb,implizieren,C2,MUST BE TRUE,
impolite,adjective,unhöflich,B2,,people: personality
import,verb,Import,B2,,"shopping, work"
import,noun,Import,C1,PRODUCT,shopping
import,noun,Import,C2,ACTIVITY,work
importance,noun,Bedeutung,B1,,
important,adjective,wichtig,B1,POWERFUL,
important,adjective,wichtig,A1,VALUABLE,describing things
importantly,adverb,wichtig,B2,,
impose,verb,auferlegen,C1,"RULE/TAX, ETC.",people: actions
impose,verb,auferlegen,C1,BELIEF,people: actions
impossibility,noun,Unmöglichkeit,C2,,
impossible,adjective,unmöglich,B1,CANNOT HAPPEN,
impossible,adjective,unmöglich,C2,DIFFICULT,
impress,verb,beeindrucken,B2,,people: personality
impressed,adjective,beeindruckt,B2,,people: personality
impression,noun,Eindruck,B2,EFFECT,
impression,noun,Eindruck,B2,OPINION,people: personality
impressive,adjective,beeindruckend,B2,,describing things
imprison,verb,einsperren,C1,,
imprisonment,noun,Haft,C2,,crime
improve,verb,verbessern,A2,,people: actions
improved,adjective,verbessert,B2,,
improvement,noun,Verbesserung,B1,BETTER,
improvement,noun,Verbesserung,B1,CHANGE,
impulse,noun,Impuls,C2,FEELING,
impulsive,adjective,treibend,C2,,people: personality
in,preposition,In,A1,INSIDE,describing things
in,preposition,In,A1,DURING,
in,preposition,In,A2,USING TIME,
in,preposition,In,A2,PART OF,describing things
in,preposition,In,B1,WEARING,clothes
in,preposition,In,B1,EXPERIENCE,people: personality
in,preposition,In,B1,ARRANGEMENT,describing things
in,preposition,In,B1,EXPRESSED,communication
in,preposition,In,B1,INVOLVED,
in,preposition,In,B2,RESULT,
in,preposition,In,C2,CAUSE,
in,adverb,In,A2,INTO A SPACE,describing things
in,adverb,In,B2,TRANSPORT,travel
in,adverb,In,B1,AT A PLACE,
in,adverb,In,B2,SENT,
in a big way,phrase,im großen Stil,C2,,
inability,noun,Unfähigkeit,C1,,
in accordance with sth,phrase,in Übereinstimmung mit,C1,,
inaccuracy,noun,Ungenauigkeit,C1,,
inaccurate,adjective,ungenau,B2,,describing things
in actual fact,phrase,in der Tat,B2,,communication
"in a day's/two months', etc. time",phrase,in einem Tag/zwei Monaten usw,B1,,
in addition (to),phrase,zusätzlich zu),B1,,describing things
in addition (to),phrase,zusätzlich zu),B1,,
inadequate,adjective,unzureichend,C1,NOT GOOD,describing things
inadequate,adjective,unzureichend,C1,NOT ENOUGH,describing things
in advance,phrase,im voraus,B1,,
in a flash,phrase,im Handumdrehen,C2,,
in aid of sb/sth,phrase,zugunsten von etw,C1,,
in all,phrase,im Großen und Ganzen,B2,,
in all,phrase,im Großen und Ganzen,B2,,describing things
in all honesty,phrase,ganz ehrlich,C2,,communication
in all likelihood,phrase,aller Wahrscheinlichkeit nach,C2,,
in all probability,phrase,aller Wahrscheinlichkeit nach,C2,,
in anticipation (of),phrase,in Erwartung (auf),C2,,
in a nutshell,phrase,kurzgesagt,C1,IDIOM,
in any case,phrase,in jedem Fall,B2,,communication
in any event,phrase,auf jeden Fall,C1,,
inappropriate,adjective,unangemessen,C1,,
inappropriately,adverb,unangemessen,C1,,
in a row,phrase,hintereinander,B2,,
in a rut,phrase,in einer Brunft,C2,IDIOM,
in a sense,phrase,in gewisser Weise,C1,,communication
in association with,phrase,in Verbindung mit,C1,,
in attendance,phrase,anwesend,C2,,
in a way; in some/many ways,phrase,in gewisser Weise; in mancher/vieler Weise,B2,,
in brief,phrase,kurz,B2,,communication
in bulk,phrase,in großen Mengen,C1,,
incapable of sth/doing sth,phrase,unfähig/tund,C1,,
in case of sth,phrase,bei,B1,,
incentive,noun,Anreiz,C2,,
inch,noun,Zoll,B1,MEASUREMENT,describing things
incident,noun,Vorfall,B2,,
incidentally,adverb,übrigens,C1,,communication
inclination,noun,Neigung,C2,,
inclined to do sth,phrase,"geneigt, es zu tun",C2,,people: personality
inclined to do sth,phrase,"geneigt, es zu tun",C2,,
include,verb,enthalten,A2,,
including,preposition,einschließlich,A2,,
inclusion,noun,Aufnahme,C1,,
inclusive,adjective,inklusive,C1,,money
in cold blood,phrase,kaltblütig,C2,IDIOM,people: personality
income,noun,Einkommen,B2,,"money, work"
in common with sb/sth,phrase,gemeinsam mit etw,C1,,
inconceivable,adjective,undenkbar,C2,,
In conclusion,phrase,Abschließend,B2,,communication
in confidence,phrase,im Vertrauen,C2,,
in conjunction with sth/sb,phrase,in Verbindung mit/jdm,C2,,
in connection with sth,phrase,im Zusammenhang mit,B2,,
inconsiderate,adjective,rücksichtslos,C2,,people: personality
inconvenience,noun,Unannehmlichkeit,C1,,
inconvenient,adjective,unbequem,B2,,describing things
incorporate,verb,einarbeiten,C2,,
incorrect,adjective,falsch,B1,,
increase,verb,Zunahme,B1,,describing things
increase,noun,Zunahme,B2,RISE,describing things
increasingly,adverb,zunehmend,B2,,
incredible,adjective,unglaublich,B1,VERY GOOD,describing things
incredible,adjective,unglaublich,B2,NOT BELIEVE,
incredibly,adverb,unglaublich,B2,EXTREMELY,communication
incredibly,adverb,unglaublich,C1,DIFFICULT TO BELIEVE,
incur,verb,entstehen,C2,,
incurable,adjective,unheilbar,C2,,body and health
indeed,adverb,In der Tat,C2,MORE,
indeed,adverb,In der Tat,B1,REALLY,communication
indefinite article,noun,unbestimmter Artikel,B1,,
indefinitely,adverb,unbegrenzt,C2,,
in demand,phrase,gefragt,C1,,
independence,noun,Unabhängigkeit,B2,WITHOUT HELP,people: personality
independence,noun,Unabhängigkeit,B2,FREE STATE,politics
independent,adjective,unabhängig,B1,NOT HELPED,
independent,adjective,unabhängig,B2,NOT INFLUENCED,
independent,adjective,unabhängig,B2,NOT RULED,politics
independently,adverb,unabhängig,B2,,
in depth,phrase,ausführlich,B2,,
in detail,phrase,ausführlich,B1,,
index,noun,Index,C1,,arts and media
indicate,verb,angeben,C1,SHOW,
indicate,verb,angeben,B2,SAY,communication
indication,noun,Anzeige,C1,EXIST,
indication,noun,Anzeige,C2,INTENTION,
indicator,noun,Indikator,C2,,
indifference,noun,Gleichgültigkeit,C2,,
indifferent,adjective,gleichgültig,C2,,
indirect,adjective,indirekt,C1,NOT CONNECTED,
indirect,adjective,indirekt,C2,NOT OBVIOUS,
indirectly,adverb,indirekt,C1,,
indispensable,adjective,unverzichtbar,C2,,
indisputable,adjective,unbestreitbar,C2,,
individual,adjective,Person,B1,SINGLE,describing things
individual,adjective,Person,B1,RELATING TO ONE,
individual,noun,Person,B2,PERSON,
individual,noun,Person,C2,SPECIAL,
individuality,noun,Individualität,C2,,
individually,adverb,individuell,C1,,
indoor,adjective,drinnen,A2,,describing things
indoors,adverb,drinnen,B1,,describing things
in due course,phrase,zu gegebener Zeit,B2,,
indulge,verb,frönen,C2,YOURSELF,
indulge,verb,frönen,C2,SOMEONE ELSE,
industrial,adjective,industriell,B2,,work
industrialization,noun,Industrialisierung,C1,,
industrialized,adjective,industrialisiert,C1,,
industrious,adjective,fleißig,C2,,people: personality
industry,noun,Industrie,B1,TYPE OF BUSINESS,work
industry,noun,Industrie,B2,PRODUCTION,work
inedible,adjective,ungenießbar,C1,,food and drink
in effect,phrase,in der Tat,C2,,
inefficient,adjective,ineffizient,C1,,
inequality,noun,Ungleichheit,C2,,
in essence,phrase,im Wesentlichen,C2,,
inevitable,adjective,unvermeidlich,C1,,
inevitably,adverb,zwangsläufig,C1,,
inexpensive,adjective,preiswert,B1,,"money, shopping"
inexperienced,adjective,unerfahren,B2,,people: personality
inexplicable,adjective,unerklärlich,C2,,
in fact,phrase,Tatsächlich,B1,,communication
infancy,noun,Kindheit,C2,,
infant,noun,Säugling,C2,,
in favour of sb/sth,phrase,zugunsten von etw,C2,,
infect,verb,infizieren,C1,COMPUTER,
infect,verb,infizieren,C1,DISEASE,body and health
infect,verb,infizieren,C2,PLACE/SUBSTANCE,body and health
infection,noun,Infektion,B2,,body and health
infectious,adjective,ansteckend,C2,LAUGH,
infectious,adjective,ansteckend,C2,DISEASE,
infer,verb,schließen,C2,,
inferior,adjective,minderwertig,C1,,describing things
inferior,noun,minderwertig,C2,,
inferiority,noun,Minderwertigkeit,C2,,
infinite,adjective,unendlich,C2,,
infinitely,adverb,unendlich,C2,,
infinitive,noun,Infinitiv,B1,,
"in first/second/third, etc. place",phrase,auf dem ersten/zweiten/dritten usw. Platz,B1,,shopping
inflation,noun,Inflation,B2,,money
influence,noun,beeinflussen,B2,POWER,people: personality
influence,verb,beeinflussen,B2,,
influential,adjective,einflussreich,C1,,
influx,noun,Zustrom,C2,,
inform,verb,informieren,B1,TELL,communication
inform,verb,informieren,B1,GIVE INFORMATION,communication
informal,adjective,informell,B2,,
informally,adverb,informell,C1,,
information,noun,Information,A2,,communication
informative,adjective,informativ,C1,,
infrastructure,noun,Infrastruktur,C1,,buildings
in front,phrase,vorne,B1,,describing things
in front of sb/sth,phrase,vor etw,A2,,describing things
in front of sth/sb,phrase,vor jdm,A2,,describing things
in full,phrase,vollständig,B1,,
in future,phrase,künftig,B1,,
in general,phrase,im Allgemeinen,B1,,communication
in general,phrase,im Allgemeinen,B2,,communication
"in good/bad, etc. shape",phrase,in gutem/schlechtem usw. Zustand,B2,,"body and health, describing things"
"in good/high/low, etc. spirits",phrase,in guter/hoher/schlechter usw. Stimmung,B2,,people: personality
ingredient,noun,Bestandteil,B1,FOOD,food and drink
ingredient,noun,Bestandteil,B2,SUCCESS,
inhabit,verb,bewohnen,C2,,
inhabitant,noun,Einwohner,B2,,buildings
in hand,phrase,in der Hand,C2,,
inherent,adjective,inhärent,C2,,
inherit,verb,erben,C2,FROM DEAD PERSON,
inherit,verb,erben,C2,QUALITY,
inheritance,noun,Nachlass,C2,,
inhibition,noun,Hemmung,C2,,
in honour of sb/sth,phrase,zu Ehren von/etw,B2,,people: personality
inhuman,adjective,unmenschlich,C2,,people: personality
in/into force,phrase,in/in Kraft getreten,C2,,
in isolation,phrase,in Isolation,C2,,
initial,noun,anfänglich,B1,,communication
initial,adjective,anfänglich,B2,,
initially,adverb,anfänglich,B2,,
initiate,verb,einleiten,C2,,people: actions
initiative,noun,Initiative,C1,NEW ACTION,
initiative,noun,Initiative,C1,ABILITY,people: personality
in itself,phrase,an sich,B2,,
"in its/his/their, etc. own right",phrase,in seinem/ihrem usw. eigenem Recht,C2,,
in its infancy,phrase,noch in den Kinderschuhen,C2,,
injection,noun,Injektion,C2,DRUG,body and health
injection,noun,Injektion,C2,MONEY,
injure,verb,verletzen,B1,,"body and health, people: actions"
injured,adjective,verletzt,B2,,body and health
injury,noun,Verletzung,B2,,body and health
injustice,noun,Ungerechtigkeit,C1,,
ink,noun,Tinte,B1,,communication
in love,phrase,verliebt,B1,,"people: personality, relationships"
in memory of sb,phrase,in Erinnerung an,C2,,
in miniature,phrase,im Kleinen,C2,,
in moderation,phrase,in Maßen,C1,,
in my humble opinion,phrase,meiner bescheidenen Meinung nach,C2,,
innate,adjective,angeboren,C2,,people: personality
inner,adjective,innere,B2,LOCATION,describing things
inner,adjective,innere,B2,FEELINGS,people: personality
innocence,noun,Unschuld,C1,NOT GUILTY,"crime, people: personality"
innocence,noun,Unschuld,C2,NOT EXPERIENCED,people: personality
innocent,adjective,unschuldig,B2,NOT GUILTY,crime
innocent,adjective,unschuldig,B2,NO EXPERIENCE,people: personality
innocent,adjective,unschuldig,B2,NOT DESERVED,crime
innocent,adjective,unschuldig,C2,NOT INTENDED TO HARM,
innocently,adverb,unschuldig,B2,,"crime, people: personality"
in no time,phrase,in kürzester Zeit,C1,,
in no uncertain terms,phrase,ohne Zweifel,C2,,communication
innovation,noun,Innovation,C1,,
innovative,adjective,innovativ,C1,,
in no way/not in any way,phrase,auf keinen Fall/auf keinen Fall,C1,,
innumerable,adjective,unzählig,C2,,
in order (for sb/sth) to do sth,phrase,um etw zu tun,B1,,
in other words,phrase,mit anderen Worten,B2,,communication
in/out of print,phrase,in/vergriffen,C2,,
in part,phrase,teilweise,C2,,
in particular,phrase,insbesondere,B1,,communication
in person,phrase,persönlich,B2,,
in perspective,phrase,in der Perspektive,C2,,
in place,phrase,an Ort und Stelle,C2,,
in place of sth,phrase,anstelle,B2,,
in practice,phrase,in der Praxis,B2,,
in principle,phrase,grundsätzlich,C2,,
in private,phrase,privat,B2,,
in progress,phrase,im Gange,B2,,
in proportion to,phrase,im Verhältnis zu,C2,,
in public,phrase,in der Öffentlichkeit,B2,,
input,noun,Eingang,B2,IDEAS,
input,noun,Eingang,B2,COMPUTER,technology
inquire,verb,erkundigen,B2,,communication
inquiry,noun,Anfrage,B1,QUESTION,communication
inquiry,noun,Anfrage,C2,PROCESS,communication
inquiry,noun,Anfrage,C2,ASKING QUESTIONS,
in relation to sth,phrase,in Bezug auf,B2,,
in respect of sth,phrase,in Bezug auf,C1,,
in response to,phrase,als Antwort auf,B2,,communication
in retrospect,phrase,im Nachhinein,C2,,
in return,phrase,im Gegenzug,B2,,
in reverse,phrase,umgekehrt,C1,,
in safe hands,phrase,in sicheren Händen,C1,IDIOM,
insane,adjective,verrückt,C1,STUPID,
insane,adjective,verrückt,C2,ILL,body and health
in sb's direction,phrase,in's Richtung,B2,,
in sb's eyes,phrase,in den Augen,B2,,
in sb's eyes,phrase,in den Augen,B2,,people: personality
in sb's favour,phrase,zu seinen Gunsten,C1,,
in sb's words,phrase,ins Worten,C2,,
in season,phrase,in der Saison,B2,,"food and drink, natural world"
in secret,phrase,im Geheimen,B2,,
insect,noun,Insekt,A2,,animals
insecure,adjective,unsicher,C1,WORRIED,people: personality
insecure,adjective,unsicher,C2,NOT SAFE,
insecurity,noun,Unsicherheit,C2,,
insensitive,adjective,unempfindlich,C1,PEOPLE,people: personality
inseparable,adjective,untrennbar,C2,THINGS,
inseparable,adjective,untrennbar,C2,FRIENDS,relationships
insert,verb,einfügen,C1,ADD TO WRITING,
insert,verb,einfügen,C1,PUT INTO,
in short,phrase,Zusamenfassend,C1,,communication
inside,preposition,innen,A1,CONTAINER,describing things
inside,preposition,innen,C2,TIME,
inside,adverb,innen,A2,CONTAINER,describing things
inside,adverb,innen,B2,FEELING,people: personality
inside,adjective,innen,B2,UNDER SURFACE,describing things
inside,noun,innen,B2,INNER PART,describing things
"inside information/knowledge, etc.",phrase,Insiderinformationen/Wissen usw.,C2,,
inside out,phrase,von innen nach außen,B2,,"clothes, describing things"
insight,noun,Einblick,C1,,
insignificant,adjective,unbedeutend,C1,,describing things
insist,verb,pochen,B2,SAY FIRMLY,communication
insist,verb,pochen,B1,DEMAND,communication
insist on sth,phrasal verb,bestehen auf,C1,,
insofar as,conjunction,soweit,C2,,
insomnia,noun,Schlaflosigkeit,C2,,body and health
inspect,verb,überprüfen,C1,,people: actions
inspection,noun,Inspektion,C1,OFFICIAL,
inspection,noun,Inspektion,C2,EXAMINATION,
inspector,noun,Inspektor,B2,PERSON WHO INSPECTS,work
inspector,noun,Inspektor,B2,POLICE,"crime, work"
inspiration,noun,Inspiration,B2,IDEAS,people: personality
inspiration,noun,Inspiration,C2,GOOD IDEA,
inspire,verb,inspirieren,B2,ENCOURAGE,people: personality
inspire,verb,inspirieren,B2,FEELING,people: personality
inspire,verb,inspirieren,B2,PROVIDE IDEA,people: personality
in spite of sth,phrase,trotz,B1,,
install,verb,installieren,B1,COMPUTER,"people: actions, technology"
install,verb,installieren,B1,EQUIPMENT,people: actions
installation,noun,Installation,C1,EQUIPMENT,
installation,noun,Installation,C1,SOFTWARE,technology
instance,noun,Beispiel,C1,EXAMPLE,
instant,adjective,sofort,B2,,
instantly,adverb,sofort,B2,,
instead,adverb,stattdessen,A2,,
instead of,preposition,anstatt,B1,,
instinct,noun,Instinkt,C2,,
institute,noun,Institut,B2,,"education, buildings"
institution,noun,Institution,B2,PLACE,buildings
institution,noun,Institution,B2,ORGANIZATION,"education, work"
institution,noun,Institution,C2,TRADITION,
in stock,phrase,auf Lager,B2,,shopping
in stock/out of stock,phrase,auf Lager/ausverkauft,B2,,shopping
in store,phrase,im Laden,C1,,
instruct,verb,anweisen,C1,ORDER,communication
instruct,verb,anweisen,C2,TEACH,education
instruction,noun,Anweisung,C2,TEACHING/TRAINING,
instruction,noun,Anweisung,C2,TELL,
instructions,phrase,Anweisungen,A2,,communication
instructor,noun,Lehrer,B1,,work
instrument,noun,Instrument,A2,MUSIC,arts and media
instrument,noun,Instrument,C2,FOR ACHIEVING SOMETHING,
instrument,noun,Instrument,C1,TOOL,
insufficient,adjective,unzureichend,C1,,
insult,noun,Beleidigung,B2,RUDE REMARK,communication
insult,verb,Beleidigung,B2,,communication
insurance,noun,Versicherung,B2,,money
intact,adjective,intakt,C2,,
in tears,phrase,in Tränen,B1,,people: personality
integral,adjective,Integral,C1,,
integrate,verb,integrieren,C1,,
integration,noun,Integration,C1,,
integrity,noun,Integrität,C2,,people: personality
intellect,noun,Intellekt,C2,,
intellectual,adjective,intellektuell,C2,INTERESTED IN IDEAS,people: personality
intellectual,adjective,intellektuell,B2,THOUGHT,people: personality
intellectual,noun,intellektuell,C2,,people: personality
intellectually,adverb,intellektuell,C2,,people: personality
intelligence,noun,Intelligenz,B2,,people: personality
intelligent,adjective,intelligent,B1,,people: personality
intend,verb,beabsichtigen,B1,HAVE PLAN,
intense,adjective,intensiv,C1,EXTREME,describing things
intense,adjective,intensiv,C2,SERIOUS,people: personality
intensely,adverb,intensiv,C2,VERY,
intensely,adverb,intensiv,C2,SERIOUSLY,people: personality
intensify,verb,intensivieren,C2,,
intensity,noun,Intensität,C2,,
intensive,adjective,intensiv,B2,,
intensively,adverb,intensiv,C1,,
intent,noun,Absicht,C2,PLAN,
intention,noun,Absicht,B2,,
interact,verb,interagieren,B2,,"communication, people: actions"
interaction,noun,Interaktion,C1,,communication
interactive,adjective,interaktiv,B2,COMPUTER GAMES,technology
interactive,adjective,interaktiv,C1,COMMUNICATION,communication
interest,noun,Interesse,B1,ACTIVITY/SUBJECT,
interest,noun,Interesse,B1,FEELING,people: personality
interest,noun,Interesse,B1,QUALITY,
interest,noun,Interesse,C1,MONEY CHARGED,money
interest,noun,Interesse,C1,MONEY EARNED,money
interest,noun,Interesse,C2,ADVANTAGE,
interest,verb,Interesse,B1,,people: personality
interested,adjective,interessiert,A2,,people: personality
interesting,adjective,interessant,A1,,people: personality
interestingly,adverb,interessant,C1,,
interfere,verb,stören,C1,CAUSE PROBLEMS,
interfere,verb,stören,B2,TRY TO CONTROL,people: actions
interference,noun,Interferenz,C1,SITUATION,
interference,noun,Interferenz,C2,ELECTRONIC SIGNAL,
interim,adjective,vorläufig,C2,,
interior,noun,Innere,B2,,
intermediate,adjective,dazwischenliegend,B1,,
in ... terms/in terms of sth,phrase,in ... Begriffen/in Bezug auf,B2,,
internal,adjective,intern,B2,,
internally,adverb,innen,C1,,
international,adjective,international,A2,,
internationally,adverb,international,B1,,
interpret,verb,interpretieren,C1,DECIDE MEANING,communication
interpret,verb,interpretieren,B2,LANGUAGE,communication
interpretation,noun,Interpretation,C2,EXPLANATION,
interpretation,noun,Interpretation,C2,STORY/MUSIC,
interrupt,verb,unterbrechen,B1,STOP SPEAKING,communication
interrupt,verb,unterbrechen,B2,STOP HAPPENING,
interruption,noun,Unterbrechung,B2,,
interval,noun,Intervall,B1,THEATRE,arts and media
interval,noun,Intervall,C2,TIME,
intervene,verb,eingreifen,C2,,people: actions
intervention,noun,Intervention,C2,,
interview,noun,Interview,B1,FOR JOB,communication
interview,noun,Interview,B1,"FOR ARTICLE/TV, ETC.",communication
interview,verb,Interview,B1,,"communication, people: actions"
in that,phrase,darin,C2,,
in that case,phrase,in diesem Fall,B2,,communication
in the background,phrase,im Hintergrund,C2,,
in the blink of an eye,phrase,im Handumdrehen,C2,IDIOM,
in the clear,phrase,im klaren,C2,,
in the dark,phrase,im Dunkeln,C2,IDIOM,
in the end,phrase,am Ende,B1,,
in the end,phrase,am Ende,B1,,communication
in the event of sth,phrase,im Falle,C1,,
in the face of sth,phrase,angesichts,C2,IDIOM,
in the first place,phrase,an erster Stelle,B2,,
in the form of sth,phrase,in Form von,C1,,
in the hope of/that,phrase,in der Hoffnung/dass,C1,,
in the interest(s) of sth,phrase,im Interesse von,C2,,
in the light of sth,phrase,im Lichte von,C1,,
in the long run,phrase,auf Dauer,B2,,
in the long term,phrase,auf lange Sicht,B2,,
in the meantime,phrase,inzwischen,B2,,
in the middle of nowhere,phrase,mitten im Nirgendwo,B2,,
in the morning,phrase,am Morgen,A1,,
in the morning,phrase,am Morgen,B1,,
in the name of sth,phrase,im Namen von,C2,,
in the near future,phrase,in naher Zukunft,B2,,
in theory,phrase,in der Theorie,B2,,
in the process,phrase,dabei,C2,,
in the red,phrase,im roten Bereich,C2,,
in the region of sth,phrase,in der Region,C1,,
in the same way,phrase,auf die gleiche Weise,C1,,
in the short term,phrase,kurzfristig,B2,,
in the vicinity (of sth),phrase,in der Nähe von),C2,,
in this respect/in many respects,phrase,in dieser Hinsicht/in vielerlei Hinsicht,B2,,
in those days,phrase,damals,B2,,
intimate,adjective,intim,C2,PRIVATE,
intimate,adjective,intim,C2,RELATIONSHIP,relationships
intimate,adjective,intim,C2,SMALL,
in time,phrase,rechtzeitig,B1,,
into,preposition,hinein,A2,CHANGE,
into,preposition,hinein,A1,IN,describing things
into,preposition,hinein,B1,TOWARDS,
into,preposition,hinein,B1,HIT,
intolerable,adjective,unerträglich,C2,,describing things
intolerance,noun,Intoleranz,C2,,people: personality
intolerant,adjective,intolerant,C2,,people: personality
into the bargain,phrase,noch dazu,C2,,
intransitive,adjective,intransitiv,B2,,
intriguing,adjective,faszinierend,C2,,describing things
intrinsic,adjective,intrinsisch,C2,,
introduce,verb,einführen,B1,MEETING PEOPLE,"communication, relationships"
introduce,verb,einführen,B2,SOMETHING NEW,people: actions
introduce,verb,einführen,C2,TO AN AUDIENCE,communication
introduction,noun,Einführung,B2,FIRST MEETING,"communication, relationships"
introduction,noun,Einführung,B2,TEXT,communication
introduction,noun,Einführung,B2,SOMETHING NEW,people: actions
introduction,noun,Einführung,B2,BASIC KNOWLEDGE,education
introduction,noun,Einführung,C1,FIRST EXPERIENCE,
introvert,noun,introvertiert,C2,,people: personality
intrude,verb,eindringen,C2,,
intruder,noun,Eindringling,C2,CRIME,crime
intruder,noun,Eindringling,C2,NOT WANTED,
intrusion,noun,Intrusion,C2,,
intuition,noun,Intuition,C2,,
in tune,phrase,im Einklang,C1,,
in turn,phrase,wiederum,B2,,
in turn,phrase,wiederum,C1,,
in two/half,phrase,in zwei/halb,B2,,describing things
invade,verb,einmarschieren,B2,WAR,people: actions
invade,verb,einmarschieren,C1,PLACE,
invade,verb,einmarschieren,C2,BECOME INVOLVED,
invade sb's privacy,phrase,in die Privatsphäre eindringen,C2,,
in vain,phrase,vergeblich,C1,,
invaluable,adjective,von unschätzbarem Wert,C1,,
invariably,adverb,ausnahmslos,C2,,
invasion,noun,Invasion,B2,WAR,people: actions
invasion,noun,Invasion,C2,LARGE NUMBERS,
invent,verb,erfinden,B1,NEW DESIGN,people: actions
invent,verb,erfinden,B2,NOT TRUE,communication
invention,noun,Erfindung,B1,,
inventor,noun,Erfinder,B2,,
inverted commas,noun,Anführungszeichen,B2,,communication
invest,verb,investieren,B2,MONEY,"money, people: actions"
invest,verb,investieren,B2,"TIME/ENERGY, ETC.",people: actions
investigate,verb,untersuchen,B2,,"crime, people: actions"
investigation,noun,Untersuchung,B2,,"crime, people: actions"
investigator,noun,Ermittler,B2,,"crime, work"
investment,noun,Investition,B2,MONEY,money
investment,noun,Investition,B2,"TIME/EFFORT, ETC.",
investor,noun,Investor,B2,,money
in view of sth,phrase,im Hinblick auf,B2,,
invisible,adjective,unsichtbar,B2,,
invitation,noun,Einladung,A2,SOCIAL,communication
invitation,noun,Einladung,C2,CAUSE RESULT,
invite,verb,einladen,A1,SOCIAL,communication
invite,verb,einladen,C1,ASK OFFICIALLY,communication
invite,verb,einladen,C2,REACTION,
involve,verb,einbeziehen,B1,NECESSARY PART,
involve,verb,einbeziehen,B1,AFFECT/INCLUDE,
involve,verb,einbeziehen,B2,TAKE PART,
involvement,noun,Beteiligung,B2,,
in/with regard to sth,phrase,in/im Hinblick auf,B2,,
in writing,phrase,schriftlich,B2,,communication
in your heart,phrase,in deinem Herzen,C1,,
in your mind's eye,phrase,vor Deinem geistigen Auge,C2,,
I only hope (that) ... /I only wish ... (that),phrase,Ich hoffe nur (das) ... /Ich wünsche nur ... (das),B2,,communication
iron,noun,Eisen,B1,METAL,natural world
iron,noun,Eisen,B1,FOR CLOTHES,buildings
iron,verb,Eisen,B1,,people: actions
ironic,adjective,ironisch,C2,,
ironically,adverb,ironisch,C2,,
ironing,noun,Bügeln,B1,,people: actions
irony,noun,Ironie,C2,SITUATION,
irony,noun,Ironie,C2,HUMOUR,
irrational,adjective,irrational,C2,,people: personality
irregular,adjective,irregulär,B2,TIME,
irregular,adjective,irregulär,B2,SHAPE,describing things
irregular,adjective,irregulär,B1,GRAMMAR,
irresistible,adjective,unwiderstehlich,C2,ATTRACTIVE,
irresistible,adjective,unwiderstehlich,C2,STRONG,
irrespective of sth,phrase,unabhängig von,C2,,
irresponsible,adjective,unverantwortlich,B2,,people: personality
irreversible,adjective,irreversibel,C2,,
irritable,adjective,reizbar,C2,,people: personality
irritate,verb,reizen,C1,,people: personality
irritated,adjective,irritiert,B2,,people: personality
irritating,adjective,irritierend,B2,,people: personality
irritation,noun,Reizung,C2,,people: personality
island,noun,Insel,A2,,natural world
isolated,adjective,isoliert,C1,ALONE,
isolated,adjective,isoliert,C1,FAR AWAY,
isolation,noun,Isolierung,C1,SEPARATE,
isolation,noun,Isolierung,C2,LONELY,
issue,noun,Ausgabe,B1,SUBJECT,communication
issue,noun,Ausgabe,B2,MAGAZINE,arts and media
issue,verb,Ausgabe,C2,,communication
I suppose,phrase,Ich nehme an,A2,,communication
I suppose (so),phrase,Ich nehme an (so),B1,,communication
it,pronoun,Es,A1,THING,
it,pronoun,Es,A1,SUBJECT/OBJECT,
it,pronoun,Es,A2,TIME/WEATHER,
it,pronoun,Es,C2,EMPHASIZE,
it,pronoun,Es,B2,SEEM,
IT,noun,ES,A2,,technology
I take it (that),phrase,Ich nehme es an,C2,,
it appears (that),phrase,es scheint (dass),B2,,
itch,verb,jucken,B2,SKIN,body and health
item,noun,Artikel,B1,PART OF SET,
item,noun,Artikel,B2,NEWS,arts and media
it follows that,phrase,Daraus folgt,C2,,
it goes without saying,phrase,es versteht sich von selbst,B2,,communication
itinerary,noun,Route,C1,,travel
it looks like/as if,phrase,es sieht aus wie/als ob,B1,,
I told you so,phrase,Ich habe es dir gesagt,C2,,communication
it rains/it is raining,phrase,es regnet/es regnet,A1,,natural world
I trust (that),phrase,Ich vertraue darauf,C1,,
its,determiner,es ist,A1,,
it's a good job,phrase,Es ist eine gute Arbeit,C2,,communication
it's a good thing,phrase,Es ist eine gute Sache,B2,,communication
It seems...,phrase,Es scheint...,B2,,
itself,pronoun,selbst,A2,REFLEXIVE,
itself,pronoun,selbst,B1,EMPHASIS,communication
it's just as well,phrase,Es ist genauso gut,C1,,communication
it's just as well,phrase,Es ist genauso gut,B2,,
it's only a matter of time,phrase,es ist nur eine Frage der Zeit,C1,,
it's sb/sth,phrase,es ist/etw,B2,,
it stands to reason,phrase,es liegt auf der Hand,C2,,
it's time,phrase,es ist Zeit,B1,,
it/that depends,phrase,es/das kommt darauf an,B1,,
it would appear (that),phrase,es scheint (dass),C1,,
I/We appreciate...,phrase,Ich/Wir schätzen...,B2,,communication
I/we shall...,phrase,Ich/Wir werden...,B1,,communication
I/we understand (that)...,phrase,Ich/wir verstehen (dass)...,C1,,communication
"I/you/he, etc. had better do sth",phrase,Ich/Sie/Er usw. sollten es besser tun,A2,,
"I/you/we, etc. will just have to do sth",phrase,Ich/Sie/Wir usw. müssen es einfach tun,C1,,
jacket,noun,Jacke,A1,,clothes
jail,noun,Gefängnis,B1,,"crime, buildings"
jam,noun,Marmelade,A2,SWEET FOOD,food and drink
jam,noun,Marmelade,C1,BLOCK,
jam,noun,Marmelade,B2,TRAFFIC,travel
jam,verb,Marmelade,C1,STUCK,
jam,verb,Marmelade,C2,FILL,travel
January,noun,Januar,A1,,
jar,noun,Krug,B1,,
jargon,noun,Jargon,C1,,communication
jaw,noun,Kiefer,B2,,body and health
jazz,noun,Jazz,A2,,arts and media
jealous,adjective,eifersüchtig,B1,UNHAPPY IN LOVE,people: personality
jealous,adjective,eifersüchtig,B2,WANTING SOMETHING,people: personality
jealously,adverb,eifersüchtig,B2,,people: personality
jealousy,noun,Eifersucht,C1,,"people: personality, relationships"
jeans,noun,Jeans,A1,,clothes
jet,noun,Jet,B1,,travel
jewel,noun,Juwel,B2,,"clothes, natural world"
jewellery,noun,Schmuck,A2,,clothes
job,noun,Arbeit,A2,PIECE OF WORK,work
job,noun,Arbeit,A1,PAID EMPLOYMENT,work
job,noun,Arbeit,B2,RESPONSIBILITY,work
jog,verb,joggen,B1,,people: actions
jogging,noun,Jogging,B1,,"people: actions, shopping"
join,verb,verbinden,A2,BECOME A MEMBER,people: actions
join,verb,verbinden,A2,DO TOGETHER,people: actions
join,verb,verbinden,B1,CONNECT,people: actions
join,verb,verbinden,B1,MEET,
join forces,phrase,Kräfte bündeln,C2,,
join in (sth),phrasal verb,bei etw mitmachen,B1,,people: actions
joint,adjective,gemeinsam,B2,,
joint,noun,gemeinsam,C2,BODY PART,body and health
joint,noun,gemeinsam,C1,PLACE,buildings
jointly,adverb,gemeinsam,C1,,
joke,noun,Witz,B1,FUNNY,communication
joke,verb,Witz,B1,NOT SERIOUS,communication
journal,noun,Zeitschrift,C1,MAGAZINE,"arts and media, education"
journal,noun,Zeitschrift,C2,BOOK,
journalism,noun,Journalismus,B2,,"arts and media, work"
journalist,noun,Journalist,B1,,"arts and media, work"
journey,noun,Reise,A2,,travel
joy,noun,Freude,B2,HAPPINESS,people: personality
joy,noun,Freude,B2,CAUSE OF HAPPINESS,people: personality
judge,noun,Richter,B2,COURT,"crime, work"
judge,noun,Richter,B1,COMPETITION,"arts and media, shopping"
judge,verb,Richter,C1,COMPETITION,"people: actions, shopping"
judge,verb,Richter,B1,DEVELOP OPINION,people: personality
judge,verb,Richter,C2,BAD OPINION,
judging by/from,phrase,nach/von urteilen,B2,,communication
judgment,noun,Urteil,B2,OPINION,
judgment,noun,Urteil,C2,ABILITY,
jug,noun,Krug,B1,,
juggle,verb,jonglieren,C2,,
juice,noun,Saft,A1,,food and drink
juicy,adjective,saftig,B1,WITH JUICE,
juicy,adjective,saftig,C2,EXCITING,
July,noun,Juli,A1,,
jump,verb,springen,A2,INTO AIR,people: actions
jump,verb,springen,A2,GO OVER,people: actions
jump,verb,springen,B2,FEAR,
jump,noun,springen,B1,,people: actions
jump at sth,phrasal verb,anspringen,C2,,
jumper,noun,Jumper,A2,,clothes
"jump in/into/up, etc.",phrase,hinein/hinein/aufspringen usw.,B1,,people: actions
jump to conclusions,phrase,voreilige Schlussfolgerungen ziehen,C2,,communication
June,noun,Juni,A1,,
jungle,noun,Dschungel,B1,,natural world
junior,adjective,Junior-,B2,LOW RANK,
junior,adjective,Junior-,B2,YOUNG PEOPLE,
junk,noun,Müll,C1,,
junk food,noun,Junkfood,B2,,food and drink
junk mail,noun,Junk-Mail,C1,,
jury,noun,Jury,B2,COURT,crime
jury,noun,Jury,C1,COMPETITION,
just,adverb,Nur,A2,RECENTLY,
just,adverb,Nur,A2,ALMOST NOW,
just,adverb,Nur,B1,ONLY,communication
just,adverb,Nur,B1,ALMOST NOT,
just,adverb,Nur,B1,EXACTLY,
just,adverb,Nur,B1,EMPHASIS,communication
just,adjective,Nur,C1,,
just about,phrase,fast,B1,,describing things
just as,phrase,ebenso,B2,,
"just as bad/good/tall/clever, etc. (as sb/sth)",phrase,genauso schlecht/gut/groß/clever usw. (wie/etw.),B1,,describing things
"just before/over/under, etc.",phrase,kurz davor/über/unter usw.,B1,,
justice,noun,Gerechtigkeit,B2,FAIRNESS,
justice,noun,Gerechtigkeit,B2,LAW,crime
justifiable,adjective,gerechtfertigt,C2,,
justification,noun,Rechtfertigung,C2,,
justified,adjective,gerechtfertigt,C1,,
justify,verb,rechtfertigen,B2,GIVE/BE REASON,communication
justify yourself,phrase,rechtfertige dich,B2,,communication
(just) in case,phrase,(nur) für den Fall,B1,,
just now,phrase,soeben,A2,,
juvenile,adjective,jugendlich,C1,,
kangaroo,noun,Känguru,B1,,animals
keen,adjective,erpicht,B1,INTERESTED,people: personality
keen,adjective,erpicht,B1,WANTING TO DO,people: personality
keen,adjective,erpicht,C1,VERY GOOD,
keep,verb,halten,A2,HAVE,
keep,verb,halten,A2,STAY,
keep,verb,halten,B1,DELAY,
keep,verb,halten,B2,FOOD,
keep,verb,halten,B2,ANIMALS,people: actions
keep,verb,halten,C1,PROVIDE MONEY,
keep a cool head,phrase,Behalte einen kühlen Kopf,C2,IDIOM,
keep a low profile,phrase,bleiben Sie unauffällig,C1,IDIOM,
keep an eye out for sb/sth,phrase,auf etw. achten,C1,IDIOM,
keep a/sth secret,phrase,etwas geheim halten,B1,,communication
keep a straight face,phrase,Behalte ein ernstes Gesicht,C2,IDIOM,
keep at sth,phrasal verb,bleib dabei,C2,,people: actions
keep a/your promise,phrase,ein/dein Versprechen halten,B2,,
keep body and soul together,phrase,Körper und Seele zusammenhalten,C2,IDIOM,
keep/break a promise,phrase,ein Versprechen halten/brechen,B2,,communication
keep doing sth,phrase,Mach weiter,B1,,people: actions
keep down sth or keep sth down,phrasal verb,unten bleiben oder unten bleiben,B2,,people: actions
keeper,noun,Hüter,B1,LOOKING AFTER,
keeper,noun,Hüter,B1,FOOTBALL,shopping
keep/hold sth at bay,phrase,in Schach halten/halten,C2,,
keep in shape,phrase,in Form bleiben,B2,,body and health
keep in touch,phrase,den Kontakt halten,B1,,communication
"keep notes/records, etc.",phrase,Notizen/Aufzeichnungen etc. führen,B2,,communication
keep on doing sth,phrasal verb,mach weiter so,B1,,people: actions
keep pace with sb/sth,phrase,mit etw. Schritt halten,C1,,
keep sb amused,phrase,bleib amüsiert,B2,,
(keep sb) at arm's length,phrase,(halten) auf Armeslänge,C2,IDIOM,
keep sb company,phrase,Gesellschaft leisten,B2,,relationships
keep sb going,phrase,weitermachen,C1,,
keep sb in,phrasal verb,bleib drin,B1,,people: actions
keep sb on their toes,phrase,Bleiben Sie auf Trab,C2,IDIOM,
keep sb posted,phrase,Bleiben Sie auf dem Laufenden,C1,IDIOM,
keep (sb/sth) away,phrasal verb,(jdn/etw.) fernhalten,B2,,
keep (sb/sth) back,phrasal verb,(jdn/etw.) zurückhalten,B2,,people: actions
keep sb/sth from doing sth,phrasal verb,"davon abhalten, etw zu tun",C1,,people: actions
keep sb/sth in mind,phrase,etw im Hinterkopf behalten,B2,,
keep (sb/sth) off sth,phrasal verb,(jdn/etw.) fernhalten,B1,,
keep (sb/sth) out,phrasal verb,(jdn/etw.) draußen halten,B1,,
keep sb waiting,phrase,warte weiter,B2,,
keep sb waiting,phrase,warte weiter,B1,,people: actions
keep sth back,phrasal verb,zurückhalten,C2,,
keep sth from sb,phrasal verb,meiden,C2,,
"keep sth in/on, etc.",phrase,drinnen bleiben usw.,A2,,
keep sth off (sb/sth),phrasal verb,sich von jdm/etw. fernhalten,B2,,people: actions
keep (sth) quiet,phrase,(etw) ruhig halten,C2,,
keep sth to yourself,phrasal verb,bleib für dich,C2,,communication
keep (sth) up,phrasal verb,(etw) aufrecht erhalten,C2,,
keep to sth,phrasal verb,bleib dran,B2,,
keep track,phrase,Behalten Sie den Überblick,C1,,
keep up sth or keep sth up,phrasal verb,weitermachen oder weitermachen,B1,,people: actions
keep up (with sb/sth),phrasal verb,mit etw Schritt halten,B2,SAME SPEED,travel
keep up (with sb/sth),phrasal verb,mit etw Schritt halten,B2,UNDERSTAND,
keep up (with sth),phrasal verb,mithalten (mit),C2,,
keep your/an eye on sb/sth,phrase,etw. im Auge behalten,B2,,people: actions
keep your cool,phrase,Bleib cool,C1,IDIOM,
keep your eyes open (for sb/sth),phrase,die Augen offen halten (für/etw),C2,IDIOM,
keep your eyes peeled (for sb/sth),phrase,die Augen offen halten (nach/etw.),C2,IDIOM,
keep your fingers crossed/ cross your fingers,phrase,drücke die daumen / drücke die daumen,C2,IDIOM,
keep your head above water,phrase,Halte deinen Kopf über Wasser,C2,IDIOM,
keep your mouth shut,phrase,halte deinen Mund,B2,,communication
keep your temper,phrase,Behalte deine Beherrschung,C2,,people: personality
keep your word,phrase,halte dein Wort,C1,,
kettle,noun,Wasserkocher,B1,,food and drink
key,noun,Schlüssel,A1,FOR LOCKS,buildings
key,noun,Schlüssel,A2,ANSWERS,
key,noun,Schlüssel,B2,KEYBOARD,technology
key,noun,Schlüssel,B1,METHOD,
key,adjective,Schlüssel,B2,IMPORTANT,describing things
keyboard,noun,Tastatur,A2,COMPUTER,technology
keyboard,noun,Tastatur,A2,MUSICAL INSTRUMENT,arts and media
key in sth or key sth in,phrasal verb,eingeben oder eingeben,B2,,"people: actions, technology"
kick,verb,Kick,A1,HIT,people: actions
kick,noun,Kick,A2,HIT,people: actions
kick,noun,Kick,C2,FEELING,
kick in,phrasal verb,eintreten,C1,,
kick off,phrasal verb,beginnen,C1,,
kick sb out,phrasal verb,rausschmeißen,C1,,people: actions
kick (sth) off,phrasal verb,(etw) anstoßen,C2,,
kick yourself,phrase,tritt dich selbst,C2,,
kid,noun,Kind,A2,,people: appearance
kidney,noun,Niere,C2,,body and health
kill,verb,töten,A2,,"crime, people: actions"
kill,verb,töten,C1,CAUSE PAIN,
kill,verb,töten,C2,END,
killer,noun,Killer,B1,,crime
killing,noun,Tötung,B1,,"crime, people: actions"
kill time,phrase,die Zeit totschlagen,B2,,
kilo,noun,Kilo,A2,,describing things
kilogram,noun,Kilogramm,A2,,describing things
kilometre,noun,Kilometer,A2,,describing things
kind,noun,Art,A1,,
kind,adjective,Art,A2,,people: personality
kindly,adverb,freundlich,B1,,people: personality
kindness,noun,Freundlichkeit,B2,,people: personality
kind of,phrase,So'ne Art,B2,,describing things
king,noun,König,A2,RULER,politics
king,noun,König,C1,BEST PERSON,
kingdom,noun,Königreich,B2,COUNTRY,politics
kiss,verb,Kuss,A2,,people: actions
kiss,noun,Kuss,A2,,people: actions
kit,noun,Bausatz,A2,SPORTS CLOTHES,clothes
kit,noun,Bausatz,B1,COLLECTION,
kitchen,noun,Küche,A1,,buildings
kite,noun,Drachen,A2,,
kitten,noun,Kätzchen,B1,,animals
knee,noun,Knie,B1,,body and health
kneel,verb,knien,B2,,people: actions
knickers,noun,Schlüpfer,B1,,clothes
knife,noun,Messer,A1,,food and drink
knit,verb,stricken,B1,,"clothes, people: actions"
knob,noun,Knopf,C1,,
knock,verb,klopfen,B1,MAKE NOISE,people: actions
knock,verb,klopfen,B1,HIT,people: actions
knock sb down,phrasal verb,niederschlagen,B1,,people: actions
knock sb out,phrasal verb,ausschlagen,B2,HIT SOMEONE,people: actions
knock sb out,phrasal verb,ausschlagen,B2,DEFEAT IN COMPETITION,"people: actions, shopping"
knock sth down,phrasal verb,niederschlagen,B2,,people: actions
knock sth/sb over,phrasal verb,jdn umstoßen,B2,,people: actions
knot,noun,Knoten,C2,FASTENING,
know,verb,wissen,A1,HAVE INFORMATION,
know,verb,wissen,A1,ASK FOR INFORMATION,communication
know,verb,wissen,A2,BE ABLE,people: personality
know,verb,wissen,A2,BE CERTAIN,
know,verb,wissen,B1,BE FAMILIAR WITH,
know,verb,wissen,B1,UNDERSTAND A SUBJECT,education
know,verb,wissen,C2,GUESS CORRECTLY,
know best,phrase,weiß es am besten,C2,,
know better,phrase,besser wissen,C2,,
know better (than to do sth),phrase,besser wissen (als zu tun),B2,,people: personality
knowingly,adverb,wissentlich,C2,INTENTIONALLY,
knowingly,adverb,wissentlich,C2,SHOWING KNOWLEDGE,
knowledge,noun,Wissen,B1,UNDERSTANDING,people: personality
knowledgeable,adjective,kenntnisreich,C1,,people: personality
known,adjective,bekannt,B2,FAMILIAR,
know of sth/sb,phrasal verb,weiß von/jdm,B2,,
know/say for certain,phrase,sicher wissen/sagen,C1,,
know sth inside out,phrase,weiß es in- und auswendig,C1,IDIOM,communication
know what you are talking about,phrase,"weiß, wovon du sprichst",C1,,
know your stuff,phrase,Kenne dich aus,C2,IDIOM,
knuckle,noun,Knöchel,C2,,body and health
lab,noun,Labor,B1,,buildings
label,noun,Etikett,B1,INFORMATION,communication
label,noun,Etikett,C2,WORD,communication
label,noun,Etikett,B1,COMPANY,"shopping, work"
label,verb,Etikett,C1,INFORMATION,
label,verb,Etikett,C2,DESCRIBE,
laboratory,noun,Labor,B1,,buildings
labour,noun,Arbeit,C1,WORKERS,work
labour,noun,Arbeit,C1,WORK,work
labour,noun,Arbeit,C2,BIRTH,body and health
lack,verb,Mangel,B2,NOT HAVE,
lack of sth,phrase,Mangel an,B1,,
lad,noun,Junge,C2,,people: appearance
ladder,noun,Leiter,B1,EQUIPMENT,buildings
ladder,noun,Leiter,C1,STAGES,
lady,noun,Dame,B1,,people: appearance
laid-back,adjective,entspannt,C2,,people: personality
lake,noun,See,A2,,natural world
lamb,noun,Lamm,B1,,"animals, food and drink"
lamp,noun,Lampe,A2,,buildings
land,noun,Land,B1,AREA OF GROUND,natural world
land,noun,Land,B2,NOT SEA,natural world
land,noun,Land,C2,COUNTRY,
land,verb,Land,B1,ARRIVE,travel
land,verb,Land,C2,ACHIEVE,
landing,noun,Landung,B2,,travel
"land in/on, etc.",phrase,landen in/auf usw.,C1,,
landlady,noun,Wirtin,B2,,
landlord,noun,Vermieter,B2,,
landmark,noun,Wahrzeichen,C2,EVENT,
landmark,noun,Wahrzeichen,C1,BUILDING,buildings
landscape,noun,Landschaft,B1,,natural world
lane,noun,Fahrbahn,B2,PART,travel
lane,noun,Fahrbahn,B2,ROAD,travel
language,noun,Sprache,A1,"ENGLISH/SPANISH/JAPANESE, ETC.",communication
language,noun,Sprache,B1,COMMUNICATION,communication
language,noun,Sprache,C1,TYPE OF WORDS,communication
language,noun,Sprache,C1,COMPUTERS,technology
lap,noun,Schoß,B2,BODY,body and health
lap,noun,Schoß,B2,SPORTS,shopping
laptop,noun,Laptop,A2,,technology
large,adjective,groß,A2,BIG,describing things
largely,adverb,weitgehend,B2,,communication
laser,noun,Laser,B2,,technology
last,adjective,zuletzt,A2,MOST RECENT,
last,adjective,zuletzt,A2,ONE BEFORE PRESENT,
last,adjective,zuletzt,A2,FINAL,
last,adjective,zuletzt,B1,REMAINING,describing things
last,adverb,zuletzt,B1,MOST RECENT,
last,adverb,zuletzt,B2,AFTER ALL OTHERS,
last,verb,zuletzt,C1,BE ENOUGH,
last,verb,zuletzt,B1,CONTINUE,
last but not least,phrase,nicht zuletzt,B2,,communication
last but not least,phrase,nicht zuletzt,B2,,
lastly,adverb,schließlich,B2,,
last-minute,adjective,Last-Minute,B2,,
last night,phrase,letzte Nacht,A1,,
"last week/year/Monday, etc.",phrase,letzte Woche/Jahr/Montag usw.,A1,,
late,adjective,spät,A1,AFTER,
late,adjective,spät,A1,NEAR THE END,
late,adjective,spät,C2,DEAD,
late,adverb,spät,A2,AFTER,
late,adverb,spät,B2,NEAR THE END,
lately,adverb,in letzter Zeit,B1,,
later,adverb,später,A2,IN THE FUTURE,
later,adjective,später,B2,IN THE FUTURE,
later,adjective,später,C2,TOWARDS THE END,
later,adjective,später,C2,RECENT,
later on,phrase,später,B1,,
latest,adjective,letzte,A2,,
latter,adjective,letztere,B2,,
laugh,verb,lachen,A2,,people: actions
laugh,noun,lachen,B1,,people: actions
laugh at sb/sth,phrasal verb,über etw. lachen,B1,,people: actions
"laugh/shout/scream, etc. your head off",phrase,lachen/schreien/schreien usw. Dir den Kopf verdrehen,C2,,
laughter,noun,Lachen,B2,,people: actions
launch,verb,Start,B2,BEGIN,people: actions
launch,verb,Start,B2,NEW PRODUCT,"people: actions, shopping"
launch,verb,Start,C1,SEND,travel
launch,noun,Start,C1,START OF ACTIVITY,people: actions
launch,noun,Start,C1,LEAVE LAND,travel
laundry,noun,Wäscherei,B2,,
lavish,adjective,verschwenderisch,C2,,
law,noun,Gesetz,B1,SUBJECT,"crime, education, work"
law,noun,Gesetz,B2,RULE,crime
law,noun,Gesetz,C2,ALWAYS TRUE,
law and order,phrase,Recht und Ordnung,C2,,
lawn,noun,Rasen,C1,,
lawyer,noun,Rechtsanwalt,B1,,"crime, work"
lay eggs,phrase,Eier legen,B2,,animals
layer,noun,Schicht,B2,,
layout,noun,Layout,C1,,
lay sb off or lay off sb,phrasal verb,entlassen oder entlassen,C1,,work
"lay sth down/in/on, etc.",phrase,hinlegen/in/auf usw.,C1,,people: actions
lay sth out or lay out sth,phrasal verb,auslegen oder auslegen,C1,,
lay the table,phrase,den Tisch decken,B1,,"food and drink, people: actions"
laziness,noun,Faulheit,B2,,people: personality
lazy,adjective,faul,A2,PERSON,people: personality
lazy,adjective,faul,B2,RELAXED,
lead,verb,führen,B1,SHOW WAY,people: actions
lead,verb,führen,B2,BE WINNING,shopping
lead,verb,führen,B2,CONTROL,people: actions
lead,verb,führen,C2,BE THE BEST,
lead,noun,führen,B2,WINNING,shopping
lead,noun,führen,C2,FILM/PLAY,arts and media
lead,adjective,führen,B1,,arts and media
"lead a busy/normal/quiet, etc. life",phrase,ein geschäftiges/normales/ruhiges usw. Leben führen,B2,,
leader,noun,Führer,C1,WINNER,shopping
leader,noun,Führer,B1,PERSON IN CONTROL,politics
leadership,noun,Führung,C1,JOB,
leadership,noun,Führung,C1,QUALITY,people: personality
leading,adjective,führend,B2,,
"lead into/to/towards, etc.",phrase,in/zu/zu usw. führen,B2,,travel
lead sb to a conclusion,phrase,zu einem Schluss führen,C2,,
lead sb to do sth,phrase,führen zu tun,C2,,
lead to sth,phrasal verb,führen zu,B2,,
lead up to sth,phrasal verb,führen zu,C2,,
leaf,noun,Blatt,B1,PLANT,natural world
leaflet,noun,Broschüre,B2,,
league,noun,Liga,B1,,shopping
leak,verb,Leck,B2,LIQUID,
leak,noun,Leck,B2,HOLE,
leak,verb,Leck,C2,SECRETS,
leak,noun,Leck,C2,SECRET,
lean on sb,phrasal verb,lehne dich an,C2,,
lean (sth) against/on sth,phrase,(sth) gegen/auf lehnen,B2,,people: actions
"lean (sth) back/forward/out, etc.",phrase,(etw.) nach hinten/vorne/nach außen lehnen usw.,B2,,people: actions
leap,noun,Sprung,C2,CHANGE,
leap at sth,phrasal verb,anspringen,C2,,
"leap into/out of/up, etc.",phrase,hinein/heraus/hoch springen usw.,C2,,
learn,verb,lernen,B1,REMEMBER,people: actions
learn,verb,lernen,A1,GET KNOWLEDGE,education
learn,verb,lernen,B1,BE TOLD INFORMATION,communication
learn,verb,lernen,B2,CHANGE BEHAVIOUR,people: personality
learner,noun,Lerner,B2,,education
learning,noun,Lernen,B2,,education
learn/know the ropes,phrase,"lernen/kennen, wie es geht",C2,IDIOM,
learn your lesson,phrase,Lerne deine Lektion,B2,,
least,adverb,am wenigsten,B1,LESS,describing things
least,pronoun,am wenigsten,B2,LESS,
least,determiner,am wenigsten,B2,,describing things
leather,noun,Leder,A2,,
leave,verb,verlassen,A1,GO AWAY,"people: actions, travel"
leave,verb,verlassen,A2,FORGET,people: actions
leave,verb,verlassen,A2,PUT,people: actions
leave,verb,verlassen,A2,FOR SOMEONE,people: actions
leave,verb,verlassen,A2,NOT USE ALL,people: actions
leave,verb,verlassen,B2,STAY IN SAME CONDITION,
leave,verb,verlassen,B1,END RELATIONSHIP,relationships
leave,verb,verlassen,C2,PRODUCE SITUATION,
leave,verb,verlassen,C2,DO LATER,
leave,verb,verlassen,C2,AFTER DEATH,
leave,noun,verlassen,C2,,work
leave behind sb/sth or leave sb/sth behind,phrasal verb,etw zurücklassen oder etw zurücklassen,B1,,people: actions
leave/make your mark,phrase,hinterlassen/einen Eindruck hinterlassen,C2,IDIOM,
leave no stone unturned,phrase,Lassen Sie nichts unversucht,C2,,
leave out sb/sth or leave sb/sth out,phrasal verb,etw weglassen oder etw weglassen,B2,,people: actions
leave sb alone,phrase,in Ruhe lassen,B2,,
leave sb doing sth,phrase,Lass es tun,C1,,
leave someone to their own devices,phrase,jemanden sich selbst überlassen,C2,IDIOM,
lecture,noun,Vortrag,B1,,"communication, education"
lecture,verb,Vortrag,C2,,"communication, education"
lecturer,noun,Dozent,B2,,"education, work"
leek,noun,Lauch,B2,,food and drink
left,adverb,links,A2,,describing things
left,adjective,links,A2,,describing things
left,noun,links,A2,LEFT SIDE,describing things
left-hand,adjective,Linkshänder,A2,,describing things
left-wing,adjective,links,C1,,politics
leg,noun,Bein,A1,,body and health
legacy,noun,Vermächtnis,C2,MONEY/PROPERTY,money
legacy,noun,Vermächtnis,C2,SITUATION,
legal,adjective,legal,B2,TO DO WITH LAW,crime
legal,adjective,legal,B2,ALLOWED,crime
legal action,phrase,rechtliche Schritte,C1,,
legally,adverb,rechtlich,B2,,crime
legend,noun,Legende,C1,FAME,people: personality
legend,noun,Legende,B2,STORY,communication
legendary,adjective,legendär,C1,OLD,
legendary,adjective,legendär,C1,FAMOUS,
legislation,noun,Gesetzgebung,C2,,crime
legitimate,adjective,legitim,C2,REASONABLE,
legitimate,adjective,legitim,C2,LEGAL,crime
leisure,noun,Freizeit,B1,,shopping
lemon,noun,Zitrone,A2,,food and drink
lemonade,noun,Limonade,A2,,food and drink
lend,verb,leihen,B2,BANK,"money, people: actions"
lend,verb,leihen,A2,GIVE,people: actions
lend itself to sth,phrase,eignen sich dazu,C2,,
length,noun,Länge,B1,DISTANCE,describing things
length,noun,Länge,B2,TIME,
length,noun,Länge,C1,"BOOK, ETC.",describing things
lengthen,verb,verlängern,C1,,
lengthy,adjective,langwierig,C1,,
lenient,adjective,nachsichtig,C2,,crime
leopard,noun,Leopard,B2,,animals
less,adverb,weniger,A2,,describing things
less,determiner,weniger,A2,,describing things
less,pronoun,weniger,A2,,describing things
lessen,verb,verringern,C1,,
lesson,noun,Lektion,B2,EXPERIENCE,
lesson,noun,Lektion,A1,TEACHING PERIOD,education
let,verb,lassen,B1,ALLOW,
let alone,phrase,geschweige denn,C1,,
let go (of sb/sth),phrase,(etw.) loslassen,C2,,people: actions
let go (of sth),phrase,loslassen (von),C2,,people: actions
lethal,adjective,tödlich,C2,,
let me/us,phrase,lass mich/uns,B2,,
let off steam,phrase,Dampf ablassen,C2,IDIOM,
let out sb/sth or let sb/sth out,phrasal verb,etw rauslassen oder etw rauslassen,B2,,people: actions
let's,phrase,lass uns,A2,,communication
let sb down or let down sb,phrasal verb,im Stich lassen oder im Stich lassen,B2,,people: personality
let sb know,phrase,lass es wissen,A2,,communication
let sb know (sth),phrase,(etw) wissen lassen,A2,,communication
let sb off or let off sb,phrasal verb,loslassen oder loslassen,B2,,crime
"let sb/sth in/past/through, etc.",phrase,etw hinein/vorbei/durchlassen usw.,B2,,people: actions
let's face it,phrase,Seien wir ehrlich,C2,,
letter,noun,Brief,A1,MESSAGE,communication
letter,noun,Brief,A2,SYMBOL,communication
lettuce,noun,Kopfsalat,B1,,food and drink
let your guard down,phrase,Lass deine Wache los,C2,IDIOM,
let your hair down,phrase,Lass deine Haare fallen,C2,IDIOM,
level,noun,Ebene,B2,AMOUNT,describing things
level,noun,Ebene,A2,ABILITY,
level,noun,Ebene,B2,HEIGHT,describing things
level,noun,Ebene,C1,RANK,
level,adjective,Ebene,B2,,describing things
liability,noun,Haftung,C1,RESPONSIBILITY,
liability,noun,Haftung,C1,TROUBLE,
liable,adjective,haftbar,C1,RESPONSIBLE,
liar,noun,Lügner,B2,,people: personality
liberal,adjective,Liberale,C1,SOCIETY,people: personality
liberal,adjective,Liberale,C1,POLITICS,politics
liberation,noun,Befreiung,C1,,
liberty,noun,Freiheit,B2,FREEDOM,
library,noun,Bibliothek,A2,,buildings
licence,noun,Lizenz,A2,,communication
lick,verb,lecken,B2,,people: actions
lid,noun,Deckel,B2,,
lie,verb,Lüge,A2,BODY,people: actions
lie,verb,Lüge,B1,OBJECT,
lie,verb,Lüge,B1,PLACE,
lie,verb,Lüge,C2,RESPONSIBILITY/BLAME,
lie,verb,Lüge,B1,,communication
lie,noun,Lüge,B1,,communication
lie ahead,phrasal verb,liegen vorn,C1,,
lie down,phrasal verb,leg dich hin,A2,,people: actions
life,noun,Leben,B1,PLANTS/ANIMALS,natural world
life,noun,Leben,A1,TIME,
life,noun,Leben,B1,WAY OF LIVING,
life,noun,Leben,B2,PERSON'S EXISTENCE,
life,noun,Leben,B2,ENERGY,people: personality
life,noun,Leben,C2,ACTIVE PERIOD,
lifelong,adjective,lebenslang,C2,,
lifespan,noun,Lebensdauer,C2,,
lifestyle,noun,Lebensstil,B2,,
lifetime,noun,Lebensdauer,B2,,
lift,verb,Aufzug,B1,,people: actions
lift,noun,Aufzug,A2,MACHINE,buildings
lift,noun,Aufzug,A2,RIDE,travel
light,noun,Licht,A2,EQUIPMENT,buildings
light,noun,Licht,B1,BRIGHTNESS,
light,adjective,Licht,A1,PALE,describing things
light,adjective,Licht,A2,NOT HEAVY,describing things
light,adjective,Licht,B1,BRIGHT,
light,adjective,Licht,B1,NOT MUCH,describing things
light,verb,Licht,B1,START FLAMES,people: actions
light,verb,Licht,B2,MAKE BRIGHT,
lighter,noun,leichter,B1,,
lighting,noun,Beleuchtung,B2,,
lightly,adverb,leicht,B1,GENTLY,
lightly,adverb,leicht,C1,NOT MUCH,
lightning,noun,Blitz,B1,,natural world
like,preposition,wie,A2,SIMILAR,
like,preposition,wie,B1,SUCH AS,
like,preposition,wie,B2,TYPICAL OF,
like,verb,wie,A1,ENJOY,people: personality
like,conjunction,wie,B1,,
like crazy,phrase,wie verrückt,C1,,
like hell,phrase,wie die Hölle,C2,,
likelihood,noun,Wahrscheinlichkeit,C2,,
likely,adverb,wahrscheinlich,C1,,
likely,adjective,wahrscheinlich,B1,,
like mad,phrase,wie verrückt,B2,,
likes and dislikes,phrase,Vorlieben und Abneigungen,B1,,people: personality
likewise,adverb,ebenfalls,C2,,
limit,noun,Limit,B1,LARGEST POSSIBLE AMOUNT,describing things
limit,verb,Limit,B2,,people: actions
limitation,noun,Einschränkung,C1,RULE,
limitations,phrase,Einschränkungen,C1,,
limited,adjective,beschränkt,B1,SMALL,describing things
limited,adjective,beschränkt,B2,WITHIN RANGE,
line,noun,Linie,A2,LONG MARK,
line,noun,Linie,B1,WORDS,communication
line,noun,Linie,C2,ROW,
line,noun,Linie,C2,BORDER,
line,noun,Linie,B2,TELEPHONE,"communication, technology"
line,noun,Linie,C1,PRODUCT,
line,noun,Linie,B1,RAILWAY,travel
line,noun,Linie,C2,APPROACH TO SUBJECT,
line,noun,Linie,C2,MILITARY,
line,verb,Linie,C2,,
linen,noun,Leinen,C2,CLOTH,
linen,noun,Leinen,C2,SHEETS ETC.,
line sb/sth up,phrasal verb,Linie/etw,C1,,
line (sb/sth) up or line up (sb/sth),phrasal verb,jdn/etw. in einer Reihe aufstellen oder jdn/etw. in einer Reihe aufstellen,B2,,people: actions
linger,verb,verweilen,C2,,
linguistic,adjective,sprachlich,C1,,
link,noun,Link,B1,COMPUTER,technology
link,verb,Link,B2,,
link,noun,Link,B2,CONNECTION,
lion,noun,Löwe,A2,,animals
lip,noun,Lippe,B1,,body and health
liquid,noun,flüssig,B1,,
list,noun,Liste,A2,,communication
list,verb,Liste,B2,,communication
listen,verb,Hören,A1,HEAR,people: actions
listen,verb,Hören,B1,PAY ATTENTION,communication
listener,noun,Hörer,C1,,
listen in,phrasal verb,Hört rein,C2,,people: actions
literacy,noun,Alphabetisierung,C1,,
literal,adjective,wörtlich,C2,,
literally,adverb,buchstäblich,B2,,
literary,adjective,literarisch,B2,,arts and media
literate,adjective,gebildet,C2,,
literature,noun,Literatur,B1,BOOKS,arts and media
litre,noun,Liter,A2,,describing things
litter,noun,Wurf,B2,,
little,adjective,wenig,A1,SMALL,describing things
little,adjective,wenig,A1,YOUNG,people: appearance
little,adjective,wenig,B1,NOT IMPORTANT,
little,adjective,wenig,B2,SHORT,
little,adjective,wenig,B2,EMPHASIZE,communication
little,determiner,wenig,B1,NOT ENOUGH,describing things
little,pronoun,wenig,B1,SMALL AMOUNT,describing things
little,adverb,wenig,C1,NOT ENOUGH,describing things
little by litte,phrase,Stück für Stück,B2,,
little more/better,phrase,etwas mehr/besser,C2,,
live,verb,live,B1,SPEND LIFE,
live,verb,live,B1,BE ALIVE,
live,verb,live,C2,STAY ALIVE,
live,adjective,live,B1,,arts and media
live for sth/sb,phrasal verb,lebe für/jdn,B2,,people: personality
"live in/at, etc.",phrase,wohne in/bei usw.,A1,,buildings
lively,adjective,lebhaft,B1,,people: personality
live on sth,phrasal verb,lebe weiter,B2,MONEY,money
live on sth,phrasal verb,lebe weiter,B2,FOOD,food and drink
liver,noun,Leber,B2,,body and health
live through sth,phrasal verb,durchleben,C2,,
live together,phrasal verb,zusammenleben,B2,,relationships
live up to sth,phrasal verb,werde dem gerecht,B2,,
live with sb,phrasal verb,lebe mit,B2,,relationships
living,adjective,Leben,B2,,
living,noun,Leben,B2,,"money, work"
living room,noun,Wohnzimmer,A1,,buildings
load,noun,laden,B2,AMOUNT CARRIED,describing things
load,verb,laden,B2,VEHICLE,people: actions
load,verb,laden,B2,MACHINE,"people: actions, technology"
loaf,noun,Brot,B2,,food and drink
loan,noun,Darlehen,B1,MONEY,money
loathe,verb,verabscheuen,C2,,
loathing,noun,Abscheu,C2,,
lobby,verb,Lobby,C2,,communication
lobby,noun,Lobby,B2,,buildings
local,adjective,lokal,B1,,
local,noun,lokal,C2,,
locate,verb,lokalisieren,B2,FIND,people: actions
location,noun,Standort,B1,PLACE,
lock,verb,sperren,B1,WITH KEY,people: actions
lock,noun,sperren,B1,,
lock in sb or lock sb in,phrasal verb,einsperren oder einsperren,B2,,people: actions
lock out sb or lock sb out,phrasal verb,aussperren oder aussperren,B2,,people: actions
"lock sth/sb away/in, etc.",phrase,sperren/jedn weg/hinein usw.,B2,,people: actions
loft,noun,Dachboden,C2,,buildings
log,noun,Protokoll,C1,,natural world
logic,noun,Logik,C1,,
logical,adjective,logisch,B2,,
logically,adverb,logisch,C2,,
log in/on,phrasal verb,Anmelden/Anmelden,B2,,"people: actions, technology"
logo,noun,Logo,B1,,communication
log off/out,phrasal verb,abmelden/abmelden,B2,,"people: actions, technology"
loneliness,noun,Einsamkeit,C1,,
lonely,adjective,einsam,B2,PLACE,
lonely,adjective,einsam,B1,PERSON,people: personality
long,adjective,lang,A1,TIME,
long,adjective,lang,A1,DISTANCE,describing things
long,adjective,lang,A2,MANY WORDS,communication
long,adverb,lang,A2,TIME,
long ago,phrase,längst,C1,,
long before,phrase,schon lange vorher,C2,,
long-distance,adjective,Ferngespräche,B2,,
longevity,noun,Langlebigkeit,C2,,body and health
long for sth; long to do sth,phrase,sehnen sich danach; lange zu tun,C2,,
longing,noun,Sehnsucht,C2,,
long-lasting,adjective,lang anhaltende,C2,,
long-running,adjective,langandauernd,C2,,
long-term,adjective,langfristig,B2,,
long-time,adjective,lange Zeit,C1,,
look,verb,sehen,A1,SEARCH,people: actions
look,verb,sehen,A1,SEE,people: actions
look,verb,sehen,B2,DIRECTION,
look,noun,sehen,B1,SEE,people: actions
look,noun,sehen,B1,SEARCH,people: actions
look,noun,sehen,C1,FASHION,clothes
look,noun,sehen,B2,APPEARANCE,people: appearance
look after sb/sth,phrasal verb,sich um etw. kümmern,A2,,"body and health, people: actions"
look ahead,phrasal verb,schau nach vorne,C2,,
look around/round (swh),phrasal verb,sich umschauen (swh),B1,,people: actions
look as if/as though,phrase,"aussehen, als ob/als ob",B2,,
look at sth,phrasal verb,anschauen,B2,THINK,
look at sth,phrasal verb,anschauen,B2,READ,communication
look at sth,phrasal verb,anschauen,B2,EXAMINE,people: actions
look back,phrasal verb,Rückblick,B2,,
look down on sb,phrasal verb,schau herab auf,B2,,people: personality
look forward to sth/doing sth,phrasal verb,freue mich auf/tun,B1,HAPPY,people: personality
look forward to sth/doing sth,phrasal verb,freue mich auf/tun,B2,LETTER,communication
look into sth,phrasal verb,reinschauen,B2,,people: actions
look like,phrase,aussehen,B1,,
"look nice/strange, etc.",phrase,schön/seltsam aussehen usw.,A2,,
look on the bright side,phrase,Schauen Sie auf die positive Seite,C1,IDIOM,
look on/upon sb/sth as sth,phrasal verb,auf/auf/etw. schauen als,C1,,
Look out!,phrasal verb,Achtung!,B1,,communication
look out for sb/sth,phrasal verb,auf etw. achten,B2,,people: actions
look over sth or look sth over,phrasal verb,schau rüber oder schau rüber,C2,,people: actions
look sb in the eye/eyes,phrase,in die Augen/Augen schauen,B2,IDIOM,
look through sth,phrasal verb,durchschauen,B2,,communication
look up,phrasal verb,Nachschlagen,C1,,
look up sth or look sth up,phrasal verb,schau nach oben oder schau nach oben,B1,,communication
look up to sb,phrasal verb,schau auf,B2,,people: personality
loom,verb,Webstuhl,C2,APPEAR,
loom,verb,Webstuhl,C2,WORRY,
loom large,phrase,Webstuhl groß,C2,,
loose,adjective,lose,B2,NOT FIXED,
loose,adjective,lose,B1,CLOTHES,
loose,adjective,lose,C2,NOT EXACT,
loosen,verb,lösen,C2,,
loosen up,phrasal verb,lockern,C2,,
lorry,noun,LKW,B1,,travel
lose,verb,verlieren,A2,NOT FIND,people: actions
lose,verb,verlieren,B1,NOT HAVE,
lose,verb,verlieren,B1,NOT WIN,shopping
lose,verb,verlieren,B1,HAVE LESS,
lose,verb,verlieren,B2,TIME/OPPORTUNITY,
lose,verb,verlieren,C1,MONEY,money
lose count,phrase,Verliere den Überblick,C2,,
lose face,phrase,das Gesicht verlieren,C2,IDIOM,
lose heart,phrase,den Mut verlieren,C2,IDIOM,
"lose interest/patience, etc.",phrase,Interesse/Geduld verlieren usw.,B2,,people: personality
lose sight of sth,phrase,aus den Augen verlieren,C2,IDIOM,
lose sleep over something,phrase,wegen etwas den Schlaf verlieren,C2,IDIOM,
lose touch,phrase,den Kontakt verlieren,B2,,communication
lose track,phrase,den Überblick verlieren,B2,,
lose track,phrase,den Überblick verlieren,B2,IDIOM,
lose your cool,phrase,Verliere deine Coolness,C2,IDIOM,
lose your head,phrase,den Kopf verlieren,C1,IDIOM,
lose your life,phrase,verliere dein Leben,B2,,
lose your temper,phrase,die Beherrschung verlieren,B2,,people: personality
lose your voice,phrase,verliere deine Stimme,B2,,body and health
loss,noun,Verlust,B2,NOT HAVING,
loss,noun,Verlust,C1,MONEY,money
loss,noun,Verlust,B2,DEATH,
loss,noun,Verlust,C2,DISADVANTAGE,
lost,adjective,verloren,A2,PERSON,
lost,adjective,verloren,B1,OBJECT,
lost,adjective,verloren,C1,NEW SITUATION,
lottery,noun,Lotterie,B1,,"money, shopping"
loud,adjective,laut,A2,,describing things
loud,adverb,laut,B1,,
loudly,adverb,laut,B1,,
lounge,noun,Lounge,C1,,buildings
love,verb,Liebe,A1,LIKE SOMETHING,people: personality
love,verb,Liebe,A1,FRIENDS/FAMILY,"people: personality, relationships"
love,verb,Liebe,A1,ROMANCE/SEX,"people: personality, relationships"
love,noun,Liebe,B1,FRIENDS/FAMILY,"people: personality, relationships"
love,noun,Liebe,B1,ROMANCE/SEX,"people: personality, relationships"
love,noun,Liebe,B1,PERSON,relationships
love,noun,Liebe,B2,INTEREST,people: personality
lovely,adjective,schön,A2,ENJOYABLE,describing things
lovely,adjective,schön,A2,BEAUTIFUL,describing things
lover,noun,Liebhaber,B1,SEX,relationships
love/(with) love from/all my love/lots of love,phrase,Liebe/(mit) Liebe von/aller meiner Liebe/viel Liebe,A2,,communication
low,adjective,niedrig,A2,AMOUNT/LEVEL,describing things
low,adjective,niedrig,B1,NOT HIGH,describing things
low,adjective,niedrig,B2,BAD QUALITY,describing things
low,adjective,niedrig,C1,NOT IMPORTANT,
low,adjective,niedrig,B2,SOUND,
low,adjective,niedrig,C1,UNHAPPY,people: personality
low,adverb,niedrig,B1,,describing things
lower,verb,untere,B2,MOVE,people: actions
lower,verb,untere,B2,REDUCE,
loyal,adjective,treu,B2,,people: personality
loyalty,noun,Loyalität,B2,,people: personality
luck,noun,Glück,A2,CHANCE,
luck,noun,Glück,B2,SUCCESS,
luckily,adverb,glücklicherweise,B1,,
lucky,adjective,glücklich,A2,GOOD THINGS,
lucky,adjective,glücklich,B1,GIVING LUCK,
lucrative,adjective,lukrativ,C2,,money
luggage,noun,Gepäck,A2,,travel
lump,noun,Klumpen,C2,PIECE,
lunch,noun,Mittagessen,A1,,food and drink
lunchtime,noun,Mittagszeit,A2,,food and drink
lung,noun,Lunge,B2,,body and health
lure,verb,locken,C2,,
lure,noun,locken,C2,,
luxurious,adjective,luxuriös,C1,,describing things
luxury,noun,Luxus,B1,COMFORT,
luxury,noun,Luxus,B2,THING THAT GIVES PLEASURE,
luxury,noun,Luxus,C1,EXPENSIVE THING,
lyrics,noun,Text,B2,,arts and media
machine,noun,Maschine,A2,,technology
machinery,noun,Maschinen,C1,,technology
mad,adjective,verrückt,A2,ANGRY,people: personality
mad,adjective,verrückt,B1,CRAZY,people: personality
mad,adjective,verrückt,B1,ILL,body and health
madam,noun,Frau,B1,WOMAN,communication
magazine,noun,Magazin,A2,,arts and media
magic,noun,Magie,A2,SPECIAL POWERS,
magic,noun,Magie,A2,ENTERTAINMENT,
magic,noun,Magie,B2,SPECIAL QUALITY,
magic,adjective,Magie,A2,ENTERTAINMENT,
magic,adjective,Magie,B1,SPECIAL POWERS,
magical,adjective,magisch,B2,WONDERFUL,
magical,adjective,magisch,B2,MAGIC,
magistrate,noun,Richter,C1,,crime
magnetic,adjective,magnetisch,C1,METAL,
magnetic,adjective,magnetisch,C1,PERSONALITY,people: personality
magnificent,adjective,herrlich,B1,,describing things
magnificently,adverb,prächtig,C1,,
mail,noun,Post,A2,LETTERS,communication
mail,noun,Post,A2,POST,communication
mail,noun,Post,A2,EMAIL,"communication, technology"
main,adjective,hauptsächlich,B1,MOST IMPORTANT,describing things
main course,noun,Hauptgericht,A2,,food and drink
mainly,adverb,hauptsächlich,B1,,communication
mainstream,adjective,Mainstream,C2,,
maintain,verb,pflegen,B2,KEEP IN GOOD CONDITION,people: actions
maintain,verb,pflegen,B2,CONTINUE TO HAVE,
maintain,verb,pflegen,C2,SAY SOMETHING IS TRUE,communication
maintenance,noun,Wartung,B2,,people: actions
major,adjective,wesentlich,B2,,
majority,noun,mehrheitlich,B2,,describing things
make,verb,machen,A1,PRODUCE,people: actions
make,verb,machen,A2,PERFORM,people: actions
make,verb,machen,B1,CAUSE,
make,verb,machen,B1,ARRIVE,"people: actions, travel"
make,verb,machen,B2,EARN,"money, work"
make,verb,machen,C1,SUITABLE,
"make a bad/good, etc. job of sth",phrase,einen schlechten/guten usw. Job machen,C2,IDIOM,
make a (big) difference,phrase,einen (großen) Unterschied machen,B2,,
make a face,phrase,ein Gesicht machen,B1,,"communication, people: actions"
make a fool of yourself,phrase,mach dich lächerlich,B2,,people: personality
make a fool (out) of sb,phrase,zum Narren halten,B2,,people: personality
make a go of sth,phrase,mach es mal,C2,,
make allowances for sb/sth,phrase,Rücksicht auf etw. nehmen,C2,,
make a name for yourself,phrase,Machen Sie sich einen Namen,C2,,
make an exception,phrase,eine Ausnahme machen,C1,,
make a nonsense of sth,phrase,einen Unsinn daraus machen,C2,,
make a note of sth,phrase,notieren,C1,,
make a point of doing sth,phrase,Machen Sie es sich zur Aufgabe,C1,,
make a run for it,phrase,lauf davon,C2,,
make a splash,phrase,für Furore sorgen,C2,IDIOM,
make a start,phrase,einen Anfang machen,C2,,people: actions
make do (with),phrase,auskommen (mit),C2,,
make ends meet,phrase,über die Runden kommen,C1,IDIOM,money
make for sth,phrasal verb,dafür sorgen,B2,,people: actions
make friends (with sb),phrase,Freunde finden (mit),B1,,relationships
make fun of sb/sth,phrase,sich über etw. lustig machen,B2,,people: actions
make it,phrase,mach es,C1,,
make light of sth,phrase,Licht machen,C2,,
make no difference/not make any difference,phrase,keinen Unterschied machen/keinen Unterschied machen,B2,,
make of sb/sth,phrasal verb,aus etw. machen,C2,,
make out sth/sb or make sth/sb out,phrasal verb,make out/sb oder make/sb out,B2,,
maker,noun,Hersteller,B2,,
make sb do sth,phrase,Machen Sie es,B1,,people: actions
make sb's day,phrase,Make's Day,C2,IDIOM,
make sense,phrase,Sinn ergeben,B2,,
make sense,phrase,Sinn ergeben,B2,,communication
make sense of sth,phrase,einen Sinn ergeben,C2,,
make sth into sth,phrasal verb,machen in,B2,,people: actions
make sth public,phrase,öffentlich machen,C2,,communication
make sure,phrase,stellen Sie sicher,A2,,people: actions
make sure (that),phrase,"sicherstellen, dass",A2,,people: actions
make/take a stand,phrase,Stellung beziehen/einen Standpunkt beziehen,C2,,
make the best of sth,phrase,das Beste daraus machen,B2,,
make the most of sth,phrase,Machen Sie das Beste daraus,B2,,people: actions
make the/sb's bed,phrase,jdms Bett machen,B2,,
make time,phrase,nimm dir Zeit,C1,,
make-up,noun,bilden,A2,,people: appearance
make up for sth,phrasal verb,nachholen,B2,,
make up sth or make sth up,phrasal verb,schminken oder schminken,B2,,communication
make up your mind or make your mind up,phrase,Entscheide dich oder entscheide dich,B1,,
make up your mind or make your mind up,phrase,Entscheide dich oder entscheide dich,B1,,people: actions
make use of sth,phrase,nutzen,B2,,
make waves,phrase,Wellen schlagen,C2,,
make way for sth,phrase,Platz machen für,C2,,
make your blood boil,phrase,Bring dein Blut zum Kochen,C2,IDIOM,
make your blood run cold,phrase,Lass dein Blut gefrieren,C2,IDIOM,
make your presence felt,phrase,Machen Sie Ihre Anwesenheit spürbar,C2,,
make yourself at home,phrase,Fühlen Sie sich wie zu Hause,C1,,
make yourself understood,phrase,Machen Sie sich verständlich,C1,,communication
make your way,phrase,Mach deinen Weg,C2,,work
make your way,phrase,Mach deinen Weg,B2,,
male,adjective,männlich,B1,,"animals, people: appearance"
male,noun,männlich,B2,,"animals, people: appearance"
malicious,adjective,bösartig,C2,,people: personality
mall,noun,Einkaufszentrum,B1,,"buildings, shopping"
mammal,noun,Säugetier,C1,,animals
man,noun,Mann,A1,MALE,people: appearance
man,noun,Mann,B2,PEOPLE,
manage,verb,verwalten,B1,CONTROL,work
manage,verb,verwalten,B1,SUCCEED,people: actions
manage,verb,verwalten,C1,USE TIME/MONEY,
management,noun,Management,B2,,work
manager,noun,Manager,A2,,work
mango,noun,Mango,A2,,food and drink
mankind,noun,Menschheit,B2,,
manner,noun,Benehmen,B2,WAY,
manner,noun,Benehmen,B2,BEHAVIOUR,
manners,phrase,Manieren,B2,,
mansion,noun,Villa,C1,,buildings
manual,adjective,Handbuch,B2,WITH HANDS,people: actions
manual,adjective,Handbuch,B2,PHYSICAL WORK,work
manual,noun,Handbuch,B2,,communication
manufacture,verb,Herstellung,B2,,work
manufacturer,noun,Hersteller,B2,,work
manufacturing,noun,Herstellung,B2,,work
many,determiner,viele,A1,LARGE NUMBER,describing things
map,noun,Karte,A2,,travel
marathon,noun,Marathon,B2,,shopping
march,noun,Marsch,C1,,people: actions
march,verb,Marsch,C1,SHOW DISAGREEMENT,people: actions
march,verb,Marsch,C1,SOLDIERS' WALK,people: actions
March,noun,Marsch,A1,,
"march off/up/down, etc.",phrase,ab/auf/ab marschieren usw.,C2,,people: actions
margin,noun,Marge,C2,OUTER PART,communication
margin,noun,Marge,C2,DIFFERENCE,
margin,noun,Marge,C2,PROFIT,
marginal,adjective,marginal,C2,,describing things
margin of error,phrase,Fehlerquote,C2,,
mark,noun,markieren,A2,SCORE,education
mark,noun,markieren,B2,DIFFERENT AREA,
mark,noun,markieren,C1,SYMBOL,communication
mark,verb,markieren,B2,PIECE OF WORK,"education, people: actions"
mark,verb,markieren,B2,SHOW PLACE,communication
mark,verb,markieren,C1,DAMAGE/MAKE DIRTY,people: actions
mark,verb,markieren,C2,REPRESENT,
market,noun,Markt,A2,SELLING PLACE,shopping
market,noun,Markt,C1,BUYING GROUP,shopping
market,noun,Markt,C2,BUSINESS,
marketing,noun,Marketing,B2,,shopping
marriage,noun,Hochzeit,B1,,relationships
married,adjective,verheiratet,A2,WITH WIFE/HUSBAND,relationships
marry,verb,heiraten,B1,,"people: actions, relationships"
martial art,noun,Kampfkunst,B2,,shopping
marvellous,adjective,wunderbar,B1,,describing things
masculine,adjective,männlich,C1,,
mask,noun,Maske,B2,,clothes
mass,adjective,Masse,C1,,
massacre,noun,Massaker,C2,,crime
masses,phrase,Massen,B2,,describing things
massive,adjective,massiv,B2,,describing things
master,noun,Master,B2,IN CHARGE,
master,noun,Master,C2,SKILLED PERSON,people: personality
masterpiece,noun,Meisterwerk,C2,,arts and media
Master's (degree),phrase,Master-Abschluss),C1,,education
mat,noun,Matte,C1,,
match,noun,übereinstimmen,B2,STICK,
match,noun,übereinstimmen,A2,COMPETITION,shopping
match,noun,übereinstimmen,C2,SUITABLE,
match,verb,übereinstimmen,B1,BE THE SAME,
match,verb,übereinstimmen,C1,BE AS GOOD AS,
match,verb,übereinstimmen,B1,CHOOSE,people: actions
mate,noun,Kumpel,B1,,relationships
material,noun,Material,B1,DOCUMENTS,communication
material,noun,Material,B1,CLOTH,
material,noun,Material,C1,INFORMATION,communication
material,noun,Material,B2,PHYSICAL SUBSTANCE,
materialism,noun,Materialismus,C2,,
materialist,noun,Materialist,C2,,people: personality
materialist,adjective,Materialist,C2,,
materialistic,adjective,materialistisch,C2,,
mathematical,adjective,mathematisch,B2,,
maths,noun,Mathematik,A2,,education
matter,noun,Gegenstand,B2,SITUATION,communication
matter,noun,Gegenstand,C2,TYPE OF THING,
matter,verb,Gegenstand,A2,,
mature,adjective,reifen,B2,,people: personality
maximize,verb,maximieren,C2,,
maximum,adjective,maximal,B1,,describing things
maximum,noun,maximal,B1,,describing things
may,modal verb,Mai,A2,POSSIBLY HAPPEN,
may,modal verb,Mai,B1,POSSIBLY TRUE,
may,modal verb,Mai,B1,PERMISSION,communication
May,noun,Mai,A1,,
may as well,phrase,kann auch,B2,,
may as well do sth,phrase,kann es auch tun,C1,,
maybe,adverb,Vielleicht,A2,POSSIBLY,
maybe,adverb,Vielleicht,A2,SUGGEST,communication
may have,phrase,vielleicht haben,B2,,
may/might as well,phrase,kann/könnte auch,B2,,
may/might as well do sth,phrase,kann/könnte es genauso gut tun,C1,,
may/might/could well,phrase,kann/könnte/könnte gut sein,B2,,
mayor,noun,Bürgermeister,B2,,"politics, work"
me,pronoun,Mich,A1,,
meal,noun,Mahlzeit,A1,,food and drink
mean,verb,bedeuten,A2,MEANING,communication
mean,verb,bedeuten,B1,EXPRESS,communication
mean,verb,bedeuten,B1,HAVE IMPORTANCE,communication
mean,verb,bedeuten,B1,INTEND,
mean,verb,bedeuten,B1,HAVE RESULT,
mean,adjective,bedeuten,B2,NOT KIND,people: personality
mean,adjective,bedeuten,B2,NOT GENEROUS,people: personality
mean,adjective,bedeuten,C2,AVERAGE,
meaning,noun,Bedeutung,B2,PURPOSE,
meaning,noun,Bedeutung,B1,EXPRESS,communication
meaningful,adjective,sinnvoll,B2,WITH MEANING,
meaningful,adjective,sinnvoll,B2,USEFUL,
means,noun,bedeutet,B2,METHOD,
means,noun,bedeutet,C2,MONEY,money
mean well,phrase,Ich meine es gut,C2,,
meanwhile,adverb,in der Zwischenzeit,B1,,
measure,verb,messen,B2,FIND SIZE,"describing things, people: actions"
measure,verb,messen,C1,BE SIZE,
measure,verb,messen,C2,JUDGE,
measure,noun,messen,B2,METHOD,
measure,noun,messen,C2,AMOUNT,describing things
measurement,noun,Messung,C2,PROCESS,describing things
measurement,noun,Messung,B2,SIZE,describing things
meat,noun,Fleisch,A1,,food and drink
mechanic,noun,Mechaniker,A2,,"technology, work"
mechanical,adjective,mechanisch,B2,MACHINES,technology
mechanical,adjective,mechanisch,C2,BEHAVIOUR,people: personality
mechanism,noun,Mechanismus,C1,PART OF EQUIPMENT,
mechanism,noun,Mechanismus,C1,SYSTEM,
medal,noun,Medaille,B2,,
medical,adjective,medizinisch,B2,,body and health
medically,adverb,medizinisch,C2,,body and health
medication,noun,Medikamente,C2,,
medicine,noun,Medizin,A2,SUBSTANCE,body and health
medicine,noun,Medizin,B1,TREATMENT,"body and health, education"
medieval,adjective,mittelalterlich,B2,,describing things
mediocre,adjective,mittelmäßig,C2,,describing things
mediocrity,noun,Mittelmäßigkeit,C2,,
medium,noun,Medium,C2,,
medium,adjective,Medium,B1,,describing things
meet,verb,treffen,A1,COME TOGETHER,people: actions
meet,verb,treffen,A1,INTRODUCE,"people: actions, relationships"
meet,verb,treffen,B1,PLACE,people: actions
meet,verb,treffen,C1,ENOUGH,
meet,verb,treffen,B1,GROUP,people: actions
meet,verb,treffen,C2,ACHIEVE,
meeting,noun,treffen,A2,,communication
melody,noun,Melodie,C2,,arts and media
melon,noun,Melone,A2,,food and drink
melt,verb,schmelzen,B2,,
member,noun,Mitglied,A2,,relationships
membership,noun,Mitgliedschaft,B1,BELONGING,
membership,noun,Mitgliedschaft,C1,PEOPLE,
memo,noun,Memo,C1,,communication
memorable,adjective,unvergesslich,B2,,
memorial,noun,Denkmal,C2,,
memory,noun,Erinnerung,B1,ABILITY TO REMEMBER,people: personality
memory,noun,Erinnerung,A2,COMPUTING,technology
memory,noun,Erinnerung,C2,MIND,
memory,noun,Erinnerung,B1,EVENT REMEMBERED,
mend,verb,heilen,B1,,people: actions
mental,adjective,mental,B2,,people: personality
mentality,noun,Mentalität,C1,,
mentally,adverb,geistig,B2,,people: personality
mention,verb,erwähnen,B1,,communication
mention,noun,erwähnen,B2,,communication
menu,noun,Speisekarte,A2,FOOD,food and drink
menu,noun,Speisekarte,A2,COMPUTING,technology
merciful,adjective,barmherzig,C2,,
merciless,adjective,gnadenlos,C2,,people: personality
mercy,noun,Barmherzigkeit,C2,KINDNESS,people: personality
mere,adjective,bloß,B2,SMALL,describing things
merely,adverb,lediglich,B2,ONLY,describing things
merely,adverb,lediglich,C2,NOT LARGE,describing things
merge,verb,verschmelzen,C2,,people: actions
merger,noun,Fusion,C2,,
merit,verb,Verdienst,C2,,
merit,noun,Verdienst,C1,,
mess,noun,Durcheinander,B1,DIRT/UNTIDINESS,
mess,noun,Durcheinander,B2,PROBLEMS,
mess about/around,phrasal verb,herumalbern/herumspielen,C1,PLAY,people: actions
mess about/around,phrasal verb,herumalbern/herumspielen,C1,WASTE TIME,people: actions
message,noun,Nachricht,A1,INFORMATION,communication
message,noun,Nachricht,B2,IDEA,
message board,noun,Messageboard,B1,,technology
mess up sth or mess sth up,phrasal verb,vermasseln oder vermasseln,B2,,people: actions
messy,adjective,unordentlich,B1,,
metal,noun,Metall,B1,,natural world
metaphor,noun,Metapher,C2,,communication
method,noun,Verfahren,B1,,
meticulous,adjective,akribisch,C2,,
metre,noun,Meter,A2,,describing things
microphone,noun,Mikrofon,B2,,technology
midday,noun,Mittag,A2,,
middle,adjective,Mitte,C1,NOT HIGH OR LOW,describing things
middle,adjective,Mitte,B2,CENTRAL,describing things
middle-aged,adjective,im mittleren Alter,B1,,people: appearance
middle-class,adjective,Mittelschicht,C1,,
midnight,noun,Mitternacht,A2,,
might,modal verb,könnte,A2,POSSIBLY HAPPEN,
might,modal verb,könnte,B1,POSSIBLY TRUE,
might as well,phrase,Könnte genauso gut sein,B2,,
might as well do sth,phrase,Könnte es genauso gut tun,C1,,
might have,phrase,könnte haben,B2,,
mighty,adjective,mächtig,C2,,
migration,noun,Migration,C1,,
mild,adjective,leicht,B1,WEATHER,natural world
mild,adjective,leicht,B2,FOOD,food and drink
mild,adjective,leicht,C1,SLIGHT,describing things
mile,noun,Meile,B1,UNIT,describing things
miles,phrase,Meilen,C1,,
military,adjective,Militär,B2,,
milk,noun,Milch,A1,,food and drink
millennium,noun,Millennium,C2,,
millimetre,noun,Millimeter,B1,,describing things
million,number,Million,A2,NUMBER,
millions,phrase,Millionen,B2,,
mind,noun,Geist,B1,THINKING,people: personality
mind,verb,Geist,B1,ANNOYED,people: personality
mind,verb,Geist,B1,BE CAREFUL,
mind you,phrase,Wohlgemerkt,C2,,communication
mind your own business,phrase,kümmere dich um deine eigenen Angelegenheiten,C2,,communication
mine,pronoun,meins,A2,,
mine,noun,meins,B2,UNDERGROUND,
miner,noun,Bergmann,C1,,work
mineral water,noun,Mineralwasser,A2,,food and drink
mingle,verb,mischen,C2,MIX,
mingle,verb,mischen,C1,TALK,
miniature,adjective,Miniatur,C2,,
minimal,adjective,minimal,C1,,describing things
minimize,verb,minimieren,C1,,
minimum,adjective,Minimum,B1,,describing things
minimum,noun,Minimum,B1,,describing things
mining,noun,Bergbau,C1,,
minister,noun,Minister,B2,,"politics, work"
ministry,noun,Ministerium,C1,,
minor,adjective,unerheblich,B2,,
minority,noun,Minderheit,B2,LESS THAN HALF,describing things
minority,noun,Minderheit,C1,RACE,
mint,noun,Minze,B2,,food and drink
minus,preposition,Minus,A2,,
minute60,noun,Minute60,A1,SECONDS,
minute,noun,Minute,A2,SHORT TIME,
minute,adjective,Minute,C2,SMALL,describing things
minute,adjective,Minute,C2,EXACT,
miracle,noun,Wunder,B2,,
mirror,noun,Spiegel,A2,,buildings
misbehave,verb,sich schlecht benehmen,C1,,
miserable,adjective,miserabel,B2,UNPLEASANT,people: personality
miserable,adjective,miserabel,B1,UNHAPPY,people: personality
miserable,adjective,miserabel,C2,NOT ENOUGH,
misery,noun,Elend,B2,,people: personality
misfortune,noun,Unglück,C1,,
mishap,noun,Missgeschick,C2,,
misinform,verb,falsch informieren,C1,,
misinterpret,verb,falsch interpretieren,C2,,communication
misinterpretation,noun,Fehlinterpretation,C2,,communication
mislead,verb,irreführen,C1,,communication
misleading,adjective,irreführend,B2,,communication
misplace,verb,verlegen,C2,,
miss,verb,vermissen,A2,NOT GO,people: actions
miss,verb,vermissen,A2,FEEL SAD,people: personality
miss,verb,vermissen,A2,TOO LATE,"communication, travel"
miss,verb,vermissen,B1,NOT SEE/HEAR,
miss,verb,vermissen,B1,AVOID,people: actions
miss,verb,vermissen,B2,FAIL TO DO,
miss,verb,vermissen,B2,NOT HIT,people: actions
Miss,noun,Vermissen,A1,,
miss a chance/opportunity,phrase,eine Chance/Gelegenheit verpassen,B1,,
missile,noun,Rakete,C2,,
missing,adjective,fehlen,A2,LOST,
missing,adjective,fehlen,B1,NOT INCLUDED,
mission,noun,Mission,C2,JOB,work
mission,noun,Mission,B2,PURPOSE,
miss out,phrasal verb,verpassen,B2,,
miss the boat,phrase,vermisse das Boot,C2,IDIOM,
mist,noun,Nebel,B2,,natural world
mistake,noun,Fehler,A2,WRONG ACTION,
mistaken,adjective,falsch,C1,,
misty,adjective,neblig,B2,,natural world
misunderstand,verb,missverstehen,B2,NOT UNDERSTAND,
misunderstanding,noun,Missverständnis,B2,,
misuse,verb,Missbrauch,C1,,
misuse,noun,Missbrauch,C1,,
mix,verb,mischen,A2,COMBINE SUBSTANCES,"food and drink, people: actions"
mix,verb,mischen,B2,MEET,relationships
mix,verb,mischen,B1,COMBINE QUALITIES/ACTIVITIES,
mix,noun,mischen,B1,,
mixture,noun,Mischung,B2,SUBSTANCE,
mixture,noun,Mischung,B2,STYLES/IDEAS,
mix up sb/sth or mix sb/sth up,phrasal verb,etw vermischen oder etw vermischen,B2,,
moan,verb,jammern,C2,COMPLAIN,communication
moan,verb,jammern,C2,SOUND,
mobile,noun,Mobile,A1,,"communication, technology"
mobile phone,noun,Mobiltelefon,A1,,"communication, technology"
modal (verb),noun,Modal (Verb),B1,,
mode,noun,Modus,C1,,
model,noun,Modell,A2,DESIGN,technology
model,noun,Modell,A2,COPY,
model,noun,Modell,B1,PERSON,work
model,noun,Modell,C2,EXAMPLE,
moderate,adjective,mäßig,C1,,describing things
moderate,verb,mäßig,C2,LESS EXTREME,
moderately,adverb,mäßig,C2,,describing things
modern,adjective,modern,A2,NEW,
modern,adjective,modern,B1,NOW,
modest,adjective,bescheiden,C1,NOT PROUD,people: personality
modest,adjective,bescheiden,B2,NOT LARGE,describing things
modestly,adverb,bescheiden,C1,BY SMALL AMOUNT,
modestly,adverb,bescheiden,C2,NOT PROUDLY,
modification,noun,Änderung,C1,,
modify,verb,ändern,C1,,
moment,noun,Moment,A2,SHORT TIME,
moment,noun,Moment,B1,POINT IN TIME,
momentum,noun,Schwung,C2,,
Monday,noun,Montag,A1,,
monetary,adjective,monetär,C2,,money
money,noun,Geld,A1,,money
monitor,verb,Monitor,C1,,people: actions
monitor,noun,Monitor,B2,,technology
monkey,noun,Affe,A2,,animals
monopoly,noun,Monopol,C2,,
monotonous,adjective,eintönig,C1,,describing things
monster,noun,Monster,B1,CREATURE,
monster,noun,Monster,C2,PERSON,people: personality
month,noun,Monat,A1,PART OF YEAR,
month,noun,Monat,A1,FOUR WEEKS,
monthly,adjective,monatlich,B1,,
monument,noun,Monument,B1,BUILDING/PLACE,buildings
monument,noun,Monument,B2,STRUCTURE,buildings
mood,noun,Stimmung,B1,WAY YOU FEEL,people: personality
moonlight,noun,Mondlicht,B2,,natural world
moral,adjective,Moral,C1,GOOD BEHAVIOUR,
moral,adjective,Moral,B2,BELIEFS,
morale,noun,Moral,C2,,
morally,adverb,moralisch,B2,,
morals,phrase,Moral,C2,,
more,determiner,mehr,A1,IN ADDITION,describing things
more,determiner,mehr,A1,GREATER AMOUNT,describing things
more,adverb,mehr,B1,GREATER NUMBER OF TIMES,describing things
more and more,phrase,immer mehr,B2,,describing things
more and more,phrase,immer mehr,B2,,
"more beautiful/difficult/easily, etc.",phrase,schöner/schwieriger/einfacher usw.,A1,,
more or less,phrase,mehr oder weniger,B2,,describing things
moreover,adverb,darüber hinaus,B2,,communication
morning,noun,Morgen,A1,PART OF DAY,
mortality,noun,Mortalität,C2,,body and health
mosque,noun,Moschee,A2,,buildings
mosquito,noun,Moskito,B1,,animals
most,adverb,am meisten,A2,MORE,describing things
most,pronoun,am meisten,A2,ALMOST ALL,describing things
most,pronoun,am meisten,B2,MORE,
most,determiner,am meisten,B1,MORE,
most,determiner,am meisten,A2,ALMOST ALL,describing things
mostly,adverb,meistens,B1,,
mother,noun,Mutter,A1,,relationships
mother-in-law,noun,Schwiegermutter,B2,,relationships
mother tongue,phrase,Muttersprache,B2,,communication
motion,noun,Bewegung,C2,MOVEMENT,
motion,noun,Bewegung,C2,SUGGESTION,communication
motivate,verb,motivieren,C1,ENTHUSIASTIC,communication
motivate,verb,motivieren,C1,CAUSE,
motivated,adjective,motiviert,B2,,people: personality
motivation,noun,Motivation,C1,REASON,
motivation,noun,Motivation,B2,,people: personality
motive,noun,Motiv,B2,,
motor,noun,Motor,B2,,"technology, travel"
motorbike,noun,Motorrad,A2,,travel
motorist,noun,Autofahrer,B2,,travel
motorway,noun,Autobahn,A2,,travel
mount,verb,montieren,C2,INCREASE,
mount,verb,montieren,C2,RIDE,people: actions
"mount a campaign/challenge/protest, etc.",phrase,eine Kampagne/Herausforderung/einen Protest usw. starten.,C2,,
mountain,noun,Berg,A2,EARTH,natural world
mountain,noun,Berg,C2,PILE,describing things
"mount sth on/to, etc.",phrase,montieren auf/an usw.,C2,,people: actions
mount up,phrasal verb,aufsteigen,C2,,
mouse,noun,Maus,A2,COMPUTER,technology
mouse,noun,Maus,A2,ANIMAL,animals
moustache,noun,Schnurrbart,B1,,people: appearance
mouth,noun,Mund,A1,FACE,body and health
mouth of a river,phrase,Mündung eines Flusses,C1,,
move,verb,bewegen,A2,CHANGE POSITION,people: actions
move,verb,bewegen,B1,CHANGE PLACE,people: actions
move,verb,bewegen,B2,FEELING,people: personality
move,verb,bewegen,B2,TIME,
move,noun,bewegen,C1,ACTION,people: actions
move,noun,bewegen,C2,CHANGE OF POSITION,people: actions
move,noun,bewegen,C1,CHANGE OF PLACE,"buildings, people: actions"
move house,phrase,umziehen,B1,,"buildings, people: actions"
move in,phrasal verb,einziehen,B1,,"buildings, people: actions"
movement,noun,Bewegung,B2,CHANGE OF POSITION,people: actions
movement,noun,Bewegung,C1,GROUP,
move on,phrasal verb,weitergehen,C1,NEW PLACE,"people: actions, travel"
move on,phrasal verb,weitergehen,C1,NEW SUBJECT,communication
move on,phrasal verb,weitergehen,C1,NEW ACTIVITY,
move out,phrasal verb,ausziehen,B1,,"buildings, people: actions"
movie,noun,Film,A1,,arts and media
moving,adjective,bewegen,B2,,people: personality
MP3 player,noun,MP3-Player,A2,,technology
Mr,noun,Herr,A1,,
Mrs,noun,Frau,A1,,
Ms,noun,MS,A2,,
much,determiner,viel,A1,QUESTION,describing things
much,determiner,viel,A2,NEGATIVE,
much,determiner,viel,C1,A LOT OF,describing things
much,adverb,viel,B1,OFTEN/ A LOT,describing things
much,adverb,viel,B1,WITH ADJECTIVES,describing things
mud,noun,Dreck,B2,,natural world
muddle,noun,Durcheinander,C2,,
muddled,adjective,durcheinander,C2,,
muddle sth up,phrasal verb,verwirren,C2,,people: actions
muddy,adjective,schlammig,B2,,
mug,noun,Becher,A2,,food and drink
multiple,adjective,mehrere,C1,,
mum,noun,Mama,A1,,relationships
mumble,verb,murmeln,B2,,communication
mundane,adjective,banal,C1,,describing things
municipal,adjective,kommunal,C1,,
murder,noun,Mord,B1,,crime
murder,verb,Mord,B1,,"crime, people: actions"
murderer,noun,Mörder,B1,,crime
murmur,verb,murmeln,C2,,
murmur,noun,murmeln,C2,,
muscle,noun,Muskel,B2,IN BODY,body and health
museum,noun,Museum,A1,,buildings
mushroom,noun,Pilz,A2,,food and drink
music,noun,Musik,A1,SOUNDS,arts and media
musical,adjective,Musical,A2,,arts and media
musical,adjective,Musical,C1,ABILITY,"arts and media, people: personality"
musical,noun,Musical,B2,,arts and media
musically,adverb,musikalisch,C2,,arts and media
musician,noun,Musiker,B1,,"arts and media, work"
must,modal verb,muss,A2,NECESSARY,
must,modal verb,muss,B2,LIKELY,
must,modal verb,muss,B1,SUGGEST,
mustard,noun,Senf,C1,,food and drink
mutter,verb,murmeln,B2,,communication
mutual,adjective,gegenseitig,C1,OPINION,
mutual,adjective,gegenseitig,C1,FRIEND/INTEREST,
my,determiner,Mein,A1,,
myself,pronoun,ich selbst,A2,REFLEXIVE,
myself,pronoun,ich selbst,B2,EMPHASIS,
mysterious,adjective,geheimnisvoll,B2,,
mysteriously,adverb,geheimnisvoll,C1,,
mystery,noun,Geheimnis,B1,,
myth,noun,Mythos,B2,STORY,communication
myth,noun,Mythos,C1,FALSE IDEA,
nail,noun,Nagel,B2,METAL,
nail,noun,Nagel,B2,BODY PART,body and health
naive,adjective,naiv,C1,,people: personality
naked,adjective,nackt,B2,NO CLOTHES,"clothes, people: appearance"
naked,adjective,nackt,C1,NOT HIDDEN,
name,noun,Name,A1,CALL,communication
name,noun,Name,B2,REPUTATION,people: personality
name,verb,Name,B1,GIVE NAME,people: actions
name,verb,Name,B1,SAY WHAT NAME IS,communication
name,verb,Name,B2,CHOOSE,
namely,adverb,nämlich,C1,,
nap,noun,Nickerchen,C1,,
narrative,noun,Erzählung,C2,,arts and media
narrator,noun,Erzähler,C2,,arts and media
narrow,adjective,eng,B1,NOT WIDE,describing things
narrow,adjective,eng,C2,LIMITED,
narrow,verb,eng,C2,BECOME LESS,
narrow,verb,eng,C1,MAKE SMALLER,
narrowly,adverb,eng,B2,,
narrow-minded,adjective,engstirnig,C1,,people: personality
narrow sth down,phrasal verb,eingrenzen,C2,,
nasty,adjective,böse,B1,BAD,describing things
nasty,adjective,böse,B1,UNKIND,people: personality
nasty,adjective,böse,B2,ANGRY,people: personality
nation,noun,Nation,B2,,politics
national,adjective,national,A2,,politics
nationality,noun,Nationalität,A1,,
nationwide,adjective,bundesweit,B2,,
nationwide,adverb,bundesweit,B2,,
native,adjective,einheimisch,B2,PLACE BORN,
native,adjective,einheimisch,B2,FIRST PEOPLE,
native,adjective,einheimisch,C2,ANIMALS AND PLANTS,"animals, natural world"
native speaker,noun,Muttersprachler,B2,,communication
natural,adjective,natürlich,B1,NOT ARTIFICIAL,
natural,adjective,natürlich,B2,EXPECTED,
natural,adjective,natürlich,C1,FROM BIRTH,people: personality
naturally,adverb,natürlich,B2,NORMALLY,
naturally,adverb,natürlich,B2,AS EXPECTED,
naturally,adverb,natürlich,C2,FROM BIRTH,people: personality
naturally,adverb,natürlich,C1,LIFE,body and health
nature,noun,Natur,A2,LIFE,natural world
nature,noun,Natur,B2,CHARACTER,people: personality
nature,noun,Natur,C1,TYPE,
naughty,adjective,frech,B2,,people: personality
naval,adjective,Marine-,C2,,
navy,noun,Marine,B2,,
navy blue,adjective,marineblau,B1,,describing things
near,preposition,nahe,A1,DISTANCE,describing things
near,preposition,nahe,B2,TIME,
near,preposition,nahe,C2,CONDITION,
near,adverb,nahe,B1,DISTANCE,describing things
near,adverb,nahe,B2,TIME,
near,adjective,nahe,B1,DISTANCE,describing things
near,adjective,nahe,C2,CHARACTERISTIC,
nearby,adverb,nahe,B1,,describing things
nearby,adjective,nahe,B1,,describing things
nearly,adverb,fast,A2,ALMOST,
neat,adjective,sauber,B1,TIDY,
neatly,adverb,ordentlich,C1,,
necessarily,adverb,unbedingt,B2,,communication
necessary,adjective,notwendig,B1,,
necessity,noun,Notwendigkeit,C1,NEED,
necessity,noun,Notwendigkeit,C1,SOMETHING NEEDED,
neck,noun,Nacken,A2,PART OF BODY,body and health
neck,noun,Nacken,C2,PART OF CLOTHING,clothes
neck and neck,phrase,Hals und Nacken,C2,IDIOM,
necklace,noun,Halskette,A2,,clothes
need,verb,brauchen,A1,MUST HAVE,
need,verb,brauchen,B1,MUST BE DONE,
need,noun,brauchen,B2,NECESSARY THING,
needle,noun,Nadel,B2,SEWING,
needle,noun,Nadel,C2,MEDICAL,body and health
needless,adjective,unnötig,C2,,
needless to say,phrase,Unnötig zu sagen,C1,,communication
needs,phrase,Bedürfnisse,B2,,people: personality
need to do sth,phrase,tun müssen,A1,,
negative,adjective,Negativ,B1,NO ENTHUSIASM,people: personality
negative,adjective,Negativ,A2,GRAMMAR,
negative,adjective,Negativ,B2,BAD,describing things
negative,adjective,Negativ,B2,NO,communication
negatively,adverb,negativ,B2,,describing things
neglect,verb,Vernachlässigung,C1,NOT GIVE ATTENTION,
neglect,noun,Vernachlässigung,C1,,
neglect to do sth,phrase,"es versäumen, es zu tun",C2,,
negligence,noun,Fahrlässigkeit,C2,,
negligent,adjective,fahrlässig,C2,,
negligible,adjective,vernachlässigbar,C2,,describing things
negotiate,verb,verhandeln,C1,,"communication, politics"
negotiation,noun,Verhandlung,C1,,"communication, politics"
neighbour,noun,Nachbar,A2,LIVING NEAR,relationships
neighbour,noun,Nachbar,B2,BEING NEAR,
neighbourhood,noun,Nachbarschaft,B1,,
neighbouring,adjective,benachbart,B2,,
neither,pronoun,weder,B2,,
neither,adverb,weder,B2,,
neither ... nor,phrase,weder ... noch,B2,,
nephew,noun,Neffe,B1,,relationships
nerve,noun,Nerv,C2,PART OF THE BODY,body and health
nerve,noun,Nerv,C2,RUDENESS,people: personality
nerve,noun,Nerv,C2,BEING BRAVE,people: personality
nerves,phrase,Nerven,C1,,
nerves,noun,Nerven,B2,NERVOUS,people: personality
nervous,adjective,nervös,B1,,people: personality
nervously,adverb,nervös,B2,,people: personality
nervousness,noun,Nervosität,C1,,people: personality
nest,noun,Nest,C2,BIRDS,animals
nest,verb,Nest,C2,,animals
net,noun,netto,B1,OBJECT,shopping
network,noun,Netzwerk,B2,CONNECTED PARTS,
network,noun,Netzwerk,C1,PEOPLE,
network,noun,Netzwerk,B2,COMPUTERS,technology
network,noun,Netzwerk,C1,COMPANY,
networking,noun,Vernetzung,C1,,
neutral,adjective,neutral,C1,INDEPENDENT,
neutral,adjective,neutral,C1,COLOUR,
never,adverb,niemals,A1,NOT EVER,
never,adverb,niemals,B2,NOT,
never-ending,adjective,nie endend,C1,,
never mind,phrase,Macht nichts,A2,,communication
nevertheless,adverb,Trotzdem,B2,,communication
new,adjective,neu,A1,RECENTLY CREATED,describing things
new,adjective,neu,A1,DIFFERENT,
new,adjective,neu,A1,NOT KNOWN BEFORE,
new,adjective,neu,B1,NOT FAMILIAR,people: personality
new blood,phrase,neues Blut,C1,IDIOM,
newly,adverb,neu,B2,,
news,noun,Nachricht,A2,INFORMATION,communication
newsletter,noun,Newsletter,C1,,
newspaper,noun,Zeitung,A1,TO READ,arts and media
newspaper,noun,Zeitung,A2,PAPER,arts and media
next,adjective,nächste,A2,AFTER,
next,adjective,nächste,A2,NEAR,
next,adverb,nächste,B1,AGAIN,
next,adverb,nächste,A2,IMMEDIATELY AFTER,
next,pronoun,nächste,B2,THING FOLLOWING,
next door,adverb,nebenan,B1,,
next-door,adjective,nebenan,B1,,
next to,preposition,neben,A2,,describing things
"next week/year/Monday, etc.",phrase,nächste Woche/Jahr/Montag usw.,A1,,
nice,adjective,Hübsch,A1,PLEASANT,describing things
nice,adjective,Hübsch,A1,KIND,people: personality
nice and sth,phrase,schön und,B1,,
nicely,adverb,schön,B2,WELL,describing things
nicely,adverb,schön,B2,PLEASANTLY,people: personality
nickname,noun,Spitzname,C1,,
niece,noun,Nichte,B1,,relationships
night,noun,Nacht,A1,DARK PERIOD,
night,noun,Nacht,A1,EVENING,
nightclub,noun,Nachtclub,B1,,
nightlife,noun,Nachtleben,B1,,
nightmare,noun,Alptraum,B1,BAD EXPERIENCE,
nightmare,noun,Alptraum,B1,BAD DREAM,
nine,number,neun,A1,,
nineteen,number,neunzehn,A1,,
ninety,number,neunzig,A2,NUMBER,
ninth,number,neunte,A2,,
no,adverb,NEIN,A1,NEGATIVE ANSWER,communication
no,adverb,NEIN,A2,AGREE,communication
no,determiner,NEIN,A1,NOT ANY,describing things
no,determiner,NEIN,A2,SIGNS,communication
noble,adjective,edel,C1,SOCIAL GROUP,
noble,adjective,edel,C1,GOOD,people: personality
nobody,pronoun,niemand,A2,,
No chance!/ Not a chance!,phrase,Keine Chance!/ Keine Chance!,C2,,communication
No comment.,phrase,Kein Kommentar.,C2,,communication
nod,verb,nicken,B2,,"communication, people: actions"
no doubt,phrase,kein Zweifel,C1,,
no end,phrase,kein Ende,B2,,
noise,noun,Lärm,A1,,
noisy,adjective,laut,A2,,
no longer,phrase,nicht mehr,B1,,
"no matter how/what/when, etc.",phrase,egal wie/was/wann usw.,B2,,
nominate,verb,nominieren,C1,,
nomination,noun,Nominierung,C1,,
none,pronoun,keiner,B1,,describing things
no need,phrase,keine Notwendigkeit,B2,,
"none the happier/poorer/wiser, etc.",phrase,keiner ist glücklicher/ärmer/weiser usw.,C2,,
nonetheless,adverb,dennoch,C1,,
"none too clean/clever/pleased, etc.",phrase,nicht besonders sauber/clever/zufrieden usw.,C2,,
non-existent,adjective,nicht existent,C1,,
nonsense,noun,Unsinn,B2,SILLY,communication
non-smoking,adjective,Nichtraucher,B2,,body and health
noon,noun,Mittag,A2,,
no one,pronoun,niemand,A2,,
No problem.,phrase,Kein Problem.,A2,,communication
No problem.,phrase,Kein Problem.,A2,WILL DO,communication
No problem.,phrase,Kein Problem.,A2,FRIENDLY ANSWER,communication
nor,adverb,noch,B2,,
norm,noun,Norm,C1,SOCIETY,
normal,adjective,Normal,A2,,
normality,noun,Normalität,C2,,
normally,adverb,normalerweise,B2,ORDINARY,
normally,adverb,normalerweise,B1,USUALLY,
north,noun,Norden,A2,DIRECTION,
north,adjective,Norden,A2,,
north,adverb,Norden,A2,,
northeast,noun,Nordost-,B1,,
northeast,adjective,Nordost-,B1,,
northern,adjective,nördlich,B1,,
northwest,noun,Nordwest,B1,,
northwest,adjective,Nordwest,B1,,
nose,noun,Nase,A1,ON FACE,body and health
no sign of sb/sth,phrase,kein Anzeichen von/etw,B2,,
no sooner ... than,phrase,kaum ... als,C1,,
nostalgia,noun,Nostalgie,C2,,
nostalgic,adjective,nostalgisch,C2,,
nostril,noun,Nasenloch,C2,,body and health
no strings (attached),phrase,keine Bedingungen),C2,IDIOM,
no such thing,phrase,so etwas gibt es nicht,B2,,
nosy,adjective,neugierig,C2,,people: personality
not,adverb,nicht,A1,NEGATIVE WORD/S,
not,adverb,nicht,A1,"AFTER BE/CAN, ETC.",
not,adverb,nicht,A2,"AFTER HOPE/SUSPECT, ETC.",
not,adverb,nicht,B1,QUESTIONS,
notable,adjective,bemerkenswert,C1,,
notably,adverb,vor allem,C1,,
not a/one,phrase,nicht ein/eins,C1,,
not a single thing,phrase,kein einziges Ding,B2,,describing things
not at all,phrase,gar nicht,B1,,communication
not at all,phrase,gar nicht,B2,,communication
not bad,phrase,nicht schlecht,A2,,describing things
not be/come up to scratch,phrase,nicht auf dem neuesten Stand sein/kommen,C2,IDIOM,
not be cut out to be sth/not be cut out for sth,phrase,nicht dafür geschaffen sein/nicht dafür geschaffen sein,C2,,people: personality
"not believe/understand/hear/say, etc. a word",phrase,kein Wort glauben/verstehen/hören/sagen usw,B1,,communication
not believe your ears,phrase,traue deinen Ohren nicht,B2,,people: personality
not believe your eyes,phrase,traue deinen Augen nicht,B1,,people: personality
not believe your eyes/ears,phrase,traue deinen Augen/Ohren nicht,B1,,
not be on speaking terms,phrase,nicht miteinander reden,C2,,relationships
not be sb's type,phrase,nicht sein Typ,C2,,people: personality
not be the end of the world,phrase,nicht das Ende der Welt sein,C2,IDIOM,
not be up to much,phrase,nicht viel vor,C2,,
not do sth lightly,phrase,nicht leichtfertig tun,C2,,
note,noun,Notiz,A1,LETTER,communication
note,noun,Notiz,B1,MONEY,money
note,noun,Notiz,B2,EXPLANATION,
note,noun,Notiz,C2,MUSIC,arts and media
note,noun,Notiz,C1,FEELING,
note,verb,Notiz,B1,,people: actions
notebook,noun,Notizbuch,A2,FOR WRITING,communication
note down sth or note sth down,phrasal verb,notieren oder notieren,B2,,communication
notes,phrase,Notizen,A2,,communication
not even,phrase,nicht einmal,B1,,
not exactly,phrase,nicht ganz,B2,,communication
"not exactly easy/new/rich, etc.",phrase,nicht gerade einfach/neu/reich usw.,C1,,
"not half as good/bad/exciting, etc.",phrase,nicht halb so gut/schlecht/spannend usw.,B2,,describing things
no ... than,phrase,nein ... als,B1,,communication
no thanks,phrase,Nein danke,A2,,communication
not have a clue,phrase,keine Ahnung,B2,,
not have the faintest idea,phrase,Ich habe nicht die leiseste Ahnung,C2,,
nothing,pronoun,Nichts,A2,NOT ANYTHING,describing things
nothing,pronoun,Nichts,B1,NOT IMPORTANT,
nothing but,phrase,nichts als,B2,,
nothing of the sort/kind,phrase,nichts dergleichen,C1,,
"nothing ventured, nothing gained",phrase,"nichts gewagt, nichts gewonnen",C2,,
not hold water,phrase,kein Wasser halten,C2,IDIOM,
notice,verb,beachten,B1,,people: actions
notice,noun,beachten,A2,SIGN,communication
notice,noun,beachten,B1,WARNING,communication
notice,noun,beachten,B1,ATTENTION,
noticeable,adjective,bemerkbar,C1,,describing things
noticeably,adverb,deutlich,C1,,
noticeboard,noun,Anschlagtafel,B1,,
notify,verb,benachrichtigen,C1,,communication
not in the least,phrase,nicht im Geringsten,C2,,
notion,noun,Vorstellung,C1,,
not least,phrase,nicht zuletzt,C2,,
not much of a sth,phrase,nicht viel von einem,C1,,
not nearly (as/so),phrase,nicht annähernd (so/so),C1,,
not/never get anywhere,phrase,nicht/nie irgendwohin kommen,B2,,
not/never in your wildest dreams,phrase,nicht/niemals in deinen wildesten Träumen,C2,IDIOM,
not only,phrase,nicht nur,B2,,
notorious,adjective,berüchtigt,C1,,
not quite,phrase,nicht ganz,B2,,
not really,phrase,nicht wirklich,B1,,communication
not sleep a wink,phrase,kein Auge zugetan,C2,,
not stand for sth,phrase,nicht stehen,C2,ACCEPT,people: personality
not take kindly to sth,phrase,nicht freundlich zu nehmen,C2,,
not think much of sb/sth,phrase,nicht viel von/etw. denken,C2,,
not think straight,phrase,nicht klar denken,C1,,
not think twice,phrase,Denken Sie nicht zweimal darüber nach,C1,,
not to mention,phrase,ganz zu schweigen,B2,,communication
not too,phrase,nicht zu,A2,,communication
not (too) bad,phrase,nicht (zu) schlecht,A2,,describing things
not touch sb/sth,phrase,etw. nicht berühren,C2,,
not until,phrase,erst,B1,,
"not very good/tall/happy, etc.",phrase,nicht sehr gut/groß/glücklich usw.,A1,,
notwithstanding,adverb,trotz,C1,,
noun,noun,Substantiv,A2,,
novel,noun,Roman,B1,,arts and media
novelist,noun,Romancier,B2,,"arts and media, work"
novelty,noun,Neuheit,C2,QUALITY,
novelty,noun,Neuheit,C2,NEW THING,
November,noun,November,A1,,
now,adverb,Jetzt,A1,AT PRESENT,
now,adverb,Jetzt,B2,LENGTH OF TIME,
now,adverb,Jetzt,A2,IMMEDIATELY,
now,conjunction,Jetzt,B2,,
nowadays,adverb,heutzutage,B1,,
now and then,phrase,ab und zu,B2,,
no way,phrase,auf keinen Fall,B1,,communication
no ... whatsoever,phrase,nein ... überhaupt,C1,,
nowhere,adverb,nirgends,B1,NOT ANYWHERE,
nowhere near,phrase,bei weitem nicht,C1,,
no wonder,phrase,Kein Wunder,B2,,
no wonder,phrase,Kein Wunder,B2,,communication
nuclear,adjective,nuklear,B2,POWER,
nuclear,adjective,nuklear,B2,WEAPONS,
nuisance,noun,Belästigung,B2,,people: personality
number,noun,Nummer,A1,SYMBOL,
number,noun,Nummer,A1,TELEPHONE,communication
number,noun,Nummer,A1,SHOWING SOMETHING,communication
number,noun,Nummer,B1,AMOUNT,describing things
number,verb,Nummer,C1,GIVE A NUMBER,
number,verb,Nummer,C2,BE AN AMOUNT,
numerous,adjective,zahlreich,C1,,describing things
nurse,noun,Krankenschwester,A2,,"body and health, work"
nurse,verb,Krankenschwester,C2,,
nursery,noun,Kindergarten,B2,,education
nut,noun,Nuss,B2,,"food and drink, natural world"
nutrition,noun,Ernährung,C1,,"body and health, food and drink"
nutritional,adjective,ernährungsphysiologisch,C1,,"body and health, food and drink"
nutritious,adjective,nahrhaft,C1,,"body and health, food and drink"
oak,noun,Eiche,B2,,natural world
obese,adjective,fettleibig,C1,,"body and health, people: appearance"
obesity,noun,Fettleibigkeit,C1,,body and health
obey,verb,gehorchen,B2,,people: actions
object,noun,Objekt,B1,THING,
object,noun,Objekt,B1,GRAMMAR,
object,verb,Objekt,B2,,communication
objection,noun,Einspruch,B2,,communication
objective,noun,Objektiv,B2,,
objective,adjective,Objektiv,B2,,people: personality
objectively,adverb,objektiv,C1,,
obligation,noun,Verpflichtung,B2,,
obligatory,adjective,obligatorisch,C1,COMPULSORY,
obligatory,adjective,obligatorisch,C2,EXPECTED,
oblige,verb,verpflichten,C1,,
obscene,adjective,obszön,C2,SEX,
obscene,adjective,obszön,C2,TOO LARGE,
observant,adjective,aufmerksam,C2,,people: personality
observation,noun,Beobachtung,B2,WATCHING,
observation,noun,Beobachtung,C1,REMARK,
observe,verb,beobachten,B2,WATCH,people: actions
observe,verb,beobachten,C1,NOTICE,people: actions
observe,verb,beobachten,C2,OBEY,
observer,noun,Beobachter,C2,,people: actions
obsession,noun,Besessenheit,B2,,people: personality
obsessive,adjective,besessen,C2,,people: personality
obsolete,adjective,veraltet,C1,,
obstacle,noun,Hindernis,C1,,
obtain,verb,erhalten,B2,,people: actions
obvious,adjective,offensichtlich,B1,,
obviously,adverb,offensichtlich,B1,,
occasion,noun,Gelegenheit,B1,SPECIAL TIME,
occasion,noun,Gelegenheit,B2,PARTICULAR TIME,
occasional,adjective,gelegentlich,C1,,
occasionally,adverb,gelegentlich,B2,,
occupation,noun,Beruf,A2,JOB,work
occupation,noun,Beruf,C1,HOBBY,
occupation,noun,Beruf,C2,CONTROL,
occupy,verb,besetzen,B2,FILL,
occupy,verb,besetzen,B2,KEEP BUSY,people: actions
occupy,verb,besetzen,C1,CONTROL,people: actions
occur,verb,geschehen,B2,,
occurrence,noun,Auftreten,C1,,
ocean,noun,Ozean,B1,,natural world
October,noun,Oktober,A1,,
odd,adjective,seltsam,B2,STRANGE,
oddly,adverb,seltsamerweise,C2,,
odds,noun,Chancen,C1,PROBABILITY,
odds and ends,phrase,Krimskrams,C2,,
odour,noun,Geruch,C2,,
of,preposition,von,A1,BELONG,
of,preposition,von,A1,AMOUNT,describing things
of,preposition,von,A1,CONTAINING,describing things
of,preposition,von,A1,NUMBER,describing things
of,preposition,von,A2,POSITION,describing things
of,preposition,von,A2,SHOW,describing things
of,preposition,von,A2,COMPARING,
of,preposition,von,B1,WHO/WHAT,describing things
of,preposition,von,B1,CAUSE,
of,preposition,von,B2,JUDGMENT,
of,preposition,von,C1,RELATING TO,
of course,phrase,Natürlich,A1,,communication
of course,phrase,Natürlich,B1,,communication
of course not,phrase,natürlich nicht,A2,,communication
off,adverb,aus,A2,NOT AT WORK,work
off,adverb,aus,A2,REMOVED,
off,adverb,aus,A2,NOT OPERATING,technology
off,adverb,aus,B1,LESS MONEY,"money, shopping"
off,adverb,aus,B1,AWAY FROM,
off,adverb,aus,C1,DISTANCE/TIME,
off,preposition,aus,B1,AWAY FROM,
off,preposition,aus,B1,REMOVED,
off,preposition,aus,B2,NEAR,
off,adjective,aus,B2,FOOD,food and drink
off,adjective,aus,C2,STOPPED,
off duty,phrase,außer Dienst,B2,,work
offence,noun,Angriff,B2,CRIME,crime
offence,noun,Angriff,B2,UPSET FEELINGS,people: personality
offend,verb,beleidigen,B2,,people: personality
offender,noun,Täter,B2,,crime
offensive,adjective,Offensive,B2,,people: personality
offer,verb,Angebot,A2,SAY YOU WILL DO,communication
offer,verb,Angebot,B1,ASK,communication
offer,verb,Angebot,B1,PROVIDE,people: actions
offer,verb,Angebot,C1,AGREE TO PAY,"shopping, work"
offer,noun,Angebot,B1,CHEAP,"money, shopping"
offer,noun,Angebot,A2,SAYING YOU WILL DO/GIVE,communication
offer,noun,Angebot,C2,PAYMENT,money
office,noun,Büro,A2,PLACE,"buildings, work"
office,noun,Büro,A2,INFORMATION,buildings
office,noun,Büro,C1,JOB,
officer,noun,Offizier,B1,POLICE,"crime, work"
officer,noun,Offizier,B1,POSITION OF AUTHORITY,work
officer,noun,Offizier,B2,MILITARY,work
official,adjective,offiziell,B2,APPROVED,politics
official,adjective,offiziell,C2,NOT TRUE,
official,adjective,offiziell,C2,KNOWN,
official,adjective,offiziell,C2,JOB/DUTIES,
official,noun,offiziell,C2,,work
officially,adverb,offiziell,C1,,
off limits,phrase,tabu,C2,,
off-putting,adjective,abstoßend,C2,,describing things
offset,verb,versetzt,C2,,
offspring,noun,Nachwuchs,C2,,
off the beaten track,phrase,abseits der ausgetretenen Pfade,C2,IDIOM,
off the record,phrase,vertraulich,C1,IDIOM,communication
of little/no consequence,phrase,von geringer/keiner Bedeutung,C1,,
often,adverb,oft,A1,REGULARLY,
often,adverb,oft,B2,NORMAL/TRUE,
of your own,phrase,Dein eigenes,B1,,
of your own accord,phrase,aus eigenem Antrieb,C2,,
oh,exclamation,Oh,A1,EXPRESS EMOTION,communication
oh,exclamation,Oh,A1,NEW IDEA,communication
Oh dear!,phrase,Oh je!,A2,,communication
Oh my God!,phrase,Oh mein Gott!,B1,,communication
Oh no!,phrase,Oh nein!,A2,,communication
Oh well,phrase,nun ja,B1,,communication
oil,noun,Öl,A2,FOR COOKING,food and drink
oil,noun,Öl,B1,FUEL,natural world
OK,exclamation,OK,A1,AGREEING,communication
OK,exclamation,OK,A2,UNDERSTAND,
OK,exclamation,OK,A2,ACTION,communication
OK,adjective,OK,A1,"NOT ILL/UPSET, ETC.",body and health
OK,adjective,OK,A2,ALLOWED,communication
OK,adjective,OK,A2,GOOD,describing things
OK,adverb,OK,A2,,
old,adjective,alt,A1,EXISTED MANY YEARS,people: appearance
old,adjective,alt,A1,AGE,people: appearance
old,adjective,alt,A2,FROM THE PAST,describing things
old-fashioned,adjective,altmodisch,B1,,describing things
old friend,phrase,alter Freund,A2,,relationships
olive,noun,Olive,B1,,"food and drink, natural world"
omelette,noun,Omelette,A2,,food and drink
omission,noun,Unterlassung,C2,,
omit,verb,auslassen,C1,,people: actions
omit to do sth,phrase,unterlassen zu tun,C1,,
on,preposition,An,A1,DAY/DATE,
on,preposition,An,A1,SURFACE,describing things
on,preposition,An,A1,CONNECTED,describing things
on,preposition,An,A2,DIRECTIONS,describing things
on,preposition,An,A2,TRAVEL,travel
on,preposition,An,A2,PLACE,describing things
on,preposition,An,A2,RECORDING,arts and media
on,preposition,An,A2,TIME/MONEY,"money, shopping"
on,preposition,An,B1,ABOUT,
on,preposition,An,B1,USING,
on,preposition,An,B1,NEXT TO,describing things
on,preposition,An,B2,FOOD/FUEL,
on,preposition,An,B2,TOUCH/HIT,
on,adverb,An,A2,WEAR,clothes
on,adverb,An,B1,MOVEMENT/POSITION,travel
on,adverb,An,B2,HAPPENING,
on,adverb,An,C2,PERFORMING,arts and media
on,adverb,An,B2,WORKING,
on,adverb,An,B2,MOVING FORWARD,
on account of sth,phrase,wegen,B2,,
"on a daily/monthly/regular, etc. basis",phrase,täglich/monatlich/regelmäßig usw,B2,,
on air,phrase,auf Sendung,C1,,arts and media
on average,phrase,durchschnittlich,B2,,describing things
on balance,phrase,im Gleichgewicht,B2,,communication
on behalf of sb or on sb's behalf,phrase,im Namen oder in seinem Namen,B2,,
on board,phrase,an Bord,B1,,travel
once,adverb,einmal,A2,ONE TIME,
once,adverb,einmal,B1,PAST,
once,conjunction,einmal,B2,,
once again,phrase,Noch einmal,B1,,
once and for all,phrase,ein für allemal,C2,,
once more,phrase,noch einmal,B1,,
once upon a time,phrase,Es war einmal,B1,,communication
on condition that,phrase,"unter der Bedingung, dass",B2,,
on display,phrase,ausgestellt,B1,,arts and media
on duty,phrase,im Dienst,B2,,work
one,number,eins,A1,,
one,pronoun,eins,A2,PARTICULAR PERSON/THING,
one,pronoun,eins,C1,ANY PERSON,
one,determiner,eins,A2,PARTICULAR PERSON/THING,
one,determiner,eins,B2,PARTICULAR TIME,
one,determiner,eins,B2,FUTURE TIME,
one,determiner,eins,B2,ONLY,
one,determiner,eins,B2,SINGLE,
one after another,phrase,nacheinander,B2,,
one another,phrase,einander,B1,,
one at a time,phrase,einer nach dem anderen,B2,,
one by one,phrase,eins nach dem anderen,B2,,
one day,phrase,einmal,A2,,
one day,phrase,einmal,B1,,
one day/some day/one of these days,phrase,eines Tages/eines Tages/eines dieser Tage,B1,,
"one metre/6 ft, etc. deep",phrase,ein Meter/6 Fuß usw. tief,B2,,describing things
one of a kind,phrase,einzigartig,C2,,
one or two,phrase,ein oder zwei,B1,,describing things
oneself,pronoun,sich,C1,,
"one/two/three, etc. o'clock",phrase,ein/zwei/drei usw. Uhr,A1,,
one way or another,phrase,in gewisser Weise,B2,,
one way or the other,phrase,so oder so,B2,,
on fire,phrase,in Brand,B1,,
on foot,phrase,zu Fuß,A2,,travel
ongoing,adjective,fortlaufend,C2,,
on hand or to hand,phrase,zur Hand oder zur Hand,C2,,
on hold,phrase,in der Warteschleife,C1,,
on hold,phrase,in der Warteschleife,C1,,communication
on impulse,phrase,spontan,C2,,
onion,noun,Zwiebel,A2,,food and drink
online,adjective,online,A2,,technology
online,adverb,online,A2,,technology
on loan,phrase,ausgeliehen,C1,,
on location,phrase,vor Ort,C1,,
only,adverb,nur,A1,NOT MORE,
only,adverb,nur,A2,NO ONE/NOTHING ELSE,
only,adverb,nur,B1,NOWHERE ELSE,
only,adverb,nur,B1,RECENTLY,
only,adverb,nur,B1,NOT IMPORTANT,
only,adjective,nur,A1,,
only,conjunction,nur,C2,,communication
only so much/many,phrase,nur so viel/viele,C2,,
on no account; not on any account,phrase,auf keinen Fall; Auf keinen Fall,C2,,
on occasion(s),phrase,bei Gelegenheit(en),C2,,
on/off duty,phrase,im Dienst/außerhalb des Dienstes,B2,,work
on offer,phrase,im Angebot,B2,,shopping
on principle,phrase,grundsätzlich,C2,,
on purpose,phrase,mit Absicht,B1,,
on sale,phrase,zum Verkauf,A2,,shopping
on sale,phrase,zum Verkauf,B1,,shopping
on show,phrase,zu sehen,C1,,
on site,phrase,vor Ort,C1,,
on the basis of sth,phrase,auf der Grundlage von,C1,,
on the contrary,phrase,im Gegenteil,B2,,
on the dot,phrase,auf den Punkt,C2,,
on the face of it,phrase,auf den ersten Blick,C2,IDIOM,
on the grounds of/that,phrase,aufgrund dessen,C1,,
on the horizon,phrase,am Horizont,C1,,
on the increase,phrase,auf dem Vormarsch,C1,,
on the one hand ... on the other hand,phrase,einerseits ... andererseits,B2,,communication
on the part of sb; on sb's part,phrase,seitens; ons Seite,C2,,
on the road,phrase,auf der Straße,C1,,travel
on the side,phrase,auf der Seite,C2,,
on the spot,phrase,vor Ort,C2,IDIOM,
on the spur of the moment,phrase,spontan,C2,IDIOM,
on the threshold of sth,phrase,an der Schwelle von,C2,,
on the whole,phrase,im Großen und Ganzen,B1,,communication
on the whole,phrase,im Großen und Ganzen,B1,,work
on time,phrase,rechtzeitig,B1,,
onto,preposition,auf,B2,CHANGING SUBJECT,
onto,preposition,auf,B1,MOVEMENT,
on top of sth,phrase,oben auf,B2,,
on track,phrase,auf Kurs,C1,IDIOM,
open,adjective,offen,A1,DOING BUSINESS,"shopping, work"
open,adjective,offen,A2,NOT CLOSED,
open,adjective,offen,B1,WITHOUT BUILDINGS,
open,adjective,offen,C2,HONEST,people: personality
open,adjective,offen,C2,NOT SECRET,
open,adjective,offen,B2,NOT COVERED,
open,verb,offen,A1,NOT CLOSED,people: actions
open,verb,offen,A2,"CONTAINER/PARCEL, ETC.",people: actions
open,verb,offen,A2,"SHOP, ETC.","shopping, work"
open,verb,offen,B1,COMPUTERS,"people: actions, technology"
open,verb,offen,B2,START OFFICIALLY,work
opening,noun,Öffnung,B2,CEREMONY,
opening,noun,Öffnung,B2,BEGINNING,
opening,adjective,Öffnung,C1,,
opening,noun,Öffnung,C2,HOLE,
openly,adverb,offen,C1,,people: personality
open-minded,adjective,aufgeschlossen,C1,,people: personality
openness,noun,Offenheit,C2,,people: personality
"open to abuse/criticism, etc.",phrase,offen für Missbrauch/Kritik usw.,C2,,
"open to discussion/suggestions, etc.",phrase,offen für Diskussionen/Vorschläge usw.,C1,,
open up,phrasal verb,öffne dich,C2,,people: personality
open up (sth) or open (sth) up,phrasal verb,(etw) aufmachen oder (etw) aufmachen,B2,,work
open your heart,phrase,öffne dein Herz,C2,IDIOM,
opera,noun,Oper,A2,,arts and media
operate,verb,arbeiten,B1,TREATMENT,"body and health, people: actions"
operate,verb,arbeiten,B2,MACHINE,"people: actions, technology"
operate,verb,arbeiten,B2,ORGANIZATION,work
operation,noun,Betrieb,B1,DOCTOR,body and health
operation,noun,Betrieb,C1,PLANNED ACTIVITY,
operation,noun,Betrieb,C1,ORGANIZATION,work
operation,noun,Betrieb,C1,WORK,
operator,noun,Operator,B2,PERSON CONTROLLING MACHINE,"technology, work"
operator,noun,Operator,B2,COMPANY,work
opinion,noun,Meinung,B1,OF PERSON,
opinion,noun,Meinung,B2,OF GROUP,
opponent,noun,Gegner,B2,SPORT,shopping
opponent,noun,Gegner,B2,PERSON WHO DISAGREES,relationships
opportunity,noun,Gelegenheit,B1,CHANCE,
opportunity,noun,Gelegenheit,B2,CHANCE OF JOB,work
oppose,verb,ablehnen,B2,,communication
opposite,preposition,Gegenteil,A2,,describing things
opposite,adjective,Gegenteil,B1,FACING,describing things
opposite,adjective,Gegenteil,B2,DIFFERENT,
opposite,noun,Gegenteil,B1,,
opposite,adverb,Gegenteil,B1,,describing things
opposition,noun,Opposition,C1,DISAGREEMENT,"communication, people: personality"
opt,verb,opt,C1,,people: actions
optimism,noun,Optimismus,C2,,people: personality
optimist,noun,Optimist,C1,,people: personality
optimistic,adjective,optimistisch,B2,,people: personality
option,noun,Option,B1,CHOICE,
optional,adjective,optional,B2,,
or,conjunction,oder,A1,POSSIBILITIES,communication
or,conjunction,oder,A2,NOT EITHER,communication
or,conjunction,oder,B2,CHANGE,communication
or,conjunction,oder,B1,WARNING,communication
or,conjunction,oder,C1,REASON,
oral,adjective,Oral-,B2,,communication
orange,adjective,orange,A1,,describing things
orange,noun,orange,A1,FRUIT,food and drink
orange,noun,orange,A2,COLOUR,describing things
or anything,phrase,oder so,B2,,
orchestra,noun,Orchester,B1,,arts and media
orchestral,adjective,orchestral,B2,,arts and media
ordeal,noun,Tortur,C2,,
order,noun,Befehl,A2,REQUEST,"communication, food and drink, shopping"
order,noun,Befehl,B1,ARRANGEMENT,
order,noun,Befehl,B2,INSTRUCTION,communication
order,noun,Befehl,B2,TIDY,
order,noun,Befehl,C2,CORRECT BEHAVIOUR,
order,verb,Befehl,A2,REQUEST,"communication, food and drink, shopping"
order,verb,Befehl,B2,INSTRUCT,communication
ordinary,adjective,normal,B1,NOT SPECIAL,
or else,phrase,oder aber,B2,,
or else,phrase,oder aber,C2,,
organ,noun,Orgel,C1,BODY,body and health
organ,noun,Orgel,C2,MUSIC,arts and media
organic,adjective,organisch,B2,,natural world
organization,noun,Organisation,B1,GROUP,work
organization,noun,Organisation,B1,PLANNING,
organization,noun,Organisation,C1,ARRANGEMENT,
organize,verb,organisieren,B1,PLAN,people: actions
organize,verb,organisieren,B2,ARRANGING,people: actions
organized,adjective,organisiert,B2,PLANNED,
organized,adjective,organisiert,B2,GOOD AT PLANNING,people: personality
organizer,noun,Veranstalter,B2,,
orientation,noun,Orientierung,C2,BELIEFS,people: personality
orientation,noun,Orientierung,C2,TRAINING,education
origin,noun,Herkunft,B2,CAUSE,
origin,noun,Herkunft,C1,"COUNTRY/RACE, ETC.",
original,adjective,Original,B1,FIRST MADE,
original,adjective,Original,B2,"PAINTING, ETC.",arts and media
original,adjective,Original,B1,INTERESTING,
original,noun,Original,B2,,
originally,adverb,ursprünglich,B2,,
"originate from/in/with, etc.",phrase,stammen von/in/mit usw.,C2,,
ornament,noun,Ornament,C2,,
or not,phrase,oder nicht,A2,,
or other,phrase,oder andere,C1,,
orphan,noun,Waise,C2,,relationships
or so,phrase,oder so,B1,,describing things
or something (like that),phrase,oder so (so),A2,,communication
orthodox,adjective,orthodox,C2,RELIGION,
orthodox,adjective,orthodox,C2,IDEA,
or two,phrase,oder zwei,C1,,
or whatever,phrase,oder was auch immer,B2,,
other,determiner,andere,A2,PART OF SET,describing things
other,determiner,andere,A1,ADDITIONAL,describing things
other,determiner,andere,B1,DIFFERENT,
other,pronoun,andere,A2,BELONGING TO GROUP,describing things
others,phrase,andere,B1,,
others,phrase,andere,B2,,describing things
other than,phrase,anders als,C1,,
other than that,phrase,anders als das,C1,,
otherwise,adverb,ansonsten,B1,WHAT WOULD HAPPEN,
otherwise,adverb,ansonsten,C1,DIFFERENTLY,
otherwise,adverb,ansonsten,B2,NOT INCLUDING,
ought to,modal verb,sollte,B2,TRUE,
ought to,modal verb,sollte,B1,BEST THING,
our,determiner,unser,A1,,
ours,pronoun,unsere,A2,,
ourselves,pronoun,uns,A2,REFLEXIVE,
out,adverb,aus,A2,NOT THERE,
out,adverb,aus,A2,SOCIAL ACTIVITY,
out,adverb,aus,B1,AWAY FROM INSIDE,
out,adverb,aus,B2,LIGHT/FIRE,
out,adverb,aus,B1,APPEAR,
out,adverb,aus,B1,AVAILABLE,shopping
out,adverb,aus,B1,DISAPPEAR,
out,adverb,aus,C2,FAR AWAY,
out,adverb,aus,C1,NOT ACCURATE,
outbreak,noun,Ausbruch,C2,,
outcome,noun,Ergebnis,C1,,
outdoor,adjective,im Freien,B1,,describing things
outdoors,adverb,draußen,B1,,
outer,adjective,äußere,B2,,describing things
outgoing,adjective,kontaktfreudig,C1,FRIENDLY,people: personality
outgoing,adjective,kontaktfreudig,C2,LEAVING A PLACE,
outgoings,noun,Ausgaben,C2,,money
outlet,noun,Steckdose,C2,SHOP,
outlet,noun,Steckdose,C2,EXPRESS,
outline,noun,Gliederung,B2,DESCRIPTION,communication
outline,noun,Gliederung,C2,SHAPE,describing things
outline,verb,Gliederung,B2,,communication
outlook,noun,Ausblick,C2,THINKING,
outlook,noun,Ausblick,C1,FUTURE,
out loud,phrase,laut,B1,,communication
outnumber,verb,zahlenmäßig überlegen,C1,,
out of,preposition,von,A2,NO LONGER IN PLACE,describing things
out of,preposition,von,B1,NO LONGER INSIDE,describing things
out of,preposition,von,B1,MADE FROM,
out of,preposition,von,B1,FROM AMONG,describing things
out of,preposition,von,B2,NO LONGER IN CONDITION,
out of,preposition,von,B2,BECAUSE OF,communication
out of action,phrase,außer Gefecht,C1,,
out of a job,phrase,arbeitslos,C2,,work
out of control,phrase,außer Kontrolle geraten,B2,,
out of date,phrase,veraltet,B1,,
out-of-date,adjective,veraltet,B1,,
out of nowhere,phrase,aus dem Nichts,B2,,
out of order,phrase,Außer Betrieb,B1,,technology
out of place,phrase,fehl am Platz,C2,,
out of proportion,phrase,unverhältnismäßig,C2,,describing things
out of season,phrase,außerhalb der Saison,C1,,food and drink
out of season,phrase,außerhalb der Saison,C2,,travel
out of shape,phrase,außer Form,C2,,body and health
out of stock,phrase,ausverkauft,B2,,shopping
out of the blue,phrase,aus heiterem Himmel,C1,IDIOM,
out of the ordinary,phrase,außergewöhnlich,C2,,describing things
out of tune,phrase,verstimmt,C1,,
out of work,phrase,arbeitslos,B1,,work
out of your depth,phrase,Außerhalb deiner Tiefe,C2,IDIOM,
output,noun,Ausgabe,C2,,
outrage,noun,Empörung,C2,FEELING,people: personality
outrage,noun,Empörung,C2,THING CAUSING SHOCK,"crime, people: personality"
outrage,verb,Empörung,C1,,
outrageous,adjective,empörend,B2,,people: personality
outside,adverb,draußen,A1,NOT IN BUILDING,describing things
outside,preposition,draußen,A2,,describing things
outside,adverb,draußen,A2,NEAR,describing things
outside,adjective,draußen,B2,NOT IN BUILDING,describing things
outside,adjective,draußen,C1,DIFFERENT ORGANIZATION,
outskirts,noun,Stadtrand,B2,,
outstanding,adjective,hervorragend,B2,,describing things
outstay/overstay your welcome,phrase,Outstay/Overstay Ihr Willkommen,C2,,
outweigh,verb,überwiegen,C1,,
oval,adjective,Oval,B2,,describing things
oven,noun,Ofen,B1,,food and drink
over,preposition,über,A2,MORE THAN,describing things
over,preposition,über,A2,COVERING,
over,preposition,über,B1,HIGHER POSITION,describing things
over,preposition,über,B1,ACROSS,
over,preposition,über,B1,DURING,
over,preposition,über,B1,OTHER SIDE,describing things
over,preposition,über,C2,CONTROL,
over,preposition,über,B2,USING,
over,preposition,über,C2,ABOUT,
over,adverb,über,A2,MORE THAN,describing things
over,adverb,über,B1,ACROSS,
over,adverb,über,B2,DIFFERENT SURFACE,
over,adverb,über,B1,FINISHED,
overall,adverb,gesamt,B2,,communication
over and over (again),phrase,immer und immer wieder,B2,,
overboard,adverb,über Bord,C2,,
overcome,verb,überwinden,B2,DEAL WITH,people: actions
overcrowded,adjective,überfüllt,C1,,
overdo,verb,übertreiben,C1,,
overdraft,noun,Überziehung,C1,,money
overdrawn,adjective,überzogen,C1,,money
overestimate,verb,überschätzen,C1,,
overflow,verb,Überlauf,C2,TOO MANY PEOPLE,
overflow,verb,Überlauf,C2,CONTENTS,
"overflow with confidence/happiness/love, etc.",phrase,voller Selbstvertrauen/Glück/Liebe usw.,C2,,
overhear,verb,belauschen,C2,,
over here/there,phrase,hier/dort,B1,,describing things
overlap,verb,überlappen,C2,,
overload,verb,Überlast,C2,,work
overload,noun,Überlast,C2,,
overlook,verb,übersehen,B2,SEE FROM ABOVE,
overlook,verb,übersehen,C2,NOT NOTICE,
overnight,adjective,über Nacht,B1,FOR THE NIGHT,
overnight,adjective,über Nacht,C2,SUDDENLY,
overseas,adjective,Übersee-,B2,,
overtake,verb,überholen,B2,VEHICLE,"people: actions, travel"
overtake,verb,überholen,C1,BIGGER,
over the top,phrase,übertrieben,C2,,describing things
overtime,noun,im Laufe der Zeit,B2,,work
overview,noun,Überblick,C1,KNOWLEDGE,
overview,noun,Überblick,C1,DESCRIPTION,
overweight,adjective,Übergewicht,B2,,
overwhelm,verb,überwältigen,C1,,
overwhelming,adjective,überwältigend,C1,,people: personality
overworked,adjective,überarbeitet,C1,,work
owe,verb,verdanken,B1,MONEY,money
"owe sb an apology/explanation/favour, etc.",phrase,eine Entschuldigung/Erklärung/einen Gefallen usw. schulden.,B2,,communication
"owe your existence/success, etc. to sb/sth",phrase,verdanken Sie Ihre Existenz/Ihren Erfolg usw. etw,C2,,
owing to,preposition,aufgrund von,B2,,
owl,noun,Eule,B2,,animals
own,adjective,eigen,A2,BELONGING,
own,verb,eigen,B1,,
owner,noun,Eigentümer,B1,,
ownership,noun,Eigentum,C1,,
own up,phrasal verb,zugestehen,C2,,communication
oxygen,noun,Sauerstoff,B2,,natural world
ozone,noun,Ozon,C1,,
pace,noun,Tempo,B2,SPEED,
"pace about/up and down, etc",phrase,Tempo hin- und hergehen usw,C2,,people: actions
pace yourself,phrase,Tempo,C2,,
pack,verb,Pack,A2,,"people: actions, travel"
pack,noun,Pack,B2,SET OF PRODUCTS,
pack,noun,Pack,C2,ANIMALS,animals
package,noun,Paket,B2,PARCEL,
package,noun,Paket,B2,GROUP OF THINGS,
packed,adjective,verpackt,B2,,
packet,noun,Paket,B1,,
pack up (sth) or pack (sth) up,phrasal verb,(etw) einpacken oder (etw) einpacken,B2,,people: actions
pact,noun,Pakt,C2,,
page,noun,Seite,A1,PAPER,arts and media
page,noun,Seite,A2,WEBSITE,technology
pain,noun,Schmerz,A2,PHYSICAL,body and health
pain,noun,Schmerz,B2,EMOTIONAL,people: personality
painful,adjective,schmerzhaft,B1,PHYSICAL,body and health
painful,adjective,schmerzhaft,B2,EMOTIONAL,people: personality
paint,noun,malen,A1,,
paint,verb,malen,A1,MAKE PICTURE,"arts and media, people: actions"
paint,verb,malen,A2,COVER SURFACE,people: actions
painter,noun,Maler,A2,,arts and media
painting,noun,Malerei,A2,PICTURE,arts and media
painting,noun,Malerei,A2,ACTIVITY,arts and media
pair,noun,Paar,A1,TWO PEOPLE,
pair,noun,Paar,A2,TWO THINGS,describing things
pair,noun,Paar,A2,TWO PARTS,describing things
palace,noun,Palast,B1,,buildings
pale,adjective,blass,B2,FACE,"body and health, people: appearance"
"pale blue/green/yellow, etc.",phrase,Hellblau/Grün/Gelb usw.,A2,,describing things
palm,noun,Palme,C2,HAND,body and health
palm,noun,Palme,C1,TREE,natural world
pan,noun,Pfanne,B1,,food and drink
pancake,noun,Pfannkuchen,B2,,food and drink
panel,noun,Panel,C2,PIECE,
panel,noun,Panel,C1,PEOPLE,
panic,noun,Panik,B2,,people: personality
panic,verb,Panik,B2,,people: personality
pants,noun,Hose,B1,,clothes
paper,noun,Papier,A1,FLAT MATERIAL,describing things
paper,noun,Papier,A2,EXAM,education
paper,noun,Papier,B1,NEWSPAPER,arts and media
paper,noun,Papier,C2,WRITING,communication
paperwork,noun,Papierkram,B2,,work
parachute,noun,Fallschirm,B2,,travel
parade,noun,Parade,B2,,
paradigm,noun,Paradigma,C2,,
paradise,noun,Paradies,C1,,
paradox,noun,Paradox,C2,,
paradoxical,adjective,paradox,C2,,
paragraph,noun,Absatz,B1,,communication
parallel,adjective,parallel,C2,,
parallel,noun,parallel,C2,,
paramount,adjective,von größter Bedeutung,C2,,
parcel,noun,Paket,B1,,
pardon,exclamation,Begnadigung,A2,,communication
parent,noun,Elternteil,A1,,relationships
park,noun,Park,A1,,natural world
park,verb,Park,A2,,"people: actions, travel"
parking,noun,Parken,B1,,travel
parliament,noun,Parlament,B2,,politics
parrot,noun,Papagei,B1,,animals
part,noun,Teil,A1,PIECE,
part,noun,Teil,B1,FILM/PLAY,arts and media
part,noun,Teil,B2,MACHINE,technology
part,verb,Teil,C2,SEPARATE,
part,verb,Teil,C2,LEAVE,relationships
part and parcel,phrase,Teil und Paket,C2,IDIOM,
partial,adjective,teilweise,B2,,
partially,adverb,teilweise,C1,,
participant,noun,Teilnehmer,C1,,
participate,verb,teilnehmen,B2,,people: actions
particle,noun,Teilchen,C2,,
particular,adjective,besondere,B2,SPECIAL,
particular,adjective,besondere,C1,NOT EASILY SATISFIED,people: personality
particularly,adverb,insbesondere,B1,,communication
partly,adverb,teilweise,B1,,communication
partner,noun,Partner,A2,PERSON YOU DO SOMETHING WITH,
partner,noun,Partner,B1,RELATIONSHIP,relationships
partner,noun,Partner,B2,BUSINESS,"relationships, work"
partnership,noun,Partnerschaft,B2,,relationships
part of sth,phrase,Teil von,A2,,
part-time,adverb,Teilzeit,B1,,work
party,noun,Party,B1,POLITICS,politics
party,noun,Party,A1,EVENT,relationships
pass,verb,passieren,A2,SUCCEED,education
pass,verb,passieren,B1,GO PAST,people: actions
pass,verb,passieren,B1,GIVE,people: actions
pass,verb,passieren,B1,TIME,
pass,verb,passieren,C2,GO AWAY,
pass,verb,passieren,C2,BE MORE THAN,
pass,verb,passieren,C2,SPORTS,"people: actions, shopping"
pass,noun,passieren,B2,TEST RESULT,education
pass,noun,passieren,B1,DOCUMENT,travel
pass,noun,passieren,C2,SPORTS,shopping
passage,noun,Passage,B2,CONNECTING WAY,buildings
passage,noun,Passage,B2,PART,"arts and media, communication"
passage,noun,Passage,C2,PROGRESS,
pass a law,phrase,,B2,,
pass around/round sth or pass sth around/round,phrasal verb,herumlaufen/runden oder herumreichen/runden,B2,,people: actions
pass away,phrasal verb,vergehen,B2,,
passenger,noun,Passagier,A2,,travel
passion,noun,Hingabe,B2,LOVE,people: personality
passionate,adjective,leidenschaftlich,B2,,people: personality
passionately,adverb,leidenschaftlich,B2,,people: personality
passive,adjective,passiv,B1,GRAMMAR,
passive,adjective,passiv,B2,NO ACTION,people: personality
pass on sth or pass sth on,phrasal verb,weitergeben oder weitergeben,B1,TELL,communication
pass on sth or pass sth on,phrasal verb,weitergeben oder weitergeben,B1,GIVE,people: actions
pass out,phrasal verb,ohnmächtig werden,B2,,body and health
"pass over/through, etc.",phrase,übergehen/durchgehen usw.,B1,,people: actions
passport,noun,Reisepass,A2,TRAVEL,"communication, travel"
pass (the) time,phrase,die Zeit vertreiben,B2,,people: actions
password,noun,Passwort,B1,,technology
past,preposition,Vergangenheit,A1,TIME,
past,preposition,Vergangenheit,A2,POSITION,describing things
past,adjective,Vergangenheit,B1,BEFORE NOW,
past,preposition,Vergangenheit,B2,AFTER LIMIT,
past,adjective,Vergangenheit,B1,UNTIL NOW,
pasta,noun,Pasta,A2,,food and drink
pastime,noun,Zeitvertreib,C2,,
pastry,noun,Gebäck,C1,CAKE,food and drink
pastry,noun,Gebäck,C1,MIXTURE,food and drink
pat,verb,klopfen,C2,,people: actions
patch,noun,Patch,C2,AREA,
patch,noun,Patch,C2,MATERIAL,
patch,noun,Patch,C2,LAND,
patch,verb,Patch,C2,,
patch sth up,phrasal verb,zusammenflicken,C2,,relationships
path,noun,Weg,A2,TRACK,travel
path,noun,Weg,B2,ACTIONS,
path,noun,Weg,C2,DIRECTION,travel
pathetic,adjective,erbärmlich,C2,BAD,describing things
pathetic,adjective,erbärmlich,C2,SAD,
patience,noun,Geduld,B2,,people: personality
patient,noun,geduldig,B1,,body and health
patient,adjective,geduldig,B1,,people: personality
patiently,adverb,geduldig,B2,,people: personality
pattern,noun,Muster,B2,WAY,
pattern,noun,Muster,B1,ARRANGEMENT,describing things
pattern,noun,Muster,B2,GUIDE,
pause,noun,Pause,B2,,
pause,verb,Pause,B2,EQUIPMENT,"people: actions, technology"
pause,verb,Pause,B1,PERSON,people: actions
pavement,noun,Gehweg,B1,,travel
pave the way,phrase,den Weg ebnen,C2,IDIOM,
paw,noun,Pfote,B2,,animals
pay,verb,zahlen,A1,BUY,"money, shopping"
pay,verb,zahlen,B1,WORK,"money, work"
pay,verb,zahlen,C2,SUFFER,
pay,noun,zahlen,B1,,"money, work"
payable,adjective,zahlbar,C1,TO BE PAID,money
payable,adjective,zahlbar,C1,FOR PERSON,money
pay attention (to sth),phrase,beachten),B1,,
pay attention (to sth),phrase,beachten),B1,,people: actions
pay back sb/sth or pay sb/sth back,phrasal verb,etw zurückzahlen oder etw zurückzahlen,B1,,money
payment,noun,Zahlung,B2,AMOUNT PAID,money
payment,noun,Zahlung,B2,ACT,
pay off,phrasal verb,auszahlen,B2,,
pay off sth or pay sth off,phrasal verb,auszahlen oder auszahlen,B2,,money
pay sb a compliment,phrase,ein Kompliment machen,C2,,communication
pay sb/sth a visit or pay a visit to sb/sth,phrase,einen Besuch abstatten oder etw. einen Besuch abstatten,B2,,people: actions
pay the price,phrase,den Preis zahlen,C2,IDIOM,
pay tribute to sb/sth,phrase,etw. würdigen,C2,,communication
PC,noun,PC,A2,,technology
pea,noun,Erbse,B1,,food and drink
peace,noun,Frieden,B1,CALM,people: personality
peace,noun,Frieden,B2,NO VIOLENCE,
peaceful,adjective,friedlich,B1,CALM,people: personality
peaceful,adjective,friedlich,B2,NO VIOLENCE,people: personality
peacefully,adverb,friedlich,B2,,people: personality
peace of mind,phrase,Seelenfrieden,C2,,
peach,noun,Pfirsich,B1,,food and drink
peak,noun,Gipfel,B1,MOUNTAIN TOP,natural world
peak,noun,Gipfel,B2,HIGHEST POINT,
peanut,noun,Erdnuss,B1,,food and drink
pear,noun,Birne,A2,,food and drink
peasant,noun,Bauer,C1,,
peculiar,adjective,eigenartig,B2,STRANGE,
peculiar to sb/sth,phrase,eigentümlich für etw,C2,,
pedal,noun,Pedal,B2,,technology
pedestrian,noun,Fußgänger,B1,,
peel,verb,schälen,B2,FOOD,"food and drink, people: actions"
peel,verb,schälen,C2,COVERING,
"peep at/through/out, etc.",phrase,hineingucken/durch/herausschauen usw.,C2,,
peer,noun,Peer,C1,,
"peer at/into/through, etc.",phrase,auf/in/durch schauen usw.,C2,,people: actions
peer pressure,noun,Gruppenzwang,C2,,
pen,noun,Stift,A1,,communication
penalty,noun,Strafe,B2,PUNISHMENT,crime
penalty,noun,Strafe,B2,SPORT,shopping
pence,noun,Pence,A2,,
pencil,noun,Bleistift,A1,,communication
penfriend,noun,Brieffreund,A2,,"communication, relationships"
penguin,noun,Pinguin,B1,,animals
penny,noun,Penny,B1,,money
pension,noun,Pension,B2,,"money, work"
pensioner,noun,Rentner,C1,,
people,noun,Menschen,A1,MORE THAN ONE,
pepper,noun,Pfeffer,A2,POWDER,food and drink
pepper,noun,Pfeffer,B1,VEGETABLE,food and drink
per,preposition,pro,A2,,
perceive,verb,wahrnehmen,C1,THINK,
perceive,verb,wahrnehmen,C2,NOTICE,
percent,adverb,Prozent,B1,,describing things
percentage,noun,Prozentsatz,B2,,describing things
perception,noun,Wahrnehmung,C2,,
perceptive,adjective,einfühlsam,C2,,people: personality
perfect,adjective,perfekt,A2,WITHOUT FAULT,describing things
perfect,adjective,perfekt,B1,SUITABLE,
perfect,adjective,perfekt,C2,TO EMPHASIZE,
perfect,verb,perfekt,C2,,
perfection,noun,Perfektion,C1,,
perfectly,adverb,perfekt,B1,WITHOUT FAULT,
perfectly,adverb,perfekt,B2,EMPHASIS,communication
perform,verb,durchführen,B1,ENTERTAIN,"arts and media, people: actions"
perform,verb,durchführen,B2,DO,people: actions
performance,noun,Leistung,B2,HOW SUCCESSFUL,
performance,noun,Leistung,B1,ENTERTAINMENT,arts and media
performer,noun,Künstler,B1,,arts and media
perfume,noun,Parfüm,A2,,people: appearance
perhaps,adverb,vielleicht,A2,,
period,noun,Zeitraum,B1,TIME,
period,noun,Zeitraum,B1,SCHOOL,education
perk,noun,Vorteil,C1,,work
permanent,adjective,dauerhaft,B1,,
permanently,adverb,permanent,B2,,
permission,noun,Erlaubnis,B1,,
permit,verb,erlauben,B1,,
permit,verb,erlauben,C1,MAKE POSSIBLE,
permit,noun,erlauben,C1,,
perseverance,noun,Ausdauer,C2,,
persist,verb,bestehen,C2,CONTINUE TO EXIST,
persist,verb,bestehen,C2,CONTINUE TO DO,
persistence,noun,Beharrlichkeit,C2,,
persistent,adjective,hartnäckig,C2,,people: personality
person,noun,Person,A1,HUMAN,
personal,adjective,persönlich,B1,RELATING TO A PERSON,
personal,adjective,persönlich,B1,FOR ONE PERSON,
personal,adjective,persönlich,B1,PRIVATE,
personal hygiene,phrase,persönliche Hygiene,C1,,
personality,noun,Persönlichkeit,B2,CHARACTER,people: personality
personality,noun,Persönlichkeit,B2,FAMOUS PERSON,people: personality
personally,adverb,persönlich,B1,OPINION,communication
personally,adverb,persönlich,B2,NOT SOMEONE ELSE,communication
personnel,noun,Personal,C1,,work
perspective,noun,Perspektive,C1,WAY OF THINKING,
persuade,verb,überreden,B1,MAKE SOMEONE AGREE,communication
persuade,verb,überreden,B2,MAKE SOMEONE BELIEVE,communication
persuasion,noun,Überzeugung,C2,,communication
persuasive,adjective,überzeugend,C1,,
pessimistic,adjective,pessimistisch,B2,,people: personality
pet,noun,Haustier,A1,,animals
petrified,adjective,versteinert,B2,,people: personality
petrol,noun,Benzin,A2,,travel
petrol station,noun,Tankstelle,A2,,travel
petty,adjective,belanglos,C2,,
pharmacist,noun,Apotheker,B2,,"body and health, work"
pharmacy,noun,Apotheke,B1,,"body and health, shopping"
phase,noun,Phase,B2,,
phenomenal,adjective,phänomenal,C2,,
phenomenon,noun,Phänomen,C1,,
philosopher,noun,Philosoph,B2,,
philosophical,adjective,philosophisch,C2,PHILOSOPHY,
philosophical,adjective,philosophisch,C2,CALM,people: personality
philosophy,noun,Philosophie,B2,STUDY,education
philosophy,noun,Philosophie,C1,WAY OF THINKING,
phone,noun,Telefon,A1,,"communication, technology"
phone,verb,Telefon,A1,,"communication, technology"
photo,noun,Foto,A1,,arts and media
photocopy,noun,Fotokopie,B1,,communication
photograph,noun,Foto,A2,,arts and media
photograph,verb,Foto,B2,,"arts and media, people: actions"
photographer,noun,Fotograf,A2,,"arts and media, work"
photography,noun,Fotografie,A2,,arts and media
phrasal verb,noun,Verb mit Präposition,B1,,
phrase,noun,Phrase,B1,,communication
physical,adjective,körperlich,B2,BODY,body and health
physical,adjective,körperlich,C2,THINGS,
physically,adverb,physisch,B2,,body and health
physics,noun,Physik,A2,,education
piano,noun,Klavier,A2,,arts and media
pick,verb,wählen,B1,CHOOSE,people: actions
pick,verb,wählen,B1,FLOWERS/FRUIT,"natural world, people: actions"
pick on sb,phrasal verb,auswählen,B2,,communication
pick up sb/sth or pick sb/sth up,phrasal verb,etw abholen oder etw abholen,A2,LIFT,people: actions
pick up sb/sth or pick sb/sth up,phrasal verb,etw abholen oder etw abholen,A2,COLLECT,people: actions
pick up sth or pick sth up,phrasal verb,abholen oder abholen,B2,,work
pick up the pieces,phrase,Sammle die Stücke ein,C2,IDIOM,
picnic,noun,Picknick,A1,,food and drink
picture,noun,Bild,A1,"DRAWING, ETC.",arts and media
picture,noun,Bild,B2,IDEA,
picture,noun,Bild,B1,FILM,arts and media
picture,noun,Bild,B2,TV,arts and media
picture,verb,Bild,C1,,
picturesque,adjective,malerisch,B2,,
pie,noun,Torte,B1,,food and drink
piece,noun,Stück,A2,PART,describing things
piece,noun,Stück,A2,SINGLE THING,describing things
piece,noun,Stück,B1,SINGLE AMOUNT,describing things
piece,noun,Stück,B2,ART/LITERATURE/MUSIC,arts and media
pig,noun,Schwein,A1,,animals
pile,noun,Stapel,B1,HEAP,describing things
pile up,phrasal verb,stapeln,B2,,
pill,noun,Pille,B1,,body and health
pillow,noun,Kissen,A2,,buildings
pilot,noun,Pilot,A2,,"travel, work"
pin,noun,Stift,B1,,
pin,verb,Stift,B1,,people: actions
pine,noun,Kiefer,B2,,natural world
pineapple,noun,Ananas,B1,,food and drink
pink,adjective,Rosa,A2,,describing things
pink,noun,Rosa,A2,,describing things
pinpoint,verb,punktgenau,C2,,
pint,noun,Pint,B2,,describing things
pioneer,noun,Pionier,C2,,
pipe,noun,Rohr,B1,,
pirate,noun,Pirat,B1,,crime
pit,noun,Grube,C2,,
pitch,noun,Tonhöhe,B2,SPORTS AREA,shopping
pitch a tent,phrase,ein Zelt aufschlagen,B2,,people: actions
pitch dark/black,phrase,stockdunkel/schwarz,C2,,describing things
pitiful,adjective,erbärmlich,C2,,describing things
pity,noun,Mitleid,B2,SYMPATHY,people: personality
pity,verb,Mitleid,C2,,
pizza,noun,Pizza,A1,,food and drink
place,noun,Ort,A2,HOME,buildings
place,noun,Ort,A1,SOMEWHERE,natural world
place,noun,Ort,B1,SEAT,buildings
place,noun,Ort,B1,OPPORTUNITY,education
place,verb,Ort,C1,SITUATION,
"place an advertisement/order, etc.",phrase,eine Anzeige/Bestellung usw. aufgeben.,C1,,
"place emphasis/importance, etc. on sth",phrase,Betonung/Wichtigkeit usw. darauf legen,C2,,
"place sth in/on, etc.",phrase,Platz in/auf usw.,B2,,people: actions
plague,verb,Pest,C2,,
plague,noun,Pest,C2,,body and health
plain,adjective,schmucklos,B1,SIMPLE,
plain,adjective,schmucklos,B1,NOT MIXED,
plain,adjective,schmucklos,C2,OBVIOUS,
plain,adjective,schmucklos,C2,PERSON,people: appearance
plan,noun,planen,A2,ARRANGEMENT,
plan,noun,planen,B2,DRAWING,
plan,verb,planen,B1,DECIDE,people: actions
plane,noun,Flugzeug,A1,,travel
planet,noun,Planet,B1,,natural world
planning,noun,Planung,B2,DECIDING,
planning,noun,Planung,C1,BUILDINGS,
plant,noun,Anlage,A1,,natural world
plant,verb,Anlage,B1,"TREES/FLOWERS, ETC.","natural world, people: actions"
plant,verb,Anlage,C2,IDEA/DOUBTS,communication
plant a bomb,phrase,eine Bombe legen,B2,,people: actions
plan to do sth,phrase,planen zu tun,A2,,
plastic,noun,Plastik,A2,,
plastic,adjective,Plastik,A2,,
plate,noun,Platte,A1,,food and drink
platform,noun,Plattform,A2,TRAIN,travel
platform,noun,Plattform,C2,FOR OPINIONS,
platform,noun,Plattform,B2,RAISED SURFACE,
plausible,adjective,plausibel,C2,,
play,verb,spielen,A1,CHILDREN,"people: actions, shopping"
play,verb,spielen,A1,SPORT,"people: actions, shopping"
play,verb,spielen,A2,MAKE MUSIC,"arts and media, people: actions"
play,verb,spielen,A2,"RADIO, CD, ETC.","arts and media, people: actions"
play,verb,spielen,B1,ACT,"arts and media, people: actions"
play,verb,spielen,B1,COMPETE,"people: actions, shopping"
play,noun,spielen,A2,ACTING,arts and media
play,noun,spielen,B2,CHILDREN,shopping
play a joke/trick on sb,phrase,einen Witz/Trick spielen,B2,,people: personality
play a part in sth,phrase,eine Rolle spielen,B2,,
player,noun,Spieler,A1,SPORT/GAME,shopping
player,noun,Spieler,A2,MACHINE,technology
player,noun,Spieler,A2,MUSIC,arts and media
play games,phrase,Spiele spielen,C2,IDIOM,
playground,noun,Spielplatz,A2,,shopping
play it by ear,phrase,Spielen Sie es nach Gehör,C2,IDIOM,
play sth by ear,phrase,nach Gehör spielen,C2,,arts and media
play with fire,phrase,mit dem Feuer spielen,C2,IDIOM,
plea,noun,Plädoyer,C2,,communication
plead,verb,flehen,C2,LEGAL,crime
plead,verb,flehen,C2,ASK,communication
plead,verb,flehen,C2,EXCUSE,communication
pleasant,adjective,angenehm,A2,,describing things
pleasantly,adverb,angenehm,B1,,
please,exclamation,Bitte,A1,POLITE REQUEST,communication
please,verb,Bitte,B1,MAKE HAPPY,people: personality
pleased,adjective,erfreut,A2,HAPPY,people: personality
pleased to meet you,phrase,"Ich freue mich, Sie kennenzulernen",A2,,communication
pleasurable,adjective,angenehm,C1,,describing things
pleasure,noun,Vergnügen,B1,FEELING,people: personality
pleasure,noun,Vergnügen,B1,EXPERIENCE,
plenty,pronoun,eine Menge,B1,,describing things
plight,noun,Notlage,C2,,
plot,noun,Handlung,C2,LAND,
plot,noun,Handlung,B2,STORY,"arts and media, communication"
pluck up (the) courage (to do sth),phrase,"den Mut aufbringen, etwas zu tun",C2,,
plug,noun,Stecker,B1,ELECTRICAL OBJECT,technology
plug,noun,Stecker,B1,HOLE,
plug sth in,phrasal verb,einstecken,B2,,"people: actions, technology"
plumber,noun,Klempner,B2,,work
plump,adjective,prall,C2,,body and health
plunge,verb,stürzen,C1,BECOME LOWER,
"plunge down/into, etc.",phrase,sich hinabstürzen/hineinstürzen usw.,C2,,
plunge into sth,phrasal verb,eintauchen,C2,,people: actions
plunge sth into sth,phrasal verb,eintauchen,C2,,people: actions
plural,noun,Plural,A2,,
plus,preposition,Plus,A2,,
plus,conjunction,Plus,B1,,
plus,noun,Plus,B2,,
p.m.,adverb,Uhr,A1,,
pocket,noun,Tasche,A2,IN CLOTHING,clothes
pocket,noun,Tasche,C2,MONEY,
pocket,noun,Tasche,B1,IN BAG,travel
pocket money,noun,Taschengeld,B1,,money
poem,noun,Gedicht,B1,,arts and media
poet,noun,Dichter,B1,,arts and media
poetic,adjective,poetisch,C2,,communication
poetry,noun,Poesie,B1,,arts and media
point,noun,Punkt,B1,IDEA,communication
point,noun,Punkt,B1,SPORT,shopping
point,noun,Punkt,B2,SHARP END,
point,noun,Punkt,B2,IMPORTANT OPINION,people: personality
point,noun,Punkt,B2,REASON,
point,noun,Punkt,B2,TIME,
point,noun,Punkt,B2,MATHEMATICS,
point,noun,Punkt,C2,DIRECTION,
point,noun,Punkt,C2,QUALITY,
point,verb,Punkt,B1,AIM,people: actions
point,verb,Punkt,A2,SHOW,people: actions
point,verb,Punkt,B1,DIRECTION,
pointless,adjective,sinnlos,C1,,
point of view,noun,Standpunkt,B2,OPINION,people: personality
point of view,noun,Standpunkt,B2,WAY OF THINKING,
point out sth or point sth out,phrasal verb,darauf hinweisen oder darauf hinweisen,B2,,communication
poison,noun,Gift,B2,,body and health
poison,verb,Gift,B2,KILL,people: actions
poison,verb,Gift,B2,MAKE DANGEROUS,
poisonous,adjective,giftig,B2,SUBSTANCE,body and health
poisonous,adjective,giftig,B2,ANIMAL,
poke/stick your nose into sth,phrase,die Nase hineinstecken/stecken,C2,IDIOM,
polar bear,noun,Eisbär,B2,,animals
pole,noun,Pole,C2,,
police,noun,Polizei,A2,,crime
policeman,noun,Polizist,A2,,"crime, work"
police officer,noun,Polizist,A2,,"crime, work"
police station,noun,Polizeistation,A2,,"crime, buildings"
policewoman,noun,Polizistin,A2,,"crime, work"
policy,noun,Politik,B2,PLAN,politics
policy,noun,Politik,C1,AGREEMENT,
polite,adjective,höflich,A2,,people: personality
politely,adverb,höflich,B1,,people: personality
politeness,noun,Höflichkeit,B2,,people: personality
political,adjective,politisch,B1,,politics
politically,adverb,politisch,C1,,
politician,noun,Politiker,B1,,"politics, work"
politics,noun,Politik,B1,,politics
pollute,verb,verschmutzen,B2,,"natural world, people: actions"
pollution,noun,Verschmutzung,B1,,natural world
pond,noun,Teich,B2,,natural world
ponder,verb,nachdenken,C2,,
pony,noun,Pony,C1,,animals
pool,noun,Pool,A2,SWIM,shopping
pool,noun,Pool,B1,GAME,shopping
pool,noun,Pool,B2,LIQUID,natural world
poor,adjective,arm,A1,NO MONEY,money
poor,adjective,arm,A2,SYMPATHY,people: personality
poor,adjective,arm,B2,BAD,describing things
poor,adjective,arm,B2,NO SKILL,people: personality
poorly,adverb,schlecht,C1,,
poorly,adjective,schlecht,C1,,body and health
pop,noun,Pop,A2,,arts and media
pop,verb,Pop,C2,SOUND,
"pop in/out/over, etc.",phrase,ein-/aussteigen/überspringen usw.,B2,,people: actions
popular,adjective,beliebt,A2,LIKED,
popular,adjective,beliebt,B2,GENERAL,
popular,adjective,beliebt,C2,MANY PEOPLE,
popularity,noun,Popularität,B2,,
population,noun,Bevölkerung,B1,NUMBER,
population,noun,Bevölkerung,B2,PEOPLE,
pork,noun,Schweinefleisch,B1,,food and drink
port,noun,Hafen,B1,,travel
portable,adjective,tragbar,C1,,describing things
portion,noun,Portion,B2,FOOD,food and drink
portion,noun,Portion,C1,PART,
portrait,noun,Porträt,B2,,arts and media
portray,verb,porträtieren,C2,,arts and media
portrayal,noun,Darstellung,C2,,
pose,verb,Pose,C1,BE STILL,people: actions
"pose a danger/problem/threat, etc.",phrase,eine Gefahr/ein Problem/eine Bedrohung usw. darstellen.,C1,,
pose as sb,phrasal verb,posieren als,C2,,
pose a/the question,phrase,eine/die Frage stellen,C2,,
posh,adjective,vornehm,B2,EXPENSIVE,
posh,adjective,vornehm,C2,HIGH CLASS,
position,noun,Position,B1,SITUATION,
position,noun,Position,B1,PLACE,
position,noun,Position,B1,SITTING/STANDING,
position,noun,Position,B1,SPORT,shopping
position,noun,Position,B2,RANK,
position,noun,Position,B2,JOB,work
positive,adjective,positiv,B2,GOOD,people: personality
positive,adjective,positiv,B1,HAPPY,people: personality
positive,adjective,positiv,B2,YES,
positive,adjective,positiv,B2,CERTAIN,
positive,adjective,positiv,C2,MEDICAL TEST,body and health
positively,adverb,positiv,B2,,people: personality
possess,verb,besitzen,C1,,
possession,noun,Besitz,B2,,
possession,noun,Besitz,C2,HAVE,
possessive,adjective,besitzergreifend,B1,GRAMMAR,
possessive,adjective,besitzergreifend,C2,FEELINGS,
possibility,noun,Wahrscheinlichkeit,B1,MAY HAPPEN/BE TRUE,
possibility,noun,Wahrscheinlichkeit,B2,OPTION,
possible,adjective,möglich,A1,CAN HAPPEN,
possible,adjective,möglich,B1,NOT CERTAIN,
possibly,adverb,möglicherweise,A2,NOT CERTAIN,
possibly,adverb,möglicherweise,B1,QUESTIONS,communication
possibly,adverb,möglicherweise,B2,EMPHASIS,communication
post,noun,Post,A2,SYSTEM,communication
post,noun,Post,A2,LETTERS,communication
post,noun,Post,B2,JOB,work
post,verb,Post,A2,LETTERS,"communication, people: actions"
post,verb,Post,B1,WEBSITE,"communication, people: actions, technology"
postal,adjective,Post-,C1,,
postcard,noun,Postkarte,A2,,communication
poster,noun,Poster,A2,,arts and media
postman,noun,Briefträger,B1,,"communication, work"
post office,noun,Postamt,A2,,buildings
postpone,verb,verschieben,B1,,people: actions
posture,noun,Haltung,C1,,body and health
pot,noun,Pot,B1,,food and drink
potato,noun,Kartoffel,A1,,food and drink
potential,adjective,Potenzial,B2,,
potential,noun,Potenzial,B2,,people: personality
potentially,adverb,potenziell,B2,,
pottery,noun,Keramik,B2,OBJECTS,
pottery,noun,Keramik,B2,ACTIVITY,
pound,noun,Pfund,A2,MONEY,money
pound,noun,Pfund,B2,WEIGHT,describing things
pound,verb,Pfund,B2,,people: actions
pour,verb,gießen,B1,LIQUID,people: actions
pour,verb,gießen,B1,RAIN,natural world
"pour into/out/from, etc.",phrase,hinein/aus/aus gießen usw.,B2,,
"pour into/out/from, etc.",phrase,hinein/aus/aus gießen usw.,C2,,
pour sth out or pour out sth,phrasal verb,ausgießen oder ausgießen,B2,,people: personality
poverty,noun,Armut,B2,,money
powder,noun,Pulver,B1,,
power,noun,Leistung,B1,ELECTRICITY,technology
power,noun,Leistung,C1,POLITICS,politics
power,noun,Leistung,B2,CONTROL,
power,noun,Leistung,C1,COUNTRY,
power,noun,Leistung,C1,STRENGTH,
powerful,adjective,mächtig,B1,CONTROL,people: personality
powerful,adjective,mächtig,B2,EFFECT,
powerful,adjective,mächtig,B1,STRENGTH,
powerfully,adverb,kraftvoll,B2,,
practical,adjective,praktisch,B2,REAL,
practical,adjective,praktisch,C2,GOOD AT PLANNING,people: personality
practical,adjective,praktisch,C1,POSSIBLE,
practical,adjective,praktisch,C1,SUITABLE,
practically,adverb,praktisch,B2,,
practice,noun,üben,A2,REPEATING,people: actions
practice,noun,üben,C2,ACTIVITY,
practise,verb,üben,A1,,people: actions
practise,verb,üben,C1,WORK,work
practitioner,noun,Praktiker,C2,,
pragmatic,adjective,pragmatisch,C2,,
praise,verb,Lob,B2,,communication
praise,noun,Lob,C1,,
prawn,noun,Garnele,B2,,food and drink
pray,verb,beten,A2,TO GOD,communication
pray,verb,beten,B2,HOPE,
prayer,noun,Gebet,B1,,communication
precaution,noun,Vorsorge,C1,,
precede,verb,vorausgehen,C2,,
precedent,noun,Präzedenzfall,C2,,
precious,adjective,wertvoll,B2,VALUABLE,money
precious,adjective,wertvoll,B2,IMPORTANT,
precise,adjective,präzise,B2,EXACT,describing things
precisely,adverb,genau,B2,EXACT,describing things
precisely,adverb,genau,B2,FOR EMPHASIS,communication
precisely,adverb,genau,C1,AGREEMENT,communication
predator,noun,Raubtier,C1,,animals
predecessor,noun,Vorgänger,C2,,
predict,verb,vorhersagen,B1,,communication
predictable,adjective,vorhersehbar,B2,,
prediction,noun,Vorhersage,B2,,communication
predominant,adjective,vorherrschend,C2,,
predominantly,adverb,überwiegend,C2,,
prefer,verb,bevorzugen,A2,CHOOSE,people: personality
preferable,adjective,bevorzugt,B2,,
preferably,adverb,vorzugsweise,B2,,
preference,noun,Präferenz,B2,,people: personality
prefix,noun,Präfix,B2,,
pregnancy,noun,Schwangerschaft,C1,,body and health
pregnant,adjective,schwanger,B1,,body and health
prejudice,noun,Vorurteil,B2,,
prejudiced,adjective,voreingenommen,C1,,
preliminary,adjective,vorläufig,C1,,
premises,noun,Firmengelände,C1,,buildings
premium,noun,Prämie,C2,PAYMENT,
premium,adjective,Prämie,C2,,
preparation,noun,Vorbereitung,B1,GETTING READY,people: actions
preparations,phrase,Vorbereitungen,B2,,
prepare,verb,vorbereiten,A2,GET READY,people: actions
prepare,verb,vorbereiten,A2,MAKE FOOD,"food and drink, people: actions"
prepared,adjective,vorbereitet,B1,READY,
prepared,adjective,vorbereitet,B2,MADE EARLIER,
prepare yourself,phrase,Bereite dich vor,B1,,
preposition,noun,Präposition,B1,,
prescribe,verb,verschreiben,C2,,body and health
prescription,noun,Rezept,B1,,"body and health, communication"
presence,noun,Gegenwart,B2,IN A PLACE,
presence,noun,Gegenwart,C2,QUALITY,
presence,noun,Gegenwart,C2,FEELING,
presence,noun,Gegenwart,C2,POLICE/SOLDIERS,
presence of mind,phrase,Geistesgegenwart,C2,,
present,noun,gegenwärtig,A2,SOMETHING GIVEN,
present,adjective,gegenwärtig,B1,,
present,verb,gegenwärtig,B2,GIVE,people: actions
present,verb,gegenwärtig,B2,TV/RADIO,"arts and media, people: actions"
present,verb,gegenwärtig,B2,PLAY/FILM,arts and media
present,verb,gegenwärtig,C2,INFORMATION,communication
present,verb,gegenwärtig,C2,OPPORTUNITY,
"present a danger/difficulty/problem, etc.",phrase,eine Gefahr/Schwierigkeit/ein Problem usw. darstellen.,C1,,
presentation,noun,Präsentation,B2,CEREMONY,
presentation,noun,Präsentation,B1,EVENT,communication
presentation,noun,Präsentation,C2,APPEARANCE,
presenter,noun,Moderator,B2,,arts and media
presently,adverb,gegenwärtig,C1,,
preservation,noun,Erhaltung,C1,,
preserve,verb,bewahren,B2,,people: actions
presidency,noun,Präsidentschaft,B2,,politics
president,noun,Präsident,B1,,politics
presidential,adjective,präsidial,B2,,politics
press,verb,drücken,C2,PERSUADE,
press,verb,drücken,B1,PUSH,people: actions
press charges,phrase,Anklage erheben,C2,,crime
press on,phrasal verb,weiter drücken,C2,,people: actions
pressure,noun,Druck,B2,MAKE SOMEONE DO,communication
pressure,noun,Druck,B2,PROBLEMS,people: personality
pressure,noun,Druck,C2,FORCE,
pressure,noun,Druck,C1,LIQUID/GAS,
prestige,noun,Prestige,C1,,
prestigious,adjective,prestigeträchtig,C1,,
presumably,adverb,vermutlich,B2,,
presume,verb,vermuten,C1,,
presumption,noun,Vermutung,C2,,
pretend,verb,vorgeben,B2,,people: personality
pretty,adjective,hübsch,B1,PLACE/OBJECT,describing things
pretty,adjective,hübsch,A2,WOMAN,people: appearance
pretty,adverb,hübsch,B1,QUITE,communication
pretty much/well,phrase,ziemlich genau/naja,B2,,
prevail,verb,sich durchsetzen,C2,,
prevent,verb,verhindern,B1,,people: actions
prevention,noun,Verhütung,B2,,people: actions
preventive,adjective,präventiv,C2,,
previous,adjective,vorherige,B1,,
previously,adverb,vorher,B1,,
prey,noun,Beute,C2,,animals
price,noun,Preis,C1,RESULT,
price,noun,Preis,A2,COST,"money, shopping"
price,verb,Preis,C1,,"money, shopping"
priceless,adjective,unbezahlbar,B2,VALUABLE,
priceless,adjective,unbezahlbar,C1,IMPORTANT,
pride,noun,Stolz,B2,SATISFACTION,people: personality
pride,noun,Stolz,B2,RESPECT FOR YOURSELF,people: personality
priest,noun,Priester,B1,,work
primarily,adverb,in erster Linie,B2,,
primary,adjective,primär,B2,,
primary school,noun,Grundschule,B1,,education
prime,adjective,Primzahl,C2,MAIN,
prime minister,noun,Premierminister,B2,,"politics, work"
primitive,adjective,Primitive,C1,NOT DEVELOPED,
primitive,adjective,Primitive,C1,BASIC,
prince,noun,Prinz,B1,,
princess,noun,Prinzessin,B1,,
principal,adjective,Rektor,B1,,
principal,noun,Rektor,B2,,"education, work"
principle,noun,Prinzip,C1,IDEA,
principle,noun,Prinzip,C2,MORAL RULE,
print,noun,drucken,C2,LETTERS,communication
print,verb,drucken,A2,WRITING/IMAGES,communication
print,noun,drucken,C1,PICTURE,
print,verb,drucken,B2,BOOKS/NEWSPAPERS,arts and media
print,verb,drucken,B2,INCLUDE WRITING,arts and media
printer,noun,Drucker,A2,,technology
prior,adjective,vor,C1,BEFORE,
priority,noun,Priorität,B2,,people: personality
prior to sth,phrase,vor,C1,,
prison,noun,Gefängnis,B1,,"crime, buildings"
prisoner,noun,Gefangene,B1,PERSON IN PRISON,crime
privacy,noun,Privatsphäre,B2,,
private,adjective,Privat,B1,NOT EVERYONE,
private,adjective,Privat,B1,SECRET,
private,adjective,Privat,B2,NOT OFFICIAL,
privately,adverb,privat,B2,,
privatize,verb,privatisieren,C1,,
privilege,noun,Privileg,C1,ADVANTAGE,
privilege,noun,Privileg,C1,OPPORTUNITY,
privileged,adjective,privilegiert,C1,ADVANTAGE,
privileged,adjective,privilegiert,C2,OPPORTUNITY,
prize,noun,Preis,A2,,
probability,noun,Wahrscheinlichkeit,C1,,
probable,adjective,wahrscheinlich,B2,,
probably,adverb,wahrscheinlich,A2,,
problem,noun,Problem,A1,DIFFICULT SITUATION,
problematic,adjective,problematisch,C1,,
procedure,noun,Verfahren,B2,,
proceed,verb,fortfahren,C1,CONTINUE,
proceedings,noun,Verfahren,C2,LEGAL,crime
proceedings,noun,Verfahren,C2,WRITTEN RECORD,
proceed to do sth,phrase,Machen Sie weiter,C2,,
process,noun,Verfahren,B2,ACTIONS,people: actions
process,noun,Verfahren,B2,CHANGES,
process,verb,Verfahren,B2,,people: actions
procession,noun,Prozession,C2,,
produce,verb,produzieren,B1,MAKE,people: actions
produce,verb,produzieren,C1,SHOW,
produce,verb,produzieren,B2,CAUSE,
produce,noun,produzieren,C2,,
producer,noun,Produzent,C1,GOODS/FOOD,
producer,noun,Produzent,B2,"FILM, ETC.","arts and media, work"
product,noun,Produkt,B1,,shopping
production,noun,Produktion,B2,MAKING,"people: appearance, work"
production,noun,Produktion,B2,FILM/MUSIC,arts and media
production,noun,Produktion,B2,AMOUNT,
productive,adjective,produktiv,B2,USEFUL,
productive,adjective,produktiv,B2,LARGE AMOUNT,
productivity,noun,Produktivität,C1,,
profession,noun,Beruf,B1,WORK,work
profession,noun,Beruf,B2,PEOPLE,work
professional,adjective,Professional,B1,EARNING MONEY,"money, work"
professional,adjective,Professional,B1,SKILL,people: personality
professional,adjective,Professional,B2,JOB,work
professional,noun,Professional,C1,TRAINED,work
professional,noun,Professional,B2,PAID,"shopping, work"
professor,noun,Professor,B1,,"education, work"
profile,noun,Profil,B2,DESCRIPTION,communication
profile,noun,Profil,C1,PUBLIC IMAGE,
profit,noun,profitieren,B2,,money
profitable,adjective,profitabel,B2,MONEY,
profitable,adjective,profitabel,C1,USEFUL,
profound,adjective,tiefgreifend,C2,UNDERSTANDING,
profound,adjective,tiefgreifend,C2,FEELING,
profound,adjective,tiefgreifend,C2,VERY GREAT,
profoundly,adverb,zutiefst,C2,,
program,noun,Programm,A2,,technology
programme,noun,Programm,B2,PLAN,
programme,noun,Programm,A2,TV/RADIO,arts and media
programmer,noun,Programmierer,C1,,"technology, work"
programming,noun,Programmierung,B2,,technology
progress,noun,Fortschritt,B1,IMPROVEMENT,
progress,verb,Fortschritt,B2,IMPROVE,
progress,verb,Fortschritt,C2,CONTINUE,
progression,noun,Progression,C1,,
progressive,adjective,progressiv,B2,MODERN,
progressive,adjective,progressiv,C1,GRADUAL,
prohibit,verb,verbieten,B2,,
project,noun,Projekt,A2,SCHOOL WORK,education
project,noun,Projekt,B2,WORK,
projection,noun,Vorsprung,C1,CALCULATION,
projection,noun,Vorsprung,C1,IMAGE,
prolong,verb,verlängern,C1,,
prolonged,adjective,verlängert,C1,,
prominent,adjective,prominent,C1,IMPORTANT,
prominent,adjective,prominent,C2,EASY TO SEE,
promise,verb,versprechen,B1,SAY,communication
promise,verb,versprechen,B1,GIVE,communication
promise,noun,versprechen,B1,SAY,communication
promise to be sth,phrase,versprechen es zu sein,B2,,
promising,adjective,vielversprechend,C1,,
promote,verb,fördern,B1,JOB,work
promote,verb,fördern,B2,ADVERTISE,arts and media
promote,verb,fördern,C1,ENCOURAGE,
promotion,noun,Förderung,B2,JOB,work
promotion,noun,Förderung,B2,ADVERTISEMENT,arts and media
promotion,noun,Förderung,C1,ENCOURAGE,
prompt,adjective,prompt,B2,,
promptly,adverb,sofort,B2,,
prompt sb to do sth,phrase,"Aufforderung, dies zu tun",C2,,
pronoun,noun,Pronomen,B1,,
pronounce,verb,aussprechen,B1,,communication
pronunciation,noun,Aussprache,B1,,communication
proof,noun,nachweisen,B2,,
propaganda,noun,Propaganda,C2,,communication
proper,adjective,richtig,B1,CORRECT,
proper,adjective,richtig,B1,REAL,
properly,adverb,richtig,B1,,
proper noun,noun,Eigenname,B2,,
property,noun,Eigentum,B1,THINGS OWNED,
property,noun,Eigentum,B2,BUILDING,buildings
proportion,noun,Anteil,C1,PART OF TOTAL,
proposal,noun,Vorschlag,B2,PLAN,communication
proposal,noun,Vorschlag,B2,MARRY,"communication, relationships"
propose,verb,vorschlagen,B2,SUGGEST,communication
propose,verb,vorschlagen,B2,MARRY,"communication, relationships"
proposed,adjective,vorgeschlagen,B2,,
propose to do sth,phrase,vorschlagen zu tun,B2,,
proposition,noun,Satz,C1,,
prosecute,verb,strafrechtlich verfolgen,C2,,"crime, people: actions"
prosecution,noun,Strafverfolgung,C2,,crime
prosecutor,noun,Staatsanwalt,C2,,"crime, work"
prospect,noun,Aussicht,B2,POSSIBILITY,
prospect,noun,Aussicht,C2,IDEA,
"prospective buyers/employers/parents, etc.",phrase,potenzielle Käufer/Arbeitgeber/Eltern usw.,C1,,
prosper,verb,gedeihen,C2,,
prosperity,noun,Wohlstand,C1,,money
prosperous,adjective,wohlhabend,C1,,money
prostitute,noun,Prostituierte,C1,,
protagonist,noun,Protagonist,C2,,arts and media
protect,verb,schützen,B1,,people: actions
protection,noun,Schutz,B2,,
protective,adjective,schützend,B2,GIVING PROTECTION,
protective,adjective,schützend,C1,WANTING TO PROTECT,people: personality
protein,noun,Protein,C1,,
protest,noun,Protest,B2,,communication
protest,verb,Protest,B2,COMPLAIN,communication
protest (about/against/at sth),phrase,Protest (gegen/gegen/gegen),B2,,communication
proud,adjective,stolz,B1,PLEASED,people: personality
proudly,adverb,stolz,B2,,people: personality
prove,verb,beweisen,B2,RESULT,
prove,verb,beweisen,B1,SHOW TRUTH,people: actions
proverb,noun,Sprichwort,C2,,communication
prove yourself,phrase,beweise dich,C2,,
provide,verb,bieten,B1,,people: actions
provided (that),conjunction,vorausgesetzt (dass),B2,,communication
provide for sth,phrasal verb,sorgen für,C2,MAKE PLANS,
provider,noun,Anbieter,C1,,
province,noun,Provinz,C2,,
provincial,adjective,provinziell,C2,,
provision,noun,Bestimmung,C1,,
provocation,noun,Provokation,C2,,
provoke,verb,provozieren,C2,,
proximity,noun,Nähe,C2,,
psychiatrist,noun,Psychiater,C2,,"body and health, work"
psychological,adjective,psychologisch,B2,,body and health
psychologically,adverb,psychologisch,B2,,body and health
psychologist,noun,Psychologe,B2,,"body and health, work"
psychology,noun,Psychologie,B2,,"body and health, education"
pub,noun,Kneipe,A2,,"food and drink, buildings"
public,adjective,öffentlich,B2,PEOPLE,
public,adjective,öffentlich,B1,GOVERNMENT,politics
publication,noun,Veröffentlichung,B2,"BOOK, ETC.",arts and media
publication,noun,Veröffentlichung,B2,PRINTING,arts and media
publicity,noun,Werbung,B2,,arts and media
publicly,adverb,öffentlich,C1,,
public transport,noun,öffentliche Verkehrsmittel,B1,,travel
publish,verb,veröffentlichen,B1,,arts and media
publisher,noun,Herausgeber,B2,,"arts and media, work"
pudding,noun,Pudding,B2,,food and drink
pull,verb,ziehen,A2,MOVE TOWARDS YOU,people: actions
pull a muscle,phrase,einen Muskel ziehen,C2,,body and health
pull down sth or pull sth down,phrasal verb,nach unten ziehen oder nach unten ziehen,B2,,"buildings, people: actions"
pull in/into sth,phrasal verb,hineinziehen/hineinziehen,B2,,"people: actions, travel"
pull out,phrasal verb,herausziehen,B2,,"people: actions, travel"
pullover,noun,zur Seite fahren,B1,,clothes
pull over,phrasal verb,zur Seite fahren,B2,,"people: actions, travel"
pull sth off/out/up,phrase,abziehen/herausziehen/hochziehen,B1,,people: actions
pull strings,phrase,Fäden ziehen,C2,IDIOM,
pull up,phrasal verb,hochziehen,B2,,"people: actions, travel"
"pull yourself along/up, etc.",phrase,sich entlang/hochziehen usw.,B2,,people: actions
pull your weight,phrase,Ziehen Sie Ihr Gewicht,C2,IDIOM,
pulse,noun,Impuls,C1,,body and health
pump,noun,Pumpe,B1,,technology
punch,noun,Stempel,B2,,people: actions
punch,verb,Stempel,B2,,people: actions
punctuation,noun,Interpunktion,B1,,communication
punish,verb,bestrafen,B1,,"crime, people: actions"
punishment,noun,Bestrafung,B2,,crime
pupil,noun,Schüler,A2,,education
puppy,noun,Welpe,B1,,animals
purchase,verb,kaufen,B2,,"money, people: actions, shopping"
purchase,noun,kaufen,B2,THING BOUGHT,shopping
purchase,noun,kaufen,B2,ACT OF BUYING,"people: actions, shopping"
pure,adjective,rein,B1,NOT MIXED,
pure,adjective,rein,B2,EMPHASIS,communication
pure,adjective,rein,B1,CLEAN,
purely,adverb,rein,C1,,
purity,noun,Reinheit,C1,,
purple,adjective,lila,A2,,describing things
purple,noun,lila,A2,,describing things
purpose,noun,Zweck,B1,REASON,
purpose,noun,Zweck,C2,INTENTION,
purse,noun,Geldbeutel,A2,,"clothes, money"
pursue,verb,verfolgen,C1,,
pursuit,noun,verfolgen,C2,,
push,verb,drücken,A2,MOVE SOMEONE/SOMETHING,people: actions
push,verb,drücken,B1,PRESS,people: actions
push,verb,drücken,B1,MOVE YOURSELF,people: actions
push,verb,drücken,C1,ENCOURAGE,people: actions
push,noun,drücken,C1,ENCOURAGEMENT,
push,noun,drücken,B1,PRESS,people: actions
push (sb) for sth/to do sth,phrase,"(jdn) dazu drängen, etwas zu tun",B2,,communication
pushy,adjective,aufdringlich,C2,,people: personality
push yourself,phrase,dräng dich,B2,,people: actions
put,verb,setzen,B2,CAUSE,
put,verb,setzen,A2,WRITE,communication
put,verb,setzen,C2,SAY,communication
put an end to sth,phrase,Schluss machen,B2,,
put an end to sth,phrase,Schluss machen,B2,,people: actions
put a stop to sth,phrase,ein Ende setzen,C1,,
put away sth or put sth away,phrasal verb,weglegen oder wegräumen,B1,,people: actions
put back sth or put sth back,phrasal verb,zurücklegen oder zurückstellen,B1,,people: actions
put down sb or put sb down,phrasal verb,niederlegen oder niederlegen,B2,,communication
put down sb/sth or put sb/sth down,phrasal verb,etw niederlegen oder etw niederlegen,B1,,people: actions
put down sth or put sth down,phrasal verb,niederlegen oder niederlegen,B1,,"communication, people: actions"
put/keep sb in the picture,phrase,im Bild platzieren/behalten,C1,IDIOM,communication
put off sb or put sb off (sb/sth/doing sth),phrasal verb,aufschieben oder aufschieben (jdm/etw/tun),B2,,people: personality
put off sth/doing sth or put sth off,phrasal verb,aufschieben/tun oder aufschieben,B1,,people: actions
put on sth or put sth on,phrasal verb,anziehen oder anziehen,A2,CLOTHES,"clothes, people: actions"
put on sth or put sth on,phrasal verb,anziehen oder anziehen,A2,MAKE-UP,people: actions
put on sth or put sth on,phrasal verb,anziehen oder anziehen,A2,MUSIC/FILM,people: actions
put on sth or put sth on,phrasal verb,anziehen oder anziehen,B1,EQUIPMENT,"people: actions, technology"
put on sth or put sth on,phrasal verb,anziehen oder anziehen,B1,WEIGHT,people: appearance
put out sth or put sth out,phrasal verb,löschen oder löschen,B1,,people: actions
put pressure on sb,phrase,Druck ausüben,B2,,communication
put sb in a difficult position,phrase,in eine schwierige Lage bringen,C1,,
put sb in their place,phrase,in ihre Schranken weisen,C2,IDIOM,
put sb on the spot,phrase,auf den Punkt bringen,C2,IDIOM,
put sb/sth first,phrase,etw an die erste Stelle setzen,C2,,
put sb through,phrasal verb,durchsetzen,B1,,"communication, people: actions"
put sb to death,phrase,hingerichtet,C2,,
put/set sb's mind at ease/at rest,phrase,den Geist beruhigen/zur Ruhe bringen,C1,,
put/set the record straight,phrase,den Sachverhalt klarstellen/stellen,C1,IDIOM,communication
put something into practice,phrase,etwas in die Tat umsetzen,C1,,people: actions
put sth aside,phrasal verb,beiseite legen,B2,SAVE MONEY,money
put sth aside,phrasal verb,beiseite legen,C2,PROBLEM,
"put sth down/in/on, etc.",phrase,hinlegen/in/auf usw.,A1,,people: actions
put sth forward or put forward sth,phrasal verb,vorbringen oder vorbringen,C1,,communication
put sth together or put together sth,phrasal verb,zusammensetzen oder zusammenfügen,C1,PREPARE,
put sth together or put together sth,phrasal verb,zusammensetzen oder zusammenfügen,B2,JOIN PARTS,
put sth to one side,phrase,zur Seite legen,C2,,people: actions
put up sb or put sb up,phrasal verb,aufstellen oder aufstellen,B2,,
put up sth or put sth up,phrasal verb,aufstellen oder aufstellen,B1,SPREAD,people: actions
put up sth or put sth up,phrasal verb,aufstellen oder aufstellen,B1,RAISE,people: actions
put up sth or put sth up,phrasal verb,aufstellen oder aufstellen,B1,MONEY,shopping
put up sth or put sth up,phrasal verb,aufstellen oder aufstellen,B2,BUILD,"buildings, people: actions"
put up with sth/sb,phrasal verb,sich mit jdm. abfinden,B2,,people: personality
put your feet up,phrase,Leg deine Füße hoch,C2,IDIOM,
put your finger on sth,phrase,Leg deinen Finger darauf,C2,IDIOM,
put your foot down,phrase,Setz deinen Fuß hin,C2,IDIOM,
put your foot in it,phrase,Setzen Sie Ihren Fuß hinein,C2,IDIOM,
put your mind to sth,phrase,Denken Sie daran,C1,,
puzzle,noun,Puzzle,A2,GAME,shopping
puzzle,noun,Puzzle,C2,SITUATION,
puzzle,verb,Puzzle,C1,,
puzzled,adjective,verwirrt,B2,,people: personality
pyjamas,noun,Pyjama,B2,,clothes
pyramid,noun,Pyramide,C1,,
quaint,adjective,urig,C2,,describing things
qualification,noun,Qualifikation,B1,STUDY,education
qualification,noun,Qualifikation,C2,SKILLS,people: personality
qualification,noun,Qualifikation,C1,COMPETITION,shopping
qualified,adjective,qualifiziert,B1,PASSED EXAMS,"education, work"
qualified,adjective,qualifiziert,B2,HAVING SKILLS,people: personality
qualify,verb,qualifizieren,B2,PASS EXAMS,"education, people: actions"
qualify,verb,qualifizieren,B2,BE ALLOWED,
qualify,verb,qualifizieren,B2,SPORT,"people: actions, shopping"
quality,noun,Qualität,B1,GOOD OR BAD,
quality,noun,Qualität,B1,GOOD,
quality,noun,Qualität,B2,CHARACTER,people: personality
quality,adjective,Qualität,B1,,describing things
quantity,noun,Menge,B2,LARGE AMOUNT,describing things
quantity,noun,Menge,B1,AMOUNT,describing things
quarrel,noun,Streit,B2,,communication
quarrel,verb,Streit,B2,,communication
quarter,noun,Quartal,A1,TIME,
quarter,noun,Quartal,A2,FOURTH PART,
quarter,noun,Quartal,C2,PART OF TOWN,
queen,noun,Königin,A2,,
query,noun,Abfrage,B2,,communication
quest,noun,Suche,C2,,
question,noun,Frage,A2,EXAM,"communication, education"
question,noun,Frage,A1,ASKING,communication
question,noun,Frage,B2,PROBLEM,
question,noun,Frage,B2,DOUBT,
question,verb,Frage,B2,ASK,communication
question,verb,Frage,B2,EXPRESS DOUBT,communication
questionable,adjective,fraglich,C2,NOT HONEST,
questionable,adjective,fraglich,C2,NOT CERTAIN,
question mark,noun,Fragezeichen,B1,,communication
questionnaire,noun,Fragebogen,B1,,communication
queue,noun,Warteschlange,B1,,
queue,verb,Warteschlange,B2,,people: actions
quick,adjective,schnell,A1,FAST,
quick,adjective,schnell,A2,SHORT TIME,
quickly,adverb,schnell,A2,FAST SPEED,
quickly,adverb,schnell,A2,SOON,
quiet,adjective,ruhig,A2,NOT BUSY,
quiet,adjective,ruhig,A2,NOT NOISY,
quiet,adjective,ruhig,B1,NOT TALKING MUCH,"communication, people: personality"
quiet,noun,ruhig,B2,,
quietly,adverb,ruhig,B1,WITHOUT NOISE,
quietly,adverb,ruhig,B1,WITHOUT ACTIVITY,
quit,verb,aufhören,B1,STOP WORK,"people: actions, work"
quit,verb,aufhören,B1,STOP SOMETHING,people: actions
quite,adverb,ganz,A2,NOT COMPLETELY,communication
quite,adverb,ganz,B1,COMPLETELY,communication
quite a bit,phrase,ziemlich viel,B1,,describing things
quite a few,phrase,ziemlich viele,A2,,describing things
quite a few/a lot,phrase,ziemlich viele/viele,A2,,describing things
quite a while,phrase,eine ganze Weile,B1,,
quiz,noun,Quiz,A2,,shopping
quotation,noun,Zitat,C2,PHRASE,communication
quotation,noun,Zitat,C2,COST,money
quote,verb,Zitat,C1,REPEAT,communication
quote,verb,Zitat,C1,GIVE EXAMPLE,communication
quote,verb,Zitat,C2,COST,money
quote,noun,Zitat,C2,REPEAT,communication
quote,noun,Zitat,C2,COST,
rabbit,noun,Kaninchen,A2,,animals
race,noun,Wettrennen,A2,"RUNNING, RIDING, ETC.",shopping
race,noun,Wettrennen,C1,PEOPLE,people: appearance
race,noun,Wettrennen,C1,FOR POWER,
race,verb,Wettrennen,B1,COMPETITION,"people: actions, shopping"
"race along/down/over, etc.",phrase,entlang/runter/rüber rasen usw.,C1,,people: actions
racial,adjective,rassisch,B2,,people: appearance
racially,adverb,rassistisch,C1,,people: appearance
racism,noun,Rassismus,B2,,people: personality
racist,noun,Rassist,C2,,
racist,adjective,Rassist,C2,,
racket,noun,Schläger,A2,SPORT,shopping
racket,noun,Schläger,C2,NOISE,
radiation,noun,Strahlung,C1,,
radical,adjective,Radikale,C1,CHANGE,
radical,adjective,Radikale,C2,BELIEFS,politics
radical,noun,Radikale,C2,,politics
radically,adverb,radikal,C1,,
radio,noun,Radio,A1,EQUIPMENT,arts and media
radio,noun,Radio,B1,SYSTEM,technology
rage,verb,Wut,C2,SPEAK,"communication, people: actions"
rage,noun,Wut,B2,ANGER,people: personality
rage,verb,Wut,C2,CONTINUE,
raid,noun,Überfall,C2,SOLDIERS,
raid,noun,Überfall,C2,POLICE,
raid,verb,Überfall,C2,POLICE,
raid,verb,Überfall,C2,SOLDIERS,
rail,noun,Schiene,C2,FOR SUPPORTING,
rail,noun,Schiene,B1,TRAINS,travel
railway,noun,Eisenbahn,A2,,travel
rain,noun,Regen,A1,,natural world
rainbow,noun,Regenbogen,B2,,natural world
raincoat,noun,Regenmantel,A2,,clothes
rainforest,noun,Regenwald,B1,,natural world
rainy,adjective,regnerisch,B1,,natural world
raise,verb,erheben,B1,INCREASE,
raise,verb,erheben,B1,LIFT,people: actions
raise,verb,erheben,B2,MONEY,"money, people: actions"
raise,verb,erheben,B2,CHILD,"people: actions, relationships"
"raise a question/subject, etc.",phrase,eine Frage/ein Thema usw. aufwerfen,B2,,communication
"raise hopes/fears/doubts, etc.",phrase,Hoffnungen/Ängste/Zweifel etc. wecken,C2,,
raise the alarm,phrase,Alarm schlagen,C2,,
raise your voice,phrase,erhebe deine Stimme,C1,,communication
rally,noun,Rallye,C2,MEETING,
rally,noun,Rallye,C2,RACE,
random,adjective,zufällig,C1,CHANCE,
randomly,adverb,zufällig,C1,,
range,noun,Reichweite,B1,OF THINGS,
range,noun,Reichweite,B2,AMOUNT,
range,noun,Reichweite,B2,MOUNTAINS,natural world
range,noun,Reichweite,C2,DISTANCE,
range from sth to sth/between sth and sth,phrase,reichen von bis/zwischen und,B2,,
rank,noun,Rang,C1,,work
rank,verb,Rang,C1,,
rap,noun,Rap,A2,,arts and media
rape,verb,vergewaltigen,B2,,"crime, people: actions"
rape,noun,vergewaltigen,B2,,crime
rapid,adjective,schnell,B2,,
rapidly,adverb,schnell,B2,,
rare,adjective,selten,B1,UNUSUAL,
rare,adjective,selten,C1,MEAT,food and drink
rarely,adverb,selten,B1,,
rarity,noun,Seltenheit,C1,,
rash,noun,Ausschlag,C2,,body and health
rash,adjective,Ausschlag,C2,,
rat,noun,Ratte,A2,,animals
rate,noun,Rate,B2,PAYMENT,money
rate,noun,Rate,B2,HOW MANY,
rate,noun,Rate,C1,SPEED,
rate,verb,Rate,C1,,
rather,adverb,eher,B1,SMALL AMOUNT,communication
rather,adverb,eher,B2,MORE EXACTLY,communication
rather than,phrase,statt,B1,,
rating,noun,Bewertung,C1,,
ratio,noun,Verhältnis,C1,,
rational,adjective,rational,C1,,people: personality
raw,adjective,roh,B2,NATURAL,
raw,adjective,roh,B1,NOT COOKED,food and drink
ray,noun,Strahl,B2,BEAM,
razor,noun,Rasiermesser,B2,,
reach,verb,erreichen,B1,ARRIVE,travel
reach,verb,erreichen,B2,LEVEL,
reach,verb,erreichen,B2,STRETCH,people: actions
reach,verb,erreichen,B2,TELEPHONE,communication
reach,noun,erreichen,B2,DISTANCE,
reach,noun,erreichen,B2,TOUCH,people: actions
"reach a decision/agreement/conclusion, etc.",phrase,eine Entscheidung/Vereinbarung/Schlussfolgerung usw. treffen.,B2,,communication
react,verb,reagieren,B2,SAY OR DO,people: personality
react,verb,reagieren,C1,BAD EFFECT,body and health
react against sth,phrasal verb,dagegen reagieren,C2,,
reaction,noun,Reaktion,B2,CAUSED BY SOMETHING,people: personality
reaction,noun,Reaktion,B2,BAD EFFECT,body and health
read,verb,lesen,A1,WORDS,communication
read,verb,lesen,C2,SIGNS,
read,verb,lesen,A2,SAY,communication
read,noun,lesen,C2,,
read between the lines,phrase,zwischen den Zeilen lesen,C2,IDIOM,
reader,noun,Leser,B1,PERSON,communication
reader,noun,Leser,B1,BOOK,"communication, education"
readership,noun,Leserschaft,C1,,
readily,adverb,leicht,B2,EASILY,
readily,adverb,leicht,B2,WILLINGLY,people: personality
readiness,noun,Bereitschaft,C1,WILLING,
readiness,noun,Bereitschaft,C2,PREPARED,
reading,noun,Lektüre,A1,BOOKS,communication
reading,noun,Lektüre,C2,EVENT,
readjust,verb,nachjustieren,C1,SMALL CHANGE,
readjust,verb,nachjustieren,C2,CHANGE BEHAVIOUR,
read out sth or read sth out,phrasal verb,vorlesen oder vorlesen,B2,,communication
read over/through sth or read sth over/through,phrasal verb,über/durch lesen oder über/durch lesen,B2,,communication
read up on sth,phrasal verb,Lesen Sie weiter,C1,,communication
ready,adjective,bereit,A1,PREPARED,
ready,adjective,bereit,A2,AVAILABLE,
real,adjective,real,A2,NOT IMAGINED,
real,adjective,real,A2,NOT FALSE,
real,adjective,real,B1,TRUE,
real,adjective,real,B2,IMPORTANT,
real,adjective,real,B2,FOR EMPHASIS,
realistic,adjective,realistisch,B1,SEEMING REAL,
realistic,adjective,realistisch,B2,ACCEPTING SITUATION,people: personality
realistically,adverb,realistisch,C1,SEEM REAL,
realistically,adverb,realistisch,C2,ACCEPTING FACTS,
reality,noun,Wirklichkeit,B2,FACTS,
realization,noun,Realisierung,C1,NOTICING,
realization,noun,Realisierung,C2,ACHIEVING,
realize,verb,realisieren,B1,UNDERSTAND,people: personality
"realize an ambition/dream/goal, etc.",phrase,einen Ehrgeiz/Traum/Ziel usw. verwirklichen.,C1,,
really,adverb,Wirklich,A1,VERY GREAT,communication
really,adverb,Wirklich,A2,EMPHASIZING,communication
really,adverb,Wirklich,B1,FACT,
Really?,phrase,Wirklich?,A2,,communication
realm,noun,Reich,C2,,
reap the benefits/profits/rewards,phrase,die Vorteile/Gewinne/Belohnungen ernten,C2,,
rear,adjective,hinteren,B2,,
rear,verb,hinteren,C1,,relationships
rearrange,verb,neu anordnen,B2,,people: actions
reason,noun,Grund,A2,WHY,
reason,noun,Grund,B2,RIGHT,
reasonable,adjective,vernünftig,B1,CHEAP,"money, shopping"
reasonable,adjective,vernünftig,B1,GOOD ENOUGH,describing things
reasonable,adjective,vernünftig,B1,BIG ENOUGH,describing things
reasonable,adjective,vernünftig,B2,FAIR,people: personality
reasonable,adjective,vernünftig,B2,BASED ON FACTS,
reasonably,adverb,vernünftigerweise,B2,GOOD JUDGMENT,people: personality
"reasonably good/successful/well, etc.",phrase,einigermaßen gut/erfolgreich/gut usw.,B2,,describing things
reasonably priced,phrase,preiswert,B1,,"money, shopping"
reasoning,noun,Argumentation,C2,,
reassurance,noun,Beruhigung,C2,,communication
reassure,verb,beruhigen,C1,,communication
reassuring,adjective,beruhigend,C1,,
rebel,noun,Rebell,B2,,
rebel,verb,Rebell,B2,,
rebellion,noun,Rebellion,C1,,
rebellious,adjective,rebellisch,C1,,
rebuild,verb,neu aufbauen,B1,BUILD AGAIN,"buildings, people: actions"
rebuild,verb,neu aufbauen,B2,IMPROVE,people: actions
recall,verb,abrufen,B2,,
receipt,noun,Quittung,A2,PIECE OF PAPER,"money, shopping"
receipt,noun,Quittung,B2,RECEIVING,
receive,verb,erhalten,A2,GET,
receive,verb,erhalten,C1,REACT,
recent,adjective,jüngste,B1,,
recently,adverb,kürzlich,B1,,
reception,noun,Rezeption,B1,HOTEL/OFFICE,"buildings, travel"
reception,noun,Rezeption,B2,PARTY,
reception,noun,Rezeption,C1,REACTION,people: personality
receptionist,noun,Empfangsdame,A2,,"travel, work"
receptive,adjective,empfänglich,C2,,people: personality
recession,noun,Rezession,B2,,money
recharge,verb,aufladen,C1,,
recharge your batteries,phrase,Laden Sie Ihre Batterien auf,C2,IDIOM,
recipe,noun,Rezept,B1,FOOD,food and drink
reckless,adjective,rücksichtslos,C2,,
reckon,verb,rechnen,B2,THINK,people: personality
reckon on sth/doing sth,phrasal verb,damit rechnen/machen,C2,,
reckon with sth,phrasal verb,rechnen mit,C2,,
recognition,noun,Erkennung,C2,ACCEPT,
recognition,noun,Erkennung,C2,HONOUR,
recognition,noun,Erkennung,C2,KNOW,
recognize,verb,erkennen,B1,KNOW,
recognize,verb,erkennen,B2,ACCEPT,
recognize,verb,erkennen,C1,SHOW RESPECT,
recollect,verb,erinnern,C2,,
recollection,noun,Erinnerung,C2,,
recommend,verb,empfehlen,B2,ADVISE,communication
recommend,verb,empfehlen,B1,SUITABLE,communication
recommendation,noun,Empfehlung,B2,SUITABLE,
recommendation,noun,Empfehlung,B2,ADVICE,communication
reconcile,verb,versöhnen,C2,MAKE AGREE,
reconcile yourself to sth,phrasal verb,versöhne dich damit,C2,,
reconsider,verb,überdenken,C1,,
reconstruct,verb,rekonstruieren,C1,BUILD AGAIN,people: actions
reconstruct,verb,rekonstruieren,C2,PAST EVENT,
reconstruction,noun,Wiederaufbau,C1,BUILD AGAIN,buildings
reconstruction,noun,Wiederaufbau,C2,PAST EVENT,
record,verb,aufzeichnen,B2,STORE INFORMATION,"communication, technology"
record,verb,aufzeichnen,A2,STORE SOUND/PICTURES,"arts and media, technology"
record,verb,aufzeichnen,C1,SHOW MEASUREMENT,
record,noun,aufzeichnen,B1,SONG/MUSIC,arts and media
record,noun,aufzeichnen,B1,BEST,shopping
record,noun,aufzeichnen,B2,INFORMATION,communication
record,noun,aufzeichnen,C2,BEHAVIOUR,
recording,noun,Aufnahme,B1,MUSIC/SPEECH,arts and media
recording,noun,Aufnahme,B2,PROCESS,technology
recover,verb,genesen,C1,GET BACK,
recover,verb,genesen,B1,HEALTH,body and health
recover,verb,genesen,B2,SITUATION,
recovery,noun,Erholung,B2,,body and health
recovery,noun,Erholung,C1,SITUATION,
recovery,noun,Erholung,C2,GET BACK,
recreate,verb,neu erstellen,C1,,
recreation,noun,Erholung,B2,,shopping
recreational,adjective,Freizeit,C2,,shopping
recruit,verb,rekrutieren,C1,,work
recruit,noun,rekrutieren,C2,,work
recruitment,noun,Werbung,C1,,
rectangle,noun,Rechteck,C1,,
rectangular,adjective,rechteckig,B2,,describing things
rectify,verb,beheben,C1,,
recur,verb,wiederkehren,C2,,
recycle,verb,recyceln,B1,,"natural world, people: actions"
recycled,adjective,recycelt,B1,,natural world
recycling,noun,Recycling,B1,,"natural world, people: actions"
red,adjective,Rot,A1,COLOUR,describing things
red,adjective,Rot,A2,WINE,food and drink
red,adjective,Rot,A2,HAIR,people: appearance
red,noun,Rot,A2,COLOUR,describing things
redevelop,verb,sanieren,C1,,
redevelopment,noun,Sanierung,C1,,
redistribute,verb,umverteilen,C2,,people: actions
red tape,phrase,Bürokratie,C2,IDIOM,
reduce,verb,reduzieren,B1,,
reduce sb to sth/doing sth,phrasal verb,reduzieren auf/tun,C2,,
reduce sth to sth,phrasal verb,reduzieren auf,C2,,
reduction,noun,Reduktion,B2,,
redundancy,noun,Redundanz,C1,,
redundant,adjective,überflüssig,B2,JOB,work
redundant,adjective,überflüssig,C2,NOT NEEDED,
referee,noun,Schiedsrichter,B2,,shopping
reference,noun,Referenz,B2,NAME/BOOK TITLE,communication
reference,noun,Referenz,B2,LETTER,"communication, work"
reference,noun,Referenz,C1,MENTIONING,communication
reference,noun,Referenz,C1,READING,communication
referendum,noun,Referendum,C2,,politics
refer sb/sth to sb/sth,phrasal verb,etw. auf etw. verweisen,C2,,
refer to sb/sth,phrasal verb,sich auf etw. beziehen,B2,TALK OR WRITE,communication
refer to sb/sth,phrasal verb,sich auf etw. beziehen,C1,RELATE TO,
refer to sth,phrasal verb,beziehen sich auf,C2,,
refine,verb,verfeinern,C2,,people: actions
refined,adjective,raffiniert,C2,POLITE,
refined,adjective,raffiniert,C2,IMPROVED,
reflect,verb,reflektieren,B2,SHOW,
reflect,verb,reflektieren,B2,IMAGE,
reflect,verb,reflektieren,C1,THINK,people: actions
reflection,noun,Spiegelung,B2,IMAGE,
reflection,noun,Spiegelung,C2,THOUGHT,people: personality
reform,noun,Reform,C2,,politics
reform,verb,Reform,C2,,
refrain,verb,Refrain,C2,,
refresh,verb,auffrischen,C1,,
refreshing,adjective,erfrischend,C1,DIFFERENT,
refreshing,adjective,erfrischend,C1,FEEL BETTER,
refreshments,noun,Erfrischungen,B1,,food and drink
refuge,noun,Zuflucht,C2,,
refugee,noun,Flüchtling,B2,,
refund,verb,Erstattung,C1,,
refund,noun,Erstattung,B1,,"money, shopping"
refusal,noun,Ablehnung,C1,,communication
refuse,verb,verweigern,B1,,communication
regain,verb,wiedergewinnen,B2,,
regard,verb,betrachten,B2,CONSIDER,
regard,noun,betrachten,C1,RESPECT,people: personality
regarding,preposition,hinsichtlich,B1,,communication
regardless,adverb,egal,C2,,
regardless of,phrase,egal,C1,,
regards,phrase,Grüße,B1,,communication
regime,noun,Regime,C2,,politics
region,noun,Region,B1,AREA,natural world
regional,adjective,regional,B2,,natural world
register,verb,registrieren,B1,ON A LIST,communication
register,verb,registrieren,C2,SHOW A FEELING,
register,noun,registrieren,C1,LANGUAGE STYLE,
registration,noun,Anmeldung,B1,,communication
regret,verb,Reue,B1,BAD DECISION,people: personality
regret,verb,Reue,B2,SORRY TO SAY,"communication, people: personality"
regret,noun,Reue,B2,,people: personality
regular,adjective,regulär,B1,OFTEN,
regular,adjective,regulär,B2,SAME TIME/SPACE,
regular,adjective,regulär,B1,GRAMMAR,
regular,adjective,regulär,B1,SIZE,describing things
regularly,adverb,regelmäßig,B1,SAME TIME,
regularly,adverb,regelmäßig,B1,OFTEN,
regulate,verb,regulieren,C1,ACTIVITY/PROCESS,
regulate,verb,regulieren,C1,SPEED/TEMPERATURE,
regulation,noun,Verordnung,B2,RULE,
regulation,noun,Verordnung,C1,CONTROL,
rehearsal,noun,Probe,B2,,
rehearse,verb,proben,C1,,
reign,verb,regieren,C2,KING/QUEEN,
reign,noun,regieren,C1,,
reign,verb,regieren,C2,MAIN FEELING/QUALITY,
reinforce,verb,verstärken,C1,OPINION,"communication, people: personality"
reinforce,verb,verstärken,C2,OBJECT,
reject,verb,ablehnen,B2,NOT ACCEPT,communication
reject,verb,ablehnen,B2,PERSON,people: personality
reject,verb,ablehnen,B2,JOB/COURSE,"communication, education, work"
rejection,noun,Ablehnung,C2,NOT ACCEPT,
rejection,noun,Ablehnung,C2,JOB/COLLEGE,
rejection,noun,Ablehnung,C2,PERSON,
relate,verb,betreffen,C2,CONNECT,
relate,verb,betreffen,C2,TELL,communication
related,adjective,verwandt,B2,CONNECTED,
related,adjective,verwandt,B2,FAMILY,relationships
relate to sb,phrasal verb,beziehen sich auf,C1,,relationships
relate to sb/sth,phrasal verb,sich auf etw. beziehen,C1,,
relation,noun,Beziehung,B1,FAMILY MEMBER,relationships
relation,noun,Beziehung,B2,CONNECTION,
relations,phrase,Beziehungen,B2,,relationships
relationship,noun,Beziehung,B1,TWO PEOPLE/GROUPS,relationships
relationship,noun,Beziehung,B1,ROMANTIC,relationships
relationship,noun,Beziehung,B2,CONNECTION,
relative,adjective,relativ,C1,MEASURED,
relative,noun,relativ,B1,,relationships
"relatively good/bad/cheap, etc.",phrase,relativ gut/schlecht/günstig usw.,B2,,communication
relative to sth,phrase,relativ zu,C2,,
relax,verb,entspannen,C1,LESS STIFF,body and health
relax,verb,entspannen,B1,BECOME HAPPY,people: personality
relaxation,noun,Entspannung,B1,,
relaxed,adjective,entspannt,B1,PERSON,people: personality
relaxed,adjective,entspannt,B2,SITUATION,
relaxing,adjective,entspannend,B1,,people: personality
release,verb,freigeben,B2,RECORD/FILM,"arts and media, people: actions"
release,verb,freigeben,B2,MAKE FREE,"crime, people: actions"
release,verb,freigeben,C1,INFORMATION,communication
release,noun,freigeben,B2,,"arts and media, people: actions"
release,verb,freigeben,C1,SUBSTANCE,people: actions
release,noun,freigeben,C1,MAKING FREE,crime
release,noun,freigeben,C1,AREA/ATMOSPHERE,
relentless,adjective,unerbittlich,C2,,
relentlessly,adverb,unerbittlich,C2,,
relevance,noun,Relevanz,C1,,
relevant,adjective,relevant,B2,,
reliability,noun,Zuverlässigkeit,C1,,
reliable,adjective,zuverlässig,B1,,people: personality
reliance on sb/sth,phrase,sich auf etw. verlassen,C2,,
relief,noun,Erleichterung,B2,GOOD FEELING,people: personality
relief,noun,Erleichterung,C2,LESS PAIN,
relief,noun,Erleichterung,C2,HELP,
relieve,verb,entlasten,C2,FROM PAIN,
relieved,adjective,erleichtert,B2,,people: personality
relieve sb of sth,phrasal verb,entlasten,C2,,
religion,noun,Religion,B1,,
religious,adjective,religiös,B2,PERSON,
religious,adjective,religiös,B2,OF RELIGION,
relish,verb,genießen,C2,,
relish,noun,genießen,C2,ENJOYMENT,
relish,noun,genießen,C2,SAUCE,food and drink
relocate,verb,umziehen,C1,,
reluctant,adjective,widerwillig,C1,,
reluctantly,adverb,widerwillig,C1,,people: personality
rely on/upon sb/sth,phrasal verb,sich auf/auf/etw. verlassen,B2,NEED,
rely on/upon sb/sth,phrasal verb,sich auf/auf/etw. verlassen,B2,TRUST,people: personality
remain,verb,bleiben,B2,CONTINUE TO EXIST,
"remain a secret/mystery, etc.",phrase,ein Geheimnis/Rätsel bleiben usw.,B2,,
"remain at/in/with, etc.",phrase,bleiben bei/in/mit usw.,B2,,
"remain calm/open, etc.",phrase,ruhig/offen bleiben usw.,B1,,
remaining,adjective,übrig,B2,,
remains,noun,Überreste,B2,,
remark,noun,Bemerkung,B2,,communication
remark,verb,Bemerkung,B2,,communication
remarkable,adjective,bemerkenswert,B2,,describing things
remarkably,adverb,bemerkenswert,C1,,
remedy,noun,Abhilfe,B2,FOR AN ILLNESS,body and health
remedy,noun,Abhilfe,B2,FOR A PROBLEM,
remember,verb,erinnern,A1,IN YOUR MIND,
remember to do sth,phrase,"Denken Sie daran, es zu tun",A2,,
remind,verb,erinnern,B1,,communication
reminder,noun,Erinnerung,C1,,communication
remind sb of sth/sb,phrasal verb,an jdn. erinnern,B1,,
remorse,noun,Gewissensbisse,C2,,
remote,adjective,Fernbedienung,C2,TIME,
remote,adjective,Fernbedienung,B2,FAR AWAY,
remote,adjective,Fernbedienung,C2,SLIGHT,
remote control,noun,Fernbedienung,B1,,technology
remove,verb,entfernen,B1,TAKE AWAY,people: actions
remove,verb,entfernen,C2,JOB,work
remove,verb,entfernen,B2,TAKE OFF,people: actions
render,verb,machen,C1,GIVE,
render,verb,machen,C2,CAUSE TO BE,
renew,verb,erneuern,B2,,"communication, people: actions"
renewable,adjective,verlängerbar,C2,OFFICIAL AGREEMENT,
renewable,adjective,verlängerbar,C1,ENERGY,
renewal,noun,Erneuerung,C1,AGREEMENT,
renewal,noun,Erneuerung,C2,REPAIR/IMPROVE,
renovate,verb,renovieren,C1,,
renovation,noun,Renovierung,C1,,
renowned,adjective,bekannt,C2,,
rent,noun,mieten,A2,,"buildings, money"
rent,verb,mieten,A2,PAY TO LIVE IN,"buildings, money"
rent,verb,mieten,A2,PAY TO USE,money
rent,verb,mieten,B1,RECEIVE MONEY,"buildings, money"
reorganize,verb,reorganisieren,C1,,
repair,verb,reparieren,A2,FIX,people: actions
repair,verb,reparieren,C2,IMPROVE,
repair,noun,reparieren,B1,THING FIXED,
repay,verb,zurückzahlen,B2,MONEY,"money, people: actions"
repay,verb,zurückzahlen,B2,KINDNESS,people: actions
repeat,verb,wiederholen,A2,SAY AGAIN,"communication, people: actions"
repeat,verb,wiederholen,B1,TELL,communication
repeated,adjective,wiederholt,C2,,
repeatedly,adverb,wiederholt,C1,,
repetition,noun,Wiederholung,C2,,
repetitive,adjective,repetitiv,C1,,describing things
replace,verb,ersetzen,B1,GET SOMETHING NEW,"people: actions, shopping"
replace,verb,ersetzen,B1,USE INSTEAD,people: actions
replace,verb,ersetzen,B2,BE USED INSTEAD,
replace,verb,ersetzen,C2,PUT BACK,
replacement,noun,Ersatz,B2,THING OR PERSON,
replacement,noun,Ersatz,C1,PROCESS,
reply,verb,Antwort,B1,,communication
reply,noun,Antwort,B1,,communication
report,verb,Bericht,B1,DESCRIBE,"arts and media, communication"
report,verb,Bericht,B1,TELL,communication
report,noun,Bericht,B1,,"arts and media, communication"
reportedly,adverb,angeblich,C2,,
reporter,noun,Reporter,B1,,"arts and media, work"
represent,verb,darstellen,B2,BE,
represent,verb,darstellen,C2,SPEAK/ACT FOR,communication
represent,verb,darstellen,B2,COMPETITION,shopping
represent,verb,darstellen,B2,BE SYMBOL,communication
represent,verb,darstellen,C2,SHOW,
representation,noun,Darstellung,C2,SHOWING,
representation,noun,Darstellung,C2,SPEAKING FOR,crime
representative,noun,Vertreter,B2,,
reproach,noun,Vorwurf,C2,,communication
reproach,verb,Vorwurf,C2,,communication
reproduce,verb,reproduzieren,C1,COPY,
reproduce,verb,reproduzieren,C1,REPEAT,
reproduce,verb,reproduzieren,C2,PRODUCE YOUNG,natural world
reproduction,noun,Reproduktion,C1,COPY,
reproduction,noun,Reproduktion,C2,YOUNG,"animals, body and health"
reptile,noun,Reptil,C1,,animals
republic,noun,Republik,C1,,politics
reputable,adjective,seriös,C1,,describing things
reputation,noun,Ruf,B2,,people: personality
request,noun,Anfrage,B1,,communication
request,verb,Anfrage,B1,,communication
require,verb,erfordern,B1,NEED,
requirement,noun,Erfordernis,B2,,
require sb to do sth,phrase,tun müssen,B2,,
rescue,noun,Rettung,B1,SAVE,people: actions
rescue,verb,Rettung,B1,,people: actions
research,noun,Forschung,B1,,
research,verb,Forschung,B2,,people: actions
researcher,noun,Forscher,B2,,work
resemblance,noun,Ähnlichkeit,C2,,
resemble,verb,ähneln,C1,,people: appearance
resent,verb,ärgern,C2,,people: personality
resentment,noun,Ressentiment,C2,,people: personality
reservation,noun,Reservierung,B1,BOOKING,travel
reservation,noun,Reservierung,C2,DOUBT,
reserve,verb,reservieren,B1,ARRANGE TO HAVE,"people: actions, travel"
reserve,verb,reservieren,B1,KEEP,people: actions
reserve,noun,reservieren,B2,AREA,natural world
reserve,noun,reservieren,C2,SUPPLY,
reserved,adjective,reserviert,C2,,people: personality
residence,noun,Residenz,C2,BUILDING,buildings
resident,noun,Einwohner,B2,,buildings
resident,adjective,Einwohner,C1,,
residential,adjective,Wohnen,B2,WHERE PEOPLE LIVE,buildings
residential,adjective,Wohnen,C2,COURSE/JOB,education
resign,verb,zurücktreten,B2,LEAVE JOB,"people: actions, work"
resignation,noun,Rücktritt,C2,ACCEPT,people: personality
resignation,noun,Rücktritt,C2,LEAVE JOB,work
resign yourself to sth,phrasal verb,gib dich damit ab,C2,,
resilience,noun,Widerstandsfähigkeit,C2,,people: personality
resilient,adjective,robust,C2,,
resist,verb,widerstehen,B2,NOT DO,people: actions
resist,verb,widerstehen,C1,FIGHT,people: actions
resistance,noun,Widerstand,C2,DISAGREE,
resistance,noun,Widerstand,C2,FIGHT,
resistance,noun,Widerstand,C2,ORGANIZATION,
resistance,noun,Widerstand,C2,ILLNESS,body and health
resolution,noun,Auflösung,C2,DECISION,
resolution,noun,Auflösung,C2,SOLUTION,
resolution,noun,Auflösung,C2,PROMISE,
resolve,noun,lösen,C2,,people: personality
resolve,verb,lösen,C1,,
resort,noun,Resort,B1,HOLIDAY,travel
resort to sth/ doing sth,phrasal verb,zurückgreifen/tun,C2,,
resource,noun,Ressource,B2,,
resourceful,adjective,einfallsreich,C2,,people: personality
respect,noun,respektieren,B1,ADMIRATION,people: personality
respect,noun,respektieren,B1,POLITENESS,people: personality
respect,verb,respektieren,B1,ADMIRE,people: personality
respect,verb,respektieren,B2,ACCEPT IMPORTANCE,people: personality
respectable,adjective,respektabel,C2,ENOUGH,describing things
respectable,adjective,respektabel,B2,GOOD BEHAVIOUR,people: personality
respected,adjective,respektiert,B2,,people: personality
respectful,adjective,respektvoll,C1,,people: personality
respectfully,adverb,respektvoll,C2,,people: personality
respective,adjective,jeweiligen,C1,,
respectively,adverb,jeweils,C1,,
respond,verb,antworten,B2,,communication
response,noun,Antwort,B2,ANSWER,communication
responsibility,noun,Verantwortung,B2,DUTY,work
responsible,adjective,verantwortlich,B2,GOOD JUDGMENT,people: personality
responsible,adjective,verantwortlich,B2,IMPORTANT,work
rest,verb,ausruhen,B1,RELAX/SLEEP,people: actions
rest,noun,ausruhen,A2,RELAX,
restart,verb,neu starten,C1,,
restaurant,noun,Restaurant,A1,,"food and drink, buildings"
restless,adjective,unruhig,C1,NOT STILL,people: personality
restless,adjective,unruhig,C2,NOT SATISFIED,people: personality
restore,verb,wiederherstellen,B2,REPAIR,people: actions
restore,verb,wiederherstellen,C1,MAKE EXIST,
restrain,verb,zurückhalten,C1,,people: actions
restraint,noun,Zurückhaltung,C2,,people: personality
restrict,verb,beschränken,C1,,people: actions
restricted,adjective,eingeschränkt,C1,,
restriction,noun,Beschränkung,C1,LIMIT,
restriction,noun,Beschränkung,C2,RULE,
restrictive,adjective,restriktiv,C2,,
restructure,verb,umstrukturieren,C2,,
"rest (sth) on/against, etc.",phrase,sich auf/gegen usw. ausruhen,C2,,
"rest your eyes/feet/legs, etc.",phrase,Ruhen Sie Ihre Augen/Füße/Beine usw. aus.,B2,,people: actions
result,noun,Ergebnis,B1,INFORMATION,"body and health, education"
result,noun,Ergebnis,B1,HAPPEN,
result,noun,Ergebnis,B1,COMPETITION,
result in sth,phrasal verb,ergeben,B2,,
resume,verb,wieder aufnehmen,C1,,people: actions
retail,noun,Einzelhandel,C1,,
retailer,noun,Einzelhändler,C2,,
retain,verb,zurückbehalten,C2,,
retention,noun,Zurückbehaltung,C2,,
rethink,verb,überdenken,C1,,
retire,verb,ausscheiden,B1,,work
retired,adjective,im Ruhestand,B2,,work
retirement,noun,Ruhestand,B2,LIFE PERIOD,work
retirement,noun,Ruhestand,B2,LEAVING JOB,work
retrace your steps,phrase,Gehen Sie Ihre Schritte zurück,C2,,
retreat,verb,Rückzug,C2,,people: actions
retreat,noun,Rückzug,C2,MOVE,
retreat,noun,Rückzug,C2,PLACE,
"retreat to/into, etc.",phrase,Rückzug nach/in usw.,C2,,people: actions
retrieve,verb,abrufen,C2,,people: actions
return,verb,zurückkehren,A2,PUT BACK,people: actions
return,verb,zurückkehren,A2,GO BACK,"people: actions, travel"
return,verb,zurückkehren,B2,HAPPEN AGAIN,
return,verb,zurückkehren,C1,DO THE SAME,people: personality
return,noun,zurückkehren,B1,GOING BACK,"people: actions, travel"
return,noun,zurückkehren,B1,TICKET,travel
return,noun,zurückkehren,B1,COMPUTER,technology
return to normal,phrase,zur Normalität zurückkehren,C1,,
return to sth,phrase,zurückkehren zu,B2,,people: actions
reunion,noun,Wiedervereinigung,C2,,
reveal,verb,aufdecken,C2,SEE,
reveal,verb,aufdecken,B2,TELL,communication
revelation,noun,Offenbarung,C2,,
revenge,noun,Rache,B2,,people: personality
revenue,noun,Einnahmen,C1,,
reversal,noun,Umkehrung,C2,,
reverse,verb,umkehren,B2,DRIVE BACKWARDS,"people: actions, travel"
reverse,verb,umkehren,C1,CHANGE,
reverse,noun,umkehren,C2,VEHICLE,travel
reversible,adjective,reversibel,C2,CLOTHES,clothes
reversible,adjective,reversibel,C2,CAN BE CHANGED,
revert to sth/doing sth,phrasal verb,zurückkommen/tun,C2,,
review,verb,Rezension,B2,GIVE OPINION,"arts and media, communication"
review,verb,Rezension,C1,CONSIDER,
review,noun,Rezension,B1,,"arts and media, communication"
review,noun,Rezension,C2,PROCESS,
revise,verb,überarbeiten,B1,STUDY,"education, people: actions"
revise,verb,überarbeiten,B2,CHANGE,"communication, people: actions"
revision,noun,Revision,B1,,education
revival,noun,Wiederbelebung,C2,,
revive,verb,beleben,C2,,
revolt,verb,Revolte,C2,AGAINST,people: actions
revolution,noun,Revolution,B2,POLITICS,politics
revolution,noun,Revolution,B2,CHANGE,
revolutionary,adjective,revolutionär,B2,CHANGE,
revolutionary,adjective,revolutionär,B2,POLITICS,politics
reward,noun,belohnen,B1,SOMETHING GOOD,
reward,noun,belohnen,B1,MONEY,"crime, money"
reward,verb,belohnen,B2,,people: actions
rewarding,adjective,lohnend,C1,,
rewrite,verb,umschreiben,B2,,communication
rhyme,verb,Reim,C2,,
rhyme,noun,Reim,C2,POEM,
rhyme,noun,Reim,C2,STYLE,
rhythm,noun,Rhythmus,B2,,arts and media
rib,noun,Rippe,B2,,body and health
ribbon,noun,Schleife,C2,,
rice,noun,Reis,A1,,food and drink
rich,adjective,reich,A2,MONEY,money
rich,adjective,reich,B2,FOOD,food and drink
rich,adjective,reich,B2,CONTAINING A LOT,
riches,noun,Reichtümer,C2,,
richness,noun,Reichtum,C1,,
ride,verb,Fahrt,A1,,"people: actions, travel"
ride,noun,Fahrt,B1,BICYCLE,travel
ride,noun,Fahrt,B1,VEHICLE,travel
ride,noun,Fahrt,B1,PLAYING,
rider,noun,Fahrer,B1,,"shopping, travel"
ridiculous,adjective,lächerlich,B2,,
right,adjective,Rechts,A1,CORRECT,
right,adjective,Rechts,A2,DIRECTION,describing things
right,adjective,Rechts,B2,MORALLY ACCEPTABLE,
right,adjective,Rechts,B1,SUITABLE,
right,adverb,Rechts,A2,IN SPEECH,communication
right,adverb,Rechts,A2,DIRECTION,describing things
right,adverb,Rechts,B1,EXACTLY,
right,adverb,Rechts,B2,CORRECTLY,
right,adverb,Rechts,C2,ALL,
right,noun,Rechts,A2,DIRECTION,describing things
right,noun,Rechts,B2,LAW,
right,noun,Rechts,B2,BEHAVIOUR,
right,exclamation,Rechts,A2,,communication
right away/now/after,phrase,sofort/jetzt/nachher,B1,,
right-hand,adjective,rechts,A2,,describing things
rightly,adverb,zu Recht,B2,,
right-wing,adjective,rechts,C2,,politics
rigid,adjective,starr,C2,,
ring,noun,Ring,A2,JEWELLERY,clothes
ring,noun,Ring,B2,CIRCLE,describing things
ring,noun,Ring,B2,SOUND,
ring,verb,Ring,A2,TELEPHONE,"communication, people: actions"
ring,verb,Ring,B1,SOUND,communication
ring a bell,phrase,eine Glocke läuten,C2,IDIOM,
ring hollow,phrase,Ring hohl,C2,,communication
ring sb back,phrasal verb,Rufen Sie zurück,B1,,"communication, people: actions"
ring (sb) up or ring up (sb),phrasal verb,klingeln (jdm) oder klingeln (jdm),B1,,"communication, people: actions"
riot,noun,Aufstand,C1,,
riot,verb,Aufstand,C2,,
rip,verb,Ruhe in Frieden,B2,TEAR,people: actions
ripe,adjective,reif,B2,"FRUIT, ETC.","food and drink, natural world"
ripe for sth,phrase,reif für,C2,,
rip-off,noun,abreißen,C1,,money
rip sb off,phrasal verb,abreißen,C2,,money
"rip sth out/off/from, etc.",phrase,herausreißen/abreißen/von usw.,C1,,
rise,verb,erheben,B1,MOVE UP,
rise,verb,erheben,B1,SUN/MOON,natural world
rise,verb,erheben,B2,INCREASE,
rise,noun,erheben,B2,INCREASE,
rise,noun,erheben,C1,PAY,"money, work"
"rise to/through, etc.",phrase,Aufstieg zu/durch usw.,C2,,
risk,noun,Risiko,B2,BAD POSSIBILITY,
risk,noun,Risiko,C1,SOMETHING BAD,
risk,verb,Risiko,B2,DO SOMETHING,people: personality
risk,verb,Risiko,B2,POSSIBLY LOSE,people: personality
risky,adjective,riskant,B2,,people: personality
ritual,noun,Ritual,C2,,
rival,verb,Rivale,C2,,
rival,noun,Rivale,C1,,
rivalry,noun,Rivalität,C2,,
river,noun,Fluss,A1,,natural world
road,noun,Straße,A1,TO DRIVE ON,travel
Road,phrase,Straße,A1,,
roar,verb,brüllen,C2,MAKE NOISE,
roar,verb,brüllen,C2,SHOUT,
roar,noun,brüllen,C2,,
roast,verb,braten,A2,,food and drink
roast,adjective,braten,A2,,food and drink
rob,verb,rauben,B1,STEAL,"crime, people: actions"
robbery,noun,Raub,B2,,crime
robot,noun,Roboter,B1,,
rob sb of sth,phrase,rauben,C2,,
rock,noun,Felsen,A2,MUSIC,arts and media
rock,noun,Felsen,B1,HARD SUBSTANCE,natural world
rock,verb,Felsen,C2,,people: actions
rocket,noun,Rakete,B2,VEHICLE,travel
rocket,noun,Rakete,C2,WEAPON,
rock the boat,phrase,rocken das Boot,C2,IDIOM,
rocky,adjective,felsig,C1,WITH ROCKS,natural world
rocky,adjective,felsig,C2,RELATIONSHIP,relationships
role,noun,Rolle,B1,ACTING,arts and media
role,noun,Rolle,B2,PURPOSE,
role model,noun,Vorbild,C1,,
roll,verb,rollen,B2,TURN OVER,people: actions
roll,noun,rollen,B1,BREAD,food and drink
roll,noun,rollen,B2,TUBE,describing things
"roll down/in/off, etc.",phrase,Herunter-/Ein-/Ausrollen usw.,B2,,
"roll (sth) across/around/over, etc.",phrase,(etw.) quer/herum/über usw. rollen,B2,,people: actions
roll your eyes,phrase,verdrehe die Augen,C2,,
romance,noun,Romantik,B1,,relationships
romantic,adjective,romantisch,B1,LOVE,"people: personality, relationships"
romantic,adjective,romantisch,B1,STORY,arts and media
romantic,adjective,romantisch,C2,IDEAS,
roof,noun,Dach,A2,ON BUILDING,buildings
room,noun,Zimmer,A1,PART OF BUILDING,buildings
room,noun,Zimmer,B1,SPACE,
room for improvement,phrase,Raum für Verbesserungen,C1,,
roommate,noun,Mitbewohner,B2,,relationships
root,noun,Wurzel,B2,PLANT PART,natural world
roots,phrase,Wurzeln,B2,,
rope,noun,Seil,B2,FOR TYING,
rose,noun,Rose,B1,,natural world
rosy,adjective,rosig,C2,POSITIVE,
rosy,adjective,rosig,C2,PINK,body and health
rot,verb,verrotten,C2,,
rotten,adjective,faul,B2,,food and drink
rough,adjective,rauh,B1,NOT SMOOTH,describing things
rough,adjective,rauh,B1,NOT EXACT,describing things
rough,adjective,rauh,B2,DIFFICULT,
rough,adjective,rauh,B2,SEA/WEATHER,natural world
rough,adjective,rauh,C1,DANGEROUS,
roughly,adverb,rund,B2,NOT EXACTLY,describing things
roughly,adverb,rund,C2,FORCEFULLY,
roughly,adverb,rund,C2,WITHOUT CARE,
round,preposition,runden,B1,TO OR IN A PLACE,"describing things, travel"
round,preposition,runden,A2,IN A CIRCLE/CIRCULAR MOVEMENT,describing things
round,adverb,runden,A2,VISIT,
round,adverb,runden,B1,CIRCULAR MOVEMENT,describing things
round,adverb,runden,B1,OPPOSITE DIRECTION,
round,adverb,runden,B1,TO SEVERAL PLACES,
round,adjective,runden,A2,,describing things
round,noun,runden,C2,EVENTS,
round,noun,runden,C2,DRINKS,
roundabout,noun,Kreisel,A2,,travel
round and round,phrase,rund und rund,B2,,
round of applause,phrase,Applaus,C2,,communication
route,noun,Route,B1,ROADS,travel
route,noun,Route,C2,METHOD,
routine,noun,Routine,B1,,people: actions
routine,adjective,Routine,C2,BORING,
row,noun,Reihe,B1,LINE,describing things
row,noun,Reihe,B1,SEATS,buildings
row,verb,Reihe,B2,,"people: actions, travel"
row,noun,Reihe,B2,,communication
royal,adjective,königlich,B2,,
rub,verb,reiben,B2,PRESS WITH HANDS,people: actions
rubber,noun,Gummi,A2,REMOVES PENCIL,communication
rubber,noun,Gummi,B2,SUBSTANCE,natural world
rubbish,noun,Müll,B1,WASTE,
rubbish,noun,Müll,B2,BAD QUALITY,describing things
rubbish,noun,Müll,C1,NONSENSE,
rub it in,phrase,reibe es ein,C2,,
rub out sth or rub sth out,phrasal verb,ausreiben oder ausreiben,B2,,communication
"rub sth into/on, etc.",phrase,einreiben/auftragen usw.,B2,,people: actions
rude,adjective,unhöflich,B1,NOT POLITE,"communication, people: personality"
rude,adjective,unhöflich,B2,WORDS/JOKES,
rudely,adverb,grob,C1,,people: personality
rudeness,noun,Grobheit,C1,,people: personality
rug,noun,Teppich,B1,,buildings
rugby,noun,Rugby,A2,,shopping
ruin,noun,Ruine,B1,OLD PARTS,buildings
ruin,noun,Ruine,C2,LOSING EVERYTHING,
ruin,verb,Ruine,B2,,people: actions
rule,noun,Regel,B1,INSTRUCTION,crime
rule,noun,Regel,B1,PRINCIPLE,
rule,noun,Regel,B2,USUAL WAY,
rule,noun,Regel,C2,LEADER,
rule,verb,Regel,B2,INFLUENCE SOMEONE,
rule,verb,Regel,B2,CONTROL SOMEWHERE,politics
rule,verb,Regel,C1,CONTROL,
rule out sb/sth or rule sb/sth out,phrasal verb,etw ausschließen oder etw ausschließen,C2,,communication
ruler,noun,Herrscher,A2,FOR MEASURING,
ruler,noun,Herrscher,C1,LEADER,
ruling,noun,Urteil,C2,,
rumour,noun,Gerücht,B2,,communication
run,verb,laufen,A1,MOVE FAST,people: actions
run,verb,laufen,B1,ORGANIZE,"people: actions, work"
run,verb,laufen,B2,LIQUID,
run,verb,laufen,B2,TRAVEL,travel
run,verb,laufen,B2,USE COMPUTER,"people: actions, technology"
run,verb,laufen,C1,WORKING,
run,verb,laufen,C1,PUBLISH,arts and media
run,noun,laufen,B1,MOVE FAST,"people: actions, shopping"
run,noun,laufen,B2,SPORT,shopping
run around,phrasal verb,herumlaufen,C2,,people: actions
run away,phrasal verb,weglaufen,B2,,people: actions
run down sb/sth or run sb/sth down,phrasal verb,runterlaufen/etw. oder laufen/etwas runterlaufen,C1,,communication
run into sb,phrasal verb,hineinlaufen,B2,,people: actions
run into sth,phrasal verb,hineinlaufen,B2,,"people: actions, travel"
runner,noun,Läufer,A2,,shopping
running,noun,läuft,A2,SPORT,shopping
running,noun,läuft,C2,CONTROL,
running water,phrase,fließendes Wasser,C1,,
run on sth,phrasal verb,weiterlaufen,C1,,
run out,phrasal verb,Auslaufen,B1,USE ALL,
run out,phrasal verb,Auslaufen,B2,ALL USED,
run over sb/sth or run sb/sth over,phrasal verb,etw überfahren oder etw überfahren,B2,,"people: actions, travel"
run riot,phrase,toben,C2,IDIOM,
"run sth along/over/through, etc. sth",phrase,entlang/über/durch laufen usw.,C2,,people: actions
run the risk of sth,phrase,Gefahr laufen,C2,,
run through sth,phrasal verb,durchlaufen,C2,,
run up against sth,phrasal verb,gegenlaufen,C2,,
runway,noun,Runway,C1,,
run wild,phrase,wild laufen,C2,,
rural,adjective,ländlich,B2,,natural world
rush,verb,eilen,B2,HURRY,people: actions
rush,verb,eilen,C1,FORCE ACTION,
rush,noun,eilen,B2,HURRY,people: actions
rush,noun,eilen,C2,ACTIVITY,
rush,noun,eilen,C2,MOVEMENT,
rush hour,noun,Hauptverkehrszeit,B2,,travel
rush into sth,phrasal verb,hineinstürmen,C1,,
rush to do sth,phrase,Eile zu tun,B2,,
rusty,adjective,rostig,B2,SKILL,people: personality
rusty,adjective,rostig,B2,METAL,
ruthless,adjective,rücksichtslos,C2,,people: personality
sack,verb,Sack,B2,,"people: actions, work"
sack,noun,Sack,C1,BAG,
sacred,adjective,heilig,C2,IMPORTANT,
sacred,adjective,heilig,C1,HOLY,
sacrifice,noun,opfern,C1,,
sacrifice,verb,opfern,C1,,people: actions
sad,adjective,traurig,A1,,people: personality
sadden,verb,betrüben,C2,,
saddle,noun,Sattel,C2,,animals
saddle,verb,Sattel,C2,,
saddle sb with sth,phrasal verb,Sattel mit,C2,,
sadly,adverb,leider,B2,NOT HAPPY,people: personality
sadly,adverb,leider,B2,NOT SATISFACTORY,
sadness,noun,Traurigkeit,B2,,people: personality
safe,adjective,sicher,A1,NOT IN DANGER,
safe,adjective,sicher,B1,NOT HARMED,
safe,adjective,sicher,A2,NOT DANGEROUS,
safe,adjective,sicher,C1,WITHOUT RISK,
safe and sound,phrase,sicher und gesund,C2,,
safely,adverb,sicher,B1,,
safe to say,phrase,kann man mit Sicherheit sagen,C1,,communication
safety,noun,Sicherheit,B2,BEING SAFE,
safety,noun,Sicherheit,C1,HOW SAFE,
sail,verb,Segel,B1,CONTROL BOAT,travel
sail,verb,Segel,B1,TRAVEL ON BOAT,travel
sail,verb,Segel,B2,MOVE ON WATER,travel
sail,noun,Segel,C2,MATERIAL,
sailing,noun,Segeln,A2,,shopping
sailor,noun,Seemann,B1,,"shopping, travel, work"
saint,noun,Heilige,C1,,
salad,noun,Salat,A2,,food and drink
salary,noun,Gehalt,B1,,"money, work"
sale,noun,Verkauf,B2,SELL,shopping
sales,phrase,Verkäufe,B2,,shopping
salesman,noun,Verkäufer,B1,,"shopping, work"
salesperson,noun,Verkäufer,A2,,"shopping, work"
saleswoman,noun,Verkäuferin,B1,,"shopping, work"
salmon,noun,Lachs,B1,,"animals, food and drink"
salon,noun,Salon,B2,,
salt,noun,Salz,A1,,food and drink
salty,adjective,salzig,B2,,food and drink
same,adjective,Dasselbe,A1,NOT ANOTHER,
sample,noun,Probe,B2,PART OF GROUP,
sample,noun,Probe,C2,EXAMINE,body and health
sample,noun,Probe,B2,SMALL AMOUNT,describing things
sample,verb,Probe,C2,EXPERIENCE,
sanction,noun,Sanktion,C2,,
sand,noun,Sand,B1,,natural world
sandal,noun,Sandale,B1,,clothes
sandwich,noun,Sandwich,A1,,food and drink
sandy,adjective,sandig,B1,,natural world
sane,adjective,vernünftig,C2,,body and health
sarcastic,adjective,sarkastisch,C2,,people: personality
satellite,noun,Satellit,B2,,technology
satisfaction,noun,Zufriedenheit,B2,FEELING,people: personality
satisfactorily,adverb,zufriedenstellend,C1,,
satisfactory,adjective,zufriedenstellend,B2,,describing things
satisfied,adjective,befriedigt,B1,PLEASED,people: personality
satisfy,verb,erfüllen,B2,PLEASE,people: personality
"satisfy conditions/needs/requirements, etc.",phrase,Bedingungen/Bedürfnisse/Anforderungen usw. erfüllen.,C1,,
Saturday,noun,Samstag,A1,,
sauce,noun,Sauce,A2,,food and drink
saucepan,noun,Topf,B1,,food and drink
saucer,noun,Untertasse,B1,,food and drink
sausage,noun,Wurst,A2,,food and drink
save,verb,speichern,A2,MONEY,"money, people: actions"
save,verb,speichern,A2,KEEP,"money, people: actions"
save,verb,speichern,A2,COMPUTER,"people: actions, technology"
save,verb,speichern,B1,MAKE SAFE,people: actions
save,verb,speichern,B1,NOT WASTE,
save a goal,phrase,ein Tor retten,B2,,shopping
save sb (from) doing sth,phrase,sparen (vom) Tun,C1,,
saving,noun,sparen,C1,LESS MONEY,money
savings,noun,Ersparnisse,B2,,money
say,verb,sagen,A1,SPEAK,communication
say,verb,sagen,B1,TELL,communication
say,verb,sagen,B1,GIVE INFORMATION,communication
say,verb,sagen,B1,THINK,communication
saying,noun,Sprichwort,C2,,communication
say sth to yourself,phrase,sag es dir selbst,C1,,
"sb's attention/mind/thoughts, etc. wander",phrase,jds Aufmerksamkeit/Geist/Gedanken usw. wandern,C2,,
sb's best/last/only hope,phrase,jds beste/letzte/einzige Hoffnung,C2,,
"sb's breadth of experience/knowledge/interest, etc.",phrase,die Bandbreite an Erfahrung/Wissen/Interesse usw. von jdm.,C2,,
sb's call,phrase,jds Anruf,B1,,
sb's fault,phrase,jds Schuld,B1,,
sb's finances,phrase,jds Finanzen,B2,,money
"sb's line of reasoning/thinking, etc.",phrase,jds Argumentations-/Denklinie usw.,C2,,
sb's looks,phrase,jds Aussehen,C2,,people: appearance
sb's past,phrase,jds Vergangenheit,B1,,
sb's prospects,phrase,jds Aussichten,B2,,
"sb's rise to fame/power, etc.",phrase,jds Aufstieg zu Ruhm/Macht usw.,C2,,
sb's/sth's clutches,phrase,jds/etws Fänge,C2,,
sb's strong point,phrase,jds Stärke,C1,,people: personality
sb/sth at large,phrase,jdn/etw im Allgemeinen,C2,,
sb/sth in question,phrase,jdn/etw in Frage stellen,C2,,
sb/sth of note,phrase,jdn/etw. beachten,C2,,
sb's travels,phrase,jds Reisen,C1,,
sb's whereabouts,phrase,der Aufenthaltsort von jdm,C2,,
sb's youth,phrase,jds Jugend,B2,,people: appearance
sb will kill sb,phrase,jd wird töten,A2,,
scale,noun,Skala,B2,SIZE,describing things
scale,noun,Skala,B2,MEASURE,describing things
scale,noun,Skala,B2,COMPARISON,describing things
scales,phrase,Waage,B2,,
scan,verb,Scan,C1,READ,people: actions
scan,verb,Scan,C1,COMPUTER,technology
scan,verb,Scan,C2,LOOK,people: actions
scan,noun,Scan,C2,,body and health
scandal,noun,Skandal,B2,,
scar,noun,Narbe,B2,ON SKIN,body and health
scar,noun,Narbe,C1,MIND,people: personality
scar,verb,Narbe,C2,,body and health
scarce,adjective,spärlich,C1,,describing things
scarcely,adverb,kaum,C2,,
scarcity,noun,Knappheit,C2,,
scare,verb,Schrecken,C1,FRIGHTEN,
scared,adjective,verängstigt,B1,,people: personality
scare sb away/off or scare away/off sb,phrasal verb,abschrecken/abschrecken oder abschrecken/abschrecken,C1,,
scare sb/sth away/off or scare away/off sb/sth,phrasal verb,abschrecken/abschrecken/abschrecken/abschrecken/abschrecken/abschrecken/abschrecken/abschrecken/abschrecken/abschrecken/abschrecken/abschrecken/abschrecken,C1,,
"scare the hell/life/living daylights, etc. out of sb",phrase,Angst vor der Hölle/dem Leben/lebenden Tageslicht usw. haben,C2,,
scarf,noun,Schal,A2,,clothes
scary,adjective,beängstigend,B1,,people: personality
scattered,adjective,verstreut,C2,,
scenario,noun,Szenario,C2,,
scene,noun,Szene,B1,"FILM/BOOK, ETC.",arts and media
scene,noun,Szene,B2,VIEW,"arts and media, natural world"
scene,noun,Szene,B2,PLACE,
scene,noun,Szene,C2,ARGUMENT,
scenery,noun,Landschaft,B1,,natural world
scenic,adjective,szenisch,C1,,describing things
scent,noun,Duft,B2,,
sceptical,adjective,skeptisch,C2,,people: personality
schedule,verb,Zeitplan,B2,,people: actions
schedule,noun,Zeitplan,B2,,
scheduled,adjective,geplant,B2,FLIGHT,travel
scheduled,adjective,geplant,B2,PLANNED,
scheme,noun,Schema,B2,,
scholar,noun,Gelehrte,C1,,education
scholarship,noun,Stipendium,C1,,education
school,noun,Schule,A1,PLACE,"education, buildings"
school,noun,Schule,A2,TIME,education
schoolchild,noun,Schulkind,A2,,education
schooling,noun,Schulung,C2,,education
science,noun,Wissenschaft,A2,STUDY OF NATURAL THINGS,education
science,noun,Wissenschaft,B1,TYPE,education
science fiction,noun,Science-Fiction,B1,,arts and media
scientific,adjective,wissenschaftlich,B1,,education
scientifically,adverb,wissenschaftlich,B2,,education
scientist,noun,Wissenschaftler,B1,,"education, work"
scissors,noun,Schere,A2,,
scooter,noun,Roller,A2,,travel
scope,noun,Umfang,C2,OPPORTUNITY,
scope,noun,Umfang,C1,AMOUNT,
score,noun,Punktzahl,B1,,shopping
score,verb,Punktzahl,B1,,"people: actions, shopping"
"scramble down/out/up, etc.",phrase,nach unten/heraus/oben klettern usw.,C2,,people: actions
scrap,noun,Schrott,C2,SMALL PIECE,
scrap,noun,Schrott,C2,OLD,
scrap,verb,Schrott,C2,,
scratch,verb,kratzen,B2,RUB SKIN,"body and health, people: actions"
scratch,verb,kratzen,B2,HURT/DAMAGE,people: actions
scratch,noun,kratzen,B2,,
scratch,verb,kratzen,B2,RUB SURFACE,people: actions
scream,verb,schreien,B1,,communication
scream,noun,schreien,B1,,communication
screen,noun,Bildschirm,A2,COMPUTER/TV,"arts and media, technology"
script,noun,Skript,B2,WORDS,arts and media
script,noun,Skript,C2,LETTERS,
"scroll up/down/through, etc.",phrase,nach oben/unten/durch scrollen usw.,C2,,technology
scruffy,adjective,ungepflegt,C2,,describing things
scrutiny,noun,Prüfung,C2,,
sculpture,noun,Skulptur,B1,,arts and media
sea,noun,Meer,A1,,natural world
seal,noun,Siegel,B2,,animals
seal,verb,Siegel,C2,CLOSE ENTRANCE,
seal,verb,Siegel,C2,CLOSE LETTER,
seal off sth or seal sth off,phrasal verb,absperren oder abdichten,C2,,people: actions
search,verb,suchen,B1,TRY TO FIND,people: actions
search,verb,suchen,B1,USE COMPUTER,"people: actions, technology"
search,verb,suchen,B2,POLICE,"crime, people: actions"
search,noun,suchen,B1,TRY TO FIND,people: actions
search,verb,suchen,C1,FIND ANSWER,
search,noun,suchen,B2,FIND ANSWER,people: actions
search,noun,suchen,B1,USE COMPUTER,"people: actions, technology"
season,noun,Jahreszeit,B1,FOR PARTICULAR EVENT,
season,noun,Jahreszeit,B1,PART OF YEAR,natural world
seasonal,adjective,saisonal,B2,,
seat,noun,Sitz,C2,POLITICS,politics
seat,noun,Sitz,A2,SIT,buildings
"seat 4/12/200, etc.",phrase,Sitz 4/12/200 usw.,C2,,
secluded,adjective,abgelegen,C2,,describing things
second,number,zweite,A1,AFTER FIRST,
second,number,zweite,B1,ANOTHER,describing things
second,number,zweite,B1,"ONLY ONE BETTER/BIGGER, ETC.",
second,adverb,zweite,B1,IN ORDER,
second,noun,zweite,A2,PART OF MINUTE,
second,adverb,zweite,B2,IN LIST,
second,noun,zweite,B1,VERY SHORT PERIOD,
second,noun,zweite,C2,PRODUCT,shopping
secondary,adjective,sekundär,B1,,education
secondary school,noun,weiterführende Schule,B1,,education
second-hand,adjective,aus zweiter Hand,B1,,
secondly,adverb,zweitens,B2,,communication
"second/third, etc. day/week, etc. running",phrase,zweiter/dritter usw. Tag/Woche usw. laufend,C2,,
secret,noun,Geheimnis,B1,NOT TELL,
secret,adjective,Geheimnis,B1,,
secretary,noun,Sekretär,A2,IN OFFICE,work
secretary,noun,Sekretär,C1,COMMITTEE,
secretly,adverb,heimlich,B1,,
section,noun,Abschnitt,B1,,
sector,noun,Sektor,C1,,money
secure,adjective,sicher,B2,SAFE,
secure,adjective,sicher,C2,NOT FAIL,
secure,adjective,sicher,B2,CONFIDENT,people: personality
secure,adjective,sicher,C1,COMPUTER,
security,noun,Sicherheit,B1,PROTECTION,politics
security,noun,Sicherheit,C1,SAFE SITUATION,
security,noun,Sicherheit,C2,CONFIDENCE,people: personality
sedentary,adjective,sesshaft,C2,,
seduce,verb,verführen,C2,PERSUADE,
seduce,verb,verführen,C2,SEX,people: actions
see,verb,sehen,A1,USE EYES,people: actions
see,verb,sehen,A2,"ON TV, ETC.","arts and media, people: actions"
see,verb,sehen,A1,MEET,communication
see,verb,sehen,B1,UNDERSTAND,
see,verb,sehen,B2,INFORMATION,
see,verb,sehen,B2,CONSIDER,
see,verb,sehen,C1,HAPPEN,
see,verb,sehen,C2,BELIEVE,
seed,noun,Samen,B2,PLANT,natural world
see eye to eye (with sb),phrase,auf Augenhöhe (mit) sehen,C2,IDIOM,
seek,verb,suchen,B2,TRY TO FIND,people: actions
seek,verb,suchen,C2,TRY TO DO,
"seem happy/a nice person, etc.",phrase,scheine glücklich/ein netter Mensch usw. zu sein.,B1,,people: personality
seemingly,adverb,scheinbar,C1,,
"seem like/as if/to, etc.",phrase,scheinen/als ob/so usw.,B1,,
see off sb or see sb off,phrasal verb,verabschieden oder verabschieden,B2,,"communication, people: actions"
see red,phrase,siehe rot,C2,IDIOM,
see sense,phrase,siehe Sinn,C2,,
see that,phrase,siehe das,C2,,
see through sb/sth,phrasal verb,durchschauen/etw,B2,,
see to sth/sb,phrasal verb,sich um jdn. kümmern,B2,,people: actions
see you,phrase,Wir sehen uns,A1,,communication
see you later,phrase,bis später,A1,,communication
"see you later/soon/tomorrow, etc.",phrase,Bis später/bald/morgen usw.,A1,,communication
see you soon,phrase,bis bald,A1,,communication
seize,verb,ergreifen,B2,HOLD,people: actions
seize,verb,ergreifen,C2,PLACE,people: actions
seize a chance/opportunity,phrase,eine Chance/Gelegenheit ergreifen,B2,,
seldom,adverb,selten,B2,,
select,verb,wählen,B1,,people: actions
selection,noun,Auswahl,B2,ACT OF CHOOSING,
selection,noun,Auswahl,B2,THINGS CHOSEN,
selective,adjective,selektiv,C1,,
self,noun,selbst,C1,,
self-assurance,noun,Selbstsicherheit,C2,,people: personality
self-assured,adjective,selbstbewusst,C2,,people: personality
self-awareness,noun,Selbstbewusstsein,C2,,people: personality
self-catering,adjective,Selbstversorger,C1,,travel
self-centred,adjective,egozentrisch,C1,,people: personality
self-confidence,noun,Selbstvertrauen,B2,,people: personality
self-confident,adjective,selbstbewusst,B2,,people: personality
self-conscious,adjective,selbstbewusst,C1,,people: personality
self-control,noun,Selbstbeherrschung,C2,,people: personality
self-discipline,noun,Selbstdisziplin,C2,,people: personality
self-esteem,noun,Selbstwertgefühl,C1,,people: personality
selfish,adjective,egoistisch,B1,,people: personality
selfishness,noun,Selbstsucht,C1,,people: personality
self-made,adjective,selbst gemacht,C2,,
self-reliance,noun,Eigenständigkeit,C2,,people: personality
self-reliant,adjective,selbstständig,C2,,people: personality
self-respect,noun,Selbstachtung,C2,,people: personality
self-service,adjective,Selbstbedienung,B1,,"food and drink, shopping"
self-sufficient,adjective,autark,C2,,
sell,verb,verkaufen,A2,FOR MONEY,"money, people: actions, shopping"
sell,verb,verkaufen,A2,OFFER,"money, people: actions, shopping"
sell,verb,verkaufen,B2,A LOT,
sell,verb,verkaufen,C2,IDEA/PLAN,communication
seller,noun,Verkäufer,B1,,"shopping, work"
sell for/at sth,phrase,für/für verkaufen,A2,,"money, shopping"
sell like hot cakes,phrase,verkaufen sich wie warme Semmeln,C2,IDIOM,
sell out,phrasal verb,ausverkauft,B2,,shopping
semicolon,noun,Semikolon,B2,,communication
semi-detached,adjective,Doppelhaushälfte,C1,,buildings
semi-final,noun,Halbfinale,B2,,shopping
seminar,noun,Seminar,B2,,education
send,verb,schicken,B2,MAKE GO,people: actions
send,verb,schicken,A1,POST,"communication, people: actions"
send,verb,schicken,C2,MAKE HAPPEN,
send for sb,phrasal verb,nachschicken,C2,,"communication, people: actions"
send off sth or send sth off,phrasal verb,abschicken oder abschicken,B2,,"communication, people: actions"
send shivers/a shiver down your spine,phrase,Lass dir einen Schauer/einen Schauer über den Rücken laufen,C2,IDIOM,
send sth back or send back sth,phrasal verb,zurücksenden oder zurücksenden,B1,,"people: actions, shopping"
send sth out or send out sth,phrasal verb,aussenden oder aussenden,C2,,people: actions
senior,adjective,Senior,B2,MORE IMPORTANT,work
senior,adjective,Senior,B2,OLDER,
sensation,noun,Sensation,B2,PHYSICAL,body and health
sensation,noun,Sensation,B2,FEELING/IDEA,people: personality
sensation,noun,Sensation,B2,EXCITEMENT,people: personality
sensational,adjective,sensationell,C1,SHOCKING,
sensational,adjective,sensationell,C2,EXCITING,describing things
sense,noun,Sinn,B1,FEELING,people: personality
sense,noun,Sinn,B2,GOOD JUDGMENT,people: personality
sense,noun,Sinn,B2,ABILITY,people: personality
sense,noun,Sinn,B2,NATURAL ABILITY,body and health
sense,noun,Sinn,B2,MEANING,communication
sense,verb,Sinn,C2,,people: personality
senseless,adjective,sinnlos,C2,,
sensibility,noun,Sensibilität,C2,,people: personality
sensible,adjective,vernünftig,B1,,people: personality
sensibly,adverb,vernünftig,C1,,people: personality
sensitive,adjective,empfindlich,B2,REACTING,
sensitive,adjective,empfindlich,B2,UPSET,people: personality
sensitive,adjective,empfindlich,B2,EASILY DAMAGED,
sensitive,adjective,empfindlich,B2,SUBJECT,
sensitive,adjective,empfindlich,B2,KIND,people: personality
sensitivity,noun,Empfindlichkeit,C1,KIND,people: personality
sensitivity,noun,Empfindlichkeit,C1,EASILY UPSET,people: personality
sentence,noun,Satz,A1,WORD GROUP,communication
sentence,noun,Satz,B2,PUNISHMENT,crime
sentence,verb,Satz,B2,,"crime, people: actions"
sentiment,noun,Gefühl,C2,,
sentimental,adjective,sentimental,C2,VALUE,
sentimental,adjective,sentimental,C2,FEELING,people: personality
separate,adjective,separate,B1,NOT JOINED,
separate,adjective,separate,B2,NOT RELATED,
separate,adjective,separate,B1,DIFFERENT,
separate,verb,separate,B2,DIVIDE,people: actions
separate,verb,separate,B2,HUSBAND/WIFE,relationships
separate,verb,separate,B2,MOVE APART,people: actions
separately,adverb,separat,B2,,
separation,noun,Trennung,B2,APART,
separation,noun,Trennung,B2,NOT LIVE TOGETHER,relationships
September,noun,September,A1,,
sequence,noun,Sequenz,C2,SERIES,
sequence,noun,Sequenz,C1,FILM,
sequence,noun,Sequenz,C2,ORDER,
serene,adjective,heiter,C2,,people: personality
serenity,noun,Gelassenheit,C2,,people: personality
serial,adjective,seriell,C1,,crime
serial,noun,seriell,C1,,
series,noun,Serie,B1,BROADCASTS,arts and media
series,noun,Serie,B2,THINGS,
series,noun,Serie,B2,BOOKS,arts and media
serious,adjective,ernst,B1,BAD,
serious,adjective,ernst,B1,PERSON,people: personality
serious,adjective,ernst,B1,NOT JOKING,
serious,adjective,ernst,B2,NEEDING ATTENTION,
seriously,adverb,ernsthaft,B1,BADLY,
seriously,adverb,ernsthaft,B2,NOT JOKING,communication
servant,noun,Diener,B2,,work
serve,verb,Aufschlag,B1,SHOP,"people: actions, shopping"
serve,verb,Aufschlag,A2,PROVIDE FOOD/DRINK,"food and drink, people: actions"
serve,verb,Aufschlag,C1,BE USEFUL,
serve,verb,Aufschlag,C1,WORK,work
serve,verb,Aufschlag,C2,PRISON,crime
serve a/the purpose,phrase,einem/dem Zweck dienen,C2,,
server,noun,Server,B1,,technology
service,noun,Service,B1,PUBLIC NEED,
service,noun,Service,B1,DEALING WITH CUSTOMER,shopping
service,noun,Service,B2,EXTRA MONEY,food and drink
service,noun,Service,B2,ARMED FORCES,
service,noun,Service,B2,GOVERNMENT DEPARTMENT,politics
service,noun,Service,C1,WORK,work
session,noun,Sitzung,B1,,
set,verb,Satz,B1,STORY/FILM,arts and media
set,verb,Satz,B1,SUN,natural world
set,verb,Satz,B2,CONDITION,people: actions
set,verb,Satz,B2,EQUIPMENT,"people: actions, technology"
set,verb,Satz,B2,BE IN PLACE,
set,verb,Satz,B2,ACHIEVE,people: actions
set,verb,Satz,C1,LEVEL,
set,noun,Satz,A2,GROUP,
set,noun,Satz,B2,TENNIS,shopping
set,noun,Satz,B2,FILM/PLAY,arts and media
set,adjective,Satz,C2,,
set a date/time (for sth),phrase,ein Datum/eine Uhrzeit festlegen (für),B1,,people: actions
set an example,phrase,ein Beispiel geben,B2,,people: actions
set a record,phrase,einen Rekord aufstellen,B2,,"people: actions, shopping"
setback,noun,Rückschlag,C1,,
set back sb/sth or set sb/sth back,phrasal verb,etw zurücksetzen oder etw zurücksetzen,C1,,
set fire to sth; set sth on fire,phrase,in Brand setzen; in Brand gesetzt,C2,,
set foot in/on sth,phrase,einen Fuß hinein/aufsetzen,C1,,
"set guidelines/standards, etc.",phrase,Richtlinien/Standards usw. festlegen.,C2,,
set off,phrasal verb,losfahren,B1,,travel
set off sth or set sth off,phrasal verb,losfahren oder losfahren,C2,,
set out,phrasal verb,loslegen,C2,AIM,
set out,phrasal verb,loslegen,B1,JOURNEY,travel
set out sth or set sth out,phrasal verb,aufbrechen oder aufbrechen,B2,,communication
set sail,phrase,Segel setzen,C2,,travel
set sb/sth free,phrase,etw freigeben,B2,,people: actions
set/start the ball rolling,phrase,den Ball ins Rollen bringen/starten,C2,IDIOM,
"set sth down/on, etc.",phrase,absetzen/aufsetzen usw.,C2,,people: actions
setting,noun,Einstellung,B2,POSITION,buildings
setting,noun,Einstellung,B2,"BOOK/FILM, ETC.",arts and media
settle,verb,siedeln,B2,LIVE,"buildings, people: actions"
settle,verb,siedeln,B2,DECIDE,communication
settle,verb,siedeln,C1,"SNOW/DUST, ETC.",natural world
settle,verb,siedeln,C1,ARGUMENT,communication
settle,verb,siedeln,C2,PAY,money
settle down,phrasal verb,beruhigen,B2,FEEL COMFORTABLE,people: actions
settle down,phrasal verb,beruhigen,C1,MAKE HOME,"buildings, people: actions"
settle in,phrasal verb,sich einleben,C1,,people: personality
settlement,noun,Siedlung,C1,AGREEMENT,
settlement,noun,Siedlung,C2,ARRANGEMENT,
settlement,noun,Siedlung,C2,PLACE,
settle (sb) down,phrasal verb,(jdn) beruhigen,C2,,
set up sth or set sth up,phrasal verb,einrichten oder einrichten,B1,ORGANIZATION,"people: actions, work"
set up sth or set sth up,phrasal verb,einrichten oder einrichten,B2,EVENT/ACTIVITY,people: actions
set your sights on sth,phrase,Nehmen Sie es ins Visier,C2,IDIOM,
seven,number,Sieben,A1,,
seventeen,number,siebzehn,A1,,
seventh,number,siebte,A2,,
seventy,number,siebzig,A2,,
several,determiner,mehrere,A2,,describing things
severe,adjective,schwer,B2,BAD,describing things
severe,adjective,schwer,B2,STRICT,people: personality
severely,adverb,stark,B2,,
severity,noun,Schwere,C2,,
sew,verb,nähen,B1,,"clothes, people: actions"
sewing,noun,Nähen,C1,,people: actions
sex,noun,Sex,B1,ACTIVITY,"people: actions, relationships"
sex,noun,Sex,B1,MALE OR FEMALE,people: appearance
sexual,adjective,sexuell,B2,SEX,
sexual,adjective,sexuell,C1,MALE OR FEMALE,people: appearance
sexy,adjective,sexy,B2,,describing things
shabby,adjective,schäbig,C1,UNTIDY,describing things
shabby,adjective,schäbig,C2,UNFAIR,
shade,noun,Schatten,B1,NO SUN,natural world
shade,noun,Schatten,B2,COLOUR,describing things
shade,noun,Schatten,C2,COVER,
shadow,noun,Schatten,B1,NO LIGHT,
shake,verb,Shake,B1,SMALL MOVEMENTS,people: actions
shake,verb,Shake,B2,FEAR,"people: actions, people: personality"
shake,verb,Shake,C2,VOICE,
shake hands,phrase,Hände schütteln,B1,,"communication, people: actions"
shaken,adjective,erschüttert,C2,,
shake off sth or shake sth off,phrasal verb,abschütteln oder abschütteln,C2,,body and health
shake up sb or shake sb up,phrasal verb,aufrütteln oder aufrütteln,C2,,
shake up sth or shake sth up,phrasal verb,aufrütteln oder aufrütteln,C1,,
shake your head,phrase,Schüttel den Kopf,B2,,"communication, people: actions"
shall,modal verb,soll,A2,QUESTION,communication
shall I/we...?,phrase,soll ich/wir...?,A2,,communication
shallow,adjective,seicht,B2,NOT DEEP,describing things
shallow,adjective,seicht,C2,NOT SERIOUS,people: personality
shame,noun,Scham,C1,BAD FEELING,people: personality
shameful,adjective,beschämend,C1,,
shampoo,noun,Shampoo,A2,,people: appearance
shape,noun,Form,B1,PHYSICAL FORM,describing things
shape,verb,Form,C2,,
share,verb,Aktie,A2,HAVE AT SAME TIME,people: actions
share,verb,Aktie,B1,"FEELING/EXPERIENCE, ETC.",
share,verb,Aktie,A2,DIVIDE,people: actions
share,verb,Aktie,B2,DO TOGETHER,people: actions
share,noun,Aktie,B2,PART,
share,noun,Aktie,C2,BUSINESS,money
"share your problems/thoughts/ideas, etc.",phrase,Teilen Sie Ihre Probleme/Gedanken/Ideen usw. mit.,C1,,communication
shark,noun,Hai,B1,,animals
sharp,adjective,scharf,B1,ABLE TO CUT,describing things
sharp,adjective,scharf,B2,MIND,people: personality
sharp,adjective,scharf,C1,CLEAR,
sharp,adverb,scharf,C1,SUDDENLY,
sharp,adverb,scharf,C1,EXACTLY,
sharpen,verb,schärfen,C2,MAKE BETTER,
sharpen,verb,schärfen,C2,MAKE SHARP,
sharply,adverb,scharf,B2,,
shattered,adjective,zerschlagen,C2,UPSET,people: personality
shattered,adjective,zerschlagen,C2,TIRED,body and health
shave,verb,Rasur,B1,,people: appearance
she,pronoun,sie,A1,,
shed,noun,Baracke,B2,,buildings
shed light on,phrase,Licht ins Dunkel bringen,C2,,
shed tears,phrase,Tränen vergießen,C1,,"people: actions, people: personality"
sheep,noun,Schaf,A1,,animals
sheer,adjective,schlicht,C1,LARGE,
sheer,adjective,schlicht,C1,EXTREME,
sheer,adjective,schlicht,C2,STEEP,
sheet,noun,Blatt,B1,FOR BED,buildings
shelf,noun,Regal,A2,,buildings
shell,noun,Hülse,B2,,natural world
shelter,noun,Unterschlupf,B2,PLACE,buildings
shelter,noun,Unterschlupf,B2,PROTECTION,
"shelter from/in/under, etc.",phrase,Schutz vor/in/unter usw.,C2,,
shield,verb,Schild,C1,,
shield,noun,Schild,C2,OBJECT,
shift,verb,Schicht,C1,MOVE STH,people: actions
shift,verb,Schicht,C1,CHANGE,
shift,noun,Schicht,C1,CHANGE,
shift,noun,Schicht,B2,WORK,work
shine,verb,Glanz,B1,PRODUCE LIGHT,
shine,verb,Glanz,C2,DO WELL,
shine,verb,Glanz,C1,REFLECT,
shine,verb,Glanz,C2,EYES/FACE,
shiny,adjective,glänzend,B1,,
ship,noun,Schiff,A2,,travel
shirt,noun,Hemd,A1,,clothes
shiver,verb,Schauer,B2,,people: actions
shock,noun,Schock,B1,SURPRISE,people: personality
shock,noun,Schock,C2,ELECTRICITY,
shock,noun,Schock,C2,MOVEMENT,
shock,verb,Schock,B2,,people: personality
shocked,adjective,schockiert,B1,,people: personality
shocking,adjective,schockierend,B1,,people: personality
shoe,noun,Schuh,A1,,clothes
shoot,verb,schießen,B1,WEAPON,people: actions
shoot,verb,schießen,B1,SPORT,"people: actions, shopping"
shoot,verb,schießen,C1,FILM,"arts and media, people: actions"
"shoot across/out/up, etc.",phrase,quer/aus/nach oben schießen usw.,C2,,people: actions
shooting,noun,Schießen,B2,,
shop,noun,Geschäft,A1,,"buildings, shopping"
shop,verb,Geschäft,B1,,"people: actions, shopping"
shop assistant,noun,Verkäufer,A2,,"shopping, work"
shopkeeper,noun,Ladenbesitzer,B2,,"shopping, work"
shopping,noun,Einkaufen,A2,GOODS,shopping
shopping,noun,Einkaufen,A1,ACTIVITY,"people: actions, shopping"
shore,noun,Ufer,B1,,natural world
short,adjective,kurz,A1,LENGTH/DISTANCE/HEIGHT,"describing things, people: appearance"
short,adjective,kurz,A1,TIME,
short,adjective,kurz,A2,WORDS,communication
short,adjective,kurz,B2,NAME,communication
shortage,noun,Mangel,B2,,describing things
shortcoming,noun,Mangel,C1,,
shorten,verb,verkürzen,C1,,
shortly,adverb,kurz,B2,SOON,
shortly afterwards; shortly after/before sth,phrase,kurz danach; kurz danach/vorher,B1,,
shorts,noun,Shorts,A2,,clothes
short-sighted,adjective,kurzsichtig,C2,SIGHT,body and health
short-sighted,adjective,kurzsichtig,C2,THINKING,people: personality
short-term,adjective,kurzfristig,B2,,
shot,noun,Schuss,B2,WEAPON,
shot,noun,Schuss,B2,SPORT,shopping
shot,noun,Schuss,B2,FILM,arts and media
should,modal verb,sollen,A2,ADVICE,
should,modal verb,sollen,B1,BEST,
should,modal verb,sollen,B1,PROBABLE,
shoulder,noun,Schulter,B1,BODY,body and health
shout,verb,schreien,A2,,communication
shout,noun,schreien,B1,,communication
show,verb,zeigen,B1,GIVE INFORMATION,communication
show,verb,zeigen,A1,MAKE SEEN,people: actions
show,verb,zeigen,B2,PROVE,
show,verb,zeigen,B2,EXPRESS,communication
show,verb,zeigen,C1,EASY TO SEE,
show,noun,zeigen,A2,ENTERTAINMENT,arts and media
show,noun,zeigen,B2,PUBLIC EVENT,arts and media
shower,noun,Dusche,A1,WASH,people: actions
shower,noun,Dusche,A1,BATHROOM EQUIPMENT,buildings
shower,noun,Dusche,B1,RAIN,natural world
shower,verb,Dusche,B2,WASH,people: actions
shower sb with sth,phrase,Dusche mit,C2,,
show off,phrasal verb,angeben,B2,,"people: actions, people: personality"
show sb around/round,phrasal verb,herumführen/herumzeigen,B1,,people: actions
show sb what to do/how to do sth,phrase,"zeigen, was zu tun/wie zu tun ist",B1,,"education, people: actions"
show up,phrasal verb,auftauchen,B1,,"people: actions, travel"
shrewd,adjective,klug,C2,,people: personality
shrink,verb,schrumpfen,B2,,
shrug,verb,zucken,C2,,
shudder,verb,schaudern,C2,,people: actions
shut,verb,schließen,A2,CLOSE,people: actions
shut,verb,schließen,A2,STOP SERVING,"people: actions, shopping"
shut,adjective,schließen,B1,CLOSED,
shut,adjective,schließen,B1,NOT SERVING,shopping
shut (sb) up,phrasal verb,halt (jdn) den Mund,B2,,communication
shut (sth) down or shut down (sth),phrasal verb,(etw) abschalten oder (etw) abschalten,B1,,"people: actions, technology"
shut (sth) down or shut down (sth),phrasal verb,(etw) abschalten oder (etw) abschalten,B2,,"people: actions, work"
shuttle,noun,pendeln,C1,,travel
shy,adjective,schüchtern,B1,,people: personality
shyness,noun,Schüchternheit,C1,,people: personality
sibling,noun,Geschwister,C2,,relationships
sick,adjective,krank,A2,ILL,body and health
sick,adjective,krank,A2,VOMIT,body and health
sick,adjective,krank,C2,CRUEL,people: personality
sickness,noun,Krankheit,B2,,body and health
side,noun,Seite,A2,PART,
side,noun,Seite,A2,SURFACE,
side,noun,Seite,A2,EDGE,
side,noun,Seite,B1,NEXT TO,
side,noun,Seite,B2,PART OF SITUATION,
side,noun,Seite,B2,CHARACTER,people: personality
side,noun,Seite,B2,OPPOSING GROUP,people: personality
side,noun,Seite,B2,OPINION,
side,noun,Seite,C2,SPORT,shopping
side,noun,Seite,C2,RELATIVES,relationships
side,noun,Seite,C2,BODY,body and health
side by side,phrase,nebeneinander,B2,,
side effect,noun,Nebenwirkung,C1,MEDICINE,body and health
side effect,noun,Nebenwirkung,C2,RESULT,
sideways,adverb,seitwärts,C2,,
sigh,verb,seufzen,B2,,"communication, people: actions"
sigh,noun,seufzen,B2,,people: actions
sight,noun,Sicht,B1,ABILITY TO SEE,body and health
sight,noun,Sicht,B2,AREA SEEN,
sightseeing,noun,Besichtigungen,A2,,travel
sign,noun,Zeichen,A2,NOTICE,communication
sign,noun,Zeichen,B1,SHOWING,
sign,noun,Zeichen,B1,BODY MOVEMENT,"communication, people: actions"
sign,noun,Zeichen,B2,MARK,communication
sign,verb,Zeichen,B1,,communication
signal,noun,Signal,B2,ACTION,communication
signal,noun,Signal,B2,WAVE,technology
signal,verb,Signal,C2,,"communication, people: actions"
signature,noun,Unterschrift,B1,,communication
significance,noun,Bedeutung,C1,,
significant,adjective,bedeutsam,B2,,
significantly,adverb,deutlich,B2,,
signpost,noun,Wegweiser,B1,,"communication, travel"
sign up,phrasal verb,Melden Sie sich an,B1,,people: actions
silence,noun,Schweigen,B1,NO SOUND,
silence,noun,Schweigen,B2,PERIOD OF TIME,
silence,noun,Schweigen,C2,NO TALKING,
silent,adjective,still,B1,QUIET,
silent,adjective,still,B2,NO SPEAKING,work
silently,adverb,schweigend,B2,,
silk,noun,Seide,B1,,
silly,adjective,dumm,B1,LITTLE THOUGHT,people: personality
silly,adjective,dumm,B1,UNIMPORTANT,
silver,noun,Silber,A2,,natural world
silver,adjective,Silber,A2,,describing things
similar,adjective,ähnlich,B1,,
similarity,noun,Ähnlichkeit,B2,,
similarly,adverb,ähnlich,C1,,
simple,adjective,einfach,A2,EASY,
simple,adjective,einfach,B1,NOT COMPLICATED,
simple,adjective,einfach,B2,IMPORTANT,
simplicity,noun,Einfachheit,C1,,
simplification,noun,Vereinfachung,C2,,
simplify,verb,vereinfachen,C1,,people: actions
simply,adverb,einfach,B2,EMPHASIS,communication
simply,adverb,einfach,B2,ONLY,
simply,adverb,einfach,B2,NOT COMPLICATED,
simulation,noun,Simulation,C1,,
simultaneous,adjective,gleichzeitig,C1,,describing things
simultaneously,adverb,gleichzeitig,B2,,
sin,noun,Sünde,C2,RELIGION,
sin,noun,Sünde,C2,MORALLY WRONG,
since,preposition,seit,A2,,
since,conjunction,seit,B1,TIME,
since,adverb,seit,B2,,
since,conjunction,seit,B1,BECAUSE,
sincere,adjective,aufrichtig,C1,HONEST,people: personality
"sincere apologies/thanks, etc.",phrase,aufrichtige Entschuldigung/Danke usw.,C1,,
sincerely,adverb,aufrichtig,C1,EMPHASIS,
sincerity,noun,Aufrichtigkeit,C2,,people: personality
sing,verb,singen,A1,,"arts and media, people: actions"
singer,noun,Sänger,A2,,"arts and media, work"
singing,noun,Singen,A2,,"arts and media, people: actions"
single,adjective,einzel,A2,NOT MARRIED,relationships
single,adjective,einzel,A2,FOR ONE,describing things
single,adjective,einzel,B2,ONE,describing things
single,noun,einzel,B1,,travel
"single/double, etc. figures",phrase,Einzel-/Doppelfiguren usw,C2,,
single parent,phrase,alleinerziehender Elternteil,B1,,relationships
single ticket,phrase,Einzelticket,B1,,travel
singular,adjective,Singular,A2,,
singular,noun,Singular,A2,,
sink,verb,Waschbecken,B1,GO DOWN BELOW,
sink,noun,Waschbecken,A2,,buildings
sink,verb,Waschbecken,B2,FALL,
sip,verb,Schluck,C1,,food and drink
sip,noun,Schluck,C2,,food and drink
sir,noun,Herr,B1,FORM OF ADDRESS,communication
siren,noun,Sirene,C2,,
sister,noun,Schwester,A1,,relationships
sister-in-law,noun,Schwägerin,B2,,relationships
sit,verb,sitzen,A1,BODY POSITION,
sit,verb,sitzen,A2,MOVE BODY,people: actions
sit,verb,sitzen,B2,TEST/EXAM,"education, people: actions"
site,noun,Website,A2,INTERNET,technology
site,noun,Website,B1,PLACE,
"sit sb down/at/in, etc.",phrase,sich hinsetzen/bei/in usw.,C2,,
sitting room,noun,Wohnzimmer,A2,,buildings
situation,noun,Situation,B1,,
sit up/stand up straight,phrase,aufrecht sitzen/aufrecht stehen,B2,,body and health
six,number,sechs,A1,,
sixteen,number,sechzehn,A1,,
sixth,number,sechste,A2,,
sixty,number,sechzig,A2,,
size,noun,Größe,A2,AMOUNT,describing things
size,noun,Größe,A2,MEASURE,describing things
skate,noun,Schlittschuh,A2,,
skate,verb,Schlittschuh,B1,,"people: actions, shopping"
skateboard,noun,Skateboard,A2,,shopping
skateboarding,noun,Skateboarden,A2,,"people: actions, shopping"
skating,noun,Skaten,A2,,"people: actions, shopping"
skeleton,noun,Skeleton,B2,,body and health
sketch,noun,skizzieren,C1,PICTURE,arts and media
sketch,noun,skizzieren,C2,DESCRIPTION,
sketch,noun,skizzieren,C1,ACTING,
sketch sth out,phrasal verb,skizzieren,C2,,
ski,noun,Ski,B1,,shopping
ski,verb,Ski,B1,,"people: actions, shopping"
skiing,noun,Skifahren,A2,,"people: actions, shopping"
skilful,adjective,geschickt,B2,GOOD AT,people: personality
skilful,adjective,geschickt,C1,DONE WELL,
skill,noun,Fähigkeit,B1,,people: personality
skilled,adjective,kompetent,B2,,"people: personality, work"
skin,noun,Haut,B2,FRUIT,natural world
skin,noun,Haut,B1,BODY,body and health
skip,verb,überspringen,B2,NOT DO,people: actions
skip,verb,überspringen,C1,AVOID,communication
skirt,noun,Rock,A1,,clothes
skull,noun,Schädel,C2,,body and health
sky,noun,Himmel,A2,,natural world
slam,verb,zuschlagen,B2,CLOSE,people: actions
"slam sth down/onto/into, etc.",phrase,niederschlagen/auf/hineinschlagen usw.,B2,,people: actions
slang,noun,Slang,C1,,communication
slap,verb,schlagen,B2,,people: actions
slap,noun,schlagen,C2,,
slash,noun,Schrägstrich,B2,,communication
slaughter,noun,schlachten,C2,,
slave,noun,Sklave,B2,,work
slavery,noun,Sklaverei,C1,,
sleep,verb,schlafen,A1,NOT AWAKE,
sleep,noun,schlafen,B1,NOT AWAKE,
sleep,noun,schlafen,B1,PERIOD OF SLEEPING,
sleep on it,phrase,schlafe darauf,C2,,
sleep with sb,phrasal verb,mit schlafen,C2,,relationships
sleepy,adjective,schläfrig,B1,TIRED,
sleepy,adjective,schläfrig,C1,PLACE,
sleeve,noun,Ärmel,B1,CLOTHING,clothes
slender,adjective,schlank,C2,,
slice,noun,Scheibe,A2,FOOD,food and drink
slice,noun,Scheibe,C2,PART,
slice,verb,Scheibe,B2,,people: actions
"slide (sth) across/down/along, etc.",phrase,(etw.) quer/runter/entlang usw. gleiten lassen,B2,,people: actions
slight,adjective,leicht,B2,,communication
slightly,adverb,leicht,B2,,communication
slim,adjective,schlank,A1,THIN,people: appearance
slim,adjective,schlank,C2,SMALL,
slip,verb,Beleg,B1,SLIDE,people: actions
slip,verb,Beleg,C2,OUT OF POSITION,
slip away,phrasal verb,entgleiten,C2,DISAPPEAR,
slip away,phrasal verb,entgleiten,C2,LEAVE,
slip away,phrasal verb,entgleiten,C2,DIE,
slip away,phrasal verb,entgleiten,C2,TIME,
slip out,phrasal verb,rausschlüpfen,C2,SAY SOMETHING,communication
"slip out/through, etc.",phrase,rausschlüpfen/durchschlüpfen usw.,C2,,
slippery,adjective,rutschig,C1,,
"slip sth into/through, etc.",phrase,hineinschlüpfen/durchschlüpfen usw.,C2,,people: actions
slip up,phrasal verb,ausrutschen,C2,,
slip your mind,phrase,vergiss deinen Verstand,C2,IDIOM,
slogan,noun,Slogan,C1,,communication
slope,noun,Neigung,B2,,
slot,noun,Slot,C1,HOLE,
slot,noun,Slot,C1,TIME,
slow,adjective,langsam,B2,NOT EXCITING,
slow,adjective,langsam,A1,NOT FAST,
slow,verb,langsam,C2,,people: actions
slow down,phrasal verb,verlangsamen,B2,,people: actions
slowly,adverb,langsam,A2,,
slow (sb/sth) down/up or slow down/up (sb/sth),phrasal verb,(jdn/etw) langsamer/rauf oder (jdn/etw) langsamer/rauf machen,B2,,people: actions
small,adjective,klein,A1,YOUNG,people: appearance
small,adjective,klein,A1,LITTLE,describing things
small,adjective,klein,A2,NOT IMPORTANT,
smart,adjective,schlau,B1,STYLISH,"clothes, people: appearance"
smart,adjective,schlau,B1,CLEVER,people: personality
smart,adjective,schlau,C1,TECHNOLOGY,technology
smash,verb,zerschlagen,B2,,people: actions
smell,verb,Geruch,B1,USE NOSE,people: actions
smell,verb,Geruch,B1,UNPLEASANT,
smell,verb,Geruch,B2,ABILITY,
smell,noun,Geruch,B1,CHARACTERISTIC,
smell,noun,Geruch,B2,ABILITY,body and health
smell,noun,Geruch,B2,UNPLEASANT,
"smell of/like; smell delicious/horrible, etc.",phrase,Geruch von/ähnlich; riecht köstlich/schrecklich usw.,B1,,
smile,verb,lächeln,B1,,"communication, people: actions, people: personality"
smile,noun,lächeln,B1,,"communication, people: personality"
smog,noun,SMOG,C1,,
smoke,noun,Rauch,B1,,
smoke,verb,Rauch,A1,,people: actions
smoker,noun,Raucher,B2,,people: actions
smoking,noun,Rauchen,A1,,people: actions
smoky,adjective,rauchig,C2,,
smooth,adjective,glatt,C2,MOVEMENT,
smooth,adjective,glatt,C1,PROCESS,
smooth,adjective,glatt,B1,REGULAR SURFACE,describing things
smoothly,adverb,glatt,B2,WITHOUT PROBLEMS,
smoothly,adverb,glatt,C2,WITHOUT SUDDEN MOVEMENTS,
smuggle,verb,schmuggeln,C1,,crime
snack,noun,Snack,A2,,food and drink
snake,noun,Schlange,A2,,animals
snap,verb,Schnapp,C2,BREAK,people: actions
snap,verb,Schnapp,C2,LOSE CONTROL,
snap,verb,Schnapp,C2,SPEAK ANGRILY,communication
snap (sth) open/shut/together,phrase,(etw.) auf-/zuklappen/zusammenschnappen,C2,,people: actions
snatch,verb,schnappen,C2,,people: actions
sneak a look/glance at sb/sth,phrase,einen kurzen Blick auf etw. werfen,C2,,people: actions
"sneak into/out/around, etc.",phrase,hinein/heraus/herumschleichen usw.,C2,,people: actions
"sneak sth into/out of/through, etc.",phrase,sich hineinschleichen/herausschleichen/durchschleichen usw.,C2,,people: actions
sneeze,verb,niesen,B2,,"body and health, people: actions"
sniff,verb,schnüffeln,C2,SMELL,people: actions
sniff,verb,schnüffeln,C2,MAKE A NOISE,people: actions
snob,noun,Snob,C2,,people: personality
snobbish,adjective,snobistisch,C2,,people: personality
snore,verb,schnarchen,B2,,people: actions
snow,noun,Schnee,A1,,natural world
snow,verb,Schnee,A2,WEATHER,natural world
snowboard,noun,Snowboard,B1,,shopping
snowboarding,noun,Snowboarden,A2,,"people: actions, shopping"
so,adverb,Also,A2,VERY,communication
so,adverb,Also,A2,MENTIONED EARLIER,
so,conjunction,Also,A2,REASON,
so,conjunction,Also,A2,SENTENCE BEGINNING,communication
soak,verb,einweichen,B2,PUT IN LIQUID,people: actions
soak,verb,einweichen,C1,MAKE WET,
soaked,adjective,durchnässt,B2,,
soaking,adjective,Einweichen,B2,,
soak up sth or soak sth up,phrasal verb,aufsaugen oder aufsaugen,B2,,
soap,noun,Seife,A2,FOR WASHING,
soap,noun,Seife,B1,TELEVISION PROGRAMME,arts and media
soap opera,noun,Seifenoper,B1,,arts and media
soar,verb,steigen,C2,INCREASE,
soar,verb,steigen,C2,IN THE SKY,
soaring,adjective,hochfliegend,C1,,
so as not to do sth,phrase,um es nicht zu tun,C1,,
so as to,phrase,damit,B2,,
sob,verb,schluchzen,B2,,"people: actions, people: personality"
sober,adjective,nüchtern,C2,SERIOUS,people: personality
sober,adjective,nüchtern,C2,NOT DRUNK,
sober,adjective,nüchtern,C2,NOT BRIGHT,describing things
so-called,adjective,sog,B2,NOT AS NAMED,communication
so-called,adjective,sog,B2,KNOWN AS,
sociable,adjective,gesellig,B1,,"people: personality, relationships"
social,adjective,sozial,B1,GOING OUT,
social,adjective,sozial,B2,SOCIETY,
socialism,noun,Sozialismus,C2,,politics
socialist,noun,sozialistisch,C1,,politics
socialize,verb,sozialisieren,B2,,relationships
social networking,noun,soziale Netzwerke,B1,,technology
society,noun,Gesellschaft,B1,PEOPLE,
society,noun,Gesellschaft,B2,ORGANIZATION,
sock,noun,Socke,A2,,clothes
"so did we/so have I/so is mine, etc.",phrase,so haben wir/so haben ich/so gehört mir usw.,B1,,
sofa,noun,Sofa,A2,,buildings
so far,phrase,bis jetzt,B1,,
so far so good,phrase,"So weit, ist es gut",C2,,
soft,adjective,weich,A2,NOT HARD,describing things
soft,adjective,weich,B1,GENTLE,
soft,adjective,weich,A2,SMOOTH,describing things
soft drink,noun,Erfrischungsgetränk,A2,,food and drink
softly,adverb,leise,B1,,
softness,noun,Weichheit,B2,,describing things
software,noun,Software,A2,,technology
soil,noun,Boden,B2,,natural world
solar,adjective,Solar-,B2,,natural world
soldier,noun,Soldat,B1,,
sole,adjective,"Sohle, einzig, alleinig",C1,,
solely,adverb,nur,C1,,
solicitor,noun,Rechtsanwalt,C1,,work
solid,adjective,solide,B2,HARD,describing things
solid,adjective,solide,C1,NOT LIQUID/GAS,describing things
solid,adjective,solide,B2,STRONG,describing things
solid,adjective,solide,C2,CERTAIN,
solidarity,noun,Solidarität,C1,,
"solid gold/silver/wood, etc.",phrase,massives Gold/Silber/Holz usw.,C1,,
solitary,adjective,einsam,C2,ONLY,
solitary,adjective,einsam,C2,DONE ALONE,
solitude,noun,Einsamkeit,C1,,
solo,adjective,Solo,B2,,
solo,noun,Solo,B2,,arts and media
solution,noun,Lösung,B1,,
solve,verb,lösen,B1,,
some,determiner,manche,A1,UNKNOWN AMOUNT,describing things
some,determiner,manche,B2,LARGE AMOUNT,describing things
some,determiner,manche,C1,NOT USING NAME,
some,pronoun,manche,A1,UNKNOWN AMOUNT,describing things
some,pronoun,manche,A1,NOT ALL,describing things
somebody,pronoun,jemand,A2,,
somehow,adverb,irgendwie,B2,REASON NOT CLEAR,
somehow,adverb,irgendwie,B1,WAY NOT KNOWN,
some kind of,phrase,irgendwie,B1,,
someone,pronoun,jemand,A2,,
something,pronoun,etwas,A1,THING,describing things
something like,phrase,so etwas wie,C2,,
something of a sth,phrase,so etwas wie ein,C2,,
sometimes,adverb,Manchmal,A1,,
somewhat,adverb,etwas,C1,,
somewhere,adverb,irgendwo,A2,PLACE,
"somewhere around/between, etc.",phrase,irgendwo in der Nähe/dazwischen usw.,B2,,describing things
so much for...,phrase,so viel zu...,C2,,
son,noun,Sohn,A1,,relationships
song,noun,Lied,A2,,arts and media
son-in-law,noun,Schwiegersohn,B2,,relationships
soon,adverb,bald,A2,AFTER SHORT PERIOD,
sooner or later,phrase,früher oder später,B2,,
soothing,adjective,beruhigend,C2,,describing things
sophisticated,adjective,anspruchsvoll,B2,WITH EXPERIENCE,people: personality
sophisticated,adjective,anspruchsvoll,B2,ADVANCED,technology
sore,adjective,wund,B1,PAINFUL,body and health
sorrow,noun,Kummer,C2,,people: personality
sorry,adjective,Entschuldigung,A2,SYMPATHY,communication
sorry,adjective,Entschuldigung,A1,APOLOGY,communication
sorry,adjective,Entschuldigung,B2,SAYING NO,people: personality
sort,noun,Sortieren,A2,TYPE,
sort,verb,Sortieren,B2,ORDER,people: actions
sort of,phrase,Irgendwie,B2,,describing things
sort out sth or sort sth out,phrasal verb,aussortieren oder aussortieren,B2,SOLVE PROBLEM,people: actions
sort out sth or sort sth out,phrasal verb,aussortieren oder aussortieren,B2,TIDY,people: actions
so (that),phrase,so dass),B1,,
so to speak,phrase,sozusagen,C2,,communication
soul,noun,Seele,B2,SPIRIT,people: personality
soul,noun,Seele,A2,MUSIC,arts and media
soul,noun,Seele,B2,PERSON,
sound,noun,Klang,A2,HEAR,
"sound angry/happy/rude, etc.",phrase,klingen wütend/glücklich/unhöflich usw.,B2,,people: personality
"sound good/interesting/strange, etc.",phrase,klingt gut/interessant/seltsam usw.,A2,,
sound like/as if/as though,phrase,klingen wie/als ob/als ob,B1,,
soundtrack,noun,Soundtrack,B2,,arts and media
soup,noun,Suppe,A1,,food and drink
sour,adjective,sauer,B1,,food and drink
source,noun,Quelle,B2,COME FROM,
source,noun,Quelle,C1,PERSON,
south,noun,Süden,A2,DIRECTION,
south,adjective,Süden,A2,,
south,adverb,Süden,A2,,
southeast,noun,Südost,B1,,
southeast,adjective,Südost,B1,,
southern,adjective,Süd-,B1,,
southwest,noun,Südwesten,B1,,
southwest,adjective,Südwesten,B1,,
souvenir,noun,Souvenir,B1,,travel
sow,verb,Sau,C1,,people: actions
soya,noun,Soja,C1,,food and drink
space,noun,Raum,A2,EMPTY PLACE,
space,noun,Raum,B1,BEYOND EARTH,natural world
space,noun,Raum,B2,AREA AROUND,
spacious,adjective,geräumig,C1,,describing things
spade,noun,Spaten,C2,,
spam,noun,Spam,C1,,technology
spare,adjective,Ersatzteil,B1,EXTRA,
spare,verb,Ersatzteil,C1,GIVE,
spare a thought for sb,phrase,Denken Sie darüber nach,C2,,
"spare no effort/expense, etc.",phrase,keine Mühen/Kosten usw. scheuen.,C2,,
spare time,phrase,Freizeit,A2,,work
spark,noun,Funke,C2,FIRE,
spark,noun,Funke,C2,START,
spark,verb,Funke,C2,,
sparkling,adjective,funkelnd,B2,SHINING,
sparkling,adjective,funkelnd,C1,SPECIAL,describing things
sparkling water/wine,phrase,Mineralwasser/Wein,B1,,food and drink
sparsely,adverb,dünn,C2,,
speak,verb,sprechen,A1,SAY WORDS,communication
speak,verb,sprechen,A1,LANGUAGE,communication
speak,verb,sprechen,B2,IN PUBLIC,
speak about/of sth,phrase,über/über sprechen,B1,,
speaker,noun,Lautsprecher,A2,EQUIPMENT,technology
speaker,noun,Lautsprecher,B1,PERSON,communication
speaker,noun,Lautsprecher,B1,IN PUBLIC,communication
speak for/on behalf of sb,phrase,für/im Namen von sprechen,C1,,communication
speaks for itself,phrase,spricht für sich,C2,,
speak up,phrasal verb,sprich laut,B2,,communication
speak volumes,phrase,sprechen Bände,C2,IDIOM,communication
speak your mind,phrase,Sagen Sie Ihre Meinung,C2,,
special,adjective,besonders,A2,VERY GOOD,describing things
special,adjective,besonders,B1,DIFFERENT,
special attention/care/treatment,phrase,besondere Aufmerksamkeit/Pflege/Behandlung,B2,,
specialist,noun,Spezialist,B2,,people: personality
speciality,noun,Spezialität,C1,,
specialize,verb,spezialisieren,B2,,"education, work"
specially,adverb,speziell,B1,,
special offer,phrase,Sonderangebot,B1,,"money, shopping"
species,noun,Spezies,B2,,animals
specific,adjective,spezifisch,C1,EXACT,
specific,adjective,spezifisch,B2,PARTICULAR THING,
specifically,adverb,speziell,C1,PARTICULAR PURPOSE,
specifically,adverb,speziell,C1,EXACTLY,
specification,noun,Spezifikation,C1,,
specify,verb,angeben,B2,,communication
specimen,noun,Probe,C2,,
spectacular,adjective,spektakulär,B1,,
spectator,noun,Zuschauer,B2,,"arts and media, shopping"
spectrum,noun,Spektrum,C2,COLOURS,
spectrum,noun,Spektrum,C1,ALL POSSIBILITIES,
speculate,verb,spekulieren,C2,,
speculation,noun,Spekulation,C1,,
speech,noun,Rede,B1,ABILITY TO TALK,communication
speech,noun,Rede,B2,FORMAL TALK,communication
speechless,adjective,sprachlos,C1,,people: personality
speed,noun,Geschwindigkeit,B2,MOVEMENT,
speed,noun,Geschwindigkeit,B1,RATE OF MOVEMENT,
spell,verb,Fluch,A2,,communication
spelling,noun,Rechtschreibung,A2,,communication
spend,verb,ausgeben,A2,TIME,people: actions
spend,verb,ausgeben,A2,MONEY,"money, people: actions, shopping"
spending,noun,Ausgaben,C2,,money
sphere,noun,Kugel,C1,,
spice,noun,würzen,B1,FOOD,food and drink
spice,noun,würzen,C2,EXCITEMENT,
spicy,adjective,scharf,B1,,food and drink
spider,noun,Spinne,B1,,animals
spill,verb,verschütten,B1,,people: actions
spin,verb,drehen,C1,TURN,
spinach,noun,Spinat,B1,,food and drink
spine,noun,Wirbelsäule,C1,,body and health
spin (sb) around/round,phrasal verb,(jdn) herumdrehen,C2,,people: actions
spirit,noun,Geist,B2,WAY OF FEELING,people: personality
spirit,noun,Geist,B2,GHOST,
spirit,noun,Geist,C1,NOT BODY,
spirit,noun,Geist,C1,DRINK,food and drink
spiritual,adjective,spirituell,B2,,people: personality
spiritually,adverb,spirituell,C2,,
spit,verb,spucken,C2,,people: actions
spite,noun,Trotz,C2,FEELING,people: personality
splash,verb,Spritzen,B2,LIQUID,people: actions
splash,noun,Spritzen,B2,SOUND,
splash,noun,Spritzen,C2,DROP OF LIQUID,
"splash about/around/through, etc.",phrase,herumspritzen/durchspritzen usw.,B2,,people: actions
splash out,phrasal verb,herausspritzen,C2,,
splendid,adjective,prächtig,C1,,describing things
splendour,noun,Pracht,C2,,
split,verb,Teilt,B2,DIVIDE,people: actions
split,verb,Teilt,C1,SHARE,
split,verb,Teilt,C2,COME APART,people: actions
split,verb,Teilt,C2,DISAGREE,
split up,phrasal verb,aufteilen,B1,,"people: actions, relationships"
spoil,verb,verderben,B1,MAKE BAD,people: actions
spoil,verb,verderben,C1,CHILD,
spokesman,noun,Sprecher,C1,,
spokesperson,noun,Sprecher,C1,,
sponsor,verb,Sponsor,B2,,money
sponsor,noun,Sponsor,B2,,money
sponsorship,noun,Sponsoring,C1,,money
spoon,noun,Löffel,A2,,food and drink
sport,noun,Sport,A1,GAME,shopping
sport,noun,Sport,A1,PHYSICAL ACTIVITY,shopping
sports,adjective,Sport,B1,,shopping
sports centre,noun,Sportzentrum,A2,,"buildings, shopping"
sporty,adjective,sportlich,C1,,shopping
spot,noun,Stelle,B1,CIRCLE,
spot,noun,Stelle,B2,PLACE,
spot,noun,Stelle,B2,SKIN,body and health
spot,verb,Stelle,B2,,people: actions
spotless,adjective,makellos,C2,,describing things
spotlight,noun,Scheinwerfer,C2,,arts and media
spouse,noun,Ehepartner,C2,,relationships
spray,noun,Spray,B2,,
spray,verb,Spray,B2,,people: actions
spread,verb,verbreiten,B2,INFORMATION,communication
spread,verb,verbreiten,B2,GRADUALLY AFFECT,
spread,verb,verbreiten,B2,COVER AREA,
spread,verb,verbreiten,C1,ARRANGE,people: actions
spread,verb,verbreiten,C2,SURFACE,people: actions
spread,verb,verbreiten,C2,TIME,
spread,noun,verbreiten,B2,MOVEMENT,
spread out,phrasal verb,ausbreiten,B2,,people: actions
spreadsheet,noun,Kalkulationstabelle,B2,,"communication, technology"
spring,noun,Frühling,A2,SEASON,natural world
spring,noun,Frühling,C1,WATER,natural world
"spring back/forward/out, etc.",phrase,zurück/vorwärts/heraus springen usw.,C2,,
spring from sth,phrasal verb,entspringen,C2,,
spring to mind,phrase,fallen mir ein,C2,,
spring up,phrasal verb,aufspringen,C2,,
sprinkle,verb,streuen,C2,,people: actions
spur,verb,Sporn,C2,,
spy,noun,Spion,B1,,
spy,verb,Spion,C1,INFORMATION,
spy on sb,phrasal verb,ausspionieren,C2,,
squad,noun,Kader,C2,,shopping
squander,verb,verschwenden,C2,,money
square,noun,Quadrat,A2,SHAPE,describing things
square,noun,Quadrat,A2,IN TOWN,
square,adjective,Quadrat,A2,,describing things
squash,verb,quetschen,B2,PUSH INTO,people: actions
squash,verb,quetschen,B2,CRUSH FLAT,people: actions
squash,noun,quetschen,B1,,shopping
squeak,verb,quietschen,C2,,
squeaky,adjective,quietschend,C2,SOUND,
squeeze,verb,quetschen,B2,PRESS,people: actions
squeeze sb/sth in or squeeze in sb/sth,phrasal verb,etw. hineinquetschen oder etw. hineinquetschen,C2,,
squeeze (sb/sth) in/squeeze (sb/sth) into sth,phrasal verb,jdn/etw. hineinzwängen/jdn/etw. hineinquetschen,B2,,people: actions
"squeeze through/past, etc.",phrase,durch/vorbei quetschen usw.,C1,,people: actions
stab,verb,stechen,B2,,"crime, people: actions"
stability,noun,Stabilität,C1,,
stable,adjective,stabil,C1,SITUATION,
stable,noun,stabil,C2,,buildings
stable,adjective,stabil,C1,PERSON,people: personality
stadium,noun,Stadion,A2,,"buildings, shopping"
staff,noun,Personal,A2,,work
stage,noun,Bühne,A2,THEATRE,arts and media
stage,noun,Bühne,B2,PART,
"stage a concert/show, etc.",phrase,ein Konzert/eine Show usw. veranstalten.,C2,,"arts and media, people: actions"
stagger,verb,staffeln,C2,,people: actions
staggering,adjective,Staffelung,C1,,describing things
stain,verb,Fleck,C2,MARK,people: actions
stain,noun,Fleck,B2,,
stain,verb,Fleck,C2,DAMAGE,
staircase,noun,Treppe,C1,,buildings
stairs,noun,Treppe,A2,,buildings
stale,adjective,abgestanden,C1,,food and drink
stall,noun,Stall,B1,,shopping
stamina,noun,Ausdauer,C1,,body and health
stamp,noun,Stempel,A2,,communication
stamp,verb,Stempel,B2,MARK,
stamp,verb,Stempel,C2,FOOT,people: actions
stance,noun,Haltung,C2,,
stand,verb,Stand,A2,VERTICAL,
stand,verb,Stand,A2,RISE,people: actions
stand,verb,Stand,C2,STATE,
stand,verb,Stand,C1,NOT BE DESTROYED,
stand,verb,Stand,C1,ACCEPT,
stand,verb,Stand,C2,ELECTION,
stand,noun,Stand,C1,FOR SELLING/SHOWING,
stand,noun,Stand,C2,FURNITURE,
stand a chance,phrase,eine Chance haben,C2,,
standard,noun,Standard,B2,QUALITY,
standard,noun,Standard,C2,BEHAVIOUR,people: personality
standard,adjective,Standard,B2,,describing things
standard of living,phrase,Lebensstandard,B2,,money
stand at sth,phrase,stehen bei,C1,,
stand back,phrasal verb,zurücktreten,B2,,people: actions
stand by sb,phrasal verb,stehen zu,B2,,relationships
stand for sth,phrasal verb,stehen für,B2,REPRESENT,politics
stand for sth,phrasal verb,stehen für,B2,LETTERS,communication
stand in,phrasal verb,einstehen,C2,,
stand out,phrasal verb,hervorstechen,B2,EASY TO SEE,
stand out,phrasal verb,hervorstechen,B2,BE BETTER,
standpoint,noun,Standpunkt,C2,,
"stand (sth) in/against/by, etc. sth",phrase,(etw) in/gegen/beistehen usw.,B2,,people: actions
stand to gain/lose sth,phrase,"stehen, um zu gewinnen/zu verlieren",C2,,
stand trial,phrase,vor Gericht stehen,C2,,crime
stand up for sth/sb,phrasal verb,sich für jdn. einsetzen,B2,,communication
stand up sb or stand sb up,phrasal verb,aufstehen oder aufstehen,B2,,relationships
stand up to sb/sth,phrasal verb,sich / etw. widersetzen,C1,,
stand your ground,phrase,Bleiben Sie standhaft,C2,IDIOM,
star,noun,Stern,A2,PERFORMER,arts and media
star,noun,Stern,A2,OBJECT IN SPACE,natural world
star,noun,Stern,A2,SHAPE,describing things
star,noun,Stern,C1,BEST,
star,verb,Stern,B1,,arts and media
stardom,noun,Ruhm,C2,,
stare,verb,starren,B2,,people: actions
start,verb,Start,A1,BEGIN,people: actions
start,verb,Start,B1,MAKE HAPPEN,people: actions
start,verb,Start,B2,BUSINESS,"people: actions, work"
start,verb,Start,B2,SWITCH ON,"people: actions, technology"
start,noun,Start,B1,BEGINNING,
start,noun,Start,C2,ADVANTAGE,
start out,phrasal verb,beginnen,C1,,
start (sth) off or start off(sth),phrasal verb,(etw) beginnen oder (etw) beginnen,B1,,people: actions
starvation,noun,Hunger,C2,,body and health
starve,verb,verhungern,C1,,body and health
starving,adjective,verhungern,B2,ILL/DYING,"body and health, food and drink"
starving,adjective,verhungern,B2,HUNGRY,food and drink
state,noun,Zustand,B2,CONDITION,
state,noun,Zustand,C1,COUNTRY,natural world
state,verb,Zustand,B2,,communication
state,adjective,Zustand,B2,,politics
statement,noun,Stellungnahme,B2,THING SAID,communication
statement,noun,Stellungnahme,C2,MONEY,
state-of-the-art,adjective,Stand der Technik,C1,,describing things
station,noun,Station,A1,TRAINS,"buildings, travel"
station,noun,Station,B1,BROADCASTING,arts and media
statistic,noun,Statistik,C1,,
statistical,adjective,statistisch,C1,,
statistics,noun,Statistiken,B2,,
statue,noun,Statue,B1,,arts and media
status,noun,Status,C1,,
status symbol,noun,Statussymbol,C1,,
stay,verb,bleiben,A1,NOT LEAVE,
stay,verb,bleiben,A2,LIVE,travel
stay,verb,bleiben,B1,CONTINUE,
stay,noun,bleiben,B1,,travel
stay away from sth,phrasal verb,halte dich davon fern,C1,,
stay behind,phrasal verb,bleib zurück,B1,,people: actions
stay in,phrasal verb,bleib drin,B1,,
stay on,phrasal verb,bleib dran,C1,,
stay out,phrasal verb,bleib draußen,B2,,people: actions
stay out of sth,phrasal verb,halte dich fern,C2,,
stay over,phrasal verb,bleib drüben,B2,,travel
stay put,phrase,bleib sitzen,C2,,
stay up,phrasal verb,bleib oben,B2,,
steadily,adverb,ständig,B2,,
steady,adjective,stetig,B2,GRADUAL,
steady,adjective,stetig,B2,STILL,
steady,adjective,stetig,C1,NOT CHANGING,
steady job/work,phrase,fester Job/Arbeit,C2,,work
steady/strong nerves,phrase,stabile/starke Nerven,B2,,people: personality
steak,noun,Steak,A2,,food and drink
steal,verb,stehlen,A2,,"crime, people: actions"
steam,noun,Dampf,B2,GAS,natural world
steel,noun,Stahl,B2,,natural world
steep,adjective,steil,B1,SLOPE,
steep,adjective,steil,C1,LARGE,
steer,verb,steuern,B2,CONTROL DIRECTION,"people: actions, travel"
steer clear of sb/sth,phrase,sich von etw. fernhalten,C2,,
steering wheel,noun,Lenkrad,B2,,travel
stem from sth,phrasal verb,stammen aus,C1,,
step,noun,Schritt,B1,FOOT MOVEMENT,people: actions
step,noun,Schritt,B1,STAIR,buildings
step,noun,Schritt,B2,STAGE,
"step back/forward/over, etc.",phrase,einen Schritt zurück/vor/übergehen usw.,B1,,people: actions
step by step,phrase,Schritt für Schritt,C1,,
step down,phrasal verb,zurücktreten,C2,,work
stepfather,noun,Stiefvater,B2,,relationships
stepmother,noun,Stiefmutter,B2,,relationships
step on/in sth,phrase,ein-/aussteigen,B1,,people: actions
stereotype,noun,Stereotyp,C1,,
stereotypical,adjective,stereotyp,C2,,people: personality
stern,adjective,Stern,C2,,people: personality
stick,verb,Stock,B1,FIX,people: actions
stick,noun,Stock,B1,THIN PIECE,
stick by sb,phrasal verb,bleib dran,C2,,relationships
stick out,phrasal verb,hervorstechen,B2,,
"stick (sth) in/into/through, etc.",phrase,(etw) hinein/in/durch stecken usw.,B2,,people: actions
stick together,phrasal verb,zusammenhalten,B2,,relationships
stick to sth,phrasal verb,bleib dabei,B2,,people: actions
stick up for sb/sth,phrasal verb,sich für etw. einsetzen,C2,,communication
stick with sth/sb,phrasal verb,bei jdm. bleiben,B2,,
sticky,adjective,klebrig,B1,THAT CAN STICK,
stiff,adjective,steif,B2,HARD,describing things
stiff,adjective,steif,B2,DIFFICULT TO MOVE,describing things
stiff,adjective,steif,C2,FORMAL,people: personality
stiff,adjective,steif,C2,SEVERE,
"stiff drink/whisky/vodka, etc.",phrase,starkes Getränk/Whisky/Wodka usw.,C2,,food and drink
still,adverb,Trotzdem,A2,CONTINUING,
still,adverb,Trotzdem,B1,DESPITE,
still,adjective,Trotzdem,B1,DRINK,food and drink
still,adjective,Trotzdem,C2,WATER/AIR,
still,adjective,Trotzdem,B2,NOT MOVING,
stimulate,verb,stimulieren,B2,ENCOURAGE,people: actions
stimulate,verb,stimulieren,B2,MAKE EXCITED,people: personality
stimulus,noun,Stimulus,C2,,
stir,verb,Aufsehen,B1,MIX,"food and drink, people: actions"
stir,verb,Aufsehen,C2,MOVE,
stir,verb,Aufsehen,C2,FEEL,
stir up sth or stir sth up,phrasal verb,aufrühren oder aufrühren,C2,,
stitch,noun,Stich,C2,THREAD,
stitch,noun,Stich,C2,WOUND,body and health
stock,noun,Aktie,B2,SHOP,shopping
stock,verb,Aktie,C1,,shopping
stocking,noun,Strumpf,C1,,clothes
stock market,noun,Börse,C1,,money
stomach,noun,Magen,A2,,body and health
stomach ache,noun,Bauchschmerzen,A2,,body and health
stone,noun,Stein,B1,JEWEL,natural world
stone,noun,Stein,B1,ROCK,natural world
stone,noun,Stein,C2,SEED,food and drink
stool,noun,Hocker,B2,,buildings
stop,verb,stoppen,A1,FINISH,people: actions
stop,verb,stoppen,A2,BUS/TRAIN,travel
stop,verb,stoppen,B1,PREVENT,people: actions
stop,verb,stoppen,A2,PAUSE,
stop,verb,stoppen,B1,NOT MOVE,people: actions
stop,verb,stoppen,B1,NOT OPERATE,technology
stop,noun,stoppen,A1,PLACE,travel
stop,noun,stoppen,B1,JOURNEY/ACTIVITY,
stop at nothing,phrase,vor nichts Halt machen,C1,,
stopover,noun,Zwischenstopp,B2,,travel
stop over,phrasal verb,einen Zwischenstopp einlegen,B2,,"people: actions, travel"
stop short of sth/doing sth,phrase,aufhören/tun,C2,,
storage,noun,Lagerung,B2,,
store,noun,speichern,B1,,"buildings, shopping"
store,verb,speichern,B2,KEEP,people: actions
store,verb,speichern,B2,COMPUTER,"people: actions, technology"
store up sth,phrasal verb,speichern,C2,KEEP,
store up sth,phrasal verb,speichern,C1,REMEMBER,
storey,noun,Etage,B2,,buildings
storm,noun,Sturm,A2,,natural world
stormy,adjective,stürmisch,C1,ARGUING,describing things
stormy,adjective,stürmisch,B2,WEATHER,natural world
story,noun,Geschichte,A2,DESCRIPTION,communication
story,noun,Geschichte,B2,REPORT,"arts and media, communication"
story,noun,Geschichte,C2,EXPLANATION,communication
straight,adjective,gerade,A2,NOT CURVING,describing things
straight,adjective,gerade,B2,HONEST,communication
straight,adjective,gerade,B2,LEVEL,describing things
straight,adverb,gerade,B1,IMMEDIATELY,
straight,adverb,gerade,A2,LINE,
straight away,phrase,sofort,B1,,
straightforward,adjective,einfach,B2,,
strain,noun,Beanspruchung,B2,PRESSURE,
strain,noun,Beanspruchung,C2,INJURY,body and health
strain,noun,Beanspruchung,B2,WORRY,people: personality
strain,verb,Beanspruchung,B2,INJURE,"body and health, people: actions"
strain,verb,Beanspruchung,C2,MONEY,
strand,noun,Strand,C2,THREAD,
strand,noun,Strand,C2,PART OF STORY,
stranded,adjective,gestrandet,C2,,
strange,adjective,seltsam,A2,UNUSUAL,
strange,adjective,seltsam,B1,NOT FAMILIAR,
strangely,adverb,seltsam,B2,,
strangely enough,phrase,seltsamerweise,B2,,
stranger,noun,Fremder,B1,,relationships
strap,noun,Gurt,C2,,clothes
strategic,adjective,strategisch,C1,,
strategically,adverb,strategisch,C2,,
strategy,noun,Strategie,B2,,
straw,noun,Stroh,C2,TUBE,food and drink
straw,noun,Stroh,C1,,natural world
strawberry,noun,Erdbeere,B1,,food and drink
stream,noun,Strom,B1,SMALL RIVER,natural world
street,noun,Straße,A1,,travel
Street,phrase,Straße,A1,,
strength,noun,Stärke,B2,STRONG,people: appearance
strength,noun,Stärke,C1,GOOD QUALITIES,
strength,noun,Stärke,C1,BEING BRAVE,people: personality
strength,noun,Stärke,C2,INFLUENCE,
strengthen,verb,stärken,B2,,people: appearance
strenuous,adjective,anstrengend,C2,,
stress,noun,Stress,B1,WORRY,people: personality
stress,noun,Stress,C1,IMPORTANCE,
stress,noun,Stress,B2,PRONUNCIATION,communication
stress,verb,Stress,B2,EMPHASIZE,communication
stress,verb,Stress,B2,PRONOUNCE,communication
stressed,adjective,betont,B1,,people: personality
stressful,adjective,stressig,B1,,people: personality
stretch,verb,strecken,B2,MAKE BIGGER,people: actions
stretch,verb,strecken,B2,BODY,people: actions
stretch,noun,strecken,C1,,natural world
"stretch away/into, etc.",phrase,sich weg/nach innen strecken usw.,C2,,
strict,adjective,strikt,B1,PERSON,people: personality
strict,adjective,strikt,B2,RULE,crime
strict,adjective,strikt,B2,BEHAVIOUR,people: personality
strict,adjective,strikt,C2,EXACT,
strictly,adverb,streng,B2,EXACTLY,
strictly forbidden/prohibited,phrase,strengstens verboten/verboten,B2,,
strike,verb,schlagen,B1,HIT,people: actions
strike,verb,schlagen,B2,THINK,
strike,verb,schlagen,B2,STOP WORK,work
strike,verb,schlagen,C2,EFFECT,
strike,noun,schlagen,B1,,work
strike a balance,phrase,einen Ausgleich schaffen,C1,,
strike a match,phrase,ein Streichholz anzünden,C2,,
"strike gold, oil, etc.",phrase,"auf Gold, Öl usw. stoßen",C2,,
striker,noun,Stürmer,C1,WORKER,work
striker,noun,Stürmer,C2,FOOTBALL PLAYER,shopping
strike sb as sth,phrase,schlagen als,C2,,
striking,adjective,auffällig,B2,,
string,noun,Zeichenfolge,B2,ROPE,
string,noun,Zeichenfolge,B2,MUSICAL INSTRUMENT,arts and media
strip,noun,Streifen,C1,,describing things
stripe,noun,Streifen,B1,,describing things
strive,verb,streben,C2,,
stroke,noun,Schlaganfall,B2,ILLNESS,body and health
stroke,noun,Schlaganfall,C1,SWIMMING,shopping
stroke,noun,Schlaganfall,C2,MOVEMENT,
stroke,verb,Schlaganfall,B2,,people: actions
stroll,noun,Spaziergang,C1,,
"stroll along/down/through, etc.",phrase,entlang/unten/durch schlendern usw.,C1,,people: actions
strong,adjective,stark,A2,PHYSICALLY POWERFUL,people: appearance
strong,adjective,stark,B1,DIFFICULT TO BREAK,describing things
strong,adjective,stark,B1,NOTICEABLE,describing things
strong,adjective,stark,B1,PRODUCED WITH POWER,
strong,adjective,stark,B1,RELATIONSHIP,relationships
strong,adjective,stark,B2,GOOD QUALITY,describing things
strong,adjective,stark,B2,PERSONALITY,people: personality
strong,adjective,stark,B2,DETERMINED,people: personality
strong language,phrase,starke Sprache,C1,,communication
strongly,adverb,stark,B2,,communication
"strong opposition/support, etc.",phrase,starker Widerstand/Unterstützung usw.,C2,,
structural,adjective,strukturell,C2,,
structure,noun,Struktur,B2,WAY PARTS ARE ARRANGED,buildings
structure,noun,Struktur,C2,BUILDING,buildings
structure,verb,Struktur,C2,,
structured,adjective,strukturiert,C2,,
struggle,verb,Kampf,B2,TRY HARD,people: actions
struggle,verb,Kampf,C2,TRY TO DEFEAT/PREVENT,people: actions
struggle,verb,Kampf,B2,FIGHT,people: actions
struggle,noun,Kampf,B2,EFFORT,people: actions
struggle,noun,Kampf,B2,FIGHT,people: actions
stubborn,adjective,hartnäckig,B2,,people: personality
stubbornness,noun,Sturheit,C2,,people: personality
stuck,adjective,gesteckt,B2,NOT MOVE,
stuck,adjective,gesteckt,C1,NOT CONTINUE,
student,noun,Student,A1,,education
studies,phrase,Studien,A2,,"education, people: actions"
studio,noun,Studio,B1,FILM,"arts and media, buildings"
studio,noun,Studio,B1,TV/RADIO/MUSIC,"arts and media, buildings"
studio,noun,Studio,B2,ART,"arts and media, buildings"
study,noun,Studie,B1,ROOM,buildings
study,noun,Studie,B2,LEARNING,"education, people: actions"
study,noun,Studie,B2,EXAMINING,people: actions
study,verb,Studie,A1,UNIVERSITY/SCHOOL,"education, people: actions"
study,verb,Studie,B2,EXAMINE,education
study,verb,Studie,B2,LOOK AT,people: actions
stuff,noun,Sachen,B1,SUBSTANCE,
"stuff sth in/into/behind, etc.",phrase,Sachen in/in/hinter usw.,C2,,relationships
stumble,verb,stolpern,C2,FALL,
stumble,verb,stolpern,C2,PAUSE,
stumble across/on/upon sth/sb,phrasal verb,über/auf/auf/über jdn. stolpern,C2,,
stunned,adjective,betäubt,C2,,people: personality
stunning,adjective,atemberaubend,B2,,describing things
stupid,adjective,dumm,B1,,people: personality
stupidity,noun,Dummheit,C2,,people: personality
style,noun,Stil,B1,FASHION,
style,noun,Stil,B1,WAY,
style,noun,Stil,B2,QUALITY,people: appearance
stylish,adjective,stilvoll,B1,,clothes
subconsciously,adverb,unbewusst,C2,,
subject,noun,Thema,B1,GRAMMAR,
subject,noun,Thema,A1,STUDY,education
subject,noun,Thema,B1,THING TALKED ABOUT,communication
subject,adjective,Thema,C2,STORY/PAINTING,
subjective,adjective,subjektiv,C1,,
subject sb/sth to sth,phrasal verb,Thema/etw,C2,,
subject to sth,phrase,unterliegen,C2,,
subject to sth,phrase,unterliegen,C1,,
submit,verb,einreichen,B2,GIVE,"communication, people: actions"
submit,verb,einreichen,C2,OBEY,
subsequent,adjective,anschließend,C1,,
subsequently,adverb,anschließend,C1,,
subsidy,noun,Subvention,C1,,money
substance,noun,Substanz,B2,MATERIAL,
substantial,adjective,erheblich,B2,,describing things
substantially,adverb,im Wesentlichen,C1,,
substitute,verb,Ersatz,B2,,people: actions
substitute,noun,Ersatz,B2,,
substitution,noun,Auswechslung,C1,,
subtitles,noun,Untertitel,C1,,arts and media
subtle,adjective,subtil,C2,NOT STRONG,
subtle,adjective,subtil,C2,NOT OBVIOUS,
subtle,adjective,subtil,C2,CLEVER,
suburb,noun,Vorort,B2,,natural world
subway,noun,U-Bahn,B2,,travel
succeed,verb,gelingen,B1,,people: actions
success,noun,Erfolg,B1,ACHIEVEMENT,
success,noun,Erfolg,B1,GOOD THING,
successful,adjective,erfolgreich,B1,ACHIEVEMENT,
successful,adjective,erfolgreich,B2,WORK,
successful,adjective,erfolgreich,B2,POPULAR,
successfully,adverb,erfolgreich,B2,,
successive,adjective,sukzessive,C2,,
successor,noun,Nachfolger,C1,PERSON,work
successor,noun,Nachfolger,C2,THING,
succumb,verb,erliegen,C2,NOT STOP,
succumb,verb,erliegen,C2,SUFFER,body and health
such,determiner,solch,B2,REFER TO PERSON/THING,
such,pronoun,solch,C2,,
such a(n),phrase,so ein(n),A2,,communication
such as,phrase,wie zum Beispiel,A2,,communication
suck,verb,saugen,C2,,
sudden,adjective,plötzlich,B2,,
suddenly,adverb,plötzlich,B1,,
sue,verb,verklagen,C1,,
suffer,verb,leiden,B2,FEEL PAIN,"body and health, people: personality"
suffer,verb,leiden,B2,EXPERIENCE,people: personality
sufferer,noun,Leidende,C2,,body and health
suffer from sth,phrase,leiden darunter,B1,,body and health
suffering,noun,leiden,B2,,"body and health, people: personality"
sufficient,adjective,ausreichend,B2,,describing things
sufficiently,adverb,ausreichend,C1,,describing things
suffix,noun,Suffix,B2,,
sugar,noun,Zucker,A1,,food and drink
suggest,verb,vorschlagen,B1,IDEA,communication
suggest,verb,vorschlagen,B1,ADVICE,communication
suggest,verb,vorschlagen,B2,SEEM TRUE,
suggestion,noun,Anregung,B1,IDEA,communication
suicide,noun,Selbstmord,B2,,
suit,noun,Anzug,A2,,clothes
suit,verb,Anzug,B2,LOOK ATTRACTIVE,"clothes, people: appearance"
suit,verb,Anzug,B2,BE RIGHT,
suitability,noun,Eignung,C1,,
suitable,adjective,geeignet,B1,,
suitably,adverb,geeignet,B2,,
suitcase,noun,Koffer,A2,,travel
sum,noun,Summe,B1,,money
summarize,verb,zusammenfassen,C1,,communication
summary,noun,Zusammenfassung,B2,,communication
summer,noun,Sommer,A1,,natural world
summit,noun,Gipfel,C2,MEETING,
summit,noun,Gipfel,C1,MOUNTAIN,
summon,verb,beschwören,C2,ORDER,
summon,verb,beschwören,C2,,
summon,verb,beschwören,C2,HELP,
sum up (sth/sb) or sum (sth/sb) up,phrasal verb,(etw/jen) zusammenfassen oder zusammenfassen,B2,,communication
sun,noun,Sonne,A1,,natural world
sunbathe,verb,sonnenbaden,B1,,people: actions
Sunday,noun,Sonntag,A1,,
sunglasses,noun,Sonnenbrille,A2,,clothes
sunlight,noun,Sonnenlicht,B2,,natural world
sunny,adjective,sonnig,A2,,natural world
sunrise,noun,Sonnenaufgang,B1,,natural world
sunset,noun,Sonnenuntergang,B1,,natural world
sunshine,noun,Sonnenschein,B1,,natural world
superb,adjective,großartig,B2,,describing things
superficial,adjective,oberflächlich,C2,NOT SERIOUS,people: personality
superficial,adjective,oberflächlich,C2,NOT COMPLETE,
superficially,adverb,oberflächlich,C2,,
superfluous,adjective,überflüssig,C2,,
superior,adjective,Vorgesetzter,C1,BETTER,
superior,adjective,Vorgesetzter,C2,OPINION,people: personality
superior,noun,Vorgesetzter,C1,,work
superiority,noun,Überlegenheit,C2,OPINION,people: personality
superiority,noun,Überlegenheit,C2,BETTER,
superlative,noun,Superlativ,A2,,
supermarket,noun,Supermarkt,A1,,"buildings, shopping"
supernatural,adjective,übernatürlich,B2,,
supervise,verb,überwachen,B2,,people: actions
supervision,noun,Aufsicht,C1,,people: actions
supervisor,noun,Aufsicht,C1,,work
supper,noun,Abendessen,A2,,food and drink
supplement,noun,ergänzen,C2,,
supplement,verb,ergänzen,C2,,
supplementary,adjective,ergänzend,C2,,
supplier,noun,Anbieter,B2,,shopping
supply,noun,liefern,B2,,
supply,verb,liefern,B2,,people: actions
support,verb,Unterstützung,B1,SPORT,shopping
support,verb,Unterstützung,B1,PROVIDE,"money, people: actions"
support,verb,Unterstützung,B1,HELP,"people: actions, relationships"
support,verb,Unterstützung,B2,AGREE,communication
support,verb,Unterstützung,B2,ENCOURAGE,people: actions
support,verb,Unterstützung,C1,PROVE,communication
support,verb,Unterstützung,C2,HOLD,
support,noun,Unterstützung,B1,HELP,people: actions
support,noun,Unterstützung,B2,AGREEMENT,communication
support,noun,Unterstützung,B2,MONEY,money
supporter,noun,Fan,B1,SPORT,shopping
supporter,noun,Fan,B2,"OF IDEA/PERSON, ETC.",
supportive,adjective,unterstützend,C1,,people: personality
suppose,verb,vermuten,C1,LIKELY,
supposedly,adverb,angeblich,C1,,
suppose/supposing (that),phrase,annehmen/annehmen (dass),C1,,
suppress,verb,unterdrücken,C2,FEELINGS,
suppress,verb,unterdrücken,C2,INFORMATION,
suppress,verb,unterdrücken,C2,FIGHT,
sure,adjective,Sicher,A2,CERTAIN,
sure,adverb,Sicher,A2,AGREEMENT,communication
sure enough,phrase,sicher genug,C2,,
surely,adverb,sicherlich,B2,LIKELY,communication
surely,adverb,sicherlich,B2,EXPRESS SURPRISE,communication
surf,verb,surfen,A2,,"people: actions, technology"
surf,verb,surfen,B1,WAVES,"people: actions, shopping"
surface,noun,Oberfläche,B2,TOP,
surface,noun,Oberfläche,B2,PERSON,
surfing,noun,Surfen,A2,,"people: actions, shopping"
surge,verb,Anstieg,C1,,
surge,noun,Anstieg,C1,,
surgeon,noun,Chirurg,C1,,"body and health, work, work"
surgery,noun,Operation,B2,PLACE,"body and health, buildings"
surgery,noun,Operation,B2,OPERATION,body and health
surname,noun,Nachname,A2,,
surpass,verb,übertreffen,C2,,
surplus,noun,Überschuss,C2,,
surprise,noun,Überraschung,A2,EVENT,
surprise,noun,Überraschung,B2,FEELING,people: personality
surprise,verb,Überraschung,B1,,people: personality
surprised,adjective,überrascht,A2,,people: personality
surprising,adjective,überraschend,B1,,people: personality
surprisingly,adverb,überraschenderweise,B1,,people: personality
surrender,verb,aufgeben,C2,,
surround,verb,umgeben,B1,GO AROUND,
surround,verb,umgeben,C2,CONNECTED WITH,
surrounding,adjective,Umgebung,B2,,
surroundings,noun,Umgebung,B2,,
survey,verb,Umfrage,C1,QUESTION,
survey,noun,Umfrage,B2,,communication
survey,verb,Umfrage,C1,EXAMINE,
survival,noun,Überleben,B2,,
survive,verb,überleben,B2,,
survivor,noun,Überlebende,B2,,
suspect,verb,verdächtig,B2,THINK LIKELY,
suspect,verb,verdächtig,B2,THINK GUILTY,crime
suspect,verb,verdächtig,C2,NOT TRUST,
suspect,noun,verdächtig,B2,,crime
suspend,verb,aussetzen,B2,NOT ALLOW,"education, people: actions"
suspend,verb,aussetzen,C1,STOP,
suspense,noun,Spannung,C2,,
suspicion,noun,Verdacht,C1,THINK GUILTY,crime
suspicion,noun,Verdacht,B2,BELIEF,
suspicious,adjective,verdächtig,B2,NOT TRUSTING,people: personality
suspicious,adjective,verdächtig,B2,SEEMING WRONG,crime
suspiciously,adverb,verdächtig,B2,,
sustain,verb,aufrechterhalten,C2,CONTINUE,
sustain,verb,aufrechterhalten,C2,SUPPORT,
sustainability,noun,Nachhaltigkeit,C2,,
sustainable,adjective,nachhaltig,C1,CONTINUE,
sustainable,adjective,nachhaltig,C1,ENVIRONMENT,
swallow,verb,schlucken,B2,EAT,"food and drink, people: actions"
swallow,verb,schlucken,C2,ACCEPT,
"swallow your anger/disappointment/pride, etc.",phrase,Schlucken Sie Ihre Wut/Enttäuschung/Ihren Stolz usw. herunter.,C2,,
swallow your pride,phrase,Schluck deinen Stolz herunter,C2,IDIOM,
swan,noun,Schwan,B2,,animals
swap,verb,tauschen,C1,,
swear,verb,schwören,B2,RUDE WORDS,communication
swear,verb,schwören,B2,PROMISE,communication
swear,verb,schwören,C2,TRUE,
sweat,noun,Schweiß,B2,,body and health
sweat,verb,Schweiß,B2,,body and health
sweater,noun,Pullover,A2,,clothes
sweatshirt,noun,Sweatshirt,B1,,clothes
sweep,verb,fegen,B2,CLEAN,people: actions
"sweep along/into/past, etc.",phrase,entlang/in/vorbei fegen usw.,C2,,people: actions
sweet,adjective,süß,A1,TASTE,food and drink
sweet,adjective,süß,B1,KIND,people: personality
sweet,adjective,süß,A2,ATTRACTIVE,
sweet,noun,süß,A2,,food and drink
sweets,noun,Süßigkeiten,A2,,food and drink
swift,adjective,schnell,C2,,describing things
swiftly,adverb,schnell,C2,,
swim,noun,schwimmen,A2,,"people: actions, shopping"
swim,verb,schwimmen,A1,,"people: actions, shopping"
swimmer,noun,Schwimmer,B1,,shopping
swimming,noun,Baden,A2,,"people: actions, shopping"
swimming costume,noun,Badeanzug,A2,,clothes
swimming pool,noun,Schwimmbad,A1,,"buildings, shopping"
swing,noun,Swing,B2,,shopping
swing,verb,Swing,B2,,people: actions
switch,verb,schalten,B2,,people: actions
switch,noun,schalten,B1,,technology
switch off sth or switch sth off,phrasal verb,ausschalten oder ausschalten,B1,,"people: actions, technology"
switch on sth or switch sth on,phrasal verb,einschalten oder einschalten,B1,,"people: actions, technology"
swollen,adjective,geschwollen,B2,,body and health
sword,noun,Schwert,B2,,
syllable,noun,Silbe,B2,,communication
syllabus,noun,Lehrplan,C2,,education
symbol,noun,Symbol,B2,,communication
symbolic,adjective,symbolisch,C2,,
sympathetic,adjective,sympathisch,B2,PROBLEMS,people: personality
sympathetic,adjective,sympathisch,C2,IDEAS,
sympathize,verb,sympathisieren,C2,IDEAS,
sympathize,verb,sympathisieren,C2,PROBLEMS,
sympathy,noun,Sympathie,B2,CARING,people: personality
sympathy,noun,Sympathie,C2,IDEAS,
symptom,noun,Symptom,B2,ILLNESS,body and health
symptom,noun,Symptom,C2,PROBLEM,
synonym,noun,Synonym,C2,,
synonymous,adjective,gleichbedeutend,C2,CONNECTED,
synonymous,adjective,gleichbedeutend,C2,WORD,
system,noun,System,B1,EQUIPMENT,
system,noun,System,C2,BODY,body and health
system,noun,System,B2,METHOD,
systematic,adjective,systematisch,C2,,
systematically,adverb,systematisch,C2,,
table,noun,Tisch,B1,INFORMATION,communication
table,noun,Tisch,A1,FURNITURE,buildings
tablet,noun,Tablette,B1,,body and health
table tennis,noun,Tischtennis,A2,,shopping
tabloid,noun,Boulevardzeitung,B2,,arts and media
tabloid,adjective,Boulevardzeitung,B2,,arts and media
tackle,verb,angehen,B2,DEAL WITH,people: actions
tackle,verb,angehen,B2,SPORT,"people: actions, shopping"
tact,noun,Takt,C2,,people: personality
tactful,adjective,taktvoll,C2,,people: personality
tactic,noun,Taktik,C1,,
tactless,adjective,taktlos,C2,,people: personality
tail,noun,Schwanz,B2,ANIMAL,animals
take,verb,nehmen,A1,CARRY,people: actions
take,verb,nehmen,A1,GO WITH SOMEONE,people: actions
take,verb,nehmen,A2,TRAVEL,travel
take,verb,nehmen,A2,NEEDS TIME,
take,verb,nehmen,A2,HEALTH,"body and health, people: actions"
take,verb,nehmen,A2,DIRECTIONS,"communication, travel"
take,verb,nehmen,B1,WITHOUT PERMISSION,people: actions
take,verb,nehmen,B1,GET HOLD,people: actions
take,verb,nehmen,B1,ACCEPT,
take,verb,nehmen,B1,PERFORM ACTION,people: actions
take,verb,nehmen,B1,WRITE,communication
take,verb,nehmen,B1,STUDY,education
take,verb,nehmen,B1,CLOTHES,clothes
take,verb,nehmen,B2,REMOVE NUMBER,people: actions
take,verb,nehmen,B2,GRAMMAR,
take,verb,nehmen,C2,UNDERSTAND,communication
take,verb,nehmen,C2,MEASURE,
take,verb,nehmen,C2,NEED A QUALITY,
"take a break/rest, etc.",phrase,eine Pause/Ruhe machen usw.,B1,,
take/accept/claim responsibility for sth,phrase,Verantwortung übernehmen/akzeptieren/einfordern,B2,,"communication, crime"
take account of sth,phrase,berücksichtigen,B2,,
take a deep breath,phrase,atme tief durch,B2,,"body and health, people: actions"
take advantage of sb/sth,phrase,etw. ausnutzen,B2,,
take advantage of sth,phrase,in Anspruch nehmen,B1,,
take after sb,phrasal verb,nach nehmen,B2,,relationships
take an exam,phrase,eine Prüfung ablegen,A2,,"education, people: actions"
take a picture/photo(graph),phrase,ein Foto/Foto (Grafik) machen,A1,,people: actions
take a risk,phrase,ein Risiko eingehen,B2,,people: personality
take a turn for the better/worse,phrase,eine Wendung zum Besseren/Schlimmeren nehmen,C2,,
takeaway,noun,wegbringen,B1,,food and drink
take away sth or take sth away,phrasal verb,mitnehmen oder mitnehmen,B1,FOOD,"food and drink, people: actions"
take away sth or take sth away,phrasal verb,mitnehmen oder mitnehmen,B2,REMOVE,people: actions
take away sth or take sth away,phrasal verb,mitnehmen oder mitnehmen,B2,NUMBERS,people: actions
take back sth or take sth back,phrasal verb,zurücknehmen oder zurücknehmen,B1,,"people: actions, shopping"
Take care!,phrase,Aufpassen!,A2,,communication
take care of sb/sth,phrase,sich um etw. kümmern,B1,,body and health
take care of sth/doing sth,phrase,kümmern/tun,C1,,
take charge,phrase,die Verantwortung übernehmen,B2,,people: actions
take control,phrase,Übernimm die Kontrolle,B2,,"people: actions, politics"
take down sth or take sth down,phrasal verb,abbauen oder abbauen,B2,,people: actions
take effect,phrase,wirksam werden,C1,,
take exception to sth,phrase,Nehmen Sie eine Ausnahme,C2,,
take/hold sb hostage,phrase,als Geisel nehmen/halten,C2,,
take in sth or take sth in,phrasal verb,aufnehmen oder aufnehmen,C2,,
take into account sth,phrase,berücksichtigen,B2,,
take issue (with sb/sth),phrase,ein Problem mit etw haben,C1,,communication
take it for granted,phrase,halte es für selbstverständlich,B2,,
take it from me,phrase,nimm es von mir,C1,,communication
take its toll,phrase,seinen Tribut fordern,C2,,
take it/things easy,phrase,nimm es/die Dinge locker,B1,,people: actions
"take milk/sugar, etc.",phrase,Nimm Milch/Zucker usw.,B2,,food and drink
take note (of sth),phrase,zur Kenntnis nehmen,C1,,
take off,phrasal verb,abheben,A2,FLY,travel
take off,phrasal verb,abheben,B2,SUCCEED,
take off sth or take sth off,phrasal verb,abheben oder abheben,A2,REMOVE,"clothes, people: actions"
take off sth or take sth off,phrasal verb,abheben oder abheben,B2,NOT WORK,work
take on sb or take sb on,phrasal verb,übernehmen oder übernehmen,B2,,"people: actions, work"
take on sth or take sth on,phrasal verb,übernehmen oder übernehmen,C1,,"people: actions, work"
take out sb or take sb out,phrasal verb,herausnehmen oder herausnehmen,B1,,people: actions
take out sth or take sth out,phrasal verb,herausnehmen oder herausnehmen,B1,REMOVE,people: actions
take out sth or take sth out,phrasal verb,herausnehmen oder herausnehmen,B2,MONEY,"money, people: actions"
takeover,noun,Übernahme,C1,,work
take over,phrasal verb,übernehmen,C2,,
take over (sth) or take (sth) over,phrasal verb,(etw) übernehmen oder (etw) übernehmen,B2,,"people: actions, work"
take part,phrase,teilnehmen,B1,,people: actions
take place,phrase,stattfinden,B1,,
"take pleasure/pride/an interest, etc.",phrase,Freude/Stolz/Interesse usw. haben.,B2,,people: personality
take sb around/round (sth/swh),phrasal verb,herumtragen/runden (etw/swh),B2,,people: actions
take sb's place,phrase,Platz nehmen,B2,,people: actions
take sb/sth for granted,phrase,etw als selbstverständlich ansehen,B2,,
take sb/sth seriously,phrase,etw ernst nehmen,B2,,people: personality
take sb's word for it,phrase,Glauben Sie mir,B2,,communication
take sb's word for it,phrase,Glauben Sie mir,C1,,communication
take shape,phrase,Gestalt annehmen,C2,,
take sth as it comes,phrase,nimm wie es kommt,C2,,
take sth into consideration,phrase,berücksichtigen,B2,,
take sth on board,phrase,an Bord nehmen,C1,IDIOM,
take sth personally,phrase,persönlich nehmen,C1,,
take sth/sb seriously,phrase,jdn ernst nehmen,B2,,people: personality
take sth to heart,phrase,zu Herzen nehmen,C2,IDIOM,
take stock (of sth),phrase,Bilanz ziehen,C2,,
(take) the easy way out,phrase,(Nimm) den einfachen Ausweg,C1,IDIOM,
take the initiative,phrase,Ergreifen Sie die Initiative,C1,,
take the law into your own hands,phrase,Nehmen Sie das Gesetz selbst in die Hand,C2,,
take the liberty of doing sth,phrase,"Nehmen Sie sich die Freiheit, etwas zu tun",C1,,
take the plunge,phrase,Wagen Sie den Sprung,C2,IDIOM,
take the/this opportunity to do sth,phrase,Nutzen Sie die/diese Gelegenheit dazu,B2,,
take to sb/sth,phrasal verb,zu / etw. bringen,C1,,people: personality
take turns or take it in turns,phrase,Abwechseln oder abwechseln,B2,,people: actions
take up sth or take sth up,phrasal verb,aufnehmen oder aufnehmen,B2,FILL,
take up sth or take sth up,phrasal verb,aufnehmen oder aufnehmen,B1,START,people: actions
take your breath away,phrase,nimm dir den Atem,B2,IDIOM,people: personality
take your breath away,phrase,nimm dir den Atem,B2,,people: personality
take your time,phrase,Nehmen Sie sich Zeit,C1,,
tale,noun,Geschichte,B2,,communication
talent,noun,Talent,B1,,people: personality
talented,adjective,talentiert,B1,,people: personality
talk,verb,sprechen,A1,SAY,communication
talk,verb,sprechen,B2,DISCUSS,communication
talk,verb,sprechen,B2,LECTURE,communication
talk,noun,sprechen,B1,CONVERSATION,communication
talk,noun,sprechen,B2,TO GROUP,communication
talk,noun,sprechen,C2,PEOPLE,communication
talk about sth/doing sth,phrase,reden/tun,C2,,communication
talkative,adjective,gesprächig,C1,,people: personality
"talk business/politics, etc.",phrase,über Wirtschaft/Politik usw. sprechen.,C1,,communication
talk over sth or talk sth over,phrasal verb,reden Sie darüber oder reden Sie darüber,B2,,communication
talks,noun,Gespräche,C2,,
talk sb into sth/doing sth,phrasal verb,reden/tun,B2,,communication
talk sb out of sth/doing sth,phrasal verb,reden/tun,C2,,communication
talk sth through or talk through sth,phrasal verb,durchsprechen oder durchsprechen,C2,,
tall,adjective,groß,A2,HOW HIGH,
tall,adjective,groß,A1,GREATER HEIGHT,"describing things, people: appearance"
tan,noun,bräunen,B2,,people: appearance
tangible,adjective,greifbar,C2,,
tank,noun,Tank,C2,CONTAINER,
tank,noun,Tank,C1,VEHICLE,travel
tap,noun,klopfen,B1,FOR WATER,buildings
tap,noun,klopfen,B2,KNOCK,people: actions
tap,verb,klopfen,B2,,people: actions
target,noun,Ziel,B2,OBJECT/PERSON SHOT AT,shopping
target,noun,Ziel,B2,AIM,
target,noun,Ziel,C1,CRITICISM,communication
target,verb,Ziel,C2,,
"target audience/market, etc.",phrase,Zielgruppe/Markt usw.,C2,,
task,noun,Aufgabe,B2,,"people: actions, work"
taste,noun,schmecken,B1,FLAVOUR,food and drink
taste,noun,schmecken,B2,WHAT YOU LIKE,people: personality
taste,noun,schmecken,B2,SHORT EXPERIENCE,
taste,noun,schmecken,B2,ABILITY,"food and drink, people: actions"
taste,verb,schmecken,B1,FOOD/DRINK,"food and drink, people: actions"
tasteful,adjective,geschmackvoll,C2,,
"taste good/bad/sweet, etc.",phrase,schmecken gut/schlecht/süß usw.,B1,,food and drink
tasteless,adjective,geschmacklos,C2,UGLY,describing things
tasteless,adjective,geschmacklos,C2,OFFENSIVE,
tasteless,adjective,geschmacklos,C1,FOOD,food and drink
tasty,adjective,lecker,B1,,food and drink
tax,verb,Steuer,C1,,money
tax,noun,Steuer,B1,,money
taxi,noun,Taxi,A1,,travel
taxpayer,noun,Steuerzahler,C2,,
tea,noun,Tee,A1,DRINK,food and drink
tea,noun,Tee,B1,MEAL,food and drink
teach,verb,unterrichten,A1,GIVE LESSONS,"education, people: actions"
teach,verb,unterrichten,A2,SHOW HOW TO,"education, people: actions"
teach,verb,unterrichten,B1,GET EXPERIENCE,
teacher,noun,Lehrer,A1,,"education, work"
teaching,noun,Lehre,B1,,"education, work"
teach sb a lesson,phrase,eine Lektion erteilen,C2,,
team,noun,Team,A2,SPORT,shopping
team,noun,Team,B1,WORK GROUP,work
teamwork,noun,Teamarbeit,C1,,
tear,verb,Träne,B1,BREAK,people: actions
tear,noun,Träne,B1,CRYING,
tear apart sth or tear sth apart,phrasal verb,auseinanderreißen oder auseinanderreißen,C2,DESTROY,
tear apart sth or tear sth apart,phrasal verb,auseinanderreißen oder auseinanderreißen,C2,CRITICIZE,
tear down sth or tear sth down,phrasal verb,abreißen oder abreißen,C2,,
"tear sth out of/off/down, etc.",phrase,herausreißen/abreißen/herunterreißen usw.,C1,,
tear up sth or tear sth up,phrasal verb,zerreißen oder zerreißen,C1,,people: actions
tease,verb,necken,B2,,communication
teaspoon,noun,Teelöffel,B2,,food and drink
technical,adjective,technisch,B2,SCIENCE/INDUSTRY,technology
technical,adjective,technisch,B2,PRACTICAL SKILL,people: personality
technically,adverb,technisch,C1,SCIENCE/INDUSTRY,
technically,adverb,technisch,C2,DETAIL,
technician,noun,Techniker,C1,,work
technique,noun,Technik,B1,,
techno,noun,Techno,C1,,arts and media
technological,adjective,technologisch,B2,,technology
technologically,adverb,technologisch,C1,,technology
technology,noun,Technologie,B1,,technology
tedious,adjective,langweilig,C1,,describing things
teenage,adjective,Teenager,B1,,people: appearance
teenager,noun,Teenager,A2,,people: appearance
telecommunications,noun,Telekommunikation,B2,,"communication, technology"
telephone,noun,Telefon,A2,,"communication, technology"
telephone,verb,Telefon,A2,,"communication, technology"
telescope,noun,Teleskop,B2,,technology
television,noun,Fernsehen,A1,EQUIPMENT,"arts and media, technology"
television,noun,Fernsehen,A1,PROGRAMMES,arts and media
television,noun,Fernsehen,B1,SYSTEM,arts and media
tell,verb,erzählen,A1,SPEAK,communication
tell,verb,erzählen,B2,UNDERSTAND FROM,communication
tell off sb or tell sb off,phrasal verb,verraten oder verraten,B2,,communication
tell sb how/what/when to do sth,phrase,"Sagen Sie, wie/was/wann zu tun ist",B1,,communication
tell sb to do sth,phrase,"sagen, was ich tun soll",A2,,communication
tell the difference,phrase,Erzählen Sie den Unterschied,C1,,
telly,noun,Fernseher,C1,,arts and media
temper,noun,Temperament,B2,ANGER,people: personality
temperature,noun,Temperatur,A2,BODY,body and health
temperature,noun,Temperatur,A2,HEAT,"describing things, natural world"
temple,noun,Tempel,B1,,buildings
temporarily,adverb,vorübergehend,B2,,
temporary,adjective,vorübergehend,B1,,
temptation,noun,Verlockung,B2,,people: personality
ten,number,zehn,A1,,
tenant,noun,Mieter,C2,,
tendency,noun,Tendenz,C1,,
tender,adjective,zart,C2,GENTLE,people: personality
tender,adjective,zart,C2,FOOD,food and drink
tenderness,noun,Zärtlichkeit,C2,,people: personality
tend to do sth,phrase,neigen dazu,B2,,
tennis,noun,Tennis,A1,,shopping
tense,adjective,Zeitform,B2,NERVOUS,people: personality
tense,noun,Zeitform,B1,,
tense,adjective,Zeitform,B2,SITUATION,people: personality
tension,noun,Spannung,B2,FEELING,people: personality
tension,noun,Spannung,B2,BETWEEN PEOPLE/GROUPS,relationships
tent,noun,Zelt,B1,,travel
term,noun,Begriff,A2,SCHOOL,education
term,noun,Begriff,B2,WORD,communication
terminal,noun,Terminal,B2,,"buildings, travel"
terms,noun,Bedingungen,B2,RULES,communication
terrace,noun,Terrasse,B2,,buildings
terrible,adjective,schrecklich,A2,,describing things
terribly,adverb,schrecklich,B1,VERY MUCH,communication
terribly,adverb,schrecklich,B2,VERY BADLY,
terrific,adjective,ausgezeichnet,B1,VERY GOOD,describing things
terrific,adjective,ausgezeichnet,C1,LARGE/SERIOUS,describing things
terrified,adjective,verängstigt,B1,,people: personality
terrify,verb,erschrecken,B2,,people: personality
terrifying,adjective,erschreckend,B2,,people: personality
territorial,adjective,territorial,C2,,
territory,noun,Gebiet,B2,COUNTRY'S LAND,"natural world, politics"
territory,noun,Gebiet,B2,PERSON'S/ANIMAL'S LAND,animals
territory,noun,Gebiet,C2,AREA OF KNOWLEDGE,
terror,noun,Terror,B2,,people: personality
terrorism,noun,Terrorismus,B2,,crime
terrorist,noun,Terrorist,B2,,crime
tertiary,adjective,Tertiär-,C1,,education
test,noun,prüfen,B1,MEDICAL,body and health
test,noun,prüfen,A1,EXAM,education
test,noun,prüfen,B2,SITUATION,people: personality
test,verb,prüfen,B1,EXAM,"education, people: actions"
test,verb,prüfen,B2,CHECK,people: actions
test,verb,prüfen,B2,"PROVE QUALITY/STRENGTH, ETC.",
testify,verb,bezeugen,C2,,crime
text,noun,Text,A2,MOBILE PHONE,"communication, technology"
text,noun,Text,B1,"WORDS, NOT PICTURES",communication
text,noun,Text,B1,PIECE OF WRITING,communication
text,noun,Text,B2,BOOK/PLAY,"communication, education"
text,verb,Text,A2,,"communication, technology"
textbook,noun,Lehrbuch,A2,,"communication, education"
text message,noun,SMS,A2,,"communication, technology"
texture,noun,Textur,C1,,
than,preposition,als,A1,COMPARING,
than,preposition,als,A2,WITH MORE/LESS,
thank,verb,Dank,A2,,communication
thankful,adjective,dankbar,C1,,
thankfully,adverb,Zum Glück,C1,,
thank God,phrase,Gott sei Dank,B1,,communication
thanks,exclamation,Danke,A1,THANK YOU,communication
thanks,noun,Danke,B2,,communication
thanks to sb/sth,phrase,dank/etw,B2,,
thank you,exclamation,Danke,A1,GRATEFUL,communication
thank you,noun,Danke,B1,,communication
thank you,exclamation,Danke,A2,ACCEPT/REFUSE,communication
that,determiner,Das,A1,ALREADY MENTIONED,
that,determiner,Das,A1,CAN BE SEEN,
that,conjunction,Das,A2,,
that,pronoun,Das,A1,CAN BE SEEN,
that,pronoun,Das,A1,ALREADY MENTIONED,
that,pronoun,Das,A2,REFERRING BACK,
that,pronoun,Das,B1,RELATIVE CLAUSE,
that,pronoun,Das,B2,REACTION,
that,pronoun,Das,B2,PAST,
that,adverb,Das,B2,,describing things
that is (to say),phrase,das heißt),C1,,
that kind of thing,phrase,So etwas,B1,,
that's all right,phrase,das ist alles in Ordnung,A2,,communication
that's alright,phrase,das ist in Ordnung,A2,,communication
(that's) fine,phrase,(das ist in Ordnung,A1,,communication
that's it,phrase,das ist es,B2,,
that's it,phrase,das ist es,B1,,
that sort of thing,phrase,So etwas,B1,,
that's that,phrase,das ist das,C1,,
the,determiner,Die,A1,ONLY ONE,
the,determiner,Die,A1,PARTICULAR,
the,determiner,Die,A2,"BEFORE SUPERLATIVES, ETC.",
the,determiner,Die,B2,TIME,
the,determiner,Die,A1,PLACE,
the,determiner,Die,B1,YOUR,
the,determiner,Die,B2,COMPARE,
the air,phrase,die Luft,B2,,
the animal/plant kingdom,phrase,das Tier-/Pflanzenreich,C2,,natural world
the army,phrase,die Armee,B1,,
the atmosphere,phrase,die Atmosphäre,B2,,natural world
theatre,noun,Theater,A2,,"arts and media, buildings"
the back,phrase,die Rückseite,A2,,describing things
the basics,phrase,die Grundlagen,B2,,communication
the beauty of sth,phrase,die Schönheit von,C2,,
the best,phrase,der beste,B1,,
the best/better part of sth,phrase,der beste/bessere Teil von,C2,,
"the best/cheapest/worst, etc. possible",phrase,"das Beste/Billigste/Schlechteste usw., das möglich ist",C1,,
"the best/worst, etc. yet",phrase,das bisher Beste/Schlechteste usw,B2,,
the blind,phrase,die Blinden,C1,,
the bottom line,phrase,das Endergebnis,C2,IDIOM,
the bulk of sth,phrase,der Großteil,C1,,
the bush,phrase,der Busch,C2,,
(the) chances are,phrase,(die) Chancen stehen gut,C2,,
the charts,phrase,die Diagramme,B2,,arts and media
the cleaner's,phrase,die des Reinigers,C1,,
"the club/gay/music, etc. scene",phrase,die Club-/Gay-/Musikszene usw,B2,,
the cold,phrase,die Kälte,B1,,natural world
the country,phrase,das Land,A2,,natural world
the country,phrase,das Land,C2,,
the crack of dawn,phrase,im Morgengrauen,C2,,
the cream of sth,phrase,die Creme von,C1,,
the dark,phrase,die Dunkelheit,B1,,
the dawn of sth,phrase,der Anbruch von,C1,,
"the day/week/year, etc. before last",phrase,der vorletzte Tag/die Woche/das vorletzte Jahr usw,B2,,
the deceased,phrase,der Verstorbene,C2,,
the defence,phrase,die Verteidigung,C2,,crime
"the desired effect/result/shape, etc.",phrase,der gewünschte Effekt/Ergebnis/Form usw.,C2,,
the dishes,phrase,das Geschirr,A2,,food and drink
the early/small hours,phrase,die frühen/späten Morgenstunden,C2,,
the east,phrase,der Osten,A2,,
the East,phrase,der Osten,B2,,
the eighties,phrase,die Achtziger,B2,,
the elder,phrase,der Ältere,B2,,people: appearance
the elderly,phrase,ältere Menschen,C1,,
the eldest,phrase,der Älteste,B2,,people: appearance
"the English/law/science, etc. faculty",phrase,die Fakultät für Englisch/Recht/Naturwissenschaften usw,C1,,education
the environment,phrase,die Umwelt,B1,,natural world
the extent to which,phrase,inwieweit,C2,,
the fabric of sth,phrase,der Stoff von,C2,,
the fact (of the matter) is,phrase,Tatsache ist,B2,,communication
the far left/right,phrase,ganz links/rechts,C2,,politics
the fast lane,phrase,die Überholspur,C2,IDIOM,
the fifties,phrase,die Fünfziger,B2,,
the final/last straw,phrase,"der letzte/letzte Tropfen, der das Fass zum Überlaufen bringt",C1,IDIOM,
the first,phrase,der erste,B1,,
the first floor,noun,der erste Stock,B1,,buildings
the first person,noun,die erste Person,B2,,
the focus of sth,phrase,der Schwerpunkt von,C1,,
the following,phrase,die folgende,B2,,communication
"the following day/morning, etc.",phrase,am nächsten Tag/Morgen usw.,B1,,
the foot of sth,phrase,der Fuß von,C1,,
the former,phrase,ersteres,B2,,
the forties,phrase,die vierziger,B2,,
the front,phrase,die Vorderseite,A2,FORWARD PART,
the front,phrase,die Vorderseite,A2,MOST IMPORTANT SIDE,describing things
the frontiers of sth,phrase,die Grenzen von,C2,,
the fruit(s) of sth,phrase,die Frucht(en) von,C2,,
theft,noun,Diebstahl,B2,,"crime, people: actions"
the future,phrase,die Zukunft,A2,,
the future,phrase,die Zukunft,B1,,
the germ of sth,phrase,der Keim von,C2,,
the girls,phrase,die Mädchen,B1,,
the globe,phrase,der Globus,C2,,
the ground,phrase,der Boden,B1,,natural world
the ground floor,noun,das Erdgeschoss,B1,,buildings
the headlines,phrase,die Schlagzeilen,B2,,arts and media
the heart of sth,phrase,das Herz von,B1,,
the height of sth,phrase,die Höhe von,C2,,
the hell,phrase,zum Teufel,B2,,
the homeless,phrase,die Obdachlosen,C1,,
the home of sth/sb,phrase,die Heimat von/jdm,C1,,
the idea of sth,phrase,die Idee von,C2,,
the ins and outs of sth,phrase,die Besonderheiten von,C2,IDIOM,
the Internet,noun,das Internet,A1,,technology
their,determiner,ihre,A1,BELONGING TO GROUP,
their,determiner,ihre,B1,TO AVOID HIS/HERS,
theirs,pronoun,ihre,A2,,
the jury is (still) out,phrase,Die Jury ist (noch) nicht da,C2,IDIOM,
the labour market,phrase,der Arbeitsmarkt,C1,,
the last,phrase,der letzte,B2,,
the last minute,noun,die letzte Minute,B2,,
the last minute,phrase,die letzte Minute,B2,,
the last of sth,phrase,das letzte von,C2,,
"the last person/thing, etc.",phrase,die letzte Person/Sache usw.,B2,,
the last sb heard/saw of sb,phrase,das letzte Mal gehört/gesehen,C2,,
the latter,phrase,Letzteres,B2,,
the law,phrase,das Gesetz,B2,,crime
the leadership,phrase,die Führung,C1,,
the length and breadth of sth,phrase,die Länge und Breite von,C2,,
the other way round/around,phrase,umgekehrt/herum,B2,,
the outside,phrase,das Äußere,B2,,
the passive,phrase,das Passive,B1,,
the past,phrase,die Vergangenheit,A2,,
the past,phrase,die Vergangenheit,B1,,
the people,phrase,die Leute,C1,,
the perfect (tense),phrase,das Perfekt (Zeitform),B2,,
the point,phrase,der Punkt,B2,,communication
the poor,phrase,die Armen,C1,,
the present,phrase,die Gegenwart,A1,,
the present,phrase,die Gegenwart,B1,,
the press,phrase,die Presse,B2,,arts and media
the pros and cons,phrase,die Vor- und Nachteile,B2,,
the prosecution,phrase,die Anklage,C2,,crime
the public,phrase,die Öffentlichkeit,B1,,
the radio,phrase,das Radio,A1,,arts and media
therapeutic,adjective,therapeutisch,C1,HEALTH,body and health
therapeutic,adjective,therapeutisch,C1,RELAXED,
therapist,noun,Therapeut,C1,,buildings
therapy,noun,Therapie,B2,,body and health
the ratings,phrase,die Bewertungen,C2,,
there,adverb,Dort,A1,DIRECTION,
there,adverb,Dort,A1,PLACE,
there,adverb,Dort,A2,GIVING,
there,adverb,Dort,B2,POINT,
thereafter,adverb,danach,C2,,
the reality/realities of sth,phrase,die Realität/Realitäten von,B2,,
the rear,phrase,hinten,C1,,
thereby,adverb,dadurch,C1,,
therefore,adverb,daher,B1,,communication
"There is/are/was, etc.",phrase,Es gibt/sind/war usw.,A1,,
"there is/there are/there was, etc.",phrase,es gibt/es gibt/es gab usw.,A1,,describing things
There needs to be sth,phrase,Es muss sein,C2,,
there's no doubt,phrase,Es besteht kein Zweifel,B1,,
there's no harm in doing sth,phrase,"Es schadet nicht, es zu tun",C1,,
the rest,phrase,der Rest,A2,,
the reverse,phrase,das Gegenteil,C2,,
the rich,phrase,die Reichen,C1,,
the Right/right,phrase,das Richtige/rechts,C2,,politics
thermometer,noun,Thermometer,B2,,technology
the root of sth,phrase,die Wurzel von,C1,,
the sack,phrase,der Sack,B2,,work
the same,phrase,das gleiche,A1,,describing things
the same,phrase,das gleiche,B1,,
the same,phrase,das gleiche,A2,,
the same,phrase,das gleiche,B2,,
"the same old arguments/face/story, etc.",phrase,die gleichen alten Argumente/Gesicht/Geschichte usw.,C1,,
the same thing,phrase,das Gleiche,B1,,
these,determiner,diese,A1,,
the seaside,noun,das Meer,B1,,natural world
the second person,noun,die zweite Person,B2,,
the secret,phrase,das Geheimnis,B2,,
these days,phrase,heutzutage,A2,,
(the) seeds of sth,phrase,(die) Samen von,C2,,
the seventies,phrase,die siebziger,B2,,
the sight of sb/sth,phrase,der Anblick von / etw,B2,,
the sights,phrase,die Sehenswürdigkeiten,B1,,travel
thesis,noun,These,B2,WRITING,"communication, education"
thesis,noun,These,C2,IDEA,
the sixties,phrase,die sechziger jahre,B2,,
the sound of sth,phrase,der Klang von,C2,,
they,pronoun,Sie,B1,PERSON,
they,pronoun,Sie,B2,PEOPLE,
the young,phrase,die Jungen,B2,,people: appearance
thick,adjective,dick,B1,CLOSE TOGETHER,"describing things, natural world"
thick,adjective,dick,B1,NOT THIN,describing things
thick,adjective,dick,B2,"SMOKE, ETC.",describing things
thick and fast,phrase,dick und schnell,C2,,
thief,noun,Dieb,B1,,crime
thigh,noun,Oberschenkel,B2,,body and health
thin,adjective,dünn,A2,NOT THICK,describing things
thin,adjective,dünn,A2,NOT FAT,people: appearance
thing,noun,Ding,A1,OBJECT,
thing,noun,Ding,A2,FACT,
thing,noun,Ding,A2,ACTIVITY,
thing,noun,Ding,B2,IDEA,
thing,noun,Ding,B2,PERSON/ANIMAL,
things,phrase,Dinge,A1,,
things,phrase,Dinge,B1,,
things like that,phrase,solche Dinge,B1,,
think,verb,denken,A1,BELIEVE TO BE TRUE,people: personality
think,verb,denken,A1,OPINION,people: personality
think,verb,denken,A2,CONSIDER DOING,
think,verb,denken,B1,USE BRAIN,
think,verb,denken,B1,REMEMBER,
think,verb,denken,B2,CONSIDER PEOPLE,
think ahead,phrasal verb,Denken Sie voraus,C2,,
think back,phrasal verb,Denken Sie zurück,C2,,
thinker,noun,Denker,C2,,
think highly/a lot of sb/sth,phrase,denke sehr/viel/von etw,C2,,
think of sb/sth as sth,phrase,denke an etw,C1,,
think of sth,phrase,denken,B1,,
think over sth or think sth over,phrasal verb,Denken Sie darüber nach oder denken Sie darüber nach,B2,,
think through sth or think sth through,phrasal verb,durchdenken oder durchdenken,B2,,
think twice,phrase,Überlegen Sie es sich zweimal,C1,,
third,number,dritte,A2,,
third,noun,dritte,B2,,
thirst,noun,Durst,B2,WANTING DRINK,food and drink
thirsty,adjective,durstig,A2,,food and drink
thirteen,number,dreizehn,A1,,
thirty,number,dreißig,A2,,
this,determiner,Das,A1,ALREADY MENTIONED,
this,determiner,Das,A1,CAN BE SEEN,
this,determiner,Das,A1,TIME,
this,pronoun,Das,A2,ALREADY MENTIONED,
this,pronoun,Das,A2,CAN BE SEEN,
this,pronoun,Das,A2,THING HAPPENING,
this,adverb,Das,C1,,describing things
this and that,phrase,dies und das,C2,,
thorough,adjective,gründlich,B2,,
thoroughly,adverb,gründlich,B2,VERY MUCH,
thoroughly,adverb,gründlich,B2,CAREFULLY,
those,determiner,diese,A1,,
those who/which/that,phrase,"diejenigen, die/welche/das",B2,,
though,conjunction,obwohl,B1,DESPITE,
though,conjunction,obwohl,B2,BUT,
though,adverb,obwohl,B2,,
thought,noun,Gedanke,B1,IDEA,people: personality
thought,noun,Gedanke,B2,THINKING,
thought,noun,Gedanke,C2,CARE,
thoughtful,adjective,nachdenklich,B2,KIND,people: personality
thoughtful,adjective,nachdenklich,C1,CAREFULLY CONSIDERING,
throughout,preposition,hindurch,B2,WHOLE TIME,
throughout,adverb,hindurch,C1,,
through thick and thin,phrase,durch dick und dünn,C2,IDIOM,
throw,verb,werfen,A2,IN AIR,people: actions
throw away/out sth or throw sth away/out,phrasal verb,wegwerfen/wegwerfen oder wegwerfen/wegwerfen,B1,,people: actions
throw caution to the wind,phrase,Werfen Sie alle Vorsicht in den Wind,C2,IDIOM,
throw in the towel,phrase,wirf das Handtuch,C2,IDIOM,
throw out sb or throw sb out,phrasal verb,wegwerfen oder wegwerfen,B2,,people: actions
throw sb in at the deep end,phrase,ins kalte Wasser werfen,C2,IDIOM,
"throw sth around/down/on, etc.",phrase,herumwerfen/hinunterwerfen/aufwerfen usw.,C2,,people: actions
"throw sth in/on, etc.",phrase,hineinwerfen/aufwerfen usw.,C1,,people: actions
throw up (sth) or throw (sth) up,phrasal verb,(etw) erbrechen oder (etw) erbrechen,B2,,body and health
throw yourself into sth,phrasal verb,wirf dich hinein,C1,,
thumb,noun,Daumen,B1,,body and health
thunder,noun,Donner,B1,,natural world
thunderstorm,noun,Gewitter,A2,,natural world
Thursday,noun,Donnerstag,A1,,
thus,adverb,daher,B2,,communication
tick,noun,Tick,B1,,communication
tick,verb,Tick,B1,,"communication, people: actions"
tick,verb,Tick,C2,CLOCK,
ticket,noun,Ticket,A1,,"money, travel"
tide,noun,Tide,B2,,natural world
tidy,adjective,ordentlich,A2,,
tidy,verb,ordentlich,A2,,people: actions
tidy up (sth) or tidy (sth) up,phrasal verb,(etw) aufräumen oder (etw) aufräumen,B1,,people: actions
tie,verb,binden,B1,FASTEN,people: actions
tie,verb,binden,B1,MAKE A KNOT,people: actions
tie,verb,binden,C2,COMPETITION/GAME,shopping
tie,noun,binden,A2,CLOTHES,clothes
ties,phrase,Krawatten,C2,,relationships
tie the knot,phrase,knüpfe den Knoten,C2,IDIOM,
tie up sb/sth or tie sb/sth up,phrasal verb,fesseln/etw. oder fesseln/etw,B2,,people: actions
tiger,noun,Tiger,B1,,animals
tight,adjective,eng,B1,CLOTHES,clothes
tight,adjective,eng,B2,FIRM,describing things
tight,adjective,eng,B2,CONTROLLED,
tight,adjective,eng,C2,STRAIGHT,describing things
tight,adjective,eng,B2,NOT MUCH,
tight,adverb,eng,C2,STRAIGHT,describing things
tight,adverb,eng,B2,,
tighten,verb,anziehen,B2,,people: actions
tighten your belt,phrase,Den Gürtel enger schnallen,C2,IDIOM,money
tightly,adverb,dicht,B2,,
tights,noun,Strumpfhosen,A2,,clothes
till,preposition,bis,A2,,
till,conjunction,bis,B1,,
timber,noun,Holz,C2,WOOD FOR BUILDING,
timber,noun,Holz,C2,PIECE OF WOOD,
time,noun,Zeit,A2,PERIOD,
time,noun,Zeit,A1,PARTICULAR POINT,
time,noun,Zeit,A2,OCCASION,
time,noun,Zeit,B1,WHEN SOMETHING HAPPENS,
time,noun,Zeit,A2,MINUTES/DAYS/YEARS,
time,noun,Zeit,B1,AVAILABLE OR NEEDED,
time,noun,Zeit,B2,HISTORICAL PERIOD,
time,noun,Zeit,C1,IN A PLACE,
time,verb,Zeit,B2,MEASURE HOW LONG,
to,preposition,Zu,A1,TELLING THE TIME,
to,preposition,Zu,A1,PLACE,describing things
to,preposition,Zu,A2,RECEIVING,communication
to,preposition,Zu,B1,POSITION,describing things
to,preposition,Zu,B1,AFFECTED,
to,preposition,Zu,B1,RELATIONSHIP,relationships
to,preposition,Zu,B1,COMPARE,
to,preposition,Zu,B1,CONNECTED,
to,preposition,Zu,B1,UNTIL,
to,preposition,Zu,B2,RANGE,
"to a great/large, etc. extent",phrase,in großem/großem usw. Ausmaß,B2,,communication
to all intents and purposes,phrase,in jeder Hinsicht,C2,,
toast,noun,Toast,C1,DRINK,
toast,noun,Toast,A2,BREAD,food and drink
tobacco,noun,Tabak,C1,,natural world
to begin with,phrase,zunächst einmal,B1,,
to begin with,phrase,zunächst einmal,B2,GIVE REASON,communication
to be honest,phrase,Um ehrlich zu sein,B1,,communication
to be precise,phrase,um genau zu sein,B2,,
to cap it all,phrase,um dem Ganzen die Krone aufzusetzen,C1,,
to cut a long story short,phrase,Um es kurz zu machen,C1,IDIOM,
to date,phrase,miteinander ausgehen,B2,,
today,adverb,Heute,A1,THIS DAY,
today,adverb,Heute,B2,PRESENT TIME,
today,noun,Heute,A1,THIS DAY,
today,noun,Heute,B2,PRESENT TIME,
toddler,noun,Kleinkind,C2,,
to death,phrase,zu Tode,C2,,
to do so,phrase,um dies zu tun,C1,,
toe,noun,Zehe,A2,ON FOOT,body and health
toenail,noun,Zehennagel,B2,,body and health
toe the line,phrase,spuren,C2,,
together,adverb,zusammen,B1,SAME TIME,
together,adverb,zusammen,A1,WITH EACH OTHER,relationships
together,adverb,zusammen,C2,IN ONE PLACE,
together,adverb,zusammen,B2,CONNECTED,describing things
together,adverb,zusammen,B2,COMBINED,
to go,phrase,gehen,C2,,
toilet,noun,Toilette,A1,CONTAINER,buildings
toilets,phrase,Toiletten,A2,,buildings
token,noun,Token,C1,LOVE/THANKS,
tolerance,noun,Toleranz,C2,,people: personality
tolerant,adjective,tolerant,C1,,
tolerate,verb,tolerieren,B2,ACCEPT,people: personality
tolerate,verb,tolerieren,C2,DEAL WITH,
toll,noun,Maut,C1,MONEY,
toll,noun,Maut,C2,NUMBER,
to make matters worse,phrase,um die Sache noch schlimmer zu machen,B2,,
tomato,noun,Tomate,A1,,food and drink
tomb,noun,Grab,B2,,
tomorrow,noun,morgen,A1,DAY AFTER TODAY,
tomorrow,adverb,morgen,A1,,
tomorrow,noun,morgen,C2,FUTURE,
to my mind,phrase,meiner Meinung nach,B2,,communication
ton,noun,Tonne,B2,WEIGHT,
to say nothing of sth,phrase,ganz zu schweigen davon,C2,,
to say the least,phrase,gelinde gesagt,C1,,communication
to sb's credit,phrase,to's Kredit,C2,,
"to sb's disappointment/relief/surprise, etc.",phrase,zu der Enttäuschung/Erleichterung/Überraschung usw.,C2,,
to sb's satisfaction,phrase,zur Zufriedenheit,C2,,
to some extent/to a certain extent,phrase,bis zu einem gewissen Grad/bis zu einem gewissen Grad,B2,,communication
to spare,phrase,zu ersparen,C1,,
to speak/think highly of sb/sth,phrase,etw. hoch schätzen/hochhalten,C2,,
toss (a coin),phrase,werfen (eine Münze),C1,,people: actions
toss and turn,phrase,sich wälzen,C2,,
"toss sth away/into/on, etc.",phrase,wegwerfen/hinein/auf usw.,C2,,people: actions
to start with,phrase,um damit anzufangen,B2,,
total,noun,gesamt,B1,,
total,adjective,gesamt,B1,AMOUNT,
total,adjective,gesamt,B2,VERY GREAT,communication
total,verb,gesamt,C1,,people: actions
totalitarian,adjective,totalitär,C2,,politics
totally,adverb,völlig,B1,,communication
to (the best of) my knowledge,phrase,nach meinem besten Wissen,B2,,communication
to the contrary,phrase,im Gegenteil,C1,,
to the point,phrase,auf den Punkt,C2,,
to/till/until the bitter end,phrase,bis zum bitteren Ende,C2,IDIOM,
touch,verb,berühren,B1,PUT HAND ON,people: actions
touch,verb,berühren,B2,GET CLOSE,
touch,verb,berühren,B2,EMOTION,people: personality
touch,noun,berühren,B2,ABILITY,body and health
touch,noun,berühren,B2,HAND,people: actions
touch,noun,berühren,C2,SMALL DETAIL,
touch and go,phrase,Anfassen und loslegen,C2,IDIOM,
tough,adjective,hart,B2,DIFFICULT,
tough,adjective,hart,B2,STRONG PERSON,people: personality
tough,adjective,hart,C2,SEVERE,
tough,adjective,hart,B2,FOOD,food and drink
tough,adjective,hart,C2,STRONG,describing things
tough,adjective,hart,C2,UNFAIR,
toughness,noun,Zähigkeit,C2,,people: personality
tour,noun,Tour,A2,,travel
tour,verb,Tour,B1,,"people: actions, travel"
tour guide,noun,Reiseleiter,A2,,"travel, work"
tourism,noun,Tourismus,B1,,travel
tourist,noun,Tourist,A2,,travel
tournament,noun,Turnier,B1,,shopping
towards,preposition,in Richtung,B1,DIRECTION,
towards,preposition,in Richtung,B2,IN RELATION TO,communication
towards,preposition,in Richtung,C1,PURPOSE,
towards,preposition,in Richtung,C1,POSITION,
towel,noun,Handtuch,A2,FOR DRYING,buildings
tower,noun,Turm,B1,,buildings
town,noun,Stadt,A2,CENTRAL AREA,
town,noun,Stadt,A1,PLACE PEOPLE LIVE/WORK,natural world
toxic,adjective,giftig,B2,,body and health
toy,noun,Spielzeug,A2,,shopping
trace,verb,verfolgen,C1,ORIGIN,people: actions
trace,verb,verfolgen,C1,FIND,
image,noun,Bild,B2,PUBLIC,
true,adjective,WAHR,A2,NOT FALSE,
true,adjective,WAHR,C2,SINCERE,people: personality
truly,adverb,wirklich,B2,VERY,
truly,adverb,wirklich,C1,SINCERELY,communication
trumpet,noun,Trompete,B1,,arts and media
trunk,noun,Stamm,B2,,natural world
trust,verb,Vertrauen,B1,BELIEVE,people: personality
trust,noun,Vertrauen,B2,,people: personality
trustworthy,adjective,vertrauenswürdig,C1,,people: personality
truth,noun,Wahrheit,C2,TRUE FACT,
truth,noun,Wahrheit,B2,BEING TRUE,
try,verb,versuchen,B1,TEST,people: actions
try,verb,versuchen,A2,ATTEMPT,people: actions
try,verb,versuchen,C2,LAW,crime
try,noun,versuchen,B2,,people: actions
try on sth or try sth on,phrasal verb,anprobieren oder anprobieren,A2,,"clothes, people: actions"
try out sth or try sth out,phrasal verb,Probieren Sie es aus oder probieren Sie es aus,B2,,people: actions
T-shirt,noun,T-Shirt,A1,,clothes
tube,noun,Rohr,B1,CONTAINER,
tube,noun,Rohr,B2,PIPE,
Tuesday,noun,Dienstag,A1,,
tuition,noun,Unterricht,C1,,
tuna,noun,Thunfisch,B1,,food and drink
tune,noun,Melodie,A2,SONG,arts and media
tune,noun,Melodie,C1,MUSICAL NOTES,arts and media
tunnel,noun,Tunnel,B1,,travel
turbulent,adjective,turbulent,C2,,
turkey,noun,Truthahn,B1,,"animals, food and drink"
turmoil,noun,Aufruhr,C2,,
turn,verb,drehen,B1,MOVE YOUR BODY,people: actions
turn,verb,drehen,A2,CHANGE DIRECTION,people: actions
turn,verb,drehen,B1,CHANGE POSITION,
turn,verb,drehen,B1,PAGE,people: actions
turn,verb,drehen,B2,GO ROUND,people: actions
turn,noun,drehen,B1,TIME,
turn,noun,drehen,B2,CHANGE IN DIRECTION,
"turn 16/21, etc.",phrase,Wende 16/21 usw.,C1,,
turn a blind eye (to sth),phrase,ein Auge zudrücken,C1,IDIOM,
"turn blue/cold/nasty, etc.",phrase,blau/kalt/böse werden usw.,B2,,
turn down sb/sth or turn sb/sth down,phrasal verb,etw ablehnen oder etw ablehnen,B2,,communication
turn down sth or turn sth down,phrasal verb,ablehnen oder ablehnen,B1,,people: actions
turning,noun,drehen,B1,,travel
turn of events,phrase,Wendung der Ereignisse,C2,,
turn off sth or turn sth off,phrasal verb,ausschalten oder ausschalten,A2,,"people: actions, technology"
turn on sth or turn sth on,phrasal verb,einschalten oder einschalten,A2,,"people: actions, technology"
turn out,phrasal verb,sich herausstellen,B2,HAPPEN,
turn out,phrasal verb,sich herausstellen,B2,BE DISCOVERED,
turn out,phrasal verb,sich herausstellen,B2,GO,people: actions
turnover,noun,Umsatz,C1,BUSINESS,money
turnover,noun,Umsatz,C2,EMPLOYEES,work
turn over a new leaf,phrase,ein neues Kapitel aufschlagen,C2,IDIOM,
turn (sb/sth) into sb/sth,phrasal verb,(jdn/etw.) in/etw. verwandeln,B1,,
turn (sth) back,phrasal verb,(etw.) zurückdrehen,B2,,
turn to sb/sth,phrasal verb,sich etw. zuwenden,B2,,communication
turn up (somewhere),phrasal verb,(irgendwo) auftauchen,B2,,"people: actions, travel"
turn up sth or turn sth up,phrasal verb,auftauchen oder auftauchen,B1,,"people: actions, technology"
turn your back on sb/sth,phrase,sich von etw. abwenden,C2,,
turn your nose up at sth,phrase,rümpfe die Nase,C2,IDIOM,
tutor,noun,Tutor,B2,,education
unattractive,adjective,unattraktiv,B2,NOT BEAUTIFUL,
unavailable,adjective,nicht verfügbar,B2,IMPOSSIBLE TO GET,shopping
unavailable,adjective,nicht verfügbar,C1,CANNOT DO SOMETHING,
unavoidable,adjective,unvermeidlich,C1,,
unavoidably,adverb,unvermeidlich,C2,,
unaware,adjective,nicht bewusst,B2,,people: personality
unbalanced,adjective,unausgeglichen,C2,MENTALLY ILL,body and health
unbalanced,adjective,unausgeglichen,C2,NOT FAIR,
unbearable,adjective,unerträglich,B2,,
unbelievable,adjective,unglaublich,B1,SURPRISING,people: personality
unbelievable,adjective,unglaublich,B2,UNLIKELY,
unbiased,adjective,unvoreingenommen,C2,,
uncertain,adjective,unsicher,B2,NOT SURE,people: personality
uncertain,adjective,unsicher,B2,NOT KNOWN,
uncertainty,noun,Unsicherheit,C1,,
unchanged,adjective,unverändert,B2,,
uncle,noun,Onkel,A2,,relationships
unclear,adjective,unklar,B2,DIFFICULT TO UNDERSTAND,
uncomfortable,adjective,unbequem,B1,NOT COMFORTABLE,describing things
uncomfortable,adjective,unbequem,C1,EMBARRASSED,people: personality
uncomfortably,adverb,unangenehm,C1,,
uncommon,adjective,ungewöhnlich,C1,,
unconditional,adjective,bedingungslos,C2,,
unconscious,adjective,unbewusst,C2,NOT AWARE,
unconscious,adjective,unbewusst,B2,AS THOUGH SLEEPING,body and health
unconsciously,adverb,unbewusst,C2,,
unconventional,adjective,unkonventionell,C1,,people: personality
uncountable noun,noun,unzählbares Substantiv,B1,,
uncover,verb,aufdecken,C1,,
undeniable,adjective,unbestreitbar,C1,,
undeniably,adverb,unbestreitbar,C2,,
under,preposition,unter,A1,LOWER POSITION,describing things
under,preposition,unter,A2,LESS THAN,describing things
under,preposition,unter,B2,IN A PARTICULAR STATE,
"under attack/control/investigation, etc.",phrase,unter Angriff/Kontrolle/Untersuchung usw.,B2,,
under control,phrase,unter Kontrolle,B2,,
underdeveloped,adjective,unterentwickelt,C2,,
underestimate,verb,unterschätzen,C1,PERSON,
underestimate,verb,unterschätzen,B2,NOT KNOW SIZE,
undergo,verb,unterziehen,C1,,
underground,adjective,unterirdisch,B2,,natural world
underline,verb,unterstreichen,B1,DRAW LINE,communication
underline,verb,unterstreichen,B2,EMPHASIZE,communication
underlying,adjective,zugrundeliegend,C2,,
undermine,verb,untergraben,C2,,
underneath,preposition,darunter,B1,,describing things
underneath,adverb,darunter,B2,,describing things
underpaid,adjective,unterbezahlt,C1,,
underpants,noun,Unterhose,B1,,clothes
understand,verb,verstehen,A1,KNOW MEANING,
understand,verb,verstehen,A2,KNOW WHY/HOW,
understand,verb,verstehen,B1,KNOW FEELINGS,
understandable,adjective,verständlich,B2,,
understandably,adverb,verständlicherweise,C1,,
understanding,noun,Verständnis,B2,KNOWLEDGE,
understanding,noun,Verständnis,B2,SYMPATHY,people: personality
understanding,noun,Verständnis,C2,AGREEMENT,
understanding,adjective,Verständnis,B2,,people: personality
undertake,verb,unternehmen,C1,DO,people: actions
undertake to do sth,phrase,sich dazu verpflichten,C2,,
undertaking,noun,Unternehmen,C2,,
underwater,adjective,unter Wasser,B2,,
underway,adjective,im Gange,C2,HAPPENING,
underwear,noun,Unterwäsche,B1,,clothes
unfortunate,adjective,unglücklich,B2,UNLUCKY,people: personality
unfortunately,adverb,Leider,A2,,communication
unfriendly,adjective,unfreundlich,B1,,"people: personality, relationships"
unhappiness,noun,Unglück,B2,,people: personality
unhappy,adjective,unzufrieden,B1,NOT SATISFIED,people: personality
unhappy,adjective,unzufrieden,A2,SAD,people: personality
unhealthy,adjective,ungesund,B1,,body and health
unhelpful,adjective,nicht hilfreich,B2,NO HELP,people: personality
unhelpful,adjective,nicht hilfreich,C1,NOT IMPROVE,
uniform,noun,Uniform,A2,,"clothes, education, work"
unimaginable,adjective,unvorstellbar,C2,,
unimportant,adjective,unwichtig,B1,,describing things
uninhabited,adjective,unbewohnt,C2,,
uninterested,adjective,uninteressiert,B1,,people: personality
uninteresting,adjective,uninteressant,B1,,people: personality
union,noun,Union,B2,JOINING,
union,noun,Union,B1,WORKERS,work
unique,adjective,einzigartig,B2,SPECIAL,
unique,adjective,einzigartig,B2,DIFFERENT,
unit,noun,Einheit,B1,SINGLE THING,
unit,noun,Einheit,C1,PEOPLE,relationships
unite,verb,vereinigen,C1,,
united,adjective,vereinigt,B2,JOINED,relationships
united,adjective,vereinigt,B2,IN AGREEMENT,relationships
unity,noun,Einheit,C1,,
universal,adjective,Universal-,B2,,
universally,adverb,allgemein,C1,,
university,noun,Universität,A1,,education
unjustified,adjective,ungerechtfertigt,C1,,
unkind,adjective,unfreundlich,B1,,people: personality
unknown,adjective,unbekannt,B1,NOT FAMOUS,
unknown,adjective,unbekannt,B1,NOT KNOWN,
unless,conjunction,es sei denn,B1,,
unlike,preposition,im Gegensatz zu,B2,DIFFERENT,
unlike,preposition,im Gegensatz zu,C2,NOT TYPICAL,
unlikely,adjective,unwahrscheinlich,B1,NOT LIKELY,
unlikely,adjective,unwahrscheinlich,C2,NOT TRUE,
unlimited,adjective,unbegrenzt,B2,,describing things
unload,verb,entladen,C2,REMOVE,people: actions
unload,verb,entladen,C1,SHIP/AIRCRAFT,
unlock,verb,entsperren,B2,,people: actions
unlucky,adjective,unglücklich,B1,,
unmarried,adjective,unverheiratet,C1,,relationships
unnatural,adjective,unnatürlich,B2,,
unnecessarily,adverb,unnötigerweise,C1,,
unnecessary,adjective,unnötig,B1,,
unnoticed,adjective,unbemerkt,C1,,
unpack,verb,auspacken,B1,,"people: actions, travel"
unpaid,adjective,unbezahlt,C1,NOT PAID,
unpaid,adjective,unbezahlt,C1,WORK FOR FREE,
unpleasant,adjective,unangenehm,B1,NOT PLEASANT,describing things
unpleasant,adjective,unangenehm,C1,RUDE,people: personality
unpopular,adjective,unpopulär,B2,,people: personality
unprecedented,adjective,beispiellos,C2,,
unpredictable,adjective,unvorhersehbar,B2,,
unproductive,adjective,unproduktiv,C1,,
unprofessional,adjective,unprofessionell,C1,,"people: personality, work"
unqualified,adjective,unqualifiziert,C1,,
unquestionably,adverb,zweifellos,C1,,
unreal,adjective,unwirklich,C1,,
unrealistic,adjective,unrealistisch,B2,,people: personality
unreasonable,adjective,unvernünftig,B2,,people: personality
unreasonably,adverb,unvernünftig,C1,,people: personality
unrelated,adjective,unabhängig,C1,,
unreliable,adjective,unzuverlässig,B2,,
up,adverb,hoch,A2,HIGHER POSITION,
up,adverb,hoch,B1,NOT IN BED,
up,adverb,hoch,B2,COMPLETE,
up,adverb,hoch,B2,INCREASE,
up,preposition,hoch,A2,HIGHER POSITION,
up and down,phrase,auf und ab,B2,,
upbringing,noun,Erziehung,B2,,"people: personality, relationships"
upcoming,adjective,bevorstehende,C1,,
update,verb,aktualisieren,B1,ADD INFORMATION,"communication, people: actions"
update,verb,aktualisieren,B2,MAKE MORE MODERN,people: actions
update,noun,aktualisieren,B2,NEW FORM,
update,noun,aktualisieren,B2,NEW INFORMATION,communication
upgrade,noun,Upgrade,B2,,technology
upgrade,verb,Upgrade,B2,,people: actions
uphill,adverb,bergauf,C2,TOP OF HILL,
uphold,verb,aufrechterhalten,C2,AGREE,
uphold,verb,aufrechterhalten,C2,SUPPORT,
upkeep,noun,Instandhaltung,C2,,
upload,verb,hochladen,B1,,"people: actions, technology"
upon,preposition,auf,B2,ON,describing things
upper,adjective,obere,B1,HIGH POSITION,
upper-class,adjective,Oberschicht,C1,,
upright,adjective,aufrecht,B2,,describing things
upset,adjective,verärgern,A2,UNHAPPY,people: personality
upset,verb,verärgern,B2,,"people: actions, people: personality"
upset stomach,phrase,Magenverstimmung,B2,,body and health
upside down,adverb,verkehrt herum,B2,,describing things
upstairs,adverb,oben,A2,,buildings
upstairs,adjective,oben,B1,,buildings
"up the road/street, etc.",phrase,die Straße hinauf usw.,A2,,
"up to 10, 20, etc.",phrase,"bis zu 10, 20 usw.",B1,,
up to a point,phrase,bis zu einem gewissen Punkt,B2,,
up to date,phrase,auf dem neuesten Stand,B1,,
up-to-date,adjective,aktuell,B1,,
up to speed,phrase,auf dem Laufenden,C1,,
"up to/until/till, etc.",phrase,bis/bis/bis usw.,B1,,
upward,adjective,nach oben,C1,,
upwards,adverb,nach oben,C1,HIGHER LEVEL,
upwards of sth,phrase,aufwärts,C2,,
urban,adjective,urban,B2,,
urge,verb,Drang,C2,ADVISE,
urge,noun,Drang,C2,,
urgent,adjective,dringend,B1,,
urgently,adverb,dringend,B1,,
urge sb on,phrasal verb,dränge weiter,C2,,
urge sb to do sth,phrase,Drang zu tun,C1,,
us,pronoun,uns,A1,,
usage,noun,Verwendung,C1,WORDS,
usage,noun,Verwendung,C1,AMOUNT,
use,verb,verwenden,B1,REDUCE,people: actions
use,verb,verwenden,A1,PURPOSE,people: actions
use,verb,verwenden,C2,PERSON,
use,verb,verwenden,B2,WORD,
use,noun,verwenden,A2,USING,people: actions
use,noun,verwenden,B1,PURPOSE,
use,noun,verwenden,B2,WORD,communication
used to do/be sth,phrase,früher gemacht/sein,B1,,
useful,adjective,nützlich,A2,HELPING,describing things
usefulness,noun,Nützlichkeit,C1,,
useless,adjective,nutzlos,B1,NO HELP,describing things
useless,adjective,nutzlos,C2,PERSON,
user,noun,Benutzer,B1,,
use up sth or use sth up,phrasal verb,aufbrauchen oder aufbrauchen,B2,,
good,adjective,Gut,A1,PLEASANT,
variation,noun,Variation,B2,DIFFERENCE,
variation,noun,Variation,C2,DIFFERENT THING,
varied,adjective,abwechslungsreich,B2,,
variety,noun,Vielfalt,B1,BEING DIFFERENT,
various,adjective,verschieden,A2,,
vary,verb,variieren,B2,BE DIFFERENT,
vary,verb,variieren,B2,CHANGE,
vase,noun,Vase,B1,,
vast,adjective,groß,B2,,describing things
vegetable,noun,Gemüse,A1,,food and drink
vegetarian,noun,Vegetarier,B1,,food and drink
vegetarian,adjective,Vegetarier,B1,,food and drink
vegetation,noun,Vegetation,C1,,
vehicle,noun,Fahrzeug,B1,TRANSPORT,travel
veil,noun,Schleier,C1,,clothes
vein,noun,Vene,C1,,body and health
velvet,noun,Samt,C2,,clothes
venture,noun,wagen,C2,,work
"venture into/out/outside, etc.",phrase,sich hinein/heraus/draußen wagen usw.,C2,,people: actions
"vent your anger/frustration, etc.",phrase,Machen Sie Ihrer Wut/Frustration usw. Luft.,C2,,
venue,noun,Veranstaltungsort,B2,,buildings
verb,noun,Verb,A2,,communication
verbal,adjective,verbal,C2,SPOKEN,
verbal,adjective,verbal,C2,WORDS,
verdict,noun,Urteil,C2,,crime
verify,verb,verifizieren,C1,,
versatile,adjective,vielseitig,C2,PERSON,people: personality
versatile,adjective,vielseitig,C2,THING,describing things
verse,noun,Vers,B2,,arts and media
version,noun,Version,B2,FORM,
version,noun,Version,C1,DESCRIPTION,
versus,preposition,gegen,C1,COMPARED WITH,
versus,preposition,gegen,C1,AGAINST,shopping
vertical,adjective,Vertikale,C1,,
very,adverb,sehr,A1,EMPHASIS,communication
very,adjective,sehr,C2,,
very much,phrase,sehr viel,A1,,describing things
vest,noun,Weste,C1,UNDERWEAR,clothes
vet,noun,Tierarzt,B1,,"animals, work"
veteran,noun,Veteran,C2,MILITARY PERSON,
veteran,noun,Veteran,C2,A LONG TIME,
via,preposition,über,B1,JOURNEY,travel
via,preposition,über,B1,USING,communication
viable,adjective,lebensfähig,C2,,describing things
vice,noun,Vize,C2,,
vice versa,adverb,umgekehrt,C1,,
vicious,adjective,bösartig,C2,VIOLENT,
vicious,adjective,bösartig,C2,UPSETTING,
victim,noun,Opfer,B2,,"body and health, crime"
victory,noun,Sieg,B2,,shopping
video,noun,Video,A2,ON COMPUTER/CAMERA,technology
video,noun,Video,A2,FILM/TV,"arts and media, technology"
video clip,noun,Videoclip,B1,,"arts and media, technology"
video game,noun,Videospiel,A2,,shopping
view,noun,Sicht,B1,OPINION,
view,noun,Sicht,B2,ABILITY TO SEE,
view,noun,Sicht,A2,THINGS YOU SEE,natural world
view,noun,Sicht,C2,POSITION,
view,verb,Sicht,C2,OPINION,
view,verb,Sicht,C2,WATCH,people: actions
viewer,noun,Zuschauer,B2,,arts and media
viewpoint,noun,Standpunkt,C1,,
village,noun,Dorf,A1,,natural world
villager,noun,Dorfbewohner,C2,,
vine,noun,Rebe,C1,,
vital,adjective,lebenswichtig,B2,,
vitality,noun,Vitalität,C2,,people: personality
vitally,adverb,lebenswichtig,C2,,
vitamin,noun,Vitamin,B2,,"body and health, food and drink"
vivacious,adjective,lebhaft,C2,,people: personality
vivid,adjective,lebendig,B2,COLOURS,describing things
vivid,adjective,lebendig,B2,DESCRIPTIONS,people: personality
vividly,adverb,lebhaft,B2,,
vocabulary,noun,Vokabular,A2,WORDS YOU KNOW,communication
vocabulary,noun,Vokabular,C1,LANGUAGE,
vocation,noun,Berufung,C2,,work
vocational,adjective,beruflich,C2,,
voice,noun,Stimme,B1,SOUNDS,
voice,verb,Stimme,C2,,communication
volcano,noun,Vulkan,B2,,natural world
volleyball,noun,Volleyball,A2,,shopping
volume,noun,Volumen,B2,AMOUNT,describing things
volume,noun,Volumen,B1,SOUND,technology
volume,noun,Volumen,C2,BOOK,
voluntarily,adverb,freiwillig,C2,,
voluntary,adjective,freiwillig,C1,,
volunteer,noun,Freiwilliger,B2,,
volunteer,verb,Freiwilliger,C1,,communication
vomit,verb,sich erbrechen,C2,,body and health
vote,noun,Abstimmung,B1,SHOW CHOICE,"politics, politics"
vote,verb,Abstimmung,B1,,"people: actions, politics"
vote,noun,Abstimmung,B2,DECIDE,
voter,noun,Wähler,C2,,politics
vow,noun,Gelübde,C2,,
vow,verb,Gelübde,C2,,
vowel,noun,Vokal,B1,,communication
voyage,noun,Reise,B2,,travel
vulnerable,adjective,verletzlich,C2,,
wage,noun,Lohn,B1,,"money, work"
waist,noun,Taille,B2,,body and health
wait,verb,Warten,A1,STAY,people: actions
wait,verb,Warten,C1,NOT DO SOMETHING,
wait,noun,Warten,B2,,people: actions
wait a minute,phrase,warten Sie eine Minute,B1,,communication
wait a minute/moment,phrase,warte eine Minute/einen Moment,B1,,communication
wait a moment,phrase,warte einen Moment,B1,,communication
wait and see,phrase,abwarten und sehen,C1,,
waiter,noun,Kellner,A1,,"food and drink, work"
waitress,noun,Kellnerin,A1,,"food and drink, work"
wake,verb,aufwachen,B1,,people: actions
wake (sb) up or wake up (sb),phrasal verb,(jdn) aufwecken oder aufwachen (jdn),A1,,people: actions
walk,verb,gehen,A1,,people: actions
walk,noun,gehen,A2,JOURNEY,people: actions
walk,noun,gehen,C1,PATH,
walker,noun,Wanderer,C1,,
walking,noun,gehen,A2,,people: actions
"walking/hockey, etc. stick",phrase,Geh-/Hockeyschläger usw,B1,,shopping
walk sb home/to sth,phrase,nach Hause/zu gehen,B1,,people: actions
walk the dog,phrase,mit dem Hund spazieren gehen,B1,,people: actions
wall,noun,Wand,A1,,buildings
wallet,noun,Geldbörse,A2,,money
wander,verb,wandern,B2,WALK SLOWLY,people: actions
want,verb,wollen,A1,,people: personality
war,noun,Krieg,A2,FIGHTING,
war,noun,Krieg,C2,TO STOP,
ward,noun,Station,B2,,"body and health, buildings"
wardrobe,noun,Kleiderschrank,B1,FURNITURE,"clothes, buildings"
wardrobe,noun,Kleiderschrank,C1,CLOTHES,clothes
warehouse,noun,Lager,C2,,buildings
warm,adjective,warm,A1,TEMPERATURE,
wave,verb,Welle,C1,MOVE SIDE TO SIDE,
wave,noun,Welle,C2,GROUP,
wave,noun,Welle,B2,ENERGY,
wave,noun,Welle,C2,HAND,
way,noun,Weg,A2,METHOD,
way,noun,Weg,A2,ROUTE,travel
way,noun,Weg,B1,DIRECTION,
way,noun,Weg,B1,DISTANCE,
way,noun,Weg,C1,MANNER,
way,noun,Weg,C2,FREE SPACE,
we,pronoun,Wir,A1,GROUP,
we,pronoun,Wir,B1,ALL PEOPLE,
weak,adjective,schwach,B1,BODY,people: appearance
weak,adjective,schwach,B1,NOT GOOD,people: personality
weak,adjective,schwach,C1,REASON,
weak,adjective,schwach,B2,CHARACTER,
weak,adjective,schwach,B2,TASTE,food and drink
weak,adjective,schwach,C1,LIKELY TO FAIL,
weak,adjective,schwach,B2,SLIGHT,
weaken,verb,schwächen,C2,LOSE CONFIDENCE,
weaken,verb,schwächen,C1,LOSE POWER,
weakness,noun,Schwäche,B2,NOT STRONG,
weakness,noun,Schwäche,B2,NOT EFFECTIVE,
wealth,noun,Reichtum,B2,MONEY,money
wealthy,adjective,reich,B2,,money
weapon,noun,Waffe,B2,,
wear,verb,tragen,A1,CLOTHES,clothes
wear,verb,tragen,B2,HAIR,
wear,verb,tragen,C2,FACE,
wear off,phrasal verb,nachlassen,B2,,
wear sb out or wear out sb,phrasal verb,abnutzen oder abnutzen,B2,,people: actions
wear (sth) out or wear out (sth),phrasal verb,(etw) abnutzen oder (etw) abnutzen,B1,,people: actions
wear thin,phrase,abscheuern,C2,IDIOM,
weary,adjective,müde,C2,TIRED,
weary of sth/sb,phrase,müde von/jdm,C2,,
weather,noun,Wetter,A1,"WIND, RAIN, ETC.",natural world
weather forecast,noun,Wettervorhersage,B1,,natural world
web,noun,Web,B1,SPIDER,animals
webcam,noun,Webcam,B1,,technology
web page,noun,Webseite,A2,,technology
website,noun,Webseite,A1,,technology
wedding,noun,Hochzeit,B1,,relationships
Wednesday,noun,Mittwoch,A1,,
weed,noun,Unkraut,C2,,natural world
week,noun,Woche,A1,MONDAY TO FRIDAY,
week,noun,Woche,A1,SEVEN DAYS,
weekday,noun,Wochentag,A2,,
weekend,noun,Wochenende,A1,,
weekly,adjective,wöchentlich,A2,,
weep,verb,weinen,C2,,
weigh,verb,wiegen,B2,CONSIDER CAREFULLY,
weigh,verb,wiegen,B1,HEAVINESS,"describing things, people: appearance"
weight,noun,Gewicht,B1,AMOUNT,"describing things, people: appearance"
weight,noun,Gewicht,B2,HEAVINESS,describing things
weight,noun,Gewicht,B2,OBJECT,
weird,adjective,seltsam,B2,,
welcome,verb,Willkommen,B1,MEET,communication
welcome,exclamation,Willkommen,A2,,communication
welcome,verb,Willkommen,B2,ENCOURAGE,communication
welcome,adjective,Willkommen,B1,PLEASED,
welcome,adjective,Willkommen,B2,PLEASING,people: personality
welcome,noun,Willkommen,B1,FRIENDLY TREATMENT,communication
welfare,noun,Wohlfahrt,B2,HEALTH,body and health
welfare,noun,Wohlfahrt,C2,CARE,
what does sb do?,phrase,Was macht?,A1,,work
whatever,pronoun,was auch immer,B1,ANYTHING,
whatever,pronoun,was auch immer,B2,NO DIFFERENCE,communication
whatever,determiner,was auch immer,B2,NO DIFFERENCE,
What ...for?,phrase,Wozu?,B2,,communication
What if ...?,phrase,"Was ist, wenn ...?",B1,,communication
What is sb/sth like?,phrase,Wie ist/etwas?,A2,,communication
what struck me/the first thing that struck me...,phrase,"Was ist mir aufgefallen/das Erste, was mir aufgefallen ist...",B2,,
What's up?,phrase,Was ist los?,B1,,
what's/what is more,phrase,was ist/was ist mehr,B2,,communication
what/whatever became of sb/sth,phrase,was/was auch immer aus/etw. geworden ist,C2,,
what with,phrase,was mit,C2,,
wheat,noun,Weizen,B2,,"food and drink, natural world"
wheel,noun,Rad,A2,ON VEHICLE,"technology, travel"
wheelchair,noun,Rollstuhl,B1,,
when,adverb,Wann,A1,,
when,conjunction,Wann,A2,AT WHAT TIME,
when,conjunction,Wann,B2,ALTHOUGH,
whenever,conjunction,wann immer,B1,EVERY TIME,
whenever,adverb,wann immer,C2,,
whenever possible,phrase,wann immer möglich,B2,,
when it comes to sth/doing sth,phrase,wenn es darum geht/tun,C1,,
where,adverb,Wo,A1,,
where,conjunction,Wo,A2,POSITION,
where,conjunction,Wo,B2,PROCESS/ACTIVITY,
whereabouts,adverb,Aufenthaltsort,C2,,
whereas,conjunction,wohingegen,B2,,communication
whereby,adverb,wodurch,C2,,
where sb stands (on sth),phrase,wo steht (auf),C2,,
wherever,conjunction,wo immer,B1,EVERY PLACE,
wherever possible,phrase,wo immer möglich,B2,,
where you stand (with sb),phrase,wo du stehst,C2,,
whether,conjunction,ob,B1,IF,
whether... or,phrase,ob... oder,B1,,communication
which,determiner,welche,A1,,
which,pronoun,welche,A2,CHOICE,
which,pronoun,welche,A2,REFERRING TO SOMETHING,
which,pronoun,welche,B1,ADDING INFORMATION,communication
which,pronoun,welche,B2,AFTER PREPOSITION,
which,pronoun,welche,B2,GIVING OPINION,
whichever,determiner,was auch immer,B2,ANY,
whichever,determiner,was auch immer,B2,NOT IMPORTANT,
whichever,pronoun,was auch immer,B2,,
while,conjunction,während,A2,DURING,
while,conjunction,während,B1,COMPARING,communication
while,conjunction,während,B2,ALTHOUGH,communication
whim,noun,Laune,C2,,
whisky,noun,Whiskey,B2,,food and drink
whisper,verb,flüstern,B2,,communication
whistle,verb,Pfeife,B2,,people: actions
whistle,noun,Pfeife,B2,,arts and media
white,adjective,Weiß,A1,COLOUR,describing things
white,adjective,Weiß,A2,COFFEE,food and drink
white,adjective,Weiß,A2,WINE,food and drink
white,adjective,Weiß,B1,PERSON,people: appearance
white,adjective,Weiß,C2,FACE,
white,adjective,Weiß,C2,OF WHITE PEOPLE,
white,noun,Weiß,A2,,
who,pronoun,WHO,A1,NAME,
who,pronoun,WHO,A2,REFERRING TO SOMEONE,
wilderness,noun,Wildnis,C2,,natural world
wildlife,noun,Tierwelt,B1,,"animals, natural world"
wildly,adverb,wild,B2,WITHOUT CONTROL,
wildly,adverb,wild,C2,EXTREMELY,
will,modal verb,Wille,A2,FUTURE,
will,modal verb,Wille,A1,ABLE/WILLING,
will,modal verb,Wille,A2,ASK,communication
will,modal verb,Wille,A2,IF,
will,noun,Wille,B2,MENTAL POWER,people: personality
will,noun,Wille,C1,WHAT SOMEONE WANTS,people: personality
will,noun,Wille,C2,DOCUMENT,money
will do,phrase,wird tun,C1,,
will have,phrase,wird haben,B2,,
willing,adjective,bereit,C2,WANTING,people: personality
willingly,adverb,bereitwillig,B2,,people: personality
willingness,noun,Bereitschaft,B2,,people: personality
willpower,noun,Willenskraft,C2,,people: personality
win,verb,gewinnen,A2,COMPETITION,"people: actions, shopping"
win,verb,gewinnen,A2,PRIZE,"people: actions, shopping"
win,verb,gewinnen,B1,ELECTION,"people: actions, politics"
win,verb,gewinnen,B2,ARGUMENT,"communication, people: actions"
win,noun,gewinnen,C1,,shopping
"win approval/respect/support, etc.",phrase,Zustimmung/Respekt/Unterstützung usw. gewinnen.,C2,,
wind,noun,Wind,A1,,natural world
"wind along/through, etc.",phrase,Wind entlang/durch usw.,B2,,
winding,adjective,Wicklung,B2,,describing things
window,noun,Fenster,A1,GLASS,buildings
window,noun,Fenster,B1,COMPUTER,technology
windscreen,noun,Windschutzscheibe,B1,,travel
"wind (sth) around/round, etc. sth",phrase,(etw.) herumwinden usw.,B2,,people: actions
windsurfing,noun,Windsurfen,B1,,shopping
windy,adjective,windig,A2,,natural world
wine,noun,Wein,A1,,food and drink
wing,noun,Flügel,B1,CREATURE,animals
wing,noun,Flügel,B2,AIRCRAFT,travel
wing,noun,Flügel,C2,POLITICS,politics
wink,verb,zwinkern,C2,,people: actions
winner,noun,Gewinner,A2,,shopping
winter,noun,Winter,A1,,natural world
wipe,verb,wischen,B2,CLEAN,people: actions
"wipe sth away/from/off, etc.",phrase,wegwischen/von/aus usw.,B2,,people: actions
wipe sth out or wipe out sth,phrasal verb,auslöschen oder auslöschen,C2,,
wire,noun,Draht,B2,METAL THREAD,
wire,noun,Draht,B2,ELECTRICITY,technology
wisdom,noun,Weisheit,B2,KNOWLEDGE,people: personality
wise,adjective,weise,B2,,people: personality
wisely,adverb,weise,C1,,
wish,noun,Wunsch,B2,WANT,people: personality
wish,noun,Wunsch,C2,SECRET,
"wish sb luck/success, etc.",phrase,wünsche Glück/Erfolg usw.,B1,,communication
wish (that),phrase,wünschen (das),B1,,people: personality
wish to do sth,phrase,tun möchte,B2,,people: personality
wit,noun,Witz,C1,,people: personality
witch,noun,Hexe,C1,,
with,preposition,mit,A1,TOGETHER,
with,preposition,mit,A1,HAVING,describing things
with,preposition,mit,B1,WHAT,describing things
with,preposition,mit,A2,USING,
with,preposition,mit,B2,CAUSE,
with,preposition,mit,B1,HOW,
with,preposition,mit,B2,RELATING TO,
with all your heart,phrase,von ganzem Herzen,B2,,
with a view to doing sth,phrase,"mit dem Ziel, es zu tun",C1,,
with bated breath,phrase,mit angehaltenem Atem,C2,IDIOM,
with your bare hands,phrase,mit bloßen Händen,C2,,
with your bare hands,phrase,mit bloßen Händen,C2,IDIOM,
witness,noun,Zeuge,B2,,crime
witness,verb,Zeuge,B2,,"crime, people: actions"
witty,adjective,witzig,B2,,people: personality
wolf,noun,Wolf,B2,,animals
woman,noun,Frau,A1,,people: appearance
wonder,verb,Wunder,B1,POLITE REQUEST,communication
wonder,verb,Wunder,B1,QUESTION,
wonderful,adjective,wunderbar,A2,,describing things
wood,noun,Holz,A2,GROUP OF TREES,natural world
wood,noun,Holz,A2,MATERIAL,
wooden,adjective,aus Holz,A2,,
woodland,noun,Wald,C2,,natural world
wool,noun,Wolle,A2,,
word,noun,Wort,A1,LANGUAGE UNIT,communication
word for word,phrase,Wort für Wort,C2,,work
PLACE,noun,ORT,A1,,work
work,noun,arbeiten,A1,JOB,work
work,noun,arbeiten,A2,ACTIVITY,"people: actions, work"
work,noun,arbeiten,B2,CREATION,arts and media
work,noun,arbeiten,B1,EFFORT,people: actions
work,verb,arbeiten,A1,DO JOB,"people: actions, work"
work,verb,arbeiten,A2,OPERATE,technology
work,verb,arbeiten,B1,SUCCEED,work
aholic,noun,aholisch,C2,,work
at sth,phrasal verb,bei,B2,,people: actions
worker,noun,Arbeitnehmer,A2,IN COMPANY,work
workforce,noun,Belegschaft,C1,COMPANY,work
workforce,noun,Belegschaft,C2,COUNTRY,work
ing,adjective,ing,B1,JOB,work
working-class,adjective,Arbeiterklasse,C1,,work
on sth,phrasal verb,An,B2,,people: actions
workout,noun,trainieren,B1,,"people: actions, shopping"
work out,phrasal verb,trainieren,B1,EXERCISE,"people: actions, shopping"
work out,phrasal verb,trainieren,B2,BECOME BETTER,work
place,noun,Ort,C1,,work
workshop,noun,Werkstatt,C1,,education
work sth out or work out sth,phrasal verb,trainieren oder trainieren,B2,,people: actions
work sth out or work out sth,phrasal verb,trainieren oder trainieren,C2,UNDERSTAND,
world,noun,Welt,A1,THE EARTH,natural world
world,noun,Welt,B1,GROUP,
worldwide,adjective,weltweit,B2,,natural world
worm,noun,Wurm,B2,,animals
worried,adjective,besorgt,A2,,people: personality
worry,verb,Sorge,A2,FEEL ANXIOUS,people: personality
worry,verb,Sorge,B2,MAKE SOMEONE ANXIOUS,people: personality
worry,noun,Sorge,B1,PROBLEM,people: personality
worry,noun,Sorge,B2,BEING ANXIOUS,people: personality
worrying,adjective,besorgniserregend,B2,,people: personality
worse,adjective,schlechter,A2,MORE UNPLEASANT,describing things
worse,adverb,schlechter,B1,COMPARATIVE,
worse,noun,schlechter,C1,,
worse and worse,phrase,immer schlimmer,B2,,describing things
worsen,verb,verschlechtern,C1,,
worship,verb,Verehrung,C1,RELIGION,
worship,verb,Verehrung,C1,ADMIRE,
worship,noun,Verehrung,C2,,
worst,noun,am schlimmsten,B1,MOST UNPLEASANT/DIFFICULT,describing things
worst,adjective,am schlimmsten,A2,,describing things
worst,adverb,am schlimmsten,B2,,
worst of all,phrase,das Schlimmste von allem,B2,,communication
worthless,adjective,wertlos,C1,NOT IMPORTANT,
worthless,adjective,wertlos,C2,MONEY,
worthwhile,adjective,lohnt sich,B2,,
wretched,adjective,erbärmlich,C2,UNHAPPY,
wretched,adjective,erbärmlich,C2,BAD,
wrinkle,noun,Falten,C2,,body and health
wrinkled,adjective,faltig,C2,,body and health
wrist,noun,Handgelenk,B2,,body and health
write,verb,schreiben,A1,PRODUCE,"communication, people: actions"
write,verb,schreiben,B1,CREATE,communication
write,verb,schreiben,A2,COMMUNICATE,"communication, people: actions"
writer,noun,Schriftsteller,B1,,"communication, work"
write sb/sth off or write off sb/sth,phrasal verb,etw abschreiben oder etw abschreiben,C2,,
write sth down or write down sth,phrasal verb,aufschreiben oder aufschreiben,B1,,"communication, people: actions"
write sth up or write up sth,phrasal verb,aufschreiben oder aufschreiben,C1,,"communication, people: actions"
writing,noun,Schreiben,A1,SKILL,communication
writing,noun,Schreiben,A2,TEXT,communication
writing,noun,Schreiben,B1,STYLE,communication
writing,noun,Schreiben,B2,WORK,communication
written,adjective,geschrieben,B1,,communication
wrong,adjective,falsch,A1,NOT CORRECT,
wrong,adjective,falsch,B1,PROBLEM,
wrong,adjective,falsch,B2,NOT MORAL,
wrong,adverb,falsch,A2,NOT CORRECT,
wrong,adjective,falsch,C1,NOT SUITABLE,
wrongly,adverb,zu Unrecht,B2,INCORRECTLY,
"wrongly accused/convicted/imprisoned, etc.",phrase,zu Unrecht beschuldigt/verurteilt/inhaftiert usw.,C1,,
xenophobia,noun,Fremdenfeindlichkeit,C2,,
X-ray,noun,Röntgen,B2,,body and health
yacht,noun,Yacht,B2,,travel
yard,noun,Hof,B1,,describing things
yawn,verb,gähnen,B2,,people: actions
yeah,exclamation,Ja,A2,,communication
year,noun,Jahr,A1,TWELVE MONTHS,
year,noun,Jahr,A2,PERIOD OF STUDY,education
yearn for sth; yearn to do sth,phrase,sich danach sehnen; Sehnsucht danach,C2,,
yell,verb,Schrei,B2,,communication
yell,noun,Schrei,B2,,communication
yellow,adjective,Gelb,A1,,describing things
yellow,noun,Gelb,A2,,describing things
yes,adverb,Ja,A1,ANSWER,communication
yes,adverb,Ja,A1,AGREE,communication
yes,adverb,Ja,A2,DISAGREE,communication
"Yes, please",phrase,"Ja, bitte",A1,,communication
yesterday,adverb,gestern,A1,,
yet,adverb,noch,A2,UNTIL NOW,
yet,adverb,noch,A2,NOW,
yet,adverb,noch,C1,IN THE FUTURE,
yet,conjunction,noch,B1,,
yet again,phrase,wieder mal,B2,,
"yet another/more, etc.",phrase,noch eins/mehr usw.,C2,,
yield,verb,Ertrag,C2,,
yoga,noun,Yoga,B1,,shopping
yogurt,noun,Joghurt,A2,,food and drink
you,pronoun,Du,A1,PERSON/PEOPLE ADDRESSED,
you,pronoun,Du,A2,PEOPLE GENERALLY,
you can't beat sth,phrase,du kannst nicht schlagen,C2,,
you have to hand it to sb,phrase,du musst es abgeben,C2,,
you know,phrase,Du weisst,B1,,communication
you might like/want to...,phrase,Vielleicht möchten/wollen Sie...,C1,,people: personality
You must be joking!/ You're joking!,phrase,Du machst bestimmt Witze!/Du machst Witze!,B1,,communication
you name it,phrase,Sie nennen es,C2,,communication
you never know,phrase,man weiß es nie,B2,,communication
young,adjective,jung,A1,,people: appearance
youngster,noun,Jugendlicher,C1,,
your,determiner,dein,A1,PERSON/PEOPLE ADDRESSED,
your,determiner,dein,B1,PEOPLE GENERALLY,
