Rank,Hebrew,English,cefr_level,confidence,source
1,של,of / belongs to,C1,0.404,model_predicted
2,את,you (f.s.) / the (direct object),A1,0.851,model_predicted
3,על,on / about / top,A1,0.639,model_predicted
4,לא,no,A1,0.599,model_predicted
5,הוא,he,A1,0.803,model_predicted
6,עם,with / people / nation,B2,1.0,concordance
7,כי,because,A1,0.448,model_predicted
8,היה,was (m.s.),A2,0.447,model_predicted
9,זה,this / that,A1,0.788,model_predicted
10,גם,also / too,A1,1.0,concordance
11,ב,in,A1,0.463,model_predicted
12,כל,all,A1,1.0,concordance
13,ה,the,A1,0.71,model_predicted
14,בין,between / among / within,A2,0.322,model_predicted
15,או,or,A1,0.758,model_predicted
16,אל,to / God / don't,A2,0.421,model_predicted
17,אך,but / hardly,A1,0.546,model_predicted
18,יותר,more,A1,0.636,model_predicted
19,היא,she,A1,0.841,model_predicted
20,לאחר,after / to be late / to/for the other,A1,0.511,model_predicted
21,אבל,but / mourning / mourner,A1,0.546,model_predicted
22,ל,to / to the,B2,0.409,model_predicted
23,היו,were (m.),A1,0.62,model_predicted
24,עד,until / eternity / witness,A1,0.319,model_predicted
25,זו,this (f.),A1,0.788,model_predicted
26,הם,they (m.),A1,0.721,model_predicted
27,אשר,that / which,A1,0.795,model_predicted
28,הייתה,she was,A1,0.841,model_predicted
29,בשנת,in the year [X] / in the year of,A1,0.821,model_predicted
30,כך,so / like this / thus,A1,0.662,model_predicted
31,רק,only,A1,0.742,model_predicted
32,אף,also / even / nose,A1,1.0,concordance
33,ביותר,"most, very much",A1,0.488,model_predicted
34,אני,I / me,A1,0.506,model_predicted
35,עוד,more / musical instrument,A2,1.0,concordance
36,רבים,many / fighting (m.pl.),A1,0.618,model_predicted
37,כמו,like / as,A1,0.662,model_predicted
38,בית,home / house,A1,0.832,model_predicted
39,אם,if / mother,A1,0.818,model_predicted
40,זאת,this (f.),A1,0.788,model_predicted
41,שם,there / name,A1,1.0,concordance
42,יש,there is / one must,A1,0.782,model_predicted
43,מה,what,A1,0.776,model_predicted
44,לי,to me / for me,A1,0.302,model_predicted
45,כן,yes / sincere / stand (n.),A2,1.0,concordance
46,כ,like / as / approximately,A1,0.662,model_predicted
47,לו,to him / if (wishing),A1,0.795,model_predicted
48,מספר,number / tell (m.s.) / narrator,A1,0.734,model_predicted
49,בו,in him / in it,A1,0.795,model_predicted
50,העיר,the city / made a comment / woke someone up (m.s.),A1,0.732,model_predicted
51,מ,from,A1,0.672,model_predicted
52,כדי,in order to,A2,0.498,model_predicted
53,אותו,him / it,A1,0.795,model_predicted
54,דבר,thing / matter / something / word / speech / saying / command / to speak / to say / plague / speak (m.s. imperative),A1,0.733,model_predicted
55,ו,and,A1,0.616,model_predicted
56,בכל,in all / at all,A1,1.0,concordance
57,אלו,these,A1,0.728,model_predicted
58,שני,second / two / scarlet,A1,0.619,model_predicted
59,אלה,these / goddess / bat,A1,0.728,model_predicted
60,כאשר,when / while,A1,0.801,model_predicted
61,אין,there is no / nothing / naught / where,A1,0.782,model_predicted
62,אמר,said (m.s.),A1,0.426,model_predicted
63,באופן,in a way,A1,0.731,model_predicted
64,הברית,the pact / the alliance / the covenant / the circumcision,B2,0.44,model_predicted
65,מן,from,A1,0.672,model_predicted
66,שלא,that [is] not,A1,0.795,model_predicted
67,ידי,my hands / my hand / the hands of,A1,1.0,concordance
68,לפני,before / in front of / ago,B1,1.0,concordance
69,הן,they (f.),A1,0.721,model_predicted
70,העולם,the world,A1,0.55,model_predicted
71,פי,my mouth / multiplied by,A1,0.433,model_predicted
72,במהלך,during,B1,0.418,model_predicted
73,שלו,his / belongs to him / calm,A1,0.788,model_predicted
74,בה,in her / in it,A1,0.819,model_predicted
75,מאד,very,A1,0.744,model_predicted
76,ניתן,possible / we will give,A2,0.409,model_predicted
77,אז,then,A1,0.579,model_predicted
78,בעל,owner / husband,A2,0.388,model_predicted
79,אחרים,other (m.pl.) / others (m.),A1,0.577,model_predicted
80,דרך,way / road / stepped on (m.s.),A1,0.731,model_predicted
81,ולא,and not / if not,A1,0.569,model_predicted
82,חלק,part / smooth / shared (m.s.),A1,0.578,model_predicted
83,אותה,her / it,A1,0.819,model_predicted
84,בן,son,A1,0.713,model_predicted
85,בני,my son / my sons,A1,0.713,model_predicted
86,אולם,but / hall,A1,0.546,model_predicted
87,אחר,other / after,A1,0.577,model_predicted
88,כמה,how many / how much / some / yearned (m.s.) / yearn (m.s.),A1,0.725,model_predicted
89,המאה,the century / the hundred,A2,0.307,model_predicted
90,החל,started (m.s.) / starting from,A1,0.55,model_predicted
91,נגד,against,B2,0.346,model_predicted
92,אנשי,the people of,A1,0.75,model_predicted
93,אותם,them (m.),A1,0.744,model_predicted
94,כלל,rule / all / included (m.s.),A1,1.0,concordance
95,מנת,a portion of,B2,1.0,concordance
96,כיום,today / nowadays,A1,0.774,model_predicted
97,שונים,different / various (m.pl.),A1,0.672,model_predicted
98,המלחמה,the war,A2,1.0,concordance
99,שנים,years / two,A1,0.821,model_predicted
100,כבר,already,A1,0.634,model_predicted
101,רב,Rabbi // fought (m.s.) / many / much / most / majority,B2,0.304,model_predicted
102,בשל,because of / ripe / cooked (m.s.),A1,0.448,model_predicted
103,בהם,in them (m.),A1,0.744,model_predicted
104,גדול,big / large (m.s.),A1,0.457,model_predicted
105,להם,to them (m.),A1,0.744,model_predicted
106,בעיקר,mainly / principally / especially,B1,0.344,model_predicted
107,אלא,but / only,A1,0.546,model_predicted
108,היום,today,A1,0.774,model_predicted
109,במקום,instead of / in place / in place / in the place / in a place,A2,0.512,model_predicted
110,שהיה,that was (m.s.),A1,0.795,model_predicted
111,וכן,and also,A1,1.0,concordance
112,הרב,the many / the rabbi / the majority,A1,0.618,model_predicted
113,שבו,that in him / that in it,A1,0.795,model_predicted
114,זמן,time,A1,0.757,model_predicted
115,יכול,can (m.s.),A1,0.728,model_predicted
116,להיות,to be,A1,0.357,model_predicted
117,לה,to her,A1,0.819,model_predicted
118,יהודים,Jews,B2,0.313,model_predicted
119,היהודים,the Jews,B2,0.313,model_predicted
120,נוספים,additional (m.pl.),B2,0.28,model_predicted
121,הים,the sea,A1,0.561,model_predicted
122,ללא,without,A2,0.455,model_predicted
123,מקום,place,A1,0.561,model_predicted
124,חיים,life / (could also be a name),A1,1.0,concordance
125,המדינה,the state,A2,0.303,model_predicted
126,הארגון,the organization,C1,0.345,model_predicted
127,אחרי,after,A1,0.511,model_predicted
128,רבות,many (f.) / a lot / fight (f.pl.),A1,0.618,model_predicted
129,שהוא,that he / that is (m),A1,0.795,model_predicted
130,שנה,year / studied (m.s.),A1,0.821,model_predicted
131,בעלי,my husband / the owner(s) of / repentant,A1,0.665,model_predicted
132,מתוך,out of / from,A1,0.469,model_predicted
133,תוך,inside / interior / content,A1,0.547,model_predicted
134,ראש,head,A1,0.517,model_predicted
135,מלחמת,the war of,A2,1.0,concordance
136,אדם,person / man / human being / Adam,A1,1.0,concordance
137,מול,against / in front of,B1,1.0,concordance
138,איש,person / man / husband,A1,1.0,concordance
139,בדרך,on the way / on a way,A1,0.731,model_predicted
140,נוספת,additional (f.s.),B2,0.28,model_predicted
141,שימוש,use,A2,0.369,model_predicted
142,כגון,such as,A1,0.431,model_predicted
143,יום,day / daylight,A1,0.844,model_predicted
144,באמצעות,through / by way of / by,A2,0.332,model_predicted
145,מכן,of that / from then / of you (f.pl.),A1,0.795,model_predicted
146,במשך,during / in the course of,B1,0.418,model_predicted
147,ואף,and also / and even / and nose,A1,1.0,concordance
148,לך,to you / for you (m.s.) / to you / for you (f.s.) / go / walk (m.s. Imperative),A1,0.851,model_predicted
149,האדם,the man / the person,A1,1.0,concordance
150,אתה,you (m.s.),A1,0.851,model_predicted
151,בשם,in the name of / called,A1,1.0,concordance
152,ועל,and on / and about,A1,0.639,model_predicted
153,הממשלה,the government,B2,0.304,model_predicted
154,לכל,to all / to everybody,A1,1.0,concordance
155,תחת,under / beneath / instead of,A2,0.429,model_predicted
156,לעתים,sometimes,A1,0.451,model_predicted
157,הזה,this (m.) / hallucinated (m.s.),A1,0.788,model_predicted
158,מהם,from them / what are (m.pl.),A1,0.672,model_predicted
159,למרות,despite,C1,0.407,model_predicted
160,אמרה,said (f.s.) / phrase / fringe,B1,1.0,concordance
161,עצמו,himself,A2,0.445,model_predicted
162,שנות,the years of,A1,0.821,model_predicted
163,כמעט,almost,A2,0.476,model_predicted
164,אינו,is not / is not here (m.s.),A1,0.569,model_predicted
165,בנוסף,in addition,C1,0.341,model_predicted
166,בידי,in the hands of / in my hand / in my hands,A1,1.0,concordance
167,בעקבות,in the footsteps of / following / as a result of,B1,0.396,model_predicted
168,בעיר,in a city / in the city,A1,0.732,model_predicted
169,לפי,according to / to my mouth,B1,0.344,model_predicted
170,בקרב,among / in a battle / in the battle,B2,0.32,model_predicted
171,כפי,as / my palm / my spoon,A1,0.508,model_predicted
172,המשחק,the game / the one who plays,A1,1.0,concordance
173,מי,who,A1,1.0,concordance
174,רוב,most,A1,0.488,model_predicted
175,עבור,for,A1,0.736,model_predicted
176,ואת,and the / and you (f.s.),A1,0.851,model_predicted
177,בעת,at a time (of) / phobia,A1,0.757,model_predicted
178,ארצות,countries,A1,0.621,model_predicted
179,למשל,for example,A1,0.429,model_predicted
180,הצבא,the army,A2,0.361,model_predicted
181,ההגנה,the defense,B2,0.371,model_predicted
182,כלי,article / dish / vessel / ware / tool,A1,0.707,model_predicted
183,נוסף,additional (m.s.),B2,0.28,model_predicted
184,באזור,in an area / in the area,A2,0.507,model_predicted
185,טוב,good (m.s.),A1,0.76,model_predicted
186,בעולם,in the world,A1,0.55,model_predicted
187,כוחות,powers / forces / strength,B1,0.397,model_predicted
188,בתוך,inside,A1,0.547,model_predicted
189,הארץ,the country / the earth / Israel,A1,0.621,model_predicted
190,פני,the face of / my face,A1,0.671,model_predicted
191,בארץ,in a country / in the country / in Israel,A1,0.621,model_predicted
192,והוא,and he,A1,0.604,model_predicted
193,הדבר,the thing / the object / the item / the matter / the plague,A1,0.733,model_predicted
194,בלבד,only,A1,0.742,model_predicted
195,כוח,power / force / strength,B1,0.397,model_predicted
196,בבית,at home / in the house / in a house / in the house of,A1,0.832,model_predicted
197,מאז,since then,A1,0.351,model_predicted
198,החיים,the life,A1,0.334,model_predicted
199,ימים,days,A1,0.844,model_predicted
200,לאורך,through / along / longitudinally,A2,0.332,model_predicted
201,מים,water,A1,0.751,model_predicted
202,הרבה,many / a lot / (did something) a lot (m.s.),A1,0.618,model_predicted
203,בלתי,not / no / im- / in- / un- / dis- / except,A1,0.569,model_predicted
204,עליו,on him / about him,A1,0.795,model_predicted
205,אביב,spring,A1,0.432,model_predicted
206,מעל,above / over / on top / embezzled (m.s.) / embezzlement / treachery,A2,0.453,model_predicted
207,הגדול,the big / the large (m.s.),A1,0.457,model_predicted
208,אי,island / not / no / im- / in- / un- / dis-,A2,0.383,model_predicted
209,הספר,the book / the border / the barber,A1,0.781,model_predicted
210,פעם,once / once upon a time / beat (m.s.),A1,0.615,model_predicted
211,ראו,saw (m.pl.),A2,0.383,model_predicted
212,בכך,by this,A1,0.788,model_predicted
213,נראה,looks / looked,A1,0.815,model_predicted
214,לבין,and between,A2,0.322,model_predicted
215,ועד,and until / committee / board / and a witness,A1,0.319,model_predicted
216,כנגד,against,B2,0.346,model_predicted
217,רבה,fought (f.s.),B1,0.372,model_predicted
218,שבה,returned (f.s.) / that in her,B1,0.367,model_predicted
219,מדי,too / whenever / as often as / the uniform of,A2,1.0,concordance
220,בסוף,at the end / at the end of,A1,0.621,model_predicted
221,המפלגה,the party (political),A1,1.0,concordance
222,במיוחד,especially,A2,0.417,model_predicted
223,שונות,difference / variation / variance (stat.) / different / various (f.pl.) / miscellaneous,B2,1.0,concordance
224,המים,the water,A1,0.751,model_predicted
225,וגם,and also,A1,1.0,concordance
226,ככל,the more / as far as,A1,0.636,model_predicted
227,שהיו,that were,A1,0.795,model_predicted
228,בתקופה,in a period / in an era / in the period / in the era,A2,0.396,model_predicted
229,אצל,in the possession of / at / near,B2,0.357,model_predicted
230,עדיין,still / yet,A2,0.444,model_predicted
231,השנים,the years,A1,0.821,model_predicted
232,לכך,to it,A2,0.253,model_predicted
233,יהודי,Jew / Jewish (m.s.),B2,0.313,model_predicted
234,ערך,value / edited / arranged / held (m.s.),B2,0.31,model_predicted
235,עכשיו,now,A1,0.694,model_predicted
236,החלו,started (pl.),A1,0.55,model_predicted
237,בזמן,at the time [of] / on time,A1,0.757,model_predicted
238,הכוחות,the powers / the forces / the strength,B1,0.397,model_predicted
239,עץ,tree / wood,A1,0.766,model_predicted
240,חיל,soldier (m) / corps / forces / success / fear,A2,0.408,model_predicted
241,אפשר,possible (adv.) / enabled / facilitated (m.s.),A2,0.409,model_predicted
242,בעוד,while,A1,0.621,model_predicted
243,בתי,the houses of / the homes of / my daughter,A1,0.817,model_predicted
244,שלה,hers,A1,0.708,model_predicted
245,האי,the island,A2,0.383,model_predicted
246,באותה,in the same / at the same (f.s.),A1,0.685,model_predicted
247,גדולה,big / large (f.s.),A1,0.457,model_predicted
248,הגיע,arrived (m.s.),A2,0.398,model_predicted
249,יחד,together,A1,0.704,model_predicted
250,למעשה,actually / in fact,A2,0.388,model_predicted
251,צבא,army,A2,0.361,model_predicted
252,מעט,a little / a few,A1,0.804,model_predicted
253,ועוד,and more / and still / plus,A2,1.0,concordance
254,שלהם,theirs,A1,0.709,model_predicted
255,עלי,on me / about me / go up (f.s. Imperative),A1,0.639,model_predicted
256,ביניהם,between them (m.),A2,0.322,model_predicted
257,והן,and they (f.),A1,0.721,model_predicted
258,ים,sea,A1,0.561,model_predicted
259,ובין,and between,A2,0.322,model_predicted
260,הכל,everything,A1,0.679,model_predicted
261,הרי,here is / you see / the mountains of,A1,0.775,model_predicted
262,אינם,are not / are not here (m.pl.),A1,0.786,model_predicted
263,בתחילת,at the beginning of,A2,0.375,model_predicted
264,האדמה,the land / the earth / the soil / the ground,A2,0.429,model_predicted
265,המשפט,the sentence / the trial,A1,0.521,model_predicted
266,בצורה,in a way / in a shape / in a form / in the way / in the shape / in the form,A1,0.731,model_predicted
267,סוף,end,A1,0.621,model_predicted
268,זכה,won (m.s.) / pure (f.),A2,0.499,model_predicted
269,מחוץ,outside of / crushed,A1,0.654,model_predicted
270,בתקופת,in the time of / in the period of / in the era of,A1,0.757,model_predicted
271,פה,here / mouth,A1,0.775,model_predicted
272,דומה,similar,A2,0.375,model_predicted
273,במסגרת,in a frame / in a framework / in the frame / in the framework,B1,0.295,model_predicted
274,האימפריה,the empire,C1,0.533,model_predicted
275,אנשים,people,A1,0.75,model_predicted
276,מערכת,system / editorial board,B1,1.0,concordance
277,אולי,Maybe / perhaps,A1,0.459,model_predicted
278,השמש,the sun / the attendant,A1,0.76,model_predicted
279,ספר,book / border / barber / counted (m.s.) / told (m.s.),A1,0.781,model_predicted
280,עניינים,matters,A2,0.369,model_predicted
281,שהיא,that she / that is (f.s.),A1,0.795,model_predicted
282,אינה,is not / is not here (f.s.),A1,0.569,model_predicted
283,שנת,year [X] / year of,A1,0.821,model_predicted
284,שלי,mine,A1,0.773,model_predicted
285,לראות,to see,A1,0.805,model_predicted
286,ולכן,and therefore / and to/for you (f.pl.),B2,0.363,model_predicted
287,בשנים,in the years / in years,A1,0.821,model_predicted
288,כתב,writing / wrote (m.s.) / reporter,B1,1.0,concordance
289,הקרב,the battle,B2,0.382,model_predicted
290,קטן,small / little (m.s.),A1,0.678,model_predicted
291,ביום,on [day / date] / per day / during the day,A1,0.844,model_predicted
292,מפני,because,A1,0.448,model_predicted
293,לשם,[to] there / [to/for] the name / for the sake of / opal,A1,1.0,concordance
294,תוכן,content,A2,0.414,model_predicted
295,הכוח,the power / the force / the strength,B1,0.397,model_predicted
296,הגיעו,arrived (pl.),A2,0.398,model_predicted
297,בשנות,in the years of,A1,0.821,model_predicted
298,בארצות,in countries / in the countries,A1,0.621,model_predicted
299,הדרך,the way / the road,A1,0.731,model_predicted
300,חיילים,soldiers,A2,0.408,model_predicted
301,תוכנית,program / plan,A2,0.436,model_predicted
302,הסרט,the movie / the ribbon/strip,A1,0.802,model_predicted
303,שוב,again / return (m.s. imperative),A1,0.404,model_predicted
304,עקב,due to / because of / followed (m.s.) / heel,A1,0.631,model_predicted
305,שהם,that they (m.) / that are (m.pl.),A1,0.795,model_predicted
306,נעשה,done / we will do,A1,0.59,model_predicted
307,לקראת,towards,B2,0.37,model_predicted
308,בהן,in them (f.),A1,0.744,model_predicted
309,הזמן,the time,A1,0.757,model_predicted
310,מיליון,million,A2,1.0,concordance
311,המלך,the king,A2,0.422,model_predicted
312,שכן,neighbor (m.s.) / lived / dwelt (m.s.),A2,0.346,model_predicted
313,יהיה,will be (m.s.),A1,0.714,model_predicted
314,המועצות,council of,A2,0.331,model_predicted
315,ממנו,from him,A1,0.672,model_predicted
316,קשה,difficult / hard (m.s.) / difficult / hard (f.s.),A2,0.394,model_predicted
317,עבר,passed / crossed / went through (m.s.),A2,0.41,model_predicted
318,אחרות,other (f.pl.) / others,A1,0.577,model_predicted
319,השלטון,the authority / the reign / the government,C1,0.488,model_predicted
320,צריך,need / necessary / should / must,A1,0.739,model_predicted
321,חידק,bacterium,B2,0.388,model_predicted
322,היהודית,the Jewish (f.s.),A1,0.351,model_predicted
323,נמצא,is found / is [at] (m.s.),A1,0.403,model_predicted
324,הר,mountain,A2,0.517,model_predicted
325,מבנה,structure,C1,0.409,model_predicted
326,החדשה,the new (f.s.),A1,0.682,model_predicted
327,מכל,from all,A1,1.0,concordance
328,בפני,in front of / in the presence of / in front of me / in my presence,B1,1.0,concordance
329,הקמת,(the) establishment of,C1,0.573,model_predicted
330,אנחנו,we,A1,0.819,model_predicted
331,קבוצת,group of,A1,0.462,model_predicted
332,שבהם,that in them (m.),A1,0.795,model_predicted
333,כולל,includes / including,A2,0.443,model_predicted
334,חיצוניים,external (m.pl.),B1,0.354,model_predicted
335,ימי,marine (m.s.),B1,0.319,model_predicted
336,הביניים,the mid / the middle / the intermediate,B1,0.349,model_predicted
337,ברחבי,all over,A1,1.0,concordance
338,למעלה,up / upward,C1,0.442,model_predicted
339,מדינות,states,A2,0.303,model_predicted
340,היהודי,the Jew / the Jewish (m.s.),B2,0.313,model_predicted
341,יחסית,relatively,C1,0.529,model_predicted
342,התנועה,the movement / the motion / the traffic,B1,0.461,model_predicted
343,האלים,the gods,A2,0.421,model_predicted
344,מינים,kinds / species / genders,A1,1.0,concordance
345,אליו,to him / to it (m.s.),A1,0.795,model_predicted
346,החברה,the friend (f.s.) / the company / the society,A1,0.768,model_predicted
347,ארץ,country / land / earth,A1,0.621,model_predicted
348,המבנה,the structure,C1,0.409,model_predicted
349,הבית,the house / the home,A1,0.817,model_predicted
350,המכונה,the machine / that is called / aka (m.s.) / that is called / aka (f.s.),A2,0.49,model_predicted
351,העם,the people,A1,0.75,model_predicted
352,משום,because,A1,0.448,model_predicted
353,הצליחו,succeeded (pl.),B2,0.354,model_predicted
354,המרד,the rebellion,C1,1.0,concordance
355,לתוך,into,A2,0.293,model_predicted
356,יכולים,can (m.pl.),A1,0.728,model_predicted
357,סביב,around,A2,0.358,model_predicted
358,מותו,his death,A1,0.788,model_predicted
359,לב,heart,A1,0.421,model_predicted
360,עתה,now,A1,0.694,model_predicted
361,מעבר,transition / pass / beyond / across,C1,0.422,model_predicted
362,לדוגמה,for example,A1,0.429,model_predicted
363,האם,if / is it / whether / the mother,B1,0.347,model_predicted
364,הצליח,succeeded (m.s.),B2,0.354,model_predicted
365,מחדש,from the beginning / renews / innovates (m.s.),A1,0.672,model_predicted
366,לארץ,to the country / to Israel,A1,0.621,model_predicted
367,העונה,the season / this season / that/who answers (f.s.),A1,1.0,concordance
368,ברית,pact / alliance / covenant / circumcision,B2,0.44,model_predicted
369,לנו,for us / to us / slept overnight (pl.),B1,0.316,model_predicted
370,קישורים,links / the connections / the bindings,B1,1.0,concordance
371,האלה,these / the goddess,A1,0.728,model_predicted
372,מזה,from this (m.),A1,0.672,model_predicted
373,ראשי,main / principal,A2,0.498,model_predicted
374,עמד,stood / was about to / endured / succeeded / insisted on (m.s.),B1,0.399,model_predicted
375,תל,hill,A2,0.421,model_predicted
376,בצפון,in the north / in the north of,A1,0.444,model_predicted
377,לכן,therefore / to/for you (f.pl.),B2,0.363,model_predicted
378,ההנדסה,the engineering,B2,0.31,model_predicted
379,מבלי,without,A2,0.455,model_predicted
380,לרוב,mostly / to/for the majority,A2,0.515,model_predicted
381,שבין,that is between / that is among,A1,0.795,model_predicted
382,יד,hand,A1,1.0,concordance
383,פעולה,action / operation / deed / transaction,B1,0.468,model_predicted
384,גוף,body,A1,0.568,model_predicted
385,יחידות,unit / squad / only / single (f.s.),A2,0.277,model_predicted
386,שאני,that I,A1,0.795,model_predicted
387,בא,coming / came (m.s.),A1,0.66,model_predicted
388,ידוע,known,A1,0.636,model_predicted
389,ולאחר,and after / and to another / and to be late / and to the other,A1,0.511,model_predicted
390,תקופה,period / era,A2,0.396,model_predicted
391,תקופת,period of / era of,A2,0.396,model_predicted
392,אפילו,even / although,A2,0.407,model_predicted
393,למצוא,to find,A1,0.583,model_predicted
394,קודם,earlier / former / previous (m.s.),A1,0.475,model_predicted
395,לצד,to a side / to the [right/left] / next to / to the side,A2,0.47,model_predicted
396,הקהילה,the community,B1,0.337,model_predicted
397,הייתי,I was,A2,0.447,model_predicted
398,במאה,in a hundred / in the century,A1,0.461,model_predicted
399,הגוף,the body,A1,0.568,model_predicted
400,מבחינה,from an aspect / observes (f.s.),A1,0.672,model_predicted
401,יצא,went out / came out (m.s.),A1,0.701,model_predicted
402,שונה,different (m.s.),A1,0.672,model_predicted
403,שהייתה,that/who was / that she was,A1,1.0,concordance
404,אבן,stone,A2,0.46,model_predicted
405,לראשונה,for the first time,A1,0.686,model_predicted
406,למען,for,A1,0.736,model_predicted
407,מזון,food,A1,0.838,model_predicted
408,הפך,inverted / converted / turned / become / transformed (m.s.),C1,0.55,model_predicted
409,קו,line,A1,0.553,model_predicted
410,הבחירות,the elections / the selections,B1,0.255,model_predicted
411,בניין,building,A1,0.534,model_predicted
412,שושלת,dynasty,C1,0.557,model_predicted
413,רקע,background,A2,0.409,model_predicted
414,כזה,like this / such,A1,0.662,model_predicted
415,גדולים,big / large (m.pl.),A1,0.457,model_predicted
416,קיבל,received / accepted (m.s.),B1,0.448,model_predicted
417,הספינה,the ship,A2,0.431,model_predicted
418,עלה,went up / climbed / increased / immigrated (to Israel) (m.s.) / leaf,A1,0.701,model_predicted
419,יכולה,can (f.s.),A1,0.728,model_predicted
420,לבסוף,finally / eventually,A2,0.344,model_predicted
421,אזור,area / region / zone,B1,1.0,concordance
422,משנת,from the year [X] / from the year of,A1,0.672,model_predicted
423,השימוש,the use,A2,0.369,model_predicted
424,הפעם,this time,A1,0.788,model_predicted
425,מיד,immediately,B1,0.367,model_predicted
426,מין,kind / species / gender / sex,B1,1.0,concordance
427,וכי,if,A2,0.411,model_predicted
428,אחרת,other (f.s.) / otherwise,A1,0.577,model_predicted
429,השנה,this year,A1,0.788,model_predicted
430,אותי,me,A1,0.803,model_predicted
431,איך,how,A1,0.725,model_predicted
432,המשיך,continued (m.s.),B2,0.358,model_predicted
433,בעזרת,with the help of,A1,0.565,model_predicted
434,כתוצאה,as a result,A2,0.36,model_predicted
435,נשק,weapon / kissed (m.s.),B1,0.354,model_predicted
436,איזה,which / what (m.),A1,0.768,model_predicted
437,האחרון,the last (m.s.),A1,0.685,model_predicted
438,הגדולה,the big / the large (f.s.),A1,0.457,model_predicted
439,ליד,near / next to,A2,0.398,model_predicted
440,כלומר,meaning,A2,0.281,model_predicted
441,שום,nothing / garlic,A1,0.571,model_predicted
442,פחות,less / minus / inferior / lesser (m.s.),A2,1.0,concordance
443,בראש,at the top / leading / in a head / at the top / leading / in the head,A2,0.503,model_predicted
444,דם,blood,A2,0.403,model_predicted
445,חברת,friend of / member of (f.s.) / company of,A1,0.768,model_predicted
446,פעמים,times,A1,0.757,model_predicted
447,השם,the name / God,A1,1.0,concordance
448,להגיע,to arrive,B1,0.39,model_predicted
449,החלה,started (f.s.),A1,0.55,model_predicted
450,חומרים,materials,B1,0.363,model_predicted
451,היטב,well / properly,A1,0.773,model_predicted
452,העליון,the upper / the top / the utmost / the superior (m.s.),B1,0.344,model_predicted
453,קרב,battle / getting close / approaches (m.s.),B2,0.382,model_predicted
454,נוספות,additional (f.pl.),B2,0.28,model_predicted
455,הקיסר,the Caesar,C1,0.428,model_predicted
456,האוויר,the air,A2,0.434,model_predicted
457,מרכז,center,A1,0.505,model_predicted
458,רוצה,wants (m.s.),A1,0.797,model_predicted
459,מלחמה,war,A2,1.0,concordance
460,מכיוון,from the direction of / from adjustment / from tuning / because,A1,0.672,model_predicted
461,שיש,that there is,A1,0.795,model_predicted
462,כה,so / this way,A1,0.788,model_predicted
463,מאת,from / by,A1,0.672,model_predicted
464,מטרים,meters,A2,0.605,model_predicted
465,היער,the forest,A1,0.401,model_predicted
466,הלא,is it not / indeed,A1,0.569,model_predicted
467,עליה,on her / about her,A1,0.819,model_predicted
468,מצב,state / situation,B1,1.0,concordance
469,הכנסת,the Knesset (the Israeli parliament),C1,0.433,model_predicted
470,לעומת,compared with / against / opposite,B2,0.367,model_predicted
471,תנועת,movement of / motion of / traffic of,B1,0.461,model_predicted
472,פעולות,actions / operations / deeds / transactions,B1,0.468,model_predicted
473,מעולם,never,A2,0.401,model_predicted
474,תמיד,always,A2,0.439,model_predicted
475,מאות,hundreds / centuries,A1,0.461,model_predicted
476,שמו,placed / put (pl.) / his name,A1,1.0,concordance
477,מצד,from a side / from the [right/left],A1,0.672,model_predicted
478,בשלב,at a stage / at a phase,B2,1.0,concordance
479,בלי,without,A2,0.455,model_predicted
480,רוח,wind / spirit / ghost,A1,1.0,concordance
481,חדש,new (m.s.),A1,0.682,model_predicted
482,היחיד,the only / the single / the individual,A1,0.742,model_predicted
483,בהמשך,Later / later on,A1,0.689,model_predicted
484,ארגון,organization,C1,0.345,model_predicted
485,לעשות,to do,A1,0.546,model_predicted
486,חדשים,new (m.pl.),A1,0.682,model_predicted
487,קצר,short (m.s.),A1,0.784,model_predicted
488,בעלות,ownership,C1,0.458,model_predicted
489,בניגוד,in contrast / contrary to,C1,0.429,model_predicted
490,פעילות,activity,B1,0.432,model_predicted
491,דגל,flag,A2,0.5,model_predicted
492,מסוימים,specific (m.pl.),B1,0.373,model_predicted
493,במשחק,in a game / in the game,A1,0.645,model_predicted
494,במקביל,in parallel / simultaneously,C1,0.452,model_predicted
495,בעבר,in the past,A2,0.413,model_predicted
496,בסיס,basis / base,B2,1.0,concordance
497,לבית,to the house of / to the home of / to the house / to the home,A1,0.817,model_predicted
498,החדש,the new (m.s.),A1,0.682,model_predicted
499,להשתמש,to use,A2,0.369,model_predicted
500,במספר,at a number,A1,0.734,model_predicted
501,הקבוצה,the group,A1,0.462,model_predicted
502,קיים,exists (m.s.),C1,0.474,model_predicted
503,המקום,the place,A1,0.561,model_predicted
504,וכך,and so,A1,0.332,model_predicted
505,ואילו,whereas,C1,0.418,model_predicted
506,הנה,here is / [to] here / is (f.s.),A1,0.775,model_predicted
507,מאנית,manic (f.s.),C1,0.467,model_predicted
508,היישוב,the settlement / the civilization,C1,0.501,model_predicted
509,הזקנה,the old (f.s.) / the old age,A1,0.717,model_predicted
510,הנמלה,the ant,A2,0.476,model_predicted
511,ואני,and I / and me,A1,0.403,model_predicted
512,נכון,correct / ready (m.s.),A1,0.444,model_predicted
513,העץ,the tree / the wood,A1,0.766,model_predicted
514,סמים,drugs,A2,0.417,model_predicted
515,מאוחר,late,A1,0.812,model_predicted
516,הבנק,the bank,A1,1.0,concordance
517,באותו,in the same / at the same (m.s.),A1,0.685,model_predicted
518,לגבי,regarding,B2,0.405,model_predicted
519,כלפי,towards / towards me,B2,0.37,model_predicted
520,בימי,on [days] / in the days of,A1,0.844,model_predicted
521,הסדרה,the series,A2,0.456,model_predicted
522,חשוב,important (m.s.),A1,0.32,model_predicted
523,ובו,and in him / and in it,A1,0.795,model_predicted
524,מטר,meter / rain shower,A2,0.605,model_predicted
525,ואז,and then,A1,0.579,model_predicted
526,האחרים,the other (m.pl.) / the others (m.),A1,0.577,model_predicted
527,אור,light,A1,0.562,model_predicted
528,לידי,to / to the hands of / near me / next to me,A1,1.0,concordance
529,ישנם,there are (m.),A1,0.782,model_predicted
530,מילים,words,A1,0.796,model_predicted
531,ליצור,to form / to create / to make,B1,0.405,model_predicted
532,שטח,area / field / territory,A2,0.507,model_predicted
533,מורחב,widened / broadened,C1,0.51,model_predicted
534,אשכול,cluster,C1,0.564,model_predicted
535,שאין,that there is no,A1,0.795,model_predicted
536,בגלל,because,A1,0.448,model_predicted
537,ברור,clear / obvious (m.s.),B1,0.378,model_predicted
538,גבוה,high / tall (m.s.),A2,0.387,model_predicted
539,הדין,the judgment / the sentence / the law,C1,0.428,model_predicted
540,הכפר,the village,A1,0.697,model_predicted
541,העצים,the trees / the logs,A1,0.766,model_predicted
542,הביא,brought (m.s.),A1,0.596,model_predicted
543,השונים,the different / the various (m.pl.),A1,0.672,model_predicted
544,העברית,the Hebrew,A1,0.355,model_predicted
545,המתמטיקה,the mathematics,C1,0.382,model_predicted
546,ממש,really,A1,0.481,model_predicted
547,עת,time,A1,0.757,model_predicted
548,חדשה,new (f.s.),A1,0.682,model_predicted
549,הרימון,the pomegranate / the grenade,C1,0.414,model_predicted
550,מת,dead / died (m.s.),A1,0.494,model_predicted
551,והיא,and she,A1,0.841,model_predicted
552,בת,girl / daughter,A1,0.85,model_predicted
553,קשר,tie / bond / link / connection,B1,1.0,concordance
554,מדינת,the state of,A2,0.303,model_predicted
555,אותן,them (f.),A1,0.744,model_predicted
556,עצמם,themselves,A2,0.4,model_predicted
557,נחשב,is considered / was considered (m.s.),B1,0.369,model_predicted
558,התקופה,the period / the era,A2,0.396,model_predicted
559,לעולם,forever / to/for the world,B2,0.349,model_predicted
560,העבודה,the work,A1,0.697,model_predicted
561,במידה,of a measure / of size / of a quality / to the extent that / [if (slang)],C1,1.0,concordance
562,שוליים,margins / edges / fringe,C1,0.374,model_predicted
563,זכויות,rights / privileges,A1,0.749,model_predicted
564,קרא,read / called (m.s.),A1,0.782,model_predicted
565,הגדולים,the big / the large (m.pl.),A1,0.457,model_predicted
566,הלחימה,the warfare / the fighting / soldered (f.s.),C1,0.418,model_predicted
567,שאל,asked / borrowed (m.s.),A1,0.679,model_predicted
568,הזאת,this (f.),A1,0.788,model_predicted
569,מקור,source / beak,B2,0.329,model_predicted
570,חברי,my friend / friendly / my friends / friends of / members of,A1,0.768,model_predicted
571,דיוויזיות,divisions,B2,1.0,concordance
572,מיני,kinds of / species of,A1,1.0,concordance
573,בתל,on a hill / on the hill,A2,0.421,model_predicted
574,שימש,was used / served (m.s.),A2,0.447,model_predicted
575,ויותר,and more,A1,0.636,model_predicted
576,הביאו,brought (pl.),A1,0.596,model_predicted
577,במקומות,in/at places / in/at the places,A1,0.561,model_predicted
578,הנני,I am / here I am,A1,0.775,model_predicted
579,מפקד,commander / census / muster,B2,0.369,model_predicted
580,שלאחר,that after,A1,0.795,model_predicted
581,מבין,from between / from among / understand (m.s.),A1,0.672,model_predicted
582,ממנה,from her,A1,0.672,model_predicted
583,עצים,trees / logs,A1,0.766,model_predicted
584,שינוי,change,A2,0.296,model_predicted
585,הדגל,the flag,A2,0.5,model_predicted
586,הדמוקרטיה,the democracy,C1,0.516,model_predicted
587,בכלל,at all,A1,1.0,concordance
588,עליהם,on them / about them (m.),A1,0.744,model_predicted
589,מכך,from this,A1,0.672,model_predicted
590,כמות,quantity / amount,C1,0.554,model_predicted
591,היסטוריה,history,A2,0.328,model_predicted
592,אלי,to me / my god,A2,0.421,model_predicted
593,קיימים,exist (m.pl.),B2,0.336,model_predicted
594,המדינות,the states,A2,0.303,model_predicted
595,מרכזי,central (m.s.),B1,0.326,model_predicted
596,ברחוב,on the street / on a street,A1,0.824,model_predicted
597,האחרונות,the last (f.pl.),A1,0.685,model_predicted
598,ובכך,and by this,A1,0.788,model_predicted
599,אומנם,indeed,B1,0.321,model_predicted
600,כולם,everybody (m.),A1,0.679,model_predicted
601,להורג,execution / putting to death,B2,0.408,model_predicted
602,קבוצות,groups,A1,0.462,model_predicted
603,להביא,to bring,A1,0.722,model_predicted
604,השחקן,the player / the actor,A1,0.502,model_predicted
605,חייו,his life,A1,0.788,model_predicted
606,היתר,the rest,A2,0.344,model_predicted
607,אנרגיה,energy,B1,0.366,model_predicted
608,העלייה,the rise / the increase / the immigration,C1,0.382,model_predicted
609,הבורים,the ignorant (m.pl.),C1,0.548,model_predicted
610,תחילת,the beginning of,A2,0.375,model_predicted
611,והם,and they,A1,0.721,model_predicted
612,האוכלוסייה,the population,B1,0.362,model_predicted
613,ביער,in a forest / in the forest,A1,0.401,model_predicted
614,כולו,all of it (m.s.),A1,1.0,concordance
615,ידע,knew (m.s.) / knowledge,A1,0.632,model_predicted
616,יצאו,went out / came out (pl.),A1,0.701,model_predicted
617,כיוון,direction / adjustment / tuning,B1,0.338,model_predicted
618,הערות,comments,B1,0.371,model_predicted
619,למנוע,to prevent,C1,0.369,model_predicted
620,מס,tax,A2,0.309,model_predicted
621,לקריאה,for reading / for calling / for a call,A1,0.762,model_predicted
622,טען,claimed / argued (m.s.),C1,0.428,model_predicted
623,חודשים,months,A1,0.827,model_predicted
624,בזה,hereby / in this one (m.),A2,0.326,model_predicted
625,זהו,this is (m.) / that's it,A1,0.788,model_predicted
626,השאר,the rest / leave (m.s. imperative),A2,0.344,model_predicted
627,גבוהה,high / tall (f.s.),A2,0.387,model_predicted
628,בתחום,in a field / in an area / in a range / in the field / in the area / in the range,A2,0.409,model_predicted
629,מסוים,specific (m.s.),B1,0.373,model_predicted
630,המין,the kind / the species / the gender / the sex,B1,1.0,concordance
631,יודע,knows (m.s.),A1,0.789,model_predicted
632,הקרקע,the soil / the ground / the land,B2,0.325,model_predicted
633,העירייה,the municipality,C1,0.289,model_predicted
634,טיפול,treatment,B2,0.412,model_predicted
635,נחל,stream / inherited / attained (m.s.),B1,0.319,model_predicted
636,אתם,you (m.pl.) / with them (m.pl.),A1,0.851,model_predicted
637,שלום,peace,B2,0.324,model_predicted
638,גורמים,factors / cause (m.pl.),C1,0.394,model_predicted
639,היחידה,the unit / the squad / the only / the single,A2,0.277,model_predicted
640,מופיע,appear / perform (m.s.),B1,0.455,model_predicted
641,השטח,the area / the field / the territory,A2,0.507,model_predicted
642,חוקי,legal (m.s.),B2,1.0,concordance
643,הגדוד,the regiment,C1,0.346,model_predicted
644,וכל,and all,A1,1.0,concordance
645,לקבל,to receive / to accept,B1,0.437,model_predicted
646,בשר,meat,A1,0.611,model_predicted
647,קיימת,exist (f.s.),B2,0.336,model_predicted
648,פרסם,published / advertised (m.s.),B1,0.34,model_predicted
649,העכברה,the mouse (female),A1,0.541,model_predicted
650,אינני,I am not,A1,0.569,model_predicted
651,בדיוק,exactly,A2,0.431,model_predicted
652,שר,minister / sing (m.s.),B2,1.0,concordance
653,שאר,rest / remainder,A2,0.344,model_predicted
654,ילדים,children,A1,0.862,model_predicted
655,יצאה,went out / came out (f.s.),A1,0.701,model_predicted
656,יתר,rest / remainder,A2,0.344,model_predicted
657,האל,the god,A2,0.421,model_predicted
658,בספורט,in sport / in the sport,A1,1.0,concordance
659,עבודה,work,A1,0.697,model_predicted
660,לחלוטין,totally / entirely / absolutely,A2,0.45,model_predicted
661,הפרוש,the meaning / the interpretation,A2,0.281,model_predicted
662,קטנים,small / little (m.pl.),A1,0.678,model_predicted
663,נקודות,points,A1,0.452,model_predicted
664,עצמה,herself / power / force / intensity,A2,0.411,model_predicted
665,חוסר,lack / deficiency / shortage / deficit,B2,0.364,model_predicted
666,בהתאם,accordingly,C1,0.494,model_predicted
667,תהליך,process,B1,0.391,model_predicted
668,עצמי,myself / self,A2,0.458,model_predicted
669,במצב,at a state / in a situation / at the state / in the situation,B1,1.0,concordance
670,לבנות,to build / for the girls / for girls,A2,0.465,model_predicted
671,כנראה,probably,A2,0.48,model_predicted
672,הטבע,the nature,B1,0.372,model_predicted
673,העולמית,the global / the universal (f.s.),B2,1.0,concordance
674,אכן,indeed,B1,0.321,model_predicted
675,בזכות,thanks to / due to / by right of,A1,0.705,model_predicted
676,קבוצה,group,A1,0.462,model_predicted
677,דין,judgment / sentence / law,C1,0.428,model_predicted
678,מוסדות,institutes,C1,0.489,model_predicted
679,המדבר,the desert,A2,0.339,model_predicted
680,השדרה,the boulevard,A2,0.372,model_predicted
681,בנק,bank,A1,1.0,concordance
682,לזה,for this (m.),A1,0.788,model_predicted
683,בפעם,[to] time,A1,0.757,model_predicted
684,לצאת,to go out / to come out,A1,0.469,model_predicted
685,סמוך,near / confident (m.s.),A2,0.398,model_predicted
686,חי,living / alive (m.s.),B1,0.352,model_predicted
687,בנו,his son,A1,0.788,model_predicted
688,המצב,the state / the situation,B1,1.0,concordance
689,דולר,dollar,A1,1.0,concordance
690,ממשלת,government of,B2,0.304,model_predicted
691,עולם,world / universe,A1,0.55,model_predicted
692,ספורט,sport,A1,1.0,concordance
693,הליברלית,the liberal,C1,0.435,model_predicted
694,החלבון,the protein,C1,1.0,concordance
695,שעות,hours,A1,0.786,model_predicted
696,מתחת,under / beneath,A2,0.429,model_predicted
697,בעלת,the owner of / has,A2,0.388,model_predicted
698,חזרה,returned / repeated (f.s.) / repetition / rehearsal / back,B1,0.367,model_predicted
699,לאור,in light of,A1,0.562,model_predicted
700,עברה,passed / crossed / went through (f.s.),A2,0.41,model_predicted
701,הביאה,brought (f.s.),A1,0.596,model_predicted
702,הגנרל,the general,B1,1.0,concordance
703,הגיעה,arrived (f.s.),A2,0.398,model_predicted
704,בחודש,in a month / in the month,A1,0.827,model_predicted
705,צורך,need / necessity,A1,0.739,model_predicted
706,משחק,game,A1,0.645,model_predicted
707,תפקיד,role,B1,0.431,model_predicted
708,אלוף,champion,B1,1.0,concordance
709,בדומה,like,A1,0.662,model_predicted
710,תאי,cells of / cellular / my cell,A1,0.391,model_predicted
711,די,enough,A1,0.683,model_predicted
712,בעיני,in the eyes of / in the opinion of / in my eyes / in my opinion,A1,0.732,model_predicted
713,קטנה,small / little (f.s.),A1,0.678,model_predicted
714,במרכז,at the center / at the center of,A1,0.505,model_predicted
715,מהווה,is / constitutes (m.s.),C1,0.597,model_predicted
716,יחסי,relative / the relations of,C1,0.542,model_predicted
717,הפועל,the worker / that operates / the verb,A2,1.0,concordance
718,אחדים,few,A1,0.538,model_predicted
719,מיוחד,special,A2,0.465,model_predicted
720,ראה,saw (m.s.),A2,0.383,model_predicted
721,הנראה,the visible,B1,0.417,model_predicted
722,לבן,white / for the son,A1,0.831,model_predicted
723,תנועה,movement / motion / traffic,B1,0.461,model_predicted
724,לאחד,to one (m.),A1,0.821,model_predicted
725,העובדה,the fact,A2,0.32,model_predicted
726,דרכים,ways / roads,A1,0.731,model_predicted
727,לעיר,to a city / to the city,A1,0.732,model_predicted
728,הפעולה,the action / the operation / the deed / the transaction,B1,0.468,model_predicted
729,הפכה,inverted / converted / turned / become / transformed (f.s.),C1,0.55,model_predicted
730,במלחמה,at war / in the war,A2,1.0,concordance
731,העתיקה,the ancient / the old (f.s.),C1,0.314,model_predicted
732,דו,bi-,A2,0.298,model_predicted
733,גדוד,regiment,C1,0.346,model_predicted
734,חמצן,oxygen,B2,0.355,model_predicted
735,נא,please,A1,0.678,model_predicted
736,פנים,face / inside / interior,A1,0.671,model_predicted
737,מלא,full (m.s.),A1,0.625,model_predicted
738,לדעת,to know / in the opinion of,A1,0.789,model_predicted
739,עמדו,stood / were about to / endured / succeeded / insisted on (pl.),B1,0.399,model_predicted
740,אדום,red (m.s.),A1,0.796,model_predicted
741,בסופו,at his end / at its end,A1,0.788,model_predicted
742,החוק,the law,A2,0.312,model_predicted
743,הראשי,the main,A2,0.498,model_predicted
744,השפעה,effect / influence,B2,0.374,model_predicted
745,הקולנוע,the cinema,A1,0.704,model_predicted
746,גבי,from the back / dorsal,A1,0.672,model_predicted
747,לפחות,at least,A2,0.387,model_predicted
748,מדבר,desert,A2,0.339,model_predicted
749,מדינה,state,A2,0.303,model_predicted
750,כיצד,how,A1,0.725,model_predicted
751,מות,the death of,B1,0.401,model_predicted
752,הבינלאומי,the international (m.s.),B1,0.307,model_predicted
753,הנשק,the weapon,B1,0.354,model_predicted
754,בעברית,in Hebrew,A1,0.355,model_predicted
755,הוד,glory,C1,0.469,model_predicted
756,כעת,now,A1,0.694,model_predicted
757,כמובן,of course / certainly,A1,0.575,model_predicted
758,משהו,something,A1,0.755,model_predicted
759,נהרגו,were killed,A1,0.62,model_predicted
760,הצדדים,the sides,A2,0.47,model_predicted
761,דרום,south,A1,0.501,model_predicted
762,בדרום,in the south,A1,0.501,model_predicted
763,שמות,names / Book of Exodus (bible),A1,1.0,concordance
764,אוכל,food / eat (m.s.) / I will eat / I will be able,A1,0.838,model_predicted
765,בשביל,for / on the path,A2,0.481,model_predicted
766,משם,from there,A1,0.672,model_predicted
767,מדובר,spoken / said / agreed,B1,0.336,model_predicted
768,חזר,returned / repeated (m.s.),B1,0.367,model_predicted
769,מקורות,sources,B2,0.329,model_predicted
770,מהן,what are (f.),A1,0.776,model_predicted
771,מלבד,except,A2,0.443,model_predicted
772,נתן,gave (m.s.),A1,0.369,model_predicted
773,עניין,matter / interest,A2,0.369,model_predicted
774,חשיבות,importance,C1,0.389,model_predicted
775,צורת,shape of / form of,B1,0.373,model_predicted
776,הצפון,the north,A1,0.444,model_predicted
777,האזור,the area / the region / the zone,B1,1.0,concordance
778,העיקריים,the main / the principal / the primary (m.pl.),A2,0.498,model_predicted
779,העצמאות,the independence,C1,0.54,model_predicted
780,נבחר,was elected / was selected / the elected / the selected (m.s.),A2,0.447,model_predicted
781,ברוב,in most of,A1,0.488,model_predicted
782,והיה,and was (m.s.),A2,0.447,model_predicted
783,הללו,those,A1,0.67,model_predicted
784,החליט,decided (m.s.),A2,0.367,model_predicted
785,מבנים,structures,C1,0.409,model_predicted
786,עמו,his people / with him,A1,0.788,model_predicted
787,לשמור,to keep / to guard / to protect,A2,0.378,model_predicted
788,מאשר,approves / confirms (m.s.),C1,0.452,model_predicted
789,נשים,women,A1,0.791,model_predicted
790,בטיפול,in treatment / during the treatment,B2,0.412,model_predicted
791,סנט,mocked / teased (m.s.),C1,0.39,model_predicted
792,הממשל,the government,B2,0.304,model_predicted
793,המסע,the journey,A2,0.359,model_predicted
794,ביקורת,criticism / inspection,C1,0.516,model_predicted
795,הנדסה,engineering,B2,0.31,model_predicted
796,הלאה,further,A2,0.271,model_predicted
797,למדי,quite / rather,A2,0.45,model_predicted
798,הגשם,the rain,A1,0.728,model_predicted
799,במקרה,in case / accidentally,A2,0.367,model_predicted
800,החוף,the beach,A1,0.706,model_predicted
801,בנושא,on the subject of / on the subject,B1,0.354,model_predicted
802,האמנות,the art / the treaties / the conventions,A1,0.624,model_predicted
803,העכבישה,the spider (female),B1,0.368,model_predicted
804,שבועות,weeks / Shavuot (Jewish holiday),A1,0.777,model_predicted
805,לבצע,to perform / to execute,B1,0.582,model_predicted
806,למקום,to a place / to the place,A1,0.561,model_predicted
807,במטרה,aimed at,B2,0.408,model_predicted
808,מערב,west,A1,0.47,model_predicted
809,הדרום,the south,A1,0.501,model_predicted
810,התיכון,the middle (m.s.) / the median (m.s.) / the high school / the Mediterranean (sea),A2,0.418,model_predicted
811,מסע,journey,A2,0.359,model_predicted
812,כאן,here,A1,0.775,model_predicted
813,חצי,half,A1,0.445,model_predicted
814,באי,on the island / on an island,A2,0.383,model_predicted
815,קבע,permanence / regularity / career army / determined / fixed / set (m.s.),C1,0.589,model_predicted
816,חוק,law,A2,0.312,model_predicted
817,הגנה,defense,B2,0.371,model_predicted
818,הדם,the blood,A2,0.403,model_predicted
819,ובהם,and in them (m.),A1,0.744,model_predicted
820,הנושא,the subject,B1,0.354,model_predicted
821,שיטות,methods,B1,0.354,model_predicted
822,סוגי,kinds of / classes of / types of,A1,1.0,concordance
823,תהילים,psalms,C1,0.403,model_predicted
824,שעל,that is on / step,A1,0.795,model_predicted
825,התהילה,the glory / the fame,C1,0.469,model_predicted
826,המשיכו,continued (pl.),B2,0.358,model_predicted
827,גורם,factor / cause (m.s.),C1,0.394,model_predicted
828,תושבי,the residents of,C1,0.443,model_predicted
829,הנוצרים,the Christian (m.pl.),B1,0.29,model_predicted
830,הזהב,the gold,A2,1.0,concordance
831,באזורים,in areas / in the areas,A2,0.507,model_predicted
832,דווקא,actually / spitefully,A2,0.388,model_predicted
833,הפיסול,the sculpture,C1,0.307,model_predicted
834,הנמלים,the harbors / the ants,B2,0.315,model_predicted
835,עושה,do / make (m.s.) / do / make (f.s.),A1,0.617,model_predicted
836,כסף,money,A1,0.704,model_predicted
837,באמצע,in the middle,A2,0.418,model_predicted
838,שמה,placed / put (f.s.) / there / her name,A1,1.0,concordance
839,יורק,spits,B1,0.366,model_predicted
840,רחוב,street,A1,0.824,model_predicted
841,יצר,created / made (m.s.),B1,0.388,model_predicted
842,האזרחים,the citizens,B2,0.33,model_predicted
843,מגדל,tower,A2,0.454,model_predicted
844,שאינם,that are not / that are not here (m.pl.),A1,0.795,model_predicted
845,הצבאי,the military (m.s.),B1,0.328,model_predicted
846,מרבית,most of,A1,0.488,model_predicted
847,השיר,the song / the poem,A1,0.746,model_predicted
848,הלילה,tonight / the night,A1,0.834,model_predicted
849,קול,voice / sound,A1,0.495,model_predicted
850,ורק,and only,A1,0.742,model_predicted
851,מעין,spring,A1,0.432,model_predicted
852,במלחמת,in the war of,A2,1.0,concordance
853,במערב,in the west / in the west of,A1,0.47,model_predicted
854,מערבה,to the west,A1,0.47,model_predicted
855,התוכנית,the program / the plan,A2,0.436,model_predicted
856,תה,tea,A1,0.821,model_predicted
857,הזקן,the old (m.s.),A1,0.717,model_predicted
858,ערב,evening / pleasant / surety,A1,0.84,model_predicted
859,עין,eye / fountain / spring,A1,0.732,model_predicted
860,משרד,office / bureau / Ministry,A1,0.707,model_predicted
861,מאחר,since / late (m.s.),A1,0.351,model_predicted
862,בתחילה,at first / initially,A1,0.686,model_predicted
863,תנאי,condition / provision / conditions of / provisions of,B2,0.331,model_predicted
864,החיילים,the soldiers,A2,0.408,model_predicted
865,אביו,his father,A1,0.788,model_predicted
866,הקשר,the tie / the bond / the link / the connection,B1,1.0,concordance
867,למלחמה,to war / to [the] war,A2,1.0,concordance
868,תדיר,frequently,B1,0.425,model_predicted
869,ענה,answered (m.s.),A1,0.684,model_predicted
870,קל,easy / light weight (m.s.),A1,0.798,model_predicted
871,טובה,good (f.s.) / favor,A1,0.76,model_predicted
872,הימים,the days,A1,0.844,model_predicted
873,לפעול,to act / to operate,B1,0.493,model_predicted
874,בניית,building of (v.),A1,0.534,model_predicted
875,לשון,tongue / language,A1,0.334,model_predicted
876,עשרות,dozens [literally: tens] / dozens of [literally: tens of],A2,0.425,model_predicted
877,המערבי,the western (m.s.),A2,0.506,model_predicted
878,נבנה,was built (m.) / is built / we will build,A2,0.447,model_predicted
879,המתקפה,the attack,B1,0.362,model_predicted
880,המרכזי,the central (m.s.),B1,0.326,model_predicted
881,תגיות,badges / labels / tags,A2,0.386,model_predicted
882,באמת,really,A1,0.481,model_predicted
883,למה,why,A1,0.473,model_predicted
884,התובע,the prosecutor,C1,0.479,model_predicted
885,הבא,next / the person who is coming (m.s.),A1,1.0,concordance
886,יכלו,could (pl.),A1,0.424,model_predicted
887,מסוג,of a kind / of a class / of a type,A1,1.0,concordance
888,נמצאים,are found / are [at] (m.pl.),A1,0.786,model_predicted
889,כדור,ball / pill,A1,1.0,concordance
890,הורה,instructed (m.s.) / parent,C1,0.399,model_predicted
891,ניסה,tried (m.s.),A1,0.491,model_predicted
892,הדת,the religion,B1,1.0,concordance
893,כיבוש,occupation,C1,0.469,model_predicted
894,לשלטון,into power / to/for the government / to/for the power of / to/for the reign of,A2,0.293,model_predicted
895,גילה,her age / found out (m.s.) / joy,A1,0.819,model_predicted
896,ציון,note / mark / pointing out / grade / Zion,A2,0.469,model_predicted
897,היצורים,the creatures,B1,0.399,model_predicted
898,שלנו,ours,A1,0.818,model_predicted
899,ושם,and a name / and there,A1,1.0,concordance
900,הסיפור,the story,A1,0.7,model_predicted
901,במהירות,fast / rapidly / quickly,A2,0.439,model_predicted
902,בר,wild / son / -able / bar,A1,1.0,concordance
903,צעירים,young (m.pl.),A1,0.821,model_predicted
904,לצורך,for the purpose of,B2,0.417,model_predicted
905,לטיפול,for treatment / for the treatment,B2,0.412,model_predicted
906,צוות,team / staff,A2,1.0,concordance
907,משמעות,meaning,A2,0.281,model_predicted
908,מקומות,places,A1,0.561,model_predicted
909,העבדות,the slavery,C1,0.462,model_predicted
910,חושי,sensory,B2,0.377,model_predicted
911,שער,gate / hair,A2,0.42,model_predicted
912,החולים,the patients / the sick,B1,0.345,model_predicted
913,הטוב,the good (m.s.),A1,0.76,model_predicted
914,לכיוון,to/in the direction of / for adjustment / for tuning / in the direction / for the adjustment / for the tuning,B1,0.338,model_predicted
915,מאחורי,behind / behind me,A2,0.401,model_predicted
916,תרופות,medications / drugs,A2,0.417,model_predicted
917,מסוימת,specific (f.s.),B1,0.373,model_predicted
918,מעמד,class (social) / status / scene / pedestal,C1,1.0,concordance
919,בשטח,in the area / in the field / in the territory / in an area,A2,0.507,model_predicted
920,זכתה,won (f.s.),A2,0.499,model_predicted
921,המחקר,the research,B2,0.337,model_predicted
922,ולעתים,and sometimes,A1,0.451,model_predicted
923,הרכבת,the train / assembly of,A1,0.675,model_predicted
924,הרוח,the wind / the spirit / the ghost,A1,1.0,concordance
925,לחיות,to live,B1,1.0,concordance
926,סיפור,story,A1,0.7,model_predicted
927,אליה,to her / tail of a sheep [alya vekots ba: mixed blessing],A1,0.819,model_predicted
928,בשנה,in the year / in a year / per year,A1,0.821,model_predicted
929,הינו,he is / is (m.),A1,0.384,model_predicted
930,תוצאות,results / outcomes / consequences,A2,0.36,model_predicted
931,כולה,all of it (f.s.),A1,1.0,concordance
932,אורך,length / duration,A2,0.408,model_predicted
933,תבלינים,spices,B1,0.343,model_predicted
934,שלך,yours (m.s.) / yours (f.s.),A1,0.767,model_predicted
935,השעה,the hour / the time,A1,0.786,model_predicted
936,שעה,hour / time,A1,0.786,model_predicted
937,לעמוד,to stand / to page / [to/for] a pillar / to the page / [to/for] the pillar,A2,1.0,concordance
938,הצעיר,the young (m.s.),A1,0.821,model_predicted
939,וזאת,and this (f.),A1,0.788,model_predicted
940,מידע,information,A2,1.0,concordance
941,הציבור,the public,B1,0.421,model_predicted
942,המצור,the siege,C1,0.368,model_predicted
943,הפיקוד,the command,A2,0.506,model_predicted
944,צפון,north,A1,0.444,model_predicted
945,מגוון,variety,B1,0.387,model_predicted
946,המקדש,the temple / the shrine,A2,0.308,model_predicted
947,ביחס,in relation / regarding / at a ratio,B2,0.387,model_predicted
948,משמש,used for / intended for (m.s.),A2,0.393,model_predicted
949,צורות,shapes / forms,B1,0.373,model_predicted
950,עמדה,stood / was about to / endured / succeeded / insisted on (f.s.) / position,B1,1.0,concordance
951,נושא,subject,B1,0.354,model_predicted
952,חלקים,parts / smooth (m.pl.),A1,0.578,model_predicted
953,התבלינים,the spices,B1,0.343,model_predicted
954,המוות,the death,B1,0.401,model_predicted
955,ייתכן,possible,A2,0.409,model_predicted
956,פרט,detail / individual / except,B1,1.0,concordance
957,הקים,established / made someone stand,A2,1.0,concordance
958,הפועלים,the workers,A2,0.584,model_predicted
959,הצפוני,the northern,B1,0.355,model_predicted
960,הדרומי,the southern,A2,0.393,model_predicted
961,יכולת,you could,A1,0.851,model_predicted
962,השד,the devil / the breast,B2,0.384,model_predicted
963,בטרם,before,A1,0.523,model_predicted
964,הרגל,the leg,A1,0.752,model_predicted
965,אינן,are not / are not here (f.pl.),A1,0.786,model_predicted
966,חד,sharp / one / uni-,B2,0.371,model_predicted
967,פועל,worker / operates (m.s.) / verb,A2,1.0,concordance
968,רמת,height of / level of,A2,0.412,model_predicted
969,נהר,river,A1,0.725,model_predicted
970,מזרח,east,A2,0.547,model_predicted
971,העולמי,the global / the universal (m.s.),B2,1.0,concordance
972,העברי,the Hebrew,A1,0.355,model_predicted
973,תבוסת,defeat,C1,0.407,model_predicted
974,בשעה,at [time] / per hour / in an hour / in the hour,A1,0.757,model_predicted
975,התבונה,the intelligence,C1,0.563,model_predicted
976,יער,forest,A1,0.401,model_predicted
977,שמן,fat (adj.) (m.s.) / oil / their name (f),A1,1.0,concordance
978,פרטים,details / individuals,A2,1.0,concordance
979,שאינו,that is not / that is not here (m.s.),A1,0.795,model_predicted
980,העיקרי,the main / the principal / the primary (m.s.),A2,0.498,model_predicted
981,במדינות,in states / in the states,A2,0.303,model_predicted
982,פתאום,suddenly,B2,0.394,model_predicted
983,שיטת,method of,B1,0.354,model_predicted
984,זכו,won (pl.),A2,0.499,model_predicted
985,הפוליטית,the political (f.s.),B2,0.325,model_predicted
986,דוגמה,sample / example,B2,0.375,model_predicted
987,פרק,chapter / period / joint / dismantled (m.s.),A1,0.464,model_predicted
988,המילים,the words,A1,0.796,model_predicted
989,אוויר,air,A2,0.434,model_predicted
990,לגמרי,totally / completely,A2,0.45,model_predicted
991,התאריך,the date,A1,0.721,model_predicted
992,הצורך,the need,A1,0.739,model_predicted
993,יצורים,creatures,B1,0.399,model_predicted
994,נמוך,low / short (m.s.),A2,0.406,model_predicted
995,כיכר,square / loaf,A2,0.351,model_predicted
996,קרובות,close / relatives (f.pl.),A1,0.352,model_predicted
997,ושל,and of / and belongs to,C1,0.404,model_predicted
998,ועדת,the committee of / the commission of,B1,0.258,model_predicted
999,שניתן,that is possible,A1,0.795,model_predicted
1000,השונות,the difference / the variation / the variance (stat.) / the different / the various (f.pl.) / the miscelleneous,B2,1.0,concordance
1001,לוחמים,warriors,B2,0.361,model_predicted
1002,בצורת,in the shape of / in the form of,B1,0.373,model_predicted
1003,דמוקרטיה,democracy,C1,0.516,model_predicted
1004,נהגה,drove / used to (f.s.),A1,0.673,model_predicted
1005,לתת,to give,A1,0.47,model_predicted
1006,מראה,sight / view / appearance / show (m.s.) / mirror,B1,0.416,model_predicted
1007,ההיסטוריה,the history,A2,0.328,model_predicted
1008,נמצאת,is found / is [at] (f.s.),A1,0.403,model_predicted
1009,פוליטית,political (f.s.),B2,0.325,model_predicted
1010,צבאי,military (m.s.),B1,0.328,model_predicted
1011,ניכר,obvious / evident (m.s.),B1,0.373,model_predicted
1012,משתמשים,using (pl.),A2,0.359,model_predicted
1013,השפה,the language / the lip,A1,0.751,model_predicted
1014,במדבר,in a desert / in the desert,A2,0.339,model_predicted
1015,תיאר,described (m.s.),B1,0.316,model_predicted
1016,כלום,nothing,A1,0.571,model_predicted
1017,שאלה,question,A1,0.719,model_predicted
1018,בצד,on the side / on the side of / on the [right/left],A2,0.47,model_predicted
1019,שכל,that all,A1,1.0,concordance
1020,חדשות,new (f.pl.) / news,A1,0.682,model_predicted
1021,לאומי,national (m.s.),A2,1.0,concordance
1022,מסוגלים,capable (m.pl.),C1,0.336,model_predicted
1023,ניסיון,experience / trial / attempt,B1,0.455,model_predicted
1024,משני,secondary,C1,0.366,model_predicted
1025,שלטון,authority / reign / government,C1,0.488,model_predicted
1026,כדוגמת,such as / as in the example of,A1,0.431,model_predicted
1027,ניסו,tried (pl.),A1,0.491,model_predicted
1028,אזרחים,citizens,B2,0.33,model_predicted
1029,קיבלו,received / accepted (pl.),B1,0.448,model_predicted
1030,החומה,the wall,A1,0.616,model_predicted
1031,הקומוניסטית,the communist (f.s.),C1,0.355,model_predicted
1032,תיאורים,descriptions,A2,0.395,model_predicted
1033,הסוכנות,the agency / the [Jewish] Agency,B2,0.364,model_predicted
1034,התל,the hill / mocked / joked (m.s.),A2,0.421,model_predicted
1035,שנית,again,A1,0.404,model_predicted
1036,הקטן,the small / the little (m.s.),A1,0.678,model_predicted
1037,כאלה,like these / like those / such,A1,0.662,model_predicted
1038,נפש,soul / spirit / life,B2,0.405,model_predicted
1039,עומד,stands / is about to / endures / succeeds / insists on (m.s.),A2,1.0,concordance
1040,חיי,my life / the life of,A1,0.334,model_predicted
1041,פתח,opened (m.s.) / Fatah / opening / aperture,A1,0.532,model_predicted
1042,האחרונה,the last (f.s.),A1,0.685,model_predicted
1043,פרי,fruit,A1,0.794,model_predicted
1044,הבניין,the building,A1,0.534,model_predicted
1045,מבחינת,from the aspect of,A1,0.672,model_predicted
1046,לגרום,to cause,B1,0.442,model_predicted
1047,יצרו,created / made (pl.),B1,0.388,model_predicted
1048,אנו,we,A1,0.819,model_predicted
1049,האלבום,the album,A2,1.0,concordance
1050,המחלה,the illness / the disease,B1,0.392,model_predicted
1051,תיאור,description,A2,0.395,model_predicted
1052,הקיבה,the stomach,A2,0.357,model_predicted
1053,המערכת,the system / / the editorial board,B1,1.0,concordance
1054,גדולות,big / large (f.pl.),A1,0.457,model_predicted
1055,הביטחון,the security / the confidence,B2,0.343,model_predicted
1056,להקים,to establish,C1,0.473,model_predicted
1057,ספרו,his book / counted (pl.),A1,0.788,model_predicted
1058,סוג,kind / class / type,A1,1.0,concordance
1059,לוחמי,the warriors of / my warriors,B2,0.361,model_predicted
1060,אמצעי,Mean / middle,A2,0.331,model_predicted
1061,פיתוח,development,C1,0.457,model_predicted
1062,אמרתי,I said,A1,0.426,model_predicted
1063,מלכותך,your kingship (m.s.) / your kingship (f.s.) / Your Majesty (m.s.) / Your Majesty (f.s.),A1,0.828,model_predicted
1064,הנער,the boy / the youngster,A1,0.841,model_predicted
1065,אותך,you (m.s.) / you (f.s.),A1,0.851,model_predicted
1066,העלים,the leaves / hid / concealed (m.s.),B1,0.316,model_predicted
1067,הלך,walked / went (m.s.),A1,0.81,model_predicted
1068,עולה,rising / climbing / immigrant (m.s.) / rising / climbing / immigrant (f.s.),B2,1.0,concordance
1069,האנשים,the people,A1,0.75,model_predicted
1070,מסוגל,capable (m.s.),C1,0.336,model_predicted
1071,זכות,right / privilege,A1,0.749,model_predicted
1072,בניו,his sons,A1,0.788,model_predicted
1073,נמצאו,were found / were [at],A1,0.62,model_predicted
1074,למספר,to/for a number / to/for the number,A1,0.734,model_predicted
1075,שהגיעו,that/who arrived (pl.),A1,1.0,concordance
1076,אתר,site / location,A1,0.525,model_predicted
1077,למשחק,to/for a game / to/for the game,A1,0.645,model_predicted
1078,שבהן,that in them (f.),A1,0.795,model_predicted
1079,פסק,gave judgment / decided / rules / stopped (m.s.),A1,0.369,model_predicted
1080,עיקר,main point / essence,A2,0.498,model_predicted
1081,סגנון,style / manner,B1,0.385,model_predicted
1082,נולד,was born (m.s.),A2,0.447,model_predicted
1083,הלוחמים,the warriors,B2,0.361,model_predicted
1084,פעיל,active,B2,0.308,model_predicted
1085,בספרו,in his book,A1,0.788,model_predicted
1086,השלטונות,the authorities,C1,0.488,model_predicted
1087,הציונית,the Zionist (f.s.),C1,0.549,model_predicted
1088,מתוארת,is described (f.s.),B1,0.316,model_predicted
1089,ככה,so / like this / thus,A1,0.662,model_predicted
1090,יפה,pretty / good (m.s.) / pretty / good (f.s.),A1,0.687,model_predicted
1091,תהיה,you will be (m.s.) / she will be,A1,0.851,model_predicted
1092,הציע,proposed / suggested / offered (m.s.),C1,0.414,model_predicted
1093,בנוגע,About / in regards,A1,0.639,model_predicted
1094,לסייע,to assist / to help,B1,0.37,model_predicted
1095,עברו,passed / crossed / went through (pl.),A2,0.41,model_predicted
1096,נותרו,were left,A1,0.62,model_predicted
1097,עצם,object / bone / essence / -self,A2,0.468,model_predicted
1098,המרכז,the center,A1,0.505,model_predicted
1099,התחנה,the station / the stop / the base,B2,1.0,concordance
1100,בבחירות,in elections / in the elections,B1,0.255,model_predicted
1101,כללה,included (f.s.),A2,0.445,model_predicted
1102,הפכו,inverted / converted / turned / become / transformed (pl.),C1,0.55,model_predicted
1103,לשימוש,for the use / for use,A2,0.369,model_predicted
1104,כללי,general (m.s.),B1,1.0,concordance
1105,הגטו,the ghetto,C1,0.464,model_predicted
1106,דיין,judge,B1,0.358,model_predicted
1107,החולירע,the cholera,C1,0.463,model_predicted
1108,קצת,a little,A1,0.804,model_predicted
1109,לדבר,spoke (m.s.) / commandment,A1,0.36,model_predicted
1110,בעצם,actually / in fact / in a bone / in the bone,A2,0.388,model_predicted
1111,רואה,see (m.s.),A1,0.805,model_predicted
1112,קרוב,close / relative (m.s.),A1,0.352,model_predicted
1113,מתואר,is described (m.s.),B1,0.316,model_predicted
1114,מזג,temperament / nature / poured (m.s.),C1,0.459,model_predicted
1115,גדל,grew (m.s.),B1,0.37,model_predicted
1116,אדמה,land / earth / soil / ground,A2,0.429,model_predicted
1117,ועם,and with / and people,A1,0.565,model_predicted
1118,מלך,king,A2,0.422,model_predicted
1119,הצוות,the team / the staff,A2,1.0,concordance
1120,מבני,structural / the structures of,C1,0.573,model_predicted
1121,יהדות,Judaism,B2,0.31,model_predicted
1122,בחלק,in part / in the part,A1,0.578,model_predicted
1123,ברמת,at the level of,C1,0.328,model_predicted
1124,בסמוך,near by / close,A2,0.398,model_predicted
1125,הצי,the navy / the armada,B1,0.291,model_predicted
1126,הנשיא,the president,A1,0.584,model_predicted
1127,העיקרית,the main / the principal / the primary (m.s.),A2,0.498,model_predicted
1128,במזרח,in the east / to the east,A2,0.547,model_predicted
1129,מערכות,systems / / editorial boards,B1,1.0,concordance
1130,המודרנית,the modern (f.s.),A2,0.417,model_predicted
1131,כוללת,include (f.s.),A2,0.419,model_predicted
1132,לגילוי,for a discovery / for the discovery,C1,0.515,model_predicted
1133,הגדודים,the regiments,C1,0.346,model_predicted
1134,לבי,my heart,A1,0.421,model_predicted
1135,היותר,the more,A1,0.636,model_predicted
1136,ואחר,and other (m.s.),A1,0.577,model_predicted
1137,הצעירים,the young (m.pl.),A1,0.821,model_predicted
1138,האחים,the brothers / the siblings / the nurses (m.),A1,0.756,model_predicted
1139,אליהם,to them (m.),A1,0.744,model_predicted
1140,לארצות,to countries / to the countries,A1,0.621,model_predicted
1141,זאב,wolf,B2,1.0,concordance
1142,לשמש,to be used / to the sun,A2,0.393,model_predicted
1143,חודש,month / was renewed,A1,0.827,model_predicted
1144,המזון,the food,A1,0.838,model_predicted
1145,המרכזית,the central (f.s.),B1,0.326,model_predicted
1146,בגיל,at an age / with joy / at the age,A1,0.806,model_predicted
1147,נוצר,is/was formed / is/was created (m.s.),A2,0.447,model_predicted
1148,ההר,the mountain,A2,0.517,model_predicted
1149,ובמיוחד,and especially,A2,0.417,model_predicted
1150,המזרחי,the eastern (m.s.),A2,0.382,model_predicted
1151,בספר,in a book / in the book / at the border,A1,0.781,model_predicted
1152,בשפה,in the language / on the lip / in a language / on a lip,A1,0.751,model_predicted
1153,במצעד,in a parade / in a march / in the parade / in the march,B2,1.0,concordance
1154,מתארת,describe (f.s.),A1,0.532,model_predicted
1155,תחרויות,competitions,B1,0.384,model_predicted
1156,עיני,eyes of / my eyes,A1,0.732,model_predicted
1157,חושב,think (m.s.),A1,0.492,model_predicted
1158,ברגע,in an instance / at the moment [that],A2,1.0,concordance
1159,באה,coming / came (f.s.) / next (f.s.),A1,0.66,model_predicted
1160,לאכול,to eat,A1,0.848,model_predicted
1161,החורף,the winter,A1,1.0,concordance
1162,מתאר,describes (m.s.),B2,0.359,model_predicted
1163,מספיק,enough,A1,0.683,model_predicted
1164,סיום,end,A1,0.621,model_predicted
1165,אבא,father,A1,0.782,model_predicted
1166,מצפון,from the north,A1,0.672,model_predicted
1167,שינויים,changes,A2,0.296,model_predicted
1168,זרים,foreign / strangers (m.pl.),A2,0.465,model_predicted
1169,הלבנה,the white (f.s.) / the moon,A1,0.831,model_predicted
1170,הלאומי,the national (m.s.),A2,1.0,concordance
1171,דמויות,shapes / figures / characters,B1,0.373,model_predicted
1172,ביטוי,expression,B2,0.357,model_predicted
1173,סדרת,series of,A2,0.456,model_predicted
1174,וו,hook,B1,0.369,model_predicted
1175,טנקים,tanks,C1,1.0,concordance
1176,הבירה,the capital / the beer,A2,0.477,model_predicted
1177,מועצת,council of,A2,0.331,model_predicted
1178,שערים,gates,A2,0.42,model_predicted
1179,העליונה,the upper / the top / the utmost / the superior (f.s.),B1,0.344,model_predicted
1180,הפעילות,the activity / the active / the activists (f.pl.),B1,0.432,model_predicted
1181,אילו,which (pl.) / if,A1,0.768,model_predicted
1182,האיש,the person / the man / the husband,A1,1.0,concordance
1183,אשתו,his wife,A1,0.788,model_predicted
1184,דברים,words / what was/is said / things / items / matters,A1,0.796,model_predicted
1185,במרחק,at a distance,A2,0.343,model_predicted
1186,גרם,caused (m.s.) / object / gram,B1,0.503,model_predicted
1187,הפנים,the face / the inside / the interior / internalized (m.s.),A1,0.671,model_predicted
1188,הבאים,next / the person who is coming (m.pl.),A1,1.0,concordance
1189,לתיאור,for a description / for the description,A2,0.395,model_predicted
1190,לשנות,to change,A2,0.296,model_predicted
1191,אב,father,A1,0.782,model_predicted
1192,כלשהו,any / of any kind (m.s.),A1,1.0,concordance
1193,כבד,heavy (m.s.) / liver,B1,0.399,model_predicted
1194,המורדים,the rebels,C1,0.391,model_predicted
1195,התנגדות,resistance / objection,C1,0.5,model_predicted
1196,בשימוש,in use / in the use,A2,0.369,model_predicted
1197,החזה,the chest / the breast,A2,0.388,model_predicted
1198,תאים,cells,A1,0.391,model_predicted
1199,אמרו,said (pl.),A1,0.426,model_predicted
1200,קטנות,small / little (f.pl.),A1,0.678,model_predicted
1201,תת,hypo- / sub- / infra-,B1,0.383,model_predicted
1202,לתאר,to describe,A1,0.532,model_predicted
1203,מראש,in advance,C1,0.412,model_predicted
1204,לאי,to the island / to an island,A2,0.383,model_predicted
1205,שיר,song / poem,A1,0.746,model_predicted
1206,המינים,the kinds / the species / the genders,A1,1.0,concordance
1207,בראשית,in the beginning / Genesis,A2,0.375,model_predicted
1208,נפילת,fall of,A2,1.0,concordance
1209,כהגיית,as the pronunciation of,B1,0.321,model_predicted
1210,כאילו,as if / like,A1,0.662,model_predicted
1211,כמתואר,as described,B1,0.316,model_predicted
1212,לבוא,to come,A1,0.832,model_predicted
1213,להילחם,to fight,A2,0.417,model_predicted
1214,פשוט,simple (m.s.),A1,0.651,model_predicted
1215,מוצא,finds (m.s.),A1,0.583,model_predicted
1216,אמת,truth,B1,0.364,model_predicted
1217,לחם,bread / fought (m.s.),A1,0.761,model_predicted
1218,שירה,singing / poetry,A2,0.348,model_predicted
1219,קווי,lines of,A1,0.553,model_predicted
1220,בחזית,at the front,B1,1.0,concordance
1221,נבנו,were built,A1,0.62,model_predicted
1222,לאזור,to the area / to an area,A2,0.507,model_predicted
1223,עובדה,fact,A2,0.32,model_predicted
1224,מחקר,research / study,B2,0.337,model_predicted
1225,אמנות,art / treaties / conventions,A1,0.624,model_predicted
1226,אלים,gods,A2,0.421,model_predicted
1227,הוקם,was established / was made to stand (m.s.),A2,1.0,concordance
1228,אפוא,then / consequently,A1,0.579,model_predicted
1229,לאט,slowly,B1,0.303,model_predicted
1230,רגע,moment,A2,1.0,concordance
1231,שיח,bush / talk,A2,0.285,model_predicted
1232,מהר,fast / quickly,A2,0.439,model_predicted
1233,לעבור,to pass / to cross / to go through,B1,0.305,model_predicted
1234,עולים,rising / increasing / climbing / immigrants (m.pl.),B2,1.0,concordance
1235,הניצחון,the victory,B1,0.321,model_predicted
1236,חומר,material,B1,0.363,model_predicted
1237,המאבק,the struggle,B2,0.423,model_predicted
1238,משפחת,the [name] family,A1,1.0,concordance
1239,גורן,barn,A1,0.74,model_predicted
1240,התיאור,the description,A2,0.395,model_predicted
1241,הביצים,the eggs,A1,0.72,model_predicted
1242,אופן,mode / manner / way / wheel,B1,0.332,model_predicted
1243,עשה,did (m.s.),A1,0.629,model_predicted
1244,עלו,went up / climbed / increased / immigrated (pl.),A1,0.701,model_predicted
1245,התואר,the title / the degree / the adjective / the appearance / the shape,A1,0.502,model_predicted
1246,המשטרה,the police,A2,0.369,model_predicted
1247,הכחול,the blue (m.s.),A1,0.749,model_predicted
1248,רגל,leg,A1,0.752,model_predicted
1249,מעלה,up / raises / uploads (f.s.) / merit / virtue / raises / uploads (m.s.),B1,0.358,model_predicted
1250,מגיע,arrive / deserved (m.s.),B1,0.39,model_predicted
1251,מצוי,is [at] / common / available (m.s.),B1,0.428,model_predicted
1252,הבלתי,"the in-, the un-, the dis-",B1,0.306,model_predicted
1253,טבעי,natural (m.s.),B1,1.0,concordance
1254,רשת,net,B1,0.259,model_predicted
1255,לגלות,to discover,B2,0.362,model_predicted
1256,אופי,character / nature,B1,0.372,model_predicted
1257,להתמודד,to deal with / to confront,A1,0.542,model_predicted
1258,חלקי,my share / partial,B1,0.396,model_predicted
1259,היסטורי,historical (m.s.),B1,0.346,model_predicted
1260,נהגו,drove / used to (pl.),A1,0.673,model_predicted
1261,גילוי,discovery,C1,0.515,model_predicted
1262,הכנסייה,the church,A1,0.462,model_predicted
1263,סרטים,movies,A1,0.802,model_predicted
1264,שירים,songs / poems,A1,0.746,model_predicted
1265,היצירה,the formation / the creation / the making / the work of art / the composition,C1,0.435,model_predicted
1266,מוזיאון,museum,A1,1.0,concordance
1267,חמצני,oxygenic,C1,0.401,model_predicted
1268,ממני,from me,A1,0.672,model_predicted
1269,תפוח,apple / tumid (m.s.),A1,0.773,model_predicted
1270,שאת,that the / that you (f.s.),A1,0.795,model_predicted
1271,בתור,in line / as,A1,0.553,model_predicted
1272,חזק,strong (m.s.) / be strong,B1,0.373,model_predicted
1273,יחיד,only / single / individual,A1,0.742,model_predicted
1274,במקרים,in cases,A2,0.367,model_predicted
1275,לאפשר,to enable / to facilitate,C1,0.393,model_predicted
1276,מגן,defender / shield,B2,1.0,concordance
1277,יצירתו,his formation / his creation / his artistic work / his composition of,A1,0.788,model_predicted
1278,עיר,city,A1,0.732,model_predicted
1279,סימן,sign,A1,0.508,model_predicted
1280,מדיניות,policy,B2,0.381,model_predicted
1281,תואר,title / degree / adjective / appearance / shape / was described (m.s.),A1,0.502,model_predicted
1282,רימון,pomegranate / grenade,C1,0.414,model_predicted
1283,פיסול,sculpture,C1,0.307,model_predicted
1284,המתארת,that/who describes (f.s.),A1,1.0,concordance
1285,בי,in me,A1,0.432,model_predicted
1286,רע,bad,A1,1.0,concordance
1287,הודיע,informed / announced (m.s.),C1,0.352,model_predicted
1288,העת,the period / age,A2,0.396,model_predicted
1289,הלכה,walked / went (f.s.) / Halachah (the Jewish law),A1,0.81,model_predicted
1290,עלתה,went up / climbed / increased / immigrated (f.s.),A1,0.701,model_predicted
1291,זכר,memory / remembered (m.s.) / male,A2,0.312,model_predicted
1292,קולות,voices / sounds,A1,0.495,model_predicted
1293,ארוכה,long (f.s.),A1,0.78,model_predicted
1294,האחרונים,the last (m.pl.),A1,0.685,model_predicted
1295,לטובת,for / in favor of / for the sake of,B1,0.353,model_predicted
1296,הזו,this (f.) / hallucinated (pl.),A1,0.788,model_predicted
1297,המתארים,that/who describe (m.pl.),A1,1.0,concordance
1298,הגדולות,the big / the large (f.pl.),A1,0.457,model_predicted
1299,אפשרות,possibility,B2,0.349,model_predicted
1300,חבר,friend / member (m.s.),A1,0.768,model_predicted
1301,גן,garden / kindergarten / gene,A1,0.684,model_predicted
1302,קילומטרים,kilometers,A2,0.562,model_predicted
1303,הוביל,led / transported (m.s.),A2,0.357,model_predicted
1304,בעצמו,Himself / personally (m.s.),A2,0.445,model_predicted
1305,בדבר,regarding / in the thing / in a thing / regarding / in respect to,B2,0.405,model_predicted
1306,המתאר,that/who describes (m.s.),A1,1.0,concordance
1307,שש,six / glad (m.s.),A1,0.759,model_predicted
1308,נשיא,president,A1,0.584,model_predicted
1309,תרבות,civilization / culture,C1,0.555,model_predicted
1310,רבי,rabbi / my rabbi / my teacher,B2,0.304,model_predicted
1311,עשוי,might / made (m.s.),A1,0.454,model_predicted
1312,המערכה,the battle / the campaign / the act,B2,0.382,model_predicted
1313,הגבול,the border / the limit,B1,1.0,concordance
1314,להגן,to defend,B2,0.371,model_predicted
1315,מונה,count (m.s.) / gauge / numerator / count (f.s.) / was appointed (m.s.),A1,0.485,model_predicted
1316,הידוע,the known (m.s.),A1,0.636,model_predicted
1317,להלן,as follows / below,A2,0.333,model_predicted
1318,ליהודים,to/for the Jews,B2,0.313,model_predicted
1319,בדיקות,examinations / tests,B2,0.393,model_predicted
1320,הפארק,the park,A1,1.0,concordance
1321,ישב,sat (m.s.),A1,0.746,model_predicted
1322,בתיאור,in a description / in the description,A2,0.395,model_predicted
1323,וזה,and this (m.),A1,0.788,model_predicted
1324,רצה,wanted (m.s.) / ran (f.s.),A1,0.727,model_predicted
1325,כבוד,honor / glory / respect / dignity,B2,0.31,model_predicted
1326,לומר,to say,A1,0.734,model_predicted
1327,איננו,is not / is not here (m.s.),A1,0.569,model_predicted
1328,לעלות,to rise / to go up / to immigrate,C1,0.382,model_predicted
1329,ביקש,asked / looked for / wished (m.s.),A1,0.679,model_predicted
1330,מלאה,full (f.s.),A1,0.625,model_predicted
1331,משנה,changes (m.s.) / matters,A2,0.296,model_predicted
1332,ראשית,beginning,A2,0.375,model_predicted
1333,להפוך,to invert / to convert / to turn / to become / to transform,C1,0.445,model_predicted
1334,תחילה,beginning / first,A2,0.375,model_predicted
1335,סדר,order / Passover 'seder',A2,0.498,model_predicted
1336,בבתי,in [the] houses of / at the homes of,A1,0.817,model_predicted
1337,מטעם,on behalf of,C1,0.43,model_predicted
1338,היות,since / given that / being,A1,0.351,model_predicted
1339,הכולל,that includes (m.s.),A1,0.795,model_predicted
1340,השריון,the armor,B2,0.317,model_predicted
1341,הרפובליקה,the republic,C1,0.443,model_predicted
1342,מבצע,operation / sale,B1,0.404,model_predicted
1343,ומתן,and giving / negotiation,B1,0.387,model_predicted
1344,במים,in water / in the water,A1,0.751,model_predicted
1345,נערך,prepared / made arrangements / was held / was edited (m.s.),B1,0.434,model_predicted
1346,הפירמידה,the pyramid,C1,0.312,model_predicted
1347,שדרות,boulevard,A2,0.372,model_predicted
1348,ענתה,answered (f.s.),A1,0.684,model_predicted
1349,החוצה,[to] outside,A1,0.654,model_predicted
1350,אומר,says / saying (m.s.),A1,0.734,model_predicted
1351,הקיץ,the summer,A1,0.8,model_predicted
1352,עצי,trees of,A1,0.766,model_predicted
1353,אחדות,unity / units / some (f.p.),C1,0.446,model_predicted
1354,ואין,and there is no,A1,0.782,model_predicted
1355,ואם,and if / and a mother,A1,0.818,model_predicted
1356,לשעבר,former / ex,B1,0.356,model_predicted
1357,ישנה,there is (f.s.),A1,0.782,model_predicted
1358,והיו,and were,A1,0.62,model_predicted
1359,כשהוא,when he,A1,0.801,model_predicted
1360,כף,spoon / palm,A2,0.437,model_predicted
1361,ויש,and there is / and one must,A1,0.782,model_predicted
1362,פנה,turned (m.s.),B1,0.375,model_predicted
1363,חסרי,lacking (m.pl.),C1,0.465,model_predicted
1364,רשמי,official (m.s.),B1,0.381,model_predicted
1365,להקמת,for the establishment of / for the building of,C1,0.573,model_predicted
1366,פעל,acted / operated (m.s.),B1,0.473,model_predicted
1367,בתהליך,in process / in the process,B1,0.391,model_predicted
1368,רובם,most of them (m.),A1,0.488,model_predicted
1369,היוו,were / constituted (pl.),A1,0.62,model_predicted
1370,סמל,symbol / sergeant,B2,1.0,concordance
1371,קיימות,exist (f.pl.),B2,0.336,model_predicted
1372,הפרק,the chapter / the period / the joint,A1,0.464,model_predicted
1373,בתואר,[in] a title / [in] a degree / [in] an adjective / [in] an appearance / [in] a shape / [in] the title / [in] the degree / [in] the adjective / [in] the appearance / [in] the shape,A1,0.502,model_predicted
1374,אורניום,uranium,B2,0.421,model_predicted
1375,ללכת,to walk / to go,A1,0.834,model_predicted
1376,הענפים,the branches / the fields,B2,0.299,model_predicted
1377,חוץ,out,A1,0.469,model_predicted
1378,דעת,mind / knowledge / wisdom,A2,0.391,model_predicted
1379,נשאר,Stayed / remained / was left (m.s.),B1,0.356,model_predicted
1380,הבתים,the houses / the homes,A1,0.817,model_predicted
1381,מעשה,deed / story / tale,B2,0.374,model_predicted
1382,לחזור,to return / to repeat,B1,0.41,model_predicted
1383,שב,returned (m.s.) / sit (m.s. imperative) / old person,A1,1.0,concordance
1384,להשיג,to achieve / to criticize,B2,0.351,model_predicted
1385,ארוך,long (m.s.),A1,0.78,model_predicted
1386,הרעיון,the idea,A2,0.41,model_predicted
1387,הגידול,the growth / the increase / the tumor,B1,0.318,model_predicted
1388,בים,in the sea / in a sea / in the sea of,A1,0.561,model_predicted
1389,ברזל,iron,A2,0.527,model_predicted
1390,נותר,was left (m.s.),A2,0.447,model_predicted
1391,שפה,language / lip,A1,0.751,model_predicted
1392,ההתקפה,the attack,B1,0.362,model_predicted
1393,הכיבוש,the occupation,C1,0.469,model_predicted
1394,חלקם,their share / some of them / for the formation of / for the creation of / for the artistic work of / to/for the composition,A1,0.667,model_predicted
1395,ליצירת,liytsirat / of,C1,0.386,model_predicted
1396,שיטה,method,B1,0.354,model_predicted
1397,דמותו,his image / his figure / his shape / his character,A1,0.788,model_predicted
1398,בקול,[with] a voice / [with] a sound / loudly,A1,0.565,model_predicted
1399,השיב,replied / returned [something] (m.s.),A1,0.338,model_predicted
1400,העניין,the matter / the interest,A2,0.369,model_predicted
1401,הרחוב,the street,A1,0.824,model_predicted
1402,עמוק,deep (m.s.),B2,0.322,model_predicted
1403,הדברים,the words / what was said / the things / the items / the matters,A1,0.796,model_predicted
1404,בימים,on [days] / in days,A1,0.844,model_predicted
1405,החדשים,the new (m.pl.),A1,0.682,model_predicted
1406,מילה,word / circumcision,A1,0.796,model_predicted
1407,מחנה,camp / group,A2,0.353,model_predicted
1408,אדמת,rubella / the land of / soil of [type],B2,0.387,model_predicted
1409,המספר,the number / the narrator / the story teller,A1,0.734,model_predicted
1410,שגם,that also,A1,1.0,concordance
1411,השיח,the talk / the conversation / the bush / talked / conversed (m.s.),A1,0.81,model_predicted
1412,הטיפול,the treatment,B2,0.412,model_predicted
1413,בגין,because of,A1,0.448,model_predicted
1414,לחלק,to divide / to part / to/for some,C1,0.351,model_predicted
1415,החשובים,the important (m.pl.),A1,0.32,model_predicted
1416,לחימה,warfare / fighting,C1,0.418,model_predicted
1417,להעביר,to pass / to transfer,B1,0.305,model_predicted
1418,המטבח,the kitchen,A1,0.745,model_predicted
1419,הוחלט,has been decided,A2,0.432,model_predicted
1420,החי,the living,B1,0.352,model_predicted
1421,הכללי,the general (m.s.),B1,1.0,concordance
1422,נקרא,is read / is called / was read / was called (m.s.) / we will read / we will call,A1,0.782,model_predicted
1423,לכבוש,to occupy,C1,0.491,model_predicted
1424,האויב,the enemy,C1,0.411,model_predicted
1425,הצלב,the cross,A2,0.503,model_predicted
1426,משמעותי,significant (m.s.),C1,0.444,model_predicted
1427,התפתחות,development,C1,0.457,model_predicted
1428,האצולה,the aristocracy,C1,0.594,model_predicted
1429,בתרבות,in a civilization / in a culture / in the civilization / in the culture,C1,0.555,model_predicted
1430,מקובל,accepted / conventional (m.s.),C1,0.402,model_predicted
1431,אלקטרונים,electrons,B2,0.419,model_predicted
1432,למטה,downward / down / to/for the headquarters / to/for the stick / to bed,C1,0.475,model_predicted
1433,ואמר,and said (m.s.),A1,0.426,model_predicted
1434,להן,to them (f.),A1,0.744,model_predicted
1435,היבשה,the land,A2,0.429,model_predicted
1436,בלילה,in the night / at night,A1,0.86,model_predicted
1437,סיפר,told,A1,0.484,model_predicted
1438,לעבר,to/for the past,A2,0.413,model_predicted
1439,צורה,shape / form / manner,B1,0.373,model_predicted
1440,הגורמים,the factors / the causes,C1,0.394,model_predicted
1441,להמשיך,to continue,B1,0.378,model_predicted
1442,שדה,field,A2,0.409,model_predicted
1443,הרגלים,habits / the pilgrim festivals,B1,0.392,model_predicted
1444,הסכם,agreement / contract,B1,0.362,model_predicted
1445,בעניין,on the matter of / with interest / on the matter,A2,0.369,model_predicted
1446,טענו,claimed / argued (pl.),C1,0.428,model_predicted
1447,לקרא,to read / to call,A1,0.782,model_predicted
1448,מעלות,advantages / virtues / stairs,C1,0.404,model_predicted
1449,מרד,rebellion / rebelled (m.s.),C1,1.0,concordance
1450,לחץ,pressure / pressed (m.s.),B1,0.389,model_predicted
1451,רשמית,official (f.s.) / officially,B1,0.381,model_predicted
1452,הצבאית,the military (f.s.),B1,0.328,model_predicted
1453,מנהיגי,the leaders of,B1,0.287,model_predicted
1454,הוקמה,was established,A2,0.447,model_predicted
1455,תום,completion / perfection / wholeness / innocence / purity,C1,0.378,model_predicted
1456,לכנסת,to the Knesset,C1,0.433,model_predicted
1457,הנגיף,the virus,A2,0.43,model_predicted
1458,שיהיה,that will be (m.s.),A1,0.795,model_predicted
1459,באו,came (pl.),A1,0.759,model_predicted
1460,לעצמו,for himself,A2,0.445,model_predicted
1461,ברחובות,on the streets / on streets,A1,0.824,model_predicted
1462,צעד,step,A2,0.422,model_predicted
1463,אישה,woman / wife,A1,0.791,model_predicted
1464,נשא,carried / married (m.s.),A2,0.391,model_predicted
1465,דקות,minutes / thin (f.pl.),A1,1.0,concordance
1466,פרס,award / prize,B1,0.381,model_predicted
1467,חום,heat / brown,A2,0.388,model_predicted
1468,בליגה,in a league / in the league,A2,0.562,model_predicted
1469,הצליחה,succeeded (f.s.),B2,0.354,model_predicted
1470,דרכו,his way / through him/it,A1,0.788,model_predicted
1471,ספרי,my book / my books,A1,0.781,model_predicted
1472,המקור,the source / the beak,B2,0.329,model_predicted
1473,השתמשו,used (pl.),A2,0.393,model_predicted
1474,הגבוהה,the high / the tall (f.s.),A2,0.387,model_predicted
1475,המילה,the word / the circumcision,A1,0.796,model_predicted
1476,הבאות,the next / the person who is coming (f.pl.),A1,1.0,concordance
1477,הבסיס,the basis / the base,B2,1.0,concordance
1478,הפלישה,the invasion,B2,1.0,concordance
1479,התרבות,the civilization / the culture,C1,0.555,model_predicted
1480,שלב,stage / phase / rung,B2,1.0,concordance
1481,היחס,the relation / the ratio / the attitude,B2,0.387,model_predicted
1482,המפעל,the plant / the factory,A1,0.424,model_predicted
1483,עברית,Hebrew,A1,0.355,model_predicted
1484,ירייה,shot,A2,0.44,model_predicted
1485,ביצים,eggs,A1,0.72,model_predicted
1486,צריכה,need (f.s.) / consumption (of goods),A1,0.739,model_predicted
1487,ביחד,together,A1,0.704,model_predicted
1488,צעיר,young (m.s.),A1,0.821,model_predicted
1489,בחיים,alive / in life,B1,0.481,model_predicted
1490,ענף,branch / field,B2,0.299,model_predicted
1491,הצטרף,joined (m.s.),B2,0.395,model_predicted
1492,מאיר,illuminates (m.s.),C1,0.565,model_predicted
1493,לפיכך,therefore,B2,0.363,model_predicted
1494,ספרים,books,A1,0.781,model_predicted
1495,נוסעים,passengers / travelers / drive / travel (m.pl.),A2,0.497,model_predicted
1496,תחרות,competition,B1,0.384,model_predicted
1497,ספינות,ships,A2,0.431,model_predicted
1498,שיתוף,cooperation / collaboration,C1,0.481,model_predicted
1499,רחב,wide,B1,0.345,model_predicted
1500,לשנת,for the year [X] / for the year of / for the sleep of,A1,0.821,model_predicted
1501,אירוע,event,B1,0.505,model_predicted
1502,הוקמו,were established / were built (m.pl.),A1,0.62,model_predicted
1503,עולי,immigrants of,B2,1.0,concordance
1504,הוועד,the committee / the board,B1,0.258,model_predicted
1505,המתים,the dead (m.pl.),A1,0.494,model_predicted
1506,רואים,see (m.pl.),A1,0.805,model_predicted
1507,משפחתו,his family,A1,0.788,model_predicted
1508,לפגוע,to hit / to damage / to offend,A2,0.406,model_predicted
1509,הקשה,the difficult / the hard (m.s.) / the difficult / the hard (f.s.),A2,0.394,model_predicted
1510,בעונה,in a season / in season,A1,0.494,model_predicted
1511,הסביבה,the area,A2,0.507,model_predicted
1512,כנסת,Knesset (the Israeli parliament),C1,0.433,model_predicted
1513,נאלץ,was forced / was compelled (m.s.),A2,0.447,model_predicted
1514,משמעותית,significant (f.s.) / in significance,C1,0.444,model_predicted
1515,יחידת,unit of / squad of,A2,0.277,model_predicted
1516,תור,line / turn,A1,0.553,model_predicted
1517,אודות,about,A1,0.639,model_predicted
1518,הופיע,appeared / performed (m.s.),B1,0.354,model_predicted
1519,בפארק,in a park / in the park,A1,1.0,concordance
1520,ניסיונות,trials / attempts,B2,0.396,model_predicted
1521,נקודת,point of,A1,0.452,model_predicted
1522,ריכוז,concentration,C1,0.42,model_predicted
1523,בתולדות,in the history of,A2,0.328,model_predicted
1524,כחלק,as part,A1,0.578,model_predicted
1525,ברמה,at the height / at the level / at a level,A2,0.412,model_predicted
1526,שנתיים,two years,A1,0.796,model_predicted
1527,הביולוגיה,the biology,B2,0.413,model_predicted
1528,פחמן,carbon,B2,0.35,model_predicted
1529,הוסיף,added (m.s.),B1,0.366,model_predicted
1530,הילדים,the children,A1,0.862,model_predicted
1531,בבוקר,in the morning,A1,0.86,model_predicted
1532,המשפחה,the family,A1,0.813,model_predicted
1533,המשיכה,the pull / the attraction / the withdrawal / gravity / continued (f.s.),B1,0.514,model_predicted
1534,חומות,walls,A1,0.616,model_predicted
1535,אחיו,his brother,A1,0.788,model_predicted
1536,דמות,image / figure / shape / character,A1,0.653,model_predicted
1537,צמחים,plants,A1,0.424,model_predicted
1538,אש,fire,A1,0.464,model_predicted
1539,מנהיג,leader,B1,0.287,model_predicted
1540,כאמור,as aforesaid,C1,0.512,model_predicted
1541,פגיעה,hit / impact / damage / offense,A2,0.406,model_predicted
1542,הפוליטי,the political (m.s.),B2,0.325,model_predicted
1543,נמוכה,low / short (f.s.),A2,0.406,model_predicted
1544,המשטר,the regime,C1,0.508,model_predicted
1545,בנייה,construction,B1,0.338,model_predicted
1546,המהפכה,the revolution,B2,1.0,concordance
1547,תנועות,motions / movements,B1,0.499,model_predicted
1548,האתר,the site,A1,0.525,model_predicted
1549,המקרא,the Bible / the legend,B2,0.274,model_predicted
1550,הפטרוסלינון,the parsley,C1,0.386,model_predicted
1551,הדלת,the door,A1,0.763,model_predicted
1552,המלכה,the queen,A2,0.356,model_predicted
1553,יוצא,going out / coming out / goes out / comes out (m.s.),A1,0.708,model_predicted
1554,עלים,leaves,B1,0.316,model_predicted
1555,גשם,rain,A1,0.728,model_predicted
1556,איננה,is not / is not here (f.s.),A1,0.569,model_predicted
1557,הברזל,the iron,A2,0.527,model_predicted
1558,בהרבה,in much / in many,A1,0.729,model_predicted
1559,טרם,before,A1,0.523,model_predicted
1560,השחקנים,the players / the actors,A1,0.502,model_predicted
1561,הציג,introduced / displayed / presented / exhibited (m.s.),C1,0.373,model_predicted
1562,האסלאם,the Islam,A2,0.357,model_predicted
1563,דומים,similar / resembling (m.pl.),A2,0.375,model_predicted
1564,בפיקודו,under his command,A2,0.429,model_predicted
1565,במבצע,in an operation / on sale,B1,0.404,model_predicted
1566,דת,religion,B1,1.0,concordance
1567,בפועל,actually,A2,0.388,model_predicted
1568,התא,the cell,A1,0.391,model_predicted
1569,גידול,growth / increase / tumor,B1,0.318,model_predicted
1570,באוניברסיטת,at the university of,A1,0.572,model_predicted
1571,העלילה,the plot / the deed / the libel / the false charge,C1,0.355,model_predicted
1572,כזאת,like this (f.),A1,0.662,model_predicted
1573,השחורה,the black (f.s.),A1,0.766,model_predicted
1574,ילד,child (m.) / boy,A1,0.862,model_predicted
1575,חייב,must / owes / debtor(m.s.) / forced / obligated / charged (m.s.),A1,0.481,model_predicted
1576,משפחה,family,A1,0.813,model_predicted
1577,נמשך,continues / continued / lasted / was pulled / was attracted / was withdrawn (m.s.),B2,0.357,model_predicted
1578,עסק,dealt / engaged / worked (m.s.),B2,0.295,model_predicted
1579,חבלה,sabotage / bruising,C1,0.608,model_predicted
1580,הגבוה,the high / the tall (m.s.),A2,0.387,model_predicted
1581,תולדות,history,A2,0.328,model_predicted
1582,אירועים,events,B1,0.505,model_predicted
1583,האור,the light (m.s.),A1,0.562,model_predicted
1584,חופש,freedom,C1,0.45,model_predicted
1585,הידע,the knowledge,A2,0.343,model_predicted
1586,בהדרגה,gradually,C1,0.482,model_predicted
1587,ממוצא,from an origin,A1,0.672,model_predicted
1588,כללו,included (pl.),A2,0.445,model_predicted
1589,בכוח,forcefully,C1,0.44,model_predicted
1590,מתקופת,from the period of / from the era of,A1,0.672,model_predicted
1591,שימשו,were used for (pl.),A1,0.62,model_predicted
1592,גישה,attitude / access / approach,C1,0.483,model_predicted
1593,בקרבת,close to,A1,0.352,model_predicted
1594,מסוימות,specific (f.pl.),B1,0.373,model_predicted
1595,ניכרת,obvious / evident (f.s.),B1,0.373,model_predicted
1596,המקורי,the original (m.s.),B1,1.0,concordance
1597,סרט,movie / ribbon / strip,A1,0.802,model_predicted
1598,מאפיינים,characteristics,C1,0.587,model_predicted
1599,ללמוד,to learn / to study,A1,0.637,model_predicted
1600,עבודתו,his work,A1,0.788,model_predicted
1601,פועלים,workers / operate (m.pl.),A2,0.584,model_predicted
1602,מולקולות,molecules,B2,0.498,model_predicted
1603,בודאי,certainly,A2,0.412,model_predicted
1604,האלון,the oak,A2,0.337,model_predicted
1605,למות,to die,A1,1.0,concordance
1606,גבעת,hill of,A2,0.421,model_predicted
1607,מדוע,why,A1,0.473,model_predicted
1608,הנשים,the women,A1,0.791,model_predicted
1609,חיות,living / alive (f.pl.) / animals / vitality,A1,1.0,concordance
1610,כעבור,after [time period],A1,0.511,model_predicted
1611,שחור,black,A1,0.766,model_predicted
1612,חסר,lacking (m.s.),C1,0.465,model_predicted
1613,ממשלה,government,B2,0.304,model_predicted
1614,האמינו,believed (pl.),B2,0.411,model_predicted
1615,מכונה,machine / called,A2,0.49,model_predicted
1616,לעיל,aforementioned,C1,0.487,model_predicted
1617,כאחד,as one,A1,0.821,model_predicted
1618,היחידות,the units / the squads / the only / the single (f.pl.),A2,0.277,model_predicted
1619,השפעות,effects / influences,B2,0.374,model_predicted
1620,הראשית,the main (f.s.),A2,0.498,model_predicted
1621,בנות,girls / daughters / the girls of / the daughters of,A1,0.85,model_predicted
1622,בברית,pact / alliance / covenant / circumcision,B2,0.44,model_predicted
1623,חיילי,soldiers of,A2,0.408,model_predicted
1624,הצלחה,success,B1,0.367,model_predicted
1625,טוען,claim / argue / charge / load (m.s.),B2,0.398,model_predicted
1626,נפשי,my soul / my spirit / my life,B2,0.405,model_predicted
1627,נקבה,female / tunnel,B1,1.0,concordance
1628,בערב,in the evening,A1,0.84,model_predicted
1629,שזה,that this (m.),A1,0.795,model_predicted
1630,רעיון,idea,A2,0.41,model_predicted
1631,המועצה,the council,A2,0.331,model_predicted
1632,יוכל,will be able (m.s.),A1,0.714,model_predicted
1633,משטר,regime / reign,C1,0.508,model_predicted
1634,הליגה,the league,A2,0.562,model_predicted
1635,האדום,the red,A1,0.796,model_predicted
1636,במדינה,in a state / in the state,A2,0.303,model_predicted
1637,באשר,regarding / wherever (biblical),B2,0.405,model_predicted
1638,אחוז,percent / percentage / is held (m.s.) / hold (m.s. Imperative),A2,0.383,model_predicted
1639,ביצע,performed / executed (m.s.),B1,0.43,model_predicted
1640,בגטו,in a ghetto / in the ghetto,C1,0.464,model_predicted
1641,מנחם,comforting / comforts (m.s.),B2,0.341,model_predicted
1642,חיידקים,bacteria,B2,0.339,model_predicted
1643,לשוב,to return,B1,0.41,model_predicted
1644,נפל,fell (m.s.),A2,0.438,model_predicted
1645,היד,the hand,A1,1.0,concordance
1646,פורסם,was published / was advertised (m.s.),A2,0.447,model_predicted
1647,שיעור,lesson,B1,0.294,model_predicted
1648,הטובים,the good (m.pl.),A1,0.76,model_predicted
1649,ראוי,worthy of / suitable / deserving / eligible / appropriate (m.s.),C1,0.548,model_predicted
1650,מוות,death,B1,0.401,model_predicted
1651,לקח,took (m.s.),A1,0.35,model_predicted
1652,נעשו,were done / became (pl.),A1,0.62,model_predicted
1653,גל,wave,B2,0.318,model_predicted
1654,נאלצו,were forced / were compelled,A1,0.62,model_predicted
1655,סירב,refused (m.s.),B2,0.372,model_predicted
1656,מצויים,are [at] / common / available (m.pl.),A1,0.786,model_predicted
1657,לוח,board,A2,0.429,model_predicted
1658,לפרוץ,to break into / to breach,A1,0.4,model_predicted
1659,לבעל,to an owner of / to a husband / to the husband,A2,0.388,model_predicted
1660,נכתב,was written (m.s.),A2,0.447,model_predicted
1661,המברק,the telegram,A2,0.346,model_predicted
1662,שלטונו,his rule / his reign,A1,0.788,model_predicted
1663,בשבי,in captivity / in [the] captivity / in [the] prison / in captivity of,C1,0.577,model_predicted
1664,אזורים,areas / regions / zones,B1,1.0,concordance
1665,ימינו,his right / our days,A1,0.788,model_predicted
1666,עליית,rise of / increase of / immigration of,C1,0.382,model_predicted
1667,בסרט,in a movie / with a ribbon/strip / in the movie / with the ribbon/strip,A1,0.802,model_predicted
1668,עדויות,evidence (pl.) / testimonies,C1,0.4,model_predicted
1669,בעיות,problems,A1,1.0,concordance
1670,חוזר,returns (m.s.) / repeats (m.s.) / returning / repeating / circular,B2,1.0,concordance
1671,סוגים,kinds / classes / types,A1,1.0,concordance
1672,יהודית,Jewish (f.s.),A1,0.351,model_predicted
1673,אווירניים,aerobic (m.pl.),B2,0.351,model_predicted
1674,תודה,thanks / gratitude,A1,0.705,model_predicted
1675,לכם,to you / for you (m.pl.),A1,0.851,model_predicted
1676,בעד,in favor of,B1,0.353,model_predicted
1677,שקט,silence / quiet / silent (m.s.) / calmed down / became quiet (m.s.),B2,0.371,model_predicted
1678,להישאר,to stay / to remain,B1,0.36,model_predicted
1679,להבין,to understand,A2,0.31,model_predicted
1680,המצוי,that is [at] / common / available (f.s.),A1,0.795,model_predicted
1681,מצא,found (m.s.),A1,0.403,model_predicted
1682,לאל,to a god / to the god / [to set at] nought,A2,0.421,model_predicted
1683,חדר,room / penetrated / intruded (m.s.),A1,0.796,model_predicted
1684,משפט,sentence / trial,A1,0.521,model_predicted
1685,חברים,friends / members (m.),A1,0.768,model_predicted
1686,החוץ,the outside,A1,0.654,model_predicted
1687,הלבן,the white (m.s.),A1,0.831,model_predicted
1688,התרופות,the medications / the drugs,A2,0.417,model_predicted
1689,מורכב,complex / composed of (m.s.),C1,0.47,model_predicted
1690,הגישה,the attitude / the access / the approach,C1,0.483,model_predicted
1691,במערכת,in a system / in an editorial board / in the system / in the editorial board,B1,1.0,concordance
1692,סרטן,cancer (disease) / crab,A1,0.39,model_predicted
1693,היחסים,the relations,B2,0.387,model_predicted
1694,ציוד,equipment,A2,0.438,model_predicted
1695,חומרי,materials of,B1,0.363,model_predicted
1696,כפר,village,A1,0.697,model_predicted
1697,היכל,palace / temple,B1,0.299,model_predicted
1698,בעונת,in the season of,A1,0.494,model_predicted
1699,משנות,from the years of,A1,0.672,model_predicted
1700,האלקטרונים,the electrons,B2,0.419,model_predicted
1701,האנזים,the enzyme,C1,0.437,model_predicted
1702,עמדתי,my position / I stood / I was going to / I succeeded,B1,1.0,concordance
1703,לבקש,to ask / to request,A1,0.737,model_predicted
1704,אחריו,after him,A1,0.511,model_predicted
1705,שאפשר,that [it is] possible (adv.) / that enabled / that facilitated (m.s.),A1,0.795,model_predicted
1706,לשאת,to carry / to marry,A2,0.382,model_predicted
1707,להציג,to introduce / to display / to present / to exhibit,B1,0.38,model_predicted
1708,שנערך,who prepared / who made arrangements / that was held / that was edited (m.s.),A1,1.0,concordance
1709,קשים,difficult / hard (m.pl.),A2,0.394,model_predicted
1710,הלחם,fight (m.s. imperative),A2,0.417,model_predicted
1711,החומר,the material,B1,0.363,model_predicted
1712,הכללית,the general (m.pl.),B1,1.0,concordance
1713,בכפר,in a village / in the village,A1,0.697,model_predicted
1714,בסגנון,[in] a style of / [in] a manner of,B1,0.385,model_predicted
1715,ניצחון,victory,B1,0.321,model_predicted
1716,תמורת,in return for / in exchange for // change of / transformation of,B1,0.41,model_predicted
1717,ולבסוף,and finally / and eventually,A2,0.344,model_predicted
1718,פעלו,acted / operated (pl.),B1,0.473,model_predicted
1719,ענק,giant (m.s.) / necklace,B1,0.296,model_predicted
1720,יין,wine,A1,0.712,model_predicted
1721,לכוחות,to powers / to forces / to strengths / to the powers / to the forces / to the strengths,B1,0.397,model_predicted
1722,תורה,Torah / theory / her turn,B2,0.349,model_predicted
1723,אמנים,artists,A2,0.521,model_predicted
1724,חברה,friend / member (f.s.) / company / society,A1,0.768,model_predicted
1725,הדרומית,the southern (f.s.),A2,0.393,model_predicted
1726,באתר,on a site / at the site,A1,0.525,model_predicted
1727,בהר,[on] a mountain / [on] the mountain,A2,0.517,model_predicted
1728,הנהר,the river,A1,0.725,model_predicted
1729,לקרב,to bring close / to the battle,A1,0.722,model_predicted
1730,ציור,painting / drawing,A1,0.509,model_predicted
1731,הערים,the cities,A1,0.732,model_predicted
1732,בהיסטוריה,in history,A2,0.328,model_predicted
1733,עשויים,might / made (m.pl.),A1,0.454,model_predicted
1734,חוזה,contract / prophet,B1,0.347,model_predicted
1735,בפעילות,in activity,B1,0.432,model_predicted
1736,נקבע,was determined / was fixed / was set (m.s.),A2,0.447,model_predicted
1737,תופעה,phenomenon,C1,0.529,model_predicted
1738,הופיעו,appeared / performed (pl.),B1,0.354,model_predicted
1739,האנושי,the humane (m.s.),B2,0.376,model_predicted
1740,משתנה,varies / changes (m.s.) / variant (stat.),C1,0.496,model_predicted
1741,מרוב,from most / of most / so many,A1,0.672,model_predicted
1742,עיניו,his eyes,A1,0.788,model_predicted
1743,שמש,sun / attendant,A1,0.76,model_predicted
1744,הטובה,the good (f.s.) / the favor,A1,0.76,model_predicted
1745,ואשר,and that / and regarding,A1,0.795,model_predicted
1746,קרן,beam / ray / fund / horn / bugle,B2,1.0,concordance
1747,חולים,patients / sick (m.pl.),B1,0.345,model_predicted
1748,משפחות,families,A1,0.813,model_predicted
1749,יכולות,abilities / capabilities,B1,0.386,model_predicted
1750,להניח,to assume / to place,B2,0.378,model_predicted
1751,קיבלה,received / accepted (f.s.),B1,0.448,model_predicted
1752,בסדרה,in a series / in the series,A2,0.456,model_predicted
1753,הכלכלי,the economic (m.s.),B2,0.354,model_predicted
1754,מחנות,camps / groups / park (f.pl.),A1,1.0,concordance
1755,יחידה,unit / squad / only / single,A2,0.277,model_predicted
1756,ידועים,known (m.pl.),A1,0.636,model_predicted
1757,ורבים,and many / and fight (m.pl.),A1,0.618,model_predicted
1758,כחול,blue (m.s.),A1,0.749,model_predicted
1759,דרש,required / demanded / preached / interpreted (m.s.),A2,0.375,model_predicted
1760,במילים,in words / in the words,A1,0.796,model_predicted
1761,בגוף,in a body / in the body,A1,0.568,model_predicted
1762,החזית,the front / the frontier,B1,1.0,concordance
1763,שטחי,areas of / fields of / territories of / superficial,A2,0.507,model_predicted
1764,מדרום,from the south,A1,0.672,model_predicted
1765,לקיים,to hold / to fulfill / to carry out / to maintain,B1,0.412,model_predicted
1766,הידועים,the known (m.pl.),A1,0.636,model_predicted
1767,עקרונות,principles,C1,0.511,model_predicted
1768,יצירת,formation of / creation of / artistic work of / composition of,C1,0.435,model_predicted
1769,להצלחה,for success / for the success,B1,0.367,model_predicted
1770,מהמאה,from the century,A1,0.672,model_predicted
1771,שימור,conservation,C1,0.603,model_predicted
1772,עקרון,principle,C1,0.511,model_predicted
1773,המסורת,the tradition,B1,0.362,model_predicted
1774,האנושית,the humane (f.s.),B2,0.376,model_predicted
1775,הפרעות,disturbances / interferences / interruptions,C1,0.563,model_predicted
1776,החיל,applied (m.s.) / the corps,B2,0.4,model_predicted
1777,מופיעה,appears / performs (f.s.),B1,0.441,model_predicted
1778,הלווייתן,the whale,A2,0.366,model_predicted
1779,מצאתי,I found,A1,0.403,model_predicted
1780,נשמע,sounds / sounded (m.s.) / we will hear,A1,0.581,model_predicted
1781,יושב,sit (m.s.),A1,0.79,model_predicted
1782,יהיו,will be (pl.),A1,0.714,model_predicted
1783,שיכול,who/that can,A1,1.0,concordance
1784,התחתון,the bottom / the lower / the inferior (m.s.),A1,0.468,model_predicted
1785,האחרות,the other (f.pl.) / the others (f.),A1,0.577,model_predicted
1786,איום,threat / terrible / horrible (m.s.),C1,0.368,model_predicted
1787,משחקים,games / play (m.pl.),A1,0.645,model_predicted
1788,מהלך,move / step / distance,A2,0.399,model_predicted
1789,להוכיח,to prove,B2,0.346,model_predicted
1790,בסך,in procession / total / only,B1,1.0,concordance
1791,שנעשה,that was done,A1,0.795,model_predicted
1792,האב,the father,A1,0.782,model_predicted
1793,ביניהן,between them (f.),A2,0.322,model_predicted
1794,למשך,for a period of,A2,0.396,model_predicted
1795,לרבות,to/for many (f.pl.) / including,A1,0.618,model_predicted
1796,ובעיקר,and mainly / and principally / and especially,B1,0.344,model_predicted
1797,הטבעי,the natural (m.s.),B1,1.0,concordance
1798,סדרה,series,A2,0.456,model_predicted
1799,איתי,with me,A1,0.565,model_predicted
1800,הטבח,the cook / the slaughter,A1,0.678,model_predicted
1801,המערב,the west,A1,0.47,model_predicted
1802,נשלחו,were sent (pl.),A1,0.62,model_predicted
1803,בראשות,headed by / led by,B1,0.345,model_predicted
1804,צבאית,military (f.s.),B1,0.328,model_predicted
1805,פוליטי,political (m.s.),B2,0.325,model_predicted
1806,החוקרים,the investigators / the researchers,C1,0.393,model_predicted
1807,התלמוד,the learning / the Talmud,A2,0.273,model_predicted
1808,עליך,on you / about you (m.s.) / on you / about you (f.s.),A1,0.851,model_predicted
1809,הצעירה,the young (f.s.),A1,0.821,model_predicted
1810,לחשוב,to think,A1,0.492,model_predicted
1811,לכתוב,to write,A1,0.764,model_predicted
1812,מוקדם,early / preliminary (m.s.),A1,0.757,model_predicted
1813,לילה,night,A1,0.86,model_predicted
1814,שכבר,that already,A1,0.795,model_predicted
1815,במחיר,at a price,A1,0.593,model_predicted
1816,מאמר,article / saying,A1,0.707,model_predicted
1817,השוק,"the market / the shock / the leg (e.g., chicken)",A2,0.317,model_predicted
1818,אמור,supposed (m.s.),A2,0.393,model_predicted
1819,לתפקיד,for a role / for the role of / for the role,B1,0.431,model_predicted
1820,שנקרא,that/who is called (m.s.),A1,1.0,concordance
1821,בהצלחה,good luck / successfully,A1,0.76,model_predicted
1822,בסיפור,in a story / in the story,A1,0.7,model_predicted
1823,טוענים,claim / argue / charge / load (m.pl.),B2,0.398,model_predicted
1824,מיוחדת,special (f.s.),A2,0.465,model_predicted
1825,מידה,measure / size / quality,B2,0.329,model_predicted
1826,תקווה,hope,B1,0.402,model_predicted
1827,ואחרים,and other (m.pl.) / and others (m.),A1,0.577,model_predicted
1828,חשובים,important (m.pl.),A1,0.32,model_predicted
1829,זהב,gold,A2,1.0,concordance
1830,הינה,she is / is (f.),A1,0.841,model_predicted
1831,ביקר,visited / criticized,B1,0.384,model_predicted
1832,מזו,from this (f.),A1,0.672,model_predicted
1833,מהיר,fast / rapid / quick (m.s.),A2,0.439,model_predicted
1834,יימס,will dissolve,A1,0.714,model_predicted
1835,למדינה,to/for a state / to/for the state,A2,0.303,model_predicted
1836,לשחק,to play,A1,0.768,model_predicted
1837,שירת,served (m.s.),A2,0.418,model_predicted
1838,שלט,ruled (m.s.) / sign,B2,0.363,model_predicted
1839,שהביא,that/who brought (m.s.),A1,1.0,concordance
1840,המשחקים,the games,A1,0.645,model_predicted
1841,הוראה,order / instruction,A2,0.498,model_predicted
1842,הרחובות,the streets,A1,0.824,model_predicted
1843,בחברה,in a company / in a society / in the conpany / in the society,A2,0.465,model_predicted
1844,קצינים,officers,A2,0.459,model_predicted
1845,המקומיים,the local (m.pl.),A2,0.407,model_predicted
1846,מתן,giving,B1,0.387,model_predicted
1847,יסודות,foundations / bases,B2,1.0,concordance
1848,לפיה,according to her / to her mouth,B1,0.344,model_predicted
1849,הנהגת,leadership of,C1,0.412,model_predicted
1850,הבולטים,the protruding / that/who stand out (m.pl.),A1,1.0,concordance
1851,הסרטים,the movies / the ribbons/strips,A1,0.802,model_predicted
1852,המנדט,the mandate,C1,0.5,model_predicted
1853,אותנו,us,A1,0.786,model_predicted
1854,לקחת,to take,A1,0.488,model_predicted
1855,הולך,walk / go (m.s.),A1,0.834,model_predicted
1856,נראתה,was seen / looked (f.s.),A2,0.447,model_predicted
1857,לנסות,to try,A1,0.679,model_predicted
1858,נהרג,was killed,A2,0.447,model_predicted
1859,נבחרת,team / elected / selected (f.s.),A2,1.0,concordance
1860,הנבחרת,the team / the elected / the selected (f.s.),A2,1.0,concordance
1861,זוהי,this is (f.),A1,0.788,model_predicted
1862,המסחר,the commerce / the trade,B1,0.299,model_predicted
1863,הקו,the line,A1,0.553,model_predicted
1864,העניק,gave (m.s.),A1,0.369,model_predicted
1865,לבני,for my son,A1,0.713,model_predicted
1866,קצב,rhythm / butcher,B2,0.396,model_predicted
1867,המשך,continuation,C1,0.539,model_predicted
1868,מאפשר,enables / facilitates (m.s.),C1,0.524,model_predicted
1869,מהווים,are / constitute (m.pl.),A1,0.786,model_predicted
1870,ומספר,and a number,A1,0.734,model_predicted
1871,המזרח,the east,A2,0.547,model_predicted
1872,התקיים,existed / took place / was held (m.s.),C1,0.498,model_predicted
1873,הוציאה,she spent / she took out / she published,A1,0.841,model_predicted
1874,העולים,the rising / the increasing / the climbing / the immigrants (m.pl.),B2,1.0,concordance
1875,הדרכים,the ways / the roads,A1,0.731,model_predicted
1876,דמוקרטית,democratic (f.pl.),C1,0.367,model_predicted
1877,גשר,bridge,A2,0.371,model_predicted
1878,טרור,terror,B2,1.0,concordance
1879,נמשכה,lasted / was pulled / was attracted / was withdrawn (f.s.),B1,0.355,model_predicted
1880,נחשבת,is considered,B1,0.369,model_predicted
1881,המשלוח,the shipment / the delivery,B1,0.343,model_predicted
1882,צפונה,to the north,A1,0.444,model_predicted
1883,שכונה,neighborhood,A2,0.342,model_predicted
1884,פרוץ,broken open,A2,0.375,model_predicted
1885,הרומית,the roman (f.s.),A2,0.341,model_predicted
1886,לים,to the sea,A1,0.561,model_predicted
1887,קשרים,ties / bonds / links / connections,B1,1.0,concordance
1888,חזקה,strong (f.s.) / possession / power (math.),B1,0.373,model_predicted
1889,אוכלוסיית,population of,B1,0.362,model_predicted
1890,הטלוויזיה,the television,A1,0.809,model_predicted
1891,שיחק,played (m.s.),A1,0.708,model_predicted
1892,החלוקה,the division,B2,1.0,concordance
1893,האקלים,the climate,B1,0.429,model_predicted
1894,הארגונים,the organizations,C1,0.345,model_predicted
1895,ההסתדרות,the Histadrut (the General Federation of Laborers in Israel),B1,1.0,concordance
1896,פועלי,workers of,A2,0.584,model_predicted
1897,אופניים,bicycle,A1,0.663,model_predicted
1898,מתרחשת,happens (f.s.),B1,0.353,model_predicted
1899,סיף,sward / fencing,C1,0.421,model_predicted
1900,פירות,fruits,A1,0.794,model_predicted
1901,שאם,that if / that a mother,A1,0.795,model_predicted
1902,רעב,hunger / hungry (m.s.),B1,1.0,concordance
1903,שהן,that they (f.) / that are (f.pl.),A1,0.795,model_predicted
1904,הקברות,the cemetery,B2,0.336,model_predicted
1905,קבלת,reception of / acceptance of,B1,0.475,model_predicted
1906,השלום,the peace,B2,0.324,model_predicted
1907,במחצית,at a half / at a middle / at the half / at the middle,A1,0.445,model_predicted
1908,נפלה,fell (f.s.),A2,0.438,model_predicted
1909,שלח,sent (m.s.),A2,0.421,model_predicted
1910,השחור,the black (m.s.),A1,0.766,model_predicted
1911,שלם,whole / complete // pay (m.s. imperative),A2,0.492,model_predicted
1912,שהגיע,that/who arrived (m.s.),A1,1.0,concordance
1913,פרשת,the affair of / the chapter of / the portion of,B2,1.0,concordance
1914,ניתוח,surgery,B1,0.484,model_predicted
1915,שיא,top / peak,A2,0.503,model_predicted
1916,בכמה,in how many / in how much / in some,A1,0.725,model_predicted
1917,בגובה,at a height / at the height,A2,0.412,model_predicted
1918,טבע,nature,B1,0.372,model_predicted
1919,מימי,from the days of,A1,0.672,model_predicted
1920,מקומיים,local (m.pl.),A2,0.407,model_predicted
1921,מבוסס,well established / well based (m.s.),A1,0.773,model_predicted
1922,ישירה,direct (f.s.),B1,0.342,model_predicted
1923,התנועות,the movements / the motions,B1,0.461,model_predicted
1924,מלח,salt / sailor,A2,0.394,model_predicted
1925,סיוע,assistance / aid,B1,0.358,model_predicted
1926,האיחוד,the union,B1,1.0,concordance
1927,לצבא,to/for an army / to/for the army,A2,0.361,model_predicted
1928,חופשי,free,A1,0.674,model_predicted
1929,ירי,shooting / fire,B1,0.393,model_predicted
1930,התושבים,the residents,C1,0.443,model_predicted
1931,ביצורים,fortifications / with/in creatures / with/in the creatures,C1,0.546,model_predicted
1932,שימשה,was used for (f.s.),A2,0.447,model_predicted
1933,לספירה,for a count / for the count / A.D.,A1,0.485,model_predicted
1934,הלאומית,the national (f.s.),A2,1.0,concordance
1935,נערכו,prepared / made arrangements / were held / were edited (pl.),B1,0.434,model_predicted
1936,ההשפעה,the effect / the influence,B2,0.374,model_predicted
1937,תורת,Torah of / theory of,B2,0.349,model_predicted
1938,ובשנת,and in the year [X],A1,0.821,model_predicted
1939,משחקי,games of / my game / my play,A1,0.645,model_predicted
1940,ישנן,there are (f.),A1,0.782,model_predicted
1941,פצצות,bombs,B2,0.364,model_predicted
1942,עיריית,municipality of,C1,0.289,model_predicted
1943,חקר,investigated / researched / inquired (m.s.) / study of / research of,B2,0.403,model_predicted
1944,זהה,identical,B2,0.275,model_predicted
1945,נפוץ,common (m.s.),B1,0.428,model_predicted
1946,נהוג,customary / conventional / driven (m.s.),C1,0.379,model_predicted
1947,הקוטב,the pole,A2,0.291,model_predicted
1948,שאתה,that you (m.s.),A1,0.795,model_predicted
1949,הכרוב,the cabbage / the angel,A2,0.353,model_predicted
1950,ירד,went down / came down / descended / decreased (m.s.),A1,0.701,model_predicted
1951,קדימה,forward,B1,0.352,model_predicted
1952,מבית,from the house of / from the home of / from a house / from inside,A1,0.672,model_predicted
1953,ואפילו,and even / and although,A2,0.407,model_predicted
1954,למוות,[to] death / [to the] death,B1,0.401,model_predicted
1955,שבע,seven / satisfied / full (not hungry) (m.s.),A1,0.734,model_predicted
1956,עמוד,page / pillar,A1,0.767,model_predicted
1957,עובר,passes / crosses / goes through (m.s.) / embryo / fetus,A2,0.518,model_predicted
1958,לשלוח,to send,A1,0.435,model_predicted
1959,האמת,the truth,B1,0.364,model_predicted
1960,בקיץ,in the summer,A1,0.8,model_predicted
1961,הלב,the heart,A1,0.421,model_predicted
1962,מצאו,found (pl),A1,0.403,model_predicted
1963,קשות,difficult / hard (f.pl.),A2,0.394,model_predicted
1964,השערים,the gates,A2,0.42,model_predicted
1965,באליפות,in the championship / in a championship,B2,0.341,model_predicted
1966,בצבא,in an army / in the army,A2,0.361,model_predicted
1967,להגנה,for defense / for protection / for the defense / for the protection,B2,0.371,model_predicted
1968,פרץ,broke into / broke out / burst (m.s.),B1,0.341,model_predicted
1969,אישית,personal (f.s.) / private (f.s.) / in person,A1,1.0,concordance
1970,השתתפו,participated (pl.),C1,0.342,model_predicted
1971,הכריז,proclaimed / announced / declared (m.s.),C1,0.587,model_predicted
1972,יחס,relation / ratio / attitude,B2,0.387,model_predicted
1973,לשחקן,to/for the player / to/for the actor / to/for a player / to/for an actor,A1,0.502,model_predicted
1974,הנוף,the view / the landscape / the boughs of a tree,A2,0.345,model_predicted
1975,הנוער,the youth,A1,0.591,model_predicted
1976,בדיקה,examination,B2,0.393,model_predicted
1977,הפדרלי,the federal (m.s.),B2,0.42,model_predicted
1978,הקבוצות,the groups,A1,0.462,model_predicted
1979,נבנתה,was built (f.),A2,0.447,model_predicted
1980,ישיר,direct / will sing (m.s.),B1,0.342,model_predicted
1981,קצרה,short (f.s.),A1,0.784,model_predicted
1982,מיוחדות,special (f.pl.),A2,0.465,model_predicted
1983,מסורת,tradition,B1,0.362,model_predicted
1984,מודרנית,modern (f.s.),A2,0.417,model_predicted
1985,פלוגות,companies (mil.),A2,0.465,model_predicted
1986,איסור,prohibition / ban,C1,0.624,model_predicted
1987,יוצרים,creators / artists / makers (m.),C1,0.422,model_predicted
1988,תופעות,phenomena,C1,0.529,model_predicted
1989,בשדרה,in the boulevard / in a boulevard,A2,0.372,model_predicted
1990,בנחל,in a stream / in the stream,B1,0.319,model_predicted
1991,הפילוסופיה,the philosophy,C1,0.588,model_predicted
1992,האנרגיה,the energy,B1,0.366,model_predicted
1993,אנאבוליים,anabolic (pl.),C1,0.457,model_predicted
1994,אבידות,losses / something which is lost (pl),C1,0.34,model_predicted
1995,אנכי,I / me / myself / selfish / vertical,A2,0.458,model_predicted
1996,הרחק,far away,A1,0.38,model_predicted
1997,האביב,the spring,A1,0.432,model_predicted
1998,המטה,the stick / the wand / the headquarters,B1,0.416,model_predicted
1999,לגובה,up / to a hight / to a hight of,B1,0.33,model_predicted
2000,הראש,the head / the leader,A1,0.517,model_predicted
2001,מועד,time / holiday / prone to (m.s.),A1,0.757,model_predicted
2002,לפנות,to evacuate,C1,0.458,model_predicted
2003,עליהן,on them / about them / on them (f.),A1,0.744,model_predicted
2004,לעזוב,to leave,A1,0.682,model_predicted
2005,ידועה,known (f.s.),A1,0.636,model_predicted
2006,להסביר,to explain,A1,0.366,model_predicted
2007,תלוי,depending on / depends (m.s.) / hung,C1,0.52,model_predicted
2008,חייהם,their lives,A1,0.667,model_predicted
2009,הסתיים,ended (m.s.),B1,0.44,model_predicted
2010,ברוח,in the wind / with the spirit / in a wind / with a spirit,A1,1.0,concordance
2011,הודות,thanks to,A1,0.705,model_predicted
2012,החלק,the part / the smooth / the slippery (m.s.),A1,0.578,model_predicted
2013,ההחלטה,the decision,B1,0.41,model_predicted
2014,בתים,houses,A1,0.817,model_predicted
2015,נרחב,wide / broad (m.s.),B1,0.345,model_predicted
2016,קרבות,battles / getting close / approach (f.pl.),B2,0.382,model_predicted
2017,פרטי,private (m.s.),B1,0.324,model_predicted
2018,אזרחות,citizenship / nationality,C1,0.399,model_predicted
2019,אזרח,citizen (m.s.),B2,0.33,model_predicted
2020,חסרת,lacking (f.s.),C1,0.465,model_predicted
2021,כוחו,his power / his force / his strength / the power of / the force of / the strength of,A1,0.788,model_predicted
2022,השפעת,the influence of / the affect of / the flu,C1,0.52,model_predicted
2023,הדמות,the image / the figure / the shape / the character,A1,0.653,model_predicted
2024,בולט,protruding / stands out (m.s.),A2,1.0,concordance
2025,רימונים,pomegranates / grenades,C1,0.414,model_predicted
2026,בירת,the capital of,A2,0.477,model_predicted
2027,מאנשי,from the people of / of the people of,A1,0.672,model_predicted
2028,הנוצרית,the Christian (f.s.),B1,0.29,model_predicted
2029,גרסה,version,B2,1.0,concordance
2030,בסדרת,in a series of / in the series of,A2,0.456,model_predicted
2031,דוגמת,sample of / pattern of,B2,0.375,model_predicted
2032,מבוססת,well established / well based (f.s.),A1,0.773,model_predicted
2033,למעט,except / to/for a little / to/for the few,A2,0.443,model_predicted
2034,אישור,approval / confirmation,C1,0.406,model_predicted
2035,אוצר,treasure,B2,0.282,model_predicted
2036,המוסלמים,the Muslims,A2,0.348,model_predicted
2037,נוצרים,Christian (m.pl.),B1,0.29,model_predicted
2038,ייצור,production,B2,0.371,model_predicted
2039,ערבים,evenings / sureties / Arabs,A1,0.84,model_predicted
2040,נעליים,shoes,A1,0.621,model_predicted
2041,הכלב,the dog,A1,0.705,model_predicted
2042,הצרצר,the cricket,A1,0.44,model_predicted
2043,הביתה,home,A1,0.832,model_predicted
2044,נורא,awful / terrible / very (m.s.),B1,0.375,model_predicted
2045,בוקר,morning / cowboy,A1,0.86,model_predicted
2046,ציפור,bird,A1,0.459,model_predicted
2047,קראו,read / called (pl.),A1,0.782,model_predicted
2048,הקטנים,the small / the little (m.pl.),A1,0.678,model_predicted
2049,שעבר,that passed / the last (m.s.),A1,0.795,model_predicted
2050,זוג,pair / couple,A1,0.456,model_predicted
2051,כשהם,when they,A1,0.801,model_predicted
2052,בחדר,in a room / in the room,A1,0.796,model_predicted
2053,ספק,supplier / doubt,B2,0.327,model_predicted
2054,וחצי,and half / and a half,A1,0.445,model_predicted
2055,ואלה,and these,A1,0.728,model_predicted
2056,פתיחת,opening of,A2,0.402,model_predicted
2057,פתוח,open (m.s.),A1,0.637,model_predicted
2058,עשו,did (pl.),A1,0.629,model_predicted
2059,חשש,worry / fear,A2,0.401,model_predicted
2060,אחראי,responsible / in charge (m.s.),B1,0.423,model_predicted
2061,השופט,the judge,B1,0.358,model_predicted
2062,השאלה,the question / landing,A1,0.719,model_predicted
2063,הבין,understood (m.s.),B1,0.326,model_predicted
2064,השואה,comparison / the holocaust,B2,0.348,model_predicted
2065,נפץ,explosion / detonator,B2,1.0,concordance
2066,משמר,guard / conserves (m.s.),B1,0.39,model_predicted
2067,ישירות,directly / directness / straightness,B2,0.371,model_predicted
2068,חשובה,important (f.s.),A1,0.32,model_predicted
2069,גברים,men,A1,0.579,model_predicted
2070,טענה,claimed / argued (f.s.) / claim / argue,C1,0.428,model_predicted
2071,נודע,known (m.s.) / became known,A1,0.636,model_predicted
2072,יסוד,foundation / basis,B2,1.0,concordance
2073,לאדם,to/for the man / to/for the person / to/for mankind / to/for a man / to/for a person,A1,1.0,concordance
2074,להשתתף,to participate,B1,0.355,model_predicted
2075,שערי,gates of / my hair,A2,0.42,model_predicted
2076,קבוע,constant / fixed / regular / permanent (m.s.),C1,0.396,model_predicted
2077,חג,holiday,A1,0.795,model_predicted
2078,הציבורי,the public (m.s.),B1,0.421,model_predicted
2079,הסיבה,the reason,A1,0.443,model_predicted
2080,ספורטאים,athletes,A2,0.55,model_predicted
2081,אויב,enemy,C1,0.411,model_predicted
2082,ואנשי,and the people of,A1,0.75,model_predicted
2083,הצפונית,the northern (f.s.),B1,0.355,model_predicted
2084,ההתנגדות,the resistance / the objection,C1,0.5,model_predicted
2085,שכלל,that included (m.s.) / that a rule / that [not X] at all,A1,1.0,concordance
2086,בספרות,in literature / in hairdressing,B1,0.327,model_predicted
2087,המערבית,the western (f.s.),A2,0.506,model_predicted
2088,ביצוע,performance,B1,0.334,model_predicted
2089,הקודש,the holiness,C1,0.488,model_predicted
2090,עלייה,rise / increase / immigration,C1,0.382,model_predicted
2091,התפתחה,developed (f.s.),B2,0.344,model_predicted
2092,הקריירה,the career,B1,0.424,model_predicted
2093,המודרני,the modern (m.s.),A2,0.417,model_predicted
2094,הביטוי,the expression,B2,0.357,model_predicted
2095,אתרי,sites of,A1,0.525,model_predicted
2096,דגים,fish (pl.),A1,0.615,model_predicted
2097,בשום,in no,B2,0.277,model_predicted
2098,לספר,to tell / to cut (hair) / [to] a book / [to] the book,A1,0.768,model_predicted
2099,מגיעים,arrive / deserve (m.pl.),B1,0.39,model_predicted
2100,גבר,man / overcame / defeated (m.s.),A1,1.0,concordance
2101,לעזור,to help / to assist,A1,0.757,model_predicted
2102,קם,stood up / woke up (m.s.),B1,0.399,model_predicted
2103,לחפש,to search,A2,0.434,model_predicted
2104,הבאה,the next / the person who is coming (f.s.),A1,1.0,concordance
2105,בחזרה,back / at the rehearsal,A1,0.553,model_predicted
2106,נכנס,entered (m.s.),B2,0.349,model_predicted
2107,חשבון,arithmetic / account / bill,C1,0.415,model_predicted
2108,כתבי,the works of,A1,0.697,model_predicted
2109,כותב,write (m.s.),A1,0.764,model_predicted
2110,גורל,fate / destiny,C1,0.403,model_predicted
2111,מצליח,succeed / successful (m.s.),B1,0.39,model_predicted
2112,עונת,season of,A1,0.494,model_predicted
2113,אימה,fear / terror,B2,1.0,concordance
2114,התקשורת,the communication / the media,B1,1.0,concordance
2115,בתגובה,in response,B1,0.451,model_predicted
2116,ממשיך,continue (m.s.),B1,0.378,model_predicted
2117,האפשרות,the possibility / the option,B1,1.0,concordance
2118,סיים,finished (m.s.),A1,0.503,model_predicted
2119,נרצחו,were murdered,A1,0.62,model_predicted
2120,מעשי,practical (m.s.),B1,0.382,model_predicted
2121,ובעלי,and my husband / and the owners of,A1,0.665,model_predicted
2122,כושר,fitness / capability,B1,1.0,concordance
2123,העביר,passed / transferred (m.s.),A2,0.41,model_predicted
2124,המולדת,the homeland,C1,0.392,model_predicted
2125,קיסר,Caesar,C1,0.428,model_predicted
2126,בכיכר,at a square / in a loaf / at the square / in the loaf,A2,0.351,model_predicted
2127,במחלוקת,in dispute / in the dispute,B2,0.413,model_predicted
2128,תושבים,residents,C1,0.443,model_predicted
2129,אמצעים,means,A2,0.331,model_predicted
2130,אירועי,events of,B1,0.505,model_predicted
2131,התנאים,the conditions / the provisions,B2,0.331,model_predicted
2132,התקיימו,existed / took place / were held (pl.),C1,0.498,model_predicted
2133,פלוגת,company of (mil.),A2,0.465,model_predicted
2134,יוצאי,veterans of / originated from (m.pl.),B2,0.338,model_predicted
2135,להפיק,to produce,A2,0.331,model_predicted
2136,השירה,the singing / the poetry / dropped / shed (f.s.),A2,0.348,model_predicted
2137,הבנייה,the building (v.),A1,0.534,model_predicted
2138,החמצן,the oxygen,B2,0.355,model_predicted
2139,קת,handle / shaft,B1,0.497,model_predicted
2140,המרתון,the marathon,B2,1.0,concordance
2141,השריקה,the whistle,B2,0.32,model_predicted
2142,השיבה,replied / returned (f.s.),A1,0.338,model_predicted
2143,נדמה,apparently,B2,0.349,model_predicted
2144,החלון,the window,A1,0.772,model_predicted
2145,לו,if (wishing),B1,0.343,model_predicted
2146,לשים,to place / to put / knead (m.pl.),A1,0.561,model_predicted
2147,החדר,the room / insert / penetrate (m.s. imperative),A1,0.796,model_predicted
2148,פרחים,flowers,A1,0.649,model_predicted
2149,יודעים,know (m.pl.),A1,0.789,model_predicted
2150,שאף,aspired / inhaled (m.s.),C1,0.597,model_predicted
2151,למחצה,half-,A1,0.445,model_predicted
2152,לפעמים,sometimes,A1,0.451,model_predicted
2153,התברר,became clear,B1,0.362,model_predicted
2154,להוציא,to take out / to spend / to publish / excluding,A1,0.488,model_predicted
2155,להחזיק,to hold,B1,0.412,model_predicted
2156,אפשרי,possible (m.s. adj.),A2,0.409,model_predicted
2157,במחנה,at a camp / in a group / at the camp / in the group,A2,0.353,model_predicted
2158,בתא,in the cell / in the chamber / in a cell / in a chamber,A1,0.391,model_predicted
2159,בסדר,ok / well,A1,0.773,model_predicted
2160,בנה,built (m.s.),A2,0.434,model_predicted
2161,למחרת,the next day,A1,0.656,model_predicted
2162,למצב,to a state / to a situation / to the state / to the situation,B1,1.0,concordance
2163,לסוף,to the end,A1,0.621,model_predicted
2164,ארוכים,long (m.pl.),A1,0.78,model_predicted
2165,דמוי,-like / -form (m.s.),A1,0.662,model_predicted
2166,שחקן,player / actor,A1,0.502,model_predicted
2167,פרסום,publication / advertisement / fame,B2,0.393,model_predicted
2168,לקו,to/for a line / to/for the line,A1,0.553,model_predicted
2169,המוח,the brain,A1,0.409,model_predicted
2170,הקודם,the former / the previous (m.s.),B1,0.356,model_predicted
2171,נפגש,met (m.s.),A2,0.286,model_predicted
2172,שנועדו,that are/were intended for / that are/were destined for / that conferred (pl.),A1,0.795,model_predicted
2173,השיטה,the method,B1,0.354,model_predicted
2174,הרבייה,the reproductiveness,C1,0.52,model_predicted
2175,הצטרפו,joined (pl.),B2,0.395,model_predicted
2176,בייחוד,especially,A2,0.417,model_predicted
2177,מבצר,fort,B1,0.314,model_predicted
2178,והייתה,and was (f.s.),A2,0.447,model_predicted
2179,הובילה,led / transported (f.s.),A2,0.357,model_predicted
2180,כאל,as a god / as to / as the god,A2,0.421,model_predicted
2181,מפלגת,party of (political),A1,1.0,concordance
2182,הועברו,were passed / were transferred,A1,0.62,model_predicted
2183,בתנאי,on the condition / provided that / under the conditions of / under the provisions of,B2,0.331,model_predicted
2184,עולמית,global / universal (f.s.),B2,1.0,concordance
2185,נטל,took (m.s.),A1,0.35,model_predicted
2186,המחתרת,the underground,B2,0.335,model_predicted
2187,נפרד,separated / individual (m.s.),C1,0.399,model_predicted
2188,שיצר,that/who created / that/who made (m.s.),A1,1.0,concordance
2189,הסנדק,the godfather,C1,0.487,model_predicted
2190,הפירמידות,the pyramids,C1,0.312,model_predicted
2191,הרומח,the spear,B2,0.361,model_predicted
2192,רבייה,reproductiveness,C1,0.52,model_predicted
2193,דעתי,my opinion,B1,0.38,model_predicted
2194,הערב,the evening / tonight / this evening / the surety / the pleasant / the delicious,A1,0.84,model_predicted
2195,רצון,will / desire,A1,0.714,model_predicted
2196,לשיר,to sing,A1,0.561,model_predicted
2197,דברי,the words of / the things of / my words / my things,A1,0.796,model_predicted
2198,מסביב,around,A2,0.358,model_predicted
2199,למי,to whom,A1,0.581,model_predicted
2200,מנה,counted / included (m.s.) / portion,B2,1.0,concordance
2201,לבנה,white (f.s.) / brick,A1,0.831,model_predicted
2202,בשעות,in the hours / in hours / in the hours of,A1,0.786,model_predicted
2203,קנה,bought / barrel / shaft / trachea,A1,0.676,model_predicted
2204,כזו,like this (f.),A1,0.662,model_predicted
2205,הקודמת,the former / the previous (f.s.),B1,0.356,model_predicted
2206,תלויה,hung / depending on (f.s.),B1,0.476,model_predicted
2207,נפלו,fell (pl.),A2,0.438,model_predicted
2208,מלון,hotel / melon,A1,1.0,concordance
2209,שלהן,theirs (f),A1,0.709,model_predicted
2210,חלב,milk (n.) / milked (m.s.) / tallow,A1,0.842,model_predicted
2211,הענק,give (m.s. imperative),A1,0.47,model_predicted
2212,ההצבעה,the vote / the voting,A1,0.59,model_predicted
2213,גזע,trunk / race / stem,A2,0.454,model_predicted
2214,באש,in fire / in the fire,A1,0.464,model_predicted
2215,לתקוף,to attack,B1,0.362,model_predicted
2216,לעסוק,to deal with / to engage in / to work in,A1,0.542,model_predicted
2217,לכאורה,apparently / allegedly,B2,0.349,model_predicted
2218,ובה,and in her / and in it,A1,0.819,model_predicted
2219,שפעלו,that/who acted / that/who operated (pl.),A1,1.0,concordance
2220,שנותרו,that/who were left (pl.),A1,1.0,concordance
2221,פעמיים,twice,A2,0.436,model_predicted
2222,המעבר,the pass / the transfer / the transition,B1,0.305,model_predicted
2223,הקבר,the grave,B2,1.0,concordance
2224,הזוג,the pair / the couple,A1,0.456,model_predicted
2225,הסופר,the author / who counts,A1,1.0,concordance
2226,דגן,grain,A2,0.506,model_predicted
2227,בפרט,especially / particularly,A2,0.417,model_predicted
2228,בבניית,in the building of,A1,0.534,model_predicted
2229,צבע,color,A1,0.742,model_predicted
2230,התקפה,attack,B1,0.362,model_predicted
2231,מקדש,temple / shrine,A2,0.308,model_predicted
2232,שפת,language of / lip of / edge of,A1,0.751,model_predicted
2233,האמונה,the faith / the belief,B2,0.402,model_predicted
2234,החינוך,the education,B1,0.297,model_predicted
2235,עבודות,works,A1,0.697,model_predicted
2236,נפוצה,common (f.s.),B1,0.428,model_predicted
2237,מחלות,illnesses / diseases,B1,0.392,model_predicted
2238,חברתית,social (f.s.),B1,0.355,model_predicted
2239,תחום,field / area / range,A2,0.409,model_predicted
2240,במבנה,in a building / in a construction / in the building / in the construction,A1,0.534,model_predicted
2241,בקבוצה,in a group,A1,0.462,model_predicted
2242,בפרק,in chapter / in a chapter / in a period / in the chapter,A1,0.464,model_predicted
2243,אלמוגים,corals,B1,0.338,model_predicted
2244,אלוהים,god,A2,0.421,model_predicted
2245,איתו,with him,A1,0.565,model_predicted
2246,תכף,immediately / shortly,B1,0.367,model_predicted
2247,הקרמת,crusting of,C1,0.425,model_predicted
2248,זחל,caterpillar / army vehicle,C1,0.448,model_predicted
2249,זקן,old (m.s.),A1,0.717,model_predicted
2250,קן,nest,B2,0.296,model_predicted
2251,קץ,end / termination / ruin / was fed up with,A1,0.621,model_predicted
2252,ומה,and what,A1,0.776,model_predicted
2253,ואחרי,and after,A1,0.511,model_predicted
2254,הבריאות,the health,A1,0.511,model_predicted
2255,עושים,do (m.pl.),B2,0.304,model_predicted
2256,שמע,heard (m.s.),A1,0.599,model_predicted
2257,מקומו,his place,A1,0.788,model_predicted
2258,לטפל,to treat,B1,0.38,model_predicted
2259,דרכי,my way / through me,A1,0.731,model_predicted
2260,בהיר,bright / fair,A2,0.411,model_predicted
2261,ארגוני,organizational,C1,0.43,model_predicted
2262,נפתח,opens / opened (m.s.),A1,0.637,model_predicted
2263,מתחיל,start (m.s.),A1,1.0,concordance
2264,מושג,concept / obtained / achieved (m.s.),B2,0.373,model_predicted
2265,מקבל,receives / accepts (m.s.),B2,0.364,model_predicted
2266,מקרים,cases / events / incidents,A2,0.367,model_predicted
2267,הזמנים,the times,A1,0.757,model_predicted
2268,מחוז,district,B1,0.324,model_predicted
2269,להימנע,to avoid,C1,0.327,model_predicted
2270,והחל,and starting / and started (m.s.),A1,0.538,model_predicted
2271,המספרים,the numbers / the narrators / the story tellers,A1,0.734,model_predicted
2272,בתום,at the end / upon completion,A1,0.621,model_predicted
2273,מיוחדים,special (m.pl.),A2,0.465,model_predicted
2274,לימים,subsequently,C1,0.416,model_predicted
2275,המפורסם,the famous (m.s.),A2,0.399,model_predicted
2276,התנהגות,behavior,B2,0.336,model_predicted
2277,הזרים,the foreign / the strangers (m.pl.),A2,0.465,model_predicted
2278,הגורם,the factor / the cause,C1,0.394,model_predicted
2279,גודל,size,A1,0.47,model_predicted
2280,בסביבות,around / in the area of,A2,0.358,model_predicted
2281,מצור,siege,C1,0.368,model_predicted
2282,מפלגות,parties (political),A1,1.0,concordance
2283,עבד,worked (m.s.),A1,0.462,model_predicted
2284,אנשיו,his people,A1,0.788,model_predicted
2285,בכלי,in an article / in a dish / in a vessel / with a tool / in the vessels of / with/in the tools of,A1,0.707,model_predicted
2286,הקרוי,that/who is called (m.s.),A1,1.0,concordance
2287,החברתי,the social (m.s.),B1,0.355,model_predicted
2288,משתמש,uses / user (m.s.),A1,0.786,model_predicted
2289,תחנות,stations,A1,1.0,concordance
2290,פעילותו,his activity,A1,0.788,model_predicted
2291,גטו,ghetto,C1,0.464,model_predicted
2292,למים,to/for water / to/for the water,A1,0.751,model_predicted
2293,להצביע,to vote / to raised a hand / to point at / to indicate,A1,1.0,concordance
2294,הבור,the hole / the pit / the ignorant / the fallow,A2,0.29,model_predicted
2295,אתרים,sites,A1,0.525,model_predicted
2296,האנדרטה,the monument,B1,1.0,concordance
2297,וכדומה,and so on / etc.,A2,0.393,model_predicted
2298,במחקר,in a research / in a study / in the research / in the study,B2,0.337,model_predicted
2299,החתול,the cat,A1,0.757,model_predicted
2300,שתן,urine,B2,0.378,model_predicted
2301,האיגרוף,the boxing,A2,0.386,model_predicted
2302,ביולוגיה,biology,B2,0.413,model_predicted
2303,הטרופי,the tropical (m.s.),B1,0.375,model_predicted
2304,המעלות,the advantages / the virtues / the stairs,C1,0.404,model_predicted
2305,בעצמי,by myself / personally,A2,0.458,model_predicted
2306,צעקה,shouted / yelled (f.s.) / shout / yell,B1,0.35,model_predicted
2307,איפה,where,A1,0.782,model_predicted
2308,ראיתי,I saw,A2,0.383,model_predicted
2309,אתמול,yesterday,A1,0.752,model_predicted
2310,רגלי,my leg / by foot / my legs,A1,0.752,model_predicted
2311,מקרה,case / event / incident / fortune / chance,B1,1.0,concordance
2312,מבקש,asking / asks / requesting / requests (m.s.),A1,0.669,model_predicted
2313,האפשר,is it possible,A2,0.409,model_predicted
2314,עומדת,stands / is about to / endures / succeeds / insists on (f.s.),A2,1.0,concordance
2315,נסע,drove / traveled (m.s.),A1,0.673,model_predicted
2316,מעטים,little / few (m.pl.),A1,0.804,model_predicted
2317,השומר,the guard / that/who guards / that/who protects (m.s.),A1,1.0,concordance
2318,גרמו,caused (pl.),B1,0.503,model_predicted
2319,שקיבל,that/who received / that/who accepted (m.s.),A1,1.0,concordance
2320,אסור,forbidden / imprisoned (m.s.),B1,0.373,model_predicted
2321,המידע,the information,A2,1.0,concordance
2322,הקהל,the public / the crowd / the audience,B1,0.421,model_predicted
2323,בענף,[in] a branch / in a field / [in] the branch / in the field,B2,0.299,model_predicted
2324,מלחמות,wars,A2,1.0,concordance
2325,לוחם,warrior (m.s.),B2,0.361,model_predicted
2326,ערכו,its/his value / edited / arranged / held (pl.),A1,0.823,model_predicted
2327,אזורי,regional,B2,0.304,model_predicted
2328,הלשון,the tongue / the language,A1,0.334,model_predicted
2329,הקשת,the arch / the bow / the rainbow,C1,0.452,model_predicted
2330,הטענה,the claim / the argument,B1,1.0,concordance
2331,הסדר,the order,A2,0.498,model_predicted
2332,בשדה,in the field / in a field,A2,0.409,model_predicted
2333,בעיה,problem,A1,1.0,concordance
2334,סלע,rock,A2,0.48,model_predicted
2335,המבצר,the fort,B1,0.314,model_predicted
2336,סבר,thought / assumed (m.s.),B1,0.345,model_predicted
2337,קצין,officer,A2,0.459,model_predicted
2338,היווה,was / constituted (m.),A2,0.447,model_predicted
2339,בחירות,elections / selections,B1,0.255,model_predicted
2340,נוצרה,was formed / was created (f.s.),A2,0.447,model_predicted
2341,מרחק,distance,A2,0.343,model_predicted
2342,פירוק,dismantling / decomposing / liquidating / unloading,C1,0.636,model_predicted
2343,המציאות,reality,C1,0.337,model_predicted
2344,מוסלמים,Muslims,A2,0.348,model_predicted
2345,משקל,weight / scale,A1,0.432,model_predicted
2346,המבנים,the buildings / the constructions,A1,0.534,model_predicted
2347,העובדים,the workers,A2,0.584,model_predicted
2348,מימן,financed / hydrogen,C1,0.489,model_predicted
2349,מסלול,course / path / track,A1,0.575,model_predicted
2350,פיתח,developed,B2,0.344,model_predicted
2351,התחרות,the competition,B1,0.384,model_predicted
2352,בנוכחות,in the presence,C1,0.427,model_predicted
2353,תהליכים,processes,B1,0.391,model_predicted
2354,חלבונים,proteins,C1,1.0,concordance
2355,ישבתי,I sat (pl.),A1,0.746,model_predicted
2356,הכנימה,the aphid,C1,0.477,model_predicted
2357,הבקר,the cattle / the controller / the morning / this morning / the cowboy,A1,0.584,model_predicted
2358,לשבת,to sit,A1,0.79,model_predicted
2359,צריכים,need (m.pl.),A1,0.739,model_predicted
2360,מתים,dead (m.pl.),A1,0.494,model_predicted
2361,מכתב,letter,A1,0.786,model_predicted
2362,טובים,good (m.pl.),A1,0.76,model_predicted
2363,מתאים,suitable / appropriate / applicable / identical (m.s.),C1,0.375,model_predicted
2364,שרק,whistled (m.s.) / I wish,B2,0.372,model_predicted
2365,ראשו,his head,A1,0.788,model_predicted
2366,מתחילה,start (f.s.),A1,1.0,concordance
2367,הישן,the old (m.s.) / the sleeping (m.s.),A1,0.717,model_predicted
2368,שחקני,the players of / the actors of,A1,0.502,model_predicted
2369,עזר,helped / assisted (m.s.) / aid / auxiliary,A1,0.551,model_predicted
2370,כיס,pocket,A1,0.439,model_predicted
2371,היסוד,the foundation,C1,0.43,model_predicted
2372,מסר,gave / delivered (m.s.) / message,A1,0.369,model_predicted
2373,לעבוד,to work / to worship,A1,0.697,model_predicted
2374,לעצור,to stop / to arrest,A2,0.323,model_predicted
2375,והדבר,and the thing / and the object / and the matter / and the item / and the plague,A1,0.733,model_predicted
2376,שרידי,remnants of / survivors of,C1,0.539,model_predicted
2377,התורה,the Torah / the theory,B2,0.349,model_predicted
2378,הנמצא,that is found / that is [at] (m.s.),A1,0.795,model_predicted
2379,בחצר,in a yard / in the yard,A2,0.453,model_predicted
2380,לייצר,to produce,A2,0.331,model_predicted
2381,להחזיר,to return [something],B1,0.41,model_predicted
2382,תקשורת,communication / media,B1,1.0,concordance
2383,התקבל,was accepted (m.s.),A2,0.447,model_predicted
2384,הופך,inverts / converts / turns / becomes / transforms (m.s.),C1,0.583,model_predicted
2385,בדיקת,examination of / test of,B2,0.393,model_predicted
2386,רעיונות,ideas,A2,0.41,model_predicted
2387,מתוכם,out of them / from them,A1,0.469,model_predicted
2388,מוגבל,limited / restricted (m.s.),C1,0.399,model_predicted
2389,מזרחה,to the east,A2,0.547,model_predicted
2390,לח,humid,B1,0.387,model_predicted
2391,שירי,my song / my poem,A1,0.746,model_predicted
2392,שווה,equals (m.s.) / equal / identical / equals (f.s.),A2,0.353,model_predicted
2393,פעולת,action of / operation of,B1,0.468,model_predicted
2394,הדור,elegant / the generation,B1,1.0,concordance
2395,גיר,chalk / lime,B1,0.301,model_predicted
2396,במאבק,in a struggle / in a fight / in a conflict / in the struggle / in the fight / in the conflict,B2,0.423,model_predicted
2397,בתנאים,under conditions / under the conditions,A2,0.429,model_predicted
2398,בהקשר,in a context / in the context,C1,0.432,model_predicted
2399,נכשל,failed (m.s.),B1,0.393,model_predicted
2400,המפלגות,the parties (political),A1,1.0,concordance
2401,ששימשו,that were used [for],A1,0.795,model_predicted
2402,לצורכי,for the purpose of,B2,0.417,model_predicted
2403,המבוסס,the well established / the well based / that is based [on] (m.s.),A1,0.773,model_predicted
2404,הקולות,the voices / the sounds,A1,0.495,model_predicted
2405,מורשת,legacy / inheritance,C1,0.635,model_predicted
2406,שנוצר,that was formed / that was created (m.s.),A1,0.795,model_predicted
2407,המוסלמי,the Muslim (m.s.),A2,0.348,model_predicted
2408,הרוב,the majority,C1,0.417,model_predicted
2409,דופן,wall / partition,A1,0.616,model_predicted
2410,הופיעה,appeared / performed (f.s.),B1,0.354,model_predicted
2411,השירים,the songs / the poems,A1,0.746,model_predicted
2412,הרכב,composition,C1,0.394,model_predicted
2413,רכבת,train / you rode,A1,0.675,model_predicted
2414,פתרון,solution,B1,0.302,model_predicted
2415,כוללים,include (m.pl.),A2,0.419,model_predicted
2416,ההעתקים,the copies,A2,0.409,model_predicted
2417,והלח,and the humid,B1,0.387,model_predicted
2418,צבי,deer,A2,0.349,model_predicted
2419,פסלים,statues / sculptures,B1,1.0,concordance
2420,הקלאסית,the classical (f.s.),B2,0.377,model_predicted
2421,אשרה,visa / permit,A2,0.371,model_predicted
2422,תרכובות,compounds / compositions,B2,0.426,model_predicted
2423,חומצות,acids,A2,0.351,model_predicted
2424,האדון,the mister / the master,B2,1.0,concordance
2425,לשמוע,to hear,A1,0.76,model_predicted
2426,נאה,handsome / nice (m.s.),A2,0.342,model_predicted
2427,הבר,the wild / the son / the bar,A1,1.0,concordance
2428,רוצים,want (m.pl.),A1,0.797,model_predicted
2429,תועלת,benefit / utility,C1,0.36,model_predicted
2430,קרה,happened / occurred / cold (f.s.) / frost,B2,1.0,concordance
2431,הקיר,the wall,A1,0.616,model_predicted
2432,עלינו,on us / about us,A1,0.639,model_predicted
2433,כאלו,like these / like those / such,A1,0.662,model_predicted
2434,היינו,we were,A1,0.62,model_predicted
2435,הספרים,the books,A1,0.781,model_predicted
2436,בשעת,in the hour of / at a time of / at the time of,A1,0.786,model_predicted
2437,לשלם,to pay,A2,0.451,model_predicted
2438,שבוע,week,A1,0.777,model_predicted
2439,בקצה,at the tip / at the end / at a tip / at an end / at the tip of / at the end of,A2,0.404,model_predicted
2440,בחורף,in a winter / in the winter,A1,1.0,concordance
2441,ידעו,knew (pl.),A1,0.632,model_predicted
2442,להתקיים,to exist / to take place,B2,0.336,model_predicted
2443,החצר,the yard,A2,0.453,model_predicted
2444,מידי,from,A1,0.672,model_predicted
2445,מקומי,local (m.s.),A2,0.407,model_predicted
2446,שחקנים,players / actors,A1,0.502,model_predicted
2447,פרש,retired (m.s.) / rider (horse) / cavalier / explained / interpreted (m.s.),B1,0.327,model_predicted
2448,הקול,the voice / the sound,A1,0.495,model_predicted
2449,האמיתי,the real (m.s.),A2,0.384,model_predicted
2450,הסכסוך,the conflict,B2,0.394,model_predicted
2451,בעיתון,in a newspaper / in the newspaper,A1,0.723,model_predicted
2452,ואל,and to / and a god / and don't,A2,0.421,model_predicted
2453,ובהמשך,and later,A1,0.689,model_predicted
2454,התהליך,the process,B1,0.391,model_predicted
2455,הפרטים,the details / the individuals,A2,1.0,concordance
2456,האצבעות,the fingers,A2,1.0,concordance
2457,דן,discussed / judged (m.s.),B2,0.395,model_predicted
2458,במסע,on a journey / on the journey,A2,0.359,model_predicted
2459,בקו,[in] a line / [in] the line,A1,0.553,model_predicted
2460,מטרות,goals / targets,A2,0.524,model_predicted
2461,מצוק,cliff,B1,1.0,concordance
2462,יתרון,advantage,C1,0.404,model_predicted
2463,ובהן,and in them (f.),A1,0.744,model_predicted
2464,שמאל,left,A1,0.619,model_predicted
2465,ששימש,that was used [for] (m.s.),A1,0.795,model_predicted
2466,אישי,personal (m.) / private (m.) / my man / my husband,A1,1.0,concordance
2467,בשירה,[in] singing / in poetry / in the singing / in the poetry,A2,0.348,model_predicted
2468,בחייו,in his life,A1,0.788,model_predicted
2469,בהנהגת,led by,A2,0.357,model_predicted
2470,ציד,hunt,A2,0.311,model_predicted
2471,האונייה,the ship,A2,0.431,model_predicted
2472,סמכות,authority,C1,0.488,model_predicted
2473,שכללה,that included (f.s.),A1,0.795,model_predicted
2474,תעלת,channel of / canal of / trench of,B1,1.0,concordance
2475,שריון,armor,B2,0.317,model_predicted
2476,צבאיים,military (m.pl.),B1,0.328,model_predicted
2477,התנגדו,resisted / objected (pl.),C1,0.504,model_predicted
2478,הרקע,the background,A2,0.409,model_predicted
2479,העמים,the people / the nations (pl.),B2,1.0,concordance
2480,האוקיינוס,the ocean,A2,0.386,model_predicted
2481,באוויר,in the air / in air,A2,0.434,model_predicted
2482,וחלק,and part / and smooth / and slippery (m.s.),A1,0.578,model_predicted
2483,חזית,front / frontier,B1,1.0,concordance
2484,הדעות,the opinions,B1,0.38,model_predicted
2485,הבינלאומית,the international (f.s.),B1,0.307,model_predicted
2486,הדתי,the religious (m.s.),B2,0.359,model_predicted
2487,תוכניות,programs / plans,A2,0.436,model_predicted
2488,בתוכנית,in a program / in a plan / in the program / in the plan,A2,0.436,model_predicted
2489,מוקשים,mines / traps,A1,0.773,model_predicted
2490,מוצרי,products of,A2,0.555,model_predicted
2491,חוקרים,investigators / researchers / investigate / research / inquire (m.pl.),C1,0.393,model_predicted
2492,הפסל,the statue / the sculpture / the sculptor,B1,1.0,concordance
2493,הנדסי,geometric / of engineering (m.s.),C1,0.542,model_predicted
2494,באותם,in the same / at the same (m.pl.),A1,0.685,model_predicted
2495,אגן,basin / pelvis / pan,C1,0.374,model_predicted
2496,התאוריה,the theory,C1,0.464,model_predicted
2497,בשלהי,at the end of,A1,0.621,model_predicted
2498,אוניברסיטת,university of,A1,0.572,model_predicted
2499,המדעי,the scientific,B2,0.413,model_predicted
2500,הורמון,hormone,B2,0.386,model_predicted
2501,בסמים,[in] drugs / [in] the drugs,A2,0.417,model_predicted
2502,השחפת,the tuberculosis,B2,0.34,model_predicted
2503,הרגשתי,I felt / I sensed,A2,0.327,model_predicted
2504,לישון,to sleep,A1,0.77,model_predicted
2505,הלכתי,I walked / I went,A1,0.81,model_predicted
2506,יכלה,could (f.s.),A1,0.424,model_predicted
2507,שמא,lest / perhaps,B1,0.382,model_predicted
2508,הציגה,introduced / displayed / presented / exhibited (f.s.),C1,0.373,model_predicted
2509,רחוק,far (m.s.),A1,0.38,model_predicted
2510,צעדים,steps,A2,0.422,model_predicted
2511,חבל,rope / it's a pity,B1,0.378,model_predicted
2512,קלה,easy / light weight (f.s.),A1,0.798,model_predicted
2513,השדה,the field,A2,0.409,model_predicted
2514,נראו,were seen / looked (pl.),A1,0.62,model_predicted
2515,החלטה,decision,B1,0.41,model_predicted
2516,דרכה,her way,A1,0.819,model_predicted
2517,מעץ,of wood / from a tree,A2,0.438,model_predicted
2518,מטה,down / stick / bed,A2,0.353,model_predicted
2519,לראש,to/for the head / to/for a head,A1,0.517,model_predicted
2520,הדיון,the discussion,A2,0.303,model_predicted
2521,הרשות,the permission / the authority,B1,0.367,model_predicted
2522,לחוק,to a law / to the law,A2,0.312,model_predicted
2523,התקבלה,was accepted (f.s.),A2,0.447,model_predicted
2524,התעופה,the aviation,A2,0.381,model_predicted
2525,סגן,deputy / vice,C1,0.318,model_predicted
2526,מפתח,key / develop (m.s.),A2,0.484,model_predicted
2527,מסיבות,for reasons / parties,A1,1.0,concordance
2528,עוסק,deals / engages / works (m.s.),A1,0.542,model_predicted
2529,עברי,Hebrew (adj.),A1,0.355,model_predicted
2530,האירועים,the events,B1,0.505,model_predicted
2531,הכיר,knew / recognized (m.s.),A1,0.632,model_predicted
2532,בניסיון,under trial / [in] experience / in an attempt,A2,0.429,model_predicted
2533,סכום,sum,B2,0.286,model_predicted
2534,משא,burden / load / negotiation,C1,0.569,model_predicted
2535,שילוב,combination,B2,0.4,model_predicted
2536,שאלת,question of / you asked (m.s.) / you asked (f.s.),A1,0.719,model_predicted
2537,עזב,left (m.s.),A1,0.619,model_predicted
2538,הועבר,was passed / was transferred (m.s.),A2,0.447,model_predicted
2539,הפיתוח,the development,C1,0.457,model_predicted
2540,החשוב,the important,A1,0.32,model_predicted
2541,במדינת,in the state of,A2,0.303,model_predicted
2542,בבניין,in a building / in the building [of] / in the building,A1,0.534,model_predicted
2543,דרומה,to the south,A1,0.501,model_predicted
2544,הקרבות,the battles / that/who are getting close / that/who approach (f.pl.),A1,1.0,concordance
2545,שטחים,areas / fields / territories,A2,0.507,model_predicted
2546,הלוחם,the warrior,B2,0.361,model_predicted
2547,חוקית,legal (f.s.) / legally,B2,1.0,concordance
2548,חברתי,social (m.s.) / my friend (f.s.),B1,0.355,model_predicted
2549,היריב,the rival / the opponent / the enemy (m.s.),C1,1.0,concordance
2550,מאבק,struggle / fight / conflict,B2,0.423,model_predicted
2551,דעות,opinions,B1,0.38,model_predicted
2552,הטוענים,who claim / that/who charge / that/who load (m.),A1,1.0,concordance
2553,רחבה,wide (f.s.) / square,B1,0.345,model_predicted
2554,נתפס,was/is caught / was/is perceived (m.s.),A2,0.447,model_predicted
2555,למד,studied / learned (m.s.) / teach (m.s. imperative) / learns (m.s.),B1,0.305,model_predicted
2556,הקומוניסטי,the communist (m.s.),C1,0.355,model_predicted
2557,בקשר,in connection / in relation / in contact / regarding,B1,0.373,model_predicted
2558,סמך,relayed / counted [on],C1,0.49,model_predicted
2559,נאמר,we will say / let us say / let us suppose,A1,0.714,model_predicted
2560,מחלוקת,disagreement,C1,0.41,model_predicted
2561,ומשם,and from there,A1,0.672,model_predicted
2562,עשויה,might / made of (f.s.),A1,0.454,model_predicted
2563,המקומית,the local (f.s.),A2,0.407,model_predicted
2564,השוליים,the margins / the edges / the fringe,C1,0.374,model_predicted
2565,הכלל,the rule / all,A1,1.0,concordance
2566,הטמפרטורה,the temperature,A1,0.647,model_predicted
2567,גיל,age / joy,A1,0.806,model_predicted
2568,בור,hole / pit / ignorant / fallow,A2,0.29,model_predicted
2569,בארגון,in an organization / in organizing / in the organization,C1,0.345,model_predicted
2570,ובית,and a house / and a home,A1,0.817,model_predicted
2571,קשרי,ties of / bonds of / links of / connections of,B1,1.0,concordance
2572,עתיד,future,B1,0.347,model_predicted
2573,במקור,[in] a source / by a beak / originally / by the beak,B2,0.329,model_predicted
2574,בדרכים,on the road,A1,0.753,model_predicted
2575,היקוות,collection (of liquid) / drainage,B1,0.3,model_predicted
2576,המוסד,the institute / the Mossad (the Israeli intelligence agency),C1,0.489,model_predicted
2577,זהות,identity,C1,0.458,model_predicted
2578,מציין,note / mark / indicate (m.s.),A2,0.469,model_predicted
2579,יוצר,creates (m.s.) / creator / artist / maker / was produced / was made,B2,0.344,model_predicted
2580,מאפשרת,enables / facilitates (f.s.),C1,0.524,model_predicted
2581,ירוק,green (m.s.),A1,0.688,model_predicted
2582,ובכל,and in all,A1,1.0,concordance
2583,הצהריים,noon,A1,0.729,model_predicted
2584,ישר,straight / honest (m.s.),B1,0.399,model_predicted
2585,פניו,his face,A1,0.788,model_predicted
2586,אישר,approved / confirmed (m.s.),C1,0.332,model_predicted
2587,מתו,died (pl.),A2,0.293,model_predicted
2588,לזמן,temporary (f.s.) / temporarily,C1,0.489,model_predicted
2589,הסביר,explained (m.s.) / the reasonable / the likely (m.s.),B1,0.326,model_predicted
2590,שעליו,on whom / on which / about whom / about which (m.s.),A1,0.581,model_predicted
2591,השער,the gate,A2,0.42,model_predicted
2592,הסמוך,the near / the confident (m.s.),A2,0.398,model_predicted
2593,ברציפות,continuously,C1,0.475,model_predicted
2594,לערוך,to edit / to arrange / to hold,B1,0.334,model_predicted
2595,הצד,the side,A2,0.47,model_predicted
2596,הסכים,agreed (m.s.),B1,0.376,model_predicted
2597,בלב,in a heart / in the heart,A1,0.421,model_predicted
2598,בפתח,at the beginning of / at a doorway / in an opening / at the door / in the opening,A2,0.375,model_predicted
2599,בצבע,in color / [in] the color,A1,0.742,model_predicted
2600,נדיר,rare (m.s.),B2,0.326,model_predicted
2601,לציבור,to the community of / to the public,B1,0.337,model_predicted
2602,הצדק,the justice,B2,0.415,model_predicted
2603,הנוכחי,the present / the current,A1,0.606,model_predicted
2604,בקלות,easily,A1,0.453,model_predicted
2605,רכב,rode (m.s.) / vehicle,A2,0.474,model_predicted
2606,מוחלט,decisive / definite / total (m.s.),B1,1.0,concordance
2607,לתקופה,to/for a period / to/for an era / to/for the period / to/for the era,A2,0.396,model_predicted
2608,לפתח,to develop,B2,0.349,model_predicted
2609,לרגל,to/for the leg / pilgrimage / to/for a leg / on the occasion of / because of / to spy,A1,0.752,model_predicted
2610,תמיכה,support,B1,0.368,model_predicted
2611,תמונה,picture,A1,0.772,model_predicted
2612,פרקים,chapters / joints,A1,0.464,model_predicted
2613,המטרה,the goal / the target,A2,0.524,model_predicted
2614,התגלו,were discovered,A1,0.62,model_predicted
2615,הנמצאים,that are found / that are [at] (m.pl.),A1,0.795,model_predicted
2616,גורמת,causes (f.s.),B1,0.442,model_predicted
2617,נותרה,was left (f.s.),A2,0.447,model_predicted
2618,צבאו,his army / crowded,A1,0.788,model_predicted
2619,החופשית,the free (f.pl.),A1,0.674,model_predicted
2620,שליטה,control,B1,1.0,concordance
2621,העברת,passing of / transfer of,B1,0.403,model_predicted
2622,חתם,signed (m.s.),B1,0.372,model_predicted
2623,עמדות,positions,B1,1.0,concordance
2624,ביטול,cancellation,C1,0.486,model_predicted
2625,תקף,attacked (m.s.) / valid (m.s.),B2,0.356,model_predicted
2626,האזרח,the citizen (m.s.),B2,0.33,model_predicted
2627,לספק,to supply / to provide,B1,0.361,model_predicted
2628,בפעולות,in actions,B1,0.468,model_predicted
2629,לקבוע,to determine / to set,B2,0.336,model_predicted
2630,שבט,tribe / the fifth month in the Jewish calendar,C1,0.418,model_predicted
2631,מופיעים,appear / perform (m.pl.),B1,0.455,model_predicted
2632,מפקדת,the headquarters of,B2,0.355,model_predicted
2633,זיהוי,identification,C1,0.583,model_predicted
2634,השתתף,participated (m.s.),C1,0.342,model_predicted
2635,בתפקיד,in a role of / in the role of,B1,0.431,model_predicted
2636,התיישבות,settlement,C1,0.501,model_predicted
2637,המרחק,the distance,A2,0.343,model_predicted
2638,קיום,existence / survival / holding of / fulfillment of,C1,0.55,model_predicted
2639,תחומים,fields / areas / ranges,A2,0.409,model_predicted
2640,הסגנון,the style / the manner,B1,0.385,model_predicted
2641,בפרס,[receive] an award / [win] a prize / [receive] the award / [win] the prize,B1,0.437,model_predicted
2642,החומרים,the materials,B1,0.363,model_predicted
2643,האדונים,the masters / Mr. (pl.),B2,1.0,concordance
2644,מחר,tomorrow,A1,0.797,model_predicted
2645,וכעת,and now,A1,0.694,model_predicted
2646,המלכות,the kingdom / the kingship / the queens,B2,0.311,model_predicted
2647,מפה,map,A2,0.521,model_predicted
2648,ודאי,certainly / of course / certain / undoubted,A2,0.412,model_predicted
2649,הכסף,the money,A1,0.704,model_predicted
2650,הפרחים,the flowers,A1,0.649,model_predicted
2651,לילדים,for children / for the children,A1,0.862,model_predicted
2652,הצהיר,stated / declared (m.s.),C1,0.457,model_predicted
2653,מחשבה,thought,B1,0.345,model_predicted
2654,לדבריו,according to him,B1,0.344,model_predicted
2655,בלא,without,A2,0.455,model_predicted
2656,כשהיא,when she,A1,0.801,model_predicted
2657,הולכת,walk / go (f.s.),A1,0.834,model_predicted
2658,הקטנה,the small / the little / reduction / minimizing (f.s.),A1,0.678,model_predicted
2659,מוזיקה,music,A1,0.736,model_predicted
2660,מכה,hit / stroke / blow,A2,0.406,model_predicted
2661,מביא,bring (m.s.),A1,0.722,model_predicted
2662,מנסה,try (m.s.),A1,0.679,model_predicted
2663,שאינה,that is not / that is not here (f.s.),A1,0.795,model_predicted
2664,התוצאה,the result / the outcome / the consequence,A2,0.36,model_predicted
2665,בפי,in my mouth / in the mouth of,A1,0.433,model_predicted
2666,לאתר,to a site / to the site / to locate,A1,0.525,model_predicted
2667,להישגים,to/for achievements,C1,0.467,model_predicted
2668,להרוג,to kill,B1,0.379,model_predicted
2669,אינסולין,insulin,B1,0.301,model_predicted
2670,אורח,guest / visitor / way / manner,A1,0.538,model_predicted
2671,בתו,his daughter,A1,0.788,model_predicted
2672,בשיטה,[by] the method / [by] a method,B1,0.354,model_predicted
2673,נטען,was loaded / was claimed / we will claim,A2,0.447,model_predicted
2674,מתקדמים,advance / advanced (m.pl.),C1,0.412,model_predicted
2675,מפעל,plant / factory,A1,0.424,model_predicted
2676,לאנשי,to the people of / for the people of,A1,0.75,model_predicted
2677,אמן,amen / artist / their mother (f.),A2,0.288,model_predicted
2678,כלשהי,any / of any kind (f.s.),A1,1.0,concordance
2679,התרחש,happened (m.s.),A1,0.438,model_predicted
2680,גדלים,growing (m.pl.) / sizes,B1,0.397,model_predicted
2681,סיבה,reason,A1,0.443,model_predicted
2682,הלאומנים,the nationalists,C1,0.601,model_predicted
2683,פלישה,invasion,B2,1.0,concordance
2684,בלחימה,in combat / in the combat,B2,0.404,model_predicted
2685,תוכניתו,his plan / his program / his layout,C1,1.0,concordance
2686,נעצרו,were stopped / were arrested,A1,0.62,model_predicted
2687,הוועדה,the committee / the commission,B1,0.258,model_predicted
2688,הסיבות,the reasons,A1,0.443,model_predicted
2689,איחוד,union,B1,1.0,concordance
2690,אוכלוסייה,population,B1,0.362,model_predicted
2691,מאמץ,effort,B1,0.367,model_predicted
2692,המלוכה,the kingdom / the kingship,B2,0.311,model_predicted
2693,המקומי,the local (m.s.),A2,0.407,model_predicted
2694,באזורי,in the areas of,A2,0.507,model_predicted
2695,גדודי,regimental / regiments of,C1,0.438,model_predicted
2696,במשקל,a weight of / by weight,A1,0.432,model_predicted
2697,חלקית,partially,C1,0.4,model_predicted
2698,האישי,the personal / the private (m.s.),A2,0.446,model_predicted
2699,החרב,the sword,B1,0.348,model_predicted
2700,בדמוקרטיה,in democracy / in the democracy,C1,0.516,model_predicted
2701,מחלת,disease of,B1,0.321,model_predicted
2702,מהתקופה,from the period / from the era,A1,0.672,model_predicted
2703,מנגנון,system / mechanism,B1,1.0,concordance
2704,לפעילות,to/for the activity / to/for an activity,B1,0.432,model_predicted
2705,ומאוחר,and late,A1,0.812,model_predicted
2706,שחמט,chess,A2,0.541,model_predicted
2707,אפקט,effect,B2,0.374,model_predicted
2708,הינם,they are / are (m.),A1,0.721,model_predicted
2709,השתמש,used (m.s.),A2,0.393,model_predicted
2710,הפילוסוף,the philosopher,C1,0.563,model_predicted
2711,ההיסטורי,the historical (m.s.),B1,0.346,model_predicted
2712,הדמויות,the shapes / the figures / the characters,B1,0.373,model_predicted
2713,רמות,heights / levels,A2,0.412,model_predicted
2714,ציורי,artistic / figurative,B1,0.434,model_predicted
2715,בדגל,[in] a flag / [in] the flag,A2,0.5,model_predicted
2716,הבימה,the stage,B1,0.447,model_predicted
2717,הציונות,Zionism,C1,0.534,model_predicted
2718,רשימה,list,A1,0.673,model_predicted
2719,להפקת,for the production of,B2,0.371,model_predicted
2720,אקלים,climate,B1,0.429,model_predicted
2721,האוניברסיטה,the university,A1,0.572,model_predicted
2722,מדעי,scientific,B2,0.413,model_predicted
2723,לימודיו,his studies,A1,0.788,model_predicted
2724,בתחרות,in competition / in the competition,B1,0.384,model_predicted
2725,ארסנל,arsenal,A2,0.352,model_predicted
2726,חן,grace / charm,C1,0.392,model_predicted
2727,והנה,and here is,A1,0.775,model_predicted
2728,חפץ,object / want (m.s.) / wanted (m.s.),A2,0.468,model_predicted
2729,רעה,bad (f.s.) / grazed (sheep) (m.s.),A1,1.0,concordance
2730,לבד,alone,A1,0.513,model_predicted
2731,כליל,totally / entirely / completely,A2,0.45,model_predicted
2732,משרה,job / position / marinade / inspires / induces / marinades (m.s.) / inspires / induces / marinades (f.s.),B1,1.0,concordance
2733,בתוכו,inside him/it,A1,0.547,model_predicted
2734,טעם,flavor / taste / reason / tasted (m.s.),B1,1.0,concordance
2735,הכהן,the priest / the Cohen,B2,0.325,model_predicted
2736,העלה,raised / increased / lifted / brought up (m.s.),B1,0.407,model_predicted
2737,נותן,gives (m.s.),A1,0.47,model_predicted
2738,ונראה,and it seems / and visible / and apparent / and we will see / and seemed / and was visible / and was apparent,A1,0.389,model_predicted
2739,החולה,the patient / the sick,B1,0.345,model_predicted
2740,הגברים,the men,A1,0.579,model_predicted
2741,לכבוד,for / in honor of / on the occasion of,B2,0.31,model_predicted
2742,עור,skin,A2,0.367,model_predicted
2743,מגרש,field / yard,A2,0.409,model_predicted
2744,לפתוח,to open,A1,0.637,model_predicted
2745,ואולם,but/ however / and a hall,A1,0.546,model_predicted
2746,הגשר,the bridge,A2,0.371,model_predicted
2747,רצח,murder / murdered (m.s.),B1,0.435,model_predicted
2748,שדות,fields,A2,0.409,model_predicted
2749,עזרה,help / assistance / aid,A1,0.757,model_predicted
2750,כהה,dark,A1,0.768,model_predicted
2751,הוציא,spent / took out / published (m.s.),A2,0.385,model_predicted
2752,הצמחים,the plants,A1,0.424,model_predicted
2753,הסמוכים,the near / the confident (m.pl.),A2,0.398,model_predicted
2754,דור,generation,B1,1.0,concordance
2755,נושאים,subjects / carriers / carry / marry (m.pl.),B1,0.354,model_predicted
2756,משרדי,my office / clerical / ministerial / the offices of / my offices,A1,0.707,model_predicted
2757,מחסור,shortage / lack / deficiency,C1,0.498,model_predicted
2758,מגלה,discovers (m.s.),C1,0.446,model_predicted
2759,קדם,old / ancient / east / preceded / pre-,A1,0.717,model_predicted
2760,אגם,lake,A1,0.636,model_predicted
2761,המשורר,the poet,A2,0.325,model_predicted
2762,השרירים,the muscles,A2,0.494,model_predicted
2763,העבר,the past / pass / transfer (m.s. impertaive),A2,0.413,model_predicted
2764,הרשמי,the official,B1,0.381,model_predicted
2765,בנשק,with weapon / with the weapon,A1,0.565,model_predicted
2766,צור,rock / cliff,B1,1.0,concordance
2767,נהג,driver / drove / used to (m.s.),A1,0.608,model_predicted
2768,נדרש,required,A2,0.375,model_predicted
2769,לניצחון,to/for a victory / to/for the victory,B1,0.321,model_predicted
2770,כבשו,occupied / conquered (pl.),C1,0.439,model_predicted
2771,קורבנות,victims,B2,0.336,model_predicted
2772,החומות,the walls,A1,0.616,model_predicted
2773,גנרל,general,B1,1.0,concordance
2774,בוצעו,were performed,A1,0.62,model_predicted
2775,מפקדי,the commanders of / the censuses of / the musters of,B2,0.369,model_predicted
2776,לכיבוש,to an occupation / to the occupation,C1,0.469,model_predicted
2777,תומכי,the supporters of,C1,0.439,model_predicted
2778,לשלוט,to rule / to control,B1,1.0,concordance
2779,למטרות,to/for goals / to/for targets / to/for the goals / to/for the targets / to/for the goals of / to/for the targets of,A2,0.524,model_predicted
2780,הכיכר,the square / the loaf,A2,0.351,model_predicted
2781,מתח,tension / suspense / voltage / trapeze / stretched (m.s.),B2,0.367,model_predicted
2782,חל,occurs,C1,0.409,model_predicted
2783,הקשרים,the ties / the bonds / the links / the connections / contexts,B1,1.0,concordance
2784,הכרזת,the proclamation of / the announcement of / the declaration of,C1,0.578,model_predicted
2785,מתקדם,advance / advanced (m.s.),C1,0.412,model_predicted
2786,מחבר,connects / links / author (m.s.) / connector / from a friend,B1,1.0,concordance
2787,לשינוי,to/for the change / to/for a change,A2,0.296,model_predicted
2788,לזהות,to identify,C1,0.353,model_predicted
2789,פסל,statue / sculpture / sculptor / rejected / disqualified (m.s.),B1,1.0,concordance
2790,המונח,the term / that is placed / that is laid / that is lying,A1,0.396,model_predicted
2791,המקובל,the accepted / the conventional / the popular (m.s.),C1,0.402,model_predicted
2792,הספרות,the literature / the hairdressing / the digits,B1,0.327,model_predicted
2793,טלוויזיה,television,A1,0.809,model_predicted
2794,ממוצע,average (m.s.),B1,0.351,model_predicted
2795,שזכה,that/who won (m.s.),A1,1.0,concordance
2796,שכבות,layers,C1,0.395,model_predicted
2797,פגיעות,hits / impacts / damages / offenses,A2,0.406,model_predicted
2798,השפות,the languages / the edges,A1,0.751,model_predicted
2799,האש,the fire,A1,0.464,model_predicted
2800,הכתיבה,the writing,A1,0.611,model_predicted
2801,הבדלים,differences,A1,0.506,model_predicted
2802,הריצה,the run / ran [something] (f.s.),A1,0.742,model_predicted
2803,מוזכר,mentioned (m.s.),B1,0.357,model_predicted
2804,מפלס,level / breaks through / levels (v.) (m.s.),C1,0.328,model_predicted
2805,גופים,bodies,A1,0.568,model_predicted
2806,המאפיינים,the characteristics,C1,0.587,model_predicted
2807,גנטית,genetic (f.s.),C1,0.379,model_predicted
2808,האלמוגים,the corals,B1,0.338,model_predicted
2809,הזבובים,the flies,A2,0.469,model_predicted
2810,בקרבי,in me,A1,0.432,model_predicted
2811,צחק,laughed (m.s.),A1,0.494,model_predicted
2812,מכיר,recognizes / familiar with (m.s.),C1,0.59,model_predicted
2813,קולי,my voice,A1,0.495,model_predicted
2814,השמים,the sky,A2,0.424,model_predicted
2815,צילום,photograph / photography,A1,0.699,model_predicted
2816,נמסר,was delivered / was handed (m.s.),A2,0.447,model_predicted
2817,שייך,belongs / relevant (m.s.),B2,1.0,concordance
2818,במה,in what / how,A1,0.776,model_predicted
2819,קוראים,readers / read / call (m.pl.),A2,0.41,model_predicted
2820,באדמה,in the ground / in soil / in a ground,A2,0.469,model_predicted
2821,צמח,plant,A1,0.424,model_predicted
2822,צר,narrow / enemy / lays siege to / created / shaped / sorry (m.s.),B2,0.289,model_predicted
2823,נשארו,remained / were left / stayed (pl.),C1,0.44,model_predicted
2824,מהרה,soon,A1,0.645,model_predicted
2825,שבאו,that/who came (pl.),A1,1.0,concordance
2826,קלות,easy / light weight / slightly (f.pl.),A1,0.798,model_predicted
2827,ענפי,branches of / fields of,B2,0.299,model_predicted
2828,שומר,guard / keeps / protects (m.s.),B1,0.39,model_predicted
2829,שחורים,black (m.pl.),A1,0.766,model_predicted
2830,עסקים,business,A2,0.428,model_predicted
2831,זמני,temporary (m.) / my time,C1,0.489,model_predicted
2832,שנייה,second,A1,0.619,model_predicted
2833,זכאי,innocent / eligible,C1,0.382,model_predicted
2834,התייחס,referred to / applied (m.s.),C1,0.435,model_predicted
2835,הטילו,cast / threw / projected / laid eggs (pl.),B1,0.493,model_predicted
2836,וכאשר,and when / and while,A1,0.801,model_predicted
2837,חמור,donkey / serious / severe (m.s.),A2,0.407,model_predicted
2838,אפשרית,possible (f.s.),A2,0.409,model_predicted
2839,אנושי,humane (m.s.),B2,0.376,model_predicted
2840,החליטה,decided (f.s.),A2,0.367,model_predicted
2841,הזכות,the right / the privilege,A1,0.749,model_predicted
2842,הדומה,the similar (m.s.),A2,0.375,model_predicted
2843,במהרה,soon,A1,0.645,model_predicted
2844,רד,come down (m.s. imperative),A1,0.832,model_predicted
2845,מכאן,from here,A1,0.672,model_predicted
2846,מסמר,nail,A2,0.45,model_predicted
2847,לרב,to/for the rabbi / to/for a rabbi / mostly / in most cases / usually,B2,0.304,model_predicted
2848,לנוע,to move,A2,0.399,model_predicted
2849,שהביאו,that/who brought (pl.),A1,1.0,concordance
2850,קשת,arch / bow / rainbow / curvature / Sagittarius,C1,0.452,model_predicted
2851,קרקע,soil / ground / land,B2,0.325,model_predicted
2852,פרצו,broke into / broke out / burst (pl.),B1,0.341,model_predicted
2853,עלילה,plot / deed / libel / false charge,C1,0.355,model_predicted
2854,אובדן,loss,C1,0.34,model_predicted
2855,אוסף,collection / collect (m.s.),B1,0.3,model_predicted
2856,כישלון,failure,B2,0.357,model_predicted
2857,המזרחית,the eastern (f.s.),A2,0.382,model_predicted
2858,הבשר,the meat,A1,0.611,model_predicted
2859,דמיון,imagination / fantasy / resemblance,B2,0.344,model_predicted
2860,גול,goal,A2,0.524,model_predicted
2861,סיפורים,stories,A1,0.7,model_predicted
2862,נע,moves (m.s.),A2,0.399,model_predicted
2863,כשיר,qualified / eligible / able,C1,0.432,model_predicted
2864,תגבורת,reinforcement / contingent,C1,0.602,model_predicted
2865,השבויים,the prisoners (of war),A2,1.0,concordance
2866,נסוגו,withdrew / retreated (pl.),C1,0.487,model_predicted
2867,הרוגים,casualties,C1,0.46,model_predicted
2868,מטוסים,airplanes,A2,0.468,model_predicted
2869,הקצינים,the officers,A2,0.459,model_predicted
2870,מפרץ,bay,A2,0.422,model_predicted
2871,הוצאו,were spent / ware taken out / were published,A1,0.62,model_predicted
2872,שפות,languages / edges / the languages of / the edges of,A1,0.751,model_predicted
2873,צו,order,A2,0.498,model_predicted
2874,מלכותו,his kingship / His Majesty,A1,0.788,model_predicted
2875,הבמאי,the director,A2,0.413,model_predicted
2876,ליברלית,liberal,C1,0.435,model_predicted
2877,ובראשם,and they are/were led by (m.pl.),A1,0.721,model_predicted
2878,ובנוסף,and in addition,C1,0.341,model_predicted
2879,בשיתוף,in collaboration / in cooperation / in participation,B2,0.409,model_predicted
2880,להופיע,to appear / to perform,B1,0.455,model_predicted
2881,לבניית,for the building of,A1,0.534,model_predicted
2882,קטע,segment / section,C1,0.299,model_predicted
2883,המקומות,the places,A1,0.561,model_predicted
2884,האמנים,the artists,A2,0.521,model_predicted
2885,לימודי,of study / tutorial / the studies of / my studies,A1,0.531,model_predicted
2886,להבחין,to observe,C1,0.369,model_predicted
2887,תכונות,characters / attributes,B1,0.372,model_predicted
2888,וזכה,and won (m.s.) / and pure (f.s.),A2,0.499,model_predicted
2889,פיצוץ,explosion,B2,1.0,concordance
2890,עבודת,work of,A1,0.697,model_predicted
2891,אימונים,training / practice,B1,0.388,model_predicted
2892,המתחם,the site / the defined area,A1,0.525,model_predicted
2893,הבינוני,the medium / the mediocre,B1,1.0,concordance
2894,העיוורים,the blind (pl.),B1,1.0,concordance
2895,יציאת,exit of,B1,0.436,model_predicted
2896,בתחומי,in the fields of / in the areas of / in the ranges of,A2,0.409,model_predicted
2897,הפקת,production of,B2,0.371,model_predicted
2898,האבל,the mourning / the mourner,C1,0.387,model_predicted
2899,אלבום,album,A2,1.0,concordance
2900,מרתון,marathon,B2,1.0,concordance
2901,המירוץ,the race,A2,0.479,model_predicted
2902,הסיף,the sward / the fencing,C1,0.421,model_predicted
2903,מאומה,nothing,A1,0.571,model_predicted
2904,הכבוד,the honor / the glory / the respect / the dignity,B2,0.31,model_predicted
2905,הנסיכה,the princess,A2,0.296,model_predicted
2906,בהחלט,certainly,A2,0.412,model_predicted
2907,הקן,the nest,B2,0.296,model_predicted
2908,יבוא,will come (m.s.),A1,0.714,model_predicted
2909,תוכל,you will be able / she will be able,A1,0.851,model_predicted
2910,עשתה,did (f.s.),A1,0.629,model_predicted
2911,השחרור,the liberation,C1,0.556,model_predicted
2912,רצו,wanted (pl.) / ran (pl.),A1,0.727,model_predicted
2913,כתוב,written (m.s.) / write (m.s. imperative),A1,0.551,model_predicted
2914,הראה,showed (m.s.),A1,0.458,model_predicted
2915,יורד,goes down / comes down / descends / decreases (m.s.),A1,0.78,model_predicted
2916,לפניו,before him / in front of him / to/for his face,B1,1.0,concordance
2917,עוברים,pass / cross / go through (m.pl.),B1,0.305,model_predicted
2918,הכריזה,proclaimed / announced / declared (f.s.),C1,0.587,model_predicted
2919,הבעיה,the problem,A1,1.0,concordance
2920,נוח,comfortable (m.s.),A2,0.415,model_predicted
2921,יחדיו,together,A1,0.704,model_predicted
2922,לוותר,to give up / to waive,A1,0.47,model_predicted
2923,לחיים,for life / to life / cheers / to the life / for the life / for the living,A1,0.334,model_predicted
2924,פינוי,evacuation,C1,0.447,model_predicted
2925,גופו,his body,A1,0.788,model_predicted
2926,בכנסת,at the Knesset,C1,0.433,model_predicted
2927,מנהל,manager / manages (m.s.) / administration / management,B2,1.0,concordance
2928,להתייחס,to refer,B2,0.328,model_predicted
2929,דרומית,southern (f.s.),A2,0.393,model_predicted
2930,גבולות,borders / limits,B1,1.0,concordance
2931,מטרה,goal / target,A2,0.524,model_predicted
2932,לשלב,to combine / to integrate / to/for the stage / to/for the phase / to/for the rung / to/for a stage / to/for a phase / to/for a rung,B2,1.0,concordance
2933,לדרום,to the south / to the south of,A1,0.501,model_predicted
2934,וידאו,video,A2,1.0,concordance
2935,שחרור,liberation / release,C1,0.556,model_predicted
2936,פגעו,hit / damaged / offended (pl.),A2,0.406,model_predicted
2937,איי,the islands of,A2,0.383,model_predicted
2938,המוזיקה,the music,A1,0.736,model_predicted
2939,המקרים,the cases / the events / the incidents,A2,0.367,model_predicted
2940,הקדוש,the holy (m.s.),B2,0.346,model_predicted
2941,הכניסה,the entrance / inserted / entered (f.s.),B1,0.355,model_predicted
2942,הספורט,the sport,A1,1.0,concordance
2943,בראיון,in an interview / in the interview,B1,1.0,concordance
2944,בצורות,in shapes / in forms / in the shapes / in the forms,B1,0.373,model_predicted
2945,בסביבה,in the area,A2,0.507,model_predicted
2946,מתקפה,attack,B1,0.362,model_predicted
2947,הדיוויזיה,the division,B2,1.0,concordance
2948,הביצורים,the fortifications,C1,0.546,model_predicted
2949,במחנות,in camps / in groups / in the camps / in the groups,A2,0.353,model_predicted
2950,החוקה,the constitution,B2,0.37,model_predicted
2951,במערכה,in a battle / in a campaign / in an act / in the battle / in the campaign / in the act,B2,0.382,model_predicted
2952,לברית,for a pact / for a alliance / for a covenant / for a circumcision / for the pact / for the alliance / for the covenant / for the circumcision,B2,0.44,model_predicted
2953,החזיקו,held / kept / owned (pl.),B1,0.559,model_predicted
2954,עסקו,dealt / engaged / worked (pl.),B2,0.295,model_predicted
2955,הידועה,the known (f.s.),A1,0.636,model_predicted
2956,בכיוון,in a direction / in an adjustment / in tuning / the the direction / in the adjustment / in the tuning,B1,0.338,model_predicted
2957,ממלכת,the kingdom of,B2,0.311,model_predicted
2958,מסמכים,documents,B1,0.339,model_predicted
2959,ואילך,[from now] on,A1,0.672,model_predicted
2960,שקיבלו,that/who received / that/who accepted (pl.),A1,1.0,concordance
2961,עמם,their nation / their people / with them,B2,1.0,concordance
2962,טקס,ceremony,B2,0.36,model_predicted
2963,פריצת,breakthrough of / burglary of / irruption of,C1,0.509,model_predicted
2964,היסטוריים,historical (m.pl.),B1,0.346,model_predicted
2965,הפגיעה,the hit / the impact / the damage / the offense,A2,0.406,model_predicted
2966,גרעין,grain / nucleus,A2,0.506,model_predicted
2967,ביצירת,in the formation of / in the creation of / in the artistic work of / in the composition of,C1,0.435,model_predicted
2968,מכיל,contains (m.s.),A2,0.363,model_predicted
2969,תחומי,fields of / areas of / ranges of,A2,0.409,model_predicted
2970,תאוריה,theory,C1,0.464,model_predicted
2971,שכתב,who wrote (m.s.) / that was written by,A1,1.0,concordance
2972,המסלול,the course / the path / the track,A1,0.575,model_predicted
2973,הרבים,the many (m.pl.),A1,0.618,model_predicted
2974,יישוב,settlement,C1,0.501,model_predicted
2975,הרובע,the quarter,A2,0.43,model_predicted
2976,בתקופות,in periods / in eras / in the periods / in the eras,A2,0.396,model_predicted
2977,לפיתוח,for development / for the development,C1,0.457,model_predicted
2978,קולנוע,cinema,A1,0.704,model_predicted
2979,בהשפעת,under the influence of / under the effect of,A2,0.429,model_predicted
2980,מדע,science,B1,0.364,model_predicted
2981,הטבעית,the natural (f.s.),B1,1.0,concordance
2982,הדיפלומטיה,the diplomacy,C1,0.404,model_predicted
2983,סופרים,count (m.pl.) / authors,A1,0.485,model_predicted
2984,מחקרים,researches / studies,B2,0.337,model_predicted
2985,הפסלים,the statues / the sculptures,B1,1.0,concordance
2986,בחקר,in the research of,B2,0.337,model_predicted
2987,בסוג,in a kind / in a class / in a type,A1,1.0,concordance
2988,שרירים,muscles,A2,0.494,model_predicted
2989,הזכר,the memory / the male,A2,0.312,model_predicted
2990,שריקה,whistle,B2,0.32,model_predicted
2991,יודעת,know (f.s.),A1,0.789,model_predicted
2992,חושבת,think (f.s.),A1,0.492,model_predicted
2993,שמעתי,I heard,A1,0.599,model_predicted
2994,אומרת,say (f.s.),A1,0.734,model_predicted
2995,איזו,which / what (f.),A1,0.768,model_predicted
2996,הרעב,the hunger / the hungry,B1,1.0,concordance
2997,לפנים,forward / before / in the past / for a face / for the face,B1,0.352,model_predicted
2998,יקרה,prestige,C1,1.0,concordance
2999,ויהי,and there was / and there shall be (biblical),A1,0.782,model_predicted
3000,קרונות,cars (of a train) / wagons,A1,0.834,model_predicted
3001,לאיש,to/for a man / to/for a person / to/for the man / to/for the person,A1,1.0,concordance
3002,מאמין,believes / believer (m.s.),C1,0.443,model_predicted
3003,הנס,the miracle,B2,0.373,model_predicted
3004,שמחה,joy / happiness / glad / happy (f.s.) / was glad / was happy (f.s.),A2,0.387,model_predicted
3005,רגליו,his legs,A1,0.788,model_predicted
3006,תפוחי,apples of,A1,0.773,model_predicted
3007,בצל,onion / in the shadow / in the shadow of,A2,0.451,model_predicted
3008,להכיר,to know / to recognize,A1,0.789,model_predicted
3009,לנהל,to manage,B1,0.407,model_predicted
3010,פונה,turns (m.s.) / turns (f.s.) / was evacuated (m.s.),A2,0.417,model_predicted
3011,ביד,in a hand / in the hand / by hand,A1,1.0,concordance
3012,המחנה,the camp / the group,A2,0.353,model_predicted
3013,חלקה,smooth (f.) / shared / disagreed / differed (f.s.) / lot,B2,0.35,model_predicted
3014,רשות,permission / authority,B1,0.367,model_predicted
3015,משכן,dwelling,C1,0.516,model_predicted
3016,לציון,to note / to mark / to point out / to grade / to Zion,A2,0.469,model_predicted
3017,שוק,market / shock / leg,A2,0.317,model_predicted
3018,פינה,corner,A2,0.477,model_predicted
3019,עורך,editor / arranges / holds (m.s.),B2,1.0,concordance
3020,אביה,her father,A1,0.819,model_predicted
3021,אבי,my father / the father of,A1,0.782,model_predicted
3022,כראש,as a head / as the head of,A1,0.517,model_predicted
3023,ביתו,his home,A1,0.788,model_predicted
3024,ספינה,ship,A2,0.431,model_predicted
3025,נוהגים,drive / do usually (m.pl.),A1,0.75,model_predicted
3026,משמשת,is used for (f.s.),A2,0.393,model_predicted
3027,לתמוך,to support,B1,0.368,model_predicted
3028,להיכנס,to enter,A2,0.485,model_predicted
3029,שהפך,that inverted / that converted / that turned / that become / that transformed (m.s.),A1,0.795,model_predicted
3030,שהחל,that started (m.s.),A1,0.795,model_predicted
3031,שנערכו,who prepared / who made arrangements / that were held / that were edited (pl.),A1,1.0,concordance
3032,עצמאית,independent (f.s.),C1,0.538,model_predicted
3033,איבדו,lost (pl.),A2,0.485,model_predicted
3034,חזה,watched / prophesied / chest / breast,A1,0.636,model_predicted
3035,אסון,disaster,C1,0.389,model_predicted
3036,הוצגו,were introduced / were displayed / were presented / were exhibited (pl.),A1,0.62,model_predicted
3037,החוקי,the legal (m.s.),B2,1.0,concordance
3038,הגמר,the end / the final,A1,0.621,model_predicted
3039,באמצעים,by means,A2,0.331,model_predicted
3040,בחלקו,in part / in his part,A1,0.578,model_predicted
3041,צהוב,yellow,A1,0.707,model_predicted
3042,כוחותיו,his powers / his forces / his strengths,A1,0.788,model_predicted
3043,ההתקדמות,the progress,B1,0.331,model_predicted
3044,לקבלת,for receiving / for the acceptance of,B2,0.378,model_predicted
3045,במרד,[in] a rebellion / [in] the rebellion,C1,1.0,concordance
3046,סחר,commerce / trade / traded (m.s.),B1,0.299,model_predicted
3047,השמאל,the left,A1,0.619,model_predicted
3048,נרחבים,wide / broad (m.pl.),B1,0.345,model_predicted
3049,שינה,sleep,A1,0.77,model_predicted
3050,כלכלי,economic (m.s.),B2,0.354,model_predicted
3051,טענות,claims / arguments,B1,1.0,concordance
3052,מסיבה,for a reason [of] / party,A1,1.0,concordance
3053,שהוקם,that was established (m.s.),A1,0.795,model_predicted
3054,האזורים,the areas / the regions / the zones,B1,1.0,concordance
3055,נפטר,died / deceased / got rid of (m.s.),A2,0.293,model_predicted
3056,מקרב,brings closer (m.s.) / from a battle,B1,0.37,model_predicted
3057,השפיעה,had an effect / influenced (f.s.),A1,0.65,model_predicted
3058,ברורה,clear / obvious (f.s.),B1,0.378,model_predicted
3059,ספרות,literature / hair dressing / digits,B1,0.327,model_predicted
3060,עמק,valley,B1,0.289,model_predicted
3061,ביטחון,security / confidence,B2,0.343,model_predicted
3062,בחלקים,in parts,A1,0.578,model_predicted
3063,בהשוואה,compared,B2,0.367,model_predicted
3064,רחבי,transverse / lateral,C1,0.607,model_predicted
3065,תמונות,pictures,A1,0.772,model_predicted
3066,תאוריות,theories,C1,0.464,model_predicted
3067,חלקו,shared (pl.) / his share / his part,B1,0.407,model_predicted
3068,הקשורים,that/who are tied / that/who are linked / that/who are connected (m.pl.),A1,1.0,concordance
3069,העוסקים,that/who deal / that/who engage / work (m.pl.),A1,1.0,concordance
3070,בימינו,these days,A1,0.728,model_predicted
3071,סניף,branch,B2,0.299,model_predicted
3072,יהודיים,Jewish (m.pl.),A1,0.351,model_predicted
3073,הציוני,the Zionist (m.s.),C1,0.549,model_predicted
3074,רבן,rabbi / their rabbi (f.),B2,0.304,model_predicted
3075,בולטת,protruding / stands out (f.s.),A2,1.0,concordance
3076,נמנים,are included [in] / are counted (m.pl.),A1,0.786,model_predicted
3077,בממוצע,on average,B1,0.351,model_predicted
3078,עלילת,plot of / deed of / libel of / false charge of,C1,0.355,model_predicted
3079,בתחרויות,in competitions,B1,0.384,model_predicted
3080,הטבעיים,the natural (m.pl.),B1,1.0,concordance
3081,סרטי,movies of,A1,0.802,model_predicted
3082,רכיבה,riding,A2,0.486,model_predicted
3083,פשוטי,the simple of / the working class,A1,0.651,model_predicted
3084,המכניקה,the mechanics,B1,0.362,model_predicted
3085,חייבת,must / debtor (f.s.),A1,0.481,model_predicted
3086,אינך,you are not,A1,0.851,model_predicted
3087,מסודר,organized (m.s.),C1,0.468,model_predicted
3088,להאמין,to believe,B1,0.388,model_predicted
3089,הגבעה,the hill,A2,0.421,model_predicted
3090,שמנה,fat (adj.) (f.s.),A1,0.471,model_predicted
3091,שקל,weighed (m.s.) / Shekel (the Israeli currency),B1,0.366,model_predicted
3092,ניר,plowed field,B2,0.351,model_predicted
3093,לשאול,to ask / to borrow,A1,0.737,model_predicted
3094,הילד,the child / the boy,A1,0.862,model_predicted
3095,התחיל,started (m.s.),A1,0.55,model_predicted
3096,מזל,luck,A2,0.49,model_predicted
3097,סעיף,clause,C1,0.417,model_predicted
3098,מיץ,juice,A1,0.448,model_predicted
3099,לאחרונה,lately,A2,0.319,model_predicted
3100,אמיתי,real (m.s.),A2,0.384,model_predicted
3101,לחדור,to penetrate / to intrude,C1,0.502,model_predicted
3102,עוזר,helps / assists / assistant (m.s.),A1,0.757,model_predicted
3103,המתאים,the suitable / the appropriate / the applicable / the identical (m.s.),C1,0.375,model_predicted
3104,הלכו,walked / went (pl.),A1,0.81,model_predicted
3105,השמן,the fat (adj.) (m.s.) / the oil,A1,0.471,model_predicted
3106,הזכרים,the males,B1,0.396,model_predicted
3107,בינתיים,meanwhile,B2,0.39,model_predicted
3108,בערך,approximately / around / sort of,C1,0.402,model_predicted
3109,ליל,the night of / night,A1,0.86,model_predicted
3110,להעלות,to raise / to increase / to lift / to bring up,B1,0.358,model_predicted
3111,שורה,line,A1,0.553,model_predicted
3112,עונה,season / answers (f.s.),A1,0.494,model_predicted
3113,זרם,current / flow / stream / trend,B2,0.327,model_predicted
3114,היקום,the universe,B2,0.328,model_predicted
3115,השקט,the silence,B2,0.371,model_predicted
3116,החלב,the milk / the tallow,A1,0.842,model_predicted
3117,צדק,justice,B2,0.415,model_predicted
3118,ארמון,palace,B1,0.299,model_predicted
3119,המלח,the salt / the sailor,A2,0.394,model_predicted
3120,הסתיימה,ended (f.s.),B1,0.44,model_predicted
3121,ציין,noted / marked / pointed out (m.s.),C1,0.463,model_predicted
3122,סופית,final (f.s.),A2,0.368,model_predicted
3123,ממערב,from the west / to the west [of],A1,0.672,model_predicted
3124,מטרת,goal of / target of,A2,0.524,model_predicted
3125,לחצות,to cut in half / to cross / to midnight,B1,0.339,model_predicted
3126,לסיום,finally / in conclusion,A2,0.344,model_predicted
3127,ולפיכך,and therefore,B2,0.363,model_predicted
3128,שירו,his song / his poem / sing (pl. imperative),A1,0.788,model_predicted
3129,שכבת,a layer of,C1,0.395,model_predicted
3130,פשוטים,simple (m.pl.),A1,0.651,model_predicted
3131,כינה,called / named (m.s.) / louse,A1,0.664,model_predicted
3132,כספים,finances,B2,0.423,model_predicted
3133,המכון,the institute,C1,0.489,model_predicted
3134,הופעת,the appearance of / the performance of,B1,0.463,model_predicted
3135,הופעות,shows / performances,A1,0.682,model_predicted
3136,השראה,inspiration,B2,1.0,concordance
3137,הפנימי,the internal (m.s.) / internalize (f.s. imperative),B2,0.321,model_predicted
3138,הכדור,the ball / the pill,A1,1.0,concordance
3139,הגזע,the trunk / the race / the stem,A2,0.454,model_predicted
3140,צד,side,A2,0.47,model_predicted
3141,סף,threshold / verge,C1,0.592,model_predicted
3142,נמוכים,low / short (m.pl.),A2,0.406,model_predicted
3143,נוצרו,were formed / were created (f.s.),A1,0.62,model_predicted
3144,נכשלו,failed (pl.),B1,0.393,model_predicted
3145,הצבאות,the armies,A2,0.361,model_predicted
3146,טבח,cook (n.) / slaughter,A1,0.678,model_predicted
3147,לסגת,to withdraw / to retreat,B2,0.397,model_predicted
3148,השפלה,humiliation / the lowland / the plain,C1,0.528,model_predicted
3149,לרשות,to the authority,C1,0.488,model_predicted
3150,פוליטיות,political (f.pl.),B2,0.325,model_predicted
3151,הרשמית,the official (f.s.),B1,0.381,model_predicted
3152,לממשלה,for/to a government / for/to the government,B2,0.304,model_predicted
3153,למטרה,to/for a goal / to/for a target / for a purpose / to/for the goal / to/for the target / for the purpose,A2,0.524,model_predicted
3154,השבטים,the tribes,C1,0.418,model_predicted
3155,צבאות,armies,A2,0.361,model_predicted
3156,ביצעו,performed (pl.),B1,0.43,model_predicted
3157,בזירה,in an arena / at a scene / in the arena / at the scene,B1,0.354,model_predicted
3158,מאמצים,efforts,B1,0.367,model_predicted
3159,מכלל,from all of,A1,1.0,concordance
3160,התוצאות,the results / the outcomes / the consequences,A2,0.36,model_predicted
3161,סירבו,refused (pl.),B2,0.372,model_predicted
3162,ניהול,management,B2,1.0,concordance
3163,מוחלטת,decisive / definite / total (f.s.),B1,1.0,concordance
3164,ואכן,and indeed,B1,0.321,model_predicted
3165,שנקראה,that/who is called (f.s.),A1,1.0,concordance
3166,הובילו,led / transported (pl.),A2,0.357,model_predicted
3167,החליטו,decided (pl.),A2,0.367,model_predicted
3168,בערים,in cities / in the cities,A1,0.732,model_predicted
3169,רדיו,radio,A1,1.0,concordance
3170,סייעו,assisted / helped (pl.),C1,0.437,model_predicted
3171,מסוף,terminal,B1,0.358,model_predicted
3172,והפך,and turned (m.s.),B1,0.375,model_predicted
3173,חינוך,education,B1,0.297,model_predicted
3174,חלוקת,division of,B2,1.0,concordance
3175,חוקים,laws,A2,0.312,model_predicted
3176,כנסיית,the church of,A1,0.463,model_predicted
3177,המושבה,the village,A1,0.697,model_predicted
3178,השלב,the stage / the phase / the rung,B2,1.0,concordance
3179,האות,the sign / the signal / the letter,B2,1.0,concordance
3180,לנשים,for/to women / for/to the women,A1,0.791,model_predicted
3181,תנאים,conditions / provisions,B2,0.331,model_predicted
3182,אימון,training / practice,B1,0.388,model_predicted
3183,חברות,friendship / membership / friends (f.),A2,0.371,model_predicted
3184,כללית,general (f.s.),B1,1.0,concordance
3185,המשמש,that is used for (m.s.),A1,0.795,model_predicted
3186,הגן,defended (m.s.),C1,0.498,model_predicted
3187,בינלאומי,international (m.s.),B1,0.307,model_predicted
3188,בנושאים,on subjects / on the subjects,B1,0.354,model_predicted
3189,לאמנות,to art / to the art / to treaties / to conventions / to the treaties / to the conventions,A1,0.624,model_predicted
3190,קבוצתו,his group,A1,0.788,model_predicted
3191,עיקריים,main / principal / primary (m.pl.),A2,0.498,model_predicted
3192,המוזיאון,the museum,A1,1.0,concordance
3193,הפתיחה,the opening,A2,0.402,model_predicted
3194,בהיעדר,in (the) absence of / in (the) lack of,C1,0.498,model_predicted
3195,צלזיוס,Celsius,C1,0.415,model_predicted
3196,נתונים,data / given (m.pl.),A2,0.306,model_predicted
3197,סילוק,removal / dismissal,C1,0.466,model_predicted
3198,במקורות,[in] the sources / in the text / [in] the sources of,A2,1.0,concordance
3199,ריבוי,plurality / multitude / variety,C1,0.627,model_predicted
3200,מכון,institute,C1,0.489,model_predicted
3201,לוואי,adjunct / secondary / if only,C1,0.544,model_predicted
3202,ברשימת,in the list of,A1,0.673,model_predicted
3203,לשפה,to/for the language / to/for the lip / to/for the edge / to/for a language / to/for a lip / to/for an edge,A1,0.751,model_predicted
3204,הבקיע,scored goal (m.s.),B1,0.403,model_predicted
3205,ריצה,run / served (penalty) (m.s.),A1,0.742,model_predicted
3206,החולד,the Spalax,B2,0.327,model_predicted
3207,עניתי,I answered,A1,0.684,model_predicted
3208,שאנחנו,that we,A1,0.795,model_predicted
3209,השמיכה,the blanket,A2,0.439,model_predicted
3210,השוטר,the policeman,A2,0.378,model_predicted
3211,הקוקיה,the cuckoo,B1,0.315,model_predicted
3212,הפרעוש,the flea,B1,0.31,model_predicted
3213,האיכר,the peasant / the farmer,C1,0.463,model_predicted
3214,הספסל,the bench,A1,0.523,model_predicted
3215,התפוח,the apple / the tumid (m.s.),A1,0.773,model_predicted
3216,הפשע,the crime,B1,0.441,model_predicted
3217,נמלים,harbors / ants,B2,0.315,model_predicted
3218,לעצמי,for myself,A2,0.458,model_predicted
3219,העורך,the editor,B2,1.0,concordance
3220,היקר,the dear / the expensive,A1,0.525,model_predicted
3221,הציפורים,the birds,A1,0.459,model_predicted
3222,ישבו,sat (pl.),A1,0.746,model_predicted
3223,להטיל,to cast / to throw / / to project / to lay eggs,B1,0.493,model_predicted
3224,שכר,fee / wage,B1,0.303,model_predicted
3225,בראשי,in my head,A1,0.517,model_predicted
3226,ילדי,the children of,A1,0.862,model_predicted
3227,עמוקה,deep (f.s.),B2,0.322,model_predicted
3228,הבוקר,the morning / the cowboy,A1,0.86,model_predicted
3229,ליום,for [day / date] / for a day,A1,0.844,model_predicted
3230,לצפות,to watch / to observe / to anticipate / to cover / to coat / to expect,A1,0.795,model_predicted
3231,העדה,the witness (f.s.) / the congregation,C1,0.382,model_predicted
3232,צל,shadow,B2,0.341,model_predicted
3233,מוסר,morale / ethics / deliver (m.s.) / deliverer,C1,0.51,model_predicted
3234,נעים,pleasant,A1,0.456,model_predicted
3235,ושאר,and the rest,A2,0.344,model_predicted
3236,ואחד,and one (m.),A1,0.821,model_predicted
3237,עומדים,stand / are about to / endure / succeed / insist on (m.pl.),A2,1.0,concordance
3238,אות,sign / signal / letter,B2,1.0,concordance
3239,חוף,beach,A1,0.706,model_predicted
3240,הרגיל,the usual (m.s.),A2,0.455,model_predicted
3241,רגילה,usual / used to (f.s.),A2,0.455,model_predicted
3242,נוטה,inclined / tends to / tilted (m.s.),C1,0.605,model_predicted
3243,נכונה,correct / ready (f.s.),A1,0.444,model_predicted
3244,מוכנים,ready / willing (m.pl.),A1,0.535,model_predicted
3245,יכולתו,his ability / his capability,A1,0.788,model_predicted
3246,וכלי,and an article / and a dish / and a vessel / and ware / and a tool,A1,0.707,model_predicted
3247,שמירה,keeping / guarding / protection,B1,0.415,model_predicted
3248,המראה,the sight / the view / the appearance / the mirror / that/who shows (f.s.),A1,1.0,concordance
3249,הנמל,the harbor,B2,0.315,model_predicted
3250,הנקבה,the female / the tunnel,B1,1.0,concordance
3251,דלק,fuel,A2,0.516,model_predicted
3252,בשיר,in the song / in the poem / in a song / in a poem,A1,0.746,model_predicted
3253,לזו,for this (f.),A1,0.788,model_predicted
3254,לכדי,about / to,A1,0.639,model_predicted
3255,שעדיין,that still,A1,0.795,model_predicted
3256,פירוש,meaning / explanation / interpretation,A2,0.281,model_predicted
3257,פקודה,order,A2,0.498,model_predicted
3258,עצמאי,independent (m.s.),C1,0.538,model_predicted
3259,חלה,became sick / challah (bread),B1,0.362,model_predicted
3260,זוכה,wins / winner (m.s.) / wins / winner (f.s.) / was acquitted (m.s.),A2,0.49,model_predicted
3261,כבדה,heavy (f.s.),B1,0.399,model_predicted
3262,המדע,the science,B1,0.364,model_predicted
3263,העין,the eye,A1,0.732,model_predicted
3264,הכלי,the article / the dish / the vessel / the ware / the tool,A1,0.707,model_predicted
3265,הטרור,the terror,B2,1.0,concordance
3266,הניסיון,the trial / the experience / the attempt,B2,0.396,model_predicted
3267,גבול,border / limit,B1,1.0,concordance
3268,במטבח,in the kitchen,A1,0.745,model_predicted
3269,בשמו,on his behalf / in his name,A1,1.0,concordance
3270,בעבודה,in work / at work,A1,0.697,model_predicted
3271,רפואה,medicine,A2,0.401,model_predicted
3272,סיפורי,my story,A1,0.7,model_predicted
3273,נלחמו,fought (pl.),B1,0.372,model_predicted
3274,נהנה,enjoys (m.s.) / enjoyed (m.s.),A2,0.382,model_predicted
3275,שביתת,strike of,B1,0.367,model_predicted
3276,מאורע,event,B1,0.505,model_predicted
3277,המפקד,the commander / the census / the muster,B2,0.369,model_predicted
3278,מלכתחילה,from the beginning / to begin with,A1,0.672,model_predicted
3279,החוקים,the laws,A2,0.312,model_predicted
3280,רכוש,property,B2,0.333,model_predicted
3281,התקפות,attacks,B1,0.362,model_predicted
3282,בתמורה,in return / in exchange / in a change / in a transformation / in the change / in the transformation,B1,0.41,model_predicted
3283,בקרבות,in battles,B2,0.382,model_predicted
3284,להפסיק,to stop / to cease,A2,0.323,model_predicted
3285,שלל,negated (m.s.) / denied (m.s.) / loot / plunder,C1,0.586,model_predicted
3286,חופשיים,free (m.pl.),A1,0.674,model_predicted
3287,המושבות,the villages / the colonies,A1,0.697,model_predicted
3288,התקדמות,advance / progress,C1,0.412,model_predicted
3289,במקומו,in his place,A1,0.788,model_predicted
3290,נשלח,was sent (m.s.) / we will send,A2,0.447,model_predicted
3291,מיקום,location,A2,0.468,model_predicted
3292,חידוש,innovation,C1,1.0,concordance
3293,טווח,range,B1,0.372,model_predicted
3294,תיאטרון,theater,A2,0.335,model_predicted
3295,תקדים,precedent,C1,0.545,model_predicted
3296,וכתוצאה,and as a result,A2,0.36,model_predicted
3297,פרטיים,private (m.pl.),B1,0.324,model_predicted
3298,הובאו,were brought,A1,0.62,model_predicted
3299,החלטות,decisions,B1,0.41,model_predicted
3300,מתקיים,held / carried out / maintained / survives (m.s.),B1,0.559,model_predicted
3301,מוסד,institution,B2,1.0,concordance
3302,לסרט,to/for a movie / to/for a ribbon/strip / to/for the movie / to/for the ribbon/strip,A1,0.802,model_predicted
3303,וניתן,and it is possible / and is given / and we will give,A2,0.409,model_predicted
3304,קודש,holiness,C1,0.488,model_predicted
3305,עלול,might (m.s.),A1,0.454,model_predicted
3306,אישים,personage,B2,0.307,model_predicted
3307,מורכבת,complex / composed of (f.s.),C1,0.47,model_predicted
3308,מחלקת,divide (f.s.) / department of,C1,0.351,model_predicted
3309,מגורים,residence / stimulated,C1,0.312,model_predicted
3310,מבקרים,visitors / critics / inspectors,B1,0.367,model_predicted
3311,יצירות,formations / creations / works of art / compositions,C1,0.435,model_predicted
3312,לציין,to note / to indicate,A2,0.469,model_predicted
3313,ובעל,and an owner / and the owner of / and a husband,A2,0.388,model_predicted
3314,שנבנה,that was built (m.),A1,0.795,model_predicted
3315,פגש,met (m.s.),A2,0.286,model_predicted
3316,המושג,the concept / the is obtained / that is achieved,B2,0.373,model_predicted
3317,המשתתפים,the participants,C1,0.32,model_predicted
3318,העוסק,that/who deals / that/who engages / works (m.s.),A1,1.0,concordance
3319,הגל,the wave,B2,0.318,model_predicted
3320,דוגמאות,samples / examples,B2,0.375,model_predicted
3321,במגוון,in a variety,B1,0.387,model_predicted
3322,בהיותו,as he / being [X],B1,0.297,model_predicted
3323,ניצב,stands / perpendicular / vertical,A2,1.0,concordance
3324,עיוורים,blind (pl.),B1,1.0,concordance
3325,המרי,the rebellion,C1,1.0,concordance
3326,מחלקה,department,B1,0.301,model_predicted
3327,ובייחוד,and especially,A2,0.417,model_predicted
3328,במקרא,in the Bible / in the legend,B2,0.274,model_predicted
3329,משמשים,are used for (m.pl.),A1,0.786,model_predicted
3330,מציג,introduces / displays / presents / exhibits (m.s.),C1,0.417,model_predicted
3331,תרגום,translation,B1,0.286,model_predicted
3332,בשיטות,[by] the methods / [by] methods,B1,0.354,model_predicted
3333,באולימפיאדת,in the Olympiad of,A2,0.415,model_predicted
3334,אורגניות,organic (f.pl.),C1,0.472,model_predicted
3335,החשמלי,the electric,B1,0.378,model_predicted
3336,פעמי,time (adj.) / unique / disposable / steps of,A1,0.757,model_predicted
3337,השמיע,made a sound / announced,A1,0.448,model_predicted
3338,ביצה,egg / swamp,A1,0.72,model_predicted
3339,באיזה,in which / in what (m.),A1,0.768,model_predicted
3340,לגדול,to grow,A1,0.5,model_predicted
3341,ארוחת,meal of,A1,0.841,model_predicted
3342,בונה,builds (m.s.) / builds (f.s.),A2,0.465,model_predicted
3343,וכמו,and like,A1,0.662,model_predicted
3344,האוכל,the food / the one who eats,A1,1.0,concordance
3345,מבט,look,A1,0.815,model_predicted
3346,וכמה,and how many / and how much / and some,A1,0.725,model_predicted
3347,שעת,hour of / time of / time for,A1,0.786,model_predicted
3348,דיבר,spoke / talked (m.s.) / commandment,A1,0.36,model_predicted
3349,שעברה,that passed (f.s.),A1,0.795,model_predicted
3350,מקבלים,receive / accept (m.pl.),B1,0.437,model_predicted
3351,לנצח,to win / forever,A2,0.49,model_predicted
3352,פועלת,worker / operates (f.s.),A2,0.584,model_predicted
3353,הבטיח,promised,B1,0.358,model_predicted
3354,למלך,to/for a king / to/for the king,A2,0.422,model_predicted
3355,שירות,service,B1,1.0,concordance
3356,היכולת,the ability / the capability,B1,0.386,model_predicted
3357,סיכוי,chance / probability,B1,1.0,concordance
3358,מוכן,ready / willing (m.s.),A1,0.535,model_predicted
3359,שורות,lines,A1,0.553,model_predicted
3360,המחלקה,the department,B1,0.301,model_predicted
3361,ההצלחה,the success,B1,0.367,model_predicted
3362,ההסכם,the agreement,B1,0.362,model_predicted
3363,הסיכוי,the chance / the probability,B1,1.0,concordance
3364,גרעיני,nuclear,B2,0.47,model_predicted
3365,בהגנה,in defense / in the defense,B2,0.371,model_predicted
3366,בדרכו,on his way / his way,A1,0.788,model_predicted
3367,בטענה,arguing that / claiming that,B2,0.352,model_predicted
3368,נתנו,gave (pl.),A1,0.369,model_predicted
3369,משטרה,police,A2,0.369,model_predicted
3370,מפגש,meeting / encounter / reunion,A1,0.614,model_predicted
3371,מאזור,from an area,A1,0.672,model_predicted
3372,לשיא,to the top / to the peak / to a top / to a peak,A2,0.503,model_predicted
3373,תוצאה,result / outcome / consequence,A2,0.36,model_predicted
3374,תכנן,planned / designed (m.s.),A2,0.382,model_predicted
3375,שעברו,that passed (pl.),A1,0.795,model_predicted
3376,הסכמה,agreement,B1,0.362,model_predicted
3377,גרמה,caused (f.s.),B1,0.503,model_predicted
3378,במובן,in the sense of / in the sense,A2,0.335,model_predicted
3379,סגור,closed (m.s.),B1,0.46,model_predicted
3380,הסובייטית,the soviet (f.s.),A2,0.398,model_predicted
3381,מטוסי,my airplane / the airplanes of,A2,0.468,model_predicted
3382,המחנות,the camps / the groups,A2,0.353,model_predicted
3383,הטנקים,the tanks,C1,1.0,concordance
3384,אימפריית,empire of,C1,0.533,model_predicted
3385,פיקודו,his command,A1,0.788,model_predicted
3386,ולמעשה,and in fact,A2,0.32,model_predicted
3387,שנועדה,that is/was intended for / that is/was destined for / that conferred (f.s.),A1,0.795,model_predicted
3388,התגוררו,lived (pl.),A1,0.324,model_predicted
3389,התנגד,resisted / objected (m.s.),C1,0.504,model_predicted
3390,הודו,thanked / confessed (pl.),B1,0.371,model_predicted
3391,ההרים,the mountains,A2,0.517,model_predicted
3392,ליחידות,to/for the unit / to/for the squad,A2,0.277,model_predicted
3393,שהוקמה,that was established (f.s.),A1,0.795,model_predicted
3394,הוראות,orders / instructions,A2,0.498,model_predicted
3395,הפעיל,the active / the activist (m.s.) / operated / activated (m.s.),B2,0.308,model_predicted
3396,כשל,failure / mishap / lapse / failed (m.s.),B2,0.357,model_predicted
3397,המדובר,the said / that was spoken (m.s.),A1,0.426,model_predicted
3398,השינוי,the change,A2,0.296,model_predicted
3399,בשנית,again,A1,0.404,model_predicted
3400,מקלעים,machine guns,A2,0.49,model_predicted
3401,מצע,platform / bedding,B1,0.336,model_predicted
3402,לקבוצת,to/for the group of,A1,0.462,model_predicted
3403,הקלעים,the curtains / the marksmen,B1,0.364,model_predicted
3404,נועדה,intended for / destined for / conferred (f.s.),B1,0.394,model_predicted
3405,מעורב,mixed / involved (m.s.),C1,0.438,model_predicted
3406,מחברי,the authors of / from the friends of / from the members of / connectors of / from my friend,B1,0.356,model_predicted
3407,מטבח,kitchen,A1,0.745,model_predicted
3408,תפקידו,his role,A1,0.788,model_predicted
3409,שימושים,uses,A1,0.786,model_predicted
3410,עובדים,workers,A2,0.584,model_predicted
3411,הפרשה,the affair / the chapter / the portion / secretion / setting aside / allowance,B2,1.0,concordance
3412,האנושות,humanity / mankind,C1,0.505,model_predicted
3413,הרחבה,widening / broadening / the square,C1,0.551,model_predicted
3414,בבסיס,at the basis of / at the basis / at the base,B2,1.0,concordance
3415,אדריכל,architect,C1,0.375,model_predicted
3416,פרעות,pogroms / riot,C1,0.435,model_predicted
3417,הפעולות,the actions / the operations / the deeds / the transactions,B1,0.468,model_predicted
3418,משימות,tasks / assignments / missions,B2,1.0,concordance
3419,המרכזיים,the central (m.pl.),B1,0.326,model_predicted
3420,הכלים,the articles / the dish / the vessels / the ware / the tools,A1,0.707,model_predicted
3421,מסחרי,commercial (m.s.),A2,0.549,model_predicted
3422,הוצאת,taking out [of] / publishing of / you took out (f.s.),A2,0.308,model_predicted
3423,מאפייני,the characteristics of,C1,0.587,model_predicted
3424,טמפרטורה,temperature,A1,0.647,model_predicted
3425,פותח,opens (m.s.),A1,0.637,model_predicted
3426,העשרה,enrichment,C1,0.658,model_predicted
3427,הייסורים,the torment / the agony,C1,0.505,model_predicted
3428,האבולוציה,the evolution,B2,1.0,concordance
3429,העצם,the bone,A2,0.42,model_predicted
3430,מהירות,speed / velocity,A2,0.382,model_predicted
3431,לספורטאים,to/for athletes / to/for the athletes,A2,0.55,model_predicted
3432,גדילי,fringes of,C1,0.493,model_predicted
3433,מירוץ,race,A2,0.479,model_predicted
3434,מלאכותית,artificial (f.s.),C1,0.52,model_predicted
3435,נגיף,virus,A2,0.43,model_predicted
3436,ובכן,well,A1,0.773,model_predicted
3437,כמוני,like me,A1,0.662,model_predicted
3438,המון,crowd / plenty,A2,0.412,model_predicted
3439,בריה,creature,B1,0.399,model_predicted
3440,ושוב,and again / and return (m.s. imperative),A1,0.404,model_predicted
3441,השעון,the clock / the watch,A1,0.579,model_predicted
3442,החיות,the animals / the vitality,A1,1.0,concordance
3443,הגברת,enhancement / amplification / strengthening,C1,0.613,model_predicted
3444,מספרים,numbers / from books / tell (m.pl.),A1,0.734,model_predicted
3445,לאנשים,to/for people / to/for the people,A1,0.75,model_predicted
3446,איתם,with them (m.),A1,0.565,model_predicted
3447,המעשה,the deed / the story / he tale,B2,0.374,model_predicted
3448,מונח,term / laid,A1,0.396,model_predicted
3449,שים,put (m.s. imperative),A2,0.443,model_predicted
3450,מר,Mr. / bitter,B2,0.366,model_predicted
3451,מסכים,agrees (m.s.),B1,0.313,model_predicted
3452,ארצה,her country / to the country,A1,0.819,model_predicted
3453,הלח,the humid,B1,0.387,model_predicted
3454,בשיא,at the peak / at the top / at a top / at a peak,C1,0.382,model_predicted
3455,משטרת,police of,A2,0.369,model_predicted
3456,יערות,forests,A1,0.401,model_predicted
3457,למרחק,to a long distance / to a distance of,A1,0.78,model_predicted
3458,ואולי,and maybe / and perhaps,A1,0.459,model_predicted
3459,הסופרים,the authors,B1,0.356,model_predicted
3460,גביע,cup / grail,A1,0.7,model_predicted
3461,במעלה,up [the] / priority / [in] a virtue / [in] a degree,C1,0.41,model_predicted
3462,ביתר,[in] the rest,A2,0.344,model_predicted
3463,בחצי,in half / by half / in the half,A1,0.445,model_predicted
3464,ראשונה,first (f.s.),A1,0.686,model_predicted
3465,רגיל,usual / used to (m.s.),A2,0.455,model_predicted
3466,נזק,damage,B1,0.359,model_predicted
3467,מתחילים,start (m.pl.),A1,1.0,concordance
3468,מגע,contact / touch,A2,0.4,model_predicted
3469,ירידה,going down / coming down / descent / decrease,A1,0.708,model_predicted
3470,קובע,determines / fixes / sets (m.s.),B1,1.0,concordance
3471,עלולים,might (m.pl.),A1,0.454,model_predicted
3472,אבני,the stones of,A2,0.46,model_predicted
3473,חנינה,pardon / clemency,C1,0.383,model_predicted
3474,ביקור,visit,A1,0.516,model_predicted
3475,רצונו,his will,A1,0.788,model_predicted
3476,סבל,suffering,C1,0.408,model_predicted
3477,ממזרח,from the east / to the west of,A1,0.672,model_predicted
3478,משלו,of his [X] / of his own / ruled (pl.),A1,0.788,model_predicted
3479,משותף,common / mutual / shared (m.s.),B1,0.428,model_predicted
3480,יצור,creature,B1,0.399,model_predicted
3481,לשכנע,to convince,B2,0.328,model_predicted
3482,לחקור,to investigate / to research / to inquire,B2,0.434,model_predicted
3483,להתרחש,to happen,A2,0.343,model_predicted
3484,להשלים,to complete / to accept / to come to terms,A2,0.382,model_predicted
3485,שנמצא,that was found / that is [at] (m.s.),A1,0.795,model_predicted
3486,קושי,difficulty / hardness,B2,0.354,model_predicted
3487,פוליטיים,political (m.pl.),B2,0.325,model_predicted
3488,עוסקת,deals / engages / works (f.s.),A1,0.542,model_predicted
3489,ערים,cities,A1,0.732,model_predicted
3490,חומה,wall,A1,0.616,model_predicted
3491,כמקום,as a place / as the place of,A1,0.561,model_predicted
3492,כביש,road,A1,0.753,model_predicted
3493,המזרחיים,the eastern (m.pl.),A2,0.382,model_predicted
3494,התחתונה,the bottom / the lower / the inferior (f.s.),A1,0.468,model_predicted
3495,הקדושים,the holy (m.pl.),B2,0.346,model_predicted
3496,העיתון,the newspaper,A1,0.723,model_predicted
3497,גילו,his age / discovered (pl.),A1,0.788,model_predicted
3498,רשימת,list of,A1,0.673,model_predicted
3499,רגלים,the pilgrim festivals / legs,C1,0.462,model_predicted
3500,סך,amount / total / procession,B1,1.0,concordance
3501,הקיפו,surrounded / encircled (pl.),C1,0.467,model_predicted
3502,המגינים,the defenders / that/who defend (m.pl.),A1,1.0,concordance
3503,ירו,shot / fired (pl.),A2,0.44,model_predicted
3504,הקונגרס,the congress,C1,0.276,model_predicted
3505,בשטחים,in the areas / in the territories / in areas / in territories,A2,0.507,model_predicted
3506,מתנדבים,volunteers,B1,0.304,model_predicted
3507,שנועד,that is/was intended for / that is/was destined for / that conferred (m.s.),A1,0.795,model_predicted
3508,התפשטות,spreading / undressing,C1,0.504,model_predicted
3509,מנע,prevented (m.s.) / prevention,C1,0.5,model_predicted
3510,המשותף,the common / the mutual / the shared (m.s.),B1,0.428,model_predicted
3511,המשבר,the crisis,B2,0.427,model_predicted
3512,ההכנות,the preparations,B1,0.352,model_predicted
3513,הסופית,the final (f.s.),A2,0.368,model_predicted
3514,ותחילת,and the beginning of,A2,0.375,model_predicted
3515,פיקד,commanded / ordered (m.s.),B2,0.371,model_predicted
3516,כבש,occupied / conquered (m.s.) / lamb / sheep / ramp,C1,0.439,model_predicted
3517,בציבור,in public / in the public of,B1,0.421,model_predicted
3518,מוגבלת,limited / restricted (f.s.),C1,0.399,model_predicted
3519,להעניק,to give,A1,0.47,model_predicted
3520,עצמן,themselves (f.pl.),A2,0.4,model_predicted
3521,היוותה,was (f.),A2,0.447,model_predicted
3522,בודד,lonely / single (m.s.),A1,0.327,model_predicted
3523,נתפסו,were caught / were perceived (pl.),A1,0.62,model_predicted
3524,מוצג,is introduced / is displayed / is presented / is exhibited (m.s.),C1,0.373,model_predicted
3525,ימיים,marine (m.pl.),B1,0.319,model_predicted
3526,לדגל,to the flag,A2,0.5,model_predicted
3527,לבחור,to select / to vote,B1,0.363,model_predicted
3528,שכללו,that included (pl.),A1,0.795,model_predicted
3529,שנכתב,that was written,A1,0.795,model_predicted
3530,קומה,floor / height,A1,0.664,model_predicted
3531,עיקריות,main / principal / primary (f.pl.),A2,0.498,model_predicted
3532,אורכו,its length / its duration,A1,0.823,model_predicted
3533,החברתית,the social (f.s.),B1,0.355,model_predicted
3534,הכוללת,that includes (f.s.),A1,0.795,model_predicted
3535,בקריירה,in a career / in the career,B1,0.424,model_predicted
3536,בעבודות,in works / in the works,A1,0.697,model_predicted
3537,באמנות,in art / in the art,A1,0.624,model_predicted
3538,ציר,axis / axle / hinge / delegate / sauce / contraction,A2,1.0,concordance
3539,נקראת,is read / is called (f.s.),A1,0.782,model_predicted
3540,מצויה,is [at] / common / available (f.s.),B1,0.428,model_predicted
3541,שאינן,that are not / that are not here (f.pl.),A1,0.795,model_predicted
3542,חייל,soldier,A2,0.408,model_predicted
3543,האסון,the disaster,C1,0.389,model_predicted
3544,דיכוי,suppression,C1,0.6,model_predicted
3545,דתיים,religious (m.pl.),B2,0.359,model_predicted
3546,במוזיאון,in a museum / in the museum,A1,1.0,concordance
3547,רחובות,streets,A1,0.824,model_predicted
3548,הכפיפה,subordinated (f.s),C1,0.68,model_predicted
3549,להר,to a mountain / to the mountain,A2,0.517,model_predicted
3550,אנושית,humane (f.s.),B2,0.376,model_predicted
3551,מתייחס,refers (m.s.),C1,0.439,model_predicted
3552,שירתו,served (pl.),A2,0.418,model_predicted
3553,הציבורית,the public (f.s.),B1,0.421,model_predicted
3554,עונות,seasons / answer (f.pl.),A1,0.494,model_predicted
3555,אמו,his mother,A1,0.788,model_predicted
3556,הצורה,the shape / the form / the manner,B1,0.373,model_predicted
3557,פילוסופיה,philosophy,C1,0.588,model_predicted
3558,הביקורת,the criticism / the inspection,C1,0.516,model_predicted
3559,תבליטים,embossments,C1,0.612,model_predicted
3560,הגדילה,the growth / enlarged / increased (f.s.),B1,0.318,model_predicted
3561,המושא,the object / the objective,A2,0.468,model_predicted
3562,הגיבור,the hero,B1,0.352,model_predicted
3563,לקבוצה,to/for a group / to/for the group,A1,0.462,model_predicted
3564,חוקרת,investigator / researcher / investigates / researches / inquires (f.s.),C1,0.393,model_predicted
3565,החלבונים,the proteins,C1,1.0,concordance
3566,הדקר,the pick,A2,0.476,model_predicted
3567,הגדילים,the fringes,C1,0.493,model_predicted
3568,השלשול,the diarrhea / the earthworm,C1,0.302,model_predicted
3569,העשב,the grass / the weed,A1,0.535,model_predicted
3570,משונה,weird / odd,A2,0.463,model_predicted
3571,קראה,read / called (f.s.),A1,0.782,model_predicted
3572,תראה,look (m.s. imperative) / she will see,A1,0.815,model_predicted
3573,ומיד,and immediately,B1,0.367,model_predicted
3574,חיה,living / alive (f.s.) / animal,A1,1.0,concordance
3575,יבשה,land,A2,0.429,model_predicted
3576,לדברי,according to,B1,0.344,model_predicted
3577,בבקשה,please / you are welcome,A1,0.678,model_predicted
3578,ציפורים,birds,A1,0.459,model_predicted
3579,יוכלו,will be able (m.pl.),A1,0.714,model_predicted
3580,מותר,allowed / permitted,B1,0.414,model_predicted
3581,שבא,that/who is coming / that/who came (m.s.),A1,1.0,concordance
3582,התפקיד,the role,B1,0.431,model_predicted
3583,השבת,return of / blowing of / the Sabbath / this Sabbath,B1,0.41,model_predicted
3584,נפצעו,were injured,A1,0.62,model_predicted
3585,לעבודה,to/for work / to/for the work,A1,0.697,model_predicted
3586,להתקדם,to advance / to progress,C1,0.412,model_predicted
3587,לבנים,white (m.pl.) / underwear / for boys / for the boys,A1,0.831,model_predicted
3588,נפתחה,opened (f.s.),A1,0.532,model_predicted
3589,נכבד,honorable / notable,C1,1.0,concordance
3590,מחיר,price,A1,0.593,model_predicted
3591,מחצית,half,A1,0.445,model_predicted
3592,קרובים,close / relatives (m.pl.),A1,0.352,model_predicted
3593,האמין,believed (m.s.),B2,0.411,model_predicted
3594,נאום,speech,B1,0.327,model_predicted
3595,נראית,is seen / seems / looks (f.s.),A1,0.769,model_predicted
3596,מגדלים,towers / grow / raise (m.pl.),A2,0.454,model_predicted
3597,מטעני,my baggage / my load / the baggage of / the loads of / the charges of,B1,0.351,model_predicted
3598,למסור,to give / to deliver,A1,0.47,model_predicted
3599,לנקוט,to take (measures / steps) / that/who stood / that/who was about to / that/who endured / that/who succeeded /,A1,1.0,concordance
3600,שעמד,she'amad / that/who insisted on (m.s.),A1,1.0,concordance
3601,קטעים,segments / sections,C1,0.299,model_predicted
3602,כלא,prison,B1,0.338,model_predicted
3603,האיכרים,the peasants / the farmers,C1,0.463,model_predicted
3604,החזק,the strong (m.s.) / hold / keep / own (m.s. imperative),B1,0.373,model_predicted
3605,גדלה,grew (f.s.),B1,0.37,model_predicted
3606,במי,[in] whom,A1,0.581,model_predicted
3607,בעודו,while he,A1,0.621,model_predicted
3608,נושאי,subjects of / carriers of,B1,0.354,model_predicted
3609,מאוחרים,late (adj.) (m.pl.),A1,0.812,model_predicted
3610,ימין,right,A1,0.749,model_predicted
3611,לירות,to shoot / to fire,A2,0.428,model_predicted
3612,לקחו,took (pl.),A1,0.35,model_predicted
3613,לסוג,to/for a kind / to/for a class / to/for a type / to/for the kind / to/for the class / to/for the type,A1,1.0,concordance
3614,שהצליח,that/who succeeded,A1,1.0,concordance
3615,עלות,cost,A1,0.634,model_predicted
3616,עקבות,traces / footprints,B2,0.44,model_predicted
3617,היחידים,the only (m.pl.),A1,0.742,model_predicted
3618,הפרש,difference,A1,0.506,model_predicted
3619,העל,the super-,A2,0.389,model_predicted
3620,הגומלין,the reciprocal / the mutual,C1,0.568,model_predicted
3621,הנשימה,the breath / the breathing,A2,0.332,model_predicted
3622,דחה,rejected / postponed,C1,0.43,model_predicted
3623,גובה,height / collects / collector (of money) (m.s.) / collects / collector (of money) (f.s.),A2,0.412,model_predicted
3624,בארמון,in a palace / in the palace,B1,0.299,model_predicted
3625,המפקדים,the commanders,B2,0.369,model_predicted
3626,ניתנה,was possible / was given (f.s.),A2,0.447,model_predicted
3627,למרד,to/for a rebellion / to/for the rebellion,C1,1.0,concordance
3628,ובסופו,and at its end,A1,0.823,model_predicted
3629,מהירה,fast / rapid / quick (f.s.),A2,0.439,model_predicted
3630,חיו,lived (pl.),A1,0.324,model_predicted
3631,ממדינות,from states / from the states of,A1,0.672,model_predicted
3632,לכיכר,to a square / to the square,A2,0.351,model_predicted
3633,הראשיים,the main / the principal (m.pl.),A2,0.498,model_predicted
3634,סברו,thought / assumed (pl.),B1,0.345,model_predicted
3635,לחומות,for/to walls / for/to the walls,A1,0.616,model_predicted
3636,ותוך,and the inside / and the content / and within,A1,0.547,model_predicted
3637,שרשרת,chain / necklace,B1,0.377,model_predicted
3638,הפוליטיים,the political (m.pl.),B2,0.325,model_predicted
3639,דתית,religious (f.s.),B2,0.359,model_predicted
3640,דתי,religious (m.s.),B2,0.359,model_predicted
3641,בקנה,in the barrel / in the shaft / in the trachea,B2,0.356,model_predicted
3642,בענייני,on matters of / on the matters of,A2,0.369,model_predicted
3643,סטודנטים,students,A1,1.0,concordance
3644,נתיב,path,A2,0.481,model_predicted
3645,לז,one (person),A1,1.0,concordance
3646,שמקורו,originated from (m.s.),C1,0.439,model_predicted
3647,בשורות,news / in line,A1,0.623,model_predicted
3648,בחירת,selection of / vote for,C1,0.353,model_predicted
3649,מחודשת,renewed (f.s.),C1,0.485,model_predicted
3650,לזכות,to win,A2,0.49,model_predicted
3651,תוכנן,their content (f.),A1,0.667,model_predicted
3652,כלכלית,economic (f.s.),B2,0.354,model_predicted
3653,הישיר,the direct (m.s.),B1,0.342,model_predicted
3654,התפתחו,developed (pl.),B2,0.344,model_predicted
3655,האינדיאנים,the Indians,A1,0.66,model_predicted
3656,הבסיסי,the basic,B1,1.0,concordance
3657,הראשוני,the preliminary / the primary (m.s.),C1,0.491,model_predicted
3658,בחודשים,in months / in the months [of],A1,0.827,model_predicted
3659,בנוי,built up (adj.) (m.s.),A2,0.434,model_predicted
3660,טבעית,natural (f.s.),B1,1.0,concordance
3661,ממשפחת,from the family of / from the [name] family,A1,1.0,concordance
3662,מוגדר,defined,C1,0.446,model_predicted
3663,מזכיר,secretary / reminds (m.s.),A2,0.378,model_predicted
3664,תפיסה,catch / capture / grasp / seizure / perception,B1,0.403,model_predicted
3665,חיבור,connection / link / linkage / joining / joint / junction,B1,1.0,concordance
3666,המידה,the measure / the size / the quality,B2,0.329,model_predicted
3667,המוקדמים,the early / the preliminary (m.pl.),A1,0.757,model_predicted
3668,הכשרה,training,B1,0.388,model_predicted
3669,הסופי,the final (m.s.),A2,0.368,model_predicted
3670,דמויי,-like / -form (m.pl.),A1,0.662,model_predicted
3671,ברובע,in the quarter / in a quarter / in the quarter of,A2,0.43,model_predicted
3672,נציגים,representatives,C1,0.495,model_predicted
3673,הרומאים,the Romans,A2,0.341,model_predicted
3674,ביישוב,in a settlement / in the settlement,C1,0.501,model_predicted
3675,המקראי,the biblical,C1,0.344,model_predicted
3676,קיומו,his existence / his survival / its holding / its fulfillment,A1,0.788,model_predicted
3677,באר,well,A1,0.773,model_predicted
3678,עיסוק,occupation / work,C1,0.469,model_predicted
3679,בנקודה,at a point / at the point,A1,0.452,model_predicted
3680,התפיסה,the catching / the capture / the grasp / the seizure / the perception,B1,0.382,model_predicted
3681,הנושאים,the subjects / the carriers,B1,0.354,model_predicted
3682,גרסאות,versions,B2,1.0,concordance
3683,מכילה,contains (f.s.),A2,0.363,model_predicted
3684,לתחייה,resurrected,C1,0.567,model_predicted
3685,שריר,muscle,A2,0.494,model_predicted
3686,התייחסות,reference,C1,0.458,model_predicted
3687,מקצועי,professional (m.s.),B1,1.0,concordance
3688,כמלך,as a king / as the king,A2,0.422,model_predicted
3689,המשמשים,that are used for (m.pl.),A1,0.795,model_predicted
3690,עבודותיו,his works,A1,0.788,model_predicted
3691,שחיה,swimming,A1,0.528,model_predicted
3692,היערן,the forester,B1,0.359,model_predicted
3693,הדב,the bear,A1,0.426,model_predicted
3694,הנך,you are / here you are (m.s.) / you are / here you are (f.s.),A1,0.851,model_predicted
3695,נחמד,nice,A1,0.689,model_predicted
3696,ועכשיו,and now,A1,0.694,model_predicted
3697,המשוכה,the hedge,C1,0.454,model_predicted
3698,להגיד,to say,A1,0.734,model_predicted
3699,הפלוגה,the company (mil.),A2,0.465,model_predicted
3700,בפנים,with [x] face / inside / on the face,A1,0.565,model_predicted
3701,ידיד,friend,A1,0.768,model_predicted
3702,לבו,his heart,A1,0.788,model_predicted
3703,שאמר,who said (m.s.),A1,1.0,concordance
3704,הירוק,the green (m.s.),A1,0.688,model_predicted
3705,בגדי,the clothes of / my clothes,A1,0.753,model_predicted
3706,שתהיה,that you will be (m.s.) / that will be (f.s.),A1,0.795,model_predicted
3707,יקר,dear / expensive (m.s.),A1,0.525,model_predicted
3708,גמר,end / finals,A1,0.621,model_predicted
3709,להראות,to show,A1,0.682,model_predicted
3710,הכלא,the prison,B1,0.338,model_predicted
3711,דיווח,report,A1,0.586,model_predicted
3712,רחוקות,far (f.pl.),A1,0.38,model_predicted
3713,מחלה,sickness,B2,0.37,model_predicted
3714,לרדת,to go down / to come down / to descend / to decrease,A2,0.353,model_predicted
3715,שבת,Saturday / Sabbath / went on strike (m.s.) / sitting / dwelling,A1,0.735,model_predicted
3716,קורה,happens / occurs / beam,B1,0.353,model_predicted
3717,אלון,oak,A2,0.337,model_predicted
3718,הסוהר,the warden,C1,0.33,model_predicted
3719,במשחקים,in the games / in games,A1,0.645,model_predicted
3720,מכתבים,letters,A1,0.786,model_predicted
3721,מהסוג,of the kind / of the class / of the type,A1,1.0,concordance
3722,תגובה,response,B1,0.451,model_predicted
3723,שומן,fat,A1,0.471,model_predicted
3724,שבר,fracture / fragment,C1,0.406,model_predicted
3725,איבד,lost (m.s.),A2,0.485,model_predicted
3726,אסף,collected (m.s.),C1,0.439,model_predicted
3727,הקודמים,the former / the previous (m.pl.),B1,0.356,model_predicted
3728,הספיק,was sufficient / was enough,A2,0.447,model_predicted
3729,דיון,discussion,A2,0.303,model_predicted
3730,בכתב,in writing,A1,0.611,model_predicted
3731,להתחיל,to start,A1,1.0,concordance
3732,תמך,supported (m.s.),C1,0.478,model_predicted
3733,וזו,and this (f.),A1,0.788,model_predicted
3734,שיצא,that/who went out / that/who came out (m.s.),A1,1.0,concordance
3735,קהל,public / crowd / audience,B1,0.421,model_predicted
3736,קריית,city of / suburb of / district of,A1,0.732,model_predicted
3737,אזרחי,civilian (m.s.),C1,0.386,model_predicted
3738,חצר,yard,A2,0.453,model_predicted
3739,מפעלי,plants of / factories of,A1,0.424,model_predicted
3740,לחקר,to/for the research of,B2,0.337,model_predicted
3741,לאסוף,to collect,B1,0.377,model_predicted
3742,להגיש,to serve / to submit / to present,A2,0.466,model_predicted
3743,ואינו,and is not / and is not here (m.s.),A1,0.569,model_predicted
3744,שאותה,that the same / that/who (f.s.),A1,1.0,concordance
3745,אמורה,supposed (f.s.),A2,0.393,model_predicted
3746,ארוכות,long (f.pl.),A1,0.78,model_predicted
3747,אצבעות,fingers,A2,1.0,concordance
3748,אסטרטגי,strategic,C1,0.469,model_predicted
3749,המקרה,the case / the event / the incident / the fortune / the chance,B1,1.0,concordance
3750,השמאלית,the left (adj.) / the left handed (f.s.),A1,0.619,model_predicted
3751,הקורא,the reader / who reads / that/who calls (m.s.),A1,1.0,concordance
3752,האקדמיה,the academy,C1,0.328,model_predicted
3753,דיבור,speech,B1,0.327,model_predicted
3754,בגדר,with a fence / with the fence / in the fence / within the limits of,B1,1.0,concordance
3755,רצים,run / runners (m.pl.),A1,0.742,model_predicted
3756,ניצחונות,victories,B1,0.321,model_predicted
3757,נתון,datum / given (m.s.),A2,0.296,model_predicted
3758,נקבות,females / tunnels,B1,1.0,concordance
3759,הגולה,the diaspora / the marble (game),C1,0.577,model_predicted
3760,דיביזיית,division,B2,1.0,concordance
3761,מתקפת,attack of,B1,0.362,model_predicted
3762,הסוחרים,the merchants / the dealers / the sellers,A2,0.364,model_predicted
3763,קפטן,captain,B1,0.354,model_predicted
3764,הפריצה,the breakthrough / the burglary / the irruption,C1,0.509,model_predicted
3765,הנוצרי,the Christian (m.s.),B1,0.29,model_predicted
3766,חוקה,constitution,B2,0.37,model_predicted
3767,הקשים,the difficult / the hard (m.pl.),A2,0.394,model_predicted
3768,רישום,record / sketch,A2,0.381,model_predicted
3769,שקדמה,that/who preceded (f.s.),A1,1.0,concordance
3770,שאותו,that the same / that/who (m.s.),A1,1.0,concordance
3771,עוצמת,power of / force of / intensity of,B1,0.397,model_predicted
3772,הוצאה,taking out / removal / expense / edition / publishing house,A2,0.308,model_predicted
3773,מתכת,metal,A2,0.437,model_predicted
3774,מוצרים,products,A2,0.555,model_predicted
3775,מפלגה,party (political),A1,1.0,concordance
3776,מערבית,western (f.s.),A2,0.506,model_predicted
3777,מגיל,from the age of / of joy,A1,0.672,model_predicted
3778,לוחות,boards,A2,0.429,model_predicted
3779,שיצאו,that/who went out / that/who came out (pl.),A1,1.0,concordance
3780,קהילת,community of,B1,0.337,model_predicted
3781,התיאטרון,the theater,A2,0.335,model_predicted
3782,הפילוג,the split,B2,0.417,model_predicted
3783,הזרם,the current / the flow / the stream / the trend,B2,0.327,model_predicted
3784,בדרגת,at a degree of / a rank of,A2,0.433,model_predicted
3785,ניצח,won (m.s.),A2,0.499,model_predicted
3786,מקומית,local (f.s.),A2,0.407,model_predicted
3787,למנות,to appoint / to count,C1,0.394,model_predicted
3788,פסיכולוגי,psychological,C1,0.465,model_predicted
3789,אחים,brothers / siblings / nurses (m.),A1,0.756,model_predicted
3790,אספקת,supply of,B1,0.361,model_predicted
3791,המוסלמית,the Muslim (f.s.),A2,0.348,model_predicted
3792,טבעיים,natural (m.pl.),B1,1.0,concordance
3793,סוסים,horses,A1,0.533,model_predicted
3794,נכתבו,were written,A1,0.62,model_predicted
3795,מנזר,monastery,C1,0.429,model_predicted
3796,הממצאים,the findings,A2,0.323,model_predicted
3797,בשדרות,in the boulevard / in the boulevard of,A2,0.372,model_predicted
3798,תחנת,station of,A1,1.0,concordance
3799,תכנון,plan / design / layout,B1,1.0,concordance
3800,בריכת,pool of,A2,1.0,concordance
3801,התאמה,suitability / fitting / adjustment / harmony / agreement,C1,0.514,model_predicted
3802,הציד,the hunt,A2,0.311,model_predicted
3803,במדי,in the uniform of,A2,1.0,concordance
3804,תוצר,product,A2,0.555,model_predicted
3805,ההבדלים,the differences,A1,0.506,model_predicted
3806,משיריו,from his poems,A1,0.672,model_predicted
3807,ואלוף,and a champion,B1,1.0,concordance
3808,הסימפוניה,the symphony,A2,0.299,model_predicted
3809,הכחדה,extermination / extinction,C1,0.617,model_predicted
3810,השחמט,the chess,A2,0.541,model_predicted
3811,חומצה,acid,A2,0.351,model_predicted
3812,בטמפרטורה,at a temperature,A1,0.647,model_predicted
3813,בועות,bubbles,B2,0.307,model_predicted
3814,הנעליים,the shoes,A1,0.621,model_predicted
3815,האינדוקציה,the induction,C1,0.616,model_predicted
3816,חלף,passed (m.s.),A2,0.41,model_predicted
3817,זבוב,fly,A2,0.469,model_predicted
3818,לזאת,for this (f.),A1,0.788,model_predicted
3819,היית,you were (f.s.) / you were (m.s.),A1,0.851,model_predicted
3820,מובן,understood / meaning / sense,B1,0.326,model_predicted
3821,לרוץ,to run,A1,0.742,model_predicted
3822,העוברים,that/who pass / the transients (m.pl.) / the embryos / the fetuses,A1,1.0,concordance
3823,בשבילי,for me,A1,0.77,model_predicted
3824,מוזר,strange / weird,A2,0.459,model_predicted
3825,לעוף,to fly,A2,0.469,model_predicted
3826,שמי,my name,A1,1.0,concordance
3827,אגב,by the way / while,A1,0.731,model_predicted
3828,התחילה,started (f.s.),A1,0.55,model_predicted
3829,דמי,my blood / hematic / the blood of / fee of,A2,0.403,model_predicted
3830,לעת,at a time of / for the time,A1,0.757,model_predicted
3831,מאכל,food / dish,A1,0.838,model_predicted
3832,יוצאים,going out / coming out (m.pl.),A1,0.708,model_predicted
3833,לחשוף,to expose,C1,0.396,model_predicted
3834,מסחר,commerce / trade,B1,0.299,model_predicted
3835,ירדו,went down / came down / descended / decreased (pl.),A1,0.701,model_predicted
3836,פרח,flower / blossomed (m.s.),A1,0.649,model_predicted
3837,חייבים,must (m.pl.) / debtors,A1,0.481,model_predicted
3838,סביבה,area,A2,0.507,model_predicted
3839,נשאו,carried / married (pl.),A2,0.391,model_predicted
3840,לכמה,to/for how many / to/for how much,A1,0.725,model_predicted
3841,ובאופן,and in a way,A1,0.731,model_predicted
3842,אירע,happened / occurred (m.s.),A1,0.438,model_predicted
3843,מחשש,for the fear of,B1,0.347,model_predicted
3844,מחזור,cycle / circulation / turnover / class [of year X] / period / prayer book,B1,0.333,model_predicted
3845,מרים,lifts (m.s.),B1,0.494,model_predicted
3846,למסע,on a journey / on the journey,A2,0.359,model_predicted
3847,לאלה,to/for these / to/for a goddess / to/for the goddess,A1,0.728,model_predicted
3848,תשומת,paying [attention],A2,0.422,model_predicted
3849,אילן,tree,A1,0.766,model_predicted
3850,כבדים,heavy (m.pl.),B1,0.399,model_predicted
3851,מובהק,unmistakable / significant (m.s.),C1,0.594,model_predicted
3852,מפת,map of,A2,0.521,model_predicted
3853,מצדו,from his side / as far as he is concerned,A1,0.672,model_predicted
3854,יעילה,effective / efficient (f.s.),B2,0.383,model_predicted
3855,יאיר,will illuminate (m.s.),A1,0.714,model_predicted
3856,יזם,initiated / promoter / entrepreneur,C1,0.514,model_predicted
3857,למכור,to sell,A2,0.414,model_predicted
3858,להימלט,to escape,B1,0.354,model_predicted
3859,שהיוו,that/who were / that/who constituted,A1,1.0,concordance
3860,שהגיעה,that/who arrived (f.s.),A1,1.0,concordance
3861,קלע,bullet / sling / marksman / hit,A2,0.456,model_predicted
3862,חמורה,serious / severe (f.s.),B1,0.492,model_predicted
3863,חול,sand / secular,B1,1.0,concordance
3864,אדיר,great / mighty / powerful (m.s.),A1,0.448,model_predicted
3865,חדרו,his room / penetrated / intruded (pl.),A1,0.788,model_predicted
3866,אבו,his tender years / father of (Arabic),A1,0.788,model_predicted
3867,כמויות,quantities / amounts,C1,0.554,model_predicted
3868,כהן,priest / Cohen,B2,0.325,model_predicted
3869,המתנגדים,the objectors,C1,0.492,model_predicted
3870,המובילים,the leaders / the transporters / the carriers (m.),B1,0.287,model_predicted
3871,הולכים,walk / go (m.pl.),A1,0.834,model_predicted
3872,החלוץ,the pioneer,C1,0.585,model_predicted
3873,הזכויות,the rights / the privileges,A1,0.749,model_predicted
3874,הביע,expressed (m.s.),C1,0.536,model_predicted
3875,הריכוז,the concentration,C1,0.42,model_predicted
3876,הסדירה,the regular / settled / arranged / regulated (f.s.),B2,0.342,model_predicted
3877,גוש,lump / block / mass / region,B1,1.0,concordance
3878,בממשלה,in a government / in the government,B2,0.304,model_predicted
3879,ביערות,in forests / in the forests,A1,0.401,model_predicted
3880,בודדים,lonely / single / few (m.pl.),A1,0.327,model_predicted
3881,בעץ,in a tree / in wood / in the tree / in the wood,A1,0.766,model_predicted
3882,בסיום,at the end of / at the end,A1,0.621,model_predicted
3883,בסכנת,in danger of / at risk,B2,0.335,model_predicted
3884,רכבות,trains,A1,0.675,model_predicted
3885,נמצאה,was found / was [at] (f.s.),A2,0.447,model_predicted
3886,נקראה,was read / was called (f.s.),A2,0.447,model_predicted
3887,נחשבים,are considered (m.),A1,0.786,model_predicted
3888,המסדר,that/who arranges (m.s.) / the lineup / the parade,A1,1.0,concordance
3889,לגייס,to recruit,C1,0.42,model_predicted
3890,הספינות,the ships,A2,0.431,model_predicted
3891,ממשל,government,B2,0.304,model_predicted
3892,משלחת,expedition / delegation,B1,1.0,concordance
3893,הקימו,established / built (pl.),C1,0.426,model_predicted
3894,בראשותו,headed by him / led by him,B1,0.345,model_predicted
3895,נרחבת,wide / broad (f.s.),B1,0.345,model_predicted
3896,משפטי,my sentence / my trial / judicial,A1,0.521,model_predicted
3897,ספורים,are counted (m.pl.),A1,0.786,model_predicted
3898,יצרה,created / made (f.s.),B1,0.388,model_predicted
3899,שמר,kept / guarded / protected (m.s.),B1,0.436,model_predicted
3900,קהילה,community,B1,0.337,model_predicted
3901,חש,felt / rushed (m.s.),A2,0.327,model_predicted
3902,היכן,where,A1,0.782,model_predicted
3903,נעשתה,was done / became (f.s),A2,0.447,model_predicted
3904,מסעות,journeys,A2,0.359,model_predicted
3905,שליט,ruler,B1,0.358,model_predicted
3906,חברתיים,social (m.pl.),B1,0.355,model_predicted
3907,כמקור,as a source / as a beak,B2,0.329,model_predicted
3908,בקולנוע,at a cinema / at the cinema,A1,0.704,model_predicted
3909,נשיפה,exhalation / blow,C1,0.435,model_predicted
3910,נהרס,was destroyed / was demolished (m.s.),A2,0.447,model_predicted
3911,מיעוט,minority,C1,0.559,model_predicted
3912,מדויק,precise / accurate (m.s.),B2,0.368,model_predicted
3913,למעמד,to/for a position / to/for a class / to/for a pedestal / to/for a scene / to/for the position / to/for the class / to/for the pedestal / to/for the scene,B1,1.0,concordance
3914,לאיחוד,to/for a union / to/for the union,B1,1.0,concordance
3915,התקיימה,existed / took place / was held (f.s.),C1,0.498,model_predicted
3916,התגלה,was discovered (m.s.),A2,0.447,model_predicted
3917,הגרסה,the version,B2,1.0,concordance
3918,הניתן,that is possible / that is given (m.s.),A1,0.795,model_predicted
3919,בוגר,mature / adult / graduate,C1,0.436,model_predicted
3920,בפיתוח,in development / in the development of / in the development,C1,0.457,model_predicted
3921,בדמות,in the shape of / in the image of,B1,0.373,model_predicted
3922,ציבור,public,B1,0.421,model_predicted
3923,נתונה,given / that is situated (f.s.),A2,0.417,model_predicted
3924,מאוחרת,late (f.s.),A1,0.812,model_predicted
3925,מדרגות,stairs,A2,0.457,model_predicted
3926,ייחודי,unique (m.s.),C1,0.308,model_predicted
3927,למותו,[to] his death,A1,0.788,model_predicted
3928,לדעתו,in his opinion,A1,0.788,model_predicted
3929,וכו,etc.,A2,0.393,model_predicted
3930,עמה,her people / her nation / with her,B2,1.0,concordance
3931,עופות,birds,A1,0.459,model_predicted
3932,זמנו,his time,A1,0.788,model_predicted
3933,בולטים,protruding / stand out (m.pl.),A2,1.0,concordance
3934,קורס,course,A1,0.575,model_predicted
3935,בשמות,[in] the names of / [in] names,A1,1.0,concordance
3936,רשמיים,official (m.pl.),B1,0.381,model_predicted
3937,ממצאים,findings,A2,0.323,model_predicted
3938,לפעולות,to/for actions / to/for operations / to/for the actions of / to/for the operations of / to/for the actions / to/for the operations,B1,0.468,model_predicted
3939,תוספת,addition / supplement,C1,0.341,model_predicted
3940,דב,bear,A1,0.426,model_predicted
3941,משבר,crisis / wave,B2,0.427,model_predicted
3942,מאותה,from the same (f.s.),A1,0.672,model_predicted
3943,משטח,surface / plane / platform / smear,A2,0.339,model_predicted
3944,למבנה,to/for a building/construction / to/for the building/construction,A1,0.534,model_predicted
3945,הקשורות,that are tied / that are linked / that are connected (f.pl.),A1,0.795,model_predicted
3946,המבקרים,the visitors / the critics / the inspectors,B1,0.367,model_predicted
3947,חנה,parked,A2,0.499,model_predicted
3948,המקורות,the sources / the text,A2,1.0,concordance
3949,רפואיים,medical (m.pl.),A1,0.389,model_predicted
3950,המתמטי,the mathematical (m.s.),C1,0.354,model_predicted
3951,פארק,park,A1,1.0,concordance
3952,ניסויים,experiments / trials,B1,1.0,concordance
3953,השחייה,the swimming,A1,0.528,model_predicted
3954,המרחבי,the spatial,C1,0.396,model_predicted
3955,הורמונים,hormones,B2,0.386,model_predicted
3956,העופות,the birds,A1,0.459,model_predicted
3957,האלמוג,the coral,B1,0.338,model_predicted
3958,אפשרה,enabled / facilitated (f.s.),B1,0.446,model_predicted
3959,ידעתי,I knew,A1,0.632,model_predicted
3960,ואלך,and I will go / and I will walk,A1,0.714,model_predicted
3961,והגזיר,and the chip,A1,1.0,concordance
3962,אתן,you (f.pl.) / I will give / with them (f.pl.),A1,0.851,model_predicted
3963,חפצתי,I wanted,A1,0.727,model_predicted
3964,באויר,in the air,A2,0.434,model_predicted
3965,שאתם,that you (m.pl.),A1,0.795,model_predicted
3966,שכבו,lay down (pl.),B1,0.363,model_predicted
3967,לשכב,to lie down,B1,0.396,model_predicted
3968,שמעו,heard (pl.),A1,0.599,model_predicted
3969,ישבה,sat (f.s.),A1,0.746,model_predicted
3970,אנה,where to / hither and thither,A1,0.782,model_predicted
3971,התסיסה,the fermentation / the unrest,B2,0.361,model_predicted
3972,העלמה,Miss / the lass / the maiden / hiding / concealing / evasion (tax),A1,0.626,model_predicted
3973,לוקח,takes (m.s.),A1,0.488,model_predicted
3974,מכבי,Maccabee,A2,0.35,model_predicted
3975,ההיא,that one (f.),A1,0.795,model_predicted
3976,גבו,his back / charged / collected (money) (pl.),A1,0.788,model_predicted
3977,סביבו,around him,A2,0.358,model_predicted
3978,פתחה,opened (f.s.),A1,0.532,model_predicted
3979,ברק,lightning,B1,0.34,model_predicted
3980,מאמן,trainer / coach,B1,0.393,model_predicted
3981,קורא,reader / reads / calls (m.s.),A2,0.41,model_predicted
3982,ענפים,branches / fields,B2,0.299,model_predicted
3983,האחר,the other (m.s.),A1,0.577,model_predicted
3984,ריח,smell / scent / aroma / odor,A1,0.321,model_predicted
3985,צפוי,expected / anticipated (m.s.),B1,0.439,model_predicted
3986,מיליארד,billion,A2,0.449,model_predicted
3987,מטוס,airplane,A2,0.468,model_predicted
3988,עלולה,might (f.s.),A1,0.454,model_predicted
3989,אהבה,love,A1,0.772,model_predicted
3990,הפה,the mouth,A1,0.433,model_predicted
3991,נסיון,experience / trial,B1,0.455,model_predicted
3992,מיום,from [day / date] / from the day [that],A1,0.672,model_predicted
3993,התחילו,started (pl.),A1,0.55,model_predicted
3994,הארוך,the long (m.s.),A1,0.78,model_predicted
3995,הצבע,the color,A1,0.742,model_predicted
3996,בידו,in his hand / on his hand,A1,1.0,concordance
3997,רמה,height / level,A2,0.412,model_predicted
3998,לעם,to/for a people / to/for the people,A1,0.75,model_predicted
3999,לחברה,[to/for] a company / [to/for] the company / to/for a friend / to/for a member (f.) / to/for the friend / to/for the member (f.),A2,0.465,model_predicted
4000,להוביל,to lead / to transport,B1,0.39,model_predicted
4001,להרחיב,to widen / to to broaden,C1,0.459,model_predicted
4002,לבדוק,to examine / to test,B1,0.352,model_predicted
4003,תצוגה,display / show,A2,0.4,model_predicted
4004,ואינם,and are not / and are not here (m.pl.),A1,0.786,model_predicted
4005,שנמשך,that lasted / that was pulled / that was attracted / that was withdrawn (m.s.),A1,0.795,model_predicted
4006,זמנים,times,A1,0.757,model_predicted
4007,המחשבה,the thought,B1,0.345,model_predicted
4008,המצויים,that are [at] / the common / the available (m.pl.),A1,0.795,model_predicted
4009,דומות,similar / resembling (f.pl.),A2,0.375,model_predicted
4010,דבריו,his words / his things,A1,0.788,model_predicted
4011,גבוהים,high / tall (m.pl.),A2,0.387,model_predicted
4012,בלשון,in the language of / with a tongue / with the tongue,A1,0.751,model_predicted
4013,בשלבים,in stages / in phases,B2,1.0,concordance
4014,בגודל,at a size of,A1,0.47,model_predicted
4015,מכשולים,obstacles / hurdles,C1,0.352,model_predicted
4016,מצוין,excellent,A2,0.423,model_predicted
4017,למאבק,to/for struggle / to/for a fight / to/for a conflict / to/for the struggle / to/for the fight / to/for the conflict,B2,0.423,model_predicted
4018,למרכז,to a center / to the center of / to the center,A1,0.505,model_predicted
4019,תעופה,aviation,A2,0.381,model_predicted
4020,קרני,beams of / rays of / horns of / my honor,B2,1.0,concordance
4021,פתוחים,open (m.p.),A1,0.637,model_predicted
4022,פס,stripe / rail,B1,0.317,model_predicted
4023,איכות,quality,B2,0.363,model_predicted
4024,חלונות,windows,A1,0.772,model_predicted
4025,אחותו,his sister,A1,0.788,model_predicted
4026,המדיניות,the policy,B2,0.381,model_predicted
4027,התמוטט,collapsed (m.s.),C1,0.515,model_predicted
4028,התקבלו,were accepted (pl.),A1,0.62,model_predicted
4029,הקרוב,the close / the relative / the next (m.s.),A1,0.352,model_predicted
4030,העליונות,the supremacy / the superiority,C1,0.627,model_predicted
4031,האמן,believe (m.s. imperative) / the artist,B1,0.388,model_predicted
4032,החיסון,the immunization / the vaccination,C1,0.464,model_predicted
4033,בינה,between her / intelligence / wisdom,A2,0.322,model_predicted
4034,בתנועה,in motion / in a movement / in the motion / in the movement / in traffic,B1,0.499,model_predicted
4035,בפיקוד,in the headquarters / under the command of,B2,0.355,model_predicted
4036,בעתיד,in the future,B1,0.347,model_predicted
4037,נשקם,their weapon,A1,0.667,model_predicted
4038,נחשבו,were considered,A1,0.62,model_predicted
4039,למתקפה,on an attack / on the attack,B1,0.362,model_predicted
4040,תותחים,cannons,B2,0.315,model_predicted
4041,העקירה,the uprooting / the displacement,C1,0.631,model_predicted
4042,צי,navy / armada,B1,0.291,model_predicted
4043,מלחים,salts / sailors,A2,0.394,model_predicted
4044,לחמו,fought (pl.) / his bread,B1,0.372,model_predicted
4045,וכלל,and a rule / and [not] at all / and included (m.s.),A1,1.0,concordance
4046,קיצוני,extreme / extremist / radical (m.s.),C1,0.376,model_predicted
4047,למדינת,to/for the state of,A2,0.303,model_predicted
4048,שבויים,prisoners (of war),A2,1.0,concordance
4049,חמושים,armed (m.pl.),B1,0.379,model_predicted
4050,הועלו,were raised / were lifted / were increased / were brought up,A1,0.62,model_predicted
4051,רובים,rifles,A2,0.439,model_predicted
4052,נתקלו,came up against / bumped into (pl.),A1,0.759,model_predicted
4053,לחוף,to a beach / on the beach of / to the beach,A1,0.706,model_predicted
4054,התומכים,the supporters,C1,0.439,model_predicted
4055,שניסו,who tried (pl.),A1,1.0,concordance
4056,איים,islands,A2,0.383,model_predicted
4057,אדמות,lands,A2,0.429,model_predicted
4058,דרשו,required / demanded / preached / interpreted (pl.),A2,0.375,model_predicted
4059,בעיקרו,mainly / principally,B1,0.344,model_predicted
4060,פעלה,acted / operated (f.s.),B1,0.473,model_predicted
4061,עידן,era,A2,0.293,model_predicted
4062,אמונה,faith / belief,B2,0.402,model_predicted
4063,חטיבת,the brigade of / the section of,C1,0.447,model_predicted
4064,באוכלוסייה,in the population / in a population,B1,0.362,model_predicted
4065,ניהל,managed / conducted (m.s.),C1,0.368,model_predicted
4066,שהביאה,that/who brought (f.s.),A1,1.0,concordance
4067,שנודע,that/who was known / that/who became known (m.s.),A1,1.0,concordance
4068,הממלכה,the kingdom,B2,0.311,model_predicted
4069,מודל,model,C1,0.358,model_predicted
4070,ובעקבות,and in the footsteps of / and following / and as a result of,B1,0.396,model_predicted
4071,שפע,plenty / yield abundantly,A2,0.484,model_predicted
4072,אישיים,personal,A2,0.446,model_predicted
4073,חקירה,investigation / research / inquiry,B2,0.37,model_predicted
4074,חזקים,strong (m.pl.),B1,0.373,model_predicted
4075,המוכרים,the known / the familiar,A1,0.636,model_predicted
4076,השליט,the ruler / the sovereign,B1,0.358,model_predicted
4077,הקושי,the difficulty / the hardness,B2,0.354,model_predicted
4078,הרגליים,the legs,A1,0.752,model_predicted
4079,סביר,reasonable / likely (m.s.),C1,0.488,model_predicted
4080,משמאל,on the left / from the left,A1,0.619,model_predicted
4081,אלמנטים,elements,B2,1.0,concordance
4082,הממוצע,the average,B1,0.351,model_predicted
4083,המשווה,the equator,C1,0.371,model_predicted
4084,הפרדה,separation,C1,0.506,model_predicted
4085,האבן,the stone,A2,0.46,model_predicted
4086,הדגים,demonstrated (m.s.) / the fish (pl.),C1,0.5,model_predicted
4087,הציור,the painting / the drawing,A1,0.509,model_predicted
4088,דיפלומטיה,diplomacy,C1,0.404,model_predicted
4089,בריכוז,at a concentration of,C1,0.42,model_predicted
4090,סנטימטרים,centimeters,B1,0.265,model_predicted
4091,נוסד,was founded (m.s.),A2,0.447,model_predicted
4092,המצוק,the cliff,B1,1.0,concordance
4093,במת,stage of,B1,0.447,model_predicted
4094,ליהודי,to/for a Jew / to/for the Jew,B2,0.313,model_predicted
4095,נציגי,the representatives of,C1,0.495,model_predicted
4096,אקצה,I will allocate,A1,0.714,model_predicted
4097,חיבר,connected / linked (m.s.),B1,0.449,model_predicted
4098,הגופים,the bodies,A1,0.568,model_predicted
4099,לבניין,to/for a building / for the building of / to/for the building,A1,0.534,model_predicted
4100,התפתח,developed (m.s.),B2,0.344,model_predicted
4101,התרחשה,happened / occurred / took place (f.s.),A1,0.438,model_predicted
4102,נובעת,stems from / derived from / spouts (f.s.),B1,0.385,model_predicted
4103,ייצוג,representation,C1,0.612,model_predicted
4104,עצמות,bones,A2,0.42,model_predicted
4105,חזיר,pig,A1,0.517,model_predicted
4106,האימה,the fear / the terror,B2,1.0,concordance
4107,ערכים,values,B2,0.31,model_predicted
4108,בטבע,in nature,B1,0.372,model_predicted
4109,הפרי,the fruit,A1,0.794,model_predicted
4110,יצירותיו,his creations / his works of art / his compositions,A1,0.788,model_predicted
4111,לפיסול,to/for sculpture / to/for the sculpture,C1,0.307,model_predicted
4112,התסריט,the script,B1,0.353,model_predicted
4113,האקספרסיוניזם,the expressionism,C1,0.645,model_predicted
4114,בפיסול,[in] sculpture / [in] the sculpture,C1,0.307,model_predicted
4115,ביצירה,in a formation / in a creation / in a work of art / in a composition / in the formation / in the creation / in the work of art / in the composition,C1,0.435,model_predicted
4116,הפותחת,that opens (f.s.),A1,0.795,model_predicted
4117,אסורים,forbidden / imprisoned (m.pl.),B1,0.373,model_predicted
4118,התרופה,the medication / the drug,A2,0.417,model_predicted
4119,עירויי,transfusions of,C1,0.421,model_predicted
4120,כמתאגרף,as a boxer,A2,0.53,model_predicted
4121,בביולוגיה,in biology / in the biology,B2,0.413,model_predicted
4122,חשמלי,electric,B1,0.378,model_predicted
4123,משחות,creams / ointments,A2,0.503,model_predicted
4124,הקרחונים,the icebergs,A2,0.283,model_predicted
4125,מוטב,preferably / better / beneficiary,B1,0.351,model_predicted
4126,שמתי,I placed / I put,B1,0.457,model_predicted
4127,זבובים,flies,A2,0.469,model_predicted
4128,הביטו,looked (pl.),A1,0.734,model_predicted
4129,בדעתי,I intend to,B2,0.358,model_predicted
4130,ירוקים,green (m.pl.),A1,0.688,model_predicted
4131,החולות,the sands,B1,1.0,concordance
4132,מרגיש,feels / senses (m.s.),A1,0.452,model_predicted
4133,לבה,her heart / lava,A1,0.819,model_predicted
4134,החובל,the seaman,B2,0.334,model_predicted
4135,שקלים,Shekels (Israeli currency),B2,0.367,model_predicted
4136,כביר,huge / great,A2,0.381,model_predicted
4137,האמיתיים,the real (m.pl.),A2,0.384,model_predicted
4138,מוכרח,must (m.s.),A1,0.481,model_predicted
4139,מחסומים,barriers / blocks,B1,1.0,concordance
4140,חכם,smart / wise,A2,0.424,model_predicted
4141,כתבה,wrote (f.s.) / reportage,A1,0.465,model_predicted
4142,המלאה,the full / the complete (m.s.),A1,0.625,model_predicted
4143,למרגלות,at the feet of,A1,0.703,model_predicted
4144,אכלו,ate (pl.),B1,0.298,model_predicted
4145,הישנה,the old (f.s.) / the sleeping (f.s.),A1,0.717,model_predicted
4146,באים,coming (m.pl.),A1,0.66,model_predicted
4147,להכין,to prepare,B1,0.456,model_predicted
4148,התעלה,rose above / excelled (m.s.),B1,1.0,concordance
4149,בשבוע,in the week / per week / in a week / per week,A1,0.777,model_predicted
4150,בטקס,in a ceremony / during the ceremony,B2,0.36,model_predicted
4151,להוסיף,to add,A2,0.431,model_predicted
4152,הלחץ,the pressure / the stress,B1,1.0,concordance
4153,הסוסים,the horses,A1,0.533,model_predicted
4154,הנפש,the soul / the spirit / the life,B2,0.405,model_predicted
4155,בינוני,mediocre,C1,0.536,model_predicted
4156,רוחות,winds / ghosts,A1,1.0,concordance
4157,נעשית,is done (f.s.),A1,0.59,model_predicted
4158,מעצמות,great nations / of bones,B2,1.0,concordance
4159,ידיים,hands,A1,1.0,concordance
4160,לאחת,to/for one (f.),A1,0.821,model_predicted
4161,תלויים,are hung / depending on (m.pl.),A1,0.786,model_predicted
4162,תחושת,feeling of / sensation of,B2,1.0,concordance
4163,ובלתי,and im- / and in- / and un- / and dis- / and except,B1,0.306,model_predicted
4164,ובני,and my son / and my sons,A1,0.713,model_predicted
4165,קמה,stood up / woke up / was established (f.s.) / standing corn,B1,0.399,model_predicted
4166,העתיד,the future,B1,0.347,model_predicted
4167,הגיש,served / submitted / presented (m.s.),A2,0.418,model_predicted
4168,הציגו,introduced / displayed / presented / exhibited (pl.),C1,0.373,model_predicted
4169,הסכימו,agreed (pl.),B1,0.376,model_predicted
4170,במורד,down a / down the,A2,0.353,model_predicted
4171,בקצב,in a rhythm / in the rhythm,B2,0.396,model_predicted
4172,צדקה,charity,B2,0.351,model_predicted
4173,סופה,her end / its end / storm,A1,0.819,model_predicted
4174,משחת,cream of / ointment of,A2,0.503,model_predicted
4175,מפעיל,operates / operator (m.s.),B2,1.0,concordance
4176,מעמדו,his position / his status / his class,C1,1.0,concordance
4177,מזרחית,eastern / east of (f.s.),A2,0.382,model_predicted
4178,מרחב,space,A2,0.514,model_predicted
4179,למין,to/for a kind / to/for a species / to/for a gender / to/for a sex / to/for the kind / to/for the species / to/for the gender / to/for the sex,B1,1.0,concordance
4180,לשנה,for the year / for a year / per year,A1,0.821,model_predicted
4181,לעניין,in the matter of / to the point,A2,0.369,model_predicted
4182,להשתלט,to take control of,B1,1.0,concordance
4183,לצדו,by his side,A1,0.788,model_predicted
4184,וטען,and claimed / and argued (m.s.),C1,0.428,model_predicted
4185,שליד,that/who is near / that/who is next to,A1,1.0,concordance
4186,שוכן,live / dwell (m.s.),B1,1.0,concordance
4187,שאלות,questions,A1,0.719,model_predicted
4188,שנעשו,that were done / that/who became,A1,1.0,concordance
4189,ערי,cities of,A1,0.732,model_predicted
4190,חיובית,positive (f.s.),B1,0.393,model_predicted
4191,זרעים,seeds,A2,0.387,model_predicted
4192,כלכלת,the economy of,B2,0.344,model_predicted
4193,המלכותי,the royal (m.s.),B1,0.34,model_predicted
4194,המחאה,check / the protest,B2,1.0,concordance
4195,הפסיק,stopped / ceased (m.s.),B1,0.423,model_predicted
4196,הפסקת,break of / intermission of,A1,0.4,model_predicted
4197,העתידית,the future / the prospective / the futuristic (f.s.),B1,0.347,model_predicted
4198,החלקים,the parts / the smooth / the slippery (m.pl.),A1,0.578,model_predicted
4199,החלפת,replacement of / change of,C1,0.38,model_predicted
4200,הכוכבים,the stars,A2,0.46,model_predicted
4201,בשילוב,in combination,B2,0.4,model_predicted
4202,בדרכם,on their way / their way,A1,0.667,model_predicted
4203,סופי,final (m.s.),A2,0.368,model_predicted
4204,מברק,telegram,A2,0.346,model_predicted
4205,ללחימה,for warfare / for the warfare,C1,0.418,model_predicted
4206,לדון,to discuss / to judge,C1,0.448,model_predicted
4207,כוחם,their power / their force / their strength,A1,0.667,model_predicted
4208,מצודת,the fortress of / the castle of,C1,0.44,model_predicted
4209,שופטים,judges,B1,0.358,model_predicted
4210,פרצה,broke into / broke out / burst (f.s.),B1,0.341,model_predicted
4211,אספקה,supply,B1,0.361,model_predicted
4212,המבצע,the operation / the sale,B1,0.404,model_predicted
4213,הקומוניסטים,the communists / the communist (pl.),C1,0.355,model_predicted
4214,להגנת,to/for the defense of,B2,0.371,model_predicted
4215,השטחים,the areas / the fields / the territories,A2,0.507,model_predicted
4216,מסים,taxes,A2,0.309,model_predicted
4217,שהחלה,that started (f.s.),A1,0.795,model_predicted
4218,קיצוניים,extremes / extremists / radicals / radical (m.pl.),C1,0.376,model_predicted
4219,פיקוד,command,A2,0.506,model_predicted
4220,היסטוריונים,historians,C1,0.38,model_predicted
4221,העדיפו,preferred (pl.),A2,0.402,model_predicted
4222,בשטחי,in the areas of / in the fields of / in the territories of,A2,0.507,model_predicted
4223,נאמנים,loyal / trustees (m.pl.),C1,0.424,model_predicted
4224,מבצעים,who perform (m.pl.),A1,1.0,concordance
4225,חופי,of a beach,A1,0.706,model_predicted
4226,העיקריות,the main / the principal / the primary (f.pl.),A2,0.498,model_predicted
4227,נוקשה,stiff / rigid / tough,C1,0.379,model_predicted
4228,עוררה,woke / has excited (f.s.),B1,0.387,model_predicted
4229,המערביים,the western (m.pl.),A2,0.506,model_predicted
4230,האחראי,the responsible / the person in charge (m.s.),A1,1.0,concordance
4231,הצלחת,success of / the plate,B1,0.367,model_predicted
4232,רכושם,their property,A1,0.667,model_predicted
4233,נמנע,was/is prevented / abstains (m.s.),A2,0.447,model_predicted
4234,ממקום,from a place / from the place of,A1,0.672,model_predicted
4235,לרכוש,to acquire / to/for property / to/for the property,C1,0.404,model_predicted
4236,שנחשב,that/who is considered (m.s.),A1,1.0,concordance
4237,אמצע,middle,A2,0.418,model_predicted
4238,זיכרון,memory,A2,0.312,model_predicted
4239,הסיפורים,the stories,A1,0.7,model_predicted
4240,ביצירתו,in its formation / in its creation / in his artistic work / in his composition,A1,0.823,model_predicted
4241,מנהרות,tunnels,B1,1.0,concordance
4242,לימוד,study,A1,0.531,model_predicted
4243,להב,blade / flame / blaze,B1,0.336,model_predicted
4244,לגידול,for the growth of / for the increase of / [for/to] a tumor / for the growth / for the increase / for the tumor,B1,0.318,model_predicted
4245,תקופות,periods / eras,A2,0.396,model_predicted
4246,תפוצה,distribution,C1,0.482,model_predicted
4247,תפקידים,roles,B1,0.431,model_predicted
4248,שפרסם,that/who published / that/who advertised,A1,1.0,concordance
4249,המקובלת,the accepted / the conventional / the popular (f.s.),C1,0.402,model_predicted
4250,היותו,being (m.s.),B1,0.297,model_predicted
4251,הוצע,was proposed / was suggested / was offered,A2,0.447,model_predicted
4252,הוצב,was posted / was placed (m.s.),A2,0.447,model_predicted
4253,הפדרציה,the federation,C1,0.433,model_predicted
4254,הערך,the value,B2,0.31,model_predicted
4255,האסלאמית,the Islamic (f.s.),B2,0.298,model_predicted
4256,הבחירה,the selection / the choice,C1,0.353,model_predicted
4257,הצלחתו,his/its success,A1,0.788,model_predicted
4258,הצורות,the shapes / the forms,B1,0.373,model_predicted
4259,ביטויים,expressions,B2,0.357,model_predicted
4260,בריכות,pools,A2,1.0,concordance
4261,נפוצים,common (m.pl.),B1,0.428,model_predicted
4262,הלגיון,the legion,C1,0.425,model_predicted
4263,בפינת,at the corner of,A2,0.477,model_predicted
4264,הסלע,the rock,A2,0.48,model_predicted
4265,הלאומיים,the national (m.pl.),A2,1.0,concordance
4266,קפה,coffee,A1,0.838,model_predicted
4267,הצמחייה,the flora,B1,0.381,model_predicted
4268,מאידך,on the other hand,A1,1.0,concordance
4269,מייצרים,produce (m.pl.),A2,0.331,model_predicted
4270,משתתפים,participants / participate (m.pl.),C1,0.32,model_predicted
4271,לגוף,[to/for] a body / to/for the body,A1,0.568,model_predicted
4272,קדומים,ancient (m.pl.),C1,0.314,model_predicted
4273,התזמורת,the orchestra,A2,0.343,model_predicted
4274,הצבעה,vote / voting / raising a hand / pointing at / indicating,A1,1.0,concordance
4275,הפרט,the detail / the individual,B1,1.0,concordance
4276,עולמו,his world,A1,0.788,model_predicted
4277,המיניות,the sexuality,B1,0.403,model_predicted
4278,בטלוויזיה,on television,A1,0.809,model_predicted
4279,מחשב,computer / calculates (m.s.),A1,1.0,concordance
4280,בבדיקות,in examinations / in the examinations,B2,0.393,model_predicted
4281,לווייתן,whale,A2,0.366,model_predicted
4282,טורפים,predators,C1,0.411,model_predicted
4283,גזי,gaseous,C1,0.439,model_predicted
4284,קמתי,I stood up / I woke up,B1,0.399,model_predicted
4285,איכפת,care for,A1,0.743,model_predicted
4286,כמוך,like you,A1,0.662,model_predicted
4287,הערת,you woke / you commented (m.s.) / you woke / you commented (f.s.) / comment of,A1,0.851,model_predicted
4288,הזבוב,the fly,A2,0.469,model_predicted
4289,הגון,decent / honest (m.s.),B1,0.297,model_predicted
4290,הרקבון,the decay,C1,0.558,model_predicted
4291,צלחתי,I crossed / I succeeded / my plate,B2,0.321,model_predicted
4292,סליחה,excuse me / I'm sorry / forgiveness / pardon,B1,0.338,model_predicted
4293,אליך,to you (m.) / to you (f.),A1,0.851,model_predicted
4294,עצה,advice / lignin,A2,0.402,model_predicted
4295,כעין,as the eye of / like / in the color of,A1,0.732,model_predicted
4296,הירוקים,the green (m.pl.),A1,0.688,model_predicted
4297,בכבדות,heavily,C1,0.44,model_predicted
4298,צמחו,grew,B1,0.37,model_predicted
4299,בבת,at once / pupil (of the eye),A1,0.615,model_predicted
4300,לקחה,took (m.s.),A1,0.35,model_predicted
4301,פניה,her face,A1,0.819,model_predicted
4302,הכי,most,A1,0.488,model_predicted
4303,הדר,glory / splendor / citrus fruits,C1,0.469,model_predicted
4304,בעלה,her husband,A1,0.819,model_predicted
4305,כמוהו,like him,A1,0.662,model_predicted
4306,המסך,the screen / the curtain,A1,0.624,model_predicted
4307,הרגע,this moment,A2,1.0,concordance
4308,באור,in the light / in a light / under a light,A1,0.562,model_predicted
4309,טובות,good (f.pl.) / favors,A1,0.76,model_predicted
4310,רץ,runs / runner (m.s.),A1,0.742,model_predicted
4311,נעלי,shoes of,A1,0.621,model_predicted
4312,למשפחה,to/for a family / to/for the family,A1,0.813,model_predicted
4313,שיכלו,that/who could,A1,1.0,concordance
4314,אט,slowly,B1,0.303,model_predicted
4315,המפתח,the key,A2,0.484,model_predicted
4316,בטוח,secure / safe / certain (m.s.),C1,0.397,model_predicted
4317,בראשו,in his head / / at its top / led by,A1,0.788,model_predicted
4318,טיפוס,type / climbing,B1,0.427,model_predicted
4319,נשמעו,sounded (pl.),A2,0.354,model_predicted
4320,מיון,classification / categorization,C1,0.609,model_predicted
4321,מבוא,introduction / entrance,C1,0.396,model_predicted
4322,לאדמה,to the land / to the earth / to the soil / to the ground / to a land / to an earth / to soil / to a ground,A2,0.429,model_predicted
4323,עיניהם,their eyes,A1,0.667,model_predicted
4324,השיחה,the conversation,A1,0.616,model_predicted
4325,הניתוח,the surgery,B1,0.484,model_predicted
4326,לסגור,to close,A1,0.352,model_predicted
4327,שהדבר,that the thing / that the object / that the matter / that the item,A1,0.795,model_predicted
4328,חמים,warm / hot,A1,1.0,concordance
4329,נתוני,data of,A2,0.306,model_predicted
4330,נעשים,are done,A1,0.786,model_predicted
4331,מציע,proposes / suggests / offers (m.s.),C1,0.438,model_predicted
4332,ואחת,and one (f.),A1,0.821,model_predicted
4333,שנראה,that/who seems (m.s.) / that/who seemed (m.s.),A1,1.0,concordance
4334,קרבה,proximity / relativeness / closeness / getting close / approaches (f.s.),C1,0.528,model_predicted
4335,חיזוק,strengthening,C1,0.602,model_predicted
4336,המיוחד,the special (m.s.),A2,0.465,model_predicted
4337,המגדל,the tower,A2,0.454,model_predicted
4338,גג,roof,B1,0.346,model_predicted
4339,בתוכה,inside her/it,A1,0.547,model_predicted
4340,ממשלתו,his government,A1,0.788,model_predicted
4341,מעצר,arrest,B1,0.526,model_predicted
4342,מאמצי,efforts of,B1,0.367,model_predicted
4343,מאחור,from behind,A1,0.672,model_predicted
4344,יצירה,formation / creation / work of art / composition,C1,0.435,model_predicted
4345,לשרת,to serve,A2,0.466,model_predicted
4346,להתגבר,to overcome,C1,0.59,model_predicted
4347,לדמות,to resemble / to imagine / to simulate,C1,0.365,model_predicted
4348,לדרך,for the road / to a road / to a way,A1,0.753,model_predicted
4349,לטענת,according to the claim of / according to the argue of,B1,0.344,model_predicted
4350,ובדרום,and in the south,A1,0.501,model_predicted
4351,שזו,that this (f.),A1,0.795,model_predicted
4352,קרקעית,ground (adj.) (f.s.) / bottom,A2,0.469,model_predicted
4353,קצרים,short (m.pl.),A1,0.784,model_predicted
4354,פתחו,opened (pl.),A1,0.532,model_predicted
4355,עצמית,self- / auto- (f.s.),B2,0.348,model_predicted
4356,אליהן,to them (f.),A1,0.744,model_predicted
4357,כחולים,blue (m.pl.),A1,0.749,model_predicted
4358,הליכה,walk,A1,0.834,model_predicted
4359,הכרה,recognition / consciousness,C1,0.533,model_predicted
4360,הברה,syllable,B2,0.361,model_predicted
4361,הנוסעים,the passengers / the travelers,A2,0.497,model_predicted
4362,גומי,rubber,B1,0.303,model_predicted
4363,בשאלה,in a question / in the question,A1,0.719,model_predicted
4364,נפתחו,opened (pl.),A1,0.532,model_predicted
4365,נפט,kerosene / oil,B2,0.335,model_predicted
4366,נגזר,cut / decreed / conjugated / derived,B1,0.339,model_predicted
4367,מושל,governor / governs (m.s.),A2,0.249,model_predicted
4368,מרחבי,spatial,C1,0.396,model_predicted
4369,למרחקים,[to] far away / to distances,A1,0.38,model_predicted
4370,לייצור,for the production of / for the production,B2,0.371,model_predicted
4371,לשפר,to improve,B1,0.305,model_predicted
4372,לשער,to the gate / to a gate / to the gate of / to assume / for the hair / for hair,A2,0.42,model_predicted
4373,להבטיח,to promise,B1,0.439,model_predicted
4374,ויצרו,and created / and made (pl.),B1,0.388,model_predicted
4375,שיריו,his songs / his poems,A1,0.788,model_predicted
4376,שעליה,that on her/it / that about her/it / on whom/which / about whom/which (f.s.),A1,0.795,model_predicted
4377,שנתן,that/who gave,A1,1.0,concordance
4378,קלים,easy / light weight (m.pl.),A1,0.798,model_predicted
4379,פורסמו,were published / were advertised (f.s.),A1,0.62,model_predicted
4380,פער,gap,B2,0.356,model_predicted
4381,עוברת,passes / crosses / goes through (f.s.),A2,0.518,model_predicted
4382,עבורם,for them,A1,0.744,model_predicted
4383,חששו,were worried / feared (pl.),A1,0.62,model_predicted
4384,חפצים,items / want (m.pl.),A2,0.569,model_predicted
4385,המופיעים,who appear / who perform (m.s.),A1,1.0,concordance
4386,הופכים,turn / become / transform (m.pl.),A2,0.417,model_predicted
4387,הוטל,cast / threw / projected (m.s.),B1,0.493,model_predicted
4388,הוצג,was introduced / was displayed / was presented / was exhibited (m.s.),A2,0.447,model_predicted
4389,הרוחני,the spiritual,B2,0.39,model_predicted
4390,במציאות,in reality,C1,0.337,model_predicted
4391,במסלול,on a course / on a path / on a track / on the course / on the path / on the track,A1,0.575,model_predicted
4392,ביקורו,his visit,A1,0.788,model_predicted
4393,בתקווה,in hope that,B1,0.402,model_predicted
4394,בשוק,in shock / at the market / at a market,B1,0.355,model_predicted
4395,בחוף,at a beach / at the beach,A1,0.706,model_predicted
4396,סל,basket,A2,0.508,model_predicted
4397,נעצר,was stopped / was arrested (m.s.),A2,0.447,model_predicted
4398,הסריסים,eunuchs,C1,0.572,model_predicted
4399,בידיהם,in their hands,A1,1.0,concordance
4400,להתקפה,to/for an attack / to/for the attack,B1,0.362,model_predicted
4401,לנתק,to disconnect,C1,0.492,model_predicted
4402,הסמכות,the authority,C1,0.488,model_predicted
4403,הסובייטי,the soviet (m.s.),A2,0.398,model_predicted
4404,העמדות,the positions,B1,1.0,concordance
4405,הבינלאומיות,the international (f.pl.),B1,0.307,model_predicted
4406,מסדר,arranges (m.s.) / lineup / parade,B2,1.0,concordance
4407,למערב,to the west,A1,0.47,model_predicted
4408,העממית,the popular / the national / the folk (f.s.),A2,1.0,concordance
4409,בשאלת,in regard to / in the question of,C1,0.405,model_predicted
4410,בניצחון,in a victory / in the victory,B1,0.321,model_predicted
4411,לזירה,to an arena / to a scene / to the arena / to the scene,B1,0.354,model_predicted
4412,המודיעין,the information / the intelligence,A2,1.0,concordance
4413,התעמולה,the propaganda,C1,0.523,model_predicted
4414,מיידית,immediately,B1,0.367,model_predicted
4415,כיבושה,its occupation,A1,0.823,model_predicted
4416,היערות,the forests,A1,0.401,model_predicted
4417,החיצוניים,the external / the outer (m.pl.),B1,0.354,model_predicted
4418,יעיל,efficient (m.s.),C1,0.529,model_predicted
4419,שיצרו,that/who created / that/who made (pl.),A1,1.0,concordance
4420,שראו,that/who saw (pl.),A1,1.0,concordance
4421,המעמד,the position / the class / the pedestal / the scene,B1,1.0,concordance
4422,הוצבו,were posted / were placed,A1,0.62,model_predicted
4423,בניינים,buildings,A1,0.534,model_predicted
4424,ראשוני,preliminary / primary / initial,C1,0.491,model_predicted
4425,נערכה,prepared / made arrangements / was held / was edited (f.s.),B1,0.434,model_predicted
4426,נכנסו,entered (pl.),B2,0.349,model_predicted
4427,שהה,stayed (m.s.),B1,0.356,model_predicted
4428,אוניות,ships,A2,0.431,model_predicted
4429,כלים,articles / dishes / vessels / ware / tools,A1,0.707,model_predicted
4430,המיעוט,the minority,C1,0.559,model_predicted
4431,החליף,replaced / changed,B2,0.316,model_predicted
4432,בינלאומיים,international (m.pl.),B1,0.307,model_predicted
4433,באימפריה,in the empire / in an empire,C1,0.533,model_predicted
4434,בנמל,in a harbor / in the harbor,B2,0.315,model_predicted
4435,סכנה,danger / risk / hazard,B2,0.335,model_predicted
4436,נמל,harbor,B2,0.315,model_predicted
4437,נוסדה,was founded (f.s.),A2,0.447,model_predicted
4438,נגדו,against him,B2,0.346,model_predicted
4439,מכונות,machines,A2,0.49,model_predicted
4440,תעמולה,propaganda,C1,0.523,model_predicted
4441,אנדרטה,monument,B1,1.0,concordance
4442,המקורית,the original (f.s.),B1,1.0,concordance
4443,האירוע,the event,B1,0.505,model_predicted
4444,דאג,was worried / cared for (m.s.),A2,0.447,model_predicted
4445,בנים,boys / sons,A1,0.841,model_predicted
4446,בנוסח,version of / phrased / style of / the version of / the style of,B2,1.0,concordance
4447,נמצאות,are found / are [at] (f.pl.),A1,0.786,model_predicted
4448,משותפת,common / mutual / shared (f.s.),B1,0.428,model_predicted
4449,מערך,array / set,C1,0.481,model_predicted
4450,לקידום,to promote / for the promotion of,B1,0.326,model_predicted
4451,לפרסם,to publish / to advertise,B2,0.362,model_predicted
4452,להבדיל,to differentiate / to separate / to distinguish,B1,1.0,concordance
4453,ובראשונה,and at the beginning / and for the first time,A2,0.375,model_predicted
4454,שנערכה,who prepared / who made arrangements / that was held / that was edited (f.s.),A1,1.0,concordance
4455,אוכלוסיות,populations,B1,0.362,model_predicted
4456,המיתוס,the myth,C1,0.502,model_predicted
4457,המועמדים,the applicants / the candidates / the nominees,C1,0.436,model_predicted
4458,התבטא,expressed himself (m.s.),C1,0.536,model_predicted
4459,האמיתית,the real (f.s.),A2,0.384,model_predicted
4460,החשובות,the important (f.pl.),A1,0.32,model_predicted
4461,הרופאים,the physicians,B1,0.393,model_predicted
4462,הצעות,proposals / suggestions / offers,B2,0.32,model_predicted
4463,הניסוי,the experiment / the trial,B1,1.0,concordance
4464,הנקרא,that/who is called / that/who is summoned (m.s.),A1,1.0,concordance
4465,בלדר,courier,B1,0.352,model_predicted
4466,בתקופתו,in his time / in his era,A1,0.788,model_predicted
4467,בחיי,in my life / upon my word / in the life of,A1,0.334,model_predicted
4468,ציורים,paintings / drawings,A1,0.509,model_predicted
4469,הקיוסק,the kiosk,B2,0.292,model_predicted
4470,הנחלים,the streams,B1,0.319,model_predicted
4471,מהיהודים,from the Jews,A1,0.672,model_predicted
4472,הבונים,the builders,B1,0.347,model_predicted
4473,העבריים,the Hebrew (adj.) (m.pl.),A1,0.355,model_predicted
4474,במפעל,in a plant / in a factory / in the plant / in the factory,A1,0.424,model_predicted
4475,הרומי,the roman (m.s.),A2,0.341,model_predicted
4476,הקדומה,the ancient (f.s.),C1,0.314,model_predicted
4477,ההלכה,the law / the Halachah (the Jewish law),A2,0.312,model_predicted
4478,קומות,floors,A1,0.664,model_predicted
4479,האופניים,the bicycle,A1,0.663,model_predicted
4480,בנושאי,on the subjects of,B1,0.354,model_predicted
4481,זהים,identical (m.pl.),B2,0.275,model_predicted
4482,לפרק,to dismantle / to/for a chapter / to/for a joint / to/for the chapter / to/for the joint,C1,0.606,model_predicted
4483,תומך,supports (m.s.),B1,0.368,model_predicted
4484,וכלה,and ending / and a bride / and a daughter in law,B1,0.4,model_predicted
4485,חברו,joined / associated,B2,0.395,model_predicted
4486,התחנות,the stations / the stops / the bases,B2,1.0,concordance
4487,השפיע,had an effect / influenced (m.s.),A1,0.65,model_predicted
4488,הרצון,the will,A1,0.714,model_predicted
4489,ציבורית,public (f.s.),B1,0.421,model_predicted
4490,מתחרים,competitors,B2,0.333,model_predicted
4491,ייחודית,unique (f.s.),C1,0.308,model_predicted
4492,המוביל,the leader / the transporter / the currier (m.s.),B1,0.287,model_predicted
4493,המשנה,that changes / the deputy / Mishnah (oral Jewish laws),B2,1.0,concordance
4494,היסודות,the foundations,C1,0.43,model_predicted
4495,הבדל,difference,A1,0.506,model_predicted
4496,הספירה,the count,A1,0.485,model_predicted
4497,נייר,paper,A1,0.625,model_predicted
4498,ניב,dialect / idiom / tusk,B2,1.0,concordance
4499,ניתנת,is possible / is given (f.s.),A2,0.409,model_predicted
4500,מסתרי,the mysteries of,B1,0.298,model_predicted
4501,לקולנוע,to/for a cinema / to/for the cinema,A1,0.704,model_predicted
4502,דגושה,stressed,C1,0.381,model_predicted
4503,נהגית,pronounced,B2,0.368,model_predicted
4504,נטיית,inclination of / tendency of / tilt of,C1,0.588,model_predicted
4505,למדע,to science / to the science,B1,0.364,model_predicted
4506,צאצאים,offsprings,C1,0.419,model_predicted
4507,המתחרים,the competitors,B2,0.333,model_predicted
4508,החייזרים,the aliens,C1,0.337,model_predicted
4509,הרהיט,the furniture,A1,0.475,model_predicted
4510,המולקולה,the molecule,B2,0.498,model_predicted
4511,הגנים,the gardens / the kindergartens / the genes,A1,0.684,model_predicted
4512,צחוק,laughter,A1,0.417,model_predicted
4513,יושבת,sitting / sits (f.s.),A1,0.755,model_predicted
4514,באתי,I came,A1,0.759,model_predicted
4515,מטילה,casts / throws / projects / lays eggs (f.s.),B1,0.493,model_predicted
4516,שבני,that my son,A1,0.795,model_predicted
4517,שצריך,that is needed / that needs,A1,0.795,model_predicted
4518,נער,boy / youngster,A1,0.841,model_predicted
4519,שעון,clock / watch,A1,0.579,model_predicted
4520,חולה,sick / patient,A1,0.587,model_predicted
4521,הבעל,the owner / the husband,A2,0.388,model_predicted
4522,הרצפה,the floor,A1,0.664,model_predicted
4523,הניחו,assumed / placed (pl.),C1,0.512,model_predicted
4524,לעזרה,for help / for assistance,A1,0.757,model_predicted
4525,עוף,bird / poultry,A1,0.459,model_predicted
4526,אימת,when / fear of,A1,0.801,model_predicted
4527,בקר,beef / cattle / inspector / visited / criticized (m.s.),A1,0.679,model_predicted
4528,באביב,in the spring / in a spring,A1,0.432,model_predicted
4529,לעץ,to/for a tree / to/for the tree,A1,0.766,model_predicted
4530,קצה,tip / end,A2,0.404,model_predicted
4531,אבד,was lost (m.s.),A2,0.447,model_predicted
4532,המשמר,the guard,B1,0.39,model_predicted
4533,דעתו,his opinion,A1,0.788,model_predicted
4534,מקלט,shelter / receiver,C1,0.421,model_predicted
4535,לבדו,on his own,A1,0.788,model_predicted
4536,אותיות,letters,A1,0.786,model_predicted
4537,אפור,gray,A1,0.701,model_predicted
4538,כולן,everybody (f.),A1,0.679,model_predicted
4539,הודיעה,informed / announced (f.s.),C1,0.352,model_predicted
4540,העדיף,preferred (m.s.),A2,0.402,model_predicted
4541,מחאה,protest,B2,1.0,concordance
4542,מגיעה,arrives / deserved (f.s.),B1,0.37,model_predicted
4543,מספרת,tells (f.s.) / hair salon of,B2,1.0,concordance
4544,מנהג,custom / habit,B1,0.396,model_predicted
4545,למקור,to/for a source / to/for a beak / to/for the source / to/for the beak,B2,0.329,model_predicted
4546,לקנות,to buy,A1,0.752,model_predicted
4547,לאות,as a sign / to a letter / tired (f.pl.) / fatigue / tiredness,A1,0.508,model_predicted
4548,להקל,to relieve / to ease,C1,0.453,model_predicted
4549,תכלת,light blue,A1,0.562,model_predicted
4550,שמירת,keeping of / guarding of / protection of,B1,0.415,model_predicted
4551,קבורה,burial / buried (f.s.),B2,0.389,model_predicted
4552,פיו,his mouth,A1,0.788,model_predicted
4553,איה,where,A1,0.782,model_predicted
4554,המוני,crowd of / plenty of,A2,0.412,model_predicted
4555,האח,the brother / the nurse (m.),A1,0.756,model_predicted
4556,הסבר,explanation / explain (m.s. imperative),B1,0.34,model_predicted
4557,במידת,partly / measure of / size of / to some degree / to the extent that,B2,0.372,model_predicted
4558,בקשה,request,A2,0.449,model_predicted
4559,בפומבי,in public,B1,0.421,model_predicted
4560,מלווה,escort / creditor,B1,0.367,model_predicted
4561,יונקים,mammals,B1,0.408,model_predicted
4562,לעין,for an eye / for the eye,A1,0.732,model_predicted
4563,לעצמם,for themselves,A2,0.4,model_predicted
4564,לזכר,in memory of / to/for a male / to/for the male,A2,0.312,model_predicted
4565,להחליף,to replace / to change / to exchange,B1,0.33,model_predicted
4566,לבתי,for my daughter,A1,0.855,model_predicted
4567,ולשם,and for / and for the purpose of / and to/for the name / and [to] there,A1,1.0,concordance
4568,ואשתו,and his wife,A1,0.788,model_predicted
4569,שמדובר,that is said / that is spoken / the subject of the conversation / the topic (m.s.),A1,0.795,model_predicted
4570,שי,present,A1,0.606,model_predicted
4571,שעשה,that/who did (m.s.),A1,1.0,concordance
4572,שכנו,his neighbor / lived / dwelt (pl.),A1,0.788,model_predicted
4573,קירות,walls,A1,0.616,model_predicted
4574,קבועה,constant / fixed / regular / permanent (f.s.),C1,0.396,model_predicted
4575,פגעה,hit / damaged / offended (f.s.),A2,0.406,model_predicted
4576,איבדה,lost (f.s.),A2,0.485,model_predicted
4577,חומצת,[X] acid,A2,0.351,model_predicted
4578,המחבר,the author / that connects,B1,0.356,model_predicted
4579,הישיבה,the meeting / the sitting,A1,0.614,model_predicted
4580,התעשייה,the industry,B2,0.367,model_predicted
4581,הוכרז,was proclaimed / was announced / was declared (m.s.),A2,0.447,model_predicted
4582,העירוני,the municipal / the urban (m.s.),B2,1.0,concordance
4583,האישה,the woman / the wife,A1,0.791,model_predicted
4584,הכנת,preparation of,B1,0.352,model_predicted
4585,הגבוהים,the high / the tall (m.s.),A2,0.387,model_predicted
4586,בדם,in blood / in the blood,A2,0.403,model_predicted
4587,ברשת,in the net / in a net,B1,0.259,model_predicted
4588,הכף,the spoon / the palm,A2,0.437,model_predicted
4589,הגשרים,the bridges,A2,0.371,model_predicted
4590,באנשי,among the people of,B2,0.32,model_predicted
4591,הקורבנות,the victims,B2,0.336,model_predicted
4592,הציר,the axis / the axle / the hinge / the delegate / the sauce / the contraction,A2,1.0,concordance
4593,הסיוע,the aid / the assistance,A2,0.373,model_predicted
4594,נהנו,enjoyed (pl.),A1,0.555,model_predicted
4595,לעומק,to a depth / to a depth of / deep / deeply / in depth / thoroughly,C1,0.516,model_predicted
4596,לחזית,to the front,B1,1.0,concordance
4597,צפונית,northern / to the north of,B1,0.355,model_predicted
4598,הישג,achievement,C1,0.467,model_predicted
4599,הפוליטיות,the political (f.pl.),B2,0.325,model_predicted
4600,הפנימית,the internal (f.s.),B2,0.321,model_predicted
4601,במפלגה,in a party (political) / in the party (political),A1,1.0,concordance
4602,ביבשת,in a continent / in the continent,A2,0.313,model_predicted
4603,סיור,tour,A2,1.0,concordance
4604,ממנהיגי,of the leaders of,B1,0.287,model_predicted
4605,לתוכנית,to/for a program / to/for a plan / to/for the program / to/for the plan,A2,0.436,model_predicted
4606,עשויות,might / made (f.pl.),A1,0.454,model_predicted
4607,הקדושה,the holy (f.s.),B2,0.346,model_predicted
4608,הבניינים,the buildings,A1,0.534,model_predicted
4609,באיים,on the islands / on islands,A2,0.383,model_predicted
4610,נפגעו,were hit / were damaged / were offended (m.s.),A1,0.62,model_predicted
4611,מודרניים,modern (m.pl.),A2,0.417,model_predicted
4612,מנעו,prevented (pl.),C1,0.5,model_predicted
4613,לכתר,[to] the crown / to besiege / to surround,B2,0.308,model_predicted
4614,לנצל,to use / to exploit,A2,0.369,model_predicted
4615,היסטורית,the history of,A2,0.328,model_predicted
4616,האגדה,the fairy tale / the legend,B1,0.384,model_predicted
4617,צדדית,lateral / secondary (f.s.),C1,0.369,model_predicted
4618,מתפקידו,[it is] his role,A1,0.788,model_predicted
4619,מוסלמי,Muslim (m.s.),A2,0.348,model_predicted
4620,מסורות,traditions,B1,0.362,model_predicted
4621,לתקופת,to/for a period of / to/for the period of / to/for the era of,A2,0.396,model_predicted
4622,שערך,who edited / who arranged / who held (m.s.) / that a value / that the value of,A1,1.0,concordance
4623,שהחלו,that/who started (pl.),A1,1.0,concordance
4624,כשנה,approximately one year,C1,0.402,model_predicted
4625,הסיכון,the risk,B2,0.362,model_predicted
4626,הנחה,assumption / placement / discount,C1,0.58,model_predicted
4627,רצועת,a strip of,B1,0.317,model_predicted
4628,נגרם,was/is caused (m.s.),A2,0.447,model_predicted
4629,מוכר,known / familiar (m.s.) / seller / salesman,A1,0.636,model_predicted
4630,ילדות,girls / childhood,A1,0.85,model_predicted
4631,למפלגה,to/for parties / to/for the parties of (political) / to/for the parties (political),A1,1.0,concordance
4632,לארגון,to/for an organization / to/for the organization of / to/for the organization,C1,0.345,model_predicted
4633,ושימש,and was used for (m.s.),A2,0.447,model_predicted
4634,וכיום,and today / and nowadays,A1,0.774,model_predicted
4635,ובנו,and his son,A1,0.788,model_predicted
4636,המהגרים,the immigrants,B2,1.0,concordance
4637,הקדיש,dedicated / devoted (m.s.) / the Kaddish (Jewish prayer for the dead),C1,0.525,model_predicted
4638,בתנועת,in the movement of / in the motion of / in the traffic of,B1,0.461,model_predicted
4639,בוצע,was performed (m.s.),A2,0.447,model_predicted
4640,ברובם,most of them,A1,0.488,model_predicted
4641,מילולי,verbal / literal,B2,0.36,model_predicted
4642,מתון,moderate / mild / calm (m.s.),C1,0.567,model_predicted
4643,מעורבות,involvement,C1,0.486,model_predicted
4644,מנגנוני,systems of / mechanisms of,B1,1.0,concordance
4645,לעלייה,to/for raising / to/for increase / to/for immigration / to/for the raising / to/for the increase / to/for the immigration,C1,0.435,model_predicted
4646,לכלי,to an article / to a dish /to a vessel / to a tool / to the article / to the dish /to the vessel / to the tool,A1,0.707,model_predicted
4647,להפעיל,to operate / to activate,B1,0.474,model_predicted
4648,ומוסדות,and institutes,C1,0.489,model_predicted
4649,שמקורה,that originated from (f.s.),A1,0.795,model_predicted
4650,קברו,buried (pl.) / his grave,B2,1.0,concordance
4651,פרויקט,project,A2,0.403,model_predicted
4652,איור,illustration,C1,1.0,concordance
4653,אינדיאנים,Indians,A1,0.66,model_predicted
4654,העוסקת,that/who deals / that/who engages / work (f.s.),A1,1.0,concordance
4655,ההבדל,the difference,A1,0.506,model_predicted
4656,בחירה,selection / choice,C1,0.353,model_predicted
4657,בחוק,by law / according to the law / in the law,A2,0.312,model_predicted
4658,בחריפות,sharply / severely /,C1,0.409,model_predicted
4659,סיירת,cruiser,B1,0.316,model_predicted
4660,הזיהוי,the identification,C1,0.583,model_predicted
4661,יהודיות,Jewish (adj.) (f.pl.),A1,0.351,model_predicted
4662,יציאה,exit,B1,0.436,model_predicted
4663,המוסדות,the institutes,C1,0.489,model_predicted
4664,ישיבת,meeting of,A1,0.614,model_predicted
4665,ליהדות,[to] Judaism,B2,0.31,model_predicted
4666,עפר,earth / soil / dust / young deer,A2,0.42,model_predicted
4667,מצוות,commandment / good deed / mitzvah,C1,0.412,model_predicted
4668,הקיימת,that exists (f.s.),A1,0.795,model_predicted
4669,מקובלת,accepted / conventional (f.s.),C1,0.402,model_predicted
4670,מרכזיים,central (m.pl),B1,0.326,model_predicted
4671,כיהן,served as / held office,A2,0.418,model_predicted
4672,הוכחה,proof / evidence / was proven (f.s.),C1,0.436,model_predicted
4673,הוספת,addition of,C1,0.341,model_predicted
4674,השפעתו,his effect / his influence,A1,0.788,model_predicted
4675,משאבים,resources,B1,0.327,model_predicted
4676,מסעותיו,his journeys,A1,0.788,model_predicted
4677,לאלו,to/for these,A1,0.728,model_predicted
4678,והגיע,and arrived (m.s.),A2,0.398,model_predicted
4679,הגותו,his meditation / his cogitation,A1,0.788,model_predicted
4680,היהדות,Judaism,B2,0.31,model_predicted
4681,במילה,in a word / [in] circumcision / in the word / / [in] the circumcision,A1,0.796,model_predicted
4682,מתקיימים,held / carried out / maintained / survive (m.pl.),B1,0.559,model_predicted
4683,שאנו,when we,A1,0.801,model_predicted
4684,התחייה,the resurrection / the renaissance / the regeneration,C1,0.564,model_predicted
4685,בעידן,in the era,A2,0.293,model_predicted
4686,תרכובת,compound / composition,B2,0.426,model_predicted
4687,חלבון,protein,C1,1.0,concordance
4688,ההחלפה,the change / the replacement,A2,0.296,model_predicted
4689,קרח,ice,A2,1.0,concordance
4690,האיים,the islands,A2,0.383,model_predicted
4691,לזלול,to overeat / to eat greedily,C1,0.422,model_predicted
4692,שלכם,yours (m.pl.),A1,0.767,model_predicted
4693,שולחן,table / desk,A1,0.788,model_predicted
4694,שכחתי,I forgot,A1,0.465,model_predicted
4695,שכבתי,I lay down,B1,0.363,model_predicted
4696,זכרוני,my memory,A2,0.312,model_predicted
4697,הכלניות,the windflowers,B1,0.315,model_predicted
4698,הצדה,to the side / who hunts (f.s.),A1,1.0,concordance
4699,רוחי,my spirit,B2,0.383,model_predicted
4700,קראתי,I read / I called,A1,0.782,model_predicted
4701,חשבתי,I thought,B1,0.345,model_predicted
4702,אדון,"Sir, mister",A1,0.417,model_predicted
4703,כבודו,his honor / his glory / his respect / his dignity,A1,0.788,model_predicted
4704,הירוקה,the green (f.s.),A1,0.688,model_predicted
4705,בך,in you (m.s.) / in you (f.s.),A1,0.851,model_predicted
4706,בתוכי,in me / inside me,A1,0.547,model_predicted
4707,בשבילך,for you (m.s.) / for you (f.s.),A1,0.851,model_predicted
4708,בריות,creatures / people,B1,0.399,model_predicted
4709,אחריה,after her,A1,0.511,model_predicted
4710,חסד,charity / kindness / mercy,B2,0.351,model_predicted
4711,הטילה,cast / threw / projected / laid eggs (f.s.),B1,0.493,model_predicted
4712,לבלי,without,A2,0.455,model_predicted
4713,עכבישים,spiders,B1,0.368,model_predicted
4714,רם,high / tall,A2,0.387,model_predicted
4715,לאחור,backward / to the back,C1,0.482,model_predicted
4716,ההוא,that one (m.),A1,0.795,model_predicted
4717,רושם,impression / writes / takes notes (m.s.),C1,0.396,model_predicted
4718,מכירה,knows / recognizes (f.s.),A1,0.789,model_predicted
4719,מרחוק,from far,A1,0.672,model_predicted
4720,ממה,what from / from what,A1,0.776,model_predicted
4721,יבש,dry,A2,0.403,model_predicted
4722,לפתע,suddenly,B2,0.394,model_predicted
4723,קר,cold,A1,0.721,model_predicted
4724,אייר,drew / illustrated (m.s.),B1,0.415,model_predicted
4725,אצלו,in his possession / at his place / near him,A1,0.788,model_predicted
4726,החדרים,the rooms,A1,0.796,model_predicted
4727,דק,thin (m.s.),B1,0.317,model_predicted
4728,בוא,come (m.s. imperative),A1,0.832,model_predicted
4729,בקרוב,soon,A1,0.645,model_predicted
4730,צעירה,young (f.s.),A1,0.821,model_predicted
4731,ממילא,anyway / in any case,A2,0.405,model_predicted
4732,מלאים,full / complete (m.pl.),A1,0.625,model_predicted
4733,מאמינים,believe / believers (m.pl.),B1,0.388,model_predicted
4734,לחייו,to/for his life,A1,0.788,model_predicted
4735,להביע,to express,B1,0.361,model_predicted
4736,ולכל,and to all,A1,1.0,concordance
4737,התשובה,the answer / the reply / the return / the repentance,A1,0.72,model_predicted
4738,הקדמונים,the prehistoric / the ancient / the primitive (m.pl.),C1,1.0,concordance
4739,הסערה,the storm,B1,0.386,model_predicted
4740,דלת,door,A1,0.763,model_predicted
4741,ומראה,and a sight / and a view / and an appearance / and shows (m.s.) / ans shows (f.s.) / and a mirror,B1,0.416,model_predicted
4742,חזרו,returned / repeated (pl.),B1,0.367,model_predicted
4743,אסירים,prisoners,B1,0.307,model_predicted
4744,הלבנים,he white (m.pl.) / the bricks,A1,0.831,model_predicted
4745,גרוע,bad (m.s.),A1,1.0,concordance
4746,בקיצור,in short,A1,0.784,model_predicted
4747,בקרקע,in a soil / in a ground / in a land / in the soil / in the ground / in the land,B2,0.325,model_predicted
4748,בכירים,seniors,B2,1.0,concordance
4749,בבני,of my sons / in my son,A1,0.713,model_predicted
4750,ידם,their hand,A1,1.0,concordance
4751,שיוכל,that he will be able,A1,0.795,model_predicted
4752,שוות,equal /returning (f.pl.),A2,0.353,model_predicted
4753,פשוטה,simple (f.s.),A1,0.651,model_predicted
4754,אומרים,say (m.pl.),A1,0.734,model_predicted
4755,חשיפת,exposure of,C1,0.464,model_predicted
4756,היצור,the creature,B1,0.399,model_predicted
4757,העור,the skin,A2,0.367,model_predicted
4758,החדשות,the new (f.pl.) / the news,A1,0.682,model_predicted
4759,הגעת,the arrival of / you arrived (m.s.) / you arrived (f.s.),B1,0.38,model_predicted
4760,הצעה,proposal / suggestion / offer,B2,0.32,model_predicted
4761,הנקבות,the females / the tunnels,B1,1.0,concordance
4762,בשאר,in the rest / in the rest of,A2,0.344,model_predicted
4763,סיכון,risk,B2,0.362,model_predicted
4764,ניסתה,tried (f.s.),A1,0.491,model_predicted
4765,מיליוני,millions of,A2,1.0,concordance
4766,מתאימים,suitable / appropriate / applicable / identical (m.pl.),C1,0.375,model_predicted
4767,מקרי,accidental / random / by chance,B1,1.0,concordance
4768,מפנה,evacuates / turn / change,C1,0.499,model_predicted
4769,מראות,views / show (f.pl.) / mirrors,A2,0.345,model_predicted
4770,מסגרת,frame / framework,B1,0.295,model_predicted
4771,ידיעות,news / knowledge,A1,0.623,model_predicted
4772,יסודי,elementary / fundamental / thorough,C1,0.394,model_predicted
4773,למשפחת,to/for the [name] family / to/for the family of,A1,1.0,concordance
4774,לידיו,to him / into his hands,A1,1.0,concordance
4775,לתושבים,to/for residents / to/for the residents,C1,0.443,model_predicted
4776,להתפתח,to develop,B2,0.349,model_predicted
4777,להשפיע,to effect / to influence,B2,0.374,model_predicted
4778,לבקר,to visit / to criticize,A1,0.516,model_predicted
4779,לנושא,to a subject/ to the subject of / to the subject,B1,0.354,model_predicted
4780,לנוכח,in light of,A1,0.562,model_predicted
4781,תורם,donates / contributes / donor (m.s.),B2,0.382,model_predicted
4782,תשלום,payment,B1,0.347,model_predicted
4783,תפילה,prayer,B2,0.396,model_predicted
4784,וכמעט,and almost,A2,0.476,model_predicted
4785,והביא,and brought (m.s.),A1,0.596,model_predicted
4786,שלטו,ruled / controlled (pl.),B2,0.363,model_predicted
4787,שופט,judge,B1,0.358,model_predicted
4788,פעולתו,his action / his operation,A1,0.788,model_predicted
4789,עמודים,pages / pillars,A1,0.767,model_predicted
4790,עצמאיים,independent (m.pl.),C1,0.538,model_predicted
4791,אלימות,violence,B1,0.425,model_predicted
4792,חופשית,free (f.s.),A1,0.674,model_predicted
4793,אריה,lion,A1,0.514,model_predicted
4794,המאפשר,that enables / that facilitates (m.s.),A1,0.795,model_predicted
4795,המצודה,the fortress / the castle,C1,0.44,model_predicted
4796,הירח,the moon,A1,0.48,model_predicted
4797,התותחים,the cannons,B2,0.315,model_predicted
4798,הופעתו,his appearance,A1,0.788,model_predicted
4799,הודיעו,informed (pl.),C1,0.352,model_predicted
4800,השליטה,the control,B1,1.0,concordance
4801,הקרח,the ice,A2,1.0,concordance
4802,האוצר,the treasure,B2,0.282,model_predicted
4803,החזקה,the strong (f.s.) / holding / keeping / maintenance,B1,0.373,model_predicted
4804,האדומים,the red (m.pl.),A1,0.796,model_predicted
4805,הדתית,the religious (f.s.),B2,0.359,model_predicted
4806,הרבות,the many (f.pl.),A1,0.618,model_predicted
4807,הציב,placed / posted (m.s.),B1,0.457,model_predicted
4808,הנודע,the famous / the known,A2,0.399,model_predicted
4809,הנקודות,the points / the dots,A1,0.452,model_predicted
4810,הנבחרים,the elected / the selected (m.pl.),C1,0.36,model_predicted
4811,גלי,waves of / discover / disclose (f.s. imperative) / in a wave form,B2,0.318,model_predicted
4812,במדיניות,[in] a policy / [in] the policy,B2,0.381,model_predicted
4813,בענפי,[in] the branches of / in the fields of,B2,0.299,model_predicted
4814,טבעו,his nature / drowned (pl.),A1,0.788,model_predicted
4815,צליל,sound,A1,0.581,model_predicted
4816,נובע,stems from / derived from / spouts (m.s.),B1,0.385,model_predicted
4817,נכונות,correct / ready (f.pl.) / readiness / willingness,A1,0.444,model_predicted
4818,נס,miracle,B2,0.373,model_predicted
4819,עבדות,slavery,C1,0.462,model_predicted
4820,המבצרים,the forts,B1,0.314,model_predicted
4821,התגבורת,the reinforcement / the contingent,C1,0.602,model_predicted
4822,הדייל,the steward,C1,0.447,model_predicted
4823,פרשים,riders (horse) / cavaliers,A2,0.552,model_predicted
4824,אווירית,aero- / aerial (f.s.),A2,0.415,model_predicted
4825,האבירים,the knights,B2,0.378,model_predicted
4826,כבדות,heaviness / heavy (f.pl.),C1,0.576,model_predicted
4827,גרילה,guerrilla,C1,0.534,model_predicted
4828,התקווה,the hope / Hatikva (the anthem of Israel),B1,0.402,model_predicted
4829,השאיר,left (m.s.),A1,0.619,model_predicted
4830,בשלטון,in power / under the rule of,B1,0.397,model_predicted
4831,הדרומיים,the southern (m.pl.),A2,0.393,model_predicted
4832,במתקפה,in/under an attack / in/under the attack,A2,0.429,model_predicted
4833,יומיים,two days,A1,0.796,model_predicted
4834,לצפון,to the north / to the north of,A1,0.444,model_predicted
4835,שלמות,perfection / integrity,C1,0.481,model_predicted
4836,שאנשי,that the people of,A1,0.795,model_predicted
4837,הפרשים,differences / the riders (horse) / the cavaliers,A1,0.506,model_predicted
4838,הכלכלה,the economy,B2,0.344,model_predicted
4839,ההוצאה,the removal / the expense / the edition / the publishing house,C1,0.466,model_predicted
4840,בשורת,news of / in the line of,A1,0.623,model_predicted
4841,למלחמת,to the war of,A2,1.0,concordance
4842,אזרחית,citizen / civil (f.s.),B2,0.33,model_predicted
4843,הורשו,were allowed [to],A1,0.62,model_predicted
4844,החיצונית,the external / the outer (f.s.),B1,0.354,model_predicted
4845,הצו,the order,A2,0.498,model_predicted
4846,מדיני,political (m.s.),B2,0.325,model_predicted
4847,לפעולה,for action / for operation / to/for the action / to/for the operation,B1,0.468,model_predicted
4848,לבסס,to establish / to base,B2,1.0,concordance
4849,ואלו,and these,A1,0.728,model_predicted
4850,המנהיג,the leader,B1,0.287,model_predicted
4851,גשרים,bridges,A2,0.371,model_predicted
4852,מאלו,from these,A1,0.672,model_predicted
4853,לתפוס,to catch / to capture / to grasp / to seize / to perceive,B1,0.403,model_predicted
4854,לשחרור,to/for the liberation / to/for the release,C1,0.556,model_predicted
4855,תוקף,attacks / attacker (m.s.) / validity,B1,0.362,model_predicted
4856,פנימי,internal (m.s.),B2,0.321,model_predicted
4857,חרף,despite,C1,0.407,model_predicted
4858,כמפקד,as a commander / as the commander of,B2,0.369,model_predicted
4859,הוצא,was spent / was taken out / was removed (m.s.),A2,0.447,model_predicted
4860,הכלכלית,the economic (f.s.),B2,0.354,model_predicted
4861,הצפוניים,the northern (m.pl.),B1,0.355,model_predicted
4862,הסחר,the trade,A2,0.475,model_predicted
4863,בל,not / do not,A1,0.569,model_predicted
4864,נוחה,comfortable (f.s.),A2,0.415,model_predicted
4865,נוצרי,Christian (m.s.),B1,0.29,model_predicted
4866,נקט,took (action / step) (m.s.),A1,0.35,model_predicted
4867,ממספר,numbers (v.) (m.s.) / numerator / from the number / from a number,A1,0.734,model_predicted
4868,מעיד,testifies,C1,0.586,model_predicted
4869,להתאים,to fit / to match / to suit,A2,1.0,concordance
4870,תומכים,supporters,C1,0.439,model_predicted
4871,וביניהם,and between them,A2,0.322,model_predicted
4872,חריפה,hot / severe (f.s.),A1,0.692,model_predicted
4873,היבשת,the continent,A2,0.313,model_predicted
4874,דגש,stress / emphasis,B1,1.0,concordance
4875,באורך,at a length of,A2,0.408,model_predicted
4876,נוספו,were added,A1,0.62,model_predicted
4877,נטייה,inclination / tendency / tilt,C1,0.588,model_predicted
4878,מחתרת,underground,B2,0.335,model_predicted
4879,לביקורת,to/for criticism / to/for inspection / to/for the criticism / to/for the inspection,C1,0.516,model_predicted
4880,תערובת,mix,B1,0.319,model_predicted
4881,שרף,burned (m.s.) / resin / angel,B1,0.409,model_predicted
4882,אמירה,saying (n.),A1,0.454,model_predicted
4883,אלמוגי,the corals of,B1,0.338,model_predicted
4884,המבוססת,that is based / the well established / the well based (f.s.),A1,0.795,model_predicted
4885,המסחרי,the commercial,A2,0.549,model_predicted
4886,היישובים,the settlements,C1,0.501,model_predicted
4887,הלהב,the blade,B1,0.336,model_predicted
4888,הוצגה,was introduced / was displayed / was presented / was exhibited (f.s.),A2,0.447,model_predicted
4889,הקרובה,the close / the relative (f.s.),A1,0.352,model_predicted
4890,הענקים,the giant (adj.) / the giants (n.) / the necklaces,B1,0.296,model_predicted
4891,האומה,the nation,B2,1.0,concordance
4892,הכוונה,the intention / the meaning / guidance / direction,B2,0.389,model_predicted
4893,ההנהגה,the leadership,C1,0.412,model_predicted
4894,הבסיסית,the basic (f.s.),B1,1.0,concordance
4895,הנהלת,the management of,B2,1.0,concordance
4896,באסלאם,in the Islam,A2,0.357,model_predicted
4897,בנפרד,separately,C1,0.445,model_predicted
4898,קלעי,marksman,B2,0.328,model_predicted
4899,ההבלגה,the restraint,C1,0.584,model_predicted
4900,אחוזת,mansion of / estate of / possessed by / stricken by (f.s.),B1,0.285,model_predicted
4901,קרבית,combat (adj.) (f.s.),B2,0.404,model_predicted
4902,לאומית,national (f.s.),A2,1.0,concordance
4903,תיבות,boxes / cases / arks,A1,0.58,model_predicted
4904,תלמידי,students of,A1,1.0,concordance
4905,עדות,evidence / testimony,C1,0.4,model_predicted
4906,שאותם,whom / that the same (m.pl.),A1,0.581,model_predicted
4907,שאחד,that one,A1,0.795,model_predicted
4908,אחוזי,percentage of / possessed by / stricken by (m.pl.),B2,0.306,model_predicted
4909,הייחודי,the unique,C1,0.308,model_predicted
4910,מוצגים,are introduced / are displayed / are presented / are exhibited / exhibits (m.pl.),A1,0.786,model_predicted
4911,לחזות,to watch / to predict,A1,0.795,model_predicted
4912,המנוע,the engine,A2,0.577,model_predicted
4913,הוויכוח,the argument / the dispute,B1,1.0,concordance
4914,הקיים,that exists (m.s.),A1,0.795,model_predicted
4915,מורכבות,complexity / complex / composed of (f.pl.),C1,0.615,model_predicted
4916,תסיסה,fermentation / unrest,B2,0.361,model_predicted
4917,קשריו,his/its ties / his/its bonds / his/its links / his/its connections,B1,1.0,concordance
4918,עולמי,my world / global / universal (m.s.),B2,1.0,concordance
4919,אלוהי,the god of / my god / the scout / the ranger / the observer / the spectator / that/who observes / that/who,A1,1.0,concordance
4920,הצופה,hatsofe / watches (m.s.) / the scout / the ranger / the observer / the spectator / that/who observes / that/who / hatsofa / watches (f.s.),A1,1.0,concordance
4921,הקלפי,the poll / the polling booth,B2,0.272,model_predicted
4922,ביוגרפיה,biography,B2,0.348,model_predicted
4923,סימון,marking,B2,0.36,model_predicted
4924,למחקר,for research / for a study / for the research / for the study,B2,0.337,model_predicted
4925,תמונת,picture of,A1,0.772,model_predicted
4926,צולם,was photographed,A2,0.447,model_predicted
4927,אופקים,horizons / knowledge,C1,0.453,model_predicted
4928,ההגייה,the pronunciation,B1,0.321,model_predicted
4929,נמרוד,we will rebel,A1,0.714,model_predicted
4930,להקת,band of,A1,1.0,concordance
4931,לביקורות,to/for criticism / to/for inspections / to/for the criticism / to/for the inspections,C1,0.516,model_predicted
4932,מתמטית,mathematical (f.s.),C1,0.354,model_predicted
4933,חיוביות,positive (f.pl.),B1,0.393,model_predicted
4934,אקולוגיה,ecology,C1,0.6,model_predicted
4935,בסיבוב,in a rotation / in a revolution / in the rotation / in the revolution,B2,1.0,concordance
4936,השאול,the borrowed / hell,C1,0.432,model_predicted
4937,הסיוף,the fencing,B2,0.347,model_predicted
4938,גדילה,growth,B1,0.318,model_predicted
4939,הנפוצים,the common (m.pl.),B1,0.428,model_predicted
4940,הפחמן,the carbon,B2,0.35,model_predicted
4941,קרחונים,icebergs,A2,0.283,model_predicted
4942,ממך,from you (m.s.) / from you (f.s.),A1,0.672,model_predicted
4943,מודה,thanks / confesses (m.s.) / thanks / confesses (f.s.),A1,0.705,model_predicted
4944,עשיתי,I did,A1,0.629,model_predicted
4945,שכב,lay down (m.s.),B1,0.363,model_predicted
4946,ההשגחה,the supervision / Providence,C1,0.564,model_predicted
4947,המעצר,the arrest,B1,0.526,model_predicted
4948,למראה,at a sight / at the sight of / at/to the sight / to a mirror / at her sight / to the mirror,B1,0.416,model_predicted
4949,ליער,to a forest / to the forest,A1,0.401,model_predicted
4950,שאי,that an island / that is not,A1,0.795,model_predicted
4951,מהו,what is,A1,0.776,model_predicted
4952,לדאוג,to worry,A2,0.401,model_predicted
4953,ובכלל,and in general,B1,1.0,concordance
4954,הנפט,the kerosene / the oil,B2,0.335,model_predicted
4955,מעניין,interesting,A1,0.596,model_predicted
4956,מענה,answer / reply / tortures / torments (m.s.),A1,0.72,model_predicted
4957,להניע,to move,A2,0.399,model_predicted
4958,שאלו,asked / borrowed (pl.),A1,0.679,model_predicted
4959,אוהב,loves (m.s.),A1,0.772,model_predicted
4960,המועד,the time / the holiday / that is prone to (m.s.),A1,0.757,model_predicted
4961,בבכי,tearfully,C1,0.377,model_predicted
4962,מלוא,fullness / to a full / full,C1,0.541,model_predicted
4963,מתושבי,from the residents of,A1,0.672,model_predicted
4964,לחדר,to the room,A1,0.796,model_predicted
4965,להפסקת,to/for the break of / to/for the intermission of,A1,0.4,model_predicted
4966,ודרך,and through / and via / and way / and road / and stepped [on] (m.s.),A2,0.332,model_predicted
4967,אמון,trust / training / practice,B2,0.438,model_predicted
4968,זר,foreign / stranger,A2,0.465,model_predicted
4969,חצות,midnight,A1,0.705,model_predicted
4970,החזיר,returned / gave back,B1,0.367,model_predicted
4971,הגוזלים,the nestlings / that are robbing,C1,0.423,model_predicted
4972,הניח,assumed / placed (m.s.),C1,0.512,model_predicted
4973,גב,back,A1,0.553,model_predicted
4974,צומחים,grow (m.pl.),A1,0.5,model_predicted
4975,סר,moved away / dropped in / was removed / sullen (m.s.),A2,0.434,model_predicted
4976,נוהג,drives / uses to (m.s.) / custom,A1,0.75,model_predicted
4977,מלאכה,work / craft,A1,0.697,model_predicted
4978,משל,of / belongs to / proverb / allegory / example,C1,0.404,model_predicted
4979,משאר,from the rest,A1,0.672,model_predicted
4980,מקורו,its source / his/its origin (m.s.) / its beak,A1,0.823,model_predicted
4981,מאמרים,articles,A1,0.707,model_predicted
4982,ישנו,there is (m.s.),A1,0.782,model_predicted
4983,וראה,and saw (m.s.),A2,0.383,model_predicted
4984,שד,devil / breast,B2,0.384,model_predicted
4985,פרשה,affair / chapter / portion / retired (f.s.),B2,1.0,concordance
4986,אוטומטי,automatic,C1,0.315,model_predicted
4987,חשובות,important (f.pl.),A1,0.32,model_predicted
4988,חריף,hot / severe (m.s.),A1,0.692,model_predicted
4989,התרשם,was impressed / got the impression,A2,0.447,model_predicted
4990,ההפרדה,the separation,C1,0.506,model_predicted
4991,הרעיונות,the ideas,A2,0.41,model_predicted
4992,הצמח,the plant,A1,0.424,model_predicted
4993,גישור,bridging,C1,0.47,model_predicted
4994,במוח,in a brain / in the brain,A1,0.409,model_predicted
4995,ביקורות,criticism / inspections,C1,0.516,model_predicted
4996,בלוח,on a board / on the board,A2,0.429,model_predicted
4997,בכדור,with a ball / in a pill / with the ball / in the pill,A1,1.0,concordance
4998,רופא,physician,B1,0.393,model_predicted
4999,צפויה,expected / anticipated (f.s.),B1,0.439,model_predicted
5000,סחורות,goods / merchandise,A1,0.76,model_predicted
5001,מוביל,leader / transporter / currier (m.s.),B1,0.287,model_predicted
5002,מוצלחת,successful (m.s.),B1,0.375,model_predicted
5003,משקה,drink,A1,0.832,model_predicted
5004,יגאל,will redeem (m.s.),A1,0.714,model_predicted
5005,למדינות,to states / to the states,A2,0.303,model_predicted
5006,לשתף,to share / to let join / to let participate,B1,0.396,model_predicted
5007,לפועל,to/for the worker / into action,A2,0.584,model_predicted
5008,לעומתם,compared with them / against them / opposite them (m.),B2,0.367,model_predicted
5009,לכוח,to power / to force / to strength / to the power / to the force / to the strength,B1,0.397,model_predicted
5010,להצטרף,to join,B1,0.332,model_predicted
5011,לדיון,for discussion / to/for the discussion,A2,0.303,model_predicted
5012,ויכוח,argument / dispute,B1,1.0,concordance
5013,ועליו,and on him/it / and about him/it,A1,0.795,model_predicted
5014,שלמים,whole / complete (m.pl.),A2,0.492,model_predicted
5015,שהתקיימה,that was held / that existed / that survived (f.s.),A1,0.795,model_predicted
5016,שרידים,remnants / survivors,C1,0.539,model_predicted
5017,שנשא,that/who carried / who married (m.s.),A1,1.0,concordance
5018,עזבו,left (pl.),A1,0.619,model_predicted
5019,עבדים,slaves,B1,0.329,model_predicted
5020,איתן,with them (f.) / strong / firm,A1,0.565,model_predicted
5021,אחריהם,after them (m.),A1,0.511,model_predicted
5022,אבות,fathers / ancestors / Avot,A1,0.782,model_predicted
5023,כוכבי,stars of,A2,0.46,model_predicted
5024,כשהיה,when there was,A1,0.801,model_predicted
5025,התמונה,the picture / the photo,A1,0.772,model_predicted
5026,התייחסו,treated / referred to / applied (pl.),B1,0.426,model_predicted
5027,הושלמה,was completed (f.s.),A2,0.447,model_predicted
5028,השופטים,the judges,B1,0.358,model_predicted
5029,הפיק,produced,B1,0.36,model_predicted
5030,הערכות,assessments / estimations / appreciations / credits,C1,0.567,model_predicted
5031,האזרחית,the citizen / the civil (f.s.),B2,0.33,model_predicted
5032,הכוללים,that include (m.pl.),A1,0.795,model_predicted
5033,הבניה,the building (n.),A1,0.534,model_predicted
5034,גנים,gardens / kindergartens / genes,A1,0.684,model_predicted
5035,במכתב,in a letter / in the letter,A1,0.786,model_predicted
5036,באוניברסיטה,at/in the university / at/in a university,A1,0.572,model_predicted
5037,בגודלה,[in her] size,A1,0.819,model_predicted
5038,צורתו,its shape / its form,A1,0.823,model_predicted
5039,נמנה,is included [in] / was counted (m.s.),A2,0.445,model_predicted
5040,נכנע,surrendered (m.s.),C1,0.55,model_predicted
5041,המחלוקת,the dispute,B2,0.413,model_predicted
5042,העקורים,the uprooted / the displaced (m.pl.),C1,0.645,model_predicted
5043,העימות,the conflict,B2,0.394,model_predicted
5044,הנגד,the opposition / the resistor / the non commissioned officer,C1,1.0,concordance
5045,לוחמת,warrior (f.s.),B2,0.361,model_predicted
5046,חציית,crossing of,A2,0.355,model_predicted
5047,המאמץ,the effort,B1,0.367,model_predicted
5048,השושלת,the dynasty,C1,0.557,model_predicted
5049,החודשים,the months,A1,0.827,model_predicted
5050,משמעותיים,significant (m.pl.),C1,0.444,model_predicted
5051,לוחמה,warfare,C1,0.418,model_predicted
5052,תקפו,attacked (pl.),B2,0.356,model_predicted
5053,קרויה,is called (f.s.),A1,0.664,model_predicted
5054,מכרעת,decisive / crucial (f.s.),C1,0.495,model_predicted
5055,למחנה,to/for a camp / to/for a group / to/for the camp / to/for the group,A2,0.353,model_predicted
5056,לביצוע,to the performance of / to the execution of / to be performed,B1,0.334,model_predicted
5057,ונשים,and women,A1,0.791,model_predicted
5058,שיט,cruise,B1,0.394,model_predicted
5059,שהוציא,that took out / that removed / that spent / that published (m.s.),A1,0.795,model_predicted
5060,הזדמנות,opportunity,B2,0.345,model_predicted
5061,גורלו,his fate,A1,0.788,model_predicted
5062,גברה,overcame / defeated (f.s.),C1,0.613,model_predicted
5063,בשפת,in the language of / on the edge of,A1,0.751,model_predicted
5064,בפגישה,at/in a meeting / at/in the meeting,A1,0.614,model_predicted
5065,ניכרים,obvious / evident (m.pl.),B1,0.373,model_predicted
5066,משפטית,judicial / statutory / forensic,B2,0.464,model_predicted
5067,מקביל,parallel (m.s.),C1,0.452,model_predicted
5068,למניעת,for the prevention of,C1,0.465,model_predicted
5069,חמוש,armed (m.s.),B1,0.379,model_predicted
5070,ארגונים,organizations,C1,0.345,model_predicted
5071,כוונה,intention / meaning,B2,0.389,model_predicted
5072,המזכירים,that remind (m.pl.) / the secretaries (m.),A1,0.795,model_predicted
5073,ההמונים,the crowd / the many,A2,0.412,model_predicted
5074,הגיב,responded,B1,0.375,model_predicted
5075,הגרעין,the grain / the nucleus,A2,0.506,model_predicted
5076,דורש,demands / requires (m.s.),B1,0.365,model_predicted
5077,גדות,banks / shores,A1,1.0,concordance
5078,ניצחונו,we won,A2,0.499,model_predicted
5079,משולש,triangle,B1,0.319,model_predicted
5080,תיקון,correction / repair,C1,0.576,model_predicted
5081,פופולרי,popular (m.s.),B1,0.413,model_predicted
5082,עז,goat,A2,0.323,model_predicted
5083,חוקיות,legal (f.pl.),B2,1.0,concordance
5084,חודשי,monthly / the months of,A2,0.321,model_predicted
5085,כאמצעי,as means / as means of,A2,0.331,model_predicted
5086,כבסיס,as a basis / as the basis,B2,1.0,concordance
5087,הלימודים,the studies,A1,0.531,model_predicted
5088,הפעלת,operation of / activation of,B1,0.404,model_predicted
5089,האפיפיור,the Pope,A2,0.332,model_predicted
5090,הרווחת,you earned / you gained (m.s.) / you earned / you gained (f.s.),A1,0.851,model_predicted
5091,בהכרח,necessarily,B2,0.364,model_predicted
5092,בנשים,among the women / among women,B2,0.32,model_predicted
5093,טכנולוגיות,technologies,A2,0.409,model_predicted
5094,ממקור,from a source / from an origin,A1,0.672,model_predicted
5095,מתמטיים,mathematical (m.pl.),C1,0.354,model_predicted
5096,מתרחש,happening (m.s.),A2,0.367,model_predicted
5097,מועמד,applicant / candidate / nominee (m.s.),C1,0.436,model_predicted
5098,משורר,poet,A2,0.325,model_predicted
5099,מעשית,practical (f.s.),B1,0.382,model_predicted
5100,מערבי,western (m.s.),A2,0.506,model_predicted
5101,מזרחי,eastern (m.s.),A2,0.382,model_predicted
5102,מדרגת,stair of / from a degree of / from a level of / from a rank of,A2,0.457,model_predicted
5103,מרכזית,central (f.s.),B1,0.326,model_predicted
5104,למזרח,to the east,A2,0.547,model_predicted
5105,לשימור,for conservation,C1,0.603,model_predicted
5106,לשתות,to drink,A1,0.832,model_predicted
5107,לקבוצות,to/for groups / to/for the groups,A1,0.462,model_predicted
5108,לערך,approximately / around / roughly / to a value,C1,0.402,model_predicted
5109,לדמוקרטיה,to/for a democracy / to/for democracy,C1,0.516,model_predicted
5110,ונחשב,and is considered / and we will calculate,B1,0.369,model_predicted
5111,שטרות,bills,A1,0.78,model_predicted
5112,שנבנו,that were built,A1,0.795,model_predicted
5113,קשור,tied / linked / connected (m.s.),B1,0.403,model_predicted
5114,קדוש,holy,B2,0.346,model_predicted
5115,פולחן,rite / ritual / sacramental,B2,0.362,model_predicted
5116,כינוי,nickname,A2,0.421,model_predicted
5117,כריתת,cutting down of / amputation of,B1,0.293,model_predicted
5118,המרחב,the space,A2,0.514,model_predicted
5119,התרבותי,the civilized / the cultural / the cultivated,C1,0.585,model_predicted
5120,השוואה,comparison,B2,0.348,model_predicted
5121,השגרירות,the embassy,B1,0.298,model_predicted
5122,הפופולריות,the popularity / the popular (f.pl.),C1,0.435,model_predicted
5123,הזיכרון,the memory,A2,0.312,model_predicted
5124,הצומח,that grows / the flora,A1,0.795,model_predicted
5125,במרבית,in most of,A1,0.488,model_predicted
5126,בורות,holes / pits / ignorance,A2,0.29,model_predicted
5127,בשירות,in the service / in a service / in/at the service of,B1,1.0,concordance
5128,בעיית,the problem of,A1,1.0,concordance
5129,רישומים,records / sketches,A2,0.381,model_predicted
5130,נפרדים,separated / individual (m.pl.),C1,0.399,model_predicted
5131,ביהודי,among the Jews of,B2,0.32,model_predicted
5132,לנחל,to a stream / to the stream,B1,0.319,model_predicted
5133,סמלים,symbols / sergeants,B2,1.0,concordance
5134,עיתון,newspaper,A1,0.723,model_predicted
5135,ראייה,sight / eye sight / vision / seeing,B1,0.416,model_predicted
5136,המסמך,the document,B1,0.339,model_predicted
5137,תלמידים,students,A1,1.0,concordance
5138,רכישת,acquisition of / purchase of,C1,0.474,model_predicted
5139,הבאר,the well,A1,0.773,model_predicted
5140,בשנותיו,in/at his years,A1,0.788,model_predicted
5141,וכיצד,and how,A1,0.725,model_predicted
5142,שיקום,rehabilitation / reconstruction,C1,0.565,model_predicted
5143,זנב,tail,B1,0.37,model_predicted
5144,מסלולים,courses / paths / tracks,A1,0.575,model_predicted
5145,ושיטות,and methods,B1,0.354,model_predicted
5146,פרישתו,his retirement,A1,0.788,model_predicted
5147,אימוני,training of / practice of,B1,0.388,model_predicted
5148,חילוף,change / exchange,A2,0.296,model_predicted
5149,כמעין,like,A1,0.662,model_predicted
5150,היין,the wine,A1,0.712,model_predicted
5151,הושפע,was influenced / was affected / the scouts / the rangers / the observers / the spectators / that/who observe / that/who,A1,1.0,concordance
5152,הצופים,hatsofim / watch (m.pl.),C1,0.382,model_predicted
5153,נולדה,was born (f.s.),A2,0.447,model_predicted
5154,נחש,snake,B1,0.393,model_predicted
5155,העבודות,the works / the jobs,A1,0.697,model_predicted
5156,פילוסופים,philosophers,C1,0.563,model_predicted
5157,ביכולתו,he is able [to] / within his power,A2,0.426,model_predicted
5158,אבולוציה,evolution,B2,1.0,concordance
5159,השייכות,the relevance / the relation / the ownership / that/who belong (f.pl.),A1,1.0,concordance
5160,בילה,had fun / spent time (m.s.),A1,0.65,model_predicted
5161,בתערוכה,in a show / in an exhibition / in the show / in the exhibition,A1,0.682,model_predicted
5162,המכירות,the sales,A1,0.499,model_predicted
5163,מתמטי,mathematical (m.s.),C1,0.354,model_predicted
5164,הרפואה,the medicine,A2,0.401,model_predicted
5165,פסלי,statues of / sculptures of,B1,1.0,concordance
5166,מינית,sexual / sexually / you appointed (f.s.) / you appointed (m.s.),A1,0.452,model_predicted
5167,בסרטן,[in] a crab / [in] cancer / [in] the crab / [in] the cancer,B1,0.352,model_predicted
5168,לאלים,to/for the gods / to/for gods / to/for the violent / to/for a violent,A2,0.421,model_predicted
5169,המדידה,the measurement / the measuring,C1,0.443,model_predicted
5170,הביולוגי,the biological,B2,0.439,model_predicted
5171,רקמות,tissues / embroideries,B2,0.415,model_predicted
5172,הגנטי,the genetic (m.s.),C1,0.379,model_predicted
5173,חרקים,insects,B1,0.429,model_predicted
5174,הארוחה,the meal,A1,0.841,model_predicted
5175,הבישול,the cooking,A1,0.648,model_predicted
5176,מחשבות,thoughts,B1,0.345,model_predicted
5177,ואמנם,and indeed,B1,0.321,model_predicted
5178,ואביט,and I will look,A1,0.714,model_predicted
5179,קיבה,stomach,A2,0.357,model_predicted
5180,עף,flew (m.s.),B1,0.413,model_predicted
5181,עט,pen / swooped down,A2,0.497,model_predicted
5182,אתכם,with you (m.pl.) / you (m.pl.),A1,0.565,model_predicted
5183,המלוה,the escort / the creditor,B1,0.367,model_predicted
5184,המחרת,the next day,A1,0.656,model_predicted
5185,העופרת,the lead,B1,0.39,model_predicted
5186,החלותי,I started,A1,0.55,model_predicted
5187,ביציע,in a gallery / in a wing / in the gallery / in the wing,B1,0.344,model_predicted
5188,רטן,grumbled / complained (m.s.),C1,0.391,model_predicted
5189,צחקו,laughed (pl.),A1,0.494,model_predicted
5190,צרצר,cricket,A1,0.44,model_predicted
5191,במחשבות,in thoughts / in the thoughts,B1,0.345,model_predicted
5192,בחוץ,outside,A1,0.654,model_predicted
5193,רגעים,moments,A2,1.0,concordance
5194,מצבי,my state / my situation,B1,1.0,concordance
5195,קרבי,combat (adj.) (m.s.),B2,0.404,model_predicted
5196,כדאי,worthwhile / it is worthwhile,C1,0.456,model_predicted
5197,הכרטיסים,the tickets,A1,1.0,concordance
5198,יכולתי,my ability / my capability / I could,B1,0.386,model_predicted
5199,עמל,work / suffering / worked hard / worker / works hard,A1,0.697,model_predicted
5200,אמי,my mother,A1,0.818,model_predicted
5201,חשבו,thought (pl.),B1,0.345,model_predicted
5202,מכירים,know / recognize (m.pl.),A1,0.789,model_predicted
5203,פרסומת,advertisement / commercials,A2,0.403,model_predicted
5204,השניה,the second / the other,A1,0.619,model_predicted
5205,הדלתות,the doors,A1,0.763,model_predicted
5206,גופי,my body,A1,0.568,model_predicted
5207,גור,cub / puppy,A2,0.47,model_predicted
5208,ברעב,in hunger,B1,1.0,concordance
5209,מלמעלה,from above,A1,0.672,model_predicted
5210,מזמן,long time ago,A1,0.78,model_predicted
5211,מאליו,by itself,A2,0.438,model_predicted
5212,הביצה,the egg / the swamp,A1,0.72,model_predicted
5213,באין,without,A2,0.455,model_predicted
5214,משלי,of mine / proverbs of / Book of proverbs,A1,0.773,model_predicted
5215,מחירי,prices of,A1,0.593,model_predicted
5216,מאלה,from these,A1,0.672,model_predicted
5217,מכוסה,covered (m.s.),B1,0.364,model_predicted
5218,לענות,to answer / to torture / to torment,A1,0.72,model_predicted
5219,לביתו,to/for his home,A1,0.788,model_predicted
5220,לסיים,to finish,A2,0.386,model_predicted
5221,הקרובים,the close / the relatives (m.pl.),A1,0.352,model_predicted
5222,ההשקעה,the investment,B2,0.385,model_predicted
5223,מכירת,sale of,A1,0.499,model_predicted
5224,מסייע,assists / helps (m.s.),B1,0.37,model_predicted
5225,מסביר,explains (m.s.),B2,0.313,model_predicted
5226,תכופות,frequently,B1,0.425,model_predicted
5227,שבכל,that in all,A1,1.0,concordance
5228,חשד,suspected (m.s.) / suspicion,C1,0.381,model_predicted
5229,המאכלים,the food / the dishes,A1,0.838,model_predicted
5230,העולה,the rising / the climbing / the immigrant (m.s.) / the rising / the climbing / the immigrant (f.s.),B2,1.0,concordance
5231,ממוגן,protected / shielded (m.s.),C1,0.474,model_predicted
5232,מסך,screen / display / curtain,A1,0.624,model_predicted
5233,יק,yak,A2,0.339,model_predicted
5234,ידו,his hand,A1,1.0,concordance
5235,לפרלמנט,to/for a parliament / to/for the parliament,B1,0.257,model_predicted
5236,לרוח,to the wind / to/for the spirit / to a wind / to/for a spirit,A1,1.0,concordance
5237,תחושה,feeling / sensation,B2,1.0,concordance
5238,שכבה,lay down (f.s.) / layer,B1,0.363,model_predicted
5239,שבתוך,that is inside,A1,0.795,model_predicted
5240,עמדתו,his position,B1,1.0,concordance
5241,עשיר,rich (m.s.),A2,0.459,model_predicted
5242,אגדה,fairy tale / legend,B1,0.384,model_predicted
5243,המלאכה,the work / the craft,A1,0.697,model_predicted
5244,המוצא,the way out / the origin,A1,0.731,model_predicted
5245,השלבים,the stages / the phases / the rungs,B2,1.0,concordance
5246,הרוחות,the winds,A1,1.0,concordance
5247,הרבנים,the rabbis,B2,0.304,model_predicted
5248,במגרש,in a field / in a yard / in the field / in the yard,A2,0.409,model_predicted
5249,בתוקף,valid / firmly / assertively,C1,0.454,model_predicted
5250,בשער,at the gate / at the gate of,A2,0.42,model_predicted
5251,בעין,in/with an eye / in/with the eye,A1,0.565,model_predicted
5252,ריצת,run of,A1,0.742,model_predicted
5253,סגורה,closed (f.s.),B1,0.46,model_predicted
5254,משתנים,variables / vary / change (m.pl.),C1,0.452,model_predicted
5255,מעריכים,estimate / value / appreciate (m.pl.),C1,0.419,model_predicted
5256,מחסה,shelter,C1,0.421,model_predicted
5257,למסקנה,to a conclusion / to the conclusion,B2,0.354,model_predicted
5258,לקום,to stand up / to wake up,A2,1.0,concordance
5259,לקדם,to promote / to welcome,B1,0.326,model_predicted
5260,לבטל,to cancel,B1,0.449,model_predicted
5261,לסדרת,to a series of / to the series of,A2,0.456,model_predicted
5262,ובמשך,and during,B1,0.418,model_predicted
5263,ובשל,and because of / and ripe / and cooked (m.s.),A1,0.448,model_predicted
5264,עטיפת,wrapping of,B2,0.394,model_predicted
5265,אמיתית,real (f.s.),A2,0.384,model_predicted
5266,איטי,slow,A2,0.336,model_predicted
5267,חלום,dream,A1,0.631,model_predicted
5268,חוקרי,investigators of / researchers of,C1,0.393,model_predicted
5269,חוקר,investigator / researcher / investigates / researches / inquires (m.s.),C1,0.393,model_predicted
5270,אחיה,her brother,A1,0.819,model_predicted
5271,אחוזים,percentage / possessed / stricken (m.pl.),B2,0.306,model_predicted
5272,כשלון,failure,B2,0.357,model_predicted
5273,כשר,kosher,B2,0.364,model_predicted
5274,ככלי,as an article / as articles / as the articles of,A1,0.707,model_predicted
5275,כהונתו,his cadence / his tenure,A1,0.788,model_predicted
5276,המודעות,the notices / the ads / the awareness / that are aware (f.pl.),B1,0.457,model_predicted
5277,המגן,the defender / the shield,B2,1.0,concordance
5278,היציאה,the exit,B1,0.436,model_predicted
5279,השוטרים,the policemen,A2,0.378,model_predicted
5280,הפינוי,the eviction / the evacuation,C1,0.524,model_predicted
5281,הפסידה,lost (f.s.),A2,0.485,model_predicted
5282,החליפה,changed / replaced (f.s.),A2,0.344,model_predicted
5283,ההוראה,the order / the instruction,A2,0.498,model_predicted
5284,הבולט,the protruding / that/who stands out (m.s.),A1,1.0,concordance
5285,הבכיר,the senior,B2,1.0,concordance
5286,דווח,was reported / report (m.s. imperative),A2,0.447,model_predicted
5287,במרחב,in space / in a space / in the space of,A2,0.514,model_predicted
5288,בתחתית,at the bottom of / at the bottom / in the subway,A1,0.468,model_predicted
5289,בעומק,at a depth of / deep / at the depth,C1,0.516,model_predicted
5290,בהתנגדות,[in] a resistance / [in] an objection / [in] the resistance / [in] the objection,C1,0.5,model_predicted
5291,בהוצאת,[in] an expense / in a removal / in an edition / published by,C1,0.402,model_predicted
5292,בדעה,holds the opinion / in [clear] mind,B1,0.412,model_predicted
5293,ספריו,his books,A1,0.788,model_predicted
5294,נמלטו,escaped (pl.),B2,0.328,model_predicted
5295,נועד,intended for / destined for / conferred (m.s.),B1,0.394,model_predicted
5296,נעורים,youth,A1,0.591,model_predicted
5297,נטו,"net (weight, wages) / they were inclined / they tended to / they were tilted",B1,0.259,model_predicted
5298,משוריינות,shielded / armored / secured / iron-bound (f.pl.),C1,0.575,model_predicted
5299,ארטילריה,artillery,C1,0.385,model_predicted
5300,הקונפדרציה,the confederation,C1,0.477,model_predicted
5301,האספקה,the supply,B1,0.361,model_predicted
5302,מפציצים,bombers / bomb (m.s.),B2,1.0,concordance
5303,קיסרי,caesarian,C1,0.526,model_predicted
5304,בצי,in a navy / in an armada / in the navy / in the armada,B1,0.291,model_predicted
5305,להתקיף,to attack,B1,0.362,model_predicted
5306,המזוינת,the armed (f.s.),B1,0.379,model_predicted
5307,פקידים,clerks / officials,B1,0.371,model_predicted
5308,פקודת,order of,A2,0.498,model_predicted
5309,פצועים,injured (m.pl.),B1,0.478,model_predicted
5310,משטרו,his regime / his reign,A1,0.788,model_predicted
5311,בכוחות,with powers / with forces,A1,0.565,model_predicted
5312,להוות,to be / to constitute,C1,0.578,model_predicted
5313,שקדמו,that/who preceded (pl.),A1,1.0,concordance
5314,שנמצאו,that/who were found / that/who were [at],A1,1.0,concordance
5315,עצמאיות,independent (f.pl.),C1,0.538,model_predicted
5316,אצילים,aristocrats / noble (m.pl.),C1,0.63,model_predicted
5317,העבירו,passed / transferred (pl.),A2,0.41,model_predicted
5318,ההנחה,the assumption / the discount,C1,0.58,model_predicted
5319,במושבות,in villages / in colonies / in the villages / in the colonies,A1,0.697,model_predicted
5320,בהתקפה,in/under an attack / in/under the attack,A2,0.429,model_predicted
5321,מילימטרים,millimeters,B2,0.322,model_predicted
5322,להשמיד,to destroy,B2,0.379,model_predicted
5323,בכיבוש,[in] an occupation / by occupying / [by] the occupation,C1,0.469,model_predicted
5324,רובי,rifles of / my rifle,A2,0.439,model_predicted
5325,נורו,were shot,A1,0.62,model_predicted
5326,נשמר,is/was guarded / is/was kept / is/was protected (m.s.),A2,0.447,model_predicted
5327,מודיעין,information / intelligence,A2,1.0,concordance
5328,לחיל,to the forces of / to forces / to success,B1,0.454,model_predicted
5329,להחליט,to decide,A2,0.365,model_predicted
5330,להבקיע,to score [a goal],A2,0.39,model_predicted
5331,הקרויים,that/who are called (m.pl.),A1,1.0,concordance
5332,החשש,the worry / the fear,A2,0.401,model_predicted
5333,הסטודנטים,the students,A1,1.0,concordance
5334,ביחידות,in units / in squad / in the units / in the squads,A2,0.277,model_predicted
5335,בגלוי,openly,C1,0.42,model_predicted
5336,ציבורי,public,B1,0.421,model_predicted
5337,נדרשו,were required,A1,0.62,model_predicted
5338,מייסד,the founder,C1,0.352,model_predicted
5339,מילולית,verbally / literally,C1,0.427,model_predicted
5340,מקו,from a line / from the line of,A1,0.672,model_predicted
5341,מחוזות,districts,B1,0.324,model_predicted
5342,מדינית,political (f.s.),B2,0.325,model_predicted
5343,מטענים,cargoes / luggage / load,B1,0.323,model_predicted
5344,לפיו,according to him/it,B1,0.344,model_predicted
5345,וליצור,and to create / and to make,A2,0.38,model_predicted
5346,וחלקם,and some of them / and their part / and their share,A1,0.706,model_predicted
5347,שעלתה,that/who went up / that/who climbed / that/who increased / that/who immigrated (f.s.),A1,1.0,concordance
5348,קודמות,former / previous (f.pl),B1,0.356,model_predicted
5349,פיגועי,the terrorist acts of,B2,1.0,concordance
5350,כפולה,double / multiple,A2,0.385,model_predicted
5351,המוחלט,the total (m.s.),B1,1.0,concordance
5352,התגובה,the response,B1,0.451,model_predicted
5353,הנסיך,the prince,A2,0.427,model_predicted
5354,סבו,his grandfather / encircled / rotate (pl.),A1,0.788,model_predicted
5355,נתגלו,were discovered,A1,0.62,model_predicted
5356,נהרסו,were destroyed / were demolished,A1,0.62,model_predicted
5357,מתוארים,are described (m.pl.),A1,0.786,model_predicted
5358,מתקני,installations of / devices of,C1,1.0,concordance
5359,מועמדים,applicants / candidates / nominees (m.pl.),C1,0.436,model_predicted
5360,מכוסים,covered (m.pl.),B1,0.364,model_predicted
5361,מהעיר,from the city,A1,0.672,model_predicted
5362,מנהרה,tunnel,B1,1.0,concordance
5363,לבלתי,in order not,A2,0.498,model_predicted
5364,תעשיית,industry of,B2,0.367,model_predicted
5365,ובתי,and the houses of / and the homes of,A1,0.817,model_predicted
5366,שליחים,messengers / delegates / couriers,A2,0.435,model_predicted
5367,שזכו,who won / who attained (pl.),A1,1.0,concordance
5368,קשורים,tied / linked / connected (m.pl.),B1,0.403,model_predicted
5369,קהילות,communities,B1,0.337,model_predicted
5370,עמודי,pages of / pillars of,A1,0.767,model_predicted
5371,אופיינית,characteristic (f.s.),C1,0.587,model_predicted
5372,חשיבה,thinking,B1,0.331,model_predicted
5373,חזקות,strong (f.pl.) / powers (math.),B1,0.373,model_predicted
5374,כבית,as a home,A1,0.832,model_predicted
5375,המוקדמת,the early / the preliminary (f.s.),A1,0.757,model_predicted
5376,המוכר,the known / the familiar / the seller / the salesman,A1,0.636,model_predicted
5377,המשפיעים,that effect / that influence (m.pl.),A1,0.795,model_predicted
5378,האופן,the mode / the manner / the way / the wheel,B1,0.332,model_predicted
5379,הכותרת,the title,A1,0.502,model_predicted
5380,ההצעה,the proposal / the suggestion / the offer,B2,0.32,model_predicted
5381,הסיום,the end,A1,0.621,model_predicted
5382,הסיבוב,the rotation / the revolution,B2,1.0,concordance
5383,הנהרות,the rivers,A1,0.725,model_predicted
5384,הנטייה,the inclination / the tendency / the tilt,C1,0.588,model_predicted
5385,דורות,generations,B1,1.0,concordance
5386,בעמק,in a valley / in the valley,B1,0.289,model_predicted
5387,טרופי,tropical (m.s.),B1,0.375,model_predicted
5388,רומן,love affair / novel,A1,0.772,model_predicted
5389,צפיפות,density / crowding,C1,0.593,model_predicted
5390,סיפק,satisfied / supplies (m.s.),B1,0.426,model_predicted
5391,סם,drug,A2,0.417,model_predicted
5392,נאסר,/ was forbidden / was imprisoned (m.s.),A2,0.447,model_predicted
5393,מלב,from a heart / from the heart of,A1,0.672,model_predicted
5394,הרבני,the rabbinical,C1,0.476,model_predicted
5395,תהומי,abyssal / deep / bottomless,C1,0.435,model_predicted
5396,שחקים,sky,A2,0.424,model_predicted
5397,השדרות,the boulevards,A2,0.372,model_predicted
5398,בפרעות,in pogroms / in riots / in the pogroms / in the riots,C1,0.435,model_predicted
5399,גדי,young goat / Capricorn,A1,0.821,model_predicted
5400,סגירת,closing of,B1,0.403,model_predicted
5401,מבצעי,the people who perform [X],A1,1.0,concordance
5402,מאורעות,events,B1,0.505,model_predicted
5403,המנהרות,the tunnels,B1,1.0,concordance
5404,עתיקות,ancient / old (f.pl.) / antiquities,C1,0.314,model_predicted
5405,חבריו,his friends,A1,0.788,model_predicted
5406,המגורים,the residence / the stimulated (m.pl.),C1,0.312,model_predicted
5407,משקאות,drinks,A1,0.832,model_predicted
5408,מעיינות,springs,A1,0.432,model_predicted
5409,התאחדות,association,C1,0.46,model_predicted
5410,רשויות,authorities,C1,0.488,model_predicted
5411,צינורות,pipes,B1,0.344,model_predicted
5412,מייצג,represents (m.s.),C1,0.49,model_predicted
5413,מושגים,concepts / obtained / achieved (m.pl.),B2,0.373,model_predicted
5414,לתרבות,to/for civilization / to/for culture / to/for the civilization / to/for the culture,C1,0.555,model_predicted
5415,לשרוד,to survive,C1,0.334,model_predicted
5416,תא,cell,A1,0.391,model_predicted
5417,פלגת,group of (mil.) / division of (family),B2,1.0,concordance
5418,גופם,their body,A1,0.667,model_predicted
5419,בתחומים,in fields / in areas / in ranges / in the fields / in the areas / in the ranges,A2,0.409,model_predicted
5420,בדיעבד,post factum,A2,1.0,concordance
5421,מנסים,try (m.pl.),A1,0.679,model_predicted
5422,ידועות,known (f.pl.),A1,0.636,model_predicted
5423,השימור,the conservation,C1,0.603,model_predicted
5424,הקשור,that/who is tied / that/who is linked / that/who is connected (m.s.),A1,1.0,concordance
5425,בקלפי,at the poll / in the polling booth,B2,0.272,model_predicted
5426,ליברליות,liberalism / liberal (f.pl.),C1,0.612,model_predicted
5427,מורה,teacher,A1,0.772,model_predicted
5428,יציבה,stable (f.s.),C1,0.507,model_predicted
5429,תאוריית,the theory of,C1,0.464,model_predicted
5430,זיקה,affinity / linkage / disposition,C1,0.578,model_predicted
5431,לתואר,to/for a title / to/for a degree / to/for an adjective / to/for an appearance / to/for a shape / to/for the title / to/for the degree / to/for the adjective / to/for the appearance / to/for the / lato'ar / shape,A1,0.502,model_predicted
5432,תפוצת,the distribution of,C1,0.482,model_predicted
5433,אמנותי,artistic (m.s.) / my art,B1,0.434,model_predicted
5434,הכדורגל,the football / the soccer,A1,0.674,model_predicted
5435,בירה,capital / beer,A2,0.477,model_predicted
5436,נפח,volume / blacksmith,B1,0.308,model_predicted
5437,השיגעון,the madness / the insanity,C1,0.389,model_predicted
5438,מטפל,the care giver / treats / handles (m.s.),A1,0.743,model_predicted
5439,במאים,directors,A2,0.413,model_predicted
5440,הגייה,pronunciation,B1,0.321,model_predicted
5441,הוריו,his parents,A1,0.788,model_predicted
5442,להיכל,to a palace / to a temple / to the palace / to the temple,B1,0.299,model_predicted
5443,סרטון,film strip,A1,1.0,concordance
5444,נגן,player (of music) / play (music) (m.s. imperative),A1,0.502,model_predicted
5445,החזרה,return / giving back / the repetition / the rehearsal,B1,0.41,model_predicted
5446,הפואמה,the poem,A2,0.297,model_predicted
5447,לנוער,for youth / for the youth of / for the youth,A1,0.591,model_predicted
5448,התופעות,the phenomena,C1,0.529,model_predicted
5449,הדומים,the similar (m.pl.),A2,0.375,model_predicted
5450,רוכב,rides (m.s.),A1,0.565,model_predicted
5451,המימן,the hydrogen,B2,0.428,model_predicted
5452,החיידקים,the bacteria,B2,0.339,model_predicted
5453,הכדורסל,the basketball,A1,1.0,concordance
5454,גלוקוז,glucose,B2,0.315,model_predicted
5455,גומלין,reciprocal / mutual,C1,0.568,model_predicted
5456,ברומח,by/with the lance / by/with a lance,A1,0.565,model_predicted
5457,רומח,spear / lance,B2,0.361,model_predicted
5458,סיבובים,rotations / revolutions / whirls,B2,1.0,concordance
5459,לתחרות,to/for a competition / to/for the competition,B1,0.384,model_predicted
5460,פיזיולוגיה,physiology,C1,0.45,model_predicted
5461,מכילים,contain (m.pl.),A2,0.404,model_predicted
5462,בטמפרטורות,at temperatures,A1,0.647,model_predicted
5463,חיזור,courting / reduction (chemistry),B2,0.454,model_predicted
5464,ירדתי,I went down / I came down / I descended,A1,0.701,model_predicted
5465,אצלי,in my possession / at my place / near me,B2,0.357,model_predicted
5466,כולנו,all of us,A1,1.0,concordance
5467,לבנין,to a building / for the building of,A1,0.534,model_predicted
5468,וכה,and so / thither [hither and thither],C1,0.508,model_predicted
5469,שלשול,diarrhea / earthworm,C1,0.302,model_predicted
5470,שזיפים,plums,A2,0.319,model_predicted
5471,ענפיו,its branches,A1,0.823,model_predicted
5472,להציע,to propose / to suggest / to offer,B2,0.341,model_predicted
5473,בשמש,in the sun,A1,0.76,model_predicted
5474,בשלום,in peace,B2,0.324,model_predicted
5475,מלכת,queen of,A2,0.356,model_predicted
5476,מאין,from where,A1,0.672,model_predicted
5477,חרושת,industry / manufacture,B2,0.367,model_predicted
5478,מתוק,sweet (m.s.),A1,0.745,model_predicted
5479,לתוכה,into her/it,A2,0.293,model_predicted
5480,פיה,nozzle / mouthpiece / fairy,B2,0.382,model_predicted
5481,עופרת,lead,B1,0.39,model_predicted
5482,ציינו,noted / marked / pointed out (pl.),C1,0.463,model_predicted
5483,נחתם,was signed,A2,0.447,model_predicted
5484,להודיע,to notify,C1,0.361,model_predicted
5485,ויאמר,and he will say / and he shall say / and he said (biblical) / and will be said,A1,0.714,model_predicted
5486,הישנים,the old (m.pl.) / the sleeping (m.pl.),A1,0.717,model_predicted
5487,ההכרה,the recognition / the consciousness,C1,0.533,model_predicted
5488,הס,quite,A2,0.45,model_predicted
5489,דיברו,spoke / talked (pl.),A1,0.36,model_predicted
5490,בכבוד,respectfully / with honor,C1,0.447,model_predicted
5491,צמודה,attached / linked / adjacent (f.s.),B1,0.315,model_predicted
5492,משך,duration / pulled / attracted / withdrew,C1,0.398,model_predicted
5493,מנוחה,rest / deceased (f.s.),A2,0.344,model_predicted
5494,זכוכית,glass,A1,0.765,model_predicted
5495,הזרעים,the seeds,A2,0.387,model_predicted
5496,החרדים,the fearful / the anxious / the ultra-orthodox (m.pl.),C1,0.416,model_predicted
5497,הבגדים,the clothes,A1,0.753,model_predicted
5498,הטובות,the good / the favors (f.pl.),A1,0.76,model_predicted
5499,בדברים,in the things / in the matters / in the words / in the speech / in the things that were said / talked / negotiated,A1,0.733,model_predicted
5500,מצליחים,succeed / successful (m.pl.),B1,0.39,model_predicted
5501,לשדה,to the field / to a field,A2,0.409,model_predicted
5502,שהעניק,that/who gave (m.s.),A1,1.0,concordance
5503,עונש,punishment,C1,0.436,model_predicted
5504,עצום,huge (m.s.),A2,0.381,model_predicted
5505,חלש,weak (m.s.),C1,0.446,model_predicted
5506,חופשיות,free (f.s.),A1,0.674,model_predicted
5507,הידיעות,the news,A1,0.623,model_predicted
5508,הידיעה,the knowledge / the news,A2,0.343,model_predicted
5509,הולכי,the walkers of / pedestrians,B1,0.406,model_predicted
5510,השתנה,changed (m.s.),A2,0.344,model_predicted
5511,השחורים,the black (m.pl.),A1,0.766,model_predicted
5512,האותיות,the letters,A1,0.786,model_predicted
5513,האנושיות,the humanism / the humane (f.pl.),C1,0.58,model_predicted
5514,הסכנה,the danger / the risk,B2,0.335,model_predicted
5515,במקצת,somewhat / slightly,B1,0.335,model_predicted
5516,בחר,chose / selected / voted (m.s.),A2,0.353,model_predicted
5517,נענה,answered / agreed / was answered (m.s.),A1,0.684,model_predicted
5518,נסיעה,drive / travel,A1,0.75,model_predicted
5519,משרת,servant / serves (m.s.),B1,0.338,model_predicted
5520,מפורט,detailed (m.s.),B1,0.354,model_predicted
5521,מהארץ,from the country / from Israel,A1,0.672,model_predicted
5522,מטופל,patient / taken care of / person who is taken care of (m.s.),A1,1.0,concordance
5523,מסודרים,organized / settled (m.pl.),C1,0.468,model_predicted
5524,להכריע,to decide / to overpower,A2,0.365,model_predicted
5525,לרגלי,at the feet of / at my feet / to/for my legs,A1,0.703,model_predicted
5526,ומאז,and since then,A1,0.351,model_predicted
5527,ולו,and to/for him / and he has / and he had / even if,A1,0.795,model_predicted
5528,ואחרות,and other (f.pl.) / and others (f.),A1,0.577,model_predicted
5529,והחלו,and started (pl.),A1,0.55,model_predicted
5530,שלחו,sent (pl.),A2,0.421,model_predicted
5531,שלטה,ruled (f.s.),B2,0.363,model_predicted
5532,ששמו,that/who placed / that/who put (pl.),A1,1.0,concordance
5533,שעלו,that/who went up / that/who climbed / that/who increased / who immigrated (pl.),A1,1.0,concordance
5534,שכונתה,that/who was named (f.s.),A1,1.0,concordance
5535,פוגע,hits / damages / offensive (m.s.),B2,1.0,concordance
5536,פשרה,compromise / conciliation,C1,0.504,model_predicted
5537,פנימית,internal (f.s.),B2,0.321,model_predicted
5538,עבודתם,their work,A1,0.667,model_predicted
5539,חיפוש,search,A2,0.434,model_predicted
5540,איכרים,peasants / farmers,C1,0.463,model_predicted
5541,זוהר,glowing / shining / glow / shine,B2,0.353,model_predicted
5542,חשיבותו,his importance / its importance,A1,0.788,model_predicted
5543,כפול,double,A2,0.385,model_predicted
5544,המוקדמות,the early / the preliminary (f.pl.),A1,0.757,model_predicted
5545,היקף,perimeter/ circumference / scope,C1,0.489,model_predicted
5546,התיק,the bag / the case / the file / the portfolio,A1,0.777,model_predicted
5547,התקדם,advanced / made a progress (m.s.),C1,0.418,model_predicted
5548,התפילה,the prayer,B2,0.396,model_predicted
5549,השמרנית,the conservative (f.s.),C1,0.507,model_predicted
5550,החשובה,the important (f.s.),A1,0.32,model_predicted
5551,הכפרים,the villages,A1,0.697,model_predicted
5552,הרים,mountains / lifted (m.s.),A2,0.517,model_predicted
5553,הרדיו,the radio,A1,1.0,concordance
5554,הנקראת,that/who is called / that/who is summoned (f.s.),A1,1.0,concordance
5555,גורלם,their fate,A1,0.667,model_predicted
5556,גזר,carrot / cut / ruled / concluded (m.s.),A2,0.374,model_predicted
5557,במחלה,in sickness,B2,0.37,model_predicted
5558,בינו,between him,A2,0.322,model_predicted
5559,בשבת,on Saturday / on the Saturday,A1,0.735,model_predicted
5560,בגופו,in/with his body,A1,0.565,model_predicted
5561,בבירור,clearly / obviously / under inquiry,B1,0.358,model_predicted
5562,בטעות,by mistake,A2,0.463,model_predicted
5563,צבעים,colors / painters,A1,0.742,model_predicted
5564,סוד,secret,A2,0.366,model_predicted
5565,סכנת,risk of,B2,0.362,model_predicted
5566,כקיסר,as a Caesar,C1,0.428,model_predicted
5567,הקומוניזם,communism,B2,0.382,model_predicted
5568,הכניעה,the surrender,C1,0.533,model_predicted
5569,לנהר,to a river / to the river,A1,0.725,model_predicted
5570,בחבל,with a rope / with the rope,A1,0.565,model_predicted
5571,פיטר,fired,B1,0.431,model_predicted
5572,פקידי,clerks of / officials of,B1,0.371,model_predicted
5573,בשיאה,at her/its top / at her/its peak,A1,0.819,model_predicted
5574,בהרים,[at/on] the mountains,A2,0.517,model_predicted
5575,נסיגה,withdrawal / retreat,C1,0.45,model_predicted
5576,לתאם,to coordinate,C1,0.441,model_predicted
5577,להעברת,for the pass of / for the transfer of,B1,0.305,model_predicted
5578,כלכלה,economy,B2,0.344,model_predicted
5579,המחוזות,the districts,B1,0.324,model_predicted
5580,הקיסרות,the empire,C1,0.533,model_predicted
5581,סבלו,suffered (pl.),C1,0.407,model_predicted
5582,מנתה,counted / included (f.s.),B1,0.276,model_predicted
5583,לגשר,to bridge / to mediate / to the bridge / to a bridge,A2,0.371,model_predicted
5584,והעיר,and the city,A1,0.732,model_predicted
5585,אבירי,valiant / knightly,C1,0.477,model_predicted
5586,סייעה,assisted / helped (f.s.),C1,0.437,model_predicted
5587,מאזן,balance (statement) / balances (m.s.),B2,0.343,model_predicted
5588,מנקודת,from the point of,A1,0.672,model_predicted
5589,לכת,going / walking,A1,0.708,model_predicted
5590,והצבא,and the army,A2,0.361,model_predicted
5591,ובקרב,and in the battle of / and in the battle / and among,B2,0.382,model_predicted
5592,ששהו,that/who stayed (pl.),A1,1.0,concordance
5593,שרדו,survived (pl.),C1,0.379,model_predicted
5594,המהלך,the move / the step / the distance,A2,0.399,model_predicted
5595,הימי,the marine (m.s.),B1,0.319,model_predicted
5596,הקתולית,the Catholic / that/who stands / that/who is about to / that/who endures / that/who succeeds /,A1,1.0,concordance
5597,העומד,ha'omed / that/who insists on (m.s.),A1,1.0,concordance
5598,בידם,in their hand / up to them,A1,1.0,concordance
5599,ניווט,navigation,C1,0.298,model_predicted
5600,מודרני,modern (m.s.),A2,0.417,model_predicted
5601,מרביתם,most of them,A1,0.488,model_predicted
5602,למעבר,for pass / for transfer / for transit / for the pass / for the transfer / for the transit,B1,0.305,model_predicted
5603,למבצע,to/for an operation / for a sale / to/for the operation / for the sale,B1,0.404,model_predicted
5604,וכוחות,and powers / and forces / and strengths,B1,0.397,model_predicted
5605,ונתן,and gave (m.s.),A1,0.369,model_predicted
5606,שקדם,the former / the preceding,B1,0.356,model_predicted
5607,חולקו,were divided,A1,0.62,model_predicted
5608,אחרית,end / remainder,A1,0.621,model_predicted
5609,כמאה,approximately a hundred,C1,0.402,model_predicted
5610,התפתחויות,developments,C1,0.457,model_predicted
5611,האצילים,the aristocrats / the noble (m.pl.),C1,0.63,model_predicted
5612,הרס,destruction / demolition,C1,0.506,model_predicted
5613,בעיתונות,in the press,B1,0.493,model_predicted
5614,סיבות,reasons,A1,0.443,model_predicted
5615,ניצלו,used (pl.) / exploited (pl.) / were saved / were roasted,A2,0.393,model_predicted
5616,ממושך,prolonged / continuous,C1,0.537,model_predicted
5617,מורכבים,complicated / complex / consist of / assembled (m.pl.),B1,0.338,model_predicted
5618,מפקדים,commanders / censuses / musters,B2,0.369,model_predicted
5619,מעורבים,mixed / involved (m.pl.),C1,0.438,model_predicted
5620,מרגע,from the moment [of],A2,1.0,concordance
5621,יחסים,relations / to/for a system / to/for an editorial board / to/for the system of / to/for the editorial,B1,1.0,concordance
5622,למערכת,lema'arekhet / board of / to/for the system / to/for the editorial board,B1,1.0,concordance
5623,לתקשר,to communicate,B2,0.335,model_predicted
5624,לתנאי,to a condition/ to a provision / to the conditions of / to the provisions of,B2,0.331,model_predicted
5625,שלבים,stages / phases / rungs,B2,1.0,concordance
5626,שפעל,that/who acted / that/who operated (m.s.),A1,1.0,concordance
5627,שרת,server / janitor,B1,1.0,concordance
5628,קיומה,her existence / her survival / its holding / its fulfillment (f.s.),A1,0.819,model_predicted
5629,עוצמה,power / force / intensity,B1,0.397,model_predicted
5630,חלקן,some of them / their part / their share (f.pl.),A1,0.706,model_predicted
5631,כונה,was named,A2,0.447,model_predicted
5632,המורכבת,the complicated / the complex / that consists of / that is assembled (f.s.),B1,0.338,model_predicted
5633,השכלה,education,B1,0.297,model_predicted
5634,גיוס,recruitment,C1,0.543,model_predicted
5635,בוצעה,was performed / was carried out (f.s.),A2,0.447,model_predicted
5636,רובן,most of them (f.),A1,0.488,model_predicted
5637,ראשונות,first (f.pl.),A1,0.686,model_predicted
5638,סבלה,suffered (f.s.),C1,0.407,model_predicted
5639,נוסח,version / phrased / style,B2,1.0,concordance
5640,מקצועיים,professional (m.pl.),B1,1.0,concordance
5641,לתרום,to donate / to contribute,B2,0.389,model_predicted
5642,לחודש,for a month / per month,A1,0.827,model_predicted
5643,שלטונות,authorities,C1,0.488,model_predicted
5644,שותף,partner,A2,1.0,concordance
5645,שורשים,roots,A2,0.477,model_predicted
5646,שעסק,that/who dealt / that/who engaged / that/who worked (m.s.),A1,1.0,concordance
5647,שחלק,that part / who disagreed,A1,1.0,concordance
5648,שהוביל,that/who led / that/who transported (m.s.),A1,1.0,concordance
5649,שריפת,the burning of / the fire of,B1,0.406,model_predicted
5650,פוטנציאל,potential,C1,0.492,model_predicted
5651,פריצה,breakthrough / burglary / irruption,C1,0.509,model_predicted
5652,אופייני,characteristic (m.s.),C1,0.587,model_predicted
5653,כוכב,star,A2,0.46,model_predicted
5654,המאוחדת,the united,B2,0.331,model_predicted
5655,המהווים,that are / that constitute (m.pl.),A1,0.795,model_predicted
5656,הפסקה,break / intermission,A1,0.4,model_predicted
5657,הדמוקרטי,the democratic (m.s.),C1,0.367,model_predicted
5658,במשפט,in the trial / in the sentence / in a trial / in a sentence,B2,0.396,model_predicted
5659,בלחץ,at a pressure of / under pressure / under the pressure,B1,0.389,model_predicted
5660,בתקשורת,in the media / in the communication,B1,1.0,concordance
5661,בזמנו,in/at the time,A1,0.757,model_predicted
5662,בכמות,at a quantity of / at an amount of,C1,0.554,model_predicted
5663,סרטו,his movie / his ribbon/strip,A1,0.788,model_predicted
5664,נפילתו,his fall,A2,1.0,concordance
5665,נאלצה,was forced / was compelled (f.s.),A2,0.447,model_predicted
5666,הציוניות,the Zionist (f.pl.),C1,0.549,model_predicted
5667,ומגדל,and a tower,A2,0.454,model_predicted
5668,צירים,axes / axles / hinges / delegates / sauces / contractions,A2,1.0,concordance
5669,יורדים,go down / come down / descend / decreases (m.pl.),A2,0.353,model_predicted
5670,העיתונות,the press,B1,0.493,model_predicted
5671,הארי,the lion / the main part,A1,0.514,model_predicted
5672,הריסת,demolition of / destruction of,C1,0.577,model_predicted
5673,קיבוץ,kibbutz,C1,0.304,model_predicted
5674,ממוקם,located / situated (m.s.),A2,0.474,model_predicted
5675,פעולותיו,his actions / his operations / his deeds,A1,0.788,model_predicted
5676,המיוחדת,the special (f.s.),A2,0.465,model_predicted
5677,התאים,was suitable / was appropriate / was applicable / was identical / suited (m.s.),A2,0.447,model_predicted
5678,הציורים,the paintings / the drawings,A1,0.509,model_predicted
5679,הסברה,explanation / information,A2,1.0,concordance
5680,מאובנים,fossils,C1,0.401,model_predicted
5681,מספקים,satisfying / supply (m.pl.),B2,0.339,model_predicted
5682,תהליכי,processes of,B1,0.391,model_predicted
5683,עשור,decade,A2,0.312,model_predicted
5684,ענקיים,great / giant (m.pl.),A1,0.448,model_predicted
5685,המקהלה,the choir,B1,0.288,model_predicted
5686,בהשתתפות,in the participation of,C1,0.433,model_predicted
5687,מתבססת,based on / becomes established (f.s.),B2,0.346,model_predicted
5688,מסה,mass,B2,0.348,model_predicted
5689,לשמר,to conserve,C1,0.441,model_predicted
5690,לפרס,to/for an award / to/for a prize / to/for the award / to/for the prize,B1,0.381,model_predicted
5691,שנכתבו,that were written,A1,0.795,model_predicted
5692,קשורה,tied / linked / connected (f.s.),B1,0.403,model_predicted
5693,קצרות,short (f.pl.),A1,0.784,model_predicted
5694,איגוד,union,B1,1.0,concordance
5695,חוקיים,legal (m.pl.),B2,1.0,concordance
5696,חשמל,electricity,B1,0.36,model_predicted
5697,אטום,atom / sealed / opaque,B2,1.0,concordance
5698,העתיק,copied,C1,0.349,model_predicted
5699,הדורות,the generations,B1,1.0,concordance
5700,הנמוך,the low / the short (m.s.),A2,0.406,model_predicted
5701,הנוכחית,the current,B2,0.327,model_predicted
5702,גבוהות,high / tall (f.pl.),A2,0.387,model_predicted
5703,בשונה,unlike / different from,B1,0.296,model_predicted
5704,נמוכות,low / short (f.pl.),A2,0.406,model_predicted
5705,נבחרים,elected / selected (m.pl.),C1,0.36,model_predicted
5706,נצפה,was seen / was watched / was observed / was anticipated (m.s.) / we will expect / we will cover / we will coat,A2,0.447,model_predicted
5707,הפרדת,separation of,C1,0.506,model_predicted
5708,גישתו,his attitude,A1,0.788,model_predicted
5709,לקשר,to link / to connect,B1,1.0,concordance
5710,שלד,skeleton / framework,B2,1.0,concordance
5711,חגי,the holidays of / my celebration,A1,0.795,model_predicted
5712,ירקות,vegetables,A1,0.549,model_predicted
5713,מילות,words of,A1,0.796,model_predicted
5714,מתוקים,sweet (m.pl.),A1,0.745,model_predicted
5715,מסתיים,ends (m.s.),A1,0.621,model_predicted
5716,לתופעות,to/for phenomena / to/for the phenomena,C1,0.529,model_predicted
5717,איטית,slow,A2,0.336,model_predicted
5718,כשחקן,as a player / as an actor,A1,0.502,model_predicted
5719,כחומר,as a material / as a clay,B1,0.363,model_predicted
5720,המלון,the hotel / the melon,A1,1.0,concordance
5721,חזרתו,his/its return / his /its repetition,A1,0.788,model_predicted
5722,עבורו,for him,A1,0.795,model_predicted
5723,מקיים,holds / fulfills / carries out / maintains (m.s.),B1,0.412,model_predicted
5724,מאכלים,food / dishes,A1,0.838,model_predicted
5725,סבון,soap,A2,0.423,model_predicted
5726,מולקולת,molecule of,B2,0.498,model_predicted
5727,ויטמין,vitamin,B2,1.0,concordance
5728,התופעה,the phenomenon,C1,0.529,model_predicted
5729,תוחלת,expectancy / hope,C1,0.586,model_predicted
5730,חממה,greenhouse,C1,0.451,model_predicted
5731,הבהאי,the Bahai (m.s.),B2,0.305,model_predicted
5732,יצאתי,I went out / I came out,A1,0.701,model_predicted
5733,ואצא,and I will go out / and I will come out,A1,0.714,model_predicted
5734,והכל,and everything,A1,0.679,model_predicted
5735,ובזה,and by this / and in this one (m.),A1,0.788,model_predicted
5736,פרעוש,flea,B1,0.31,model_predicted
5737,אחרתי,I was late,A2,0.447,model_predicted
5738,אכלתי,I ate,B1,0.298,model_predicted
5739,כפעם,as before / as in the past,A1,0.523,model_predicted
5740,הוספתי,I added,B1,0.366,model_predicted
5741,השועל,the fox,A2,0.393,model_predicted
5742,הפרושים,the interpretations / the ascetics / the seclusive / the Pharisees,C1,0.597,model_predicted
5743,הפרקליטות,the advocacy / the legal practice / the attorney general,B2,1.0,concordance
5744,האין,is there not / are there not,A1,0.782,model_predicted
5745,החתונה,the wedding,A2,0.382,model_predicted
5746,הכפתורים,the buttons,A2,0.578,model_predicted
5747,גליון,sheet of paper / issue,A2,0.409,model_predicted
5748,גדמי,the stumps of,B2,0.346,model_predicted
5749,במרוצה,[came] running,A1,0.759,model_predicted
5750,בלבי,in my heart,A1,0.421,model_predicted
5751,צעק,shouted / yelled (m.s.),B1,0.35,model_predicted
5752,נמלה,ant,A2,0.476,model_predicted
5753,לשום,for no,A2,0.279,model_predicted
5754,תראו,look (pl. imperative) / you will see (pl.),A1,0.815,model_predicted
5755,עצמך,yourself (m.s.) / yourself (f.s.),A1,0.405,model_predicted
5756,חלפו,passed (pl.),A2,0.41,model_predicted
5757,בעצמך,by yourself / personally (m.s.) / by yourself / personally (f.s.),A1,0.405,model_predicted
5758,בחור,fellow / guy,A2,0.563,model_predicted
5759,בזאת,hereby / in this one (f.),A2,0.326,model_predicted
5760,ברכי,bless (f.s. imperative) / my knee / the knees of,B1,0.294,model_predicted
5761,רבע,quarter,A2,0.43,model_predicted
5762,נגמר,finished / ended,A1,0.503,model_predicted
5763,לחכות,to wait,A1,0.679,model_predicted
5764,להביט,to look,A1,0.815,model_predicted
5765,לגשת,to approach,B2,0.349,model_predicted
5766,שבתי,I returned / that my daughter,B1,0.367,model_predicted
5767,חלון,window,A1,0.772,model_predicted
5768,אוהדי,followers of / fans of,C1,0.505,model_predicted
5769,כדבר,as [X] have said / as [X] say / as a thing / as an object / as a matter / as an item / as the thing / as the object / as the matter / as the item,A1,0.716,model_predicted
5770,האבטלה,the unemployment,C1,0.455,model_predicted
5771,בשקט,in the silence / silently / quietly,B2,0.371,model_predicted
5772,בחדרי,in my room / in the rooms of,A1,0.796,model_predicted
5773,יפים,pretty / good (m.pl.),A1,0.687,model_predicted
5774,חדרי,my room / the rooms of,A1,0.796,model_predicted
5775,היריבה,the rival / the opponent / the enemy (f.s.),C1,1.0,concordance
5776,הקואליציה,the coalition,C1,0.538,model_predicted
5777,הכנפיים,the wings,B1,0.335,model_predicted
5778,ברוך,blessed,C1,0.386,model_predicted
5779,נופלים,fall (m.pl.),A2,1.0,concordance
5780,מעורר,wakes / excites (m.s.),B1,0.536,model_predicted
5781,ישנים,old (m.pl.) / sleeping (m.pl.),A1,0.717,model_predicted
5782,אישום,indictment / accusation,C1,0.605,model_predicted
5783,חשב,thought (m.s.),B1,0.345,model_predicted
5784,חדל,stop (imperative) / stopped (m.s.),A2,0.323,model_predicted
5785,הענף,the branch / the field,B2,0.299,model_predicted
5786,הארוכים,the long (m.pl.),A1,0.78,model_predicted
5787,הסוחר,the merchant / the dealer / the seller,A2,0.364,model_predicted
5788,דמעות,tears,B1,0.408,model_predicted
5789,משפחתי,my family / familial,A1,0.813,model_predicted
5790,ליתר,to/for the rest,A2,0.344,model_predicted
5791,לסדר,to arrange,B2,0.317,model_predicted
5792,שעלה,that/who went up / that/who climbed / that/who increased / that/who immigrated (m.s.),A1,1.0,concordance
5793,שכמעט,that/who almost,A1,1.0,concordance
5794,התאבד,committed suicide (m.s.),B2,0.378,model_predicted
5795,העז,dared (m.s.),C1,0.372,model_predicted
5796,האהבה,the love,A1,0.772,model_predicted
5797,הארמון,the palace,B1,0.299,model_predicted
5798,הרפואי,the medical (m.s.),A1,0.389,model_predicted
5799,הרף,instant / wink / stop,B1,0.308,model_predicted
5800,נחת,satisfaction / complacence / landed / Marine Corps member,B1,0.391,model_predicted
5801,מאסר,incarceration,C1,0.598,model_predicted
5802,מגלים,discovers (m.pl.),C1,0.446,model_predicted
5803,להורות,to instruct,C1,0.598,model_predicted
5804,שוחרר,was released (m.s.),A2,0.447,model_predicted
5805,שקע,sank / declined (m.s.) / socket / depression / recess / lacuna,B2,1.0,concordance
5806,פיל,elephant,A1,0.515,model_predicted
5807,התמרמרות,resentment / grievance,C1,0.554,model_predicted
5808,השלימו,completed / accepted / came to terms (pl.),B1,0.387,model_predicted
5809,הפסיקו,stopped / ceased (pl.),B1,0.423,model_predicted
5810,ההורים,the parents,A1,0.43,model_predicted
5811,גוזלים,nestlings / rob (m.pl.),C1,0.423,model_predicted
5812,בענפים,[in] branches / in fields / [in] the branches / in the fields,B2,0.299,model_predicted
5813,בזו,felt contempt (pl.) / in this one (f.),A2,0.327,model_predicted
5814,בד,at the same time as / linen / cloth / branch,A1,0.685,model_predicted
5815,רחוקה,far (f.s.),A1,0.38,model_predicted
5816,נעלם,disappeared / hidden / concealed / unknown (algebra) (m.s.),B1,0.284,model_predicted
5817,מוכרחים,must (m.pl.),A1,0.481,model_predicted
5818,מעצי,from trees of,A1,0.672,model_predicted
5819,מנגד,oppositely / at a distance,C1,0.542,model_predicted
5820,למשוך,to pull / to attract / to withdraw,B1,0.514,model_predicted
5821,לסל,to/for a basket / to/for the basket,A2,0.508,model_predicted
5822,ומעבר,and pass / and transfer / and transition,B1,0.305,model_predicted
5823,וגדל,and growing (m.s.) / and grew (m.s.),B1,0.397,model_predicted
5824,וראש,and a head,A1,0.517,model_predicted
5825,וספר,and a book / and counted (m.s.) / and a barber / and a border,A1,0.781,model_predicted
5826,שיוכלו,that they will be able,A1,0.795,model_predicted
5827,שארית,leftover / residue / remnant,B1,0.361,model_predicted
5828,שניסה,who tried (m.s.),A1,1.0,concordance
5829,פורסמה,was published / was advertised (f.s.),A2,0.447,model_predicted
5830,עמוקות,deep (f.pl.) / deeply,B2,0.322,model_predicted
5831,זקוק,needs (m.s.),A1,0.739,model_predicted
5832,כרטיס,ticket,A1,1.0,concordance
5833,הודה,thanked / confessed (m.s.),B1,0.371,model_predicted
5834,השבוע,the week / this week,A1,0.777,model_predicted
5835,האלופות,the champions (f.),B1,1.0,concordance
5836,הנייר,the paper,A1,0.625,model_predicted
5837,בכלא,in prison,B1,0.338,model_predicted
5838,בריתו,his pact / his alliance / his covenant,A1,0.788,model_predicted
5839,מימין,from the right / to the right [of],A1,0.672,model_predicted
5840,מישור,plane / level,A1,0.465,model_predicted
5841,מתקן,corrects / repairs (m.s.) / installation / device,C1,1.0,concordance
5842,מועדון,club,A1,0.524,model_predicted
5843,מארץ,from a country,A1,0.672,model_predicted
5844,מגמה,trend,C1,0.345,model_predicted
5845,מטען,load / cargo / baggage,A2,0.404,model_predicted
5846,מצבו,his state / his situation,B1,1.0,concordance
5847,מצבם,their state / their situation,B1,1.0,concordance
5848,מסופר,told / cut (hair),A1,0.484,model_predicted
5849,מסקנות,conclusions,B2,0.354,model_predicted
5850,למתן,to moderate / [for] giving,C1,0.567,model_predicted
5851,לתחילת,to the start of,A1,1.0,concordance
5852,לכפר,to atone / to a village / to the village,C1,0.403,model_predicted
5853,לגור,to live,B1,1.0,concordance
5854,לסביבה,to/for an area / to/for the area,A2,0.507,model_predicted
5855,תרומה,donation / contribution,B2,0.393,model_predicted
5856,וללא,and without,A2,0.455,model_predicted
5857,וקבע,and permanence / and regularity / and determined / and fixed / and set (m.s.),C1,0.589,model_predicted
5858,ורז,and a secret,A2,0.366,model_predicted
5859,שליח,messenger / delegate / courier,A2,0.435,model_predicted
5860,שכך,that like this,A1,0.795,model_predicted
5861,שכם,shoulder,B1,0.372,model_predicted
5862,שבמהלך,that during,A1,0.795,model_predicted
5863,פתוחה,open (m.s.),A1,0.637,model_predicted
5864,פסקו,gave judgment / decided / rules / stopped (pl.),A1,0.369,model_predicted
5865,עלילות,plots / deeds / libels / false charges,C1,0.355,model_predicted
5866,עדים,witnesses,C1,0.382,model_predicted
5867,עצרו,stopped / arrested (pl.),B1,0.423,model_predicted
5868,עסוק,busy,A1,0.691,model_predicted
5869,חמורות,serious / severe (f.pl.),B1,0.492,model_predicted
5870,אמה,her mother / maid (archaic) / third finger / cubit,A2,1.0,concordance
5871,חתול,cat,A1,0.757,model_predicted
5872,אדומה,red (f.s.),A1,0.796,model_predicted
5873,חדרים,rooms,A1,0.796,model_predicted
5874,חרב,sward / was ruined,C1,0.421,model_predicted
5875,כים,as the sea / as a sea,A1,0.561,model_predicted
5876,כלכליות,economic (f.pl.),B2,0.354,model_predicted
5877,כתיבה,writing,A1,0.611,model_predicted
5878,הושלך,was thrown / was projected,A2,0.447,model_predicted
5879,הופצו,were distributed / were spread,A1,0.62,model_predicted
5880,הפתוח,the open,A1,0.637,model_predicted
5881,הפתרון,the solution,B1,0.302,model_predicted
5882,האיום,the threat / the terrible / the horrible (m.s.),C1,0.368,model_predicted
5883,האישיים,the personal / the private (m.pl.),A2,0.446,model_predicted
5884,האישית,the personal / the private (f.s.),A2,0.446,model_predicted
5885,האדיר,the great / the mighty / the powerful (f.s.),A1,0.448,model_predicted
5886,הארוכה,the long (f.s.),A1,0.78,model_predicted
5887,הזנב,the tail,B1,0.37,model_predicted
5888,הד,echo,B2,0.424,model_predicted
5889,הבינו,understood (pl.),B1,0.326,model_predicted
5890,הבחין,observed / noticed (m.s.),C1,0.555,model_predicted
5891,הבדיקות,the examinations,B2,0.393,model_predicted
5892,הראו,showed (pl.),A1,0.458,model_predicted
5893,דבש,honey,A1,0.562,model_predicted
5894,במגדל,in a tower / in the tower,A2,0.454,model_predicted
5895,בביתו,in/at his home,A1,0.788,model_predicted
5896,רוחב,width,C1,0.318,model_predicted
5897,רפה,loose,B2,0.362,model_predicted
5898,סימנים,signs,A1,0.508,model_predicted
5899,סופר,counts (m.s.) / author,A1,0.485,model_predicted
5900,סבורים,think / assume (m.pl.),A1,0.492,model_predicted
5901,נישא,was carried / got married / high (m.s.),A2,0.447,model_predicted
5902,ניצחה,won (f.s.),A2,0.499,model_predicted
5903,נוצות,feathers,B1,0.34,model_predicted
5904,נכנעו,surrendered (pl.),C1,0.55,model_predicted
5905,נטה,was inclined / tended to / was tilted (m.s.),A2,0.447,model_predicted
5906,מהחומה,from the wall,A1,0.672,model_predicted
5907,לבורים,to/for ignorant (m.pl.) / to/for the ignorant (m.pl.),C1,0.548,model_predicted
5908,הפיצול,the split,B2,0.417,model_predicted
5909,והורה,and instructed / and a parent,C1,0.399,model_predicted
5910,המלחמות,the wars,A2,1.0,concordance
5911,מיטב,the best,A1,1.0,concordance
5912,המעורבות,the involvement,C1,0.486,model_predicted
5913,שאריות,leftovers / residue / remnants,B1,0.361,model_predicted
5914,אווירי,aero / aerial (m.s.),A2,0.415,model_predicted
5915,המרידה,the mutiny,C1,0.519,model_predicted
5916,התביעה,the law suit / the prosecution,A2,0.312,model_predicted
5917,הטיל,cast / threw / projected (m.s.),B1,0.493,model_predicted
5918,נייטרליות,neutral (f.pl.) / neutral,C1,1.0,concordance
5919,מפשע,from a crime,A1,0.672,model_predicted
5920,לרכז,to concentrate / to coordinate,C1,0.411,model_predicted
5921,והגיעו,and arrived (pl.),A2,0.398,model_predicted
5922,העירוניים,the municipal / the urban (m.pl.),B2,1.0,concordance
5923,מחלוקות,disagreements,C1,0.41,model_predicted
5924,לכישלון,to failure / to the failure,B2,0.357,model_predicted
5925,להכות,to beat / to hit,B1,0.383,model_predicted
5926,תחבורה,transportation / traffic,A2,0.436,model_predicted
5927,ודרום,and south / and the south of,A1,0.501,model_predicted
5928,שמדרום,that is on the south / that is to the south of,A1,0.795,model_predicted
5929,שעשו,that/who did (pl.),A1,1.0,concordance
5930,שריפה,fire,A1,0.464,model_predicted
5931,עימות,conflict,B2,0.394,model_predicted
5932,זמנית,temporary / my time,C1,0.489,model_predicted
5933,חבלים,ropes,B1,0.378,model_predicted
5934,כניסת,the entrance of,B1,0.355,model_predicted
5935,הימנית,the right / the right handed / the rightist (f.s.),A1,0.749,model_predicted
5936,הליך,procedure / proceeding,B2,0.405,model_predicted
5937,הדעה,the opinion,B1,0.38,model_predicted
5938,במדויק,exactly / precisely,A2,0.431,model_predicted
5939,סיפקו,satisfied / supplies (pl.),B1,0.426,model_predicted
5940,ניהלו,managed / conducted (pl.),C1,0.368,model_predicted
5941,ניצל,used / exploited (m.s.) / was saved (m.s.),A2,0.393,model_predicted
5942,מודע,aware (m.s.),C1,0.462,model_predicted
5943,מפרש,explains / interprets (m.s.),B2,0.313,model_predicted
5944,יבשת,continent,A2,0.313,model_predicted
5945,יציבות,stability,C1,0.566,model_predicted
5946,לשאלה,to the question / to a question,A1,0.719,model_predicted
5947,לאוכלוסייה,to the population / to a population,B1,0.362,model_predicted
5948,תמכו,supported (pl.),C1,0.478,model_predicted
5949,ומבנים,and buildings / and constructions,A1,0.534,model_predicted
5950,וציוד,and equipment,A2,0.438,model_predicted
5951,שהיווה,that was / that constituted,A1,0.795,model_predicted
5952,שהובאו,that were brought (pl.),A1,0.795,model_predicted
5953,חורבות,ruins,C1,0.51,model_predicted
5954,כמחצית,approximately half,C1,0.402,model_predicted
5955,כשפה,as a language / as a lip / as an edge,A1,0.751,model_predicted
5956,המיוחדים,the special (m.pl.),A2,0.465,model_predicted
5957,האטלנטי,the Atlantic,B2,0.363,model_predicted
5958,הגבוהות,the high / the tall (f.pl.),A2,0.387,model_predicted
5959,הנסיכויות,the emirates / the princedoms,B2,0.29,model_predicted
5960,דרגה,degree / level / grade / rank,A2,0.433,model_predicted
5961,גופות,corpses,B2,0.363,model_predicted
5962,גודלו,his/its size,A1,0.788,model_predicted
5963,גרגרי,grains of,A2,0.506,model_predicted
5964,בעורף,on the neck / at the rear / hinterland,A2,0.404,model_predicted
5965,ברצועת,[in] strips / [in] the strips,B1,0.317,model_predicted
5966,ניסוי,experiment / trial,B1,1.0,concordance
5967,נסגר,was closed,A2,0.447,model_predicted
5968,מתייחסים,refer (m.pl.),B2,0.328,model_predicted
5969,מתייחסת,refers (f.s.),C1,0.439,model_predicted
5970,מסעו,his journey,A1,0.788,model_predicted
5971,מסחרית,commercial (f.s.),A2,0.549,model_predicted
5972,ייסד,founded / established (m.s.),B2,0.365,model_predicted
5973,להגדיר,to define,B1,0.301,model_predicted
5974,לראשות,to the leadership of,C1,0.412,model_predicted
5975,תצפית,observation / vantage point,C1,0.512,model_predicted
5976,ומות,and the death of,B1,0.401,model_predicted
5977,שבנה,that had built,A1,0.795,model_predicted
5978,עירוניים,municipal / urban (m.pl.),B2,1.0,concordance
5979,איסוף,collection,B1,0.3,model_predicted
5980,המצעד,the parade / the march,B2,1.0,concordance
5981,ההיסטוריון,the historian,C1,0.38,model_predicted
5982,הרחב,the wide / widen (m.s. imperative),B1,0.345,model_predicted
5983,הרכבות,assemblies / vaccinations / grafting,C1,0.517,model_predicted
5984,במזון,in food / in the food,A1,0.838,model_predicted
5985,ברובה,with a rifle / with the rifle / most of it (f.s.),A1,0.565,model_predicted
5986,ברורים,clear / obvious (m.pl.),B1,0.378,model_predicted
5987,ברבים,in many / plural,A2,1.0,concordance
5988,בסיפורים,in stories / in the stories,A1,0.7,model_predicted
5989,רגילים,usual / used to (m.pl.),A2,0.455,model_predicted
5990,נייטרלי,neutral (m.s.),C1,1.0,concordance
5991,נתיבי,paths of / lanes of,A2,0.481,model_predicted
5992,נוף,view / landscape / boughs of a tree,A2,0.345,model_predicted
5993,נפרדת,separated / individual (f.s.),C1,0.399,model_predicted
5994,להניף,to lift / to wave,B1,0.494,model_predicted
5995,לגטו,to a ghetto / to the ghetto,C1,0.464,model_predicted
5996,והאחות,and the sister / and the nurse (f.),A1,0.803,model_predicted
5997,ערוגות,garden beds,A1,0.684,model_predicted
5998,חייליו,his soldiers,A1,0.788,model_predicted
5999,מחלקות,divide / distribute (f.pl.) / departments,C1,0.351,model_predicted
6000,להנדסה,to engineering / to the engineering,B2,0.31,model_predicted
6001,שכונת,neighborhood of,A2,0.342,model_predicted
6002,רובה,rifle / most of it (f.s.),A2,0.439,model_predicted
6003,מדברי,desert-like / from what I said / from the words of,C1,0.392,model_predicted
6004,לחצים,pressures,B1,0.389,model_predicted
6005,תוצרת,produce / output,A2,0.331,model_predicted
6006,זרוע,seeded / scattered,B2,0.364,model_predicted
6007,השכונה,the neighborhood,A2,0.342,model_predicted
6008,הקמתו,(the) establishment of,C1,0.573,model_predicted
6009,ולמרות,and despite,C1,0.407,model_predicted
6010,כנסייה,church,A1,0.462,model_predicted
6011,מסוגים,of kinds / of classes / of types,A1,1.0,concordance
6012,ייסוד,founding / establishing,C1,0.483,model_predicted
6013,תוואי,path / way,A2,0.481,model_predicted
6014,עיצוב,design,B1,1.0,concordance
6015,חקיקה,legislation,B2,0.335,model_predicted
6016,אחראית,responsible / in charge (f.s.),B1,0.423,model_predicted
6017,בציור,in a painting / in a drawing / in the painting / in the drawing,A1,0.509,model_predicted
6018,מאגר,reservoir / pool,A2,1.0,concordance
6019,לתחום,to a field / to an area / to a range / to the field / to the area / to the range,A2,0.409,model_predicted
6020,קובעת,determines / fixes / sets (f.s.),B1,1.0,concordance
6021,עוסקים,deal / engage / work (m.pl.),A1,0.542,model_predicted
6022,אימצה,adopted (f.s.),C1,0.425,model_predicted
6023,זיהה,identified,C1,0.503,model_predicted
6024,גדולי,the great [of] (m.pl.),A1,0.448,model_predicted
6025,במסורת,in a tradition / in the tradition,B1,0.362,model_predicted
6026,באותן,in/at the same (f.pl.),A1,0.685,model_predicted
6027,נהוגה,customary / conventional / driven (f.s.),C1,0.379,model_predicted
6028,מאפשרים,enable / facilitate (m.pl.),C1,0.393,model_predicted
6029,מסמל,symbolizes,C1,0.547,model_predicted
6030,תלמידו,his pupil / his student,A1,1.0,concordance
6031,תופעת,the phenomenon of,C1,0.529,model_predicted
6032,ויין,and wine,A1,0.712,model_predicted
6033,המדוברת,the said / that was spoken (f.s.),A1,0.426,model_predicted
6034,התמודדות,confrontation / competition / dealing,B2,0.388,model_predicted
6035,העזר,the aid / the auxiliary,A2,0.373,model_predicted
6036,הבשורה,the news,A1,0.623,model_predicted
6037,דיוק,precision / accuracy,C1,0.516,model_predicted
6038,בעיצוב,design of,B1,1.0,concordance
6039,בחולות,in the sands,B1,1.0,concordance
6040,בגמר,the the end / at the final / at the end of,A1,0.621,model_predicted
6041,נחושת,copper,A2,0.354,model_predicted
6042,האוריינט,the orient,C1,0.462,model_predicted
6043,בשיטת,by the method of,B1,0.354,model_predicted
6044,הקיימים,that exist (m.pl.),A1,0.795,model_predicted
6045,בפילוסופיה,in philosophy,C1,0.588,model_predicted
6046,המדעית,the scientific,B2,0.413,model_predicted
6047,מתבטא,expresses himself (m.s.),B1,0.361,model_predicted
6048,מובהקת,unmistakable / significant (m.s.),C1,0.594,model_predicted
6049,לפילוסופיה,to/for philosophy / to/for the philosophy,C1,0.588,model_predicted
6050,ומקום,and a place,A1,0.561,model_predicted
6051,חברתיות,social (f.pl.) / sociability,B1,0.355,model_predicted
6052,בעבודתו,in/at his work,A1,0.788,model_predicted
6053,לסדרה,to/for a series / to/for the series,A2,0.456,model_predicted
6054,אנדרטת,monument of,B1,1.0,concordance
6055,כתיבת,writing of,A1,0.611,model_predicted
6056,דרמה,drama,B1,1.0,concordance
6057,סיפוריו,his stories,A1,0.788,model_predicted
6058,אולפני,the studios of,B1,1.0,concordance
6059,סרטוני,film strips of,A1,1.0,concordance
6060,ההפקה,the production,B2,0.371,model_predicted
6061,מיוצר,is produced,B1,0.36,model_predicted
6062,הלוואי,I wish / if only,A1,0.4,model_predicted
6063,לפירוט,to detailing / to the detailing of / to the detailing,C1,0.478,model_predicted
6064,הגדלת,increase / enlargement,B1,0.332,model_predicted
6065,דגי,fish of,A1,0.615,model_predicted
6066,תזונה,nutrition,B1,0.379,model_predicted
6067,השורשים,the roots,A2,0.477,model_predicted
6068,הפסקול,the soundtrack,B2,1.0,concordance
6069,האינטראקציות,the interactions,B2,0.387,model_predicted
6070,בבעלי,[in] the owners of / [in] my husband,A2,0.388,model_predicted
6071,ממריצים,energize (m.pl.),C1,0.415,model_predicted
6072,להגדלת,for increase of / for enlargement of,B1,0.332,model_predicted
6073,קליפה,peel / shell,B1,0.391,model_predicted
6074,אסורות,forbidden / imprisoned (f.pl.),B1,0.373,model_predicted
6075,התחרויות,the competitions,B1,0.384,model_predicted
6076,רוכבים,riders,A2,0.552,model_predicted
6077,תגובות,responses,B1,0.451,model_predicted
6078,הבדיקה,the examination,B2,0.393,model_predicted
6079,מולקולה,molecule,B2,0.498,model_predicted
6080,מנות,portions,B2,1.0,concordance
6081,זכרים,males,B1,0.396,model_predicted
6082,אלמוג,coral,B1,0.338,model_predicted
6083,התחממות,heating / warming,B1,0.4,model_predicted
6084,מהרתי,I hurried / I was in a hurry,B1,0.368,model_predicted
6085,חנקן,nitrogen,B2,0.446,model_predicted
6086,כשאני,when I,A1,0.801,model_predicted
6087,התעסוקה,the employment / the occupation,B1,0.379,model_predicted
6088,משים,on purpose,B2,0.417,model_predicted
6089,ששם,that/who placed / that/who put (m.s.) / that is there / that there / that the name of / that a name,A1,1.0,concordance
6090,אעשה,I will do,A1,0.714,model_predicted
6091,האופוזיציה,the opposition,C1,1.0,concordance
6092,ראשיהם,their heads,A1,0.667,model_predicted
6093,מתה,dead / died (f.s.),A1,0.494,model_predicted
6094,מנוח,rest / deceased,A2,0.344,model_predicted
6095,לסעוד,to eat / to dine / to assist (nursing),A1,0.848,model_predicted
6096,שמים,sky,A2,0.424,model_predicted
6097,עכביש,spider,B1,0.368,model_predicted
6098,חניון,parking lot,A2,0.465,model_predicted
6099,כנפיים,wings,B1,0.335,model_predicted
6100,הפחות,the inferior / the lesser,C1,0.561,model_predicted
6101,בצהריים,at noon,A1,0.729,model_predicted
6102,נשאה,carried / married (f.s.),A2,0.391,model_predicted
6103,נקי,clean / net,A1,0.556,model_predicted
6104,יתן,will give (m.s.),A1,0.714,model_predicted
6105,וחזר,and returned / and repeated (m.s.),B1,0.367,model_predicted
6106,חור,hole / aperture,A2,0.29,model_predicted
6107,אבדה,was lost (f.s.) / loss / something which is lost / casualty,A2,0.447,model_predicted
6108,באלה,in these,A1,0.728,model_predicted
6109,צרות,troubles / narrow (f.pl.),A2,0.455,model_predicted
6110,נפשו,his soul / his spirit / his life,A1,0.788,model_predicted
6111,להשיב,to reply / to return [something],A2,0.342,model_predicted
6112,להסתפק,to be satisfied with / to be content with,B1,0.426,model_predicted
6113,עשב,grass / weed,A1,0.535,model_predicted
6114,הרופא,the physician,B1,0.393,model_predicted
6115,ברכה,blessing / greeting,B2,0.349,model_predicted
6116,מאחד,unites (m.s.) / from one,C1,0.488,model_predicted
6117,לתא,to/for the cell / to/for a cell,A1,0.391,model_predicted
6118,לשלום,for the peace / for peace / in peace / to/for the peace,B2,0.324,model_predicted
6119,להסכים,to agree,B1,0.308,model_predicted
6120,וכדי,and in order to,A2,0.498,model_predicted
6121,חורף,winter,A1,1.0,concordance
6122,אונים,strength / power,C1,0.336,model_predicted
6123,אבנים,stones,A2,0.46,model_predicted
6124,השחר,[the] dawn,B1,0.31,model_predicted
6125,הזרה,the foreign / the stranger (f.s),A2,0.465,model_predicted
6126,בוחן,examiner / examines (m.s.) / examination,C1,0.4,model_predicted
6127,ראיות,evidence (pl.),C1,0.4,model_predicted
6128,צאת,the exit of,B1,0.436,model_predicted
6129,נעלמה,disappeared / hidden / concealed (f.s.),B1,0.284,model_predicted
6130,מומחים,specialists / experts,B2,0.348,model_predicted
6131,מקומה,her place,A1,0.819,model_predicted
6132,מרובה,numerous / poly- / multiple- (m.s.),B1,0.288,model_predicted
6133,ידידות,friendship,A2,0.371,model_predicted
6134,לשירה,to/for the singing / to/for the poetry / to/for singing / to/for poetry / to/for her song,A2,0.348,model_predicted
6135,ומי,and who / and whom,A1,1.0,concordance
6136,ולפי,and according to,B1,0.344,model_predicted
6137,וכיוצא,and so on / etc.,A2,0.393,model_predicted
6138,שמרה,kept / guarded / protected (f.s.),B1,0.436,model_predicted
6139,שיהיו,that/who will be (pl.),A1,1.0,concordance
6140,חליפות,alternately / suits,C1,0.487,model_predicted
6141,חם,hot / warm,A1,1.0,concordance
6142,כשם,as / as the name of,A1,1.0,concordance
6143,התפטרותו,his resignation,A1,0.788,model_predicted
6144,הודעה,message / notice,A2,0.438,model_predicted
6145,השרים,the ministers,B2,1.0,concordance
6146,הפירות,the fruits,A1,0.794,model_predicted
6147,הפלא,the wonder / the miracle / miraculously / unbelievably / how wonderful,A2,0.467,model_predicted
6148,העיכול,the digestion,C1,0.403,model_predicted
6149,דובר,speaker,A2,0.419,model_predicted
6150,בוטל,canceled,B1,0.406,model_predicted
6151,בקשת,request for / request of / [in] an arch / [in] a rainbow,A2,0.449,model_predicted
6152,בחומר,[in] a material / with a material / with clay / [in] the material / with the material / with the clay,B1,0.363,model_predicted
6153,בראשה,in her head / at its top / led by,A1,0.819,model_predicted
6154,נובל,wilting / Nobel,C1,0.459,model_predicted
6155,נכנסה,entered (f.s.),B2,0.349,model_predicted
6156,מושבה,village / colony,A1,0.697,model_predicted
6157,מוכרים,known / familiar (m.s.) / sell (m.pl.) / sellers / salesmen,A1,0.636,model_predicted
6158,מעגל,circle,A2,0.406,model_predicted
6159,מאותו,from the same,A1,0.672,model_predicted
6160,מחברת,author / connects / links (f.s.) / notebook / from the company of,B1,1.0,concordance
6161,מביניהם,from between them / from among them,A1,0.672,model_predicted
6162,מבקר,visitor / critic / inspector,B1,0.367,model_predicted
6163,מסוגלת,capable (f.s.),C1,0.336,model_predicted
6164,יופי,beauty,B1,0.348,model_predicted
6165,למאה,to/for a hundred / to/for the century,A1,0.461,model_predicted
6166,לשוני,lingual / my tongue / to the difference,B1,0.347,model_predicted
6167,לפתור,to solve,A2,0.316,model_predicted
6168,לחתום,to sign,A1,0.508,model_predicted
6169,לחזק,to strengthen,C1,0.501,model_predicted
6170,להגביר,to increase / to amplify / to strengthen,B1,0.332,model_predicted
6171,לרשותו,at his disposal,A1,0.788,model_predicted
6172,לסיפור,to/for a story / to/for the story,A1,0.7,model_predicted
6173,לסיבוב,to/for/per round / to/for/per revolution / to/for the round / to/for the revolution,B2,1.0,concordance
6174,ומוות,and death,B1,0.401,model_predicted
6175,ומעט,and a little / and a few,A1,0.804,model_predicted
6176,ואמצעי,and means / and middle,A2,0.331,model_predicted
6177,וגורם,and a factor / and a cause / and causes (m.s.),C1,0.394,model_predicted
6178,שייכים,belong / relevant (m.pl.),B2,1.0,concordance
6179,שלג,snow,A1,0.61,model_predicted
6180,שאיפשר,that enabled / that facilitated (m.s.),A1,0.795,model_predicted
6181,שבועיים,fortnight,C1,0.296,model_predicted
6182,שנפל,that/who fell (m.s.),A1,1.0,concordance
6183,פתאומי,sudden,B2,0.391,model_predicted
6184,פסולת,waste,B2,0.38,model_predicted
6185,עורר,woke / has excited (m.s.),B1,0.387,model_predicted
6186,עזבה,left (f.s.),A1,0.619,model_predicted
6187,עצומה,huge / petition (f.s.),A2,0.381,model_predicted
6188,זעירים,tiny (pl.),B2,0.318,model_predicted
6189,זרות,foreign / strangers (f.pl.),A2,0.465,model_predicted
6190,כוס,glass / cup,A1,0.765,model_predicted
6191,כפות,spoons / palms,A2,0.437,model_predicted
6192,כרכים,volumes,B1,0.308,model_predicted
6193,המלא,the full / the complete (m.s.),A1,0.625,model_predicted
6194,המתיישבים,the settlers,C1,0.479,model_predicted
6195,המהירות,the speed / the velocity,A2,0.382,model_predicted
6196,המהווה,that is / that constitutes (m.s.),A1,0.795,model_predicted
6197,התנגדה,resisted / objected (f.s.),C1,0.504,model_predicted
6198,הקלה,the easy / the light weight (f.s.),A1,0.798,model_predicted
6199,הקטע,the segment / the section,C1,0.299,model_predicted
6200,העיסוק,the occupation / the work,C1,0.469,model_predicted
6201,העלו,raised / increased / lifted / brought up (pl.),B1,0.407,model_predicted
6202,הבעלים,owners / husbands,A2,0.388,model_predicted
6203,הראייה,the sight / the eye sight / the vision / the seeing,B1,0.416,model_predicted
6204,דקר,pierced / punctured / stabbed / pick,B2,0.383,model_predicted
6205,במתכוון,intentionally,C1,0.514,model_predicted
6206,ביקשה,asked / requested (f.s.),A1,0.679,model_predicted
6207,בוודאות,definitely / for certain / at a certainty [of],A2,0.464,model_predicted
6208,בשורה,tidings / news / in the line / in a line / in line,C1,0.483,model_predicted
6209,בשדות,in the fields / in fields,A2,0.409,model_predicted
6210,בניתוח,in surgery / in analysis / in the surgery / in the analysis,B1,0.484,model_predicted
6211,רכש,acquisition / purchased (m.s.),C1,0.474,model_predicted
6212,ניצול,use / exploit / survivor (m.s.),A2,0.369,model_predicted
6213,נאות,good looking (f.pl.) / appropriate,A1,0.76,model_predicted
6214,נחרצות,resolved (adj.) (f.pl.) / with resolution / absolutely,C1,0.508,model_predicted
6215,נגרמת,is caused (f.s.),B1,0.503,model_predicted
6216,נסיבות,circumstances,C1,0.45,model_predicted
6217,לקיסר,to/for a Caesar / to/for the Caesar,C1,0.428,model_predicted
6218,האווירית,the aero / the aerial (f.s.),A2,0.415,model_predicted
6219,הבריגדות,the brigades,C1,0.447,model_predicted
6220,למחנות,to/for camps / to/for the camps / to/for the groups,A2,0.353,model_predicted
6221,לחיילים,to/for soldiers / to/for the soldiers,A2,0.408,model_predicted
6222,עליונות,supremacy / superiority,C1,0.627,model_predicted
6223,בוש,ashamed / be ashamed (m.s.),C1,0.357,model_predicted
6224,להכריז,to proclaim / to announce / to declare,C1,0.592,model_predicted
6225,התיקון,the correction / the repair,C1,0.576,model_predicted
6226,התקדמו,advanced / made a progress (pl.),C1,0.418,model_predicted
6227,נכבשה,was conquered,A2,0.447,model_predicted
6228,תמכה,supported (f.s.),C1,0.478,model_predicted
6229,שטחה,its area,A1,0.823,model_predicted
6230,שנמשכה,that lasted / that was pulled / that was attracted / that was withdrawn (f.s.),A1,0.795,model_predicted
6231,התמיכה,the support,B1,0.368,model_predicted
6232,רפורמות,reforms,C1,0.569,model_predicted
6233,מצוידים,equipped (m.pl.),C1,0.439,model_predicted
6234,מנו,counted / included (pl.),B1,0.276,model_predicted
6235,לכינוי,to/for a nickname / to/for the nickname,A2,0.421,model_predicted
6236,תקיפה,attack,B1,0.362,model_predicted
6237,ולנסות,and to try,A1,0.679,model_predicted
6238,וגרם,and caused (m.s.) / and an object,B1,0.503,model_predicted
6239,המקדשים,the shrines / the temples / the sanctifiers / that/who sanctifies,A1,1.0,concordance
6240,הוחלף,was replaced,A2,0.447,model_predicted
6241,החקלאית,the agricultural / the farmer (f.s.),B2,0.284,model_predicted
6242,הראשונית,the preliminary / the primary (f.s.),C1,0.491,model_predicted
6243,בגבהים,at heights / at the heights,A2,0.412,model_predicted
6244,צבאיות,militarism / military,C1,0.575,model_predicted
6245,נאמנות,loyalty / faithfulness / loyal / trustees (f.pl.),C1,0.482,model_predicted
6246,מקצוע,profession,B1,0.372,model_predicted
6247,מסילת,track of / rail of,A2,0.538,model_predicted
6248,קציני,the officers of,A2,0.459,model_predicted
6249,אולטימטום,ultimatum,C1,0.506,model_predicted
6250,אחרון,last (m.s.),A1,0.685,model_predicted
6251,המוסר,the morale / the ethics / the deliverer,C1,0.51,model_predicted
6252,המעורבים,the ones involved,A1,0.821,model_predicted
6253,השיג,achieved / criticized (m.s.),C1,0.451,model_predicted
6254,הפולחן,the rite / the ritual / the sacramental,B2,0.362,model_predicted
6255,האידאולוגיה,the ideology,C1,0.643,model_predicted
6256,בידיו,in his hands,A1,1.0,concordance
6257,בפעולה,in action / in operation,B1,0.468,model_predicted
6258,בסיסיות,basic (f.pl.),B1,1.0,concordance
6259,סלילת,paving of,B2,0.333,model_predicted
6260,נלקח,was taken (m.s.),A2,0.447,model_predicted
6261,מוקדמת,early / preliminary (f.s.),A1,0.757,model_predicted
6262,מעורבת,mixed / involved (f.s.),C1,0.438,model_predicted
6263,לבגרות,to adulthood / to maturity / to puberty,C1,0.384,model_predicted
6264,תפס,caught / perceived (m.s.),B1,0.461,model_predicted
6265,ותחמושת,and ammunition,B2,0.416,model_predicted
6266,וקיבל,and received / and accepted,B1,0.448,model_predicted
6267,וצפון,and north,A1,0.444,model_predicted
6268,שמרו,kept / guarded / protected (pl.),B1,0.436,model_predicted
6269,שיפור,improvement,C1,0.337,model_predicted
6270,שורת,the line of,A1,0.553,model_predicted
6271,שקיבלה,that/who received / that/who accepted (f.s.),A1,1.0,concordance
6272,שעסקו,that/who dealt / that/who engaged / that/who worked (pl.),A1,1.0,concordance
6273,שהציע,that proposed / that suggested / that offered (m.s.),A1,0.795,model_predicted
6274,אושר,happiness / has been approved,B1,0.504,model_predicted
6275,כלכליים,economic (m.pl.),B2,0.354,model_predicted
6276,התערבות,intervention / bet,C1,0.458,model_predicted
6277,התחתית,the bottom / the subway,A1,0.468,model_predicted
6278,השגת,the achieving of / the perception of,C1,0.552,model_predicted
6279,הקרויה,that/who is called (f.s.),A1,1.0,concordance
6280,העוסקות,that/who deal / that/who engage / who work (f.pl.),A1,1.0,concordance
6281,ההיסטורית,the historical (f.s.),B1,0.346,model_predicted
6282,הגיוס,the recruitment,C1,0.543,model_predicted
6283,הבסיסיים,the basic (m.pl.),B1,1.0,concordance
6284,הרואים,that/who see (m.pl.),A1,1.0,concordance
6285,הצטרפה,joined (f.s.),B2,0.395,model_predicted
6286,הנפוץ,the common (m.s.),B1,0.428,model_predicted
6287,דינו,his judgment / his sentence / his law,A1,0.788,model_predicted
6288,דרמטית,dramatic (f.s.),B2,0.343,model_predicted
6289,בעוצמה,with power / with force / with intensity,A1,0.565,model_predicted
6290,טנק,tank,C1,1.0,concordance
6291,רשימות,lists / records,A1,0.673,model_predicted
6292,סיפורו,his story,A1,0.788,model_predicted
6293,סדיר,regular,B2,0.342,model_predicted
6294,מקומיות,local (f.pl.),A2,0.407,model_predicted
6295,מקורה,its source (f.s.) / its beak (f.s.) / roofed,A1,0.823,model_predicted
6296,מרכיבים,components / assemble / install (m.pl.),C1,0.48,model_predicted
6297,לתנועת,to the motion of / to the movement of / to the traffic of,B1,0.499,model_predicted
6298,לערער,to appeal / to undermine,B2,0.349,model_predicted
6299,תפקידם,their role,A1,0.667,model_predicted
6300,והפכו,and inverted / and converted / and turned / and become / and transformed (pl.),C1,0.55,model_predicted
6301,שוטרים,policemen,A2,0.378,model_predicted
6302,שפורסם,that was published / that was advertised,A1,0.795,model_predicted
6303,קטעי,segments of / sections of,C1,0.299,model_predicted
6304,פריטים,items,A2,0.569,model_predicted
6305,עיקרי,main / principal / primary (m.s.) / highlights / main points,A2,0.498,model_predicted
6306,עותקים,duplicates,C1,0.492,model_predicted
6307,חוליות,links / copula / vertebrate,B1,1.0,concordance
6308,כאתר,as a site,A1,0.525,model_predicted
6309,המתרחש,that is happening,A1,0.795,model_predicted
6310,המולד,birth / new moon / the innate,A1,0.595,model_predicted
6311,המוקדם,the early / the preliminary (m.s.),A1,0.757,model_predicted
6312,המורכב,the complex / the assembled / that is assembled,C1,0.47,model_predicted
6313,היוצר,that/who creates (m.s.) / the creator / the artist / the maker,A1,1.0,concordance
6314,הלה,that one,A1,0.795,model_predicted
6315,התמנה,was appointed / was nominated,A2,0.447,model_predicted
6316,התנהגותו,his behavior,A1,0.788,model_predicted
6317,הפסיד,lost (m.s.),A2,0.485,model_predicted
6318,העשור,the decade,A2,0.312,model_predicted
6319,ההרס,the destruction / the demolition,C1,0.506,model_predicted
6320,הסמלים,the symbols / the sergeants,B2,1.0,concordance
6321,דהיינו,meaning / namely,A2,0.281,model_predicted
6322,דגם,sampler,C1,0.442,model_predicted
6323,בתוואי,in a path / in a way / in the path / in the way,A2,0.481,model_predicted
6324,בעיירה,in a small town / in the small town,A1,0.678,model_predicted
6325,בצעירותו,in his youth,A1,0.788,model_predicted
6326,טור,line / series / column,A1,0.553,model_predicted
6327,צבעי,painter,A2,0.465,model_predicted
6328,נחשף,was exposed (m.s.),A2,0.447,model_predicted
6329,מבתי,from my daughter,A1,0.672,model_predicted
6330,תש,was exhausted / worn out / weakened,A2,0.447,model_predicted
6331,הסניף,the branch,B2,0.299,model_predicted
6332,ביהודים,among the Jews,B2,0.32,model_predicted
6333,מתחם,site / defined area,A1,0.525,model_predicted
6334,ייעודו,his mission,B2,1.0,concordance
6335,דרור,freedom,C1,0.45,model_predicted
6336,באישור,with the approval of,A1,0.565,model_predicted
6337,שאול,borrowed / hell,C1,0.432,model_predicted
6338,בחיל,in the forces of / with fear,B1,0.454,model_predicted
6339,נציג,representative,C1,0.495,model_predicted
6340,שירותים,services / toilets,B1,1.0,concordance
6341,שכונות,neighborhoods,A2,0.342,model_predicted
6342,מכוניות,cars,A1,0.834,model_predicted
6343,האדריכלים,the architects,C1,0.375,model_predicted
6344,הרמה,lifting / the highland,B1,0.383,model_predicted
6345,ופיתוח,and development / and the development of,C1,0.457,model_predicted
6346,אינתיפאדת,Intifada of (uprising of),C1,0.64,model_predicted
6347,מידת,measure of / size of / quality of,B2,0.329,model_predicted
6348,מופת,example / ideal / sign,A1,0.429,model_predicted
6349,מספק,satisfying / supplies (m.s.),B2,0.339,model_predicted
6350,שילב,combined (m.s.),C1,0.453,model_predicted
6351,אגודת,association of,C1,0.46,model_predicted
6352,היוצרים,the creators / the artists / the makers,C1,0.422,model_predicted
6353,השיא,the top / the peak / the record,A2,0.503,model_predicted
6354,הפלגה,sailing,B1,0.39,model_predicted
6355,הבורות,the holes / the pits / the ignorance,A2,0.29,model_predicted
6356,רבת,with many,A1,0.565,model_predicted
6357,מובילים,leaders / transporters (m.),B1,0.287,model_predicted
6358,מונע,prevents (m.s.),C1,0.516,model_predicted
6359,מצומצם,reduced / minimized,C1,0.53,model_predicted
6360,לחלופין,alternately,C1,0.487,model_predicted
6361,לאותה,to/for the same (f.s.),A1,0.685,model_predicted
6362,להתפתחות,for development / for the development,C1,0.457,model_predicted
6363,תופס,catches / perceives (m.s.),B1,0.403,model_predicted
6364,ומכאן,and from here / hence,A1,0.672,model_predicted
6365,אורגניזמים,organisms,B2,0.374,model_predicted
6366,ארצי,my country / terrestrial / earthy,A1,0.621,model_predicted
6367,כדוגמה,as a sample / as an example,B2,0.375,model_predicted
6368,היחסי,the relative,C1,0.542,model_predicted
6369,היבטים,aspects/ views,C1,0.33,model_predicted
6370,הדמיון,the imagination / the fantasy / the resemblance,B2,0.344,model_predicted
6371,בפרויקט,in a project / in the project,A2,0.403,model_predicted
6372,באירועים,in events / in the events,B1,0.505,model_predicted
6373,הפרויקט,the project,A2,0.403,model_predicted
6374,כללים,rules,B1,0.389,model_predicted
6375,מתקיימת,held / carried out / maintained / survives (f.s.),B1,0.559,model_predicted
6376,מנגנונים,systems / mechanisms,B1,1.0,concordance
6377,מצטרפים,join (m.pl.),B1,0.332,model_predicted
6378,פעלים,acts / verbs,A2,1.0,concordance
6379,המושגית,the conceptual (f.s.),C1,0.562,model_predicted
6380,הגאונים,the geniuses,C1,1.0,concordance
6381,צריכת,consumption of,C1,0.512,model_predicted
6382,אנדרטאות,monuments,B1,1.0,concordance
6383,בתרגום,in translation / translated / in the translation,B1,0.286,model_predicted
6384,מתחום,from a field / from an area / from a range,A1,0.672,model_predicted
6385,קולט,takes in / receives (m.s.),A1,0.488,model_predicted
6386,התכונות,the characters / the attributes,B1,0.372,model_predicted
6387,הפרעה,disturbance,C1,0.563,model_predicted
6388,הסימנים,the signs,A1,0.508,model_predicted
6389,אליפות,championship,B2,0.341,model_predicted
6390,בחמצן,in/with oxygen / in/with the oxygen,A1,0.565,model_predicted
6391,במעבדה,in/at a laboratory / in/at the laboratory,B2,0.411,model_predicted
6392,נשימה,breath / breathing,A2,0.332,model_predicted
6393,נשאי,carriers of,B2,0.319,model_predicted
6394,לווייתנים,whales,A2,0.366,model_predicted
6395,גרורות,metastasis,C1,0.467,model_predicted
6396,נאכלו,were eaten,A1,0.62,model_predicted
6397,מאתו,from him,A1,0.672,model_predicted
6398,מכוער,ugly,B1,0.344,model_predicted
6399,מהוגן,decent / honest,B1,0.297,model_predicted
6400,יתכן,possible,A2,0.409,model_predicted
6401,יען,since,A1,0.351,model_predicted
6402,ידידי,my friend / my friends / the friends of,A1,0.768,model_predicted
6403,לפטפט,to chat,A2,1.0,concordance
6404,תואיל,you will be willing (m.s.) / she will be willing,A1,0.851,model_predicted
6405,וארגיש,and I will feel / and I will sense,A1,0.714,model_predicted
6406,ואנה,and where / hither and thither,A1,0.782,model_predicted
6407,שהייתי,that I was,A1,0.795,model_predicted
6408,שטויות,nonsense,B2,0.387,model_predicted
6409,עפו,flew (pl.),B1,0.413,model_predicted
6410,זוכר,remembers (m.s.),A2,0.326,model_predicted
6411,אהיה,I will be,A1,0.714,model_predicted
6412,זרחה,shone / was shining (f.s.),B1,0.325,model_predicted
6413,כִאלו,like these / like those,A1,0.662,model_predicted
6414,כהוגן,very,A1,0.744,model_predicted
6415,התפלה,desalination,C1,0.524,model_predicted
6416,השזיפים,the plums,A2,0.319,model_predicted
6417,הפרדס,the orchard,C1,0.277,model_predicted
6418,העורב,the raven,B1,0.309,model_predicted
6419,האמנם,is it possible / is that so?,A2,0.409,model_predicted
6420,הגלמים,the dummies / the stupid / the cocoons,C1,0.408,model_predicted
6421,הגלעין,the pit,A2,0.361,model_predicted
6422,הצעירות,the young (f.pl.),A1,0.821,model_predicted
6423,הצנימים,the toasts,A2,1.0,concordance
6424,גמרתי,I finished,A1,0.503,model_predicted
6425,בעינים,in/with eyes / in/with the eyes,A1,0.565,model_predicted
6426,בחזקה,in the possession / power (math.),B2,0.357,model_predicted
6427,בהביטי,when I look,A1,0.801,model_predicted
6428,בטח,sure / certainly / must be / trusted (m.s.),A1,0.529,model_predicted
6429,רגליה,her legs,A1,0.819,model_predicted
6430,צרורי,my bundle / my package,C1,0.401,model_predicted
6431,סביבי,around me,A2,0.358,model_predicted
6432,נאנח,moaned (m.s.),C1,0.378,model_predicted
6433,מישהו,someone / somebody,A1,0.716,model_predicted
6434,יעלה,will rise / will increase / will lift / will come up / will bring up (m.s.),A1,0.714,model_predicted
6435,ענו,answered (pl.),A1,0.684,model_predicted
6436,זקנה,old (f.s.),A1,0.717,model_predicted
6437,התפוחים,the apples / the tumid (m.pl.),A1,0.773,model_predicted
6438,הנם,are,A1,0.786,model_predicted
6439,במוחי,in my brain,A1,0.409,model_predicted
6440,בזהירות,carefully,B1,0.346,model_predicted
6441,בצחוק,jokingly,B1,0.451,model_predicted
6442,ומדי,and whenever / and as often as / and the uniform of,A2,1.0,concordance
6443,והשמש,and the sun / and the attendant,A1,0.76,model_predicted
6444,עבה,thick,B1,0.354,model_predicted
6445,אליכם,to you (m.pl.),A1,0.851,model_predicted
6446,אשם,guilty / guilt,B1,0.364,model_predicted
6447,כרגע,at the moment,A2,1.0,concordance
6448,רגש,feeling / emotion,B2,1.0,concordance
6449,סערה,storm (n.) / stormed (f.s.),B1,0.386,model_predicted
6450,מרוצה,running (n.) / sutisfied (f.s.) / sutisfied (m.s.),A1,0.668,model_predicted
6451,ידה,her hand,A1,1.0,concordance
6452,לשבוע,for the week / for a week,A1,0.777,model_predicted
6453,לחבית,into a barrel / into the barrel,A2,0.293,model_predicted
6454,שחורה,black (f.s.),A1,0.766,model_predicted
6455,הקץ,the end / the termination / the ruin,A1,0.621,model_predicted
6456,הקטנות,the small / the little (f.pl.),A1,0.678,model_predicted
6457,הפקיד,the clerk / the official / deposited,B1,0.371,model_predicted
6458,הדעת,the mind / the knowledge / the wisdom,A2,0.391,model_predicted
6459,גדלו,grew (pl.),B1,0.37,model_predicted
6460,בתאונה,in the accident / in an accident,B1,0.452,model_predicted
6461,מכות,hits / strokes / blows,A2,0.406,model_predicted
6462,פתע,sudden / suddenly,B2,0.391,model_predicted
6463,עיניים,eyes,A1,0.732,model_predicted
6464,אזי,then,A1,0.579,model_predicted
6465,היפה,the pretty / the good (m.s.) / the pretty / the good (f.s.),A1,0.687,model_predicted
6466,התאבדות,suicide,B2,0.404,model_predicted
6467,הועיל,was useful,A2,0.447,model_predicted
6468,הרצח,the murder,B1,0.435,model_predicted
6469,דודו,his uncle,A1,0.788,model_predicted
6470,רווח,profit / gain / gap / widespread / relief,C1,0.36,model_predicted
6471,צעירות,young (f.pl.),A1,0.821,model_predicted
6472,מוצלח,successful (m.s.),B1,0.375,model_predicted
6473,מחזה,play / show,A1,0.768,model_predicted
6474,ילדה,child (f.) / girl,A1,0.862,model_predicted
6475,ישן,old (m.s.) / sleeping (m.s.),A1,0.717,model_predicted
6476,לקלוע,to shoot / to hit (a target),A2,0.428,model_predicted
6477,לחלל,to space,A2,0.514,model_predicted
6478,שישב,that/who sat (m.s.),A1,1.0,concordance
6479,שעתיים,two hours,A1,0.796,model_predicted
6480,שאליו,that to him,A1,0.795,model_predicted
6481,פן,lest / side / characteristic,B1,0.382,model_predicted
6482,פנימה,inside / inwardly,A1,0.547,model_predicted
6483,זרע,seed / sperm,A2,0.387,model_predicted
6484,המונים,crowd / a lot,A2,0.412,model_predicted
6485,המשפחות,the families,A1,0.813,model_predicted
6486,המנוח,the deceased,B2,0.314,model_predicted
6487,הסכימה,agreed (f.s.),B1,0.376,model_predicted
6488,בלעדי,exclusive / without me / without,C1,0.496,model_predicted
6489,נשמרו,were kept / were guarded / were protected,A1,0.62,model_predicted
6490,ממשיכה,continues (f.s.),B2,0.357,model_predicted
6491,מוכרת,known / familiar (f.s.) / seller / salswoman / sells (f.s.),A1,0.636,model_predicted
6492,מהשדה,from the field,A1,0.672,model_predicted
6493,מבפנים,from inside,A1,0.672,model_predicted
6494,לעובדה,to/for a fact / to/for the fact,A2,0.32,model_predicted
6495,להמתין,to wait,A1,0.679,model_predicted
6496,תחתיו,under him/it / in his/its place,A2,0.429,model_predicted
6497,ובתוך,and inside,A1,0.547,model_predicted
6498,שלחה,sent (f.s.),A2,0.421,model_predicted
6499,שראה,that/who saw (m.s.),A1,1.0,concordance
6500,פשע,crime / commited a crime,B1,0.441,model_predicted
6501,פרחי,flowers of,A1,0.649,model_predicted
6502,עובדות,facts / work / workers (f.pl.),A2,0.32,model_predicted
6503,אדירה,great / mighty / powerful (f.s.),A1,0.448,model_predicted
6504,כעשרים,about twenty,A1,0.639,model_predicted
6505,המחיר,the price,A1,0.593,model_predicted
6506,המכונים,the institutes / that are called (m.pl.),C1,0.489,model_predicted
6507,הפרה,breach / violation / breached (f.s.) / the cow,C1,0.529,model_predicted
6508,העצבים,the nerves,B1,0.376,model_predicted
6509,הראי,show (f.s. imperative) / the mirror,A1,0.682,model_predicted
6510,בשיעור,in a lesson / to an extent / in the lesson / to the extent,B1,0.294,model_predicted
6511,בחרו,chose / selected / voted (pl.),A2,0.353,model_predicted
6512,ברצון,at the will of / willingly,A1,0.714,model_predicted
6513,צינור,pipe,B1,0.344,model_predicted
6514,צומח,grows (m.s.) / flora,B1,0.373,model_predicted
6515,צפופה,dense / crowded,C1,0.51,model_predicted
6516,נשמת,the soul of / the breath of,B2,0.405,model_predicted
6517,מלאכותי,artificial (m.s.),C1,0.52,model_predicted
6518,מושב,cooperative settlements / seat / session,C1,0.539,model_predicted
6519,משקפי,glasses of,A1,0.765,model_predicted
6520,מפתיע,surprising,B1,0.396,model_predicted
6521,מפרק,takes apart / dismantles (m.s.) / joint,A1,0.488,model_predicted
6522,מחולק,divided (m.s.),C1,0.45,model_predicted
6523,מטופלים,patients / taken care of (m.pl.),B1,0.345,model_predicted
6524,למלא,to fill,A1,0.609,model_predicted
6525,למקומות,to places / to the places,A1,0.561,model_predicted
6526,למחלה,for sickness / for the sickness,B2,0.37,model_predicted
6527,ליגת,the league of,A2,0.562,model_predicted
6528,לתנועה,to a motion / to a movement/ to traffic / to the motion / to the movement / to traffic,B1,0.499,model_predicted
6529,לאו,no,A1,0.599,model_predicted
6530,לזכייה,for a winning / for the winning,B1,0.39,model_predicted
6531,תרם,donated / contributed (m.s.),B2,0.371,model_predicted
6532,ומת,and died,A2,0.293,model_predicted
6533,ומעולם,and never,A2,0.401,model_predicted
6534,ואנשים,and people,A1,0.75,model_predicted
6535,וביקש,and asked / and requested (m.s.),A1,0.679,model_predicted
6536,שיצאה,that/who went out / that /who came out (f.s.),A1,1.0,concordance
6537,שוכנים,live / dwell (m.pl.),B1,1.0,concordance
6538,שפירושו,which meaning is (m.s.),A1,0.768,model_predicted
6539,שעיר,hairy / scapegoat,B1,0.408,model_predicted
6540,קיומם,their existence / their survival / their holding / their fulfillment (m.pl.),A1,0.667,model_predicted
6541,פגע,hit / damaged / offended (m.s.),A2,0.406,model_predicted
6542,עשירים,rich (m.pl.),A2,0.459,model_predicted
6543,איומים,threats / terrible / horrible (m.pl.),C1,0.368,model_predicted
6544,חוזרת,returns (f.s.) / repeats (f.s.) / repeating,B1,0.41,model_predicted
6545,אוהד,sympathizes / sympathizer / follower / fan (m.s.),C1,0.587,model_predicted
6546,זרה,foreign / stranger (f.s.),A2,0.465,model_predicted
6547,כנס,conference,B1,0.353,model_predicted
6548,המועדון,the club,A1,0.524,model_predicted
6549,המסמכים,the documents,B1,0.339,model_predicted
6550,התיכונה,the middle (f.s.),A2,0.418,model_predicted
6551,התקשו,hardened,C1,0.485,model_predicted
6552,התנהלו,were managed / were conducted / walked (pl.),A1,0.62,model_predicted
6553,הקוראים,the readers / who read / that/who call (m.pl.),A1,1.0,concordance
6554,הקריאה,the reading / the call,A1,0.762,model_predicted
6555,הפגנות,demonstrations,B2,1.0,concordance
6556,העריך,assessed / estimated / appreciated (m.s.),C1,0.596,model_predicted
6557,החקירה,the inquiry / the investigation / the inquiry,C1,0.529,model_predicted
6558,הכינוי,the nickname,A2,0.421,model_predicted
6559,הכביש,the road,A1,0.753,model_predicted
6560,ההחלטות,the decisions,B1,0.41,model_predicted
6561,הדרושה,that is required (f.s.),A1,0.795,model_predicted
6562,הגם,although,B1,0.368,model_predicted
6563,הטענות,the claims / the arguments,B1,1.0,concordance
6564,דאגה,worry,A2,0.401,model_predicted
6565,דרוש,required / needed (m.s.),A2,0.375,model_predicted
6566,דרכם,their way / through them,A1,0.667,model_predicted
6567,גזעים,trunks / races,A2,0.454,model_predicted
6568,במאמר,in an article / in a saying / in the article / in the saying,A1,0.707,model_predicted
6569,בהמות,cattle / beast / hippopotamus,A1,0.584,model_predicted
6570,בבנק,in/at a bank / in/at the bank,A1,1.0,concordance
6571,בסעיף,in clause / in the clause,C1,0.417,model_predicted
6572,בנויה,built (adj.) (f.s.),A2,0.434,model_predicted
6573,סיבוב,rotation / revolution,B2,1.0,concordance
6574,סבור,thinks / assumes (m.s.),A1,0.492,model_predicted
6575,נלחם,fights / fought (m.s.),A2,0.417,model_predicted
6576,נוסע,goes (by a vehicle) / passenger / traveler (m.s.),A1,0.78,model_predicted
6577,נפצע,was injured (m.s.),A2,0.447,model_predicted
6578,נאכל,was eaten (m.s.),A2,0.447,model_predicted
6579,נזכר,remembered,B1,0.349,model_predicted
6580,קיסרים,caesars,C1,0.428,model_predicted
6581,פשרת,compromise of / conciliation of,C1,0.504,model_predicted
6582,אבירים,knights,B2,0.378,model_predicted
6583,הכליאה,the incarceration,C1,0.598,model_predicted
6584,משלוח,shipment / delivery,B1,0.343,model_predicted
6585,מגננה,defensive,B2,0.355,model_predicted
6586,תכניות,plans / programs / layouts,C1,1.0,concordance
6587,קצונה,commissioned rank,C1,0.386,model_predicted
6588,פשיטות,raids / incursions,B2,0.403,model_predicted
6589,הימית,the marine (f.s.),B1,0.319,model_predicted
6590,השיש,the marble,A2,0.432,model_predicted
6591,הקיסרים,the caesars,C1,0.428,model_predicted
6592,הקיסרי,the caesarian,C1,0.526,model_predicted
6593,הפדרלית,the federal (f.s.),B2,0.42,model_predicted
6594,האבדות,the losses,C1,0.34,model_predicted
6595,בורים,ignorant (m.pl.),C1,0.548,model_predicted
6596,לעבדות,to/for slavery,C1,0.462,model_predicted
6597,לדרגת,to a degree of / to a level of / to a rank of,A2,0.433,model_predicted
6598,וחימוש,and armament,B2,0.379,model_predicted
6599,אסורה,forbidden / imprisoned (f.s.),B1,0.373,model_predicted
6600,המלחים,the salts / the sailors,A2,0.394,model_predicted
6601,השיחות,the conversations,A1,0.616,model_predicted
6602,הצלחות,successes,B1,0.367,model_predicted
6603,בחקלאות,in agriculture,B1,0.262,model_predicted
6604,מילואים,supplement / addition / reserves (military),C1,0.354,model_predicted
6605,מקדשים,shrines / temples,C1,0.481,model_predicted
6606,מעמדות,classes,A1,0.656,model_predicted
6607,מסיבי,massive,B2,0.316,model_predicted
6608,לפשוט,to remove / to take of / to attack,B1,0.332,model_predicted
6609,וחלקים,and parts / and smooth / and slippery (m.pl.),A1,0.578,model_predicted
6610,והמשיך,and continued (m.s.),B2,0.358,model_predicted
6611,חלשה,weak (f.s.),C1,0.446,model_predicted
6612,הקודמות,the former / the previous (f.pl.),B1,0.356,model_predicted
6613,החקלאות,the agriculture,B1,0.262,model_predicted
6614,האסטרטגית,the strategic (f.s.),C1,0.469,model_predicted
6615,הטריטוריה,the territory,C1,0.503,model_predicted
6616,מדגם,sample (stat.),B2,0.375,model_predicted
6617,ומשפחתו,and his family,A1,0.788,model_predicted
6618,עיתונאים,journalists,B1,1.0,concordance
6619,אלמנט,element,B2,1.0,concordance
6620,התמוטטות,collapse / breakdown / crash,C1,0.521,model_predicted
6621,השלמת,completion of,C1,0.378,model_predicted
6622,העניקו,gave (pl.),A1,0.369,model_predicted
6623,הנצורים,the besieged / the treasured (m.pl.),C1,0.558,model_predicted
6624,סירות,boats,A1,0.554,model_predicted
6625,לכלול,to include,A2,0.419,model_predicted
6626,תפסו,caught / perceived (pl.),B1,0.461,model_predicted
6627,ולתת,and to give,A1,0.47,model_predicted
6628,ועדה,committee / commission,B1,0.258,model_predicted
6629,שנפלו,that/who fell / who were killed in action (pl.),A1,1.0,concordance
6630,קמו,stood up / woke up / were established (pl.),B1,0.399,model_predicted
6631,עובדי,workers of,A2,0.584,model_predicted
6632,חוות,farms,A1,0.653,model_predicted
6633,אקדחים,pistols,A2,0.429,model_predicted
6634,חדירה,penetration / incursion,C1,0.546,model_predicted
6635,המקבילה,the parallel / the simultaneous (f.s.),C1,0.452,model_predicted
6636,הותיר,left,A1,0.619,model_predicted
6637,השתמשה,used (f.s.),A2,0.393,model_predicted
6638,הפרטי,the private (m.s.),B1,0.324,model_predicted
6639,העניקה,gave (f.s.),A1,0.369,model_predicted
6640,הציעו,proposed / suggested / offered (pl.),C1,0.414,model_predicted
6641,גורשו,were expelled,A1,0.62,model_predicted
6642,במשא,[in] a burden / [in] a load / [in] the burden / [in] the load,C1,0.569,model_predicted
6643,נמשכו,lasted / were pulled / were attracted / were withdrawn (f.s.),B1,0.355,model_predicted
6644,ממרחק,from a distance,A1,0.672,model_predicted
6645,מוערך,estimated / valued / appreciated,C1,0.593,model_predicted
6646,מוצאם,their origin (m.pl.),A1,0.667,model_predicted
6647,מעמדה,her position / her status / her class,C1,1.0,concordance
6648,מהוות,are / constitute (f.pl.),A1,0.786,model_predicted
6649,למשפט,to/for the trial / to/for a trial,B2,0.396,model_predicted
6650,ללימודים,for studies / for the studies,A1,0.531,model_predicted
6651,לשעה,per hour / for an hour / for the hour,A2,0.377,model_predicted
6652,לבעלי,for my husband / for the owners of,A1,0.665,model_predicted
6653,ששרדו,that/who survived,A1,1.0,concordance
6654,שהתנגדו,that/who resisted / who objected (pl.),A1,1.0,concordance
6655,שבטי,tribal / my tribe / tribes of,C1,0.479,model_predicted
6656,שנויה,repeated (f.s.) / controversial / in dispute (f.s.),C1,0.371,model_predicted
6657,פירושה,its meaning / its explanation / its interpretation,A1,0.823,model_predicted
6658,חומת,the wall of,A1,0.616,model_predicted
6659,המופת,the example / the ideal / the sign,A1,0.429,model_predicted
6660,המערכות,the systems / the battles / the acts,B1,1.0,concordance
6661,המאורעות,the events,B1,0.505,model_predicted
6662,המהירה,the fast / the rapid / the quick (f.s.),A2,0.439,model_predicted
6663,המס,dissolved / the tax,C1,0.518,model_predicted
6664,הילידים,the children,A1,0.862,model_predicted
6665,התנהל,was managed / was conducted / walked (m.s.),A2,0.447,model_predicted
6666,השפיעו,had an effect / influenced (pl.),A1,0.65,model_predicted
6667,החייל,the soldier,A2,0.408,model_predicted
6668,הכתר,the crown,B2,0.308,model_predicted
6669,הציירים,the painters,A2,0.465,model_predicted
6670,בכינוי,by a nickname / by the nikname,A2,0.421,model_predicted
6671,בגבול,at the border / at the limit,B1,1.0,concordance
6672,טילים,missiles,B1,0.309,model_predicted
6673,טונות,tones,B2,0.413,model_predicted
6674,נקראו,were read / were called,A1,0.62,model_predicted
6675,מוצבים,posted / placed (m.pl.) / strongholds,A2,0.44,model_predicted
6676,מקיף,surrounds / encircles / comprehensive (m.s.),C1,0.374,model_predicted
6677,מרובי,numerous / poly- / multiple- (m.pl.),B1,0.288,model_predicted
6678,מראים,show (m.pl.),A1,0.682,model_predicted
6679,יחסו,his attitude,A1,0.788,model_predicted
6680,יריות,shots,A2,0.44,model_predicted
6681,לימין,to the right,A1,0.749,model_predicted
6682,ליש,lion,A1,0.514,model_predicted
6683,ופינוי,and evacuation / and the evacuation of,C1,0.447,model_predicted
6684,שלפני,that before,A1,0.795,model_predicted
6685,ששימשה,that was used for (f.s.),A1,0.795,model_predicted
6686,שאיננו,that/who is not / that/who is not here / that/who is missing (m.s.),A1,1.0,concordance
6687,שהובילו,that/who led / that/who transported (pl.),A1,1.0,concordance
6688,פלוגה,the company (mil.),A2,0.465,model_predicted
6689,עבדו,worked (pl.),A1,0.462,model_predicted
6690,אזהרות,warnings,B1,0.359,model_predicted
6691,אנושיים,humane (m.p.),B2,0.376,model_predicted
6692,המיעוטים,the minorities,C1,0.559,model_predicted
6693,המוחלטת,the total (f.s.),B1,1.0,concordance
6694,המורכבות,the complexity / the complex / composed of (f.pl.),C1,0.615,model_predicted
6695,המאוחרת,the late (f.s.),A1,0.812,model_predicted
6696,המזוהה,the identified / that/who is associated [with] (m.s.) / the identified / that/who is associated [with] (f.s.),A1,1.0,concordance
6697,המחזמר,the musical,A2,1.0,concordance
6698,הלחין,composed (m.s.),B2,0.367,model_predicted
6699,התייצב,stabilized / stood before (m.s.),C1,0.583,model_predicted
6700,הותקף,was attacked,A2,0.447,model_predicted
6701,הפליטים,the refugees / the survivors (m.pl.),B1,0.321,model_predicted
6702,הפגין,demonstrated (m.s.),C1,0.5,model_predicted
6703,הפסדים,losses,C1,0.34,model_predicted
6704,העיד,testified,C1,0.548,model_predicted
6705,העדר,absence / lack,C1,0.498,model_predicted
6706,ההתפתחות,the development,C1,0.457,model_predicted
6707,הדוק,tight,B1,0.42,model_predicted
6708,הדרמה,the drama,B1,1.0,concordance
6709,הגירה,immigration,B1,0.301,model_predicted
6710,הבסיסים,the bases,B2,1.0,concordance
6711,הרכיבה,the ride / assembled,A1,0.565,model_predicted
6712,הנציב,the governor / the commissioner / the pillar,A2,0.249,model_predicted
6713,במוסדות,in institutes / in the institutes / in the institutes of,C1,0.489,model_predicted
6714,ביקשו,asked / requested (pl.),A1,0.679,model_predicted
6715,בתמונה,in a picture / in the picture,A1,0.772,model_predicted
6716,בתוספת,in addition,C1,0.341,model_predicted
6717,בקהילה,in a community / in the community,B1,0.337,model_predicted
6718,בקבוצת,in a group of / in the group of,A1,0.462,model_predicted
6719,בקבוצות,in groups / in the groups of / in the groups,A1,0.462,model_predicted
6720,בפסטיבל,in the festival,A2,0.388,model_predicted
6721,בצפונה,on the north of,A1,0.444,model_predicted
6722,בנייני,buildings of,A1,0.534,model_predicted
6723,צרה,trouble / narrow / enemy (f.s.),A2,0.455,model_predicted
6724,סצינות,scenes,B1,0.466,model_predicted
6725,נמכרו,were sold,A1,0.62,model_predicted
6726,נדירים,rare (m.pl.),B2,0.326,model_predicted
6727,נבחרה,was elected / was selected (f.s.),A2,0.447,model_predicted
6728,מנשייה,from oblivion,A1,0.672,model_predicted
6729,הקרבית,the combat (adj.) (f.s.),B2,0.404,model_predicted
6730,הפרדות,separations,C1,0.506,model_predicted
6731,האוטובוס,the bus,A1,1.0,concordance
6732,הנפת,lifting the / waving the,B1,0.383,model_predicted
6733,פלסים,levels,C1,0.328,model_predicted
6734,ארכאולוגיים,archeological,C1,0.534,model_predicted
6735,ההשמדה,the destroying / the extermination,C1,0.536,model_predicted
6736,הנדסית,geometric / of engineering (f.s.),C1,0.542,model_predicted
6737,בגדוד,in a regiment / in the regiment,C1,0.346,model_predicted
6738,מכני,mechanical,B1,0.334,model_predicted
6739,מוזכרים,mentioned (m.pl.),B1,0.357,model_predicted
6740,למימון,for financing,C1,0.513,model_predicted
6741,דאז,then / former,A1,0.579,model_predicted
6742,בסלע,in rock / speech is silver,A2,0.48,model_predicted
6743,סבא,grandfather,A2,0.393,model_predicted
6744,מילא,never mind / so be it / filled (m.s.),A2,0.401,model_predicted
6745,קרקעיים,ground (adj.) (m.pl.),A2,0.469,model_predicted
6746,עלייתם,their rise / their increase / their immigration,A1,0.667,model_predicted
6747,חנויות,stores / shops,A1,0.688,model_predicted
6748,ציבוריים,public (m.pl.),B1,0.421,model_predicted
6749,נחלת,estate of / land of / heritage of,C1,0.404,model_predicted
6750,פטירתו,his death,A1,0.788,model_predicted
6751,פסוקים,verses,B2,0.32,model_predicted
6752,ההיסטוריים,the historical (m.pl.),B1,0.346,model_predicted
6753,הגוש,the lump / the block / the mass / the region,B1,1.0,concordance
6754,בקירוב,approximately,C1,0.402,model_predicted
6755,מוקד,center / focus / fire,A1,0.505,model_predicted
6756,וצמחים,and plants,A1,0.424,model_predicted
6757,שוויון,equality,C1,0.588,model_predicted
6758,שהרי,you see / since / because,A1,0.851,model_predicted
6759,עסקה,dealt / engaged / worked (f.s.),B2,0.295,model_predicted
6760,אופייניים,characteristic (m.pl.),C1,0.587,model_predicted
6761,השונה,the different / that/who is different (m.s.),A1,1.0,concordance
6762,הספרותית,the literary (f.s.),B2,0.374,model_predicted
6763,גון,shade / hue,B2,0.32,model_predicted
6764,ספירת,counting of,A2,0.391,model_predicted
6765,מייחסים,ascribe (m.pl.),C1,0.475,model_predicted
6766,מציאות,reality,C1,0.337,model_predicted
6767,מניעת,prevention of,C1,0.465,model_predicted
6768,ייחודיים,unique (m.pl.),C1,0.308,model_predicted
6769,ללשון,to/for the language of / to/for the tongue / to/for the language,A1,0.751,model_predicted
6770,תפיסת,catching of / capture of / grasp of / seizure of / perception of,B1,0.382,model_predicted
6771,פוליטיקה,politics,B2,0.323,model_predicted
6772,הישירה,the direct (f.s.),B1,0.342,model_predicted
6773,השוויון,the equality,C1,0.588,model_predicted
6774,גיבור,hero,B1,0.352,model_predicted
6775,גשמים,rains,A1,0.728,model_predicted
6776,בחרב,by sword / by a sword / by the sword,B1,0.348,model_predicted
6777,בכתביו,in his works (of an author),A1,0.788,model_predicted
6778,טמפרטורת,temperature of,A1,0.647,model_predicted
6779,רוכבי,the riders of,A2,0.552,model_predicted
6780,נתפסת,is caught / is perceived (f.s.),B1,0.461,model_predicted
6781,אורות,lights,A1,0.562,model_predicted
6782,החופשי,the free (m.s.),A1,0.674,model_predicted
6783,השבעה,the seven / Shiva (the seven days of mourning) / swearing in / the satisfied / the full (not hungry) (f.s.),A1,0.734,model_predicted
6784,מתקיימות,held / carried out / maintained / survive (f.pl.),B1,0.559,model_predicted
6785,מרכיב,component / assembles / installs (m.s.),C1,0.48,model_predicted
6786,למגוון,to a variety / to the variety,B1,0.387,model_predicted
6787,האוכלוסין,the population,B1,0.362,model_predicted
6788,קריטריונים,criteria,C1,0.618,model_predicted
6789,כתר,crown,B2,0.308,model_predicted
6790,קריירה,career,B1,0.424,model_predicted
6791,משפטים,trials / sentences,B2,0.396,model_predicted
6792,יונה,dove / pigeon,A1,0.586,model_predicted
6793,ובמידה,and of a measure / and of size / of a quality / to the extent that / [if (slang)],C1,1.0,concordance
6794,פיזי,physical,B1,0.444,model_predicted
6795,התוצר,the product,A2,0.555,model_predicted
6796,האבולוציוני,the evolutionary (m.s.),C1,0.632,model_predicted
6797,הכבידה,gravitation,C1,0.412,model_predicted
6798,בהשראת,inspired by,C1,0.388,model_predicted
6799,רש,poor,A1,0.487,model_predicted
6800,נעוריו,his youth,A1,0.788,model_predicted
6801,עונתה,was tortured (f.s.),A2,0.447,model_predicted
6802,המתמטיקאים,the mathematicians,C1,0.475,model_predicted
6803,היומיומי,the daily,A1,0.655,model_predicted
6804,הקולנועית,the cinematic,B2,0.355,model_predicted
6805,הפיוט,the hymn,B2,0.406,model_predicted
6806,העקיף,the indirect / the vicarious / the bypass,C1,0.42,model_predicted
6807,דקדוקית,grammatical (f.s.) / grammatically,C1,0.41,model_predicted
6808,בסטודיו,in/at a studio / in/at the studio,B1,1.0,concordance
6809,צייר,painter / painted,A2,0.465,model_predicted
6810,ביקורתית,critical (f.s.),C1,0.415,model_predicted
6811,מתמטיקאים,mathematicians,C1,0.475,model_predicted
6812,בטכניקות,using techniques / using the techniques,A2,0.359,model_predicted
6813,בחלל,in space,A2,0.514,model_predicted
6814,מפיק,producer,B1,0.392,model_predicted
6815,פסקול,soundtrack,B2,1.0,concordance
6816,תוצרי,products of,A2,0.555,model_predicted
6817,שניות,seconds,A1,0.619,model_predicted
6818,הפואטית,the poetic,B2,0.35,model_predicted
6819,הספורטאים,the athletes,A2,0.55,model_predicted
6820,מהלומות,strokes,B2,0.307,model_predicted
6821,אווירנית,aerobic (f.s.),B2,0.351,model_predicted
6822,האסורות,the forbidden / the imprisoned (f.pl.),B1,0.373,model_predicted
6823,בטא,express (m.s. imperative),B1,0.361,model_predicted
6824,בסיסים,bases,B2,1.0,concordance
6825,מולקולרית,molecular,B2,0.46,model_predicted
6826,נוזלים,liquids / fluids / running / leaking (m.pl.),B2,0.393,model_predicted
6827,מדענים,scientists,B1,0.367,model_predicted
6828,הנגיפים,the viruses,A2,0.43,model_predicted
6829,ההדבקה,the gluing / the infecting,C1,0.417,model_predicted
6830,מוחי,cerebral / my brain,B1,0.301,model_predicted
6831,שאוכל,that I will be able / that I will eat / that/who eats (m.s.) / that was consumed / that was burnt,A1,1.0,concordance
6832,פקדה,commanded / ordered / visited / attended (f.s.),B2,0.371,model_predicted
6833,בנשף,at/in a ball / at/in a party / at/in the ball / at/in the party,A1,1.0,concordance
6834,ספסל,bench,A1,0.523,model_predicted
6835,עצבי,nerves of,B1,0.376,model_predicted
6836,הרבע,the quarter,A2,0.43,model_predicted
6837,לסבול,to suffer,B2,0.366,model_predicted
6838,כאב,pain,A2,0.395,model_predicted
6839,החרדית,the orthodox (f.s.),C1,0.475,model_predicted
6840,הבריות,the people,A1,0.75,model_predicted
6841,גמורה,total / complete / finished (f.s.),B1,1.0,concordance
6842,בקושי,hardly,A2,0.456,model_predicted
6843,מלפני,from before,A1,0.672,model_predicted
6844,מלכות,kingdom / kingship / queens,B2,0.311,model_predicted
6845,מבקשת,ask / request (f.pl.),A1,0.737,model_predicted
6846,לעצמה,for herself,A2,0.411,model_predicted
6847,לצמוח,to grow,A1,0.5,model_predicted
6848,אורחים,guests,A1,0.538,model_predicted
6849,כתמים,stains,C1,0.397,model_predicted
6850,המופע,the show / the performance,A1,0.682,model_predicted
6851,הורגים,kill (m.pl.),B1,0.379,model_predicted
6852,הוסיפו,added (pl.),B1,0.366,model_predicted
6853,השלג,the snow,A1,0.61,model_predicted
6854,הפגישה,the meeting,A1,0.614,model_predicted
6855,הציפור,the bird,A1,0.459,model_predicted
6856,בדרכי,on my way / my way,A1,0.731,model_predicted
6857,רצתה,wanted (f.s.),A1,0.727,model_predicted
6858,נהיה,became (m.s.) / we will be,B1,0.362,model_predicted
6859,מוצאת,finds (f.s.),A1,0.583,model_predicted
6860,משוכנע,convinced (m.s.),C1,0.481,model_predicted
6861,והוסיף,and added (m.s.),B1,0.366,model_predicted
6862,שהו,stayed (pl.),B1,0.356,model_predicted
6863,קיץ,summer,A1,0.8,model_predicted
6864,עובד,works (m.s.),A1,0.697,model_predicted
6865,חשבונות,arithmetic / accounts / bills,C1,0.415,model_predicted
6866,כמי,as who / as whom,A1,1.0,concordance
6867,היריבות,the rivalry,C1,0.375,model_predicted
6868,בדים,linen / lies / fabricated story,A2,0.331,model_predicted
6869,בריא,healthy (m.s.),A2,0.416,model_predicted
6870,נעלמו,disappeared / hidden / concealed (pl.),B1,0.284,model_predicted
6871,מתי,when,A1,0.801,model_predicted
6872,מונחים,terms / placed / lying (m.pl.),A1,0.396,model_predicted
6873,יקרות,dear / expensive (f.pl.),A1,0.525,model_predicted
6874,לקרקע,to ground,A2,0.469,model_predicted
6875,לבוש,clothing,A1,0.642,model_predicted
6876,שייכת,belongs / relevant (f.s.),B2,1.0,concordance
6877,שקטה,quiet / silent (f.s.) / calmed down / became quiet (f.s.),A2,0.314,model_predicted
6878,קום,get up (m.s. imperative),A1,0.711,model_predicted
6879,קור,cold,A1,0.721,model_predicted
6880,קבעה,determined / fixed / set (f.s.),C1,0.519,model_predicted
6881,פומבי,public / overt (m.s.),B1,0.421,model_predicted
6882,פסוק,verse,B2,0.32,model_predicted
6883,עמי,my people,A1,0.75,model_predicted
6884,עצרה,stopped / arrested (f.s.),B1,0.423,model_predicted
6885,חילופי,spare,C1,0.431,model_predicted
6886,זעיר,tiny,B2,0.318,model_predicted
6887,כחודש,approximately one month,C1,0.402,model_predicted
6888,כחצי,approximately half,C1,0.402,model_predicted
6889,כבן,as a son,A1,0.713,model_predicted
6890,כביכול,supposedly / so to speak / so called,B2,0.431,model_predicted
6891,המדיני,the political (m.s.),B2,0.325,model_predicted
6892,הקירות,the walls,A1,0.616,model_predicted
6893,האחורי,the back / the rear (m.s.),A1,0.553,model_predicted
6894,הדיבור,the speech,B1,0.327,model_predicted
6895,בליווי,accompanied by,B1,0.369,model_predicted
6896,בודדות,lonely / single (f.pl.),A1,0.327,model_predicted
6897,בהתאמה,correspondingly / respectively / compatibly / harmonically,C1,0.55,model_predicted
6898,רבני,rabbinical,C1,0.476,model_predicted
6899,סיר,pot,B1,1.0,concordance
6900,נים,capillary / asleep,C1,0.449,model_predicted
6901,נופל,falls (m.s.),A2,1.0,concordance
6902,נערים,boys / youngsters,A1,0.841,model_predicted
6903,מלאות,full / complete (f.pl.),A1,0.625,model_predicted
6904,מעלים,hides (m.s.) / conceals (m.s.) / rise (m.pl.) / lift (m.pl.),B2,0.346,model_predicted
6905,מחוסר,lacking / without / --less (m.s.),C1,0.465,model_predicted
6906,מחזיר,returns (m.s.),B1,0.41,model_predicted
6907,מזהה,identifies / recognizes (m.s.),C1,0.627,model_predicted
6908,מאבקים,struggles / fights / conflicts,B2,0.423,model_predicted
6909,מד,meter / gauge,A2,0.605,model_predicted
6910,מספרי,my number / numerical / from my book / from the book of,A1,0.734,model_predicted
6911,יוצאת,goes out / comes out (f.s.),A1,0.78,model_predicted
6912,ליהנות,to enjoy,A1,0.628,model_predicted
6913,לחמוק,to evade / to avoid / to run away / to slip away,C1,0.524,model_predicted
6914,לאין,without,A2,0.455,model_predicted
6915,לחיי,to the life of (m.) / cheers,A1,0.334,model_predicted
6916,לבדה,alone / by herself (f.s.),A1,0.513,model_predicted
6917,לרעיון,to the idea,A2,0.41,model_predicted
6918,תרופה,medication / drug,A2,0.417,model_predicted
6919,וקרא,and read / and called (m.s.),A1,0.782,model_predicted
6920,ואיש,and a man / and a person,A1,1.0,concordance
6921,ובעולם,and in the world,A1,0.55,model_predicted
6922,וראו,and saw (pl.) / and look / and see (pl. imperative),A2,0.383,model_predicted
6923,וניסה,and tried (m.s.),A1,0.491,model_predicted
6924,שמועות,rumors,B1,0.379,model_predicted
6925,שמרני,conservative (m.s.),C1,0.507,model_predicted
6926,שירותי,services of / toilets of,B1,1.0,concordance
6927,שקיעת,sinking of / decline of / setting of,C1,0.369,model_predicted
6928,שעליהם,that on them / that about them / on whom / about whom (m.pl.),A1,0.795,model_predicted
6929,שאיפה,aspiration / inhalation,C1,0.489,model_predicted
6930,שכנה,neighbor (f.s.) / lived / dwelt (f.s.),A2,0.346,model_predicted
6931,שהעניקו,that/who gave (pl.),A1,1.0,concordance
6932,שניתנו,that were given,A1,0.795,model_predicted
6933,קריאת,reading of / call of,A1,0.762,model_predicted
6934,פרסומים,publications / advertisements,B2,0.393,model_predicted
6935,עממית,popular / national / folk (f.s.),A2,1.0,concordance
6936,עשן,smoke,B1,0.298,model_predicted
6937,עצומות,huge (f.pl.),A2,0.381,model_predicted
6938,חולי,sickness,B2,0.37,model_predicted
6939,חודשיים,two months,A1,0.796,model_predicted
6940,זורמים,flow (v.) (m.pl.),B1,0.382,model_predicted
6941,חריגים,exceptions / deviations / irregular,B1,0.417,model_predicted
6942,כופה,imposes (m.s.),C1,0.622,model_predicted
6943,כדורי,spherical / round,C1,0.496,model_predicted
6944,כדורסל,basketball,A1,1.0,concordance
6945,המפגינים,the demonstrators,C1,0.575,model_predicted
6946,המבוגר,the adult,B1,0.355,model_predicted
6947,התפטר,resigned (m.s.),B2,0.324,model_predicted
6948,הקצר,the short,A1,0.784,model_predicted
6949,הפצת,distribution of,C1,0.482,model_predicted
6950,העסקים,the business,A2,0.428,model_predicted
6951,החיזור,the courting / reduction (chemistry),B2,0.454,model_predicted
6952,הזירה,the arena / the scene,B1,0.354,model_predicted
6953,החלטת,decision of,B1,0.41,model_predicted
6954,האשמה,the blame / the guilt,B2,0.369,model_predicted
6955,הזאב,the wolf,B2,1.0,concordance
6956,הכבד,the heavy,B1,0.399,model_predicted
6957,הכספית,the mercury,B2,0.337,model_predicted
6958,הגודל,the size,A1,0.47,model_predicted
6959,הסוללה,the battery,A2,0.406,model_predicted
6960,הנזק,the damage,B1,0.359,model_predicted
6961,דיו,had enough / ink,A1,0.65,model_predicted
6962,דל,poor (m.s.),A1,0.487,model_predicted
6963,דוברי,speakers of,A2,0.419,model_predicted
6964,גידלו,grew / raised (pl.),B1,0.37,model_predicted
6965,גובהו,his height,A1,0.788,model_predicted
6966,גורמי,factors of / causes of,C1,0.394,model_predicted
6967,גני,my garden,A1,0.684,model_predicted
6968,בליגת,in the league of,A2,0.562,model_predicted
6969,בקשרים,in connections / in relations / in bonds,B1,0.373,model_predicted
6970,בפניו,in front of him / in his presence,B1,1.0,concordance
6971,בהיקף,on a circumference / at a scope / on the circumference,C1,0.612,model_predicted
6972,בהתקפות,in attacks / in the attacks,B1,0.362,model_predicted
6973,בגליל,in the cylinder / in the roll / in the Galilee / in a cylinder / in a roll,B2,0.376,model_predicted
6974,בסיוע,with the assistance of,A1,0.565,model_predicted
6975,בסיסית,basic (f.s.),B1,1.0,concordance
6976,בסכנה,in danger / at risk,B2,0.335,model_predicted
6977,בנסיבות,under the circumstances [of] / under the circumstances,A2,0.429,model_predicted
6978,טבעת,ring,A2,1.0,concordance
6979,רוחנית,spiritual,B2,0.39,model_predicted
6980,ראויים,worthy of / suitable / deserving / eligible / appropriate (m.pl.),C1,0.548,model_predicted
6981,צמיחה,growth,B1,0.318,model_predicted
6982,סייע,assisted / helped (m.s.),C1,0.437,model_predicted
6983,ספציפיים,specific (m.pl.),B1,0.373,model_predicted
6984,נותנת,gives (f.s.),A1,0.47,model_predicted
6985,נועדו,intended for / destined for / conferred (pl.),B1,0.394,model_predicted
6986,נוער,youth,A1,0.591,model_predicted
6987,נשבר,broke (m.s.),B1,0.341,model_predicted
6988,נפתחת,opens (f.s.),A1,0.637,model_predicted
6989,לאמות,llamas (animal),A1,1.0,concordance
6990,להדוף,to push / to repel,B1,0.437,model_predicted
6991,לסיוע,for aid / for assistance,A2,0.373,model_predicted
6992,הקומנדו,the commando,C1,0.399,model_predicted
6993,הנסיגה,the withdrawal / the retreat,C1,0.45,model_predicted
6994,מברית,from a pact / from a alliance / from a covenant / from a circumcision,A1,0.672,model_predicted
6995,מצדם,from their side / as far as they are concerned,A1,0.672,model_predicted
6996,עדיפות,priority,C1,0.41,model_predicted
6997,חאן,inn,B1,0.312,model_predicted
6998,כינו,called / named (pl.),A1,0.664,model_predicted
6999,המשוריינת,the armored (f.s.),C1,0.44,model_predicted
7000,התבצע,was performed / was executed,A2,0.447,model_predicted
7001,נוהלו,were managed / were conducted,A1,0.62,model_predicted
7002,ממחנה,from a camp / from the camp of / from a group / from the group of,A1,0.672,model_predicted
7003,מוגן,defended / protected (m.s.),C1,0.498,model_predicted
7004,מכוח,by the power of,B1,0.397,model_predicted
7005,לשטח,to the area / to the field / to the territory / to an area / to a field / to a territory,A2,0.507,model_predicted
7006,ומאות,and hundreds / and centuries,A1,0.461,model_predicted
7007,חקלאות,agriculture,B1,0.262,model_predicted
7008,התכנון,the planning / the design / the layout,B1,1.0,concordance
7009,הפקידים,the clerks / the officials,B1,0.371,model_predicted
7010,הפעילו,operated / activated (pl.),B2,0.339,model_predicted
7011,האומות,the nations,B2,1.0,concordance
7012,הכיוון,the direction / the adjustment / the tuning,B1,0.338,model_predicted
7013,הביס,defeated,C1,0.371,model_predicted
7014,בזירת,in the arena of / at the scene of,B1,0.354,model_predicted
7015,בצו,by order,A2,0.498,model_predicted
7016,בנהר,in a river / in the river,A1,0.725,model_predicted
7017,ניתוק,disconnection / cutting off / severance,C1,0.579,model_predicted
7018,נכשלה,failed (f.s.),B1,0.393,model_predicted
7019,מתמדת,constant / continuous / continued,C1,0.396,model_predicted
7020,מוצאו,his/its origin,A1,0.788,model_predicted
7021,משפחותיהם,their families,A1,0.667,model_predicted
7022,מהפכת,the revolution of,B2,1.0,concordance
7023,מהאוויר,from the air,A1,0.672,model_predicted
7024,מסרים,messages,A2,0.438,model_predicted
7025,לגדל,to grow / to raise,A1,0.5,model_predicted
7026,שאמורה,that is supposed (f.s.),A1,0.795,model_predicted
7027,אימץ,adopted (m.s.),C1,0.425,model_predicted
7028,חיפשו,searched (pl.),A2,0.369,model_predicted
7029,המתאימים,the suitable / the appropriate / the applicable / the identical (m.pl.),C1,0.375,model_predicted
7030,השתתפות,participation,C1,0.433,model_predicted
7031,הקוד,the code,B2,1.0,concordance
7032,האגף,the section / the wing,A2,0.435,model_predicted
7033,גויסו,were recruited,A1,0.62,model_predicted
7034,במונח,in a term / in the term,A1,0.396,model_predicted
7035,נר,candle,A1,0.392,model_predicted
7036,מקל,stick / cane / eases,B1,0.416,model_predicted
7037,מפעילי,operators of,B2,1.0,concordance
7038,מצויד,equipped (m.s.),C1,0.439,model_predicted
7039,מסורתי,traditional (m.s.),B1,0.453,model_predicted
7040,יוצרו,his/its creator / his/its maker / were made / were manufactured,A1,0.788,model_predicted
7041,יכולתם,their ability / their capability,A1,0.667,model_predicted
7042,לשמירת,for keeping / for guarding / for protecting,B1,0.415,model_predicted
7043,לעצמאות,to/for independence / to/for the independence,C1,0.54,model_predicted
7044,תעשייה,industry,B2,0.367,model_predicted
7045,ומשום,and because,A1,0.448,model_predicted
7046,שהפכה,that inverted / that converted / that turned / that become / that transformed (f.s.),A1,0.795,model_predicted
7047,שנגרם,that is caused,A1,0.795,model_predicted
7048,קיימו,held / carried out / maintained (pl.),B1,0.559,model_predicted
7049,פרטיות,privacy,B2,0.374,model_predicted
7050,אזהרה,warning,B1,0.359,model_predicted
7051,המאוחרות,the late (f.pl.),A1,0.812,model_predicted
7052,הימני,the right / the right handed / the rightist (m.s.),A1,0.749,model_predicted
7053,התעשייתית,the industrial,B2,0.391,model_predicted
7054,השלכות,implications,C1,0.635,model_predicted
7055,הפנימיים,the internal (m.pl.),B2,0.321,model_predicted
7056,האמור,the supposed / the said,A2,0.393,model_predicted
7057,הארכיון,the archive,C1,0.461,model_predicted
7058,במערכות,in systems / in battles / in acts / in the systems / in the battles / in the acts,B1,1.0,concordance
7059,באגם,in the lake / in a lake,A1,0.636,model_predicted
7060,בבד,at the same time as,A1,0.685,model_predicted
7061,בריאות,health,A1,0.511,model_predicted
7062,רובע,quarter,A2,0.43,model_predicted
7063,סמלי,symbolic,C1,0.6,model_predicted
7064,סרן,captain / axle,B1,0.354,model_predicted
7065,מייצגים,represent (m.pl.),C1,0.32,model_predicted
7066,מיתר,chord / string / tendon,B2,0.397,model_predicted
7067,מושא,object / objective,A2,0.468,model_predicted
7068,מושגי,conceptual (m.s.),C1,0.562,model_predicted
7069,מועטים,little / few / slight (m.pl.),A1,0.804,model_predicted
7070,מוצגת,presented (f.s.),C1,0.329,model_predicted
7071,מעטות,little / few (f.pl.),A1,0.804,model_predicted
7072,מזכירים,remind (m.pl.) / secretaries,B1,0.393,model_predicted
7073,מאבן,of stone,A2,0.46,model_predicted
7074,מכוון,directs / adjusts / tunes (m.s.) / intentional / adjusted / tuned (m.s.),C1,0.456,model_predicted
7075,מהגרים,immigrants / immigrate (m.pl.),B2,1.0,concordance
7076,מגדולי,among the the great [X] (m.pl.),B2,0.32,model_predicted
7077,מטבע,by nature / coin,B1,0.372,model_predicted
7078,יעדים,purposes / objectives / destinations,B2,0.417,model_predicted
7079,למציאות,to reality,C1,0.337,model_predicted
7080,לתפקידו,to/for his role / to/for his duty / to/for his capacity,A1,0.788,model_predicted
7081,לפינוי,to/for an evacuation / to/for the evacuation,C1,0.447,model_predicted
7082,לעתיד,for the future,B1,0.347,model_predicted
7083,לאזורים,to the areas / to areas,A2,0.507,model_predicted
7084,להשגת,for achieving,C1,0.552,model_predicted
7085,להכרה,to recognition / to consciousness / to the recognition / to the consciousness,C1,0.533,model_predicted
7086,לגברים,for men / for the men,A1,0.579,model_predicted
7087,לברר,to inquire,C1,0.501,model_predicted
7088,תבליט,embossment,C1,0.612,model_predicted
7089,ושמו,and his name / named / and they put,A1,1.0,concordance
7090,והפכה,and inverted / and converted / and turned / and become / and transformed (f.s.),C1,0.55,model_predicted
7091,ובמקומו,and in his place,A1,0.788,model_predicted
7092,ובתחילת,and at the beginning / and at the start,A1,1.0,concordance
7093,ובפרט,and especially / and particularly,A2,0.417,model_predicted
7094,ורוב,and the majority of / and most of,C1,0.417,model_predicted
7095,שמת,you placed / you put (m.s.) / you placed / you put (f.s.),A1,0.851,model_predicted
7096,שיטתי,methodical / systematic,C1,0.607,model_predicted
7097,שובו,return (pl. imperative) / his return,B1,0.41,model_predicted
7098,שהתקיים,that was held / that existed / that survived (m.s.),A1,0.795,model_predicted
7099,שבירת,breaking of,B2,0.341,model_predicted
7100,קבר,grave,B2,1.0,concordance
7101,פוצצו,detonated / exploded (pl.),C1,0.427,model_predicted
7102,עשירה,rich (f.s.),A2,0.459,model_predicted
7103,אמני,artists of / the artists of,A2,0.521,model_predicted
7104,חווה,farm / experienced,A1,0.653,model_predicted
7105,כונו,were named / were called,A1,0.62,model_predicted
7106,כפולות,multiples,A2,0.371,model_predicted
7107,המסורתית,the traditional (f.s.),B1,0.453,model_predicted
7108,היותה,being (f.s.),B1,0.297,model_predicted
7109,הידועות,the known (f.pl.),A1,0.636,model_predicted
7110,הינן,are (f.pl.),A1,0.786,model_predicted
7111,התת,the hypo- / the sub- / the infra-,B1,0.383,model_predicted
7112,הושלם,was completed (m.s.),A2,0.447,model_predicted
7113,הונחו,were placed / were guided / were instructed,A1,0.62,model_predicted
7114,הקבע,the permanent / the permanence / the regularity / career army,C1,0.383,model_predicted
7115,הקרקעות,the soils / the grounds / the lands,B2,0.325,model_predicted
7116,הפוכה,inverted / chaotic,C1,0.55,model_predicted
7117,הפורשים,the dissidents / the retired,C1,0.638,model_predicted
7118,הפרו,breached / violated (pl.),C1,0.549,model_predicted
7119,העתק,copy,A2,0.409,model_predicted
7120,הערכה,assessment / estimation / appreciation / credit,C1,0.567,model_predicted
7121,החשיבה,the thinking,B1,0.331,model_predicted
7122,הדרגתית,gradual (f.s.),C1,0.459,model_predicted
7123,הביטוח,the insurance,B1,0.375,model_predicted
7124,הנפוצות,the common (f.pl.),B1,0.428,model_predicted
7125,גלוי,open / exposed,A1,0.637,model_predicted
7126,במסעו,in his journey,A1,0.788,model_predicted
7127,בינלאומית,international (f.s.),B1,0.307,model_predicted
7128,בליל,mix / in the night of / at night,B1,0.319,model_predicted
7129,בתוכן,inside them (f.),A1,0.547,model_predicted
7130,בתהליכי,in processes of,B1,0.391,model_predicted
7131,בוגרים,adults / graduates,B1,0.355,model_predicted
7132,בצירוף,combined with / with the addition of,C1,0.453,model_predicted
7133,רחוקים,far (m.pl.),A1,0.38,model_predicted
7134,סלעים,rocks,A2,0.48,model_predicted
7135,נוכחות,presence,C1,0.427,model_predicted
7136,האורך,the length,A2,0.408,model_predicted
7137,הגטאות,the ghettos,C1,0.464,model_predicted
7138,דיר,pen / shed,A2,0.497,model_predicted
7139,דגלי,flags of,A2,0.5,model_predicted
7140,גבולה,its border / its limit / her limit,B1,1.0,concordance
7141,נהגי,drivers of / customs of,A1,0.608,model_predicted
7142,ששכן,that/who lived / that/who dwelt (m.s.),A1,1.0,concordance
7143,אשראי,credit,B1,0.32,model_predicted
7144,הארכאולוגיים,the archeological,C1,0.534,model_predicted
7145,הנדסיים,geometric / of engineering (m.pl.),C1,0.542,model_predicted
7146,סיכת,pin of / lubrication of,A2,0.475,model_predicted
7147,לגיוס,for recruitment / for the recruitment of / for the recruitment,C1,0.543,model_predicted
7148,לרחוב,to the street / to a street / to [X] street,A1,0.824,model_predicted
7149,עירוני,municipal / urban,B2,1.0,concordance
7150,חילוקי,differences of,A1,0.506,model_predicted
7151,התלמידים,the pupils / the students,A1,1.0,concordance
7152,הכיפורים,the day of atonement,A1,0.844,model_predicted
7153,בבנייה,under construction,A2,0.429,model_predicted
7154,למיעוטים,for minorities / to/for the minorities,C1,0.559,model_predicted
7155,המקביל,the parallel / the simultaneous,C1,0.452,model_predicted
7156,ההתיישבות,the settlement,C1,0.501,model_predicted
7157,בהקמת,in the establishment of / in the building of,C1,0.573,model_predicted
7158,מקצועות,professions,B1,0.372,model_predicted
7159,מגבלות,limitations / restrictions,C1,0.624,model_predicted
7160,למוזיאון,to/for a museum / to/for the museum,A1,1.0,concordance
7161,לזיהוי,for identification / for the identification of,C1,0.583,model_predicted
7162,שביל,path,A2,0.481,model_predicted
7163,קצרת,asthma,B2,0.353,model_predicted
7164,כביטוי,as an expression,B2,0.357,model_predicted
7165,הכותל,the wall / the Western Wall,A1,0.616,model_predicted
7166,הנתונים,the data / that are given,A2,0.306,model_predicted
7167,ציוני,Zionist (m.s.),C1,0.549,model_predicted
7168,סברה,thought / assumed (f.s.) / assumption,B1,0.345,model_predicted
7169,מיגון,protection / shield,C1,0.399,model_predicted
7170,מזוהה,identified,C1,0.503,model_predicted
7171,לברוח,to run away,A1,0.742,model_predicted
7172,ובמהלך,and during,B1,0.418,model_predicted
7173,פסלו,sculpted (pl.) / his sculpture / rejected / disqualified (pl.),C1,0.459,model_predicted
7174,זוהה,was identified,A2,0.447,model_predicted
7175,היחסית,the relative (f.s.),C1,0.542,model_predicted
7176,התרחשו,happened / occurred (pl.),A1,0.438,model_predicted
7177,השתתפה,participated (f.s.),C1,0.342,model_predicted
7178,הכחולים,the blue (m.pl.),A1,0.749,model_predicted
7179,דולרים,dollars,A1,1.0,concordance
7180,בצורתו,[in] his shape,A1,0.788,model_predicted
7181,בסביבת,around / in the area of,A2,0.358,model_predicted
7182,רובוט,robot,A2,0.477,model_predicted
7183,סמלית,symbolic (f.s.),C1,0.6,model_predicted
7184,ממשי,real / concrete,A2,0.384,model_predicted
7185,מוצאים,find (m.pl.) / origins,A1,0.583,model_predicted
7186,מכר,acquaintance / sold (m.s.),B1,0.365,model_predicted
7187,מהותי,fundamental,C1,0.473,model_predicted
7188,מדויקת,precise / accurate (f.s.),B2,0.368,model_predicted
7189,מדעית,scientific / to/for the taking out of / to/for the removal of / to/for the spending of / to/for the,B2,0.413,model_predicted
7190,להוצאת,lehotsa'at / publication of,B2,0.292,model_predicted
7191,שבאזור,that is in the area / that is in an area,A1,0.795,model_predicted
7192,קיצונית,extreme / extremist / radical (f.s.),C1,0.376,model_predicted
7193,קובץ,file (computers) / collection,A1,1.0,concordance
7194,פרסים,awards / prizes,B1,0.381,model_predicted
7195,עתיק,ancient / old (m.s.),C1,0.314,model_predicted
7196,אוטו,car,A1,0.834,model_predicted
7197,חוצה,cuts in half / crosses (m.s.) / cuts in half / crosses (f.s.),B1,0.339,model_predicted
7198,ארסיים,poisonous,B2,0.408,model_predicted
7199,המופשט,the abstract,C1,0.626,model_predicted
7200,התמודדו,dealt with / confronted (pl.),B2,0.295,model_predicted
7201,באבן,in stone / with stone / by stone / in the stone / with the stone / by the stone,A2,0.46,model_predicted
7202,נחשבה,was considered (f.s.),A2,0.447,model_predicted
7203,נכלל,was included (m.s.),A2,0.447,model_predicted
7204,הבוחרים,the voters / the electors / the selectors,B1,0.3,model_predicted
7205,לשינויים,to the changes / to changes,A2,0.296,model_predicted
7206,ידית,handle,B1,0.497,model_predicted
7207,מרי,rebellion,C1,1.0,concordance
7208,יעילות,efficiency,C1,0.601,model_predicted
7209,תלמיד,pupil / student,A1,1.0,concordance
7210,ומערכת,and a system / and the system of / and an editorial board / and the editorial board of,B1,1.0,concordance
7211,ופחות,and less,A1,0.55,model_predicted
7212,הלוחות,the boards,A2,0.429,model_predicted
7213,ההבחנה,the observation,C1,0.512,model_predicted
7214,הצטיין,excelled (m.s.),C1,0.561,model_predicted
7215,הסרטן,the crab / the cancer,B1,0.352,model_predicted
7216,ריפוי,healing,C1,0.362,model_predicted
7217,מקבילות,parallel (f.pl.) / parallelism,C1,0.452,model_predicted
7218,תארים,titles / degrees / adjectives / appearances / shapes,A1,0.502,model_predicted
7219,שנותיו,his years,A1,0.788,model_predicted
7220,עתיקה,ancient / old (f.s.),C1,0.314,model_predicted
7221,חליפת,exchange of / suit of,B2,0.338,model_predicted
7222,המסורתיות,the traditional (f.pl.),B1,0.453,model_predicted
7223,הסמים,the drugs,A2,0.417,model_predicted
7224,סדרות,series (pl.),A2,0.456,model_predicted
7225,מוטיבים,motives,C1,0.486,model_predicted
7226,האנדרטאות,the monuments,B1,1.0,concordance
7227,אמירות,sayings (n.),A1,0.454,model_predicted
7228,אמנותית,artistic (f.s.),B1,0.434,model_predicted
7229,נקודה,point,A1,0.452,model_predicted
7230,מציגה,introduces / displays / presents / exhibits (f.s.),C1,0.417,model_predicted
7231,המתמטית,the mathematical (f.s.),C1,0.354,model_predicted
7232,הסדרות,the series (pl.),A2,0.456,model_predicted
7233,לידתו,his birth,A1,0.788,model_predicted
7234,המכיל,that contains (m.s.),A1,0.795,model_predicted
7235,מכסה,cover,A2,0.429,model_predicted
7236,השומן,the fat,A1,0.471,model_predicted
7237,תצפיות,observations / vantage points,C1,0.512,model_predicted
7238,רקמת,tissue of / embroidery of,B2,0.415,model_predicted
7239,המחשב,the computer,A1,1.0,concordance
7240,הסוג,the kind / the class / the type,A1,1.0,concordance
7241,האכילה,the eating,A1,0.807,model_predicted
7242,להתחממות,to/for the heating / to/for the warming,B1,0.4,model_predicted
7243,הלווייתנים,the whales,A2,0.366,model_predicted
7244,האיזוטופים,the isotopes,C1,0.464,model_predicted
7245,ההתחממות,the heating / the warming,B1,0.4,model_predicted
7246,הבועה,the bubble,B2,0.307,model_predicted
7247,הפרברים,the suburbs,B1,0.306,model_predicted
7248,מלכותכן,your kingship (f.pl.),A1,0.828,model_predicted
7249,מעילי,my coat,A1,0.667,model_predicted
7250,מצלחתי,from my plate,A1,0.672,model_predicted
7251,למצוץ,to suck,B1,0.333,model_predicted
7252,להסתכל,to look,A1,0.815,model_predicted
7253,ואשב,and I will sit,A1,0.714,model_predicted
7254,ואכל,and ate (m.s.),B1,0.298,model_predicted
7255,והביטה,and looked (f.s.),A1,0.734,model_predicted
7256,שומע,hears (m.s.),A2,0.317,model_predicted
7257,פרפרים,butterflies,B1,0.383,model_predicted
7258,ענפיהם,their branches / their fields,A1,0.667,model_predicted
7259,זרועי,my arm,A1,1.0,concordance
7260,כמוכם,like you (m.pl.),A1,0.662,model_predicted
7261,כלו,finished / ended (biblical),A1,0.503,model_predicted
7262,היורשה,may [I] be allowed,A1,0.75,model_predicted
7263,הוצאתי,I spent / I took out / I published,A2,0.385,model_predicted
7264,העש,the moth,B1,0.379,model_predicted
7265,העברים,the Hebrew people,A1,0.355,model_predicted
7266,האיר,illuminated (m.s.),C1,0.35,model_predicted
7267,הגדמים,the stumps,B2,0.346,model_predicted
7268,הבלים,nonsense / vanity,B2,0.387,model_predicted
7269,הבטתי,I looked,A1,0.734,model_predicted
7270,הרימות,the worms / the maggots,B1,0.288,model_predicted
7271,דואג,worries / cares for (m.s.),A2,0.401,model_predicted
7272,במשוכה,[in] a hedge / [in] the hedge,C1,0.454,model_predicted
7273,בקשתי,I asked / I requested,A1,0.679,model_predicted
7274,בעיניה,in her eyes / in her opinion,A1,0.819,model_predicted
7275,בענין,on the matter of / with interest,A2,0.369,model_predicted
7276,בנפשי,[with] my soul / at the risk of my life (something very important),A1,0.565,model_predicted
7277,רבותי,[ladies and] gentlemen,B2,1.0,concordance
7278,נשרו,dropped (pl.),B2,0.35,model_predicted
7279,לשוא,in vain,A1,0.332,model_predicted
7280,להודות,to thank / to confess,A1,0.679,model_predicted
7281,להסתדר,to be arranged / to settle down / to manage,C1,0.441,model_predicted
7282,שמתחשק,that is desired,A1,0.795,model_predicted
7283,פרחו,blossomed (pl.),C1,0.491,model_predicted
7284,עונג,pleasure,B1,0.449,model_predicted
7285,המשרת,the servant / who serves (m.s.),A1,1.0,concordance
7286,התגלגל,rolled,B2,0.348,model_predicted
7287,צעקו,shouted / yelled (pl.),B1,0.35,model_predicted
7288,ספסלי,benches of,A1,0.523,model_predicted
7289,מעתה,from now,A1,0.672,model_predicted
7290,לילד,to/for a child / to/for the child,A1,0.862,model_predicted
7291,ויצא,and went out / and came out (m.s.),A1,0.701,model_predicted
7292,ואיך,and how,A1,0.725,model_predicted
7293,שמחים,glad / happy (m.pl.),A1,0.468,model_predicted
7294,חנות,shop / store,A1,0.757,model_predicted
7295,כר,pillow / meadow,A2,0.489,model_predicted
7296,המאמן,the trainer / the coach,B1,0.393,model_predicted
7297,הפתח,the opening / the door / the aperture,A2,0.402,model_predicted
7298,העצב,the sadness / the sorrow / the nerve,B2,0.351,model_predicted
7299,הסטודנט,the student,A1,1.0,concordance
7300,ראשה,her head,A1,0.819,model_predicted
7301,מבעד,through,A2,0.332,model_predicted
7302,מבטו,his look,A1,0.788,model_predicted
7303,לביטחון,for security / for the security / for the security of,B2,0.343,model_predicted
7304,ואסור,and [it is] forbidden / and [I am / he is] imprisoned (m.s.),B1,0.373,model_predicted
7305,עלמה,lass / maiden,B2,0.338,model_predicted
7306,זקנים,old (m.pl.),A1,0.717,model_predicted
7307,השיבו,returned (something) / answered (pl.),B1,0.367,model_predicted
7308,השר,the minister,B2,1.0,concordance
7309,בתת,in hypo- / in sub- / in infra-,B1,0.383,model_predicted
7310,בעלים,owners / husbands,A2,0.388,model_predicted
7311,בזמנים,at times,A1,0.757,model_predicted
7312,באחרונה,lately,A2,0.319,model_predicted
7313,ממין,of a kind / of a gender / of a species / of sex,B1,1.0,concordance
7314,יסעור,albatross,C1,0.475,model_predicted
7315,לשהות,to stay / to spend time,B1,0.36,model_predicted
7316,להתפטר,to resign,B1,0.375,model_predicted
7317,ויוצא,and goes out / and comes out (m.s.),A1,0.78,model_predicted
7318,וכבר,and already,A1,0.634,model_predicted
7319,שעוד,that still / that more,A1,0.795,model_predicted
7320,קולו,his voice,A1,0.788,model_predicted
7321,פחד,fear / feared / was afraid (m.s.),B1,0.347,model_predicted
7322,פאר,luxury,C1,0.386,model_predicted
7323,חפצי,items of,A2,0.569,model_predicted
7324,כלב,dog,A1,0.705,model_predicted
7325,החמה,the warm / the hot (f.s.) / the sun,A1,1.0,concordance
7326,הכיתי,I have beaten / I hit,A1,0.716,model_predicted
7327,ההמון,the crowd / the plenty,A2,0.412,model_predicted
7328,ההתאבדות,the suicide,B2,0.404,model_predicted
7329,הצחוק,the laughter,A1,0.417,model_predicted
7330,הסוכר,the sugar,A1,0.516,model_predicted
7331,הנקודה,the point,A1,0.452,model_predicted
7332,בעצים,in trees / in logs / in the trees / in the logs,A1,0.766,model_predicted
7333,בטל,canceled / void / idle,B1,0.406,model_predicted
7334,טרף,prey,C1,0.405,model_predicted
7335,רוחו,his spirit,A1,0.788,model_predicted
7336,צמוד,attached / linked / adjacent (m.s.),B1,0.315,model_predicted
7337,נתנה,gave (f.s.),A1,0.369,model_predicted
7338,נשר,vulture / dropped (m.s.),B2,0.303,model_predicted
7339,מתקבלת,is accepted / is received (f.s.),C1,0.402,model_predicted
7340,מפריע,disturbs / interferes / interrupts (m.s.),C1,0.561,model_predicted
7341,מעוררת,wakes / exciting (f.s.),B1,0.536,model_predicted
7342,מביאים,bring (m.pl.),A1,0.722,model_predicted
7343,מבחוץ,from outside,A1,0.672,model_predicted
7344,מריו,his rebellion,C1,1.0,concordance
7345,ימשיכו,will continue (pl.),A1,0.714,model_predicted
7346,יקבל,will receive / will accept,A1,0.714,model_predicted
7347,לפשרה,to compromise / to conciliation / to the compromise / to the conciliation,C1,0.504,model_predicted
7348,לפרוש,to retire / to spread / to stretch,B1,0.355,model_predicted
7349,לעורר,to wake / to excite,B1,0.536,model_predicted
7350,לענף,to/for a branch / to/for a field / to/for the branch / to/for the field,B2,0.299,model_predicted
7351,לאישור,for approval / for confirmation / for the approval / for the confirmation,C1,0.406,model_predicted
7352,להיראות,to be seen / to be visible / to look,A1,0.769,model_predicted
7353,והים,and the sea,A1,0.561,model_predicted
7354,והולך,and walks / and goes (m.s.),A1,0.834,model_predicted
7355,שעושים,that/who do (m.pl.),A1,1.0,concordance
7356,עודנו,is still (m.s.),A2,0.444,model_predicted
7357,אמות,cubits / standards / I will die,A1,1.0,concordance
7358,חורש,grove / wood / ploughs (m.s.),C1,0.339,model_predicted
7359,כפסל,as a statue,B1,1.0,concordance
7360,המקומיות,the local (f.pl.),A2,0.407,model_predicted
7361,המכריע,the decisive / the crucial,C1,0.495,model_predicted
7362,התועלת,the benefit / the utility,C1,0.36,model_predicted
7363,התחוללה,happened / occurred (f.s.),A1,0.438,model_predicted
7364,הולכות,walk / go (f.pl.),A1,0.834,model_predicted
7365,הקליעה,the shot,A2,0.44,model_predicted
7366,הקרונות,the cars (of a train) / the wagons,A1,0.834,model_predicted
7367,העצום,the huge,A2,0.381,model_predicted
7368,הכירו,knew / recognized (pl.),A1,0.632,model_predicted
7369,דעה,opinion / mind,B1,0.38,model_predicted
7370,ביש,bad / ill,A1,1.0,concordance
7371,בקור,in the cold,A1,0.721,model_predicted
7372,בכוונתו,intends to (m.s.),C1,0.544,model_predicted
7373,בסתיו,in the autumn of / in the autumn,A1,0.306,model_predicted
7374,צמד,pair / couple,A1,0.456,model_predicted
7375,צעירי,youngsters of,A1,0.67,model_predicted
7376,נושאת,carries / marries (f.s.),A2,0.382,model_predicted
7377,ממאה,of a hundred / from a century,A1,0.461,model_predicted
7378,מתונה,moderate / mild / calm (f.s.),C1,0.567,model_predicted
7379,מוקף,is surrounded / is encircled,C1,0.467,model_predicted
7380,מעליו,on him/it / on top of him/it / above him/it,A1,0.795,model_predicted
7381,מזיקים,pest / do damage (m.pl.),B2,0.332,model_predicted
7382,מזהב,of gold,A2,1.0,concordance
7383,מדברים,speak / talk (m.pl.),A1,0.715,model_predicted
7384,מסודרת,organized (f.s.),C1,0.468,model_predicted
7385,יתרה,remainder / balance,B2,0.361,model_predicted
7386,יוצאות,go out / come out (f.pl.),A1,0.469,model_predicted
7387,יכולתה,her ability / her capability,A1,0.819,model_predicted
7388,לממן,to finance,B2,0.423,model_predicted
7389,למזון,to/for food / to/for the food,A1,0.838,model_predicted
7390,לידו,near him / next to him,A2,0.398,model_predicted
7391,לתהליך,to a process / to the process,B1,0.391,model_predicted
7392,לשוק,to the market / to a market / to/for the leg / into the shock / to/for the leg / into shock,A2,0.317,model_predicted
7393,לפרוח,to blossom,B2,0.349,model_predicted
7394,לעודד,to encourage / to cheer,B1,0.32,model_predicted
7395,לעד,forever / to/for a witness / as a witness / to/for the witness,B2,0.349,model_predicted
7396,לחמש,to arm,A1,1.0,concordance
7397,לחיסול,for extermination / for elimination / for the extermination / for the elimination,C1,0.617,model_predicted
7398,לאסון,to a disaster / to the disaster,C1,0.389,model_predicted
7399,להיצמד,to get close / to attach / to conjugate,A1,0.711,model_predicted
7400,להתפנות,to be evacuated / to find time,C1,0.426,model_predicted
7401,להפליא,incredibly / wonderfully,B2,0.381,model_predicted
7402,לנשיא,to/for a president / to/for the president,A1,0.584,model_predicted
7403,תמה,finished / completed / innocent / simple (f.s.) / wondered,A1,0.503,model_predicted
7404,תקוע,stuck,B1,0.436,model_predicted
7405,תפוחים,apples / tumid (m.pl.),A1,0.773,model_predicted
7406,ומפקד,and a commander / and the commander of / and a census / and a muster,B2,0.369,model_predicted
7407,ויתר,and the rest,A2,0.344,model_predicted
7408,ולח,and humid,B1,0.387,model_predicted
7409,וראשי,and my head,A1,0.517,model_predicted
7410,שמהם,that [is] from them,A1,0.795,model_predicted
7411,שינו,changed (pl.),A2,0.344,model_predicted
7412,שומרים,guards / keep / guard (v.) / protect (m.pl.),B1,0.39,model_predicted
7413,שוחררו,were released,A1,0.62,model_predicted
7414,שהתרחשה,that happened / that occurred (f.s.),A1,0.795,model_predicted
7415,שנולדו,that were born,A1,0.795,model_predicted
7416,פגישה,meeting,A1,0.614,model_predicted
7417,ערבות,guarantee / bail / surety,C1,0.418,model_predicted
7418,עננים,clouds,B2,0.294,model_predicted
7419,זית,olive,B1,1.0,concordance
7420,חיוניים,essential,B2,0.357,model_predicted
7421,אישיות,personality / personage,C1,0.452,model_predicted
7422,חודר,penetrates / intrudes,C1,0.536,model_predicted
7423,זוגות,pairs / couples,A1,0.456,model_predicted
7424,חקירת,the investigation of / the research of / the inquiry of,B2,0.37,model_predicted
7425,אגדות,fairy tales / legends,B1,0.384,model_predicted
7426,זרמים,currents,B2,0.327,model_predicted
7427,המשפטי,the judicial / the statutory / the forensic,B2,0.464,model_predicted
7428,המעצמות,the great nations,B2,1.0,concordance
7429,המדרגות,the stairs,A2,0.457,model_predicted
7430,השיקום,the rehabilitation / the reconstruction,C1,0.565,model_predicted
7431,הקדום,the ancient,C1,0.314,model_predicted
7432,הקרה,the frost / the cold (f.s.),B2,1.0,concordance
7433,הפיכה,revolution / conversion / turning / inversion,B2,1.0,concordance
7434,הפשוט,the simple,A1,0.651,model_predicted
7435,הפסיקה,stopped / ceased (f.s.),B1,0.423,model_predicted
7436,העננים,the clouds,B2,0.294,model_predicted
7437,הרגו,killed (pl.),B1,0.458,model_predicted
7438,הרג,killed (m.s.),B1,0.458,model_predicted
7439,הצעת,proposal of / suggestion of / offer of,B2,0.32,model_predicted
7440,הסכום,the sum,B2,0.286,model_predicted
7441,דלות,poor (f.pl.),A1,0.487,model_predicted
7442,דקה,minute / thin (f.s.),A1,1.0,concordance
7443,גרועה,bad (f.s.),A1,1.0,concordance
7444,גר,lived / lives (m.s.) / proselyte,A1,0.324,model_predicted
7445,במאות,in hundreds / in the centuries,A1,0.461,model_predicted
7446,בפניה,in front of her / in her presence,B1,1.0,concordance
7447,בעיניו,in his eyes / in his opinion,A1,0.788,model_predicted
7448,בערוץ,on channel,A1,0.418,model_predicted
7449,באירועי,in the events of,B1,0.505,model_predicted
7450,באדום,in red / in the red,A1,0.796,model_predicted
7451,בכיר,senior,B2,1.0,concordance
7452,בכחול,in blue,A1,0.749,model_predicted
7453,בהחלטה,[in] a decision / [in] the decision,B1,0.41,model_predicted
7454,בדיוני,fiction,B2,0.379,model_predicted
7455,בגן,in a garden / in/at a kindergarten / in the garden / in/at the kindergarten,A1,0.684,model_predicted
7456,בגדה,betrayed (f.s.) / her cloth / at the bank / at the shore,A1,1.0,concordance
7457,בטור,in line / in series / in a column / in the line / in the series / in the column,A1,0.553,model_predicted
7458,בנאום,in a speech / in the speech,B1,0.327,model_predicted
7459,רשאים,permitted [to] / allowed [to] (m.pl.),C1,0.371,model_predicted
7460,סיימו,finished (pl.),A1,0.503,model_predicted
7461,סובל,suffers (m.s.),C1,0.371,model_predicted
7462,סוס,horse,A1,0.533,model_predicted
7463,נתפש,was/is caught / was/is perceived (m.s.),A2,0.447,model_predicted
7464,נפוצו,scattered,C1,0.539,model_predicted
7465,נכחו,were present,A1,0.62,model_predicted
7466,מורט,pluck / tear out (m.s.),B2,0.358,model_predicted
7467,ירית,you shot (m.s.) / you shot (f.s.),A1,0.851,model_predicted
7468,כניעה,surrender,C1,0.533,model_predicted
7469,הממוכנת,the mechanized,C1,0.527,model_predicted
7470,הפרצה,the breach / the crack,C1,0.529,model_predicted
7471,הרציחות,the murders,B1,0.435,model_predicted
7472,בארטילריה,with artillery,A1,0.565,model_predicted
7473,לפלישה,for an invasion / for the invasion,B2,1.0,concordance
7474,לנשיאות,for presidency,C1,0.356,model_predicted
7475,הושמד,was destroyed / was exterminated (m.s.),A2,0.447,model_predicted
7476,בפסק,in a verdict / in a judgment / in the verdict / in the judgment / during time out / during intermission,B2,0.377,model_predicted
7477,מבודד,isolated / insulated / insulates (m.s.),C1,0.624,model_predicted
7478,לשיאו,to his/its top / to his/its peak / to his record,A1,0.788,model_predicted
7479,לחייליו,to/for his soldiers,A1,0.788,model_predicted
7480,שתמכו,that/who supported (pl.),A1,1.0,concordance
7481,חזיתית,frontal / head on,B1,0.354,model_predicted
7482,השיט,the cruise,B1,0.394,model_predicted
7483,הסתערו,attacked / stormed (pl.),B2,0.356,model_predicted
7484,הנצרות,Christianity,B2,0.363,model_predicted
7485,נרצח,was murdered (m.s.),A2,0.447,model_predicted
7486,מושבת,village of / colony of,A1,0.697,model_predicted
7487,מטרתה,her/its goal / her/its target,A1,0.819,model_predicted
7488,לארגן,to organize,C1,0.472,model_predicted
7489,לאסור,to forbid / to imprison,C1,0.351,model_predicted
7490,לגיון,legion,C1,0.425,model_predicted
7491,שילמו,paid (pl.),A2,0.474,model_predicted
7492,שהתנגד,that/who resisted / who objected (m.s.),A1,1.0,concordance
7493,כרבע,as a quarter / approximately one quarter,A2,0.43,model_predicted
7494,הלוחמה,the warfare,C1,0.418,model_predicted
7495,התוקף,the validity / the attacker / the assailant,C1,0.609,model_predicted
7496,התקפת,attack of,B1,0.362,model_predicted
7497,הובס,was defeated,A2,0.447,model_predicted
7498,העילית,the upper / the top / that/who stand / that/who are about to / that/who endure / that/who succeed / that/who,A1,1.0,concordance
7499,העומדים,ha'omed / insist on (m.pl.),C1,0.432,model_predicted
7500,האסטרטגיה,the strategy,C1,0.394,model_predicted
7501,הצהוב,the yellow,A1,0.707,model_predicted
7502,דמים,money / fee,A1,0.704,model_predicted
7503,במחוזות,in districts / in the districts,B1,0.324,model_predicted
7504,בניהול,in management / under the management of,B2,1.0,concordance
7505,טון,ton / tone,B1,0.292,model_predicted
7506,ריגול,espionage,C1,0.523,model_predicted
7507,נאסרה,was forbidden / was imprisoned (f.s.),A2,0.447,model_predicted
7508,מתנגדי,the opponents of / the objectors of,B1,0.359,model_predicted
7509,מוכשרים,talented / qualified (m.pl.),B2,0.334,model_predicted
7510,מפלה,defeat / failure / discriminates (m.s.) / discriminates (f.s.),C1,0.407,model_predicted
7511,מארצות,from countries / from the countries of,A1,0.672,model_predicted
7512,מספקת,satisfying / supplies (f.s.),B2,0.339,model_predicted
7513,מנעה,prevented (f.s.),C1,0.5,model_predicted
7514,לאישה,to/for a woman / to/for the woman,A1,0.791,model_predicted
7515,לבירה,to the capital / to a capital / for the beer / for a beer,A2,0.477,model_predicted
7516,תגובת,the response of,B1,0.451,model_predicted
7517,וזהב,and gold,A2,1.0,concordance
7518,והמשיכו,and continued (pl.),B2,0.358,model_predicted
7519,והיתר,and the rest,A2,0.344,model_predicted
7520,שממנו,that from him,A1,0.795,model_predicted
7521,שמטרתה,that her/its goal / that her/its target,A1,0.795,model_predicted
7522,שאיפשרה,that enabled / that facilitated (f.s.),A1,0.795,model_predicted
7523,שהתרחש,that happened / that occurred (m.s.),A1,0.795,model_predicted
7524,שביצע,that/who performed (m.s.),A1,1.0,concordance
7525,פשעים,crimes,B1,0.441,model_predicted
7526,פסקי,verdicts of / judgments of,B2,0.377,model_predicted
7527,המעמדות,the positions / the classes,B1,1.0,concordance
7528,הקלע,the bullet / the sling / the marksman,A2,0.456,model_predicted
7529,דיונים,discussions,A2,0.303,model_predicted
7530,דגמים,models,C1,0.358,model_predicted
7531,במלחמות,in/at wars / in the wars,A2,1.0,concordance
7532,במחוז,in a district / in the district / at his destination,B1,0.324,model_predicted
7533,בעיקרה,mainly / principally,B1,0.344,model_predicted
7534,בספינה,on a ship / on the ship,A2,0.431,model_predicted
7535,טעות,mistake,A2,0.463,model_predicted
7536,רגשות,feelings / emotions,B2,1.0,concordance
7537,סכסוכים,conflicts,B2,0.394,model_predicted
7538,נכלאו,was incarcerated / were caged,A2,0.447,model_predicted
7539,נספו,were killed,A1,0.62,model_predicted
7540,מתקדמת,advances / advanced (f.s.),C1,0.412,model_predicted
7541,משמעותיות,significant (f.pl.),C1,0.444,model_predicted
7542,למקדש,to/for a shrine / to/for a temple / to/for the shrine / to/for the temple,C1,0.481,model_predicted
7543,לעבודות,to/for jobs / to/for the jobs,A1,0.537,model_predicted
7544,לאב,to the father / to a father,A1,0.782,model_predicted
7545,לכלא,to prison,B1,0.338,model_predicted
7546,לרבים,to/for many (m.s.),A1,0.618,model_predicted
7547,לצייר,to paint / to draw,A1,0.569,model_predicted
7548,תורגם,was translated,A2,0.447,model_predicted
7549,ושימשו,and were used for (pl.),A1,0.62,model_predicted
7550,וחסרי,and lacking / and –less (m.pl.),C1,0.465,model_predicted
7551,שכנע,convinced (v.) (m.s.),C1,0.481,model_predicted
7552,שהוקמו,that were established,A1,0.795,model_predicted
7553,שטענו,who claimed / who argued (pl.),A1,1.0,concordance
7554,שנותר,that/who was left (m.s.),A1,1.0,concordance
7555,שנוצרה,that was formed / that was created (f.s.),A1,0.795,model_predicted
7556,שנשלחו,that/who were sent,A1,1.0,concordance
7557,שנאספו,that were collected / that/who gathered,A1,1.0,concordance
7558,חלשים,weak (m.pl.),C1,0.446,model_predicted
7559,אופיו,his character / his nature,A1,0.788,model_predicted
7560,חוזרים,return (m.pl.) / repeat (m.pl.) / repeating / circulars,B2,1.0,concordance
7561,חקלאיים,agricultural (m.pl.),B2,0.284,model_predicted
7562,חקלאית,agricultural / farmer (f.s.),B2,0.284,model_predicted
7563,כספית,mercury,B2,0.337,model_predicted
7564,המשמעות,the meaning,A2,0.281,model_predicted
7565,המשאבים,the resources,B1,0.327,model_predicted
7566,המכילים,that contain (m.pl.),A1,0.795,model_predicted
7567,הקל,alleviated / relieved / eased (m.s.) / the easy / the lightweight,C1,0.595,model_predicted
7568,הקנאים,the fanatics / the jealous people,C1,0.557,model_predicted
7569,ההזדמנות,the opportunity,B2,0.345,model_predicted
7570,הביעו,expressed (pl.),C1,0.536,model_predicted
7571,הטריטוריות,the territories,C1,0.503,model_predicted
7572,דואר,mail,A1,0.602,model_predicted
7573,גאוגרפיה,geography,C1,0.292,model_predicted
7574,במעבר,in a pass / in a transfer / in a transition / in the pass / in the transfer / in the transition,B1,0.305,model_predicted
7575,במערה,in a cave / in the cave,A2,0.313,model_predicted
7576,בפניהם,in front of them / in their presence,B1,1.0,concordance
7577,בכמויות,in amounts of / in quantities of / in large quantities,A2,0.465,model_predicted
7578,בהוראת,under the order of,A2,0.429,model_predicted
7579,רפורמה,reform,C1,0.569,model_predicted
7580,נקבעה,was determined / was fixed / was set (f.s.),A2,0.447,model_predicted
7581,נאסרו,were imprisoned / were forbidden,A1,0.62,model_predicted
7582,מימון,financing,C1,0.513,model_predicted
7583,מועט,little / few / slight (m.s.),A1,0.804,model_predicted
7584,מוסלמיות,Muslim (f.pl.),A2,0.348,model_predicted
7585,משותפים,common / mutual / shared (m.pl.),B1,0.428,model_predicted
7586,משרדים,offices / bureaus / Ministries,A1,0.707,model_predicted
7587,מצביעים,vote / raise a hand / point at / indicate (m.pl.),A1,1.0,concordance
7588,מצביע,votes / raises a hand / points at / indicates (m.s.),A1,1.0,concordance
7589,מסדרת,arranges / organizes (f.s.),C1,0.457,model_predicted
7590,לשדוד,to rob,B1,0.367,model_predicted
7591,לחללי,to the spaces of / to the casualties of,A2,0.514,model_predicted
7592,לגדודים,to/for regiments / to/for the regiments,C1,0.346,model_predicted
7593,תתי,hypo- / sub- / infra- (pl.),B1,0.383,model_predicted
7594,תוארו,were described / his title,A1,0.62,model_predicted
7595,תוכננה,was planned / was designed (f.s.),A2,0.447,model_predicted
7596,והארגון,and the organization,C1,0.345,model_predicted
7597,ששרר,that prevailed,A1,0.795,model_predicted
7598,שפירושה,which meaning is (f.s.),A1,0.768,model_predicted
7599,שחיו,that/who lived (pl.),A1,1.0,concordance
7600,שהתקיימו,that were held / that existed / that survived (pl.),A1,0.795,model_predicted
7601,שהתפתח,that developed,A1,0.795,model_predicted
7602,שהעלה,that/who raised / that/who increased / that/who lifted / that/who brought up (m.s.),A1,1.0,concordance
7603,שטרם,that not yet,A1,0.795,model_predicted
7604,שספרו,that his book / that/who counted / who told,A1,1.0,concordance
7605,שנוסדה,that was founded (f.s.),A1,0.795,model_predicted
7606,עינויים,torture,C1,0.509,model_predicted
7607,עליון,upper / superior (m.s.),B1,0.344,model_predicted
7608,עודף,surplus (adj.) / excess / change (money) (n.),C1,0.6,model_predicted
7609,עונשין,panel,C1,1.0,concordance
7610,אידאולוגית,ideological,C1,0.642,model_predicted
7611,אוניברסיטה,university,A1,0.572,model_predicted
7612,זרועות,arms,A1,1.0,concordance
7613,כס,throne,B2,0.387,model_predicted
7614,המדינית,the political (f.s.),B2,0.325,model_predicted
7615,התעניינות,interest,B2,0.379,model_predicted
7616,התגברות,overcoming,C1,0.633,model_predicted
7617,הועמד,was caused to stand (m.s.),A2,1.0,concordance
7618,השינויים,the changes,A2,0.296,model_predicted
7619,השתלטות,taking control / takeover,B1,1.0,concordance
7620,השווה,the equal,A2,0.353,model_predicted
7621,הקוראן,the Koran,B1,0.276,model_predicted
7622,החוגים,the circles / the social groups / the coteries / the course,A2,0.406,model_predicted
7623,האחראים,the responsible / the people in charge (m.pl.),B1,0.423,model_predicted
7624,האזרחי,the civil,C1,0.367,model_predicted
7625,ההכרזה,the proclamation / the announcement / the declaration,C1,0.578,model_predicted
7626,הדוגמה,the sample / the example,B2,0.375,model_predicted
7627,הדגלים,the flags,A2,0.5,model_predicted
7628,הגירוש,the expulsion / the deportation,C1,0.567,model_predicted
7629,הסימון,the marking,B2,0.36,model_predicted
7630,הנשיפה,the exhalation / the blow,C1,0.435,model_predicted
7631,דרמטי,dramatic (m.s.),B2,0.343,model_predicted
7632,במתן,by giving,B1,0.387,model_predicted
7633,במשותף,in common / in collaboration,B1,0.428,model_predicted
7634,במפרץ,in a bay / in the bay of / in the bay,A2,0.422,model_predicted
7635,במהלכו,during which,B1,0.418,model_predicted
7636,בעשורים,by decades / in the decades,A2,0.312,model_predicted
7637,בחלקה,in part / in her part / in a lot / in the lot,A1,0.578,model_predicted
7638,בכיכובו,starring -,B1,0.429,model_predicted
7639,בהיותה,as she,A1,0.841,model_predicted
7640,בטרור,using terror,B2,1.0,concordance
7641,ברשימה,in the list / in a list,A1,0.673,model_predicted
7642,ציפה,floating / buoyancy / covered / coated / expected (m.s.) / pillow cover,C1,0.423,model_predicted
7643,נמנו,were included [in] / were counted (pl),A1,0.62,model_predicted
7644,נישואים,marriage,A2,0.327,model_predicted
7645,נפרדות,separate / individual (f.pl.),B1,1.0,concordance
7646,נכתבה,was written (f.s.),A2,0.447,model_predicted
7647,נגיעה,touch (n.),B1,0.429,model_predicted
7648,מחתרתי,underground (adj.),B2,0.335,model_predicted
7649,ואדי,and the fumes of / and the vapor of / valley (Arabic),A2,0.331,model_predicted
7650,המדרגה,the stair,A2,0.457,model_predicted
7651,מעפילים,illegal immigrants (to Israel during the British mandate),B2,1.0,concordance
7652,המחתרות,the undergrounds,B2,0.335,model_predicted
7653,הוריה,indication,C1,0.523,model_predicted
7654,אוטובוס,bus,A1,1.0,concordance
7655,השכונות,the neighborhoods,A2,0.342,model_predicted
7656,לשתייה,for drinking,A1,0.609,model_predicted
7657,לקיום,to/for the existence of / to/for the holding of / to/for the fulfillment of,C1,0.55,model_predicted
7658,להסכם,to/for an agreement/contract / to/for the agreement/contract,B1,0.362,model_predicted
7659,אולמות,halls,A2,0.431,model_predicted
7660,ההפלגה,the sail,B1,0.419,model_predicted
7661,ציונה,to Zion,B2,0.266,model_predicted
7662,מכשיר,tool / instrument / qualified (m.s.) / qualifies (m.s.),A2,1.0,concordance
7663,למוסדות,to/for institutes / to/for the institutes,C1,0.489,model_predicted
7664,שמטרתן,which goal / which target (f.),A1,0.768,model_predicted
7665,פתרונות,solutions,B1,0.302,model_predicted
7666,חוגים,circles / social groups / courses,A2,0.406,model_predicted
7667,בנויים,built (m.pl.),A2,0.434,model_predicted
7668,מיקומה,her location,A1,0.819,model_predicted
7669,מחד,on the one hand,A1,1.0,concordance
7670,מצבה,her state / her situation / gravestone,B1,1.0,concordance
7671,לכלל,to all,A1,1.0,concordance
7672,להאריך,to lengthen,C1,0.4,model_predicted
7673,ועבר,and passed / crossed / and went through (m.s.),A2,0.41,model_predicted
7674,וכולל,and includes / and including,A2,0.443,model_predicted
7675,שזכתה,that won (f.s.),A1,0.795,model_predicted
7676,עיוור,blind,B1,1.0,concordance
7677,עידוד,encouragement / support / incentive / boost,C1,0.505,model_predicted
7678,המשמשת,that is used for (m.s.),A1,0.795,model_predicted
7679,הלימוד,the study,A1,0.531,model_predicted
7680,השורש,the root,A2,0.477,model_predicted
7681,הקפלה,the chapel,B1,0.295,model_predicted
7682,הפרטיים,the private (m.pl.),B1,0.324,model_predicted
7683,האיסור,the prohibition / the ban,C1,0.624,model_predicted
7684,הארצי,the earthly / the terrestrial,C1,0.491,model_predicted
7685,ההלכתית,of the Jewish law,A1,0.351,model_predicted
7686,הדדית,reciprocal / mutual,C1,0.568,model_predicted
7687,בשריפה,in the fire / in a fire,A1,0.464,model_predicted
7688,בבחינת,as / like / in the sense of,A1,0.662,model_predicted
7689,ממוקמת,located / situated (f.s.),A2,0.474,model_predicted
7690,ממדים,dimensions,B2,1.0,concordance
7691,מומלץ,recommended,A2,0.374,model_predicted
7692,מושבים,seats / cooperative settlements,A1,0.527,model_predicted
7693,משטחי,planes of / surfaces of / platforms of,A1,0.465,model_predicted
7694,מקבילה,parallel (f.s.),C1,0.452,model_predicted
7695,מחזיק,holds / keeps owns (m.s.),B1,0.412,model_predicted
7696,לפירוק,for dismantling / for decomposing,C1,0.636,model_predicted
7697,להתגורר,to live,B1,1.0,concordance
7698,להגברת,for the increase of / for the amplification of / to strengthen the (pl.),B1,0.332,model_predicted
7699,לטענתו,according to his claim,B1,0.344,model_predicted
7700,ומשמש,and is used for (m.s.),A2,0.393,model_predicted
7701,ובן,and a boy / and a son,A1,0.841,model_predicted
7702,וסיים,and ended,B1,0.44,model_predicted
7703,שחיבר,that/who connected / who wrote (m.s.),A1,1.0,concordance
7704,עשורים,decades,A2,0.312,model_predicted
7705,עבריים,the Hebrews (adj.) (m.pl.),A1,0.355,model_predicted
7706,חכמי,the wise people of,C1,0.452,model_predicted
7707,השנתי,the annual,B2,0.279,model_predicted
7708,הפסידו,lost (pl.),A2,0.485,model_predicted
7709,הדורשים,that/who require / that/who demand (m.pl.),A1,1.0,concordance
7710,הרצף,the continuity / the sequence,C1,0.604,model_predicted
7711,הנביא,the prophet,B2,0.328,model_predicted
7712,דחיית,rejection of / postponement of,C1,0.476,model_predicted
7713,במעין,in a kind of - - / in a spring / in the spring,A1,1.0,concordance
7714,בתאים,in the cells / in cells,A1,0.391,model_predicted
7715,בתאוריה,in theory / in a theory,C1,0.464,model_predicted
7716,בשאלות,in questions / in the questions,A1,0.719,model_predicted
7717,בבתים,in houses / in homes / in/at the houses / in/at the homes,A1,0.817,model_predicted
7718,בדורות,in generations,B1,1.0,concordance
7719,מביאה,brings (f.s.),B1,0.37,model_predicted
7720,ימיו,his days,A1,0.788,model_predicted
7721,עיקרון,principle,C1,0.511,model_predicted
7722,מוקדמים,early / preliminary (m.pl.),A1,0.757,model_predicted
7723,מספריו,his numbers / his scissors / from/of his books,A1,0.788,model_predicted
7724,מנוע,engine,A2,0.577,model_predicted
7725,הפרקים,the chapters,A1,0.464,model_predicted
7726,יוצרת,creates (f.s.) / creator / artist / maker,B2,0.344,model_predicted
7727,להיסטוריה,to history / to the history,A2,0.328,model_predicted
7728,וגידול,and growth / and increase / and tumor,B1,0.318,model_predicted
7729,אחרונות,last (f.pl.),A1,0.685,model_predicted
7730,המדענים,the scientists,B1,0.367,model_predicted
7731,הישויות,the entities,C1,0.595,model_predicted
7732,הפילוסופים,the philosophers,C1,0.563,model_predicted
7733,החוקר,the investigator / the researcher,C1,0.393,model_predicted
7734,האופייני,the characteristic (m.s.),C1,0.587,model_predicted
7735,הזוהר,the glowing / the shining / the glow / the shine,B2,0.353,model_predicted
7736,בגרסה,in a version / in the version,B2,1.0,concordance
7737,טקסטים,texts,A2,1.0,concordance
7738,פזמונים,songs,A1,0.746,model_predicted
7739,אפוקליפסה,apocalypse,C1,0.603,model_predicted
7740,כבמאי,as a director / as the director,A2,0.413,model_predicted
7741,המטפל,the care giver / who treats / who handles (m.s.),A1,1.0,concordance
7742,התקליטים,the records,A2,0.381,model_predicted
7743,הקליניקה,the clinic,B2,0.351,model_predicted
7744,העיצורים,the consonants,C1,0.366,model_predicted
7745,האמנותי,the artistic (m.s.),B1,0.434,model_predicted
7746,ההווה,the present,A1,0.606,model_predicted
7747,הנודד,the wanderer / the migrant,C1,0.385,model_predicted
7748,גיבוריו,his heroes,A1,0.788,model_predicted
7749,בצלים,onions,A2,0.451,model_predicted
7750,בתה,her daughter,A1,0.819,model_predicted
7751,רישומי,records of / sketches of,A2,0.381,model_predicted
7752,מוטיב,motive,C1,0.399,model_predicted
7753,אנושיות,humanism,C1,0.58,model_predicted
7754,המתמטיים,the mathematical (m.pl.),C1,0.354,model_predicted
7755,מלכים,kings,A2,0.422,model_predicted
7756,עזיבתו,his leaving,A1,0.788,model_predicted
7757,התחום,the field / the area / the range,A2,0.409,model_predicted
7758,באות,come (f.pl.),A1,0.832,model_predicted
7759,כותרת,title,A1,0.502,model_predicted
7760,התצוגה,the display,A2,0.4,model_predicted
7761,שיאו,his/its top / his/its peak / his record,A1,0.788,model_predicted
7762,עצמיים,self- / auto- (m.pl.),B2,0.348,model_predicted
7763,האופרה,the opera,A2,0.433,model_predicted
7764,בתעשיית,in the industry of,B2,0.367,model_predicted
7765,מפלצות,monsters,B1,1.0,concordance
7766,למוצר,to/for a product / to/for the product,A2,0.555,model_predicted
7767,למחלת,for the disease of,B1,0.321,model_predicted
7768,לבחון,to examine,B1,0.352,model_predicted
7769,המיתולוגיה,the mythology,C1,0.566,model_predicted
7770,גפן,grapevine,A2,0.35,model_predicted
7771,קידומת,prefix / area code,B2,1.0,concordance
7772,אבלות,mourning,C1,0.387,model_predicted
7773,כחלוץ,as a pioneer / as the pioneer,C1,0.585,model_predicted
7774,השתן,the urine,B2,0.378,model_predicted
7775,החומצה,the acid,A2,0.351,model_predicted
7776,הברירה,the choice / the selection / the option,B1,1.0,concordance
7777,הסייפים,the fencers,B2,0.319,model_predicted
7778,במירוץ,in the race / in a race,A2,0.479,model_predicted
7779,סוכרת,diabetes,B1,0.324,model_predicted
7780,תאיים,cellular (m.pl.) / you will threaten / she/it will threaten,B2,0.406,model_predicted
7781,השריר,the muscle,A2,0.494,model_predicted
7782,לטמפרטורה,to a temperature / to the temperature,A1,0.647,model_predicted
7783,חימום,heating / warming,B1,0.4,model_predicted
7784,להקטין,to reduce / to minimize,B2,0.368,model_predicted
7785,דמוית,-like / -form (f.s.),A1,0.662,model_predicted
7786,ממיני,of kind of / of genders of / of species of,A1,1.0,concordance
7787,האטומים,the atoms / the sealed / the opaue,B2,1.0,concordance
7788,הספרייה,the library,A2,0.43,model_predicted
7789,נגיפים,viruses,A2,0.43,model_predicted
7790,מאכלי,the dishes of,A1,0.571,model_predicted
7791,פליטות,refugees (f.pl.) / survivors (f.pl.) / ejections / discharges,B1,0.321,model_predicted
7792,מוזיאונים,museums,A1,1.0,concordance
7793,מאמינה,believe (f.s.) / believer (f.s.),B1,0.388,model_predicted
7794,ואתן,and you (f.pl.),A1,0.851,model_predicted
7795,אנוס,forced (m.s.),B1,0.386,model_predicted
7796,הזרזיר,the starling,B2,0.343,model_predicted
7797,הרקיע,the sky,A2,0.424,model_predicted
7798,בעדם,in favor of them / through them,B1,0.353,model_predicted
7799,טין,mud,A2,0.413,model_predicted
7800,צודק,correct / right,A1,0.444,model_predicted
7801,מהכלל,of the general / of the rule,B1,1.0,concordance
7802,יעשה,[he] will do / will be done,A1,0.714,model_predicted
7803,יבואו,will come (m.pl.),A1,0.714,model_predicted
7804,תסמונת,syndrome,C1,0.393,model_predicted
7805,ויצאה,and went out / and comes out (m.s.),A1,0.701,model_predicted
7806,והרי,and here is/are / and you see / and the mountains of,A1,0.775,model_predicted
7807,המכתבים,the letters,A1,0.786,model_predicted
7808,הקצה,the tip / the end,A2,0.404,model_predicted
7809,גברת,lady / Mrs. / madam,A1,0.721,model_predicted
7810,באבו,at a tender age,B2,0.387,model_predicted
7811,מבינים,understand (m.pl.),A2,0.31,model_predicted
7812,ללון,to stay overnight,B1,0.36,model_predicted
7813,לאמר,that is to say,A1,0.795,model_predicted
7814,תקוה,hope,B1,0.402,model_predicted
7815,אמש,last night,A1,0.685,model_predicted
7816,הגיר,shed (m.s.) / the chalk / lime,C1,0.399,model_predicted
7817,הרעים,the bad (m.pl.),A1,1.0,concordance
7818,גמור,finished (m.s.),A1,0.503,model_predicted
7819,במקומה,in her place,A1,0.819,model_predicted
7820,ברגל,in the leg / by foot / with a leg,A1,0.752,model_predicted
7821,ריק,empty (m.s.),A2,0.441,model_predicted
7822,סיפרו,told / cut (hair) (pl.) / his book,A1,0.484,model_predicted
7823,נערכת,prepares / makes arrangements / is held (f.s.),B1,0.397,model_predicted
7824,ממשיכים,continue (m.pl.),B1,0.378,model_predicted
7825,מיליונים,millions,A2,1.0,concordance
7826,מקרוב,closely / from near by,B2,0.402,model_predicted
7827,ילדיהם,their children,A1,0.667,model_predicted
7828,לחוש,to feel / to sense / to rush,A1,0.452,model_predicted
7829,לאבד,to lose,A2,0.364,model_predicted
7830,להתערב,to intervene / to interfere / to bet,C1,0.528,model_predicted
7831,להוריד,to take down / to lower / to decrease,A1,0.488,model_predicted
7832,לדרוש,to require / to demand,B1,0.356,model_predicted
7833,והמשיכה,and continued (f.s.),B2,0.358,model_predicted
7834,שמנים,fat (adj.) (m.pl.) / oils,A1,0.471,model_predicted
7835,עמוס,loaded / burdened,B1,0.414,model_predicted
7836,היוקרתי,the prestigious / the exclusive,C1,0.517,model_predicted
7837,היעד,the purpose / the objective / the destination,B2,0.417,model_predicted
7838,התערב,intervened / interfered / bet (m.s.),C1,0.52,model_predicted
7839,הון,capital / wealth,A2,0.477,model_predicted
7840,הוגן,fair,B1,0.314,model_predicted
7841,הפרופסור,the professor,B1,1.0,concordance
7842,הרגשה,feeling / sensation,B2,1.0,concordance
7843,הסוד,the secret,A2,0.366,model_predicted
7844,דקים,thin (m.pl.),B1,0.317,model_predicted
7845,במספרים,in numbers / in the numbers,A1,0.734,model_predicted
7846,בבוז,with contempt,A1,0.565,model_predicted
7847,בצמרת,at the top / at the tree top / at the top of,A2,0.503,model_predicted
7848,מתחלק,divides,C1,0.351,model_predicted
7849,מכתבי,my letter / my letters / the letters of,A1,0.786,model_predicted
7850,מכפי,than / from my palm / from my spoon,A1,0.642,model_predicted
7851,מכבר,long ago,A1,0.78,model_predicted
7852,מהצד,from the side,A1,0.672,model_predicted
7853,מציינים,note / indicate / mark (m.pl.),A2,0.469,model_predicted
7854,מניח,assumes / places,C1,0.531,model_predicted
7855,לשחרר,to liberate / to release,C1,0.405,model_predicted
7856,לאף,to no -- / to a nose / for a nose / to/for the nose,A2,0.317,model_predicted
7857,לזכור,to remember,A1,0.618,model_predicted
7858,לחבר,to add / to connect / to combine / to compose / to write / to/for a friend / to/for the friend,A2,0.431,model_predicted
7859,להקיף,to surround / to encircle,C1,0.374,model_predicted
7860,שביקשו,that asked / that requested (pl.),A1,0.795,model_predicted
7861,פגשה,met (f.s.),A2,0.286,model_predicted
7862,עבים,thick / clouds,B1,0.354,model_predicted
7863,אמיר,treetop,C1,0.314,model_predicted
7864,זקוקה,needs (f.s.),A1,0.739,model_predicted
7865,כתובת,address,A1,0.718,model_predicted
7866,כאיש,as a man / as a person,A1,1.0,concordance
7867,המקצוע,the profession,B1,0.372,model_predicted
7868,המגיע,that arrives / that is deserved,A1,0.795,model_predicted
7869,הזמר,the singer (m.s.) / the song,A2,0.427,model_predicted
7870,האורחים,the guests / the visitors,A1,0.538,model_predicted
7871,האחוריות,the back / the rear (f.pl.),A1,0.553,model_predicted
7872,ההתחלה,the beginning,A2,0.375,model_predicted
7873,הגבעות,the hills,A2,0.421,model_predicted
7874,הצמודה,the attached / the linked / the adjacent (f.s.),B1,0.315,model_predicted
7875,במבט,in a view / in the view,A2,0.345,model_predicted
7876,בבשר,in/with meat / in the meat,A1,0.565,model_predicted
7877,בריאותי,of health (adj.),A1,0.511,model_predicted
7878,נתפסים,are caught / are perceived (m.pl.),A1,0.786,model_predicted
7879,מיהר,hurried / was in a hurry (m.s.),B1,0.368,model_predicted
7880,מינה,appointed,C1,0.456,model_predicted
7881,מוטל,thrown / imposed upon / levied (m.s.),B1,0.496,model_predicted
7882,משימה,task / assignment / mission,B2,1.0,concordance
7883,מעידה,stumble / slip / testifies (f.s.),B2,0.354,model_predicted
7884,מנהגים,customs,B1,0.396,model_predicted
7885,יגיע,will arrive (m.s.),A1,0.714,model_predicted
7886,למאכל,for eating,A1,0.807,model_predicted
7887,למדיניות,to a policy / to the policy,B2,0.381,model_predicted
7888,לירי,lyric,B2,0.405,model_predicted
7889,לתל,to the hill,A2,0.421,model_predicted
7890,לאשר,to approve / to confirm,C1,0.351,model_predicted
7891,להטות,to divert / to conjugate / to tilt,C1,0.402,model_predicted
7892,לרמה,to height / to the level / to the highland / to a level,A2,0.412,model_predicted
7893,לצמצם,to reduce / to minimize,B2,0.368,model_predicted
7894,לצוד,to hunt,A2,0.311,model_predicted
7895,לספרות,to/for literature / to/for the literature / to/for hairdressing / to/for the hairdressing,B1,0.327,model_predicted
7896,תולעים,worms,B1,0.288,model_predicted
7897,ועמו,and with him / and his people,A1,0.565,model_predicted
7898,ועמד,and stood / and was about to / and endured / and succeeded / and insisted on (m.s.),B1,0.399,model_predicted
7899,ועליהם,and on them / and about them,A1,0.744,model_predicted
7900,והודיע,and informed / and announced,C1,0.352,model_predicted
7901,והקימו,and established / and built (pl.),C1,0.426,model_predicted
7902,והחלה,and started (f.s.),A1,0.55,model_predicted
7903,ובכללם,and among them,B2,0.32,model_predicted
7904,שמוצאו,that originated from (m.s.),A1,0.795,model_predicted
7905,שמצאו,that/who found (pl.),A1,1.0,concordance
7906,שיחקה,played (f.s.),A1,0.708,model_predicted
7907,שלילית,negative (f.s.),C1,0.368,model_predicted
7908,שאיננה,that is not / that is not here (f.s.),A1,0.795,model_predicted
7909,שאדם,that a man / that a person,A1,1.0,concordance
7910,שכזה,such / like this (m.),A1,0.431,model_predicted
7911,שבצפון,that is in the north,A1,0.795,model_predicted
7912,שרר,prevailed,C1,0.546,model_predicted
7913,שרצה,that/who wanted (m.s.) / that/who runs,A1,1.0,concordance
7914,שנוי,controversial / in dispute (m.s.),C1,0.509,model_predicted
7915,קריאות,calls,A1,0.71,model_predicted
7916,קרים,cold (pl.),A1,0.721,model_predicted
7917,פיתחו,developed (pl.),B2,0.344,model_predicted
7918,פלג,section / division / stream / creek,B2,1.0,concordance
7919,פעילי,activists of,C1,0.509,model_predicted
7920,פחותה,less / inferior / lesser (f.s.),A1,0.55,model_predicted
7921,פרסמה,published / advertised (f.s.),B1,0.34,model_predicted
7922,חמורים,serious / severe (m.pl.) / donkeys,B1,0.492,model_predicted
7923,זרימת,the flow of,B1,0.382,model_predicted
7924,חסות,protection / patronage,C1,0.399,model_predicted
7925,חסרות,lacking (f.pl.),C1,0.465,model_predicted
7926,המתקיימת,that exists / that takes place / that is held (f.s.),A1,0.795,model_predicted
7927,המתח,the tension / the suspense / the voltage / the trapeze,B2,0.367,model_predicted
7928,המטבע,the coin,A2,0.557,model_predicted
7929,הלהקה,the band,A1,1.0,concordance
7930,הורג,kills (m.s.),B1,0.379,model_predicted
7931,השכל,the mind,A2,0.391,model_predicted
7932,החום,the heat / the fever / the temperature / the brown,A2,0.388,model_predicted
7933,החזיק,held (m.s.),B1,0.559,model_predicted
7934,הארוכות,the long (f.pl.),A1,0.78,model_predicted
7935,הדלק,the fuel,A2,0.516,model_predicted
7936,הבחינו,observed (pl.),C1,0.555,model_predicted
7937,הרשימה,the list,A1,0.673,model_predicted
7938,הרע,the bad,A1,1.0,concordance
7939,הרגילים,the ordinary / the usual / the regular / the experienced / that/who are used to (m.pl.),A1,1.0,concordance
7940,הצלה,rescue,C1,0.367,model_predicted
7941,הסעודה,the meal,A1,0.841,model_predicted
7942,דעתם,their opinion,A1,0.667,model_predicted
7943,גושי,lumps of / blocks of / masses of / regions of,B1,1.0,concordance
7944,גאון,genius,C1,1.0,concordance
7945,גז,gas / shearing,A2,1.0,concordance
7946,במעמד,in a position / [in] a class / [in] a pedestal / at a scene / in the presence of,B1,1.0,concordance
7947,במרוצת,during the,B1,0.418,model_predicted
7948,בכניסה,when entering / at an entrance / at the entrance,A1,0.801,model_predicted
7949,בכנס,at a conference / at the conference,B1,0.353,model_predicted
7950,בדמותו,in his shape of / in his image,A1,0.788,model_predicted
7951,בגדים,clothes,A1,0.753,model_predicted
7952,ברשות,with permission / with the permission of / led by / headed by / in the authority,A1,0.565,model_predicted
7953,ריקה,empty (f.s.),A2,0.441,model_predicted
7954,רוק,saliva,B1,0.333,model_predicted
7955,רעידת,vibration of,C1,0.432,model_predicted
7956,רחבות,wide (f.pl.) / squares,B1,0.345,model_predicted
7957,סופות,storms,B1,0.386,model_predicted
7958,סוכר,sugar,A1,0.516,model_predicted
7959,נמלט,escaped (m.s.),B2,0.328,model_predicted
7960,נוטים,inclined / tend to / tilted (m.pl.),C1,0.605,model_predicted
7961,נסוג,withdrew / retreated (m.s.),C1,0.487,model_predicted
7962,מנהיגיה,her/its leaders,A1,0.819,model_predicted
7963,כמדינה,as a state / as the state,A2,0.303,model_predicted
7964,למרידה,to/for a mutiny / to/for the mutiny,C1,0.519,model_predicted
7965,לפקד,to command,A2,0.506,model_predicted
7966,תביא,you will bring / she will bring,A1,0.851,model_predicted
7967,המינהל,the administration / the management,B2,1.0,concordance
7968,הוראת,order of / instruction of,A2,0.498,model_predicted
7969,בתביעה,in a law suit / in a prosecution / in the law suit / in the prosecution,A2,0.312,model_predicted
7970,בריתה,Brita (a birth party for a girl),A1,1.0,concordance
7971,סוכנים,agents,B2,1.0,concordance
7972,מגנים,defend (m.pl.) / shields,B2,0.371,model_predicted
7973,למצור,to/for a siege / to/for the siege,C1,0.368,model_predicted
7974,להתיישב,to sit / to settle,A1,0.79,model_predicted
7975,ויחידות,and the unit of / and the squad of,A2,0.277,model_predicted
7976,ולהגיע,and to arrive,B1,0.39,model_predicted
7977,ולהביא,and to bring,A1,0.722,model_predicted
7978,והיחסים,and the relations,B2,0.387,model_predicted
7979,והצליח,and succeeded (m.s.),B2,0.354,model_predicted
7980,חיזוי,forecasting / prediction,C1,0.561,model_predicted
7981,חתמה,signed (f.s.),B1,0.372,model_predicted
7982,הועלה,was raised / was lifted / was increased / was brought up (m.s.),A2,0.447,model_predicted
7983,החפירות,the excavation / the digging,C1,0.55,model_predicted
7984,דרומיים,southern (m.pl.),A2,0.393,model_predicted
7985,בשליטה,under control,B1,1.0,concordance
7986,בשושלת,in the dynasty / in a dynasty,C1,0.557,model_predicted
7987,מספרם,their number / from their book,A1,0.667,model_predicted
7988,לתוצאה,to a result / to the result,A2,0.36,model_predicted
7989,תוצאת,the result of / the consequence of,A2,0.36,model_predicted
7990,תכננו,planned / designed (pl.),A2,0.382,model_predicted
7991,ואנשיו,and his people,A1,0.788,model_predicted
7992,ובמזרח,and at the east / and to the east,A2,0.547,model_predicted
7993,שיאפשר,that will enable / that will facilitate (m.s.),A1,0.795,model_predicted
7994,שכזו,such / like this (f.),A1,0.431,model_predicted
7995,קשתות,arches / bows / rainbows / curvatures,C1,0.452,model_predicted
7996,פונו,were evacuated,A1,0.62,model_predicted
7997,כבלתי,"as im-, as in-, as un-, as dis-",B1,0.306,model_predicted
7998,הוכרזה,was proclaimed / was announced / was declared (f.s.),A2,0.447,model_predicted
7999,הפיכת,revolution of / conversion of / turning of / inversion of,B2,1.0,concordance
8000,העשירים,the rich (m.pl.),A2,0.459,model_predicted
8001,ההערכות,the assessments / the estimations / the appreciations / the credits,C1,0.567,model_predicted
8002,הדתיים,the religious (m.pl.),B2,0.359,model_predicted
8003,הציוד,the equipment,A2,0.438,model_predicted
8004,בכסף,with money / with the money,A1,0.565,model_predicted
8005,מתנגדים,resist / object (m.pl.),C1,0.383,model_predicted
8006,מוגברת,enhanced / amplified / strengthened,C1,0.597,model_predicted
8007,מוצב,placed / positioned / posted (m.s.) / post / position (military),A2,1.0,concordance
8008,משיקולים,of considerations / for reasons,B2,0.4,model_predicted
8009,מפות,maps,A2,0.521,model_predicted
8010,מעברו,beyond it / from its other side / his/its pass / his/its transfer,B2,0.332,model_predicted
8011,מסילות,tracks,A2,0.538,model_predicted
8012,יוזמה,initiative / enterprise,C1,1.0,concordance
8013,למפקד,to/for a commander / to/for the commander / to/for a census / to/for a muster / to/for the census / to/for the muster,B2,0.369,model_predicted
8014,לשירות,at the service of / to/for the service,B1,1.0,concordance
8015,לפרסום,to/for a fame / to/for a publication / to/for an advertisement / to/for advertising / to/for the fame / to/for the publication / to/for the advertisement / to/for the advertising / lapirsum / [of],C1,0.422,model_predicted
8016,לזכויות,for/to rights / for/to privileges,A1,0.749,model_predicted
8017,לטווח,to a range / for a [long / short] run,B1,0.372,model_predicted
8018,והחברה,and the company / and the society,A2,0.465,model_predicted
8019,ובהתאם,and accordingly,C1,0.494,model_predicted
8020,שהתקבלה,that was received / that was accepted (f.s.),A1,0.795,model_predicted
8021,פעילה,active / activist (f.s.),B2,0.308,model_predicted
8022,אירעה,happened / occurred (f.s.),A1,0.438,model_predicted
8023,אחריות,responsibility,B2,0.352,model_predicted
8024,אזרחיים,civilian / civil (m.pl.),C1,0.386,model_predicted
8025,זנים,species / feed (m.pl.),C1,0.394,model_predicted
8026,כוחה,her power / her force / her strength,A1,0.819,model_predicted
8027,כניסה,entrance,B1,0.355,model_predicted
8028,כנגדם,against / contrary to / in exchange to,B2,0.346,model_predicted
8029,המיועד,the intended / the designated,B1,0.394,model_predicted
8030,המודרניים,the modern (m.pl.),A2,0.417,model_predicted
8031,המרכיבות,that assemble / that constitute (f.pl),A1,0.795,model_predicted
8032,התכוון,meant / intended (m.s.),A2,0.319,model_predicted
8033,הושפעו,were influenced / were affected,A1,0.62,model_predicted
8034,הוכח,has been proved (m.s.),A2,0.432,model_predicted
8035,השמדת,destroy of / extermination of / you destroyed (m.s.) / you destroyed (f.s.),B2,0.379,model_predicted
8036,הענקית,the huge / the giant (f.s.),A2,0.381,model_predicted
8037,האחריות,the responsibility,B2,0.352,model_predicted
8038,החברתיים,the social (m.pl.),B1,0.355,model_predicted
8039,הגנת,defense of,B2,0.371,model_predicted
8040,הרמות,the heights / the levels,A2,0.412,model_predicted
8041,הצביעו,voted / raised their hand / pointed at / indicated (pl.),A1,1.0,concordance
8042,הצטרפות,joining,B2,0.384,model_predicted
8043,הספיקו,were sufficient / were adequate / met the deadline,A1,0.62,model_predicted
8044,הנמוכות,the low / the short (f.pl.),A2,0.406,model_predicted
8045,באיי,on/in the islands of,A2,0.383,model_predicted
8046,צירוף,combination / addition,B2,0.4,model_predicted
8047,נבע,stemmed from / derived from / spouted,B2,0.291,model_predicted
8048,ממתכת,[made] of metal,A1,0.448,model_predicted
8049,ממחצית,[of] half,A1,0.445,model_predicted
8050,מיקומו,his location,A1,0.788,model_predicted
8051,מתאימה,suitable / appropriate / applicable / identical (f.s.),C1,0.375,model_predicted
8052,מוצגות,are introduced / are displayed / are presented / are exhibited (f.pl.),A1,0.786,model_predicted
8053,משמשות,are used for (f.pl.),A1,0.786,model_predicted
8054,מכריע,decisive / crucial (m.s.),C1,0.495,model_predicted
8055,מגיעות,arrive (f.pl.),B1,0.39,model_predicted
8056,מגעים,contacts / touch,A2,0.4,model_predicted
8057,מרווח,gap / spaced,B2,0.356,model_predicted
8058,מראשי,from my head / of/from the leaders of,A1,0.672,model_predicted
8059,מנהיגים,leaders,B1,0.287,model_predicted
8060,יורשו,his heir / his successor,A1,0.788,model_predicted
8061,למוזיקה,to/for music / to/for the music,A1,0.736,model_predicted
8062,למערכות,to/for systems / to/for editorial boards / to/for fights / to/for campaigns / to/for the systems / to/for the editorial boards / to/for the fights / to/for the campaigns / to/for the systems of / to/for the editorial boards of / to/for the fights of / to/for the / lema'arkhot / campaigns of,B1,1.0,concordance
8063,לתוצאות,to/for results / to/for the results / to/for the results of,A2,0.36,model_predicted
8064,לשיקום,for rehabilitation / for reconstruction / for the rehabilitation / for the reconstruction,C1,0.565,model_predicted
8065,לשידור,to/for the broadcast / to/for a broadcast,B1,0.408,model_predicted
8066,לשונו,his tongue / his language,A1,0.788,model_predicted
8067,לקה,was stricken / was beaten,A2,0.447,model_predicted
8068,לכונן,to establish,C1,0.473,model_predicted
8069,להמשך,for later,A1,0.689,model_predicted
8070,להפגין,to demonstrate,C1,0.477,model_predicted
8071,להפריד,to separate,B1,1.0,concordance
8072,לגרש,to expel / to deport,C1,0.456,model_predicted
8073,לרשימת,to the list of,A1,0.673,model_predicted
8074,לרעה,adversely / for the worse,C1,0.571,model_predicted
8075,לסירוגין,alternately / intermittently,C1,0.487,model_predicted
8076,תיירים,tourists,A2,1.0,concordance
8077,תרשים,sketch / chart / graph,B2,1.0,concordance
8078,וייתכן,and it is possible / and perhaps / and possibly,A2,0.409,model_predicted
8079,ויצר,and created / and made (m.s.),B1,0.388,model_predicted
8080,ואינה,and is not / and is not here (f.s.),A1,0.569,model_predicted
8081,וזכתה,and won (f.s.),A2,0.499,model_predicted
8082,והאמנות,and the art,A1,0.624,model_predicted
8083,והביאו,and brought (pl.),A1,0.596,model_predicted
8084,ובא,and came (m.s.),A1,0.759,model_predicted
8085,ונאלץ,and was forced / and was compelled,A2,0.447,model_predicted
8086,שלטונם,their rule / their reign,A1,0.667,model_predicted
8087,שתוכנן,which content (f.pl.),A1,0.768,model_predicted
8088,שאליה,that to her,A1,0.795,model_predicted
8089,שבתחילה,that at first / that at the beginning,A1,0.795,model_predicted
8090,פופולרית,popular (f.s.),B1,0.413,model_predicted
8091,פעילים,activists,C1,0.509,model_predicted
8092,פעילויות,activities,B1,0.432,model_predicted
8093,עתיקים,ancient / old (m.pl.),C1,0.314,model_predicted
8094,ערכי,values of / ideological / my value,B2,0.31,model_predicted
8095,איזון,balance,B2,0.343,model_predicted
8096,אירעו,happened / occurred (pl.),A1,0.438,model_predicted
8097,חבלי,throes of / ropes of,B2,0.377,model_predicted
8098,כתובה,written (f.s.) / Jewish marriage contract,A1,0.551,model_predicted
8099,כונתה,was named (f.s.),A2,0.447,model_predicted
8100,כניסתו,his entrance,A1,0.788,model_predicted
8101,המושבים,the cooperative settlements / the seats / the sessions,C1,0.539,model_predicted
8102,המשתמשים,that/who use (m.pl.) / the users,A1,1.0,concordance
8103,המפורסמת,the famous / the well known (f.s.),A2,0.399,model_predicted
8104,המעטים,the few,A1,0.538,model_predicted
8105,המאוחר,the late / the later,A1,0.812,model_predicted
8106,המבוססים,the well established / the well based / that are based [on] (m.pl.),A1,0.773,model_predicted
8107,הלאומיות,the national (f.pl.) / the nationality / the patriotism,A2,1.0,concordance
8108,התקופות,the periods,A2,0.396,model_predicted
8109,השמאלי,the left (adj.) / the left handed (m.s.),A1,0.619,model_predicted
8110,הקתדרלה,the cathedral,B1,0.297,model_predicted
8111,הקשות,the difficult / the hard (f.pl.),A2,0.394,model_predicted
8112,הפלדה,the steel,A2,0.523,model_predicted
8113,הפופולרי,the popular (m.s.),B1,0.413,model_predicted
8114,האופי,the character / the nature,B1,0.372,model_predicted
8115,הכלכליים,the economic (m.pl.),B2,0.354,model_predicted
8116,הכנסות,income,B2,0.29,model_predicted
8117,ההרוגים,the casualties,C1,0.46,model_predicted
8118,הציבוריים,the public (m.pl.),B1,0.421,model_predicted
8119,הנמוכים,the low / the short (m.pl.),A2,0.406,model_predicted
8120,הנחת,the satisfaction / the complacence / the laying [of] / the Marine Corps member,B1,0.391,model_predicted
8121,גילויים,discoveries,C1,0.515,model_predicted
8122,גופתו,his body / his corpse,A1,0.788,model_predicted
8123,בלוחות,on boards / on the boards of / on the boards,A2,0.429,model_predicted
8124,בשנותיה,in her years,A1,0.819,model_predicted
8125,בעודם,while they,A1,0.621,model_predicted
8126,בחיילים,with/among soldiers / with/among the soldiers,A1,0.565,model_predicted
8127,בביקור,[in] a visit / visiting,A1,0.516,model_predicted
8128,בבעיות,[in] problems / [in] the problems,A1,1.0,concordance
8129,ראשים,heads,A1,0.517,model_predicted
8130,רהיטים,furniture,A1,0.475,model_predicted
8131,ציודם,their equipment,A1,0.667,model_predicted
8132,צפייה,watch / observation,A1,0.795,model_predicted
8133,ספג,absorbed / blotted (m.s.),C1,0.512,model_predicted
8134,ניסח,phrased (m.s.),C1,0.448,model_predicted
8135,לרצח,to the murder / to a murder,B1,0.435,model_predicted
8136,תקנות,regulations / rules / remedies,C1,0.533,model_predicted
8137,שנרצחו,who were murdered,A1,1.0,concordance
8138,ערוצים,channels,A1,0.418,model_predicted
8139,חרות,freedom,C1,0.45,model_predicted
8140,ההכשרה,the training,B1,0.388,model_predicted
8141,גורדי,scrapers of,B2,0.371,model_predicted
8142,מיהודי,from a Jew,A1,0.672,model_predicted
8143,מסי,taxes of / my taxes,A2,0.309,model_predicted
8144,למשימות,to/for tasks / to/for assignments / to/for missions / to/for the tasks / to/for the assignments / to/for the missions,B2,1.0,concordance
8145,לגדוד,to/for a regiment / to/for the regiment,C1,0.346,model_predicted
8146,פועלו,his deeds,A1,0.788,model_predicted
8147,חורבן,ruin / destruction,C1,0.51,model_predicted
8148,השירותים,the services / the toilets,B1,1.0,concordance
8149,הקהילות,the communities,B1,0.337,model_predicted
8150,הגרדום,the gallows,B2,0.366,model_predicted
8151,דחפורי,the bulldozers of,B2,0.328,model_predicted
8152,במאורעות,in events / in the events / in the events of,B1,0.505,model_predicted
8153,סלעי,rocky,B1,0.317,model_predicted
8154,משקעים,precipitate / sediments,C1,0.532,model_predicted
8155,ליישוב,to/for a settlement / to settle / to/for the settlement,C1,0.501,model_predicted
8156,לתעשייה,for industry / for the industry,B2,0.367,model_predicted
8157,תערוכות,shows / exhibitions,A1,0.682,model_predicted
8158,הכלליים,the general (m.pl.),B1,1.0,concordance
8159,הגבורה,the heroism / the bravery,C1,0.535,model_predicted
8160,הבולטות,the protruding / that stand out (f.pl.),A2,1.0,concordance
8161,מובא,is brought (m.s.),A1,0.596,model_predicted
8162,מכוונת,directs / adjusts / tunes (f.s.) / intentional / adjusted / tuned (f.s.),C1,0.456,model_predicted
8163,מגדלי,towers of,A2,0.454,model_predicted
8164,תחנה,station,A1,1.0,concordance
8165,שבילי,paths of,A2,0.481,model_predicted
8166,כתגובה,in response,B1,0.451,model_predicted
8167,המשכיות,continuity,C1,0.604,model_predicted
8168,הלשכה,the chamber / the office,B2,0.329,model_predicted
8169,הריסה,demolition / destruction,C1,0.577,model_predicted
8170,בבשורה,in the news,A1,0.623,model_predicted
8171,רבנים,rabbis,B2,0.304,model_predicted
8172,מחולקת,divided / split (f.s.),C1,0.45,model_predicted
8173,לתאוריה,to/for the theory / to/for a theory / for planning / for a design / for a layout / for the planning of / for the design of / for the,B1,1.0,concordance
8174,לתכנון,letikhnun / layout of / for the planning / for the design / for the layout,B1,1.0,concordance
8175,לוותה,borrowed / took a loan (f.s.),C1,0.432,model_predicted
8176,תיכון,middle (m.s.) / median (m.s.) / high school / Mediterranean (sea),A2,0.418,model_predicted
8177,תלמוד,Talmud / learning,C1,0.465,model_predicted
8178,תושביה,its residents,A1,0.823,model_predicted
8179,תוספות,additions / supplements,C1,0.341,model_predicted
8180,תצורה,configuration / formation,C1,0.546,model_predicted
8181,שמספר,that/who tells / that a number / that a few,A1,1.0,concordance
8182,שבמהלכו,that during it,A1,0.795,model_predicted
8183,שבירה,breaking / fragile (f.s.),B2,0.341,model_predicted
8184,שנבנתה,that was built (f.),A1,0.795,model_predicted
8185,קרוי,is called (m.s.),A1,0.664,model_predicted
8186,פרויקטים,projects,A2,0.403,model_predicted
8187,אטומי,atomic / atoms of,B2,1.0,concordance
8188,כחבר,as a friend,A1,0.768,model_predicted
8189,המאפיין,the characteristic / that characterizes,C1,0.587,model_predicted
8190,הכותב,the writer / the author,A1,0.471,model_predicted
8191,גירוש,expulsion / deportation,C1,0.567,model_predicted
8192,גופני,physical,B1,0.444,model_predicted
8193,בתיאטרון,in/at a theater / in/at the theater,A2,0.335,model_predicted
8194,בתחנת,at the station of,A1,1.0,concordance
8195,בעשור,by a decade / in the decade,A2,0.312,model_predicted
8196,בדברי,in what I said / in what [X] said,A1,0.776,model_predicted
8197,ספיר,sapphire / countable,B2,0.297,model_predicted
8198,משלים,complementary / proverbs / allegories,C1,0.591,model_predicted
8199,מבוססות,well established / well based / are based on (f.pl.),A1,0.773,model_predicted
8200,ייבוש,drying,B2,0.403,model_predicted
8201,למיתוס,to a myth / to the myth,C1,0.502,model_predicted
8202,לירידה,to/for going down / to/for coming down / to/for a descent / to/for a decrease / to/for the going down / to/for the coming down / to/for the descent / to/for the decrease,A1,0.708,model_predicted
8203,לבדיקה,for examination / to/for the examination,B2,0.393,model_predicted
8204,תפקודו,his function,A1,0.788,model_predicted
8205,ומקומות,and places,A1,0.561,model_predicted
8206,ובתו,and his daughter,A1,0.788,model_predicted
8207,שלעיל,the aforementioned,C1,0.487,model_predicted
8208,שורשי,fundamental / deep rooted / roots of / my roots,C1,0.473,model_predicted
8209,שהפכו,that inverted / that converted / that turned / that become / that transformed (pl.),A1,0.795,model_predicted
8210,פסיכולוגים,psychologists,C1,0.445,model_predicted
8211,עומק,depth,C1,0.516,model_predicted
8212,חלוקות,divisions,B2,1.0,concordance
8213,אטומים,atoms / sealed / opaque (m.pl.),B2,1.0,concordance
8214,המשקל,the weight / the scale,A1,0.432,model_predicted
8215,התפקידים,the roles / the duties / the capacities,B1,0.431,model_predicted
8216,התגורר,lived / dwelt (m.s.),A1,0.324,model_predicted
8217,השורה,the line,A1,0.553,model_predicted
8218,הקשורה,that is tied / that is linked / that is connected (f.s.),A1,0.795,model_predicted
8219,הקדמון,the prehistoric / the ancient / the primitive (m.s.),C1,1.0,concordance
8220,העשיר,the rich (m.s.) / enriched (m.s.),A2,0.459,model_predicted
8221,החלל,the space,A2,0.514,model_predicted
8222,הבמה,the stage,B1,0.447,model_predicted
8223,הבדיוני,the fiction,B2,0.379,model_predicted
8224,הצמיחה,the growth,B1,0.318,model_predicted
8225,במלואה,to its full (f.s.),A1,0.823,model_predicted
8226,במדליית,[in] the medal of,B1,0.371,model_predicted
8227,ביניים,mid / middle / intermediate,B1,0.349,model_predicted
8228,בתאי,in the cells of / in my cell,A1,0.391,model_predicted
8229,בשכונת,in the neighborhood of,A2,0.342,model_predicted
8230,בחברת,in the company of / in the society of,A2,0.465,model_predicted
8231,עירייה,municipality,C1,0.289,model_predicted
8232,חוג,circle / social group / course,A2,0.406,model_predicted
8233,בטון,concrete,B1,0.317,model_predicted
8234,לכהן,to serve [as] / to hold office,A2,0.466,model_predicted
8235,מוסלמית,Muslim (adj.) (f.s.),A2,0.348,model_predicted
8236,קבועים,constant / fixed / regular / permanent (m.pl.),C1,0.396,model_predicted
8237,הפרטית,the private (f.s.),B1,0.324,model_predicted
8238,תפילת,prayer of,B2,0.396,model_predicted
8239,שבעל,that an owner / that a husband,A1,0.795,model_predicted
8240,ממלא,fills (m.s.),A1,0.609,model_predicted
8241,שעבד,that/who worked,A1,1.0,concordance
8242,כוללות,include (f.pl.),A2,0.419,model_predicted
8243,כותבי,the writers of / the authors of,A1,0.471,model_predicted
8244,השיטות,the methods,B1,0.354,model_predicted
8245,הפרסום,the fame / the publication / the advertisement / the advertising,C1,0.422,model_predicted
8246,במישור,on a plane / on a level / on the plane of / on the level of / on the plane / on the level,A1,0.465,model_predicted
8247,תאורה,illumination / lightning,C1,0.502,model_predicted
8248,תרומת,donation of / contribution of,B2,0.393,model_predicted
8249,והוביל,and led / and transported (m.s.),A2,0.357,model_predicted
8250,שודר,was broadcast (m.s.),A2,0.447,model_predicted
8251,חיצוני,external,B1,0.354,model_predicted
8252,המופיעה,that/who appears / that/who performs (f.s.),A1,1.0,concordance
8253,הפופולרית,the popular (f.s.),B1,0.413,model_predicted
8254,הכתב,the writing (n.) / the reporter,B1,1.0,concordance
8255,הבסיסיות,the basic (f.pl.),B1,1.0,concordance
8256,הנחשב,that is considered,A1,0.795,model_predicted
8257,בתרופות,in/with the medications / in/with the drugs / in/with medications / in/with drugs,A1,0.565,model_predicted
8258,בפרקים,in chapters / in joints / in the chapters / in the joints,A1,0.464,model_predicted
8259,בנם,their son,A1,0.667,model_predicted
8260,ספיקת,capacity of / flow of / discharge of,C1,0.521,model_predicted
8261,מטופלת,patient / is taken care of (f.s.),B1,0.345,model_predicted
8262,לשוניים,linguistic (pl.),C1,0.394,model_predicted
8263,המפיק,the producer / that/who produces,A1,1.0,concordance
8264,המילולי,the verbal / the literal,B2,0.36,model_predicted
8265,לסרטן,to crab / to cancer / to/for the crab / to/for the cancer,B1,0.352,model_predicted
8266,זוגי,even / dual / for two,C1,1.0,concordance
8267,המתקיים,that exists / that takes place / that is held (m.s.),A1,0.795,model_predicted
8268,הניב,produced / yielded / the idiom / the tusk,B2,1.0,concordance
8269,טכניקות,techniques,B2,0.391,model_predicted
8270,שגילה,that/who discovered,A1,1.0,concordance
8271,טעויות,mistakes,A2,0.463,model_predicted
8272,לענפים,to/for branches / to/for fields / to/for the branches / to/for the fields,B2,0.299,model_predicted
8273,פירמידה,pyramid,C1,0.312,model_predicted
8274,חלל,space,A2,0.514,model_predicted
8275,ממדי,dimensions of,B2,1.0,concordance
8276,מסייעת,assists / helps (f.s.),B1,0.37,model_predicted
8277,אקולוגית,ecologic,C1,0.561,model_predicted
8278,המשמשות,that are used for (f.pl.),A1,0.795,model_predicted
8279,המכילות,that contain (f.pl.),A1,0.795,model_predicted
8280,מתפרק,falls apart / decomposed (m.s.),A2,1.0,concordance
8281,אלת,goddess of,C1,0.416,model_predicted
8282,התפתחותית,developmental,C1,0.547,model_predicted
8283,זקוקים,need (m.pl.),A1,0.739,model_predicted
8284,הגדלים,that grow (m.s.),A1,0.795,model_predicted
8285,למינים,to/for kinds / to/for species / to/for genders / to/for the kinds / to/for the species / to/for the genders,A1,1.0,concordance
8286,שריפות,fires,A1,0.464,model_predicted
8287,להכנת,for the preparation of,B1,0.352,model_predicted
8288,אופטית,optical,B2,0.353,model_predicted
8289,המסה,dissolving,C1,0.605,model_predicted
8290,חולות,sands,B1,1.0,concordance
8291,בנגיף,in/with a virus / in/with the virus,A1,0.565,model_predicted
8292,שאלתי,I asked / I borrowed,A1,0.679,model_predicted
8293,ממעל,from above,A1,0.672,model_predicted
8294,משרות,jobs / positions / marinades (n.),B1,1.0,concordance
8295,מעודי,I never / ever since,A2,0.401,model_predicted
8296,מזלי,my luck,A2,0.49,model_predicted
8297,מכם,from you (m.pl.),A1,0.672,model_predicted
8298,מטתי,my bed,A1,0.816,model_predicted
8299,למשול,to govern,C1,0.406,model_predicted
8300,תיכף,immediately / shortly,B1,0.367,model_predicted
8301,תפוש,occupied (m.s.),C1,0.439,model_predicted
8302,ויפה,and pretty / and good (m.s.) / and pretty / and good (f.s.),A1,0.687,model_predicted
8303,וֹאמר,and says (m.s.) / and a saying (n.) / and I will say,A1,0.734,model_predicted
8304,ופתאם,and suddenly,B2,0.394,model_predicted
8305,וחוץ,and out,A1,0.469,model_predicted
8306,ואשים,and I will put,A1,0.714,model_predicted
8307,ואשוב,and I will return,A1,0.714,model_predicted
8308,וארוץ,and I will run,A1,0.714,model_predicted
8309,ואצחק,and I will laugh,A1,0.714,model_predicted
8310,ואנחנו,and we / and us,A1,0.312,model_predicted
8311,שלשולים,diarrhea (pl.) / earthworms,C1,0.302,model_predicted
8312,שוה,equals (m.s.),A2,0.353,model_predicted
8313,פרוטה,dime / penny,B1,1.0,concordance
8314,עוקץ,sting / stings (m.s.),B2,0.393,model_predicted
8315,עפה,flew (f.s.),B1,0.413,model_predicted
8316,עברים,sides / Hebrew people,A2,0.47,model_predicted
8317,חתיכה,piece,A2,0.523,model_predicted
8318,חוטים,wires,B1,0.341,model_predicted
8319,חשתי,I felt / I rushed,A2,0.327,model_predicted
8320,אחור,back / backward / rear,A1,0.553,model_predicted
8321,אגיד,I will say,A1,0.714,model_predicted
8322,חרש,quietly / deaf,B2,0.353,model_predicted
8323,כתבתי,I wrote,A1,0.465,model_predicted
8324,הלז,this one,A1,0.788,model_predicted
8325,הענינים,the matters,A2,0.369,model_predicted
8326,הזחל,the caterpillar,C1,0.448,model_predicted
8327,הכנימות,the aphids,C1,0.477,model_predicted
8328,הגונה,decent / honest (f.s.),B1,0.297,model_predicted
8329,הבתה,the waste land,B2,0.38,model_predicted
8330,הניר,the plowed field,B2,0.351,model_predicted
8331,דומני,I think,A1,0.492,model_predicted
8332,בקפיצה,[by] jumping,B1,0.482,model_predicted
8333,בעשב,in the grass / in the weed,A1,0.535,model_predicted
8334,בכפי,in my palm / in my spoon,A1,0.508,model_predicted
8335,בנפשך,[with] your soul / at the risk of your life (something very important) (m.s.) / [with] your soul / at the risk of your life (something very important) (f.s.),A1,0.565,model_predicted
8336,בנחת,calmly / peacefully,B2,0.345,model_predicted
8337,נעזב,was left (m.s.),A2,0.447,model_predicted
8338,נאנחה,moaned (f.s.),C1,0.378,model_predicted
8339,נגשתי,I approached,B2,0.387,model_predicted
8340,מפי,from the mouth of / from my mouth,A1,0.672,model_predicted
8341,מכף,from a palm / from the palm of / from a spoon,A1,0.672,model_predicted
8342,מניות,stocks,A2,0.372,model_predicted
8343,לבכות,to cry,A1,0.357,model_predicted
8344,תענוג,pleasure,B1,0.449,model_predicted
8345,והיער,and the forest,A1,0.401,model_predicted
8346,שוטר,policeman,A2,0.378,model_predicted
8347,שקר,lie,B1,0.396,model_predicted
8348,שעלינו,that is/are on us / that is/are about us (m.s.) / that we went up / that we climbed,A1,0.795,model_predicted
8349,איומה,terrible / horrible (f.s.),B1,0.384,model_predicted
8350,חתן,bridegroom / laureate,C1,0.431,model_predicted
8351,אושפז,was hospitalized (m.s.),A2,0.447,model_predicted
8352,כדרכי,as I usually do,A2,0.478,model_predicted
8353,המרתף,the cellar / the basement,B2,0.373,model_predicted
8354,הייתם,you were (m.p.),A1,0.851,model_predicted
8355,הילדה,the child / the girl,A1,0.862,model_predicted
8356,הלוך,forth,B1,0.336,model_predicted
8357,האבק,the dust,B2,0.346,model_predicted
8358,הסבירה,explained (f.s.) / the reasonable / the likely (f.s.),B1,0.326,model_predicted
8359,גוי,gentile / nation,B2,1.0,concordance
8360,בקן,in a nest / in the nest,B2,0.296,model_predicted
8361,צעדי,steps of,A2,0.422,model_predicted
8362,נפלא,wonderful,A2,0.39,model_predicted
8363,נהדר,wonderful,A2,0.39,model_predicted
8364,מרעב,of hunger,B1,1.0,concordance
8365,יורשה,will be allowed,A1,0.714,model_predicted
8366,לעיני,in front of / to my eye,B1,1.0,concordance
8367,תושב,resident,C1,0.443,model_predicted
8368,תעשה,you will do / she will do,A1,0.851,model_predicted
8369,ולבקש,and to ask / and to request,A1,0.737,model_predicted
8370,ורד,rose,B1,1.0,concordance
8371,עושות,do (f.pl.),B2,0.385,model_predicted
8372,אחריהן,after them (f.),A1,0.511,model_predicted
8373,כואב,painful,B1,0.469,model_predicted
8374,המיון,the classification / the categorization,C1,0.609,model_predicted
8375,היודע,that/who knows,A1,1.0,concordance
8376,השמירה,the guarding / the protection,C1,0.447,model_predicted
8377,הגולם,the dummy / the stupid / the cocoon,C1,0.408,model_predicted
8378,הבתולה,the virgin,B2,0.322,model_predicted
8379,במנוחה,at rest,A2,0.344,model_predicted
8380,בלילות,in nights / in the nights / at night,A1,0.86,model_predicted
8381,בקולו,in his voice,A1,0.788,model_predicted
8382,רעות,bad (f.pl.) / friendship,A1,1.0,concordance
8383,מוכנות,ready / prepared / willing (f.pl.),A1,0.535,model_predicted
8384,מהמקום,from the place,A1,0.672,model_predicted
8385,מהעולם,from the world,A1,0.672,model_predicted
8386,ידעה,knew (f.s.),A1,0.632,model_predicted
8387,להותיר,to leave,A1,0.682,model_predicted
8388,לצחוק,to laugh,A1,0.661,model_predicted
8389,ומטה,and down / and tilts / and diverts (m.s.) / and a stick / and a bed,A2,0.353,model_predicted
8390,ולילה,and night,A1,0.86,model_predicted
8391,וכולם,and everybody,A1,0.679,model_predicted
8392,ובגלל,and because,A1,0.448,model_predicted
8393,שמח,glad / happy (m.s.) / was glad / was happy (m.s.),A1,0.468,model_predicted
8394,קנים,nests,B2,0.296,model_predicted
8395,חושבים,think (m.pl.),A1,0.492,model_predicted
8396,אוחז,holds (m.s.),B1,0.412,model_predicted
8397,כרוב,cabbage / angel,A2,0.353,model_predicted
8398,המת,the deceased / the dead (m.s.),B2,0.314,model_predicted
8399,המאמר,the article / the saying,A1,0.707,model_predicted
8400,המכשיר,the instrument / the tool,A2,1.0,concordance
8401,היושב,the sitting / that sits,A1,0.755,model_predicted
8402,היכה,beat / hit,B1,0.383,model_predicted
8403,הואיל,since / was willing (m.s.),A1,0.351,model_predicted
8404,הזר,the foreign / the stranger (m.s.),A2,0.465,model_predicted
8405,הרימו,lifted (pl.),B1,0.318,model_predicted
8406,הציעה,proposed / suggested / offered (f.s.),C1,0.414,model_predicted
8407,הניע,moved (m.s.),A2,0.434,model_predicted
8408,בזעם,angrily,B2,0.364,model_predicted
8409,סיפרה,told / cut (hair) (f.s.) / her book / digit,A1,0.484,model_predicted
8410,סתם,just / casual / simple / blocked / plugged (m.s.),A1,0.684,model_predicted
8411,סוללות,batteries / pave (f.pl.),A2,0.406,model_predicted
8412,נוכל,crook / we will be able,B2,0.323,model_predicted
8413,נשארה,stayed / remained (f.s.),B1,0.356,model_predicted
8414,נבון,clever / intelligent,A1,1.0,concordance
8415,מינויו,his appointment,A1,0.788,model_predicted
8416,מתוכן,out of them / from inside them (f.),A1,0.469,model_predicted
8417,משק,economy / farm / noise,B2,0.344,model_predicted
8418,מטבעות,coins,A2,0.557,model_predicted
8419,ישוב,will return,A1,0.714,model_predicted
8420,לתוכו,into him/it,A2,0.293,model_predicted
8421,לתור,[to] a line / [to] the line / to explore / to tour / to inquire,A2,1.0,concordance
8422,לחברי,to the friends of / to the members of,A1,0.768,model_predicted
8423,להתקרב,to approach / to get close,B2,0.349,model_predicted
8424,להתאבד,to commit suicide,B2,0.385,model_predicted
8425,לראותו,to see him/it (m.s.),A1,0.805,model_predicted
8426,תשובה,answer / reply / return / repentance,A1,0.72,model_predicted
8427,ועתה,and now,A1,0.694,model_predicted
8428,ובמהרה,and soon,A1,0.645,model_predicted
8429,וביקשו,and asked / and requested (pl.),A1,0.679,model_predicted
8430,ובאותו,in/at the same (m.s.),A1,0.685,model_predicted
8431,שקורה,that happens / that occurs / that a beam,A1,0.795,model_predicted
8432,שחרורו,his release,A1,0.788,model_predicted
8433,שריד,remnant / survivor (m.s.),C1,0.539,model_predicted
8434,שררה,rule / power,B1,0.389,model_predicted
8435,שנתי,annual / my sleep,B2,0.279,model_predicted
8436,פרלמנטרית,parliamentary (f.s.),C1,0.354,model_predicted
8437,אשכנזי,Ashkenazi (Jew from Europe),C1,0.475,model_predicted
8438,כבעבר,as in the past / as previously,A2,0.413,model_predicted
8439,כנפיו,his wings,A1,0.788,model_predicted
8440,המכבים,the Maccabees,B1,0.308,model_predicted
8441,המריבה,the fight,A2,0.417,model_predicted
8442,התכלת,the light blue,A1,0.562,model_predicted
8443,התגברה,overcame (f.s.),C1,0.613,model_predicted
8444,הערמונית,the prostate / the dark brown / the auborn,B1,0.34,model_predicted
8445,הגרעינית,the nuclear (f.s.),B2,0.47,model_predicted
8446,הרשת,the net,B1,0.259,model_predicted
8447,דיווחו,reported (pl.),B1,0.38,model_predicted
8448,דרישות,requirements / demands,C1,0.357,model_predicted
8449,במועצת,in the council of,A2,0.331,model_predicted
8450,במעט,by a little,A1,0.804,model_predicted
8451,בתפקידו,in his role / in his duty / in his capacity,A1,0.788,model_predicted
8452,בולטות,protruding / stand out (f.pl.),A2,1.0,concordance
8453,בשרירים,in the muscles / [with] muscles,A2,0.494,model_predicted
8454,בעצמם,themselves / personally (m.pl.),A2,0.4,model_predicted
8455,בכף,in the palm of / with a spoon / in the palm / with the spoon,A1,0.508,model_predicted
8456,בגזע,in a trunk / in a race / in the trunk / in the race,A2,0.454,model_predicted
8457,בביצוע,in performance / in the performance of,B1,0.334,model_predicted
8458,ברבות,as it increased / as the number grows,B1,0.318,model_predicted
8459,בצעדים,with steps,A1,0.565,model_predicted
8460,ראיה,evidence,C1,0.4,model_predicted
8461,צללים,shadows,B2,0.341,model_predicted
8462,נפגשו,met (pl.),A2,0.286,model_predicted
8463,נאומו,his speech,A1,0.788,model_predicted
8464,נראים,are seen / look (m.pl.),A1,0.786,model_predicted
8465,מתגלה,is discovered (m.s.),C1,0.399,model_predicted
8466,משיכה,pull / attraction / withdrawal / gravity,B1,0.514,model_predicted
8467,משחקני,from the players of / from the actors of,A1,0.672,model_predicted
8468,משדה,from a field / from a field of,A1,0.672,model_predicted
8469,מכירות,recognize / familiar with (f.pl.) / sales,C1,0.455,model_predicted
8470,מהמטבח,from the kitchen,A1,0.672,model_predicted
8471,מבחר,selection,C1,0.353,model_predicted
8472,מסוכן,dangerous,B1,0.41,model_predicted
8473,מסכימים,agree (m.pl.),B1,0.308,model_predicted
8474,מני,from,A1,0.672,model_predicted
8475,ידיו,his hands,A1,1.0,concordance
8476,לממש,to realize,B2,0.343,model_predicted
8477,למשפחתו,to/for his family,A1,0.788,model_predicted
8478,למקרה,in case / for the case,A2,0.367,model_predicted
8479,לשחקנים,to/for the players / to/for the actors / to/for players / to/for actors,A1,0.502,model_predicted
8480,לשנים,for the years / for years,A1,0.821,model_predicted
8481,לפתיחת,to the opening of,A2,0.402,model_predicted
8482,לעיכול,for digestion,C1,0.403,model_predicted
8483,לאויב,to the enemy / to an enemy,C1,0.411,model_predicted
8484,לחוקה,for a constitution / for the constitution,B2,0.37,model_predicted
8485,לחדש,to renew,C1,0.555,model_predicted
8486,להתעמת,to confront,B2,0.375,model_predicted
8487,להתעלם,to ignore,B2,0.337,model_predicted
8488,להתבצע,to be performed / to be executed,B1,0.43,model_predicted
8489,להזכיר,to remind,B1,0.393,model_predicted
8490,לדור,to live / to dwell,B1,1.0,concordance
8491,לגזע,to/for a trunk / to/for a race / to/for the trunk / to/for the race,A2,0.454,model_predicted
8492,לבשו,wore (m.pl.),A1,0.563,model_predicted
8493,לבאר,to a well / to the well,A1,0.773,model_predicted
8494,לרמת,to the height of / to the level of,A2,0.412,model_predicted
8495,לצרכים,for necessities / for needs,C1,0.502,model_predicted
8496,לסגן,to/for/as a deputy / to/for/as the deputy,C1,0.318,model_predicted
8497,לניהול,of management / for the management of,B2,1.0,concordance
8498,לנהוג,to drive / to lead / to do something on a regular basis,B2,1.0,concordance
8499,תיק,bag / case / file / portfolio,A1,0.777,model_predicted
8500,ומלב,and from a heart / and from the heart of,A1,0.672,model_predicted
8501,ומשטר,and a regime,C1,0.508,model_predicted
8502,ומנסה,and tries (m.s.),A1,0.679,model_predicted
8503,ולמחרת,and the next day,A1,0.656,model_predicted
8504,ואי,and an island / and non --,A2,0.383,model_predicted
8505,וזכויות,and rights / and privileges,A1,0.749,model_predicted
8506,והולכת,and walks / and goes (f.s.),A1,0.834,model_predicted
8507,והביאה,and brought (f.s.),A1,0.596,model_predicted
8508,ובראשן,led by (f.pl.),A2,0.357,model_predicted
8509,וסוף,and an end,A1,0.621,model_predicted
8510,שמצא,that/who found (m.s.),A1,1.0,concordance
8511,שמספרו,which number is / that from his book,A1,0.768,model_predicted
8512,שיחים,bushes,A2,0.285,model_predicted
8513,שיחות,conversations,A1,0.616,model_predicted
8514,שיחה,conversation,A1,0.616,model_predicted
8515,שלכל,that for/to all / that for/to everything / that for/to everyone / that for/to anyone,A1,1.0,concordance
8516,שעלול,that/who might (m.s.),A1,1.0,concordance
8517,שעם,that a people / that with,A1,0.795,model_predicted
8518,שהובילה,that/who led / that/who transported (f.s.),A1,1.0,concordance
8519,שבאה,that/who is coming / that/who came (f.s.),A1,1.0,concordance
8520,שנאכלו,that were eaten,A1,0.795,model_predicted
8521,קערות,bowls,A2,0.479,model_predicted
8522,פרישה,retirement,B2,0.35,model_predicted
8523,פרופסור,professor,B1,1.0,concordance
8524,פרשו,retired (pl.) / explained / interpreted (pl.),B1,0.327,model_predicted
8525,עוזרים,assistants / help / assist (m.pl.),A2,0.406,model_predicted
8526,עוברות,pass / cross / go through (f.pl.),B1,0.305,model_predicted
8527,עבירה,felony / offense / crime,B2,0.341,model_predicted
8528,ערוך,edited / arranged (m.s.),C1,0.45,model_predicted
8529,ער,awake (m.s.),A1,0.357,model_predicted
8530,זמרת,singer (f.s.),A2,0.427,model_predicted
8531,אלמלא,if not,A1,0.569,model_predicted
8532,חליל,flute,A2,0.411,model_predicted
8533,חולדה,rat,A2,0.372,model_predicted
8534,אח,brother / nurse (m.),A1,0.756,model_predicted
8535,חסרים,missing,A1,0.472,model_predicted
8536,כנסיות,churches,A1,0.462,model_predicted
8537,המשפטים,the trials / the sentences,B2,0.396,model_predicted
8538,המפנה,the turn / the change,A2,0.417,model_predicted
8539,המחוזי,the regional / the district (adj.),B2,0.304,model_predicted
8540,המכירה,the sale,A1,0.499,model_predicted
8541,המכללות,the colleges,A1,0.663,model_predicted
8542,המגרש,the field / the yard,A2,0.409,model_predicted
8543,הוכיח,proved / demonstrated (m.s.),C1,0.335,model_predicted
8544,הפגיעות,the hits / the impacts / the damages / the offenses,A2,0.406,model_predicted
8545,העומס,the load / the burden,A2,0.404,model_predicted
8546,העובדות,the facts / the workers (f.),A2,0.32,model_predicted
8547,העשוי,that is made of / that/who might,A1,1.0,concordance
8548,הזמרת,the singer (f.s.),A2,0.427,model_predicted
8549,הגאון,the genius,C1,1.0,concordance
8550,הבהיר,the bright / the fair,A2,0.411,model_predicted
8551,הבריאה,the creation,C1,0.381,model_predicted
8552,הרשויות,the authorities,C1,0.488,model_predicted
8553,הנותרים,the remaining (m.pl.),C1,0.429,model_predicted
8554,הנהיג,led,A2,0.357,model_predicted
8555,גבעה,hill,A2,0.421,model_predicted
8556,במכון,in an institute / in the institute,C1,0.489,model_predicted
8557,ביעילות,efficiently,C1,0.57,model_predicted
8558,בשיח,in the conversation / in the bush / in a conversation / in a bush,A1,0.616,model_predicted
8559,בשכונות,in the neighborhoods / in neighborhoods,A2,0.342,model_predicted
8560,בעריכת,edited by,C1,0.45,model_predicted
8561,באירוע,in an event / in the event,B1,0.505,model_predicted
8562,בהפעלת,in the operation of / in the activation of,B1,0.404,model_predicted
8563,בדיון,in the discussion / in discussion,A2,0.303,model_predicted
8564,בגודלו,at/in his size,A1,0.788,model_predicted
8565,בגביע,[in] a cup / [in] a grail,A1,0.7,model_predicted
8566,ברירה,choice,A1,0.468,model_predicted
8567,ברי,certain / sure / obvious,B1,0.394,model_predicted
8568,ברשותו,in his possession / with his permission,A1,0.788,model_predicted
8569,בצבעים,in colors,A1,0.742,model_predicted
8570,רכישה,acquisition / purchase,C1,0.474,model_predicted
8571,צדו,his side,A1,0.788,model_predicted
8572,צדדי,lateral / secondary (m.s.),C1,0.369,model_predicted
8573,ספור,story / is counted (m.s.),A1,0.7,model_predicted
8574,סביבות,surroundings,C1,0.414,model_predicted
8575,סביבם,around them,A2,0.358,model_predicted
8576,נפגע,was hit / was damaged / was offended (m.s.),A2,0.447,model_predicted
8577,נדחתה,was rejected / was postponed (f.s.),A2,0.447,model_predicted
8578,נטול,lacking / without,C1,0.465,model_predicted
8579,לאומנים,to/ for artists / to/for the artists,A2,0.521,model_predicted
8580,ובמערב,and in/to the west,A1,0.47,model_predicted
8581,עתודה,reserve / backlog,C1,0.531,model_predicted
8582,עקורים,uprooted / displaced (m.pl.),C1,0.645,model_predicted
8583,אקּוִטי,acute,C1,0.481,model_predicted
8584,הישועה,the salvation,C1,0.567,model_predicted
8585,העתודה,the reserve / the backlog,C1,0.531,model_predicted
8586,החצייה,the cutting in half / the crossing,B1,0.293,model_predicted
8587,האסורה,the forbidden / the imprisoned (f.s.),B1,0.373,model_predicted
8588,גשרי,bridges of,A2,0.371,model_predicted
8589,מתקפות,attacks,B1,0.362,model_predicted
8590,למורדים,to/for rebels / to/for the rebels,C1,0.391,model_predicted
8591,לשגריר,to/for the ambassador / to/for an ambassador,C1,0.393,model_predicted
8592,תגבורות,reinforcement / contingent,C1,0.602,model_predicted
8593,וחיילים,and soldiers,A2,0.408,model_predicted
8594,שתילי,plants of,A1,0.424,model_predicted
8595,ארטילרית,artillery (adj.),C1,0.385,model_predicted
8596,כוחותיהם,their powers / their forces / their strengths,A1,0.667,model_predicted
8597,המדומה,the imaginary / the simulated,C1,0.504,model_predicted
8598,התבוסה,the defeat,C1,0.407,model_predicted
8599,השקיה,watering,B2,0.349,model_predicted
8600,האגדות,the fairy tales / the legends,B1,0.384,model_predicted
8601,הבכירים,the seniors / the senior (m.pl.),B2,1.0,concordance
8602,סוחרים,merchants / dealers / sellers,A2,0.364,model_predicted
8603,משולבת,combined (f.s.),C1,0.453,model_predicted
8604,מהצבא,from the army,A1,0.672,model_predicted
8605,מצוינת,excellent / noted,A2,0.423,model_predicted
8606,ילידים,natives,B1,0.357,model_predicted
8607,לסכסוך,to a conflict / to the conflict,B2,0.394,model_predicted
8608,קילומטר,kilometer,A2,0.562,model_predicted
8609,קורבן,victim,B2,0.336,model_predicted
8610,פשיסטית,fascist (f.s.),C1,0.467,model_predicted
8611,אמורים,supposed (m.pl.),A2,0.393,model_predicted
8612,חצו,cut in half / crossed (pl.),B1,0.339,model_predicted
8613,אסלאם,Islam,A2,0.357,model_predicted
8614,המתקדמים,the advanced / the progressive / the modern,C1,0.418,model_predicted
8615,הקווים,the lines,A1,0.553,model_predicted
8616,החזיקה,held (f.s.),B1,0.559,model_predicted
8617,ההתקפות,the attacks,B1,0.362,model_predicted
8618,ההתערבות,the intervention / the interference / the bet,C1,0.458,model_predicted
8619,הנהגתו,his leadership,A1,0.788,model_predicted
8620,בירתו,its capital,A1,0.823,model_predicted
8621,בשלבי,at the stages of / in the phases of / on the rungs of,B2,1.0,concordance
8622,צנחנים,parachuters,B1,0.364,model_predicted
8623,סכסוך,conflict,B2,0.394,model_predicted
8624,נשלחה,was sent (f.s.),A2,0.447,model_predicted
8625,ממוגנים,protected / shielded (m.pl.),C1,0.474,model_predicted
8626,מורדות,rebels (f.pl.) / slopes,C1,0.391,model_predicted
8627,מונף,lifted / being waved,B1,0.318,model_predicted
8628,משוריינים,armored (m.pl.),C1,0.44,model_predicted
8629,מחזות,plays / shows,A1,0.768,model_predicted
8630,מהאי,from the island,A1,0.672,model_predicted
8631,מסמך,document,B1,0.339,model_predicted
8632,יריב,rival / opponent / enemy (m.s.),C1,1.0,concordance
8633,לעקוף,to pass / to bypass,B1,0.305,model_predicted
8634,לחיזוק,for strengthening,C1,0.602,model_predicted
8635,להיכנע,to surrender,C1,0.533,model_predicted
8636,להציל,to rescue / to save,C1,0.367,model_predicted
8637,ואזרחים,and citizens,B2,0.33,model_predicted
8638,והחיילים,and the soldiers,A2,0.408,model_predicted
8639,ובמספר,and at/in a number / and at/in the number,A1,0.734,model_predicted
8640,ונשק,and weapon / and kissed (m.s.),B1,0.354,model_predicted
8641,שכיום,that nowadays,A1,0.795,model_predicted
8642,שהקימו,that/who established (pl.),A1,1.0,concordance
8643,קילוגרם,kilogram,A2,0.49,model_predicted
8644,קדושים,holy (m.pl.),B2,0.346,model_predicted
8645,אימצו,adopted (pl.),C1,0.425,model_predicted
8646,חידש,renewed / innovated (m.s.),C1,0.485,model_predicted
8647,זעם,rage / fury / anger / was angry / was furious (m.s.),B2,0.392,model_predicted
8648,אסטרטגיות,strategies,C1,0.394,model_predicted
8649,המתנדבים,the volunteers,B1,0.304,model_predicted
8650,המורכבים,the complex / the assembled (m.pl.),C1,0.47,model_predicted
8651,המשלחת,the delegation,C1,0.523,model_predicted
8652,התקיפו,attacked (pl.),B2,0.356,model_predicted
8653,השגריר,the ambassador,C1,0.393,model_predicted
8654,החירות,the freedom,C1,0.45,model_predicted
8655,הכבושה,the occupied (f.s.),C1,0.439,model_predicted
8656,הגבולות,the borders / the limits,B1,1.0,concordance
8657,הרפתקאות,adventures,B1,0.345,model_predicted
8658,הראשיות,the main (f.pl.),A2,0.498,model_predicted
8659,דלה,poor (f.s.) / took out (m.s.),A1,0.487,model_predicted
8660,בואם,their arrival,A1,0.667,model_predicted
8661,בשינוי,with/in the change / with/in a change,A1,0.565,model_predicted
8662,בנפש,[with/in] a soul / [with/in] the soul,A1,0.565,model_predicted
8663,רוחם,their spirit,A1,0.667,model_predicted
8664,רשתות,nets,B1,0.259,model_predicted
8665,ספינת,ship of,A2,0.431,model_predicted
8666,מלאכת,work of / craft of,A1,0.697,model_predicted
8667,מוט,rod / pole / bar,A1,1.0,concordance
8668,משוריין,armored (m.s.),C1,0.44,model_predicted
8669,מאל,from a god,A1,0.672,model_predicted
8670,מאורגן,organized,C1,0.468,model_predicted
8671,יליד,native,B1,0.357,model_predicted
8672,יומין,old (object),A1,0.717,model_predicted
8673,למחות,to protest / to wipe,B2,1.0,concordance
8674,לתפקד,to function,B1,0.359,model_predicted
8675,לעבודת,to/for the work of / for the worship of,A1,0.697,model_predicted
8676,להחלטה,to a decision / to the decision,B1,0.41,model_predicted
8677,תיאום,coordination,C1,0.505,model_predicted
8678,תרגילי,exercises of / drills of / maneuvers of,A2,0.498,model_predicted
8679,והפיכת,and the revolution of / and the conversion of / and the turning of / and the inversion of,B2,1.0,concordance
8680,והעשירים,and the rich (m.pl.),A2,0.459,model_predicted
8681,שמחוץ,the is outside of,A1,0.654,model_predicted
8682,שלימים,that subsequently / that later on,A1,0.795,model_predicted
8683,שפעלה,that/who acted / that/who operated (f.s.),A1,1.0,concordance
8684,שאורכו,which length is,A1,0.768,model_predicted
8685,שהונהגה,"that was led / that was introduced (a system, a procedure etc.)",B1,1.0,concordance
8686,שניתנה,that was given (f.s.),A1,0.795,model_predicted
8687,פחתה,was reduced (f.s.),A2,0.447,model_predicted
8688,פרסמו,published / advertised (pl.),B1,0.34,model_predicted
8689,פנימיות,immanence / internal (f.pl.),C1,0.626,model_predicted
8690,עליונה,upper / superior (f.s.),B1,0.344,model_predicted
8691,ענייני,matters of / my concern,A2,0.369,model_predicted
8692,חפים,innocent / pure (m.pl.),C1,0.382,model_predicted
8693,אפשרו,enabled / facilitated (pl.),B1,0.446,model_predicted
8694,כוונתו,his intention / he means,A1,0.788,model_predicted
8695,הממשלות,the governments,B2,0.304,model_predicted
8696,המפרץ,the bay,A2,0.422,model_predicted
8697,המזוין,the armed (m.s.),B1,0.379,model_predicted
8698,המחאות,checks (n.) / the protests,B2,1.0,concordance
8699,היחידי,the only (m.s.),A1,0.742,model_predicted
8700,התקוות,the hopes,B1,0.402,model_predicted
8701,הוגשו,were served,A1,0.62,model_predicted
8702,השדות,the fields,A2,0.409,model_predicted
8703,האיזון,the balance,B2,0.343,model_predicted
8704,החקלאי,the farmer (m.s.) / the agricultural (m.s.),A1,0.465,model_predicted
8705,הדרושים,that are required (m.),A1,0.795,model_predicted
8706,הרחיב,widened / broadened,C1,0.51,model_predicted
8707,הצעתו,his proposal / his suggestion / his offer,A1,0.788,model_predicted
8708,הסמל,the symbol / the sergeant,B2,1.0,concordance
8709,בתורו,in his turn,A1,0.788,model_predicted
8710,בשרשרת,in the chain / with the necklace / in a chain / with/on a necklace,B1,0.377,model_predicted
8711,בזכויות,[in] rights / [in] privileges / [in] the rights / [in] the privileges,A1,0.749,model_predicted
8712,בכוחו,within his power,B2,0.371,model_predicted
8713,בכנסייה,in a church / in the church / in church,A1,0.463,model_predicted
8714,בנקודות,at points / at the points,A1,0.452,model_predicted
8715,רצופים,continuous (m.pl.),C1,0.569,model_predicted
8716,ציבוריות,public (f.pl.) / public affairs,B1,0.421,model_predicted
8717,נישאו,were carried / got married / were married (pl.),A1,0.62,model_predicted
8718,נצפו,were watched / were observed / were anticipated (m.s.),A1,0.62,model_predicted
8719,ממלכתית,of the state / official,A2,0.303,model_predicted
8720,מוגנים,defended / protected (m.pl.),C1,0.498,model_predicted
8721,משטחים,planes / surfaces / platforms,A1,0.465,model_predicted
8722,מקבלת,receives / accepts (f.s.),B2,0.364,model_predicted
8723,מחיל,from the forces of / from success,A1,0.672,model_predicted
8724,מכת,hit of / stroke of / blow of,A2,0.406,model_predicted
8725,מכונית,car,A1,0.834,model_predicted
8726,מכנה,names / calls (m.s.) / denominator,A1,1.0,concordance
8727,יורדת,goes down / comes down / descends / decreases (f.s.),A1,0.78,model_predicted
8728,למחלות,for sicknesses / for illnesses / for the sicknesses / for the illnesses,B2,0.37,model_predicted
8729,למחתרת,to/for an underground / to/for the underground,B2,0.335,model_predicted
8730,לקלוט,to intake / to receive / to grasp,B2,0.374,model_predicted
8731,לפקח,to supervise / to inspect,C1,0.514,model_predicted
8732,לפרש,to explain / to interpret,A1,0.366,model_predicted
8733,לאש,to fire / to the fire,A1,0.464,model_predicted
8734,להימצא,to be [at] / to be found / to be discovered / to be [at],A1,0.403,model_predicted
8735,להשקיע,to invest,B2,0.403,model_predicted
8736,להפיץ,to distribute,C1,0.512,model_predicted
8737,להצית,to light / to ignite,A1,0.562,model_predicted
8738,לדת,to/for a religion / to/for the religion,B1,1.0,concordance
8739,לטהר,to purify,C1,0.519,model_predicted
8740,תיקונים,corrections / repairs,C1,0.576,model_predicted
8741,וממנו,and from him,A1,0.672,model_predicted
8742,וילדים,and children,A1,0.862,model_predicted
8743,וחומרי,and the materials of,B1,0.363,model_predicted
8744,והקרב,and the battle / and the coming / and the approaching,B2,0.382,model_predicted
8745,ודרש,and required / and demanded / and preached (m.s.),A2,0.375,model_predicted
8746,ובמקביל,and in parallel / the simultaneously,C1,0.452,model_predicted
8747,וניסו,and tried (pl.),A1,0.491,model_predicted
8748,שמוצאם,that/who originated from (m.pl.),A1,1.0,concordance
8749,שמקורם,that/who originated from (m.pl.),A1,1.0,concordance
8750,שיניים,teeth,A1,0.413,model_predicted
8751,שבוצעו,that were performed,A1,0.795,model_predicted
8752,שטען,that/who claimed / that/who argued (m.s.),A1,1.0,concordance
8753,קיר,wall,A1,0.616,model_predicted
8754,פתחים,openings / apertures,A2,0.402,model_predicted
8755,חירות,freedom,C1,0.45,model_predicted
8756,אווירה,atmosphere / ambiance,B2,0.374,model_predicted
8757,חובבים,amateurs / like (m.pl.),C1,1.0,concordance
8758,אכזרית,cruel (f.s.),B2,0.356,model_predicted
8759,חרס,clay,A2,0.378,model_predicted
8760,המגזין,the magazine,A1,0.503,model_predicted
8761,התמודד,dealt with / confronted (m.s.),B2,0.295,model_predicted
8762,התמקד,focused (m.s.),B2,0.39,model_predicted
8763,התפרצות,outburst / eruption / revolt / outbreak,C1,0.45,model_predicted
8764,התאחדו,united (m.pl.),B2,0.331,model_predicted
8765,התבססו,became established / settled down / were based on (pl.),B1,0.362,model_predicted
8766,הוכו,were beaten,A1,0.62,model_predicted
8767,השייך,that/which belongs / that is relevant,B2,1.0,concordance
8768,הפשטה,simplification / abstraction / undressing,C1,0.662,model_predicted
8769,העמוק,the deep,B2,0.322,model_predicted
8770,העירונית,the municipal / the urban (f.s.),B2,1.0,concordance
8771,החופשיים,the free (m.pl),A1,0.674,model_predicted
8772,החפצים,the objects,A2,0.468,model_predicted
8773,ההיכל,the palace / the temple,B1,0.299,model_predicted
8774,ההערכה,the assessment / the estimation / the appreciation / the credit,C1,0.567,model_predicted
8775,הגדרות,definitions / the fences,B2,1.0,concordance
8776,הבכורה,the firstborn (f.),B1,0.323,model_predicted
8777,הבנה,understanding,C1,0.475,model_predicted
8778,הטמפרטורות,the temperatures,A1,0.647,model_predicted
8779,דגלים,flags,A2,0.5,model_predicted
8780,דרגות,degrees / levels / grades / ranks,A2,0.433,model_predicted
8781,במפקדת,in the headquarters of,B2,0.355,model_predicted
8782,במגזר,in a sector / in the sector,C1,0.486,model_predicted
8783,ביכולת,within the power of,B2,0.371,model_predicted
8784,ביצירות,in the formations / in the creations / in the works of art / in the compositions / in works of art / in the compositions,C1,0.435,model_predicted
8785,בקוטר,[at] a diameter of / [at] the diameter,C1,0.341,model_predicted
8786,בפוליטיקה,in politics,B2,0.323,model_predicted
8787,באוקיינוס,in the ocean / in an ocean,A2,0.386,model_predicted
8788,בנמצא,around here,A2,0.358,model_predicted
8789,טכניים,technical,B2,0.349,model_predicted
8790,צפויים,expected / anticipated (m.pl.),B1,0.439,model_predicted
8791,צפו,watched / observed / anticipated (pl.),A1,0.636,model_predicted
8792,סגנונות,styles,B1,0.385,model_predicted
8793,נמשכת,lasts / is pulled / is attracted / is withdrawn (f.s.),A1,0.685,model_predicted
8794,נולדו,were born,A1,0.62,model_predicted
8795,נשדדו,were robbed,A1,0.62,model_predicted
8796,נקבעו,were determined / were fixed / was set,A1,0.62,model_predicted
8797,נסיגת,withdrawal of / retreat of,C1,0.45,model_predicted
8798,מיקוש,mine laying,A1,0.773,model_predicted
8799,מוזכרת,mentioned (f.s.),B1,0.357,model_predicted
8800,לשדרות,to the boulevards / to boulevards / to the boulevard of,A2,0.372,model_predicted
8801,לשדרה,to the boulevard / to a boulevard,A2,0.372,model_predicted
8802,והסוכנות,and the agency / and the [Jewish] Agency,B2,0.364,model_predicted
8803,חימר,clay,A2,0.378,model_predicted
8804,כרוז,announcer / manifest,C1,0.305,model_predicted
8805,המשלוחים,the shipments / the deliveries,B1,0.343,model_predicted
8806,הפיקודיות,the command [chain],A2,0.506,model_predicted
8807,החרות,the freedom,C1,0.45,model_predicted
8808,החרדי,the ultra-orthodox (m.s.),C1,0.587,model_predicted
8809,הכשרת,the training of / the qualification of,B1,0.388,model_predicted
8810,הבולשת,the secret police / that/who spies (f.s.),A1,1.0,concordance
8811,הבנקאית,the banker (f.) / the banker / the bank,B2,1.0,concordance
8812,במצוק,[on] a cliff / [on] the cliff,B1,1.0,concordance
8813,בריקדות,barricades,C1,0.564,model_predicted
8814,מפקדה,headquarters,B2,0.355,model_predicted
8815,יבנה,will build (m.s.),A1,0.714,model_predicted
8816,ותפקידים,and roles / and duties / and capacities,B1,0.431,model_predicted
8817,קרקעות,soils / grounds / lands,B2,0.325,model_predicted
8818,עמנו,our people / with us,A1,0.826,model_predicted
8819,העצמאי,the independent (m.s.),C1,0.538,model_predicted
8820,הברונזה,the bronze,C1,1.0,concordance
8821,שרד,survived (m.s.),C1,0.379,model_predicted
8822,המובילות,the leaders / the transporters (f.) / that/who lead / that/who transport (f.pl.),A1,1.0,concordance
8823,הניקוז,the drainage,C1,0.568,model_predicted
8824,ביוזמת,initiated by,C1,0.514,model_predicted
8825,בבקעת,in the valley of,B1,0.289,model_predicted
8826,ברובו,most of it,A1,0.488,model_predicted
8827,מגוונים,various / diverse (m.pl.),A2,0.514,model_predicted
8828,לקיומו,to/for his/its existence / to/for its holding / to/for its fulfillment,A1,0.788,model_predicted
8829,לסילוק,for the removal [of] / for the dismissal [of],C1,0.466,model_predicted
8830,תיעוד,documentation,C1,0.379,model_predicted
8831,תצורת,configuration of / formation of,C1,0.546,model_predicted
8832,ולפעמים,and sometimes,A1,0.451,model_predicted
8833,שמם,their name,A1,1.0,concordance
8834,שבאותה,that in the same / that at the same (f.s.),A1,0.795,model_predicted
8835,קדושתו,his holiness,A1,0.788,model_predicted
8836,אופני,ways of / wheels of / bicycle of,A1,0.731,model_predicted
8837,חריפים,hot (taste) / severe (m.pl.),B1,1.0,concordance
8838,כפופה,bowed / bent / subordinate (f.s.),C1,0.392,model_predicted
8839,כהלכה,properly,C1,0.405,model_predicted
8840,המקוריים,the original (m.pl.),B1,1.0,concordance
8841,הקומות,the floors,A1,0.664,model_predicted
8842,הדתות,the religions,B1,1.0,concordance
8843,הבודדים,the lonely / the single / the few (m.pl.),A1,0.327,model_predicted
8844,ספורות,are counted / few (f.pl.) / spores,A1,0.786,model_predicted
8845,ניטעו,were planted,A1,0.62,model_predicted
8846,משמעותו,its meaning / means (m.s.),A1,0.823,model_predicted
8847,מרכזיות,centrality / central (f.pl.),C1,0.594,model_predicted
8848,מסודרות,organized / arranged (f.pl.),C1,0.468,model_predicted
8849,ליחידת,to/for the unit of,A2,0.277,model_predicted
8850,לקורא,to/for the reader,A2,0.41,model_predicted
8851,לחקלאות,to/for agriculture / to/for the agriculture,B1,0.262,model_predicted
8852,לכוון,to direct / to adjust / to tune,B1,0.342,model_predicted
8853,ותנאי,and a condition / and a provision / and the conditions of / and the provisions of,B2,0.331,model_predicted
8854,זוכים,winners (m.pl.) / win (m.pl.),A2,0.453,model_predicted
8855,כד,jug / jar,A2,0.473,model_predicted
8856,המיוחדות,the special (f.pl.),A2,0.465,model_predicted
8857,המשלבים,that/who combine,A1,1.0,concordance
8858,המשקעים,the precipitate / the sediment,C1,0.532,model_predicted
8859,המדויק,the precise / the accurate,B2,0.368,model_predicted
8860,התרחבות,widening / broadening,C1,0.551,model_predicted
8861,הקשיים,the difficulties,B2,0.354,model_predicted
8862,הקרן,the beam / the ray / the fund / the horn / the bugle,B2,1.0,concordance
8863,הפריחה,the flowering / the blossom / the prosperity / the rash,B2,0.372,model_predicted
8864,ההגירה,the immigration,B1,0.301,model_predicted
8865,ביחידה,at a unit / in a squad / at the unit / in the squad,A2,0.277,model_predicted
8866,באמצעי,by means of / in the middlemost,A2,0.331,model_predicted
8867,רקטות,rockets,B1,0.315,model_predicted
8868,רכשה,acquired / bought (f.s.),C1,0.448,model_predicted
8869,נוכח,is present / realized (m.s.) / in the presence of / in front of,B1,1.0,concordance
8870,נשמרת,is kept / is guarded / is protected (f.s.),B1,0.436,model_predicted
8871,מתלמידיו,from his students,A1,1.0,concordance
8872,מפעלים,plants / factories,A1,0.424,model_predicted
8873,מגוונות,various / diverse (f.pl.),A2,0.514,model_predicted
8874,מצויות,that are [at] / the common / the available (f.pl.),A1,0.795,model_predicted
8875,ייחודיות,unique (f.pl.),C1,0.308,model_predicted
8876,לשיטות,to/for the methods / to/for methods,B1,0.354,model_predicted
8877,לשווק,to market,A2,0.317,model_predicted
8878,להסתיר,to hide,B2,0.346,model_predicted
8879,לבסיס,to/for a basis / to/for the basis,B2,1.0,concordance
8880,וספרות,and literature / and hairdressing,B1,0.327,model_predicted
8881,שודרה,was broadcasted (f.s.),A2,0.447,model_predicted
8882,שקיימת,that exist (f.s.),A1,0.795,model_predicted
8883,שפתם,their language / their edge / their lip,A1,0.667,model_predicted
8884,שחי,that/who lives / that/who lived (m.s.) / arm pit,A1,1.0,concordance
8885,קיומן,their existence / their survival / their holding / their fulfillment (f.pl.),A1,0.667,model_predicted
8886,חיטה,wheat,A1,0.416,model_predicted
8887,חלוקה,division / distribution,B2,1.0,concordance
8888,המטבחים,the kitchens,A1,0.745,model_predicted
8889,המצביעים,the voters,B1,0.3,model_predicted
8890,הייצור,the production,B2,0.371,model_predicted
8891,השייכת,that/who belongs to / that is relevant to (f.m.),A1,1.0,concordance
8892,השלמה,completion / acceptance,C1,0.378,model_predicted
8893,הקליטה,the intake / the receptivity / the reception / the grasp,B2,0.374,model_predicted
8894,הקבלה,the acceptance / the admission / the reception / the receipt / the Kabalah / parallelism,C1,0.576,model_predicted
8895,הזמין,invited / ordered (m.s.),B1,0.4,model_predicted
8896,הנדרשים,the required / that/who are required (m.pl.),A1,1.0,concordance
8897,גרסתו,his version,B2,1.0,concordance
8898,במלון,at/in a hotel / at/in the hotel,A1,1.0,concordance
8899,במשחקי,in the games of / in my game / in mt acting,A1,0.645,model_predicted
8900,בשינויים,with/in the changes / with/in changes,A1,0.565,model_predicted
8901,טיפולים,treatments,B2,0.412,model_predicted
8902,רחבת,the square of / the area of,A2,0.351,model_predicted
8903,ספריות,libraries,A2,0.43,model_predicted
8904,סביבתיים,environmental,B2,0.383,model_predicted
8905,ההון,the capital / the wealth,A2,0.477,model_predicted
8906,ליבה,core,B2,0.39,model_predicted
8907,אישיותו,his personality,A1,0.788,model_predicted
8908,תרומות,donations / contributions,B2,0.393,model_predicted
8909,במאמרו,in his article,A1,0.788,model_predicted
8910,פילוסופית,philosophical,C1,0.592,model_predicted
8911,רעם,thunder / roared / thundered,B1,0.326,model_predicted
8912,מקיפה,surrounds / encircles / comprehensive (f.s.),C1,0.374,model_predicted
8913,מאפיין,characteristic,C1,0.587,model_predicted
8914,מסכת,chapter / tractate (Thalmud) / stethoscope,A1,0.464,model_predicted
8915,ילדותו,his childhood,A1,0.788,model_predicted
8916,להתחרות,to compete,B1,0.458,model_predicted
8917,תרבותי,civilized / cultural / cultivated,C1,0.585,model_predicted
8918,העלאת,raising of / increase of / bringing up the,C1,0.435,model_predicted
8919,הניתנת,that is possible / that is given (f.s.),A1,0.795,model_predicted
8920,בקביעות,regularly / constantly / permanently,B1,0.382,model_predicted
8921,בסיסיים,basic (m.pl.),B1,1.0,concordance
8922,ממד,dimension,B2,1.0,concordance
8923,מתמקדת,focuses (f.s.),B1,0.414,model_predicted
8924,מספרו,his number / from his book,A1,0.788,model_predicted
8925,לארמון,to/for a palace / to/for the palace,B1,0.299,model_predicted
8926,לניתוח,to/for surgery / to/for analysis / to/for the surgery / to/for the analysis,B1,0.484,model_predicted
8927,תכונה,character / attribute / commotion,B1,0.372,model_predicted
8928,וזכו,and won (pl.),A2,0.499,model_predicted
8929,והדרך,and the way,A1,0.731,model_predicted
8930,קרובה,close / relative (f.s.),A1,0.352,model_predicted
8931,התומכת,the supporting / that/who supports (f.s.),A1,1.0,concordance
8932,האלו,these,A1,0.728,model_predicted
8933,הכותבים,the writers / the authors,A1,0.471,model_predicted
8934,הבעיות,the problems,A1,1.0,concordance
8935,בנוף,in a view / in a landscape / in boughs of a tree / in the view / in the landscape / in the boughs of a tree,A2,0.345,model_predicted
8936,רווחת,the welfare of / widespread,C1,0.636,model_predicted
8937,נובעות,stems from / derived from / spout (f.pl.),B1,0.385,model_predicted
8938,שייטי,the rowers of,A1,0.555,model_predicted
8939,קולנועית,cinematic,B2,0.355,model_predicted
8940,פרקי,chapters of / joints of,A1,0.464,model_predicted
8941,עיצורים,consonants,C1,0.366,model_predicted
8942,אמנותיות,artistic (f.pl.),B1,0.434,model_predicted
8943,חיבורים,connections / links / linkages / joining / joints / junctions,B1,1.0,concordance
8944,אלבומי,my album / my albums / the albums of,A2,1.0,concordance
8945,אלבומה,her album,A2,1.0,concordance
8946,המתמטיות,the mathematical (f.pl.),C1,0.354,model_predicted
8947,הווה,present,A1,0.606,model_predicted
8948,הקאנו,we vomited,B2,0.349,model_predicted
8949,האמנותית,the artistic (f.s.),B1,0.434,model_predicted
8950,החלום,the dream,A1,0.631,model_predicted
8951,האפל,the dark,A1,0.768,model_predicted
8952,הכתיב,the spelling / dictated (m.s.),B2,0.298,model_predicted
8953,הצילומים,the photographs,A1,0.699,model_predicted
8954,הנאמר,the said,A1,0.426,model_predicted
8955,ביים,directed,B2,0.357,model_predicted
8956,משבט,from the tribe of,A1,0.672,model_predicted
8957,ידידו,his friend,A1,0.788,model_predicted
8958,לימד,taught,A2,0.331,model_predicted
8959,קריאתו,his call,A1,0.788,model_predicted
8960,הצפייה,the watching / the observation,A1,0.697,model_predicted
8961,סמליות,symbolism,C1,0.571,model_predicted
8962,ספרותית,literary,B2,0.374,model_predicted
8963,מתפתח,developing,C1,0.497,model_predicted
8964,מחיה,subsistence / livelihood,C1,0.648,model_predicted
8965,לגישה,to an attitude / for an access / to an approach / to the attitude / for the access / to the approach,C1,0.483,model_predicted
8966,המלחין,the compositor / the composer,A2,0.339,model_predicted
8967,הפיזיקאי,the physicist,B2,0.36,model_predicted
8968,ההשפעות,the effects,B2,0.374,model_predicted
8969,בעובדה,[in] a fact / [in] the fact,A2,0.32,model_predicted
8970,מייצר,produces (m.s.),A2,0.331,model_predicted
8971,ללמד,to teach,A1,0.745,model_predicted
8972,לצורת,into a shape of / to a shape of,A2,0.293,model_predicted
8973,התחומים,the fields / the areas / the ranges,A2,0.409,model_predicted
8974,בעלילה,in a plot / [in] a deed / [in] a libel / [in] a false charge / in the plot / [in] the deed / [in] the libel / [in] the false charge,C1,0.355,model_predicted
8975,טוענת,claims / argues / charges / loads (f.s.),B2,0.398,model_predicted
8976,מקיימים,hold / fulfill / carry out / maintain (m.pl.),B1,0.412,model_predicted
8977,מפיקים,producers / produce (m.pl.),B1,0.392,model_predicted
8978,ובמקרים,and in cases,A2,0.367,model_predicted
8979,התהליכים,the processes,B1,0.391,model_predicted
8980,העיתונאים,the journalists,B1,1.0,concordance
8981,העובר,that passes / that transfers (m.s.) / the embryo / the fetus,A1,0.795,model_predicted
8982,מאקליפטוס,from a Eucalyptus,A1,0.672,model_predicted
8983,מהסביבה,from the area / from the enviroonment,A1,0.672,model_predicted
8984,לחמצן,to oxidize,C1,0.543,model_predicted
8985,פריה,its fruit,A1,0.823,model_predicted
8986,חמצון,oxidation,C1,0.509,model_predicted
8987,אגרוף,fist / boxing,B1,0.423,model_predicted
8988,המשימות,the tasks / the assignments / the missions,B2,1.0,concordance
8989,המגוון,the variety / the diversity / the varied / the diverse,B1,0.387,model_predicted
8990,המבחנה,the test tube,A2,0.438,model_predicted
8991,הפטיש,the hammer,B2,1.0,concordance
8992,הפרישה,the secession / the retirement / the spreading / the stretching,C1,0.551,model_predicted
8993,הפרוזאית,the prosaic,C1,0.594,model_predicted
8994,הנשר,the vulture,B2,0.303,model_predicted
8995,בחלבון,in protein / in the protein,C1,1.0,concordance
8996,בחומצות,in acids,A2,0.351,model_predicted
8997,נוקמת,takes revenge (f.s.),A1,0.488,model_predicted
8998,מקצה,from an end / heat (sport),A1,1.0,concordance
8999,יוטה,jute,B1,0.306,model_predicted
9000,שולח,sends (m.s.),B1,0.435,model_predicted
9001,הישגיו,his achievements,A1,0.788,model_predicted
9002,גדילים,fringes,C1,0.493,model_predicted
9003,סנטימטר,centimeter,B1,0.265,model_predicted
9004,יוצרות,creators / artists / makers (f.),C1,0.422,model_predicted
9005,שינויי,changes of,A2,0.296,model_predicted
9006,החיסונית,the immune,C1,0.409,model_predicted
9007,נוזלי,liquid,B2,0.393,model_predicted
9008,שרירי,muscles of / my muscles,A2,0.494,model_predicted
9009,באטמוספירה,in the atmosphere,B2,0.374,model_predicted
9010,לאסטרוגן,to/for estrogen,B2,0.348,model_predicted
9011,אכילת,eating of,A1,0.807,model_predicted
9012,האצות,the seaweed,B2,0.346,model_predicted
9013,הבוהן,the thumb / the big toe,A2,0.461,model_predicted
9014,באלמוגים,in the corals / in corals,B1,0.338,model_predicted
9015,למטבח,to/for a kitchen / to/for the kitchen,A1,0.745,model_predicted
9016,פירמידות,pyramids,C1,0.312,model_predicted
9017,מדברת,speaks / talks (f.s.),A2,0.39,model_predicted
9018,למשטרה,to the police,A2,0.369,model_predicted
9019,לאכל,to eat / to corrode,A1,0.848,model_predicted
9020,פת,piece of bread / bread,A2,0.523,model_predicted
9021,אוכלת,eating (f.s.),A1,0.807,model_predicted
9022,האישום,the indictment / the accusation,C1,0.605,model_predicted
9023,הגעתי,I arrived / my arrival,A2,0.398,model_predicted
9024,בעצב,sadly / with sorrow / [in] a nerve / [in] the sadness / [in] the nerve,B1,0.372,model_predicted
9025,בחשכה,in the dark,A1,0.768,model_predicted
9026,נאים,handsome / nice (m.pl.),A2,0.342,model_predicted
9027,נחוץ,is needed / is required,A1,0.654,model_predicted
9028,מבינה,understands (f.s.),C1,0.507,model_predicted
9029,לחורף,for a winter / for the winter,A1,1.0,concordance
9030,לכאן,[to] here,A1,0.775,model_predicted
9031,תמצא,you will find (m.s.) / she will find / will be found (f.s.),A1,0.851,model_predicted
9032,ופעם,and once / and at one time,A1,0.615,model_predicted
9033,והלכה,and walked / and went (f.s.) / and the Jewish law,A1,0.81,model_predicted
9034,שאון,noise,B1,0.364,model_predicted
9035,שאפילו,that even / that although,A1,0.795,model_predicted
9036,שהכל,that everything,A1,0.795,model_predicted
9037,עליכם,on you / about you (m.pl.),A1,0.851,model_predicted
9038,זקוף,erect / upright,B1,0.316,model_predicted
9039,אכל,ate (m.s.),B1,0.298,model_predicted
9040,החלונות,the windows,A1,0.772,model_predicted
9041,דשא,grass,A1,0.535,model_predicted
9042,בהכנעה,humbly / submissively,C1,0.396,model_predicted
9043,נברא,created,B1,0.388,model_predicted
9044,מלאו,were filled / were completed,A1,0.62,model_predicted
9045,מוסיף,adds (m.s.),A2,0.431,model_predicted
9046,מחפשת,searches (f.s.),A2,0.434,model_predicted
9047,למרבה,to the great,A1,0.448,model_predicted
9048,לתלות,to hang / to suspend,B1,0.471,model_predicted
9049,להרים,to lift,B1,0.494,model_predicted
9050,להסב,to modify / to sit at ease / to endorse,C1,0.446,model_predicted
9051,תבוא,you will come (m.s.) / she will come,A1,0.851,model_predicted
9052,וחזק,and strong / and strongly,B1,0.373,model_predicted
9053,וחזרו,and returned / and repeated (pl.),B1,0.367,model_predicted
9054,וטוב,and good,A1,0.76,model_predicted
9055,וסיפר,and told (m.s.) / and cut (hair),A1,0.484,model_predicted
9056,ונשא,and carried / and married (m.s.),A2,0.391,model_predicted
9057,שרצו,that/who wanted (pl.) / that they wanted,A1,1.0,concordance
9058,פרות,cows,A1,0.752,model_predicted
9059,פסגת,top / peak / summit,A2,0.503,model_predicted
9060,עוררו,woke / have excited (pl.),B1,0.387,model_predicted
9061,זריחת,the shine of,B2,0.326,model_predicted
9062,חרוץ,diligent,C1,0.638,model_predicted
9063,כרגיל,as usual,A2,0.455,model_predicted
9064,התקרה,the ceiling,A2,0.382,model_predicted
9065,הפתעה,surprise,B1,0.438,model_predicted
9066,ההליכה,the walk,A1,0.834,model_predicted
9067,ההקלות,the alleviations,C1,0.61,model_predicted
9068,הרגילה,the usual (f.s.),A2,0.455,model_predicted
9069,הסתיו,the autumn,A1,0.306,model_predicted
9070,גנב,thief (m.s.) / stole (m.s.),B1,0.38,model_predicted
9071,בבקר,in the morning / in cattle,A1,0.86,model_predicted
9072,רשע,mean / evil / evil,A2,0.331,model_predicted
9073,נמכרים,are sold,A1,0.786,model_predicted
9074,נשמעה,sounded (f.s.),A2,0.354,model_predicted
9075,נסעו,drove / traveled (pl.),A1,0.673,model_predicted
9076,מהלכים,moves / steps / distances,A2,0.399,model_predicted
9077,ימשיך,will continue (m.s.),A1,0.714,model_predicted
9078,יישארו,will stay / will remain / will be left (pl.),A1,0.714,model_predicted
9079,למשרד,to/for an office / to/for a bureau / to/for a Ministry / to/for the office / to/for the bureau / to/for the Ministry,A1,0.707,model_predicted
9080,לקול,to/for a voice / to the sound of,A1,0.495,model_predicted
9081,להימשך,to continue / to be pulled / to be attracted,B1,0.378,model_predicted
9082,להתחבא,to hide,B2,0.346,model_predicted
9083,להשאיר,to leave,A1,0.682,model_predicted
9084,לסיומו,to its end,A1,0.823,model_predicted
9085,תישאר,she will stay / you will stay (m.s.),A1,0.841,model_predicted
9086,ושמן,and fat (adj.) (m.s.) / and their name (f.pl.),A1,1.0,concordance
9087,והלך,and walked / and went (m.s.),A1,0.81,model_predicted
9088,וביום,and on [day],A1,0.844,model_predicted
9089,ובדרך,and on the way / and in a way,A1,0.731,model_predicted
9090,שיבח,praised (m.s.),B1,0.305,model_predicted
9091,שלוחות,branches / extensions,B2,0.299,model_predicted
9092,שחורות,black (f.pl.),A1,0.766,model_predicted
9093,שחשבו,that thought (pl.),A1,0.795,model_predicted
9094,קברים,graves,B1,0.291,model_predicted
9095,עני,answer (f.s. imperative),A1,0.72,model_predicted
9096,חותם,seal,A1,0.547,model_predicted
9097,אוכלים,eating (m.pl.),A1,0.807,model_predicted
9098,חגיגיים,festive (m.pl.),B1,0.335,model_predicted
9099,כפוף,bowed / bent / subordinate (m.s.),C1,0.392,model_predicted
9100,הוסר,was removed,A2,0.447,model_predicted
9101,הקיצוני,the extreme / the extremist / the radical (m.s.),C1,0.376,model_predicted
9102,הקרובות,the close / the relatives (f.pl.),A1,0.352,model_predicted
9103,העיניים,the eyes,A1,0.732,model_predicted
9104,הכרחי,necessary,A2,0.347,model_predicted
9105,הגה,steering wheel / sound / word / thought / meditated / pronounced (m.s.),A2,0.381,model_predicted
9106,הצעדים,the steps,A2,0.422,model_predicted
9107,הסתייגויות,reservations,C1,0.409,model_predicted
9108,דיברה,spoke / talked (f.s.),A1,0.36,model_predicted
9109,בחיפוש,in search / in the search,A2,0.434,model_predicted
9110,באיזו,in which / in what (f.),A1,0.768,model_predicted
9111,בכדורסל,in basketball,A1,1.0,concordance
9112,בהנחה,under the assumption / on sale,A2,0.429,model_predicted
9113,ברצינות,seriously,B1,0.382,model_predicted
9114,רכה,soft (f.s.),B1,0.372,model_predicted
9115,צריכות,need (f.pl.),A1,0.739,model_predicted
9116,סוחר,merchant / dealer / seller,A2,0.364,model_predicted
9117,נוגע,touches (m.s.),B1,0.429,model_predicted
9118,נוראה,awful / terrible (f.s.),B1,0.375,model_predicted
9119,מלווים,escorts / escort (m.pl.) / creditors,B1,0.367,model_predicted
9120,מודעת,aware (f.s.),C1,0.462,model_predicted
9121,משתמשת,uses / user (f.s.),A1,0.786,model_predicted
9122,משתה,party / feast,A1,1.0,concordance
9123,מקומם,their place / causes to rebel,A1,0.667,model_predicted
9124,מקווה,hopes (m.s.) / mikveh,B1,0.402,model_predicted
9125,מפואר,luxurious,C1,0.417,model_predicted
9126,מעמדם,their position / their status / their class,B1,1.0,concordance
9127,מאותם,from the same (m.pl.),A1,0.672,model_predicted
9128,מאנשים,from people,A1,0.672,model_predicted
9129,מכיכר,from a square,A1,0.672,model_predicted
9130,מכדי,more than required,A1,0.636,model_predicted
9131,מהמין,from the kind / from the species / from the gender / from the sex,B1,1.0,concordance
9132,מבקשים,ask / request / want (m.pl.),A1,0.737,model_predicted
9133,מרפא,cure / cures (m.s.),B2,0.335,model_predicted
9134,ימית,marine (f.s.),B1,0.319,model_predicted
9135,יחסיו,his relations,A1,0.788,model_predicted
9136,ירדה,went down / came down / descended / decreased (f.s.),A1,0.701,model_predicted
9137,למשטר,to/for a regime / to/for a reign / to/for the regime / to/for the reign,C1,0.508,model_predicted
9138,למענה,for her,A1,0.819,model_predicted
9139,למטרת,for the goal of,A2,0.524,model_predicted
9140,לקשור,to tie / to bond / to link,B1,1.0,concordance
9141,לפיהם,according to them,B1,0.344,model_predicted
9142,לפגיעה,to/for a hit / to/for an impact / to/for a damage / to/for an offense / to/for the hit / to/for the impact / to/for the damage / to/for the offense,A2,0.406,model_predicted
9143,לחקות,to mimic,C1,0.438,model_predicted
9144,לאגור,to collect / to accumulate,B1,0.377,model_predicted
9145,לכתבי,to the works of (books),A1,0.697,model_predicted
9146,להשוות,to compare,B1,0.351,model_predicted
9147,להפיל,to drop / to have an abortion,B1,0.446,model_predicted
9148,להפך,vice versa,C1,0.33,model_predicted
9149,להפליג,to sail,B1,0.419,model_predicted
9150,להפחית,to reduce,B2,0.368,model_predicted
9151,לבל,lest,B1,0.382,model_predicted
9152,לרשת,to the net / to inherit,B1,0.259,model_predicted
9153,לציית,to obey,C1,0.415,model_predicted
9154,לסתום,to block / to plug,B1,1.0,concordance
9155,לנמל,to a harbor / to the harbor,B2,0.315,model_predicted
9156,תמיכתו,his support,A1,0.788,model_predicted
9157,תשובות,answers / replies / returns / repentance,A1,0.72,model_predicted
9158,תעלות,channels / canals / trenches,B1,1.0,concordance
9159,תכשירים,preparation,B1,0.352,model_predicted
9160,ויכול,and can (m.s.),A1,0.728,model_predicted
9161,ולהפוך,and to invert / and to convert / and to turn / and to become / and to transform,C1,0.445,model_predicted
9162,וכעבור,and after [time period],A1,0.511,model_predicted
9163,ובמקום,and instead / and in place of / and at /in the place,A2,0.512,model_predicted
9164,שמחו,were glad / were happy,A1,0.62,model_predicted
9165,שילם,paid (m.s.),A2,0.474,model_predicted
9166,שתו,drank (pl.),A1,0.75,model_predicted
9167,שושנת,rose of,B1,1.0,concordance
9168,שקרים,lies,B1,0.396,model_predicted
9169,שעורר,the/who woke / that/who has excited,A1,1.0,concordance
9170,שגוי,erroneous / wrong / incorrect,C1,0.63,model_predicted
9171,שבמשך,that for a duration of,A1,0.795,model_predicted
9172,שבמקרה,that in case / that accidentally,A1,0.795,model_predicted
9173,שבתוכו,that is inside him/it,A1,0.795,model_predicted
9174,שרוב,which most,A1,0.768,model_predicted
9175,שנשאו,that/who carried / who married (pl.),A1,1.0,concordance
9176,קווים,lines,A1,0.553,model_predicted
9177,פותחה,was developed,A2,0.447,model_predicted
9178,פוגעים,hit / damage / offensive (m.pl.),B2,1.0,concordance
9179,עוינים,hostile,C1,0.519,model_predicted
9180,עורכי,editors of / arrangers of (m.pl.),B2,1.0,concordance
9181,ערבה,pleasant / surety (f.s.) / was pleasant,A1,0.456,model_predicted
9182,אמיתיים,real (m.pl.),A2,0.384,model_predicted
9183,אויבים,enemies,C1,0.411,model_predicted
9184,זווית,angle / corner,C1,0.354,model_predicted
9185,חוש,sense,A2,0.335,model_predicted
9186,חוט,wire,B1,0.341,model_predicted
9187,חשדות,suspicions,C1,0.518,model_predicted
9188,זרמו,flew (pl.),B1,0.413,model_predicted
9189,אנטישמיות,Antisemitism,C1,0.607,model_predicted
9190,כיסוי,cover,A2,0.429,model_predicted
9191,כשלו,failed (pl.),B1,0.393,model_predicted
9192,כאבי,pains of,A2,0.395,model_predicted
9193,כספי,financial / monetary / my money,B2,0.355,model_predicted
9194,המהיר,the fast / the rapid / the quick (m.s.),A2,0.439,model_predicted
9195,הימין,the right,A1,0.749,model_predicted
9196,היוצאים,the departing / the leaving,C1,0.371,model_predicted
9197,הישר,the straight (m.s.),B1,0.399,model_predicted
9198,התלונן,complained (m.s.),B1,0.346,model_predicted
9199,התכונה,the character / the attribute / the commotion,B1,0.372,model_predicted
9200,הוקדש,was dedicated to / was devoted,A2,0.447,model_predicted
9201,הוכרה,was recognized,A2,0.447,model_predicted
9202,הובלו,were led / were transported (pl.),A1,0.62,model_predicted
9203,השאלות,the questions / landings,A1,0.719,model_predicted
9204,העתיקים,the ancient / the old (m.pl.),C1,0.314,model_predicted
9205,העקרונות,the principles,C1,0.511,model_predicted
9206,החלטתו,his decision,A1,0.788,model_predicted
9207,החודש,the month / this month,A1,0.827,model_predicted
9208,האדומה,the red (f.s.),A1,0.796,model_predicted
9209,הזרות,the foreign / the strangers (f.) / the strangeness,A2,0.465,model_predicted
9210,הכיס,the pocket,A1,0.439,model_predicted
9211,הכללים,the rules,B1,0.389,model_predicted
9212,הכלואים,the imprisoned (m.pl.),C1,0.513,model_predicted
9213,הדגיש,stressed / emphasized (m.s.),C1,0.381,model_predicted
9214,הגשמים,the rains,A1,0.728,model_predicted
9215,הגביר,the rich man / the lord / increased / amplified / strengthened (pl.),A1,1.0,concordance
9216,הגב,the back,A1,0.553,model_predicted
9217,הבינה,understood (f.s.),B1,0.326,model_predicted
9218,הרושם,the impression / that/who writes (m.s.),A1,1.0,concordance
9219,הציון,the marking / the pointing out / the grade,B2,0.36,model_predicted
9220,דפוס,print / pattern,B1,0.35,model_predicted
9221,במשק,in an economy / in a farm,B2,0.344,model_predicted
9222,במעמקי,from the depth of,A1,0.672,model_predicted
9223,במצבו,at his state / in his situation,B1,1.0,concordance
9224,בשבתות,on Saturdays,A1,0.735,model_predicted
9225,בקומה,on the [X] floor / at a height [of],A1,0.664,model_predicted
9226,בקבלת,on reception of,B1,0.475,model_predicted
9227,בעבור,for,A1,0.736,model_predicted
9228,באיכות,in a quality / in the quality,B2,0.363,model_predicted
9229,בחלקם,in part / in their part / [in] their share,A1,0.578,model_predicted
9230,בחג,during the holiday,B1,0.418,model_predicted
9231,בחרה,chose / selected / voted (f.s.),A2,0.353,model_predicted
9232,בהוראה,under an order,A2,0.429,model_predicted
9233,טיפות,drops,B1,0.446,model_predicted
9234,טבעה,her nature / drowned (f.s.),A1,0.819,model_predicted
9235,רפואי,medical (m.s.),A1,0.389,model_predicted
9236,רבו,fought (pl.) / his rabbi / his teacher,B1,0.372,model_predicted
9237,צער,sorrow / grief,B2,0.392,model_predicted
9238,צבעו,painted (pl.) / his/its color,A2,0.389,model_predicted
9239,צרים,narrow / enemies / lay siege to / created / shaped (m.pl.),B2,0.289,model_predicted
9240,ספקות,doubts,B2,0.407,model_predicted
9241,נמכר,was sold (m.s.),A2,0.447,model_predicted
9242,נמרצות,vigorous / energetic / lively (f.pl.),C1,0.48,model_predicted
9243,נאמן,loyal,C1,0.424,model_predicted
9244,נחשים,snakes,B1,0.393,model_predicted
9245,נכנסת,enters (f.s.),B1,0.316,model_predicted
9246,נגדה,against her,B2,0.346,model_predicted
9247,נבחרות,the teams / the elected / the selected (f.pl.),A2,1.0,concordance
9248,משקיפים,observers,C1,0.561,model_predicted
9249,מרידות,mutinies,C1,0.519,model_predicted
9250,להתקדמות,to/for an advance / to/for a progress / to/for the advance / to/for the progress,C1,0.412,model_predicted
9251,כיתור,surrounding / besetment,B1,0.344,model_predicted
9252,ההליכים,the procedures / the proceedings,B2,0.405,model_predicted
9253,הסחה,diversion / distraction,C1,0.543,model_predicted
9254,מצבת,gravestone of / establishment / strength (of an army unit),C1,0.375,model_predicted
9255,קברי,graves of,B1,0.291,model_predicted
9256,עותק,copy,A2,0.409,model_predicted
9257,התעלם,ignored,C1,0.411,model_predicted
9258,הושמדו,were destroyed / were exterminated (pl.),A1,0.62,model_predicted
9259,נכבש,was occupied (m.s.),A2,0.447,model_predicted
9260,מקלע,machine gun,A2,0.49,model_predicted
9261,מטרתו,his goal / his target,A1,0.788,model_predicted
9262,יריביו,his rivals / his opponents / his enemies,C1,1.0,concordance
9263,לטעון,to claim / to argue,B2,0.398,model_predicted
9264,ומצא,and found (m.s.),A1,0.403,model_predicted
9265,והמלחמה,and the war,A2,1.0,concordance
9266,והוחלף,and was replaced,A2,0.447,model_predicted
9267,שהוצבו,that were posted / that were placed,A1,0.795,model_predicted
9268,שנודעו,that was known (m.s.),A1,0.795,model_predicted
9269,קיצונים,extreme (m.pl.) / extremists / radicals (m.pl.),C1,0.376,model_predicted
9270,עקבותיו,his traces / his footprints,A1,0.788,model_predicted
9271,אמורות,supposed (f.pl.),A2,0.393,model_predicted
9272,אחיינו,his nephew,A1,0.788,model_predicted
9273,כישלונו,his failure,A1,0.788,model_predicted
9274,המתוכננת,the planned (f.s.),A2,0.382,model_predicted
9275,המשכילים,the educated / the scholars,B1,0.304,model_predicted
9276,המקוריות,the original (f.pl.),B1,1.0,concordance
9277,המכשול,the obstacle / the hurdle,C1,0.352,model_predicted
9278,המנהיגים,the leaders,B1,0.287,model_predicted
9279,הישגים,achievements,C1,0.467,model_predicted
9280,היבשתי,the continental / the terrestrial,C1,0.388,model_predicted
9281,התוצרת,the produce / the output,A2,0.331,model_predicted
9282,הולם,fits (cloth) / appropriate,A2,1.0,concordance
9283,השתלטו,took control (pl.),B1,1.0,concordance
9284,העונש,the punishment,C1,0.436,model_predicted
9285,החוקית,the legal (f.s.),B2,1.0,concordance
9286,הכריזו,proclaimed / announced / declared (pl.),C1,0.587,model_predicted
9287,הגבירו,increased / amplified / strengthened (pl.),B1,0.318,model_predicted
9288,דרשה,required / demanded (f.s.),A2,0.375,model_predicted
9289,בחופזה,hastily,C1,0.46,model_predicted
9290,סופו,his/its end,A1,0.788,model_predicted
9291,נקטו,took (action / step) (pl.),A1,0.35,model_predicted
9292,מלומדים,scholars,C1,0.459,model_predicted
9293,מתנגד,resists / objects (m.s.),C1,0.498,model_predicted
9294,מפורשת,explicit,C1,0.52,model_predicted
9295,מאן,refused (m.s.),B2,0.372,model_predicted
9296,מהירים,fast / rapid / quick (m.pl.),A2,0.439,model_predicted
9297,מהספינה,from the ship,A1,0.672,model_predicted
9298,מהנדס,engineer,B1,0.377,model_predicted
9299,מרשימים,impressive (m.pl.),B1,0.325,model_predicted
9300,ילידי,natives of,B1,0.357,model_predicted
9301,למאסר,to incarceration / to the incarceration,C1,0.598,model_predicted
9302,לתוקף,to/for an attacker / to/for the attacker / valid from / effective from,B2,0.365,model_predicted
9303,לשאר,to/for the rest,A2,0.344,model_predicted
9304,לאותו,to/for the same,A1,0.685,model_predicted
9305,לאספה,to a meeting / to the meeting,A1,0.614,model_predicted
9306,תוצאותיה,its results / its consequences (f.s.),A1,0.823,model_predicted
9307,תרמו,donated / contributed (pl.),B2,0.371,model_predicted
9308,ולקבל,and to receive / and to accept,B1,0.437,model_predicted
9309,ולדברי,and according to,B1,0.344,model_predicted
9310,ופעלו,and operated / and acted,B2,0.339,model_predicted
9311,ואמנות,and art,A1,0.624,model_predicted
9312,וחוסר,and lack / and deficiency / and shortage / and deficit,B2,0.364,model_predicted
9313,ובצפון,and in the north,A1,0.444,model_predicted
9314,ובניגוד,and as opposed to / and contrary to,C1,0.454,model_predicted
9315,שייכות,relevance / relation / ownership,C1,0.596,model_predicted
9316,שיותר,that more,A1,0.795,model_predicted
9317,שיקפו,reflected,C1,0.552,model_predicted
9318,שקיעה,sinking / decline / sunset,C1,0.369,model_predicted
9319,שרפו,burned (pl.),B1,0.409,model_predicted
9320,קורט,very small amount,A1,0.744,model_predicted
9321,חילק,divided / distributed (m.s.),C1,0.45,model_predicted
9322,חולק,shares / disagrees (m.s.),B1,0.396,model_predicted
9323,אסר,forbade / imprisoned (m.s.),C1,0.425,model_predicted
9324,המלכותית,the royal (f.s.),B1,0.34,model_predicted
9325,המשרד,the office / the bureau / the Ministry,A1,0.707,model_predicted
9326,המחוז,the district,B1,0.324,model_predicted
9327,המסעות,the journeys,A2,0.359,model_predicted
9328,היצירות,the formations / the creations / the making / the works of art / the compositions,C1,0.435,model_predicted
9329,התחתן,got married (m.s.),A1,0.701,model_predicted
9330,הוצאתם,you spent / you took out / you published (m.pl.),A1,0.851,model_predicted
9331,השמידו,destroyed / exterinated (pl.),C1,0.409,model_predicted
9332,השמרנים,the conservatives,C1,0.507,model_predicted
9333,העלתה,raised / increased / lifted / brought up (f.s.),B1,0.407,model_predicted
9334,העתידי,the prospective / the futuristic (m.s.),C1,0.537,model_predicted
9335,האסטרטגי,the strategic (m.s.),C1,0.469,model_predicted
9336,ההתארגנות,the organization (getting organized),C1,0.345,model_predicted
9337,הגירת,the immigration of,B1,0.301,model_predicted
9338,הבדלי,differences of,A1,0.506,model_predicted
9339,הצפה,flooding / flotation,C1,0.441,model_predicted
9340,במשבר,in a crisis / in the crisis,B2,0.427,model_predicted
9341,במפורש,explicitly,C1,0.589,model_predicted
9342,במצור,under siege / during the siege,A2,0.429,model_predicted
9343,ביגוד,clothing,A1,0.642,model_predicted
9344,בפריצה,in a breakthrough / in a burglary / in an irruption / in the breakthrough / in the burglary / in the irruption,C1,0.509,model_predicted
9345,באלימות,violently,B2,0.393,model_predicted
9346,באכזריות,cruelly / viciously,C1,0.463,model_predicted
9347,בכלכלה,in economy,B2,0.344,model_predicted
9348,בהוצאות,[in] expenses / in editions / in publishing houses,C1,0.402,model_predicted
9349,צלב,cross,A2,0.503,model_predicted
9350,צומת,junction,B2,0.361,model_predicted
9351,נמנעת,is prevented / abstains (f.s.),C1,0.5,model_predicted
9352,נקברו,were buried,A1,0.62,model_predicted
9353,נהרות,rivers,A1,0.725,model_predicted
9354,נגדם,against them,B2,0.346,model_predicted
9355,ממלכות,kingdoms,B2,0.311,model_predicted
9356,מותם,their death,A1,0.667,model_predicted
9357,מותרות,luxury,C1,0.386,model_predicted
9358,מוקדמות,early / preliminary (f.pl.),A1,0.757,model_predicted
9359,מועצה,council,A2,0.331,model_predicted
9360,משלימים,complete (m.pl.),A2,0.382,model_predicted
9361,משקלו,his/its weight,A1,0.788,model_predicted
9362,מעולה,excellent,A2,0.423,model_predicted
9363,מחודש,renewed,C1,0.485,model_predicted
9364,מכשול,obstacle / hurdle,C1,0.352,model_predicted
9365,מהמילה,from the word,A1,0.672,model_predicted
9366,מהאוכלוסייה,from the population,A1,0.672,model_predicted
9367,מרחקים,far away / lengths,A1,0.38,model_predicted
9368,מנהיגות,leadership,C1,0.412,model_predicted
9369,יחסיה,her relations,A1,0.819,model_predicted
9370,למשבר,to/for the crisis / to/for a crisis,B2,0.427,model_predicted
9371,לשיפור,to/for the improvement / to/for an improvement,C1,0.337,model_predicted
9372,לשר,to/for the minister / to/for a minister,B2,1.0,concordance
9373,לפגוש,to meet,A1,0.616,model_predicted
9374,לעצירת,for stopping of / for the stopping of / for the cease of,B2,0.344,model_predicted
9375,לכנסייה,to church / to the church,A1,0.462,model_predicted
9376,לבירת,to the capital of,A2,0.477,model_predicted
9377,לסופרים,to/for authors / to/for the authors,B1,0.356,model_predicted
9378,וירקות,and vegetables,A1,0.549,model_predicted
9379,וולקני,volcanic,C1,0.363,model_predicted
9380,ושימוש,and use,A2,0.369,model_predicted
9381,ועקב,and due to / and because of / and followed (m.s.) / and a heel,A1,0.631,model_predicted
9382,ועברו,and passed / and crossed / and went through (pl.),A2,0.41,model_predicted
9383,ונבנה,and was built / and we will build,A2,0.447,model_predicted
9384,שמאחורי,that is behind / that is behind me,A1,0.795,model_predicted
9385,ששכנה,that/who lived / that/who dwelt (f.s.) / that a neighbor (f.s.),A1,1.0,concordance
9386,שקמו,that/who stood up / that/who woke up / that were established,A1,1.0,concordance
9387,שאירע,that happened / that occurred (m.s.),A1,0.795,model_predicted
9388,שסברו,that/who thought / that/who assumed (pl.),A1,1.0,concordance
9389,שניסח,who phrased,A1,1.0,concordance
9390,פליטים,refugees / survivors (m.pl.),B1,0.321,model_predicted
9391,פלא,wonder / miracle,A2,0.467,model_predicted
9392,פלדה,steel,A2,0.523,model_predicted
9393,פומבית,public / overt (f.s.),B1,0.421,model_predicted
9394,פורה,fertile / productive,C1,0.446,model_predicted
9395,פחם,coal,A2,0.346,model_predicted
9396,ערוץ,channel,A1,0.418,model_predicted
9397,עצר,stopped / arrested (m.s.),B1,0.423,model_predicted
9398,אמונים,faith / confidence / trained (m.pl.),B2,0.402,model_predicted
9399,חירום,emergency,B1,0.462,model_predicted
9400,אוכלוסין,population,B1,0.362,model_predicted
9401,חטיבות,brigades / sections,C1,0.447,model_predicted
9402,כמורה,clergy / as a teacher (m.s.) / as a teacher (f.s.),C1,0.455,model_predicted
9403,כיפת,yarmulke / cap / dome,C1,0.368,model_predicted
9404,כדרך,the same way as / as the way / as the road,A1,0.685,model_predicted
9405,כרב,as a rabbi,B2,0.304,model_predicted
9406,המתאימה,the suitable / the appropriate / the applicable / the identical (f.s.) / hamoderniyot,C1,0.375,model_predicted
9407,המודרניות,the modern (f.pl.) / modernism / the modernism,A2,0.417,model_predicted
9408,המשפיע,that effects / that influences (m.s.),A1,0.795,model_predicted
9409,המפגש,the meeting / the encounter / the reunion,A1,0.614,model_predicted
9410,המאמינים,the believers,C1,0.433,model_predicted
9411,התאוריות,the theories,C1,0.464,model_predicted
9412,הוכנסו,were inserted / were entered,A1,0.62,model_predicted
9413,הוטלו,were cast / were thrown,A1,0.62,model_predicted
9414,הוצאות,expenses / editions / publishing houses,C1,0.402,model_predicted
9415,השירות,the service,B1,1.0,concordance
9416,השקפה,stance / point of view / looking,C1,0.487,model_predicted
9417,הקפה,surrounding / encircling,B1,0.344,model_predicted
9418,הקדומות,the ancient (f.pl.),C1,0.314,model_predicted
9419,האמצעים,the means / the middle,A2,0.331,model_predicted
9420,האופייניים,The characteristic (m.pl.),C1,0.587,model_predicted
9421,החזקים,the strong (m.pl.),B1,0.373,model_predicted
9422,האגודה,the association,C1,0.46,model_predicted
9423,האגם,the lake,A1,0.636,model_predicted
9424,הכריע,decided / subdued (m.s.),A2,0.367,model_predicted
9425,הדואר,the mail,A1,0.602,model_predicted
9426,הדרגתי,gradual (m.s.),C1,0.459,model_predicted
9427,הגעתו,his arrival,A1,0.788,model_predicted
9428,הגבלות,restriction of / limitation of,C1,0.556,model_predicted
9429,הרפואיות,the medical (f.pl.),A1,0.389,model_predicted
9430,הציוויליזציה,civilization,C1,0.555,model_predicted
9431,הסתיימו,ended (pl.),B1,0.44,model_predicted
9432,הנדרש,the required (m.s.),A2,0.375,model_predicted
9433,דיני,my judgment / my sentence / my law / laws of,C1,0.428,model_predicted
9434,גבעות,hills,A2,0.421,model_predicted
9435,במעצר,under arrest,A2,0.429,model_predicted
9436,במאמץ,with an effort,A1,0.565,model_predicted
9437,במבנים,in buildings / in constructions / in the buildings / in the constructions,A1,0.534,model_predicted
9438,במסגרתו,in its framework,A1,0.823,model_predicted
9439,ביומנו,in his diary / in our day,A1,0.788,model_predicted
9440,בינם,between them (m.),A2,0.322,model_predicted
9441,בשיאו,at his/its top / at his/its peak,A1,0.788,model_predicted
9442,בשפות,in the languages / on the edges / in languages / on edges / in the languages of / on the edges of,A1,0.751,model_predicted
9443,באיחוד,in the union / in a union,B1,1.0,concordance
9444,באיטיות,slowly,B1,0.303,model_predicted
9445,בטוחים,secure / safe / certain (m.pl.),C1,0.397,model_predicted
9446,בצפיפות,dense / crowded,C1,0.51,model_predicted
9447,טיפוסי,characteristic,C1,0.587,model_predicted
9448,טיהור,purification,C1,0.597,model_predicted
9449,טבעיות,natural (f.pl.),B1,1.0,concordance
9450,טריים,fresh,A2,0.359,model_predicted
9451,טרופיים,tropical (m.s.),B1,0.375,model_predicted
9452,נישואין,marriage,A2,0.327,model_predicted
9453,מוסמכים,authorized,C1,0.451,model_predicted
9454,מנמל,from a harbor,A1,0.672,model_predicted
9455,תגמול,pay back / recompense,A2,0.451,model_predicted
9456,אזכור,I will remember / reference / mention,A1,0.714,model_predicted
9457,המפקדה,the headquarters,B2,0.355,model_predicted
9458,המרבי,the maximal,C1,0.53,model_predicted
9459,הלוואה,loan,B2,0.312,model_predicted
9460,הזמנית,the temporary,C1,0.489,model_predicted
9461,הציונים,the Zionists (m.pl.) / the Zionist (m.pl.),C1,0.549,model_predicted
9462,ברכבת,by the train / on the train / by train / on a train,A1,0.675,model_predicted
9463,מח,brain,A1,0.409,model_predicted
9464,יציאתם,their exit,A1,0.667,model_predicted
9465,פירוט,detailing,C1,0.478,model_predicted
9466,חביב,pleasant / nice,A1,0.456,model_predicted
9467,כמקובל,as accepted / as conventional,C1,0.402,model_predicted
9468,הנהגה,leadership,C1,0.412,model_predicted
9469,ממוצעת,average (f.s.),B1,0.351,model_predicted
9470,מקבילים,parallel (m.pl.),C1,0.452,model_predicted
9471,מפורטים,detailed (m.pl.),B1,0.354,model_predicted
9472,מדור,department / compartment / branch,B1,0.301,model_predicted
9473,מדריכים,guides / instructors / trainers,A2,0.408,model_predicted
9474,מגוש,from a lump / from a block / from a mass /from a region,B1,1.0,concordance
9475,וארגון,and an organization (n.) / and the organization of (v.),C1,0.345,model_predicted
9476,ובזמן,and while / and during,A1,0.621,model_predicted
9477,שלפי,that according to,A1,0.795,model_predicted
9478,שולטת,rules / controls (f.s.),B1,1.0,concordance
9479,שוד,robbery,C1,0.345,model_predicted
9480,פלגות,groups (mil.) / division (family),B2,1.0,concordance
9481,אומץ,courage,B2,0.359,model_predicted
9482,אגודות,associations,C1,0.46,model_predicted
9483,כימיים,chemical (adj.) (m.pl.),B2,0.447,model_predicted
9484,המנון,anthem,A2,0.452,model_predicted
9485,הוותיקים,the veterans / the seniors,B2,1.0,concordance
9486,הצליינים,the pilgrims,C1,0.462,model_predicted
9487,בנקים,banks,A1,1.0,concordance
9488,בנס,by miracle,B2,0.373,model_predicted
9489,סימטרי,symmetrical,C1,0.579,model_predicted
9490,מלבני,rectangular / oblong,C1,0.426,model_predicted
9491,מתבצע,being performed / is carried out (m.s.),B1,0.297,model_predicted
9492,מאבד,loses (m.s.),B1,0.32,model_predicted
9493,מהמקובל,than conventional,A1,0.642,model_predicted
9494,לידה,near her / next to her,A2,0.398,model_predicted
9495,פוצץ,detonated / exploded (m.s.),C1,0.427,model_predicted
9496,עמוקים,deep (m.pl.),B2,0.322,model_predicted
9497,אינטליגנציה,intelligence,C1,0.563,model_predicted
9498,אדומים,red (m.pl.),A1,0.796,model_predicted
9499,חבורת,a group of,A1,0.462,model_predicted
9500,כשלעצמו,by itself / as for himself,A2,0.438,model_predicted
9501,המשמעותי,the significant (m.s.),C1,0.444,model_predicted
9502,המקובלים,the accepted / the conventional / the popular (m.pl.),C1,0.402,model_predicted
9503,היכול,that/who can / can you?,A1,1.0,concordance
9504,השיפוץ,the renovation,C1,0.562,model_predicted
9505,השריפות,the fires,A1,0.464,model_predicted
9506,העברה,pass / transfer,B1,0.305,model_predicted
9507,האתרים,the sites,A1,0.525,model_predicted
9508,הביטויים,the expressions,B2,0.357,model_predicted
9509,גרניט,granite,C1,0.309,model_predicted
9510,במונחים,in terms / in the terms,A1,0.396,model_predicted
9511,טיפל,treated (m.s.),B1,0.426,model_predicted
9512,טיעונים,arguments,B1,1.0,concordance
9513,רשומים,listed / enrolled / written,A2,0.414,model_predicted
9514,צידי,hunters of / sides of,A2,0.371,model_predicted
9515,מילת,word of,A1,0.796,model_predicted
9516,מתבצעת,being performed / is carried out (f.s.),B1,0.297,model_predicted
9517,מושפע,is effected / is influenced,C1,0.53,model_predicted
9518,מובנת,understood / built in (f.),B1,0.326,model_predicted
9519,מקצועית,professional (f.s.),B1,1.0,concordance
9520,מחזק,strengthens (m.s.),C1,0.525,model_predicted
9521,מדריך,guide / instructor / trainer,A2,0.408,model_predicted
9522,מטבחי,my kitchen / the kitchens of,A1,0.745,model_predicted
9523,מסומנת,marked (f.s.),A2,0.443,model_predicted
9524,מנהגי,customs of,B1,0.396,model_predicted
9525,ישיבה,meeting / Yeshiva (rabbinical college),A1,0.614,model_predicted
9526,ללימודי,for the study of,A1,0.531,model_predicted
9527,לתאי,to/for the cells of / to/for my cell,A1,0.391,model_predicted
9528,לפתרון,to a solution / to the solution / to the solution of,B1,0.302,model_predicted
9529,תלמידיו,his pupils / his students,A1,1.0,concordance
9530,ומהם,and from them (m.),A1,0.672,model_predicted
9531,ומנהרות,and tunnels,B1,1.0,concordance
9532,ועברה,and passed / and crossed / and went through (f.s.),A2,0.41,model_predicted
9533,והשפעה,and an effect / and an influence,B2,0.374,model_predicted
9534,ובשנים,and in the years / and in years,A1,0.821,model_predicted
9535,ונס,and a miracle,B2,0.373,model_predicted
9536,שוכנת,lives / dwells (f.s.) / that/who were introduced / that were displayed / that were presented / that were,A1,1.0,concordance
9537,שהוצגו,shehutsgu / exhibited (pl.),C1,0.363,model_predicted
9538,שרבים,that/which many,A1,0.795,model_predicted
9539,שנבחר,that/who was elected / that/who was selected (m.s.),A1,1.0,concordance
9540,קרי,literal meaning,B2,0.398,model_predicted
9541,פרשנות,interpretation / commentary,C1,0.597,model_predicted
9542,חלשות,weak (f.pl.),C1,0.446,model_predicted
9543,כלליים,general (m.pl.),B1,1.0,concordance
9544,כחולה,blue (f.s.),A1,0.749,model_predicted
9545,המשטח,the plane / the surface / the platform,A1,0.465,model_predicted
9546,המחייה,the subsistence / the livelihood,C1,0.648,model_predicted
9547,המאורע,the event,B1,0.505,model_predicted
9548,התבסס,became established / settled down / was based on (m.s.),B1,0.362,model_predicted
9549,הולדתו,his birth,A1,0.788,model_predicted
9550,הוערך,was assessed / was estimated / was valued,A2,0.447,model_predicted
9551,השלד,the skeleton / the framework,B2,1.0,concordance
9552,השוכן,that/who lives [in] (m.s.),A1,1.0,concordance
9553,הקיימות,the existing / that exist (f.pl.),C1,0.467,model_predicted
9554,העמודים,the pillars / the pages,B1,0.375,model_predicted
9555,האלוהים,God,A2,0.421,model_predicted
9556,החופש,the freedom,C1,0.45,model_predicted
9557,הכנרת,the sea of Galilee,A1,0.561,model_predicted
9558,ההשכלה,the education,B1,0.297,model_predicted
9559,הרצאות,lectures,A2,0.361,model_predicted
9560,הנובע,that stems from / that is derived from / that spouts,A1,0.795,model_predicted
9561,גורף,sweeps / blows (nose),B2,0.359,model_predicted
9562,במבוא,in an introduction / at an entrance / in the introduction / at the entrance,C1,0.396,model_predicted
9563,במרחקים,far away,A1,0.38,model_predicted
9564,ביחסי,in the relations of,B2,0.387,model_predicted
9565,בלבול,confusion,A2,0.329,model_predicted
9566,בחומרים,[in] materials / [in] the materials,B1,0.363,model_predicted
9567,בהתפתחות,in development / in the development,C1,0.457,model_predicted
9568,טעמו,his taste / its taste / tested (pl.),B1,1.0,concordance
9569,נגישים,accessible / approachable,C1,0.436,model_predicted
9570,קפלת,the chapel of,B1,0.295,model_predicted
9571,להיקרא,to be called,A1,0.664,model_predicted
9572,שהקים,that/who established (m.s.),A1,1.0,concordance
9573,אהבת,love of,A1,0.772,model_predicted
9574,במושג,in a concept / in the concept,B2,0.373,model_predicted
9575,ולרוב,and mostly,A2,0.515,model_predicted
9576,כדמות,in the shape of / in the image of / as the character of,B1,0.373,model_predicted
9577,בעמדת,in a position of / in the position of,B1,1.0,concordance
9578,משמעויות,meanings,A2,0.281,model_predicted
9579,מהדורה,edition,B2,0.297,model_predicted
9580,קודמים,former / previous (m.pl),B1,0.356,model_predicted
9581,אחיד,unified / homogenous / uniform,A2,1.0,concordance
9582,הקבורה,the burial,B2,0.389,model_predicted
9583,מושבו,his seat,A1,0.788,model_predicted
9584,מעוותת,distorts (f.s.) / distorted,C1,0.661,model_predicted
9585,מאמצע,from the middle of,A1,0.672,model_predicted
9586,מסתיימת,ends (f.s.),A1,0.621,model_predicted
9587,יריבו,they will fight / his opponent / his enemy,A1,0.721,model_predicted
9588,לייחס,to ascribe,C1,0.475,model_predicted
9589,להדגיש,to stress / to emphasize,B1,1.0,concordance
9590,ומוצרי,and the products of,A2,0.555,model_predicted
9591,ויוצרים,and create / and make (m.pl.),A2,0.38,model_predicted
9592,שנחשבו,that were considered,A1,0.795,model_predicted
9593,פילוסוף,philosopher,C1,0.563,model_predicted
9594,אחיזה,hold,B1,0.412,model_predicted
9595,המושגים,the terms,A1,0.396,model_predicted
9596,המסוגלים,that/who are capable,A1,1.0,concordance
9597,היווצרות,formation / creation / production,C1,0.435,model_predicted
9598,הולדת,birth,A1,0.595,model_predicted
9599,הקלאסי,the classical (m.s.),B2,0.377,model_predicted
9600,האטומי,the atomic,B2,0.415,model_predicted
9601,הביצות,the swamps,C1,0.364,model_predicted
9602,דורו,his generation,B1,1.0,concordance
9603,בטיחות,safety,B1,0.329,model_predicted
9604,הדקדוק,the grammar / the precision,C1,0.278,model_predicted
9605,בסרטים,in movies / with ribbons/strips / in the movies / with the ribbons/strips,A1,0.802,model_predicted
9606,מתמטיות,mathematical (f.pl.),C1,0.354,model_predicted
9607,הפקה,production,B2,0.371,model_predicted
9608,הגיבורים,the heroes,B1,0.352,model_predicted
9609,בתוכניות,in plans / in programs / in layouts / in the plans / in the programs / in the layouts,C1,1.0,concordance
9610,תגלית,discovery,C1,0.515,model_predicted
9611,עובדת,worker (f.s.) / the fact of,A2,0.584,model_predicted
9612,המקצועית,the professional (f.s.),B1,1.0,concordance
9613,השערות,speculations / assumptions / hypotheses / the hair,C1,0.459,model_predicted
9614,זיכתה,acquitted / credited / granted a right (f.s.),C1,0.596,model_predicted
9615,החמיץ,missed,A2,0.455,model_predicted
9616,הצליל,the sound,A1,0.581,model_predicted
9617,באורח,in a manner / in a way,C1,0.371,model_predicted
9618,מקבוצת,from the group of,A1,0.672,model_predicted
9619,מדורג,graded / terraced,C1,0.526,model_predicted
9620,למיני,to/for kinds of / to/for species of,A1,1.0,concordance
9621,לאופן,to/for a way / to/for the way,A1,0.731,model_predicted
9622,אינסופית,infinite,C1,0.593,model_predicted
9623,המרכיבים,the ingredients / that assemble / that constitute (m.pl),B2,0.315,model_predicted
9624,האויבים,the enemies,C1,0.411,model_predicted
9625,דגימות,samples,B2,0.375,model_predicted
9626,בסוגי,in kinds of / in classes of / in types of,A1,1.0,concordance
9627,צמיחת,growth of,B1,0.318,model_predicted
9628,מבחנה,test tube,A2,0.438,model_predicted
9629,לקולטני,to/for the receptors of,B2,0.414,model_predicted
9630,וריצה,and a run / and jogging (n.) / and pleased / and served (penalty) (v.) (m.s.),B1,1.0,concordance
9631,פציעות,injuries,B1,0.444,model_predicted
9632,זיווג,pairing / matching,C1,0.428,model_predicted
9633,אחסון,storage,B1,0.323,model_predicted
9634,החיידק,the bacterium,B2,0.388,model_predicted
9635,בתרבויות,in civilizations / in cultures / in the civilizations of / in the cultures of / in the civilizations / in the cultures,C1,0.555,model_predicted
9636,באצטדיון,in a stadium / in the stadium,A2,0.585,model_predicted
9637,בבדיקת,in the examination,B2,0.393,model_predicted
9638,מוגדרת,is defined (f.s.),C1,0.446,model_predicted
9639,מנוצל,used / exploited (m.s.),A2,0.393,model_predicted
9640,לתרופות,to/for the medications / to/for the drugs / to/for medications / to/for drugs,A2,0.417,model_predicted
9641,הלחות,the humidity,C1,0.392,model_predicted
9642,החידה,the riddle,A2,0.447,model_predicted
9643,גנטי,genetic (m.s.),C1,0.379,model_predicted
9644,הלכת,you walked / you went (m.s.) / you walked / you went (f.s.),A1,0.851,model_predicted
9645,סוכרים,sugars,A1,0.516,model_predicted
9646,שלבי,stages of / phases of / rungs of,B2,1.0,concordance
9647,קולטנים,receptors,B2,0.414,model_predicted
9648,אייל,deer,A2,0.349,model_predicted
9649,חלקיקים,particles,B2,0.443,model_predicted
9650,הפריה,fertilization,C1,0.413,model_predicted
9651,דג,fish,A1,0.615,model_predicted
9652,מועשר,enriched,C1,0.64,model_predicted
9653,התענית,you were tormented (m.s.) / you were tormented (f.s.),A1,0.851,model_predicted
9654,באינדוקציה,by induction,C1,0.616,model_predicted
9655,נשאים,carriers,B2,0.319,model_predicted
9656,האוזון,the ozone,B2,0.36,model_predicted
9657,הדוד,the uncle,A1,0.636,model_predicted
9658,מתחשק,desire for,B2,0.402,model_predicted
9659,משכתי,I pulled / I attracted / I withdrew,B1,0.53,model_predicted
9660,מקוריהם,their beaks,A1,0.667,model_predicted
9661,מעז,dares (m.s.),B1,0.403,model_predicted
9662,מחשבותי,my thoughts,B1,0.345,model_predicted
9663,מגוחכים,ridiculous (m.pl.),B1,0.365,model_predicted
9664,יכולנו,we could,A1,0.424,model_predicted
9665,לשמע,upon hearing,B2,0.331,model_predicted
9666,להתהלך,to walk,A1,0.834,model_predicted
9667,להגות,to think / to meditate / to pronounce,A1,0.492,model_predicted
9668,לבך,your heart (m.s.) / your heart (f.s.),A1,0.828,model_predicted
9669,לבא,to/for the next / to/for the person who is coming,A1,1.0,concordance
9670,לנוח,to rest,A2,0.344,model_predicted
9671,לנפול,to fall,A2,1.0,concordance
9672,תראי,look (f.s. imperative) / you will see (f.s.),A1,0.815,model_predicted
9673,ולמה,and why,A1,0.473,model_predicted
9674,וקראה,and read / and called (f.s.),A1,0.782,model_predicted
9675,ואתה,and you (m.s.),A1,0.851,model_predicted
9676,ואקום,vacuum,B2,0.372,model_predicted
9677,ואבך,and I cried (biblical),B1,0.349,model_predicted
9678,ואראה,and I will see,A1,0.714,model_predicted
9679,והתחכך,and rubbed himself,B2,0.398,model_predicted
9680,שמוע,hearing (in court),A2,0.359,model_predicted
9681,שישבה,that/who sat (f.s.),A1,1.0,concordance
9682,שאמרתי,that I said,A1,0.795,model_predicted
9683,שאמרה,who said (f.s.),A1,1.0,concordance
9684,קידה,bow,B1,0.402,model_predicted
9685,קוקיה,cuckoo,B1,0.315,model_predicted
9686,פקחתי,I opened (eyes),A1,0.532,model_predicted
9687,פחים,cans,A1,0.728,model_predicted
9688,אמצא,center / middle,A1,0.505,model_predicted
9689,חתיכות,pieces,A2,0.523,model_predicted
9690,אתך,with you (m.s.) / with you (f.s.),A1,0.565,model_predicted
9691,זחלים,caterpillars,C1,0.448,model_predicted
9692,אדוני,Sir / God,A1,0.417,model_predicted
9693,אגרופי,my fist,B1,0.423,model_predicted
9694,חביבי,my dear,A1,0.525,model_predicted
9695,אבקש,I will ask,A1,0.714,model_predicted
9696,אנסה,I will try / forced / raped (f.s.),A1,0.714,model_predicted
9697,כור,reactor / melting pot,B1,1.0,concordance
9698,כרי,my pillow / meadows of,A2,0.489,model_predicted
9699,כראוי,properly / appropriately / well,C1,0.405,model_predicted
9700,המיסכנים,the miserable (m.pl.),B2,0.388,model_predicted
9701,המכתב,the letter,A1,0.786,model_predicted
9702,המגלה,the discoverer / that/who discovers,A1,1.0,concordance
9703,התישבה,sat / settled (f.s.),A1,0.746,model_predicted
9704,התפתל,twisted / wound (m.s.),C1,0.48,model_predicted
9705,הורדים,the roses,B1,1.0,concordance
9706,השיחים,the bushes,A2,0.285,model_predicted
9707,השלשולים,the diarrhea / the earthworms,C1,0.302,model_predicted
9708,העלטה,the darkness,B2,0.371,model_predicted
9709,הכרתי,I knew / I recognized,A1,0.632,model_predicted
9710,הגינה,the garden,A1,0.684,model_predicted
9711,הביט,looked (m.s.),A1,0.734,model_predicted
9712,הרפו,let go (m.s.),A1,0.438,model_predicted
9713,הצרור,the bundle / the package,C1,0.401,model_predicted
9714,הסיר,removed (m.s.),B1,0.397,model_predicted
9715,הספקתי,I made it [on time],A1,0.448,model_predicted
9716,הנהו,here he is,A1,0.775,model_predicted
9717,גולם,cocoon,C1,0.416,model_predicted
9718,בלאט,quietly,B2,0.353,model_predicted
9719,בשבילה,for her,A1,0.819,model_predicted
9720,בעליצות,with joy / playfully,A1,0.565,model_predicted
9721,בעונג,with pleasure,A1,0.565,model_predicted
9722,בדיתי,I fabricated,C1,0.561,model_predicted
9723,ברוחי,in my spirit,B2,0.383,model_predicted
9724,ברקת,agate,C1,0.383,model_predicted
9725,בצלחתי,in my plate,A1,0.487,model_predicted
9726,צרור,bundle / package,C1,0.401,model_predicted
9727,סרתי,I moved away / I dropped in,A2,0.434,model_predicted
9728,נתתי,I gave,A1,0.369,model_predicted
9729,נטיתי,I was inclined / I tended to,A2,0.447,model_predicted
9730,מלכה,queen,A2,0.356,model_predicted
9731,מכולם,from all,A1,1.0,concordance
9732,מגוחך,ridiculous (m.s.),B1,0.365,model_predicted
9733,מצה,matzoh,C1,0.365,model_predicted
9734,יישאר,will stay / will remain / will be left (m.s.),A1,0.714,model_predicted
9735,להתעסק,to deal / to engage,A1,0.542,model_predicted
9736,להועיל,to be useful,A2,0.416,model_predicted
9737,ומבלי,and without,A2,0.455,model_predicted
9738,שידע,that/who knew (m.s.),A1,1.0,concordance
9739,שככה,that like this,A1,0.795,model_predicted
9740,שהיית,that you were (m.s.) / that you were (f.s.),A1,0.795,model_predicted
9741,שרץ,creep,C1,0.403,model_predicted
9742,פעמוני,bells of,A2,0.454,model_predicted
9743,חיש,quickly,A2,0.44,model_predicted
9744,חולץ,was rescued / taken off,A2,0.447,model_predicted
9745,אצטרך,I will need,A1,0.714,model_predicted
9746,כיון,direction / adjustment / tuning,B1,0.338,model_predicted
9747,כתפי,my shoulder / the shoulders of,B1,0.372,model_predicted
9748,כנפיה,her/ its wings,A1,0.819,model_predicted
9749,המטוס,the airplane,A2,0.468,model_predicted
9750,הפסד,loss,C1,0.34,model_predicted
9751,העיקר,the main point / the essence,A2,0.498,model_predicted
9752,העבים,the thick / the clouds,B1,0.354,model_predicted
9753,החנות,the shop / the store,A1,0.757,model_predicted
9754,הגאות,the tide,B2,1.0,concordance
9755,דמה,resembled (m.s.) / her blood,C1,0.453,model_predicted
9756,בשמיכה,in/with the blanket / in/with a blanket,A1,0.565,model_predicted
9757,בפה,in the mouth,A1,0.433,model_predicted
9758,בכם,in you / among you (m.pl.),A1,0.851,model_predicted
9759,בכנפיו,with his wings / in his wings,A1,0.565,model_predicted
9760,רוקע,stamps (m.s.),A2,0.513,model_predicted
9761,רעש,noise,B1,0.364,model_predicted
9762,נמרץ,vigorous / energetic / lively (m.s.),C1,0.48,model_predicted
9763,נפשם,their soul / their spirit / their life,A1,0.667,model_predicted
9764,מולה,in front of her,B1,1.0,concordance
9765,מהרגיל,than usual,A1,0.642,model_predicted
9766,מדמה,imagines / simulates (m.s.) / imagines / simulates (f.s.),C1,0.335,model_predicted
9767,יעבור,will pass / will cross / will go through (pl.),A1,0.714,model_predicted
9768,לשיח,to/for the bush / to/for the talk / to/for a bush / to/for a talk,A2,0.285,model_predicted
9769,לשבש,to disrupt,C1,0.516,model_predicted
9770,לחגוג,to celebrate,A2,0.338,model_predicted
9771,להתגונן,to defend oneself,B2,0.371,model_predicted
9772,להרשות,to allow / to permit,B1,0.444,model_predicted
9773,להרגיש,to feel,A1,0.452,model_predicted
9774,לטובה,for the good,A1,0.76,model_predicted
9775,לרגע,for a moment / for this moment,A2,1.0,concordance
9776,תלונה,complaint,B1,0.39,model_predicted
9777,תלו,hung (pl.),B1,0.476,model_predicted
9778,תחושות,feelings / sensations,B2,1.0,concordance
9779,תנו,give (pl. imperative),A1,0.47,model_predicted
9780,ולי,and to/for me,B2,0.266,model_predicted
9781,ותיק,veteran / senior,B2,1.0,concordance
9782,ועף,and flew (m.s.),B1,0.413,model_predicted
9783,ונפלו,and fell (pl.),A2,0.438,model_predicted
9784,שרו,sang (pl.),A2,0.365,model_predicted
9785,קליפת,peel of / shell of,B1,0.391,model_predicted
9786,פנתה,turned (f.s.),B1,0.375,model_predicted
9787,אפל,dark,A1,0.768,model_predicted
9788,אפו,his nose,A1,0.788,model_predicted
9789,אגוז,nut,A2,0.378,model_predicted
9790,חטף,abducted / kidnapped / snatched,C1,0.384,model_predicted
9791,התאוששות,recovery,C1,0.398,model_predicted
9792,החפץ,the object,A2,0.468,model_predicted
9793,ההופעה,the show / the performance,A1,0.682,model_predicted
9794,הגבר,the man,A1,1.0,concordance
9795,הבט,look (m.s. imperative),A1,0.815,model_predicted
9796,הנכון,the right / the correct,A1,0.749,model_predicted
9797,גס,crude / coarse / rude,B2,0.389,model_predicted
9798,במלוא,to its full / fully,A1,0.823,model_predicted
9799,ביתרון,[in] an advantage / [in] the advantage of,C1,0.404,model_predicted
9800,בשיחה,in the conversation / in a conversation,A1,0.616,model_predicted
9801,בקיר,[in] a wall / [in] the wall,A1,0.616,model_predicted
9802,בקרן,in a beam / in a ray / in a fund / with a horn / [in] a bugle,B2,1.0,concordance
9803,טיפש,fool / stupid,B2,0.315,model_predicted
9804,ריקם,emptily,C1,0.522,model_predicted
9805,צופים,observers / spectators / scouts,C1,0.561,model_predicted
9806,ניצני,buds of,B1,0.331,model_predicted
9807,נחה,rests / rested (f.s.),A2,0.344,model_predicted
9808,נצח,eternity,C1,0.604,model_predicted
9809,מתוקנת,corrected / repaired (f.s.),C1,0.373,model_predicted
9810,מתוכה,out of her/it / from her/it,A1,0.469,model_predicted
9811,מוציא,takes out / spends / publishes (m.s.),A1,0.488,model_predicted
9812,משכנו,his residence,A1,0.788,model_predicted
9813,מעיני,from the eyes of / from my eyes,A1,0.672,model_predicted
9814,מחוות,gestures / express [an opinion] (f.pl.) / from farms,B1,0.317,model_predicted
9815,מחשבת,craftsmanship / artistry / calculates (f.s.),C1,0.451,model_predicted
9816,מחסום,barrier / block,B1,1.0,concordance
9817,מביט,looks (m.s.),A1,0.815,model_predicted
9818,יעד,purpose / objective / destination,B2,0.417,model_predicted
9819,יצטרך,[he] will need,A1,0.714,model_predicted
9820,לפעם,to/for a time / to the time,A1,0.757,model_predicted
9821,לעריכת,for the editing of / for arranging -,C1,0.489,model_predicted
9822,לעצב,to design / to/for sadness / to/for a nerve / to/for the sadness / to/for the nerve,B1,1.0,concordance
9823,לחייה,to/for her life (f.),A1,0.819,model_predicted
9824,לכולם,to/for everybody / to/for everyone,A1,0.679,model_predicted
9825,להשליך,to throw / to project,A2,0.477,model_predicted
9826,לבם,their heart,A1,0.667,model_predicted
9827,תקוות,hopes,B1,0.402,model_predicted
9828,ורצה,and wanted (m.s.) / and ran (f.s.),A1,0.727,model_predicted
9829,שתביא,that she will bring (f.s.) / that you will bring (m.s.),A1,0.795,model_predicted
9830,שכיחה,common / widespread (f.s.),B1,0.428,model_predicted
9831,שטוחה,flat (f.s.),B1,0.325,model_predicted
9832,קשוח,tough,B1,0.412,model_predicted
9833,עוז,courage,B2,0.359,model_predicted
9834,חמה,hot / warm (f.s.) / sun,A1,1.0,concordance
9835,זמר,singer (m.s.) / song,A2,0.427,model_predicted
9836,חיפושים,searches,A2,0.434,model_predicted
9837,זך,pure / refined,B2,0.402,model_predicted
9838,אלינו,to us,A1,0.518,model_predicted
9839,אשמה,blame / guilt,B2,0.369,model_predicted
9840,אפר,ash / cinder,B2,0.298,model_predicted
9841,אחורה,back / backward,A1,0.553,model_predicted
9842,זהירים,careful (m.pl.),B1,0.365,model_predicted
9843,אהוד,liked / likable,A1,0.646,model_predicted
9844,אדירים,mighty / great,C1,0.376,model_predicted
9845,אגרופיו,his fists,A1,0.788,model_predicted
9846,המותר,the allowable / the released,C1,0.35,model_predicted
9847,המחצית,the half / the half time,A1,0.445,model_predicted
9848,המה,made noise / growled (m.s.) / they are (biblical),A1,0.448,model_predicted
9849,התמונות,the pictures / the photos,A1,0.772,model_predicted
9850,התעוררה,woke up (f.s.),B1,0.387,model_predicted
9851,השפל,the low tide / the recession / the heinous / humiliate (m.s. imperative),B2,1.0,concordance
9852,הקצב,the rate / the butcher,B2,1.0,concordance
9853,החם,the hot / the warm,A1,1.0,concordance
9854,הדיווחים,the reports,A1,0.586,model_predicted
9855,הגמד,the dwarf / the midget,C1,0.474,model_predicted
9856,הגלים,the waves,B2,0.318,model_predicted
9857,הגז,the gas / the shearing,A2,1.0,concordance
9858,הראוי,the worthy of / the suitable / the eligible,C1,0.548,model_predicted
9859,הררי,mountainous,C1,0.379,model_predicted
9860,הצפוי,the expected / the anticipated,B1,0.439,model_predicted
9861,הצאצאים,the offsprings,C1,0.419,model_predicted
9862,הנחש,the snake,B1,0.393,model_predicted
9863,דירה,apartment,A1,0.576,model_predicted
9864,דלתות,doors,A1,0.763,model_predicted
9865,במינו,in his kind,A1,1.0,concordance
9866,במפתיע,surprisingly,B2,0.359,model_predicted
9867,בלע,swallowed,B2,0.385,model_predicted
9868,בשמחה,gladly / with pleasure,B1,0.342,model_predicted
9869,בפירות,in fruits / in the fruits / in cows / in the cows,A1,0.794,model_predicted
9870,בזריזות,quickly,A2,0.44,model_predicted
9871,בגבעת,on the hill of,A2,0.421,model_predicted
9872,בביתה,at/in her home,A1,0.819,model_predicted
9873,ראתה,saw (f.s.),A2,0.383,model_predicted
9874,ראויה,worthy of / suitable / eligible,C1,0.548,model_predicted
9875,רגליהם,their legs,A1,0.667,model_predicted
9876,סלים,baskets,A2,0.508,model_predicted
9877,סחור,around / in a circle,A2,0.358,model_predicted
9878,נחתו,landed (pl.),B2,0.356,model_predicted
9879,נזקק,needy / poor,B2,0.344,model_predicted
9880,ממי,from whom,A1,0.672,model_predicted
9881,מתמיד,diligent / persistent,C1,0.638,model_predicted
9882,מתת,gift,A1,0.514,model_predicted
9883,מתרבה,increases / multiplies (m.s.) / increases / multiplies (f.s.),B1,0.332,model_predicted
9884,מובטח,that is promised / that is secured / guaranteed,A1,0.795,model_predicted
9885,משלב,combines / integrates (m.s.),B2,0.413,model_predicted
9886,מפעם,from/of the past / beats (heart),A1,0.672,model_predicted
9887,מעוף,flight / imagination / vision,A2,0.476,model_predicted
9888,מעוניין,interested (m.s.),A1,0.549,model_predicted
9889,מערער,appeals / undermines (m.s.),B2,0.349,model_predicted
9890,מעניקה,gives (f.s.),A1,0.47,model_predicted
9891,מחומות,from the walls of,A1,0.672,model_predicted
9892,מחפש,searches (m.s.),A2,0.434,model_predicted
9893,מארבעה,from four,A1,0.672,model_predicted
9894,מבוגר,adult / elder,B1,0.355,model_predicted
9895,מצאנו,we found,A1,0.403,model_predicted
9896,מסרו,delivered / gave (pl.),B1,0.443,model_predicted
9897,יומי,daily / my day,A1,0.655,model_predicted
9898,יעשו,will do (pl.),A1,0.714,model_predicted
9899,ידיהם,their hands,A1,1.0,concordance
9900,יביא,will bring,A1,0.714,model_predicted
9901,יצליח,will succeed (m.s.),A1,0.714,model_predicted
9902,למיון,for classification / for categorization,C1,0.609,model_predicted
9903,למול,opposite / against / to circumcise,B1,0.349,model_predicted
9904,לתהילה,to/for glory / to/for the glory,C1,0.469,model_predicted
9905,לשוטרים,to/for policemen / to/for the policemen,A2,0.378,model_predicted
9906,לשבור,to break,A1,0.4,model_predicted
9907,לקרשים,to boards / to the boards,A2,0.429,model_predicted
9908,לאיכרים,to/for peasants / to/for farmers / to/for the peasants / to/for the farmers,C1,0.463,model_predicted
9909,לחשוש,to worry / to be afraid of,A2,0.401,model_predicted
9910,לאזן,to balance,B2,0.343,model_predicted
9911,לאזורי,to the areas of,A2,0.507,model_predicted
9912,לחדול,to stop,A2,0.323,model_predicted
9913,לחצי,in half / to/for the half,A1,0.445,model_predicted
9914,לחסל,to annul / to put an end to / to destroy / to kill,B2,0.291,model_predicted
9915,להתאמן,to practice,B1,0.425,model_predicted
9916,להעמיד,to cause to stand / to erect / to set up,A2,1.0,concordance
9917,להסתמך,to rely / to base oneself on / to refer,B2,1.0,concordance
9918,לגנוב,to steal,B1,0.405,model_predicted
9919,לבקשת,to the request of,A2,0.449,model_predicted
9920,תקין,regular / normal,B2,0.342,model_predicted
9921,תפקידי,my role / my function / my duty / my part / my roles / my functions / my duties / my parts / the roles of / the functions of / the duties of / the parts of,B1,0.431,model_predicted
9922,ומשחק,and a game / and a toy / and acting / and plays / and acts,A1,0.645,model_predicted
9923,ומעלה,and up / and lifts / and raises (m.s.) / and lifts / and raises (f.s.),B1,0.494,model_predicted
9924,ומחוץ,and outside [of],A1,0.654,model_predicted
9925,ומהווה,and constitutes / and comprises (m.s.) / and constitutes / and comprises (f.s.),C1,0.597,model_predicted
9926,וישנן,and there are (f.pl.),A1,0.782,model_predicted
9927,ולהפך,and vice versa,C1,0.33,model_predicted
9928,ושירים,and songs / and poems,A1,0.746,model_predicted
9929,ושירה,and singing / and poetry / and her song,A2,0.348,model_predicted
9930,ושהוא,and that he is,A1,0.795,model_predicted
9931,ופעילים,and are active / and activists,A1,0.786,model_predicted
9932,וחיות,and live (f.pl.) / and animals / and vitality,A1,1.0,concordance
9933,וחיפה,and covered up,B1,0.364,model_predicted
9934,ואפשר,and it is possible,A2,0.409,model_predicted
9935,והופך,and turns / and becomes (m.s.),A2,0.417,model_predicted
9936,והפעם,and this time,A1,0.788,model_predicted
9937,וגדלים,and sizes / and grow (m.pl.),A1,0.47,model_predicted
9938,ובמקומות,and in places / and in areas,A1,0.561,model_predicted
9939,שילמה,paid (f.s.),A2,0.474,model_predicted
9940,שתוכננה,that was planned,A1,0.795,model_predicted
9941,שקוע,immersed / sunk / submerged (m.s.),C1,0.56,model_predicted
9942,שאחרי,that after,A1,0.795,model_predicted
9943,שזהו,that that is / that that is it,A1,0.795,model_predicted
9944,שח,said / told / says / tells (m.s.),A1,0.426,model_predicted
9945,שהמשיכו,that continued (pl.),A1,0.795,model_predicted
9946,שהתחיל,that/who started (m.s.),A1,1.0,concordance
9947,שהסדרה,that the series,A1,0.795,model_predicted
9948,שבסוף,that in the end,A1,0.795,model_predicted
9949,שנשאה,that/who carried / who married (f.s.),A1,1.0,concordance
9950,שנכנס,that entered (m.s.),A1,0.795,model_predicted
9951,קיפאון,frost / freezing,B2,1.0,concordance
9952,קליעות,shootings / weaving,B1,0.393,model_predicted
9953,קופת,fund of / treasury of / cash of,B2,0.305,model_predicted
9954,קורות,events / beams / history,B1,0.505,model_predicted
9955,פיצויים,compensation,C1,0.494,model_predicted
9956,פסיכולוגית,psychologist (f.s.) / psychologically,C1,0.445,model_predicted
9957,עמים,nations,B2,1.0,concordance
9958,עמדת,the position of / the post of / the opinion of,B1,1.0,concordance
9959,עתידים,are about to,A1,0.786,model_predicted
9960,עודד,encouraged (m.s.),C1,0.505,model_predicted
9961,עגול,round,A2,0.341,model_predicted
9962,עסוקים,busy,A1,0.691,model_predicted
9963,אומנות,art,A1,0.624,model_predicted
9964,אופנים,ways / methods / bicycle,A1,0.731,model_predicted
9965,אשליה,illusion,C1,0.573,model_predicted
9966,חקירות,investigations / inquiries,B2,0.37,model_predicted
9967,חקלאיות,agricultural / rural,B2,1.0,concordance
9968,אפי,my nose,A2,0.317,model_predicted
9969,אחרונים,last (m.pl.),A1,0.685,model_predicted
9970,אדונו,his master,B2,1.0,concordance
9971,אבדן,loss,C1,0.34,model_predicted
9972,חריגות,deviations,C1,0.61,model_predicted
9973,ארי,lion,A1,0.514,model_predicted
9974,ארד,bronze,C1,1.0,concordance
9975,ארס,venom / poison,B2,0.361,model_predicted
9976,אסירי,prisoners of,B1,0.307,model_predicted
9977,כינוס,conference / convention,B1,0.353,model_predicted
9978,כבני,as sons of / as human beings / as my son,A1,0.713,model_predicted
9979,כרוזים,manifests,C1,0.497,model_predicted
9980,המכשולים,the obstacles,C1,0.352,model_predicted
9981,המביא,that/who brings (m.s.),A1,1.0,concordance
9982,המציא,invented (m.s.),B2,0.326,model_predicted
9983,התערוכה,the exhibition,B1,0.412,model_predicted
9984,התנהלה,was managed / was conducted / walked (f.s.),A2,0.447,model_predicted
9985,השש,the six,A1,0.759,model_predicted
9986,השכנה,the neighbor (f.s.),A2,0.346,model_predicted
9987,הקימה,raised / caused to stand up / established,A2,1.0,concordance
9988,הקליפה,the peel / the shell / the crust,B1,0.391,model_predicted
9989,הפלג,the section / the stream / the creek,A2,0.435,model_predicted
9990,החיפושית,the beetle / the bug,B1,0.329,model_predicted
9991,הזהיר,warned (m.s.),B1,0.322,model_predicted
9992,האבנים,the stones,A2,0.46,model_predicted
9993,הזרע,the seed / the sperm,A2,0.387,model_predicted
9994,הכינו,prepared (pl.),B1,0.434,model_predicted
9995,הכבדות,the heavy (f.pl.) / the heaviness,B1,0.399,model_predicted
9996,ההם,those,A1,0.67,model_predicted
9997,ההכרעה,the decision,B1,0.41,model_predicted
9998,הביקור,the visit,A1,0.516,model_predicted
9999,הבטן,the stomach / the belly,A2,0.357,model_predicted
10000,הטכנולוגיה,the technology / Like the site? Find it useful? / Click here to support the site and get something cool in return. / ​ / Copyright © 2026 TeachMeHebrew. All Rights Reserved.,A1,1.0,concordance
