Rank,Hebrew,English,Pronunciation
1,של,of / belongs to,shel
2,את,you (f.s.),at
2,את,the (direct object),et
3,על,on / about / top,al
4,לא,no,lo
5,הוא,he,hu
6,עם,with,im
6,עם,people / nation,am
7,כי,because,ki
8,היה,was (m.s.),haya
9,זה,this / that,ze
10,גם,also / too,gam
11,ב,in,be
12,כל,all,kol
13,ה,the,ha
14,בין,between / among,bein
14,בין,within,bin
15,או,or,o
16,אל,to / God,el
16,אל,don't,al
17,אך,but / hardly,akh
18,יותר,more,yoter
19,היא,she,hi
20,לאחר,after,le'akhar
20,לאחר,to be late,le'akher
20,לאחר,to/for the other,la'akher
21,אבל,but,aval
21,אבל,mourning,evel
21,אבל,mourner,avel
22,ל,to,le
22,ל,to the,la
23,היו,were (m.),hayu
24,עד,until / eternity,ad
24,עד,witness,ed
25,זו,this (f.),zo
26,הם,they (m.),hem
27,אשר,that / which,asher
28,הייתה,she was,haita
29,בשנת,in the year [X] / in the year of,bishnat
30,כך,so / like this / thus,kakh
31,רק,only,rak
32,אף,also / even / nose,af
33,ביותר,"most, very much",beyoter
34,אני,I / me,ani
35,עוד,more,od
35,עוד,musical instrument,ud
36,רבים,many,rabim
36,רבים,fighting (m.pl.),ravim
37,כמו,like / as,kmo
38,בית,home / house,bayit
39,אם,if,im
39,אם,mother,em
40,זאת,this (f.),zot
41,שם,there,sham
41,שם,name,shem
42,יש,there is / one must,yesh
43,מה,what,ma
44,לי,to me / for me,li
45,כן,yes / sincere,ken
45,כן,stand (n.),kan
46,כ,like / as / approximately,ke
47,לו,to him,lo
47,לו,if (wishing),lu
48,מספר,number,mispar
48,מספר,tell (m.s.) / narrator,mesaper
49,בו,in him / in it,bo
50,העיר,the city,ha'ir
50,העיר,made a comment / woke someone up (m.s.),he'ir
51,מ,from,me
52,כדי,in order to,kedei
53,אותו,him / it,oto
54,דבר,thing / matter / something / word / speech / saying / command / to speak / to say,davar
54,דבר,plague,dever
54,דבר,speak (m.s. imperative),daber
55,ו,and,ve
56,בכל,in all / at all,bekhol
57,אלו,these,elu
58,שני,second,sheni
58,שני,two,shnei
58,שני,scarlet,shani
59,אלה,these,ele
59,אלה,goddess,ela
59,אלה,bat,ala
60,כאשר,when / while,ka'asher
61,אין,there is no,ein
61,אין,nothing / naught / where,ain
62,אמר,said (m.s.),amar
63,באופן,in a way,beofen
64,הברית,the pact / the alliance / the covenant / the circumcision,habrit
65,מן,from,min
66,שלא,that [is] not,shelo
67,ידי,my hands,yadai
67,ידי,my hand,yadi
67,ידי,the hands of,yedei
68,לפני,before / in front of / ago,lifnei
69,הן,they (f.),hen
70,העולם,the world,ha'olam
71,פי,my mouth / multiplied by,pi
72,במהלך,during,bemahalakh
73,שלו,his / belongs to him,shelo
73,שלו,calm,shalev
74,בה,in her / in it,ba
75,מאד,very,me'od
76,ניתן,possible,nitan
76,ניתן,we will give,niten
77,אז,then,az
78,בעל,owner / husband,ba'al
79,אחרים,other (m.pl.) / others (m.),akherim
80,דרך,way / road,derekh
80,דרך,stepped on (m.s.),darakh
81,ולא,and not,velo
81,ולא,if not,valo
82,חלק,part,khelek
82,חלק,smooth / shared (m.s.),khalak
83,אותה,her / it,ota
84,בן,son,ben
85,בני,my son,bni
85,בני,my sons,banai
86,אולם,but / hall,ulam
87,אחר,other,akher
87,אחר,after,akhar
88,כמה,how many / how much / some / yearned (m.s.),kama
88,כמה,yearn (m.s.),kameha
89,המאה,the century / the hundred,hame'a
90,החל,started (m.s.),hekhel
90,החל,starting from,hakhel
91,נגד,against,neged
92,אנשי,the people of,anshei
93,אותם,them (m.),otam
94,כלל,rule / all,klal
94,כלל,included (m.s.),kalal
95,מנת,a portion of,menat
96,כיום,today / nowadays,kayom
97,שונים,different / various (m.pl.),shonim
98,המלחמה,the war,hamilkhama
99,שנים,years,shanim
99,שנים,two,shnayim
100,כבר,already,kvar
101,רב,Rabbi // fought (m.s.) / many / much,rav
101,רב,most / majority,rov
102,בשל,because of,beshel
102,בשל,ripe,bashel
102,בשל,cooked (m.s.),bishel
103,בהם,in them (m.),bahem
104,גדול,big / large (m.s.),gadol
105,להם,to them (m.),lahem
106,בעיקר,mainly / principally / especially,be'ikar
107,אלא,but / only,ela
108,היום,today,hayom
109,במקום,instead of / in place,bimkom
109,במקום,in place / in the place,bamakom
109,במקום,in a place,bemakom
110,שהיה,that was (m.s.),shehaya
111,וכן,and also,vekhen
112,הרב,the many / the rabbi,harav
112,הרב,the majority,harov
113,שבו,that in him / that in it,shebo
114,זמן,time,zman
115,יכול,can (m.s.),yakhol
116,להיות,to be,lihiyot
117,לה,to her,la
118,יהודים,Jews,yehudim
119,היהודים,the Jews,hayehudim
120,נוספים,additional (m.pl.),nosafim
121,הים,the sea,hayam
122,ללא,without,lelo
123,מקום,place,makom
124,חיים,life / (could also be a name),khaim
125,המדינה,the state,hamedina
126,הארגון,the organization,ha'irgun
127,אחרי,after,akharei
128,רבות,many (f.) / a lot,rabot
128,רבות,fight (f.pl.),ravot
129,שהוא,that he / that is (m),shehu
130,שנה,year / studied (m.s.),shana
131,בעלי,my husband,ba'ali
131,בעלי,the owner(s) of,ba'alei [tshuva]
131,בעלי,repentant,ba'alei [tshuva]
132,מתוך,out of / from,mitokh
133,תוך,inside / interior / content,tokh
134,ראש,head,rosh
135,מלחמת,the war of,milkhemet
136,אדם,person / man / human being / Adam,adam
137,מול,against / in front of,mul
138,איש,person / man / husband,ish
139,בדרך,on the way,baderekh
139,בדרך,on a way,bederekh
140,נוספת,additional (f.s.),nosefet
141,שימוש,use,shimush
142,כגון,such as,kegon
143,יום,day / daylight,yom
144,באמצעות,through / by way of / by,be'emtsa'ut
145,מכן,of that / from then / of you (f.pl.),miken
146,במשך,during / in the course of,bemeshekh
147,ואף,and also / and even / and nose,ve'af
148,לך,to you / for you (m.s.),lekha
148,לך,to you / for you (f.s.),lakh
148,לך,go / walk (m.s. Imperative),lekh
149,האדם,the man / the person,ha'adam
150,אתה,you (m.s.),ata
151,בשם,in the name of / called,beshem
152,ועל,and on / and about,ve'al
153,הממשלה,the government,hamemshala
154,לכל,to all,lekhol
154,לכל,to everybody,lakol
155,תחת,under / beneath / instead of,takhat
156,לעתים,sometimes,le'itim
157,הזה,this (m.),haze
157,הזה,hallucinated (m.s.),haza
158,מהם,from them,mehem
158,מהם,what are (m.pl.),mahem
159,למרות,despite,lamrot
160,אמרה,said (f.s.),amra
160,אמרה,phrase / fringe,imra
161,עצמו,himself,atsmo
162,שנות,the years of,shnot
163,כמעט,almost,kim'at
164,אינו,is not / is not here (m.s.),eino
165,בנוסף,in addition,benosaf
166,בידי,in the hands of,bidei
166,בידי,in my hand,beyadi
166,בידי,in my hands,beyadai
167,בעקבות,in the footsteps of / following / as a result of,be'ikvot
168,בעיר,in a city,be'ir
168,בעיר,in the city,ba'ir
169,לפי,according to / to my mouth,lefi
170,בקרב,among,bekerev
170,בקרב,in a battle,bekrav
170,בקרב,in the battle,bakrav
171,כפי,as,kefi
171,כפי,my palm / my spoon,kapi
172,המשחק,the game,hamis'khak
172,המשחק,the one who plays,hamesakhek
173,מי,who,mi
174,רוב,most,rov
175,עבור,for,avur
176,ואת,and the,ve'et
176,ואת,and you (f.s.),ve'at
177,בעת,at a time (of),be'et
177,בעת,phobia,ba'at
178,ארצות,countries,aratsot
179,למשל,for example,lemashal
180,הצבא,the army,hatsava
181,ההגנה,the defense,hahagana
182,כלי,article / dish / vessel / ware / tool,kli
183,נוסף,additional (m.s.),nosaf
184,באזור,in an area,be'ezor
184,באזור,in the area,ba'ezor
185,טוב,good (m.s.),tov
186,בעולם,in the world,ba'olam
187,כוחות,powers / forces / strength,kokhot
188,בתוך,inside,betokh
189,הארץ,the country / the earth / Israel,ha'arets
190,פני,the face of,pnei
190,פני,my face,panai
191,בארץ,in a country,be'arets
191,בארץ,in the country / in Israel,ba'arets
192,והוא,and he,vehu
193,הדבר,the thing / the object / the item / the matter,hadavar
193,הדבר,the plague,hadever
194,בלבד,only,bilvad
195,כוח,power / force / strength,ko'akh
196,בבית,at home / in the house,babayit
196,בבית,in a house,bebayit
196,בבית,in the house of,bebeit
197,מאז,since then,me'az
198,החיים,the life,hakhaim
199,ימים,days,yamim
200,לאורך,through / along,le'orekh
200,לאורך,longitudinally,la'orekh
201,מים,water,mayim
202,הרבה,many / a lot,harbe
202,הרבה,(did something) a lot (m.s.),hirba
203,בלתי,not / no / im- / in- / un- / dis- / except,bilti
204,עליו,on him / about him,alav
205,אביב,spring,aviv
206,מעל,above / over / on top,me'al
206,מעל,embezzled (m.s.),ma'al
206,מעל,embezzlement / treachery,ma'al
207,הגדול,the big / the large (m.s.),hagadol
208,אי,island / not / no / im- / in- / un- / dis-,i
209,הספר,the book,hasefer
209,הספר,the border,hasfar
209,הספר,the barber,hasapar
210,פעם,once / once upon a time,pa'am
210,פעם,beat (m.s.),pa'am
211,ראו,saw (m.pl.),ra'u
212,בכך,by this,bekhakh
213,נראה,looks,nir'e
213,נראה,looked,nir'a
214,לבין,and between,levein
215,ועד,and until,ve'ad
215,ועד,committee / board,va'ad
215,ועד,and a witness,ve'ed
216,כנגד,against,keneged
217,רבה,fought (f.s.),rava
218,שבה,returned (f.s.),shava
218,שבה,that in her,sheba
219,מדי,too,midai
219,מדי,whenever / as often as,midei
219,מדי,the uniform of,madei
220,בסוף,at the end,basof
220,בסוף,at the end of,besof
221,המפלגה,the party (political),hamiflaga
222,במיוחד,especially,bimyukhad
223,שונות,difference / variation / variance (stat.),shonut
223,שונות,different / various (f.pl.) / miscellaneous,shonot
224,המים,the water,hamayim
225,וגם,and also,vegam
226,ככל,the more / as far as,kekhol
227,שהיו,that were,shehayu
228,בתקופה,in a period / in an era,bitkufa
228,בתקופה,in the period / in the era,batkufa
229,אצל,in the possession of / at / near,etsel
230,עדיין,still / yet,adayin
231,השנים,the years,hashanim
232,לכך,to it,lekhakh
233,יהודי,Jew / Jewish (m.s.),yehudi
234,ערך,value,erekh
234,ערך,edited / arranged / held (m.s.),arakh
235,עכשיו,now,akhshav
236,החלו,started (pl.),hekhelu
237,בזמן,at the time [of],bizman
237,בזמן,on time,bazman
238,הכוחות,the powers / the forces / the strength,hakokhot
239,עץ,tree / wood,ets
240,חיל,soldier (m),khayal
240,חיל,corps / forces / success,khayil
240,חיל,fear,khil
241,אפשר,possible (adv.),efshar
241,אפשר,enabled / facilitated (m.s.),ifsher
242,בעוד,while,be'od
243,בתי,the houses of / the homes of,batei
243,בתי,my daughter,biti
244,שלה,hers,shela
245,האי,the island,ha'i
246,באותה,in the same / at the same (f.s.),be'ota
247,גדולה,big / large (f.s.),gdola
248,הגיע,arrived (m.s.),hegi'a
249,יחד,together,yakhad
250,למעשה,actually / in fact,lema'ase
251,צבא,army,tsava
252,מעט,a little / a few,me'at
253,ועוד,and more / and still / plus,ve'od
254,שלהם,theirs,shelahem
255,עלי,on me / about me,alai
255,עלי,go up (f.s. Imperative),ali
256,ביניהם,between them (m.),beinehem
257,והן,and they (f.),vehen
258,ים,sea,yam
259,ובין,and between,uvein
260,הכל,everything,hakol
261,הרי,here is / you see / the mountains of,harei
262,אינם,are not / are not here (m.pl.),einam
263,בתחילת,at the beginning of,bitkhilat
264,האדמה,the land / the earth / the soil / the ground,ha'adama
265,המשפט,the sentence / the trial,hamishpat
266,בצורה,in a way / in a shape / in a form,betsura
266,בצורה,in the way / in the shape / in the form,batsura
267,סוף,end,sof
268,זכה,won (m.s.),zakha
268,זכה,pure (f.),zaka
269,מחוץ,outside of,mikhuts
269,מחוץ,crushed,makhuts
270,בתקופת,in the time of / in the period of / in the era of,bitkufat
271,פה,here,po
271,פה,mouth,pe
272,דומה,similar,dome
273,במסגרת,in a frame / in a framework,bemisgeret
273,במסגרת,in the frame / in the framework,bamisgeret
274,האימפריה,the empire,ha'imperia
275,אנשים,people,anashim
276,מערכת,system / editorial board,ma'arekhet
277,אולי,Maybe / perhaps,ulai
278,השמש,the sun,hashemesh
278,השמש,the attendant,hashamash
279,ספר,book,sefer
279,ספר,border,sfar
279,ספר,barber,sapar
279,ספר,counted (m.s.),safar
279,ספר,told (m.s.),siper
280,עניינים,matters,inyanim
281,שהיא,that she / that is (f.s.),shehi
282,אינה,is not / is not here (f.s.),eina
283,שנת,year [X] / year of,shnat
284,שלי,mine,sheli
285,לראות,to see,lir'ot
286,ולכן,and therefore / and to/for you (f.pl.),velakhen
287,בשנים,in the years,bashanim
287,בשנים,in years,beshanim
288,כתב,writing,ktav
288,כתב,wrote (m.s.) / reporter,katav
289,הקרב,the battle,hakrav
290,קטן,small / little (m.s.),katan
291,ביום,on [day / date] / per day,beyom
291,ביום,during the day,bayom
292,מפני,because,mipnei
293,לשם,[to] there,lesham
293,לשם,[to/for] the name,lashem
293,לשם,for the sake of,leshem
293,לשם,opal,leshem
294,תוכן,content,tokhen
295,הכוח,the power / the force / the strength,hako'akh
296,הגיעו,arrived (pl.),hegi'u
297,בשנות,in the years of,bishnot
298,בארצות,in countries,be'aratsot
298,בארצות,in the countries,ba'aratsot
299,הדרך,the way / the road,haderekh
300,חיילים,soldiers,khayalim
301,תוכנית,program / plan,tokhnit
302,הסרט,the movie / the ribbon/strip,haseret
303,שוב,again / return (m.s. imperative),shuv
304,עקב,due to / because of,ekev
304,עקב,followed (m.s.),akav
304,עקב,heel,akev
305,שהם,that they (m.) / that are (m.pl.),shehem
306,נעשה,done,na'asa
306,נעשה,we will do,na'ase
307,לקראת,towards,lilkrat
308,בהן,in them (f.),bahen
309,הזמן,the time,hazman
310,מיליון,million,milyon
311,המלך,the king,hamelekh
312,שכן,neighbor (m.s.),shakhen
312,שכן,lived / dwelt (m.s.),shakhan
313,יהיה,will be (m.s.),yihiye
314,המועצות,council of,mo'etset
315,ממנו,from him,mimenu
316,קשה,difficult / hard (m.s.),kashe
316,קשה,difficult / hard (f.s.),kasha
317,עבר,passed / crossed / went through (m.s.),avar
318,אחרות,other (f.pl.) / others,akherot
319,השלטון,the authority / the reign / the government,hashilton
320,צריך,need / necessary / should / must,tsarikh
321,חידק,bacterium,khaydak
322,היהודית,the Jewish (f.s.),hayehudit
323,נמצא,is found / is [at] (m.s.),nimtsa
324,הר,mountain,har
325,מבנה,structure,mivne
326,החדשה,the new (f.s.),hakhadasha
327,מכל,from all,mikol
328,בפני,in front of / in the presence of,bifnei
328,בפני,in front of me / in my presence,befanai
329,הקמת,(the) establishment of,hakamat
330,אנחנו,we,anakhnu
331,קבוצת,group of,kvutsat
332,שבהם,that in them (m.),shebahem
333,כולל,includes / including,kolel
334,חיצוניים,external (m.pl.),khitsonim
335,ימי,marine (m.s.),yami
336,הביניים,the mid / the middle / the intermediate,habeinayim
337,ברחבי,all over,berakhvei
338,למעלה,up / upward,lemala
339,מדינות,states,medinot
340,היהודי,the Jew / the Jewish (m.s.),hayehudi
341,יחסית,relatively,yakhasit
342,התנועה,the movement / the motion / the traffic,hatnu'a
343,האלים,the gods,ha'elim
344,מינים,kinds / species / genders,minim
345,אליו,to him / to it (m.s.),elav
346,החברה,the friend (f.s.),hakhavera
346,החברה,the company / the society,hakhevra
347,ארץ,country / land / earth,erets
348,המבנה,the structure,hamivne
349,הבית,the house / the home,habayit
350,המכונה,the machine,hamekhona
350,המכונה,that is called / aka (m.s.),hamekhune
350,המכונה,that is called / aka (f.s.),hamekhuna
351,העם,the people,ha'am
352,משום,because,mishum
353,הצליחו,succeeded (pl.),hitslikhu
354,המרד,the rebellion,hamered
355,לתוך,into,letokh
356,יכולים,can (m.pl.),yekholim
357,סביב,around,saviv
358,מותו,his death,moto
359,לב,heart,lev
360,עתה,now,ata
361,מעבר,transition / pass,ma'avar
361,מעבר,beyond / across,me'ever
362,לדוגמה,for example,ledugma
363,האם,if / is it / whether,ha'im
363,האם,the mother,ha'em
364,הצליח,succeeded (m.s.),hitsliakh
365,מחדש,from the beginning,mekhadash
365,מחדש,renews / innovates (m.s.),mekhadesh
366,לארץ,to the country / to Israel,la'arets
367,העונה,the season / this season / that/who answers (f.s.),ha'ona
368,ברית,pact / alliance / covenant / circumcision,brit
369,לנו,for us / to us / slept overnight (pl.),lanu
370,קישורים,links / the connections / the bindings,kishurim
371,האלה,these,ha'ele
371,האלה,the goddess,ha'ela
372,מזה,from this (m.),mize
373,ראשי,main / principal,rashi
374,עמד,stood / was about to / endured / succeeded / insisted on (m.s.),amad
375,תל,hill,tel
376,בצפון,in the north,batsafon
376,בצפון,in the north of,bitsfon
377,לכן,therefore / to/for you (f.pl.),lakhen
378,ההנדסה,the engineering,hahandasa
379,מבלי,without,mibli
380,לרוב,mostly,larov
380,לרוב,to/for the majority,lerov
381,שבין,that is between / that is among,shebein
382,יד,hand,yad
383,פעולה,action / operation / deed / transaction,pe'ula
384,גוף,body,guf
385,יחידות,unit / squad / only / single (f.s.),yekhida
386,שאני,that I,she'ani
387,בא,coming / came (m.s.),ba
388,ידוע,known,yadu'a
389,ולאחר,and after,vele'akhar
389,ולאחר,and to another / and to be late,vele'akher
389,ולאחר,and to the other,vela'akher
390,תקופה,period / era,tkufa
391,תקופת,period of / era of,tkufat
392,אפילו,even / although,afilu
393,למצוא,to find,limtso
394,קודם,earlier,kodem
394,קודם,former / previous (m.s.),kodem
395,לצד,to a side / to the [right/left] / next to,letsad
395,לצד,to the side,latsad
396,הקהילה,the community,hakehila
397,הייתי,I was,hayiti
398,במאה,in a hundred,beme'a
398,במאה,in the century,bame'a
399,הגוף,the body,haguf
400,מבחינה,from an aspect,mibkhina
400,מבחינה,observes (f.s.),mavkhina
401,יצא,went out / came out (m.s.),yatsa
402,שונה,different (m.s.),shone
403,שהייתה,that/who was / that she was,shehaita
404,אבן,stone,even
405,לראשונה,for the first time,larishona
406,למען,for,lema'an
407,מזון,food,mazon
408,הפך,inverted / converted / turned / become / transformed (m.s.),hafakh
409,קו,line,kav
410,הבחירות,the elections / the selections,habkhirot
411,בניין,building,binyan
412,שושלת,dynasty,shoshelet
413,רקע,background,reka
414,כזה,like this / such,kaze
415,גדולים,big / large (m.pl.),gdolim
416,קיבל,received / accepted (m.s.),kibel
417,הספינה,the ship,hasfina
418,עלה,went up / climbed / increased / immigrated (to Israel) (m.s.),ala
418,עלה,leaf,ale
419,יכולה,can (f.s.),yakhola
420,לבסוף,finally / eventually,levasof
421,אזור,area / region / zone,ezor
422,משנת,from the year [X] / from the year of,mishnat
423,השימוש,the use,hashimush
424,הפעם,this time,hapa'am
425,מיד,immediately,miyad
426,מין,kind / species / gender / sex,min
427,וכי,if,vekhi
428,אחרת,other (f.s.) / otherwise,akheret
429,השנה,this year,hashana
430,אותי,me,oti
431,איך,how,eikh
432,המשיך,continued (m.s.),himshikh
433,בעזרת,with the help of,be'ezrat
434,כתוצאה,as a result,ketotsa'a
435,נשק,weapon,neshek
435,נשק,kissed (m.s.),nashak
436,איזה,which / what (m.),eize
437,האחרון,the last (m.s.),ha'akharon
438,הגדולה,the big / the large (f.s.),hagdola
439,ליד,near / next to,leyad
440,כלומר,meaning,klomar
441,שום,nothing / garlic,shum
442,פחות,less / minus,pakhot
442,פחות,inferior / lesser (m.s.),pakhut
443,בראש,at the top / leading / in a head,berosh
443,בראש,at the top / leading / in the head,barosh
444,דם,blood,dam
445,חברת,friend of / member of (f.s.),khavrat
445,חברת,company of,khevrat
446,פעמים,times,pe'amim
447,השם,the name / God,hashem
448,להגיע,to arrive,lehagi'a
449,החלה,started (f.s.),hekhela
450,חומרים,materials,khomarim
451,היטב,well / properly,heytev
452,העליון,the upper / the top / the utmost / the superior (m.s.),ha'elyon
453,קרב,battle,krav
453,קרב,getting close / approaches (m.s.),karev
454,נוספות,additional (f.pl.),nosafot
455,הקיסר,the Caesar,hakeysar
456,האוויר,the air,ha'avir
457,מרכז,center,merkaz
458,רוצה,wants (m.s.),rotse
459,מלחמה,war,milkhama
460,מכיוון,from the direction of / from adjustment / from tuning,mekivun
460,מכיוון,because,mikeivan
461,שיש,that there is,sheyesh
462,כה,so / this way,ko
463,מאת,from / by,me'et
464,מטרים,meters,metrim
465,היער,the forest,haya'ar
466,הלא,is it not / indeed,halo
467,עליה,on her / about her,aleha
468,מצב,state / situation,matsav
469,הכנסת,the Knesset (the Israeli parliament),hakneset
470,לעומת,compared with / against / opposite,le'umat
471,תנועת,movement of / motion of / traffic of,tnu'at
472,פעולות,actions / operations / deeds / transactions,pe'ulot
473,מעולם,never,me'olam
474,תמיד,always,tamid
475,מאות,hundreds / centuries,me'ot
476,שמו,placed / put (pl.),samu
476,שמו,his name,shmo
477,מצד,from a side / from the [right/left],mitsad
478,בשלב,at a stage / at a phase,beshalav
479,בלי,without,bli
480,רוח,wind / spirit / ghost,ru'akh
481,חדש,new (m.s.),khadash
482,היחיד,the only / the single / the individual,hayakhid
483,בהמשך,Later / later on,bahemshekh
484,ארגון,organization,irgun
485,לעשות,to do,la'asot
486,חדשים,new (m.pl.),khadashim
487,קצר,short (m.s.),katsar
488,בעלות,ownership,ba'alut
489,בניגוד,in contrast / contrary to,benigud
490,פעילות,activity,pe'ilut
491,דגל,flag,degel
492,מסוימים,specific (m.pl.),mesuyamim
493,במשחק,in a game,bemis'khak
493,במשחק,in the game,bamis'khak
494,במקביל,in parallel / simultaneously,bemakbil
495,בעבר,in the past,ba'avar
496,בסיס,basis / base,basis
497,לבית,to the house of / to the home of,leveit
497,לבית,to the house / to the home,labayit
498,החדש,the new (m.s.),hakhadash
499,להשתמש,to use,lehishtamesh
500,במספר,at a number,bemispar
501,הקבוצה,the group,hakvutsa
502,קיים,exists (m.s.),kayam
503,המקום,the place,hamakom
504,וכך,and so,vekhakh
505,ואילו,whereas,ve'ilu
506,הנה,here is,hine
506,הנה,[to] here,hena
506,הנה,is (f.s.),hina
507,מאנית,manic (f.s.),manit
508,היישוב,the settlement / the civilization,hayeshuv
509,הזקנה,the old (f.s.),hazkena
509,הזקנה,the old age,hazikna
510,הנמלה,the ant,hanemala
511,ואני,and I / and me,ve'ani
512,נכון,correct / ready (m.s.),nakhon
513,העץ,the tree / the wood,ha'ets
514,סמים,drugs,samim
515,מאוחר,late,me'ukhar
516,הבנק,the bank,habank
517,באותו,in the same / at the same (m.s.),be'oto
518,לגבי,regarding,legabei
519,כלפי,towards,klapei
519,כלפי,towards me,klapai
520,בימי,on [days] / in the days of,bimei
521,הסדרה,the series,hasidra
522,חשוב,important (m.s.),khashuv
523,ובו,and in him / and in it,uvo
524,מטר,meter,meter
524,מטר,rain shower,matar
525,ואז,and then,ve'az
526,האחרים,the other (m.pl.) / the others (m.),ha'akherim
527,אור,light,or
528,לידי,to / to the hands of,liydei
528,לידי,near me / next to me,leyadi
529,ישנם,there are (m.),yeshnam
530,מילים,words,milim
531,ליצור,to form / to create / to make,litsor
532,שטח,area / field / territory,shetakh
533,מורחב,widened / broadened,murkhav
534,אשכול,cluster,eshkol
535,שאין,that there is no,she'ein
536,בגלל,because,biglal
537,ברור,clear / obvious (m.s.),barur
538,גבוה,high / tall (m.s.),gavoha
539,הדין,the judgment / the sentence / the law,hadin
540,הכפר,the village,hakfar
541,העצים,the trees / the logs,ha'etsim
542,הביא,brought (m.s.),hevi
543,השונים,the different / the various (m.pl.),hashonim
544,העברית,the Hebrew,ha'ivrit
545,המתמטיקה,the mathematics,hamatematika
546,ממש,really,mamash
547,עת,time,et
548,חדשה,new (f.s.),khadasha
549,הרימון,the pomegranate / the grenade,harimon
550,מת,dead / died (m.s.),met
551,והיא,and she,vehi
552,בת,girl / daughter,bat
553,קשר,tie / bond / link / connection,kesher
554,מדינת,the state of,medinat
555,אותן,them (f.),otan
556,עצמם,themselves,atsmam
557,נחשב,is considered / was considered (m.s.),nekhshav
558,התקופה,the period / the era,hatkufa
559,לעולם,forever,le'olam
559,לעולם,to/for the world,la'olam
560,העבודה,the work,ha'avoda
561,במידה,of a measure / of size / of a quality / to the extent that / [if (slang)],bemida
562,שוליים,margins / edges / fringe,shulayim
563,זכויות,rights / privileges,zkhuyot
564,קרא,read / called (m.s.),kara
565,הגדולים,the big / the large (m.pl.),hagdolim
566,הלחימה,the warfare / the fighting,halekhima
566,הלחימה,soldered (f.s.),hilkhima
567,שאל,asked / borrowed (m.s.),sha'al
568,הזאת,this (f.),hazot
569,מקור,source / beak,makor
570,חברי,my friend / friendly,khaveri
570,חברי,my friends,khaverai
570,חברי,friends of / members of,khavrei
571,דיוויזיות,divisions,divizyot
572,מיני,kinds of / species of,minei
573,בתל,on a hill,betel
573,בתל,on the hill,batel
574,שימש,was used / served (m.s.),shimesh
575,ויותר,and more,veyoter
576,הביאו,brought (pl.),hevi'u
577,במקומות,in/at places,bimkomot
577,במקומות,in/at the places,bamekomot
578,הנני,I am / here I am,hineni
579,מפקד,commander,mefaked
579,מפקד,census / muster,mifkad
580,שלאחר,that after,shele'akhar
581,מבין,from between / from among,mibein
581,מבין,understand (m.s.),mevin
582,ממנה,from her,mimena
583,עצים,trees / logs,etsim
584,שינוי,change,shinui
585,הדגל,the flag,hadegel
586,הדמוקרטיה,the democracy,hademokratya
587,בכלל,at all,bikhlal
588,עליהם,on them / about them (m.),aleihem
589,מכך,from this,mikakh
590,כמות,quantity / amount,kamut
591,היסטוריה,history,historia
592,אלי,to me,elai
592,אלי,my god,eli
593,קיימים,exist (m.pl.),kayamim
594,המדינות,the states,hamedinot
595,מרכזי,central (m.s.),merkazi
596,ברחוב,on the street,barekhov
596,ברחוב,on a street,berekhov
597,האחרונות,the last (f.pl.),ha'akhronot
598,ובכך,and by this,uvkhakh
599,אומנם,indeed,omnam
600,כולם,everybody (m.),kulam
601,להורג,execution / putting to death,[hotsa'a] lahoreg
602,קבוצות,groups,kvutsot
603,להביא,to bring,lehavi
604,השחקן,the player / the actor,hasakhkan
605,חייו,his life,khayav
606,היתר,the rest,hayeter
607,אנרגיה,energy,energiya
608,העלייה,the rise / the increase / the immigration,ha'aliya
609,הבורים,the ignorant (m.pl.),haburim
610,תחילת,the beginning of,tkhilat
611,והם,and they,vehem
612,האוכלוסייה,the population,ha'ukhlusiya
613,ביער,in a forest,beya'ar
613,ביער,in the forest,baya'ar
614,כולו,all of it (m.s.),kulo
615,ידע,knew (m.s.),yada
615,ידע,knowledge,yeda
616,יצאו,went out / came out (pl.),yats'u
617,כיוון,direction / adjustment / tuning,kivun
618,הערות,comments,he'arot
619,למנוע,to prevent,limno'a
620,מס,tax,mas
621,לקריאה,for reading / for calling / for a call,likri'a
622,טען,claimed / argued (m.s.),ta'an
623,חודשים,months,khodashim
624,בזה,hereby,baze
624,בזה,in this one (m.),beze
625,זהו,this is (m.) / that's it,zehu
626,השאר,the rest,hash'ar
626,השאר,leave (m.s. imperative),hash'er
627,גבוהה,high / tall (f.s.),gvoha
628,בתחום,in a field / in an area / in a range,bitkhum
628,בתחום,in the field / in the area / in the range,batkhum
629,מסוים,specific (m.s.),mesuyam
630,המין,the kind / the species / the gender / the sex,hamin
631,יודע,knows (m.s.),yode'a
632,הקרקע,the soil / the ground / the land,hakarka
633,העירייה,the municipality,ha'iriya
634,טיפול,treatment,tipul
635,נחל,stream,nakhal
635,נחל,inherited / attained (m.s.),nakhal
636,אתם,you (m.pl.),atem
636,אתם,with them (m.pl.),itam
637,שלום,peace,shalom
638,גורמים,factors / cause (m.pl.),gormim
639,היחידה,the unit / the squad / the only / the single,hayekhida
640,מופיע,appear / perform (m.s.),mofi'a
641,השטח,the area / the field / the territory,hashetakh
642,חוקי,legal (m.s.),khuki
643,הגדוד,the regiment,hagdud
644,וכל,and all,vekol
645,לקבל,to receive / to accept,lekabel
646,בשר,meat,basar
647,קיימת,exist (f.s.),kayemet
648,פרסם,published / advertised (m.s.),pirsem
649,העכברה,the mouse (female),ha'akhbara
650,אינני,I am not,eineni
651,בדיוק,exactly,bediyuk
652,שר,minister,sar
652,שר,sing (m.s.),shar
653,שאר,rest / remainder,sh'ar
654,ילדים,children,yeladim
655,יצאה,went out / came out (f.s.),yatsa
656,יתר,rest / remainder,yeter
657,האל,the god,ha'el
658,בספורט,in sport,besport
658,בספורט,in the sport,basport
659,עבודה,work,avoda
660,לחלוטין,totally / entirely / absolutely,lakhalutin
661,הפרוש,the meaning / the interpretation,haperush
662,קטנים,small / little (m.pl.),ktanim
663,נקודות,points,nekudot
664,עצמה,herself,atsma
664,עצמה,power / force / intensity,otsma
665,חוסר,lack / deficiency / shortage / deficit,khoser
666,בהתאם,accordingly,behet'em
667,תהליך,process,tahalikh
668,עצמי,myself / self,atsmi
669,במצב,at a state / in a situation,bematsav
669,במצב,at the state / in the situation,bamatsav
670,לבנות,to build,livnot
670,לבנות,for the girls,labanot
670,לבנות,for girls,lebanot
671,כנראה,probably,kanir'e
672,הטבע,the nature,hateva
673,העולמית,the global / the universal (f.s.),ha'olamit
674,אכן,indeed,akhen
675,בזכות,thanks to / due to / by right of,bizkhut
676,קבוצה,group,kvutsa
677,דין,judgment / sentence / law,din
678,מוסדות,institutes,mosadot
679,המדבר,the desert,hamidbar
680,השדרה,the boulevard,hasdera
681,בנק,bank,bank
682,לזה,for this (m.),laze
683,בפעם,[to] time,befa'am
684,לצאת,to go out / to come out,latset
685,סמוך,near / confident (m.s.),samukh
686,חי,living / alive (m.s.),khai
687,בנו,his son,bno
688,המצב,the state / the situation,hamatsav
689,דולר,dollar,dolar
690,ממשלת,government of,memshelet
691,עולם,world / universe,olam
692,ספורט,sport,sport
693,הליברלית,the liberal,haliberalit
694,החלבון,the protein,hakhelbon
695,שעות,hours,sha'ot
696,מתחת,under / beneath,mitakhat
697,בעלת,the owner of / has,ba'alat
698,חזרה,returned / repeated (f.s.),khazra
698,חזרה,repetition / rehearsal / back,khazara
699,לאור,in light of,le'or
700,עברה,passed / crossed / went through (f.s.),avra
701,הביאה,brought (f.s.),hevi'a
702,הגנרל,the general,hageneral
703,הגיעה,arrived (f.s.),hegi'a
704,בחודש,in a month,bekhodesh
704,בחודש,in the month,bakhodesh
705,צורך,need / necessity,tsorekh
706,משחק,game,mis'khak
707,תפקיד,role,tafkid
708,אלוף,champion,aluf
709,בדומה,like,bedome
710,תאי,cells of,ta'ei
710,תאי,cellular / my cell,ta'i
711,די,enough,day
712,בעיני,in the eyes of / in the opinion of,be'einei
712,בעיני,in my eyes / in my opinion,be'einai
713,קטנה,small / little (f.s.),ktana
714,במרכז,at the center,bamerkaz
714,במרכז,at the center of,bemerkaz
715,מהווה,is / constitutes (m.s.),mehave
716,יחסי,relative,yakhasi
716,יחסי,the relations of,yakhasei
717,הפועל,the worker / that operates,hapo'el
717,הפועל,the verb,hapo'al
718,אחדים,few,akhadim
719,מיוחד,special,meyukhad
720,ראה,saw (m.s.),ra'a
721,הנראה,the visible,hanir'e
722,לבן,white,lavan
722,לבן,for the son,laben
723,תנועה,movement / motion / traffic,tnu'a
724,לאחד,to one (m.),le'ekhad
725,העובדה,the fact,ha'uvda
726,דרכים,ways / roads,drakhim
727,לעיר,to a city,le'ir
727,לעיר,to the city,la'ir
728,הפעולה,the action / the operation / the deed / the transaction,hape'ula
729,הפכה,inverted / converted / turned / become / transformed (f.s.),hafkha
730,במלחמה,at war,bemilkhama
730,במלחמה,in the war,bamilkhama
731,העתיקה,the ancient / the old (f.s.),ha'atika
732,דו,bi-,du
733,גדוד,regiment,gdud
734,חמצן,oxygen,khamtsan
735,נא,please,na
736,פנים,face,panim
736,פנים,inside / interior,pnim
737,מלא,full (m.s.),male
738,לדעת,to know,lada'at
738,לדעת,in the opinion of,leda'at
739,עמדו,stood / were about to / endured / succeeded / insisted on (pl.),amdu
740,אדום,red (m.s.),adom
741,בסופו,at his end / at its end,besofo
742,החוק,the law,hakhok
743,הראשי,the main,harashi
744,השפעה,effect / influence,hashpa'a
745,הקולנוע,the cinema,hakolnoa
746,גבי,from the back / dorsal,gabi
747,לפחות,at least,lefakhot
748,מדבר,desert,midbar
749,מדינה,state,medina
750,כיצד,how,keytsad
751,מות,the death of,mot
752,הבינלאומי,the international (m.s.),habeynleumi
753,הנשק,the weapon,haneshek
754,בעברית,in Hebrew,be'ivrit
755,הוד,glory,hod
756,כעת,now,ka'et
757,כמובן,of course / certainly,kamuvan
758,משהו,something,mashehu
759,נהרגו,were killed,nehergu
760,הצדדים,the sides,hatsdadim
761,דרום,south,darom
762,בדרום,in the south,badarom
763,שמות,names,shemot
763,שמות,Book of Exodus (bible),shmot
764,אוכל,food,okhel
764,אוכל,eat (m.s.),okhel
764,אוכל,I will eat,okhal
764,אוכל,I will be able,ukhal
765,בשביל,for,bishvil
765,בשביל,on the path,bashvil
766,משם,from there,misham
767,מדובר,spoken / said / agreed,medubar
768,חזר,returned / repeated (m.s.),khozer
769,מקורות,sources,mekorot
770,מהן,what are (f.),mahen
771,מלבד,except,milvad
772,נתן,gave (m.s.),natan
773,עניין,matter / interest,inyan
774,חשיבות,importance,khashivut
775,צורת,shape of / form of,tsurat
776,הצפון,the north,hatsafon
777,האזור,the area / the region / the zone,ha'ezor
778,העיקריים,the main / the principal / the primary (m.pl.),ha'ikariym
779,העצמאות,the independence,ha'atsma'ut
780,נבחר,was elected / was selected / the elected / the selected (m.s.),nivkhar
781,ברוב,in most of,berov
782,והיה,and was (m.s.),vehaya
783,הללו,those,halalu
784,החליט,decided (m.s.),hekhlit
785,מבנים,structures,mivnim
786,עמו,his people,amo
786,עמו,with him,imo
787,לשמור,to keep / to guard / to protect,lishmor
788,מאשר,approves / confirms (m.s.),me'asher
789,נשים,women,nashim
790,בטיפול,in treatment,betipul
790,בטיפול,during the treatment,batipul
791,סנט,mocked / teased (m.s.),sanat
792,הממשל,the government,hamimshal
793,המסע,the journey,hamasa
794,ביקורת,criticism / inspection,bikoret
795,הנדסה,engineering,handasa
796,הלאה,further,hal'a
797,למדי,quite / rather,lemadai
798,הגשם,the rain,hageshem
799,במקרה,in case / accidentally,bemikre
800,החוף,the beach,hakhof
801,בנושא,on the subject of,benose
801,בנושא,on the subject,banose
802,האמנות,the art,ha'omanut
802,האמנות,the treaties / the conventions,ha'amanot
803,העכבישה,the spider (female),ha'akavisha
804,שבועות,weeks / Shavuot (Jewish holiday),shavu'ot
805,לבצע,to perform / to execute,levatse'a
806,למקום,to a place,lemakom
806,למקום,to the place,lamakom
807,במטרה,aimed at,bematara
808,מערב,west,ma'arav
809,הדרום,the south,hadarom
810,התיכון,the middle (m.s.) / the median (m.s.) / the high school / the Mediterranean (sea),hatikhon
811,מסע,journey,masa
812,כאן,here,kan
813,חצי,half,khetsi
814,באי,on the island,ba'i
814,באי,on an island,be'i
815,קבע,permanence / regularity,keva
815,קבע,career army,[tsva] keva
815,קבע,determined / fixed / set (m.s.),kava
816,חוק,law,khok
817,הגנה,defense,hagana
818,הדם,the blood,hadam
819,ובהם,and in them (m.),uvahem
820,הנושא,the subject,hanose
821,שיטות,methods,shitot
822,סוגי,kinds of / classes of / types of,sugei
823,תהילים,psalms,tehilim
824,שעל,that is on,she'al
824,שעל,step,sha'al
825,התהילה,the glory / the fame,hatehila
826,המשיכו,continued (pl.),himshikhu
827,גורם,factor / cause (m.s.),gorem
828,תושבי,the residents of,toshvei
829,הנוצרים,the Christian (m.pl.),hanotsrim
830,הזהב,the gold,hazahav
831,באזורים,in areas,be'ezorim
831,באזורים,in the areas,ba'ezorim
832,דווקא,actually / spitefully,davka
833,הפיסול,the sculpture,hapisul
834,הנמלים,the harbors,hanmalim
834,הנמלים,the ants,hanemalim
835,עושה,do / make (m.s.),ose
835,עושה,do / make (f.s.),osa
836,כסף,money,kesef
837,באמצע,in the middle,ba'emtsa
838,שמה,placed / put (f.s.),sama
838,שמה,there,shama
838,שמה,her name,shma
839,יורק,spits,yorek
840,רחוב,street,rekhov
841,יצר,created / made (m.s.),yatsar
842,האזרחים,the citizens,ha'ezrakhim
843,מגדל,tower,migdal
844,שאינם,that are not / that are not here (m.pl.),she'einam
845,הצבאי,the military (m.s.),hatsva'i
846,מרבית,most of,marbit
847,השיר,the song / the poem,hashir
848,הלילה,tonight / the night,halaila
849,קול,voice / sound,kol
850,ורק,and only,verak
851,מעין,spring,ma'ayan
852,במלחמת,in the war of,bemilkhemet
853,במערב,in the west,bama'arav
853,במערב,in the west of,bema'arav
854,מערבה,to the west,ma'arava
855,התוכנית,the program / the plan,hatokhnit
856,תה,tea,te
857,הזקן,the old (m.s.),hazaken
858,ערב,evening,erev
858,ערב,pleasant / surety,arev
859,עין,eye / fountain / spring,ayin
860,משרד,office / bureau / Ministry,misrad
861,מאחר,since,me'akhar
861,מאחר,late (m.s.),me'akher
862,בתחילה,at first / initially,batkhila
863,תנאי,condition / provision,tnai
863,תנאי,conditions of / provisions of,tna'ei
864,החיילים,the soldiers,hakhayalim
865,אביו,his father,aviv
866,הקשר,the tie / the bond / the link / the connection,hakesher
867,למלחמה,to war,lemilkhama
867,למלחמה,to [the] war,lamilkhama
868,תדיר,frequently,tadir
869,ענה,answered (m.s.),ana
870,קל,easy / light weight (m.s.),kal
871,טובה,good (f.s.) / favor,tova
872,הימים,the days,hayamim
873,לפעול,to act / to operate,lif'ol
874,בניית,building of (v.),bniyat
875,לשון,tongue / language,lashon
876,עשרות,dozens [literally: tens],asarot
876,עשרות,dozens of [literally: tens of],asrot
877,המערבי,the western (m.s.),hama'aravi
878,נבנה,was built (m.),nivna
878,נבנה,is built / we will build,nivne
879,המתקפה,the attack,hamitkafa
880,המרכזי,the central (m.s.),hamerkazi
881,תגיות,badges / labels / tags,tagiyot
882,באמת,really,be'emet
883,למה,why,lama
884,התובע,the prosecutor,hatove'a
885,הבא,next / the person who is coming (m.s.),haba
886,יכלו,could (pl.),yakhlu
887,מסוג,of a kind / of a class / of a type,misug
888,נמצאים,are found / are [at] (m.pl.),nimtsa'im
889,כדור,ball / pill,kadur
890,הורה,instructed (m.s.),hora
890,הורה,parent,hore
891,ניסה,tried (m.s.),nisa
892,הדת,the religion,hadat
893,כיבוש,occupation,kibush
894,לשלטון,into power / to/for the government,lashilton
894,לשלטון,to/for the power of / to/for the reign of,leshilton
895,גילה,her age / found out (m.s.) / joy,gila
896,ציון,note / mark / pointing out / grade,tsiyun
896,ציון,Zion,tsiyon
897,היצורים,the creatures,hayetsurim
898,שלנו,ours,shelanu
899,ושם,and a name,veshem
899,ושם,and there,vesham
900,הסיפור,the story,hasipur
901,במהירות,fast / rapidly / quickly,bimhirut
902,בר,wild / son / -able / bar,bar
903,צעירים,young (m.pl.),tse'irim
904,לצורך,for the purpose of,letsorekh
905,לטיפול,for treatment,letipul
905,לטיפול,for the treatment,latipul
906,צוות,team / staff,tsevet
907,משמעות,meaning,mashma'ut
908,מקומות,places,mekomot
909,העבדות,the slavery,ha'avdut
910,חושי,sensory,khushi
911,שער,gate,sha'ar
911,שער,hair,se'ar
912,החולים,the patients / the sick,hakholim
913,הטוב,the good (m.s.),hatov
914,לכיוון,to/in the direction of / for adjustment / for tuning,lekivun
914,לכיוון,in the direction / for the adjustment / for the tuning,lakivun
915,מאחורי,behind,me'akhorei
915,מאחורי,behind me,me'akhorai
916,תרופות,medications / drugs,trufot
917,מסוימת,specific (f.s.),mesuyemet
918,מעמד,class (social) / status / scene / pedestal,ma'amad
919,בשטח,in the area / in the field / in the territory,bashetakh
919,בשטח,in an area,beshetakh
920,זכתה,won (f.s.),zakhta
921,המחקר,the research,hamekhkar
922,ולעתים,and sometimes,ul'itim
923,הרכבת,the train,harakevet
923,הרכבת,assembly of,harkavat
924,הרוח,the wind / the spirit / the ghost,haruakh
925,לחיות,to live,likhyot
926,סיפור,story,sipur
927,אליה,to her,eleha
927,אליה,tail of a sheep [alya vekots ba: mixed blessing],alya
928,בשנה,in the year,bashana
928,בשנה,in a year / per year,beshana
929,הינו,he is / is (m.),hino
930,תוצאות,results / outcomes / consequences,totsa'ot
931,כולה,all of it (f.s.),kula
932,אורך,length / duration,orekh
933,תבלינים,spices,tavlinim
934,שלך,yours (m.s.),shelkha
934,שלך,yours (f.s.),shelakh
935,השעה,the hour / the time,hasha'a
936,שעה,hour / time,sha'a
937,לעמוד,to stand,la'amod
937,לעמוד,to page / [to/for] a pillar,le'amud
937,לעמוד,to the page / [to/for] the pillar,la'amud
938,הצעיר,the young (m.s.),hatsa'ir
939,וזאת,and this (f.),vezot
940,מידע,information,meyda
941,הציבור,the public,hatsibur
942,המצור,the siege,hamatsor
943,הפיקוד,the command,hapikud
944,צפון,north,tsafon
945,מגוון,variety,migvan
946,המקדש,the temple / the shrine,hamikdash
947,ביחס,in relation / regarding / at a ratio,beyakhas
948,משמש,used for / intended for (m.s.),meshamesh
949,צורות,shapes / forms,tsurot
950,עמדה,stood / was about to / endured / succeeded / insisted on (f.s.),amda
950,עמדה,position,emda
951,נושא,subject,nose
952,חלקים,parts / smooth (m.pl.),khalakim
953,התבלינים,the spices,hatavlinim
954,המוות,the death,hamavet
955,ייתכן,possible,yitakhen
956,פרט,detail / individual / except,prat
957,הקים,established / made someone stand,hekim
958,הפועלים,the workers,hapo'alim
959,הצפוני,the northern,hatsfoni
960,הדרומי,the southern,hadromi
961,יכולת,you could,yakholta
962,השד,the devil,hashed
962,השד,the breast,hashad
963,בטרם,before,beterem
964,הרגל,the leg,haregel
965,אינן,are not / are not here (f.pl.),einan
966,חד,sharp / one / uni-,khad
967,פועל,worker / operates (m.s.),po'el
967,פועל,verb,po'al
968,רמת,height of / level of,ramat
969,נהר,river,nahar
970,מזרח,east,mizrakh
971,העולמי,the global / the universal (m.s.),ha'olami
972,העברי,the Hebrew,ha'ivri
973,תבוסת,defeat,tvusa
974,בשעה,at [time] / per hour / in an hour,besha'a
974,בשעה,in the hour,basha'a
975,התבונה,the intelligence,hatvuna
976,יער,forest,ya'ar
977,שמן,fat (adj.) (m.s.),shamen
977,שמן,oil,shemen
977,שמן,their name (f),shman
978,פרטים,details / individuals,pratim
979,שאינו,that is not / that is not here (m.s.),she'eino
980,העיקרי,the main / the principal / the primary (m.s.),ha'ikari
981,במדינות,in states,bimdinot
981,במדינות,in the states,bamedinot
982,פתאום,suddenly,pit'om
983,שיטת,method of,shitat
984,זכו,won (pl.),zakhu
985,הפוליטית,the political (f.s.),hapolitit
986,דוגמה,sample / example,dugma
987,פרק,chapter / period / joint / dismantled (m.s.),perek
988,המילים,the words,hamilim
989,אוויר,air,avir
990,לגמרי,totally / completely,legamrei
991,התאריך,the date,hata'arikh
992,הצורך,the need,hatsorekh
993,יצורים,creatures,yetsurim
994,נמוך,low / short (m.s.),namukh
995,כיכר,square / loaf,kikar
996,קרובות,close / relatives (f.pl.),krovot
997,ושל,and of / and belongs to,veshel
998,ועדת,the committee of / the commission of,va'adat
999,שניתן,that is possible,shenitan
1000,השונות,the difference / the variation / the variance (stat.),hashonut
1000,השונות,the different / the various (f.pl.) / the miscelleneous,hashonot
1001,לוחמים,warriors,lokhamim
1002,בצורת,in the shape of / in the form of,betsurat
1003,דמוקרטיה,democracy,demokratya
1004,נהגה,drove / used to (f.s.),nahaga
1005,לתת,to give,latet
1006,מראה,sight / view / appearance / show (m.s.),mar'e
1006,מראה,mirror,mar'a
1007,ההיסטוריה,the history,hahistoria
1008,נמצאת,is found / is [at] (f.s.),nimtset
1009,פוליטית,political (f.s.),politit
1010,צבאי,military (m.s.),tsva'i
1011,ניכר,obvious / evident (m.s.),nikar
1012,משתמשים,using (pl.),mishtamshim
1013,השפה,the language / the lip,hasafa
1014,במדבר,in a desert,bemidbar
1014,במדבר,in the desert,bamidbar
1015,תיאר,described (m.s.),te'er
1016,כלום,nothing,klum
1017,שאלה,question,she'ela
1018,בצד,on the side,batsad
1018,בצד,on the side of / on the [right/left],betsad
1019,שכל,that all,shekol
1020,חדשות,new (f.pl.) / news,khadashot
1021,לאומי,national (m.s.),le'umi
1022,מסוגלים,capable (m.pl.),mesugalim
1023,ניסיון,experience / trial / attempt,nisayon
1024,משני,secondary,mishni
1025,שלטון,authority / reign / government,shilton
1026,כדוגמת,such as / as in the example of,kedugmat
1027,ניסו,tried (pl.),nisu
1028,אזרחים,citizens,ezrakhim
1029,קיבלו,received / accepted (pl.),kiblu
1030,החומה,the wall,hakhoma
1031,הקומוניסטית,the communist (f.s.),hakomunistit
1032,תיאורים,descriptions,te'urim
1033,הסוכנות,the agency / the [Jewish] Agency,hasokhnut
1034,התל,the hill,hatel
1034,התל,mocked / joked (m.s.),hitel
1035,שנית,again,shenit
1036,הקטן,the small / the little (m.s.),hakatan
1037,כאלה,like these / like those / such,ka'ele
1038,נפש,soul / spirit / life,nefesh
1039,עומד,stands / is about to / endures / succeeds / insists on (m.s.),omed
1040,חיי,my life,khayai
1040,חיי,the life of,khayei
1041,פתח,opened (m.s.) / Fatah,patakh
1041,פתח,opening / aperture,petakh
1042,האחרונה,the last (f.s.),ha'akhrona
1043,פרי,fruit,pri
1044,הבניין,the building,habinyan
1045,מבחינת,from the aspect of,mibkhinat
1046,לגרום,to cause,ligrom
1047,יצרו,created / made (pl.),yatsru
1048,אנו,we,anu
1049,האלבום,the album,ha'albom
1050,המחלה,the illness / the disease,hamakhala
1051,תיאור,description,te'ur
1052,הקיבה,the stomach,hakeyva
1053,המערכת,the system / / the editorial board,hama'arekhet
1054,גדולות,big / large (f.pl.),gdolot
1055,הביטחון,the security / the confidence,habitakhon
1056,להקים,to establish,lehakim
1057,ספרו,his book,sifro
1057,ספרו,counted (pl.),safru
1058,סוג,kind / class / type,sug
1059,לוחמי,the warriors of,lokhamei
1059,לוחמי,my warriors,lokhamai
1060,אמצעי,Mean / middle,emtsa'i
1061,פיתוח,development,pituakh
1062,אמרתי,I said,amarti
1063,מלכותך,your kingship (m.s.),malkhutkha
1063,מלכותך,your kingship (f.s.),malkhutekh
1063,מלכותך,Your Majesty (m.s.),[hod] malkhutkha
1063,מלכותך,Your Majesty (f.s.),hod malcutekh
1064,הנער,the boy / the youngster,hana'ar
1065,אותך,you (m.s.),otkha
1065,אותך,you (f.s.),otakh
1066,העלים,the leaves,ha'alim
1066,העלים,hid / concealed (m.s.),he'elim
1067,הלך,walked / went (m.s.),halakh
1068,עולה,rising / climbing / immigrant (m.s.),ole
1068,עולה,rising / climbing / immigrant (f.s.),ola
1069,האנשים,the people,ha'anashim
1070,מסוגל,capable (m.s.),mesugal
1071,זכות,right / privilege,zkhut
1072,בניו,his sons,banav
1073,נמצאו,were found / were [at],nimtse'u
1074,למספר,to/for a number,lemispar
1074,למספר,to/for the number,lamispar
1075,שהגיעו,that/who arrived (pl.),shehigi'u
1076,אתר,site / location,atar
1077,למשחק,to/for a game,lemis'khak
1077,למשחק,to/for the game,lamis'khak
1078,שבהן,that in them (f.),shebahen
1079,פסק,gave judgment / decided / rules / stopped (m.s.),pasak
1080,עיקר,main point / essence,ikar
1081,סגנון,style / manner,signon
1082,נולד,was born (m.s.),nolad
1083,הלוחמים,the warriors,halokhamim
1084,פעיל,active,pa'il
1085,בספרו,in his book,bsifro
1086,השלטונות,the authorities,hashiltonot
1087,הציונית,the Zionist (f.s.),hatsiyonit
1088,מתוארת,is described (f.s.),meto'eret
1089,ככה,so / like this / thus,kakha
1090,יפה,pretty / good (m.s.),yafe
1090,יפה,pretty / good (f.s.),yafa
1091,תהיה,you will be (m.s.) / she will be,tihiye
1092,הציע,proposed / suggested / offered (m.s.),hetsi'a
1093,בנוגע,About / in regards,benoge'a
1094,לסייע,to assist / to help,lesaye'a
1095,עברו,passed / crossed / went through (pl.),avru
1096,נותרו,were left,notru
1097,עצם,object / bone / essence / -self,etsem
1098,המרכז,the center,hamerkaz
1099,התחנה,the station / the stop / the base,hatakhana
1100,בבחירות,in elections,bebkhirot
1100,בבחירות,in the elections,babkhirot
1101,כללה,included (f.s.),kalela
1102,הפכו,inverted / converted / turned / become / transformed (pl.),hafkhu
1103,לשימוש,for the use,lashimush
1103,לשימוש,for use,leshimush
1104,כללי,general (m.s.),klali
1105,הגטו,the ghetto,hageto
1106,דיין,judge,dayan
1107,החולירע,the cholera,hakholera
1108,קצת,a little,ktsat
1109,לדבר,spoke (m.s.) / commandment,diber
1110,בעצם,actually / in fact / in a bone,be'etsem
1110,בעצם,in the bone,ba'etsem
1111,רואה,see (m.s.),ro'e
1112,קרוב,close / relative (m.s.),karov
1113,מתואר,is described (m.s.),meto'ar
1114,מזג,temperament / nature,mezeg
1114,מזג,poured (m.s.),mazag
1115,גדל,grew (m.s.),gadal
1116,אדמה,land / earth / soil / ground,adama
1117,ועם,and with,ve'im
1117,ועם,and people,ve'am
1118,מלך,king,melekh
1119,הצוות,the team / the staff,hatsevet
1120,מבני,structural,mivni
1120,מבני,the structures of,mivnei
1121,יהדות,Judaism,yahadut
1122,בחלק,in part,bekhelek
1122,בחלק,in the part,bakhelek
1123,ברמת,at the level of,beramat
1124,בסמוך,near by / close,besamukh
1125,הצי,the navy / the armada,hatsi
1126,הנשיא,the president,hanasi
1127,העיקרית,the main / the principal / the primary (m.s.),haikarit
1128,במזרח,in the east / to the east,bamizrakh
1129,מערכות,systems / / editorial boards,ma'arakhot
1130,המודרנית,the modern (f.s.),hamodernit
1131,כוללת,include (f.s.),kolelet
1132,לגילוי,for a discovery,legilui
1132,לגילוי,for the discovery,lagilui
1133,הגדודים,the regiments,hagdudim
1134,לבי,my heart,libi
1135,היותר,the more,hayoter
1136,ואחר,and other (m.s.),ve'akher
1137,הצעירים,the young (m.pl.),hatse'irim
1138,האחים,the brothers / the siblings / the nurses (m.),ha'akhim
1139,אליהם,to them (m.),eleihem
1140,לארצות,to countries,le'aratsot
1140,לארצות,to the countries,la'aratsot
1141,זאב,wolf,ze'ev
1142,לשמש,to be used,leshamesh
1142,לשמש,to the sun,lashemesh
1143,חודש,month,khodesh
1143,חודש,was renewed,khudash
1144,המזון,the food,hamazon
1145,המרכזית,the central (f.s.),hamerkazit
1146,בגיל,at an age / with joy,begil
1146,בגיל,at the age,bagil
1147,נוצר,is/was formed / is/was created (m.s.),notsar
1148,ההר,the mountain,hahar
1149,ובמיוחד,and especially,uvimyukhad
1150,המזרחי,the eastern (m.s.),hamizrakhi
1151,בספר,in a book,besefer
1151,בספר,in the book,basefer
1151,בספר,at the border,basfar
1152,בשפה,in the language / on the lip,basafa
1152,בשפה,in a language / on a lip,besafa
1153,במצעד,in a parade / in a march,bemits'ad
1153,במצעד,in the parade / in the march,bamits'ad
1154,מתארת,describe (f.s.),meta'eret
1155,תחרויות,competitions,takharuyot
1156,עיני,eyes of,einei
1156,עיני,my eyes,einai
1157,חושב,think (m.s.),khoshev
1158,ברגע,in an instance / at the moment [that],berega
1159,באה,coming / came (f.s.),ba'a
1159,באה,next (f.s.),ba'a
1160,לאכול,to eat,le'ekhol
1161,החורף,the winter,hakhoref
1162,מתאר,describes (m.s.),meta'er
1163,מספיק,enough,maspik
1164,סיום,end,siyum
1165,אבא,father,aba
1166,מצפון,from the north,mitsafon
1167,שינויים,changes,shinuim
1168,זרים,foreign / strangers (m.pl.),zarim
1169,הלבנה,the white (f.s.) / the moon,halevana
1170,הלאומי,the national (m.s.),hale'umi
1171,דמויות,shapes / figures / characters,dmuyot
1172,ביטוי,expression,bitui
1173,סדרת,series of,sidrat
1174,וו,hook,vav
1175,טנקים,tanks,tankim
1176,הבירה,the capital,habira
1176,הבירה,the beer,habira
1177,מועצת,council of,mo'etset
1178,שערים,gates,she'arim
1179,העליונה,the upper / the top / the utmost / the superior (f.s.),ha'elyona
1180,הפעילות,the activity,hape'ilut
1180,הפעילות,the active / the activists (f.pl.),hape'ilot
1181,אילו,which (pl.),elu
1181,אילו,if,ilu
1182,האיש,the person / the man / the husband,ha'ish
1183,אשתו,his wife,ishto
1184,דברים,words / what was/is said / things / items / matters,dvarim
1185,במרחק,at a distance,bemerkhak
1186,גרם,caused (m.s.),garam
1186,גרם,object,gerem
1186,גרם,gram,gram
1187,הפנים,the face,hapanim
1187,הפנים,the inside / the interior,hapnim
1187,הפנים,internalized (m.s.),hifnim
1188,הבאים,next / the person who is coming (m.pl.),haba'im
1189,לתיאור,for a description,lete'ur
1189,לתיאור,for the description,late'ur
1190,לשנות,to change,leshanot
1191,אב,father,av
1192,כלשהו,any / of any kind (m.s.),kolshehu
1193,כבד,heavy (m.s.) / liver,kaved
1194,המורדים,the rebels,hamordim
1195,התנגדות,resistance / objection,hitnagdut
1196,בשימוש,in use,beshimush
1196,בשימוש,in the use,bashimush
1197,החזה,the chest / the breast,hakhaze
1198,תאים,cells,ta'im
1199,אמרו,said (pl.),amru
1200,קטנות,small / little (f.pl.),ktanot
1201,תת,hypo- / sub- / infra-,tat
1202,לתאר,to describe,leta'er
1203,מראש,in advance,merosh
1204,לאי,to the island,la'i
1204,לאי,to an island,le'i
1205,שיר,song / poem,shir
1206,המינים,the kinds / the species / the genders,haminim
1207,בראשית,in the beginning / Genesis,bereshit
1208,נפילת,fall of,nefilat
1209,כהגיית,as the pronunciation of,kehagiyat
1210,כאילו,as if / like,ke'ilu
1211,כמתואר,as described,kamto'ar
1212,לבוא,to come,lavo
1213,להילחם,to fight,lehilakhem
1214,פשוט,simple (m.s.),pashut
1215,מוצא,finds (m.s.),motse
1216,אמת,truth,emet
1217,לחם,bread,lekhem
1217,לחם,fought (m.s.),lakham
1218,שירה,singing / poetry,shira
1219,קווי,lines of,kavei
1220,בחזית,at the front,bakhazit
1221,נבנו,were built,nivnu
1222,לאזור,to the area,la'ezor
1222,לאזור,to an area,le'ezor
1223,עובדה,fact,uvda
1224,מחקר,research / study,mekhkar
1225,אמנות,art,omanut
1225,אמנות,treaties / conventions,amanot
1226,אלים,gods,elim
1227,הוקם,was established / was made to stand (m.s.),hukam
1228,אפוא,then / consequently,efo
1229,לאט,slowly,le'at
1230,רגע,moment,rega
1231,שיח,bush / talk,si'akh
1232,מהר,fast / quickly,maher
1233,לעבור,to pass / to cross / to go through,la'avor
1234,עולים,rising / increasing / climbing / immigrants (m.pl.),olim
1235,הניצחון,the victory,hanitsakhon
1236,חומר,material,khomer
1237,המאבק,the struggle,hama'avak
1238,משפחת,the [name] family,mishpakhat
1239,גורן,barn,goren
1240,התיאור,the description,hate'ur
1241,הביצים,the eggs,habeytsim
1242,אופן,mode / manner / way,ofen
1242,אופן,wheel,ofan
1243,עשה,did (m.s.),asa
1244,עלו,went up / climbed / increased / immigrated (pl.),alu
1245,התואר,the title / the degree / the adjective / the appearance / the shape,hato'ar
1246,המשטרה,the police,hamishtara
1247,הכחול,the blue (m.s.),hakakhol
1248,רגל,leg,regel
1249,מעלה,up,ma'ala
1249,מעלה,raises / uploads (f.s.) / merit / virtue,ma'ala
1249,מעלה,raises / uploads (m.s.),ma'ale
1250,מגיע,arrive / deserved (m.s.),megi'a
1251,מצוי,is [at] / common / available (m.s.),matsui
1252,הבלתי,"the in-, the un-, the dis-",habilti
1253,טבעי,natural (m.s.),tiv'i
1254,רשת,net,reshet
1255,לגלות,to discover,legalot
1256,אופי,character / nature,ofi
1257,להתמודד,to deal with / to confront,lehitmoded
1258,חלקי,my share / partial,khelki
1259,היסטורי,historical (m.s.),histori
1260,נהגו,drove / used to (pl.),nahagu
1261,גילוי,discovery,gilui
1262,הכנסייה,the church,haknesiya
1263,סרטים,movies,sratim
1264,שירים,songs / poems,shirim
1265,היצירה,the formation / the creation / the making / the work of art / the composition,hayetsira
1266,מוזיאון,museum,muze'on
1267,חמצני,oxygenic,khamtsani
1268,ממני,from me,mimeni
1269,תפוח,apple,tapu'akh
1269,תפוח,tumid (m.s.),tafu'akh
1270,שאת,that the,she'et
1270,שאת,that you (f.s.),she'at
1271,בתור,in line,bator
1271,בתור,as,betor
1272,חזק,strong (m.s.) / be strong,khazak
1273,יחיד,only / single / individual,yakhid
1274,במקרים,in cases,bemikrim
1275,לאפשר,to enable / to facilitate,le'afsher
1276,מגן,defender / shield,magen
1277,יצירתו,his formation / his creation / his artistic work / his composition of,yetsirato
1278,עיר,city,ir
1279,סימן,sign,siman
1280,מדיניות,policy,mediniyut
1281,תואר,title / degree / adjective / appearance / shape,to'ar
1281,תואר,was described (m.s.),to'ar
1282,רימון,pomegranate / grenade,rimon
1283,פיסול,sculpture,pisul
1284,המתארת,that/who describes (f.s.),hameta'eret
1285,בי,in me,bi
1286,רע,bad,ra
1287,הודיע,informed / announced (m.s.),hodi'a
1288,העת,the period / age,ha'et
1289,הלכה,walked / went (f.s.),halkha
1289,הלכה,Halachah (the Jewish law),halakha
1290,עלתה,went up / climbed / increased / immigrated (f.s.),alta
1291,זכר,memory,zekher
1291,זכר,remembered (m.s.) / male,zakhar
1292,קולות,voices / sounds,kolot
1293,ארוכה,long (f.s.),aruka
1294,האחרונים,the last (m.pl.),ha'akhronim
1295,לטובת,for / in favor of / for the sake of,letovat
1296,הזו,this (f.),hazo
1296,הזו,hallucinated (pl.),hazu
1297,המתארים,that/who describe (m.pl.),hameta'arim
1298,הגדולות,the big / the large (f.pl.),hagdolot
1299,אפשרות,possibility,efsharut
1300,חבר,friend / member (m.s.),khaver
1301,גן,garden / kindergarten,gan
1301,גן,gene,gen
1302,קילומטרים,kilometers,kilometrim
1303,הוביל,led / transported (m.s.),hovil
1304,בעצמו,Himself / personally (m.s.),be'atsmo
1305,בדבר,regarding / in the thing,badavar
1305,בדבר,in a thing,bedavar
1305,בדבר,regarding / in respect to,bidvar
1306,המתאר,that/who describes (m.s.),hameta'er
1307,שש,six,shesh
1307,שש,glad (m.s.),sas
1308,נשיא,president,nasi
1309,תרבות,civilization / culture,tarbut
1310,רבי,rabbi / my rabbi / my teacher,rabi
1311,עשוי,might / made (m.s.),asui
1312,המערכה,the battle / the campaign / the act,hama'arakha
1313,הגבול,the border / the limit,hagvul
1314,להגן,to defend,lehagen
1315,מונה,count (m.s.) / gauge / numerator,mone
1315,מונה,count (f.s.),mona
1315,מונה,was appointed (m.s.),muna
1316,הידוע,the known (m.s.),hayadu'a
1317,להלן,as follows / below,lehalan
1318,ליהודים,to/for the Jews,layehudim
1319,בדיקות,examinations / tests,bdikot
1320,הפארק,the park,hapark
1321,ישב,sat (m.s.),yashav
1322,בתיאור,in a description,bete'ur
1322,בתיאור,in the description,bate'ur
1323,וזה,and this (m.),veze
1324,רצה,wanted (m.s.),ratsa
1324,רצה,ran (f.s.),ratsa
1325,כבוד,honor / glory / respect / dignity,kavod
1326,לומר,to say,lomar
1327,איננו,is not / is not here (m.s.),eineno
1328,לעלות,to rise / to go up / to immigrate,la'alot
1329,ביקש,asked / looked for / wished (m.s.),bikesh
1330,מלאה,full (f.s.),mele'a
1331,משנה,changes (m.s.) / matters,meshane
1332,ראשית,beginning,reshit
1333,להפוך,to invert / to convert / to turn / to become / to transform,lahafokh
1334,תחילה,beginning / first,tkhila
1335,סדר,order / Passover 'seder',seder
1336,בבתי,in [the] houses of / at the homes of,bevatei
1337,מטעם,on behalf of,mita'am
1338,היות,since / given that / being,heyot
1339,הכולל,that includes (m.s.),hakolel
1340,השריון,the armor,hashiryon
1341,הרפובליקה,the republic,harepublika
1342,מבצע,operation / sale,mivtsa
1343,ומתן,and giving,umatan
1343,ומתן,negotiation,[masa] umatan
1344,במים,in water,bemayim
1344,במים,in the water,bamayim
1345,נערך,prepared / made arrangements / was held / was edited (m.s.),ne'erakh
1346,הפירמידה,the pyramid,hapiramida
1347,שדרות,boulevard,sderot
1348,ענתה,answered (f.s.),anta
1349,החוצה,[to] outside,hakhutsa
1350,אומר,says / saying (m.s.),omer
1351,הקיץ,the summer,hakayits
1352,עצי,trees of,atsei
1353,אחדות,unity,akhdut
1353,אחדות,units / some (f.p.),akhadot
1354,ואין,and there is no,ve'ein
1355,ואם,and if,ve'im
1355,ואם,and a mother,ve'em
1356,לשעבר,former / ex,leshe'avar
1357,ישנה,there is (f.s.),yeshna
1358,והיו,and were,vehayu
1359,כשהוא,when he,keshehu
1360,כף,spoon / palm,kaf
1361,ויש,and there is / and one must,veyesh
1362,פנה,turned (m.s.),pana
1363,חסרי,lacking (m.pl.),khasrei
1364,רשמי,official (m.s.),rishmi
1365,להקמת,for the establishment of / for the building of,lehakamat
1366,פעל,acted / operated (m.s.),pa'al
1367,בתהליך,in process,betahalikh
1367,בתהליך,in the process,batahalikh
1368,רובם,most of them (m.),rubam
1369,היוו,were / constituted (pl.),hivu
1370,סמל,symbol,semel
1370,סמל,sergeant,samal
1371,קיימות,exist (f.pl.),kayamot
1372,הפרק,the chapter / the period / the joint,haperek
1373,בתואר,[in] a title / [in] a degree / [in] an adjective / [in] an appearance / [in] a shape,beto'ar
1373,בתואר,[in] the title / [in] the degree / [in] the adjective / [in] the appearance / [in] the shape,bato'ar
1374,אורניום,uranium,oranium
1375,ללכת,to walk / to go,lalekhet
1376,הענפים,the branches / the fields,ha'anafim
1377,חוץ,out,khuts
1378,דעת,mind / knowledge / wisdom,da'at
1379,נשאר,Stayed / remained / was left (m.s.),nish'ar
1380,הבתים,the houses / the homes,habatim
1381,מעשה,deed / story / tale,ma'ase
1382,לחזור,to return / to repeat,lakhzor
1383,שב,returned (m.s.),shav
1383,שב,sit (m.s. imperative),shev
1383,שב,old person,sav
1384,להשיג,to achieve / to criticize,lehasig
1385,ארוך,long (m.s.),arokh
1386,הרעיון,the idea,hara'ayon
1387,הגידול,the growth / the increase / the tumor,hagidul
1388,בים,in the sea,bayam
1388,בים,in a sea / in the sea of,beyam
1389,ברזל,iron,barzel
1390,נותר,was left (m.s.),notar
1391,שפה,language / lip,safa
1392,ההתקפה,the attack,hahatkafa
1393,הכיבוש,the occupation,hakibush
1394,חלקם,their share / some of them,khelkam
1394,חלקם,for the formation of / for the creation of / for the artistic work of / to/for the composition,
1395,ליצירת,liytsirat,
1395,ליצירת,of,
1396,שיטה,method,shita
1397,דמותו,his image / his figure / his shape / his character,dmuto
1398,בקול,[with] a voice / [with] a sound / loudly,bekol
1399,השיב,replied / returned [something] (m.s.),heshiv
1400,העניין,the matter / the interest,ha'inyan
1401,הרחוב,the street,harekhov
1402,עמוק,deep (m.s.),amok
1403,הדברים,the words / what was said / the things / the items / the matters,hadvarim
1404,בימים,on [days] / in days,beyamim
1405,החדשים,the new (m.pl.),hakhadashim
1406,מילה,word / circumcision,mila
1407,מחנה,camp / group,makhane
1408,אדמת,rubella,ademet
1408,אדמת,the land of / soil of [type],admat
1409,המספר,the number,hamispar
1409,המספר,the narrator / the story teller,hamesaper
1410,שגם,that also,shegam
1411,השיח,the talk / the conversation / the bush,hasi'akh
1411,השיח,talked / conversed (m.s.),hesi'akh
1412,הטיפול,the treatment,hatipul
1413,בגין,because of,begin
1414,לחלק,to divide,lekhalek
1414,לחלק,to part / to/for some,lekhelek
1415,החשובים,the important (m.pl.),hakhashuvim
1416,לחימה,warfare / fighting,lekhima
1417,להעביר,to pass / to transfer,leha'avir
1418,המטבח,the kitchen,hamitbakh
1419,הוחלט,has been decided,hukhlat
1420,החי,the living,hakhai
1421,הכללי,the general (m.s.),haklali
1422,נקרא,is read / is called / was read / was called (m.s.) / we will read / we will call,nikra
1423,לכבוש,to occupy,likhbosh
1424,האויב,the enemy,ha'oyev
1425,הצלב,the cross,hatslav
1426,משמעותי,significant (m.s.),mashma'uti
1427,התפתחות,development,hitpatkhut
1428,האצולה,the aristocracy,ha'atsula
1429,בתרבות,in a civilization / in a culture,betarbut
1429,בתרבות,in the civilization / in the culture,batarbut
1430,מקובל,accepted / conventional (m.s.),mekubal
1431,אלקטרונים,electrons,elektronim
1432,למטה,downward / down,lemata
1432,למטה,to/for the headquarters / to/for the stick,lamate
1432,למטה,to bed,lamita
1433,ואמר,and said (m.s.),ve'amar
1434,להן,to them (f.),lahen
1435,היבשה,the land,hayabasha
1436,בלילה,in the night / at night,balaila
1437,סיפר,told,siper
1438,לעבר,to/for the past,la'avar
1439,צורה,shape / form / manner,tsura
1440,הגורמים,the factors / the causes,hagormim
1441,להמשיך,to continue,lehamshikh
1442,שדה,field,sade
1443,הרגלים,habits,hergelim
1443,הרגלים,the pilgrim festivals,haregalim
1444,הסכם,agreement / contract,heskem
1445,בעניין,on the matter of / with interest,be'inyan
1445,בעניין,on the matter,ba'inyan
1446,טענו,claimed / argued (pl.),ta'anu
1447,לקרא,to read / to call,likro
1448,מעלות,advantages / virtues / stairs,ma'alot
1449,מרד,rebellion,mered
1449,מרד,rebelled (m.s.),marad
1450,לחץ,pressure,lakhats
1450,לחץ,pressed (m.s.),lakhats
1451,רשמית,official (f.s.) / officially,rishmit
1452,הצבאית,the military (f.s.),hatsva'it
1453,מנהיגי,the leaders of,manhigei
1454,הוקמה,was established,hukma
1455,תום,completion / perfection / wholeness / innocence / purity,tom
1456,לכנסת,to the Knesset,lakneset
1457,הנגיף,the virus,hanagif
1458,שיהיה,that will be (m.s.),sheyihye
1459,באו,came (pl.),ba'u
1460,לעצמו,for himself,le'atsmo
1461,ברחובות,on the streets,barekhovot
1461,ברחובות,on streets,berekhovot
1462,צעד,step,tsa'ad
1463,אישה,woman / wife,isha
1464,נשא,carried / married (m.s.),nasa
1465,דקות,minutes / thin (f.pl.),dakot
1466,פרס,award / prize,pras
1467,חום,heat,khom
1467,חום,brown,khum
1468,בליגה,in a league,beliga
1468,בליגה,in the league,baliga
1469,הצליחה,succeeded (f.s.),hetslikha
1470,דרכו,his way / through him/it,darko
1471,ספרי,my book,sifri
1471,ספרי,my books,sfarai
1472,המקור,the source / the beak,hamakor
1473,השתמשו,used (pl.),hishtamshu
1474,הגבוהה,the high / the tall (f.s.),hagavoha
1475,המילה,the word / the circumcision,hamila
1476,הבאות,the next / the person who is coming (f.pl.),haba'ot
1477,הבסיס,the basis / the base,habasis
1478,הפלישה,the invasion,haplisha
1479,התרבות,the civilization / the culture,hatarbut
1480,שלב,stage / phase / rung,shalav
1481,היחס,the relation / the ratio / the attitude,hayakhas
1482,המפעל,the plant / the factory,hamif'al
1483,עברית,Hebrew,ivrit
1484,ירייה,shot,yeriya
1485,ביצים,eggs,beytsim
1486,צריכה,need (f.s.) / consumption (of goods),tsrikha
1487,ביחד,together,beyakhad
1488,צעיר,young (m.s.),tsa'ir
1489,בחיים,alive / in life,bakhayim
1490,ענף,branch / field,anaf
1491,הצטרף,joined (m.s.),hitstaref
1492,מאיר,illuminates (m.s.),me'ir
1493,לפיכך,therefore,lefikhakh
1494,ספרים,books,sfarim
1495,נוסעים,passengers / travelers / drive / travel (m.pl.),nos'im
1496,תחרות,competition,takharut
1497,ספינות,ships,sfinot
1498,שיתוף,cooperation / collaboration,shituf
1499,רחב,wide,rakhav
1500,לשנת,for the year [X] / for the year of / for the sleep of,lishnat
1501,אירוע,event,eru'a
1502,הוקמו,were established / were built (m.pl.),hukmu
1503,עולי,immigrants of,olei
1504,הוועד,the committee / the board,hava'ad
1505,המתים,the dead (m.pl.),hametim
1506,רואים,see (m.pl.),ro'im
1507,משפחתו,his family,mishpakhto
1508,לפגוע,to hit / to damage / to offend,lifgo'a
1509,הקשה,the difficult / the hard (m.s.),hakashe
1509,הקשה,the difficult / the hard (f.s.),hakasha
1510,בעונה,in a season,be'ona
1510,בעונה,in season,ba'ona
1511,הסביבה,the area,hasviva
1512,כנסת,Knesset (the Israeli parliament),kneset
1513,נאלץ,was forced / was compelled (m.s.),ne'elats
1514,משמעותית,significant (f.s.) / in significance,mashma'utit
1515,יחידת,unit of / squad of,yekhidat
1516,תור,line / turn,tor
1517,אודות,about,odot
1518,הופיע,appeared / performed (m.s.),hofi'a
1519,בפארק,in a park,bepark
1519,בפארק,in the park,bapark
1520,ניסיונות,trials / attempts,nisyonot
1521,נקודת,point of,nekudat
1522,ריכוז,concentration,rikuz
1523,בתולדות,in the history of,betoldot
1524,כחלק,as part,kekhelek
1525,ברמה,at the height / at the level,barama
1525,ברמה,at a level,berama
1526,שנתיים,two years,shnatayim
1527,הביולוגיה,the biology,habiologia
1528,פחמן,carbon,pakhman
1529,הוסיף,added (m.s.),hosif
1530,הילדים,the children,hayladim
1531,בבוקר,in the morning,baboker
1532,המשפחה,the family,hamishpakha
1533,המשיכה,the pull / the attraction / the withdrawal / gravity,hameshikha
1533,המשיכה,continued (f.s.),hemshikha
1534,חומות,walls,khomot
1535,אחיו,his brother,akhiv
1536,דמות,image / figure / shape / character,dmut
1537,צמחים,plants,tsmakhim
1538,אש,fire,esh
1539,מנהיג,leader,manhig
1540,כאמור,as aforesaid,ka'amur
1541,פגיעה,hit / impact / damage / offense,pgi'a
1542,הפוליטי,the political (m.s.),hapoliti
1543,נמוכה,low / short (f.s.),nemukha
1544,המשטר,the regime,hamishtar
1545,בנייה,construction,bniya
1546,המהפכה,the revolution,hamahapekha
1547,תנועות,motions / movements,tnu'ot
1548,האתר,the site,ha'atar
1549,המקרא,the Bible / the legend,hamikra
1550,הפטרוסלינון,the parsley,hapetrosilnon
1551,הדלת,the door,hadelet
1552,המלכה,the queen,hamalka
1553,יוצא,going out / coming out / goes out / comes out (m.s.),yotse
1554,עלים,leaves,alim
1555,גשם,rain,geshem
1556,איננה,is not / is not here (f.s.),einena
1557,הברזל,the iron,habarzel
1558,בהרבה,in much / in many,beharbe
1559,טרם,before,terem
1560,השחקנים,the players / the actors,hasakhkanim
1561,הציג,introduced / displayed / presented / exhibited (m.s.),hetsig
1562,האסלאם,the Islam,ha'islam
1563,דומים,similar / resembling (m.pl.),domim
1564,בפיקודו,under his command,befikudo
1565,במבצע,in an operation / on sale,bemivtsa
1566,דת,religion,dat
1567,בפועל,actually,bafo'al
1568,התא,the cell,hata
1569,גידול,growth / increase / tumor,gidul
1570,באוניברסיטת,at the university of,be'universitat
1571,העלילה,the plot / the deed / the libel / the false charge,ha'alila
1572,כזאת,like this (f.),kazot
1573,השחורה,the black (f.s.),hashkhora
1574,ילד,child (m.) / boy,yeled
1575,חייב,must / owes / debtor(m.s.),khayav
1575,חייב,forced / obligated / charged (m.s.),khiyev
1576,משפחה,family,mishpakha
1577,נמשך,continues / continued / lasted / was pulled / was attracted / was withdrawn (m.s.),nimshakh
1578,עסק,dealt / engaged / worked (m.s.),asak
1579,חבלה,sabotage / bruising,khabala
1580,הגבוה,the high / the tall (m.s.),hagvoha
1581,תולדות,history,toldot
1582,אירועים,events,eru'im
1583,האור,the light (m.s.),ha'or
1584,חופש,freedom,khofesh
1585,הידע,the knowledge,hayeda
1586,בהדרגה,gradually,behadraga
1587,ממוצא,from an origin,mimotsa
1588,כללו,included (pl.),kalelu
1589,בכוח,forcefully,beko'akh
1590,מתקופת,from the period of / from the era of,mitkufat
1591,שימשו,were used for (pl.),shimshu
1592,גישה,attitude / access / approach,gisha
1593,בקרבת,close to,bekirvat
1594,מסוימות,specific (f.pl.),mesuyamot
1595,ניכרת,obvious / evident (f.s.),nikeret
1596,המקורי,the original (m.s.),hamekori
1597,סרט,movie / ribbon / strip,seret
1598,מאפיינים,characteristics,me'afyenim
1599,ללמוד,to learn / to study,lilmod
1600,עבודתו,his work,avodato
1601,פועלים,workers / operate (m.pl.),po'alim
1602,מולקולות,molecules,molekulot
1603,בודאי,certainly,bevadai
1604,האלון,the oak,ha'alon
1605,למות,to die,lamut
1606,גבעת,hill of,giv'at
1607,מדוע,why,madu'a
1608,הנשים,the women,hanashim
1609,חיות,living / alive (f.pl.) / animals,khayot
1609,חיות,vitality,khayut
1610,כעבור,after [time period],ka'avor
1611,שחור,black,shakhor
1612,חסר,lacking (m.s.),khasar
1613,ממשלה,government,memshala
1614,האמינו,believed (pl.),he'eminu
1615,מכונה,machine,mekhona
1615,מכונה,called,mekhune
1616,לעיל,aforementioned,le'el
1617,כאחד,as one,ke'ekhad
1618,היחידות,the units / the squads / the only / the single (f.pl.),hayekhidot
1619,השפעות,effects / influences,hashpa'ot
1620,הראשית,the main (f.s.),harashit
1621,בנות,girls / daughters,banot
1621,בנות,the girls of / the daughters of,bnot
1622,בברית,pact / alliance / covenant / circumcision,bivrit
1623,חיילי,soldiers of,khayalei
1624,הצלחה,success,hatslakha
1625,טוען,claim / argue / charge / load (m.s.),to'en
1626,נפשי,my soul / my spirit / my life,nafeshi
1627,נקבה,female,nekeva
1627,נקבה,tunnel,nikba
1628,בערב,in the evening,ba'erev
1629,שזה,that this (m.),sheze
1630,רעיון,idea,ra'ayon
1631,המועצה,the council,hamo'etsa
1632,יוכל,will be able (m.s.),yukhal
1633,משטר,regime / reign,mishtar
1634,הליגה,the league,haliga
1635,האדום,the red,ha'adom
1636,במדינה,in a state,bemedina
1636,במדינה,in the state,bamedina
1637,באשר,regarding / wherever (biblical),ba'asher
1638,אחוז,percent / percentage / is held (m.s.),akhuz
1638,אחוז,hold (m.s. Imperative),ekhoz
1639,ביצע,performed / executed (m.s.),bitsa
1640,בגטו,in a ghetto,begeto
1640,בגטו,in the ghetto,bageto
1641,מנחם,comforting / comforts (m.s.),menakhem
1642,חיידקים,bacteria,khaydakim
1643,לשוב,to return,lashuv
1644,נפל,fell (m.s.),nafal
1645,היד,the hand,hayad
1646,פורסם,was published / was advertised (m.s.),pursam
1647,שיעור,lesson,shi'ur
1648,הטובים,the good (m.pl.),hatovim
1649,ראוי,worthy of / suitable / deserving / eligible / appropriate (m.s.),ra'ui
1650,מוות,death,mavet
1651,לקח,took (m.s.),lakakh
1652,נעשו,were done / became (pl.),na'asu
1653,גל,wave,gal
1654,נאלצו,were forced / were compelled,ne'eltsu
1655,סירב,refused (m.s.),serav
1656,מצויים,are [at] / common / available (m.pl.),metsuyim
1657,לוח,board,lu'akh
1658,לפרוץ,to break into / to breach,lifrots
1659,לבעל,to an owner of / to a husband,leva'al
1659,לבעל,to the husband,laba'al
1660,נכתב,was written (m.s.),nikhtav
1661,המברק,the telegram,hamivrak
1662,שלטונו,his rule / his reign,shiltono
1663,בשבי,in captivity,beshevi
1663,בשבי,in [the] captivity / in [the] prison,bashevi
1663,בשבי,in captivity of,bishvi
1664,אזורים,areas / regions / zones,azorim
1665,ימינו,his right,yemino
1665,ימינו,our days,yameinu
1666,עליית,rise of / increase of / immigration of,aliyat
1667,בסרט,in a movie / with a ribbon/strip,beseret
1667,בסרט,in the movie / with the ribbon/strip,baseret
1668,עדויות,evidence (pl.) / testimonies,eduyot
1669,בעיות,problems,be'ayot
1670,חוזר,returns (m.s.) / repeats (m.s.) / returning / repeating / circular,khozer
1671,סוגים,kinds / classes / types,sugim
1672,יהודית,Jewish (f.s.),yehudit
1673,אווירניים,aerobic (m.pl.),aviraniyim
1674,תודה,thanks / gratitude,toda
1675,לכם,to you / for you (m.pl.),lakhem
1676,בעד,in favor of,be'ad
1677,שקט,silence,sheket
1677,שקט,quiet / silent (m.s.),shaket
1677,שקט,calmed down / became quiet (m.s.),shakat
1678,להישאר,to stay / to remain,lehisha'er
1679,להבין,to understand,lehavin
1680,המצוי,that is [at] / common / available (f.s.),metsuya
1681,מצא,found (m.s.),matsa
1682,לאל,to a god,le'el
1682,לאל,to the god,la'el
1682,לאל,[to set at] nought,le'al
1683,חדר,room,kheder
1683,חדר,penetrated / intruded (m.s.),khadar
1684,משפט,sentence / trial,mishpat
1685,חברים,friends / members (m.),khaverim
1686,החוץ,the outside,hakhuts
1687,הלבן,the white (m.s.),halavan
1688,התרופות,the medications / the drugs,hatrufot
1689,מורכב,complex / composed of (m.s.),murkav
1690,הגישה,the attitude / the access / the approach,hagisha
1691,במערכת,in a system / in an editorial board,bema'arekhet
1691,במערכת,in the system / in the editorial board,bama'arekhet
1692,סרטן,cancer (disease) / crab,sartan
1693,היחסים,the relations,hayakhasim
1694,ציוד,equipment,tsiyud
1695,חומרי,materials of,khomrei
1696,כפר,village,kfar
1697,היכל,palace / temple,heykhal
1698,בעונת,in the season of,be'onat
1699,משנות,from the years of,mishnot
1700,האלקטרונים,the electrons,ha'elektronim
1701,האנזים,the enzyme,ha'enzim
1702,עמדתי,my position,emdati
1702,עמדתי,I stood / I was going to / I succeeded,amadeti
1703,לבקש,to ask / to request,levakesh
1704,אחריו,after him,akharav
1705,שאפשר,that [it is] possible (adv.),she'efshar
1705,שאפשר,that enabled / that facilitated (m.s.),she'ifsher
1706,לשאת,to carry / to marry,laset
1707,להציג,to introduce / to display / to present / to exhibit,lehatsig
1708,שנערך,who prepared / who made arrangements / that was held / that was edited (m.s.),shene'erakh
1709,קשים,difficult / hard (m.pl.),kashim
1710,הלחם,fight (m.s. imperative),hilakhem
1711,החומר,the material,hakhomer
1712,הכללית,the general (m.pl.),haklalit
1713,בכפר,in a village,bekfar
1713,בכפר,in the village,bakfar
1714,בסגנון,[in] a style of / [in] a manner of,besignon
1715,ניצחון,victory,nitsakhon
1716,תמורת,in return for / in exchange for // change of / transformation of,tmurat
1717,ולבסוף,and finally / and eventually,ulvasof
1718,פעלו,acted / operated (pl.),pa'alu
1719,ענק,giant (m.s.) / necklace,anak
1720,יין,wine,yayin
1721,לכוחות,to powers / to forces / to strengths,lekokhot
1721,לכוחות,to the powers / to the forces / to the strengths,lakokhot
1722,תורה,Torah / theory / her turn,tora
1723,אמנים,artists,omanim
1724,חברה,friend / member (f.s.),khavera
1724,חברה,company / society,khevra
1725,הדרומית,the southern (f.s.),hadromit
1726,באתר,on a site,be'atar
1726,באתר,at the site,ba'atar
1727,בהר,[on] a mountain,behar
1727,בהר,[on] the mountain,bahar
1728,הנהר,the river,hanahar
1729,לקרב,to bring close,lekarev
1729,לקרב,to the battle,lakrav
1730,ציור,painting / drawing,tsiyur
1731,הערים,the cities,ha'arim
1732,בהיסטוריה,in history,bahistoria
1733,עשויים,might / made (m.pl.),asuyim
1734,חוזה,contract / prophet,khoze
1735,בפעילות,in activity,bif'ilut
1736,נקבע,was determined / was fixed / was set (m.s.),nikba
1737,תופעה,phenomenon,tofa'a
1738,הופיעו,appeared / performed (pl.),hofi'u
1739,האנושי,the humane (m.s.),ha'enoshi
1740,משתנה,varies / changes (m.s.) / variant (stat.),mishtane
1741,מרוב,from most / of most / so many,merov
1742,עיניו,his eyes,einav
1743,שמש,sun,shemesh
1743,שמש,attendant,shamash
1744,הטובה,the good (f.s.) / the favor,hatova
1745,ואשר,and that / and regarding,va'asher
1746,קרן,beam / ray / fund / horn / bugle,keren
1747,חולים,patients / sick (m.pl.),kholim
1748,משפחות,families,mishpakhot
1749,יכולות,abilities / capabilities,yekholot
1750,להניח,to assume / to place,lehani'akh
1751,קיבלה,received / accepted (f.s.),kibla
1752,בסדרה,in a series,besidra
1752,בסדרה,in the series,basidra
1753,הכלכלי,the economic (m.s.),hakalkali
1754,מחנות,camps / groups,makhanot
1754,מחנות,park (f.pl.),makhnot
1755,יחידה,unit / squad / only / single,yekhida
1756,ידועים,known (m.pl.),yedu'im
1757,ורבים,and many,verabim
1757,ורבים,and fight (m.pl.),veravim
1758,כחול,blue (m.s.),kakhol
1759,דרש,required / demanded / preached / interpreted (m.s.),darash
1760,במילים,in words,bemilim
1760,במילים,in the words,bamilim
1761,בגוף,in a body,beguf
1761,בגוף,in the body,baguf
1762,החזית,the front / the frontier,hakhazit
1763,שטחי,areas of / fields of / territories of,shitkhei
1763,שטחי,superficial,shitkhi
1764,מדרום,from the south,midarom
1765,לקיים,to hold / to fulfill / to carry out / to maintain,lekayem
1766,הידועים,the known (m.pl.),hayedu'im
1767,עקרונות,principles,ekronot
1768,יצירת,formation of / creation of / artistic work of / composition of,yetsirat
1769,להצלחה,for success,lehatslakha
1769,להצלחה,for the success,lahatslakha
1770,מהמאה,from the century,mehame'a
1771,שימור,conservation,shimur
1772,עקרון,principle,ikaron
1773,המסורת,the tradition,hamasoret
1774,האנושית,the humane (f.s.),ha'enoshit
1775,הפרעות,disturbances / interferences / interruptions,hafra'ot
1776,החיל,applied (m.s.),hekhil
1776,החיל,the corps,hakhayil
1777,מופיעה,appears / performs (f.s.),mofi'a
1778,הלווייתן,the whale,halivyatan
1779,מצאתי,I found,matsati
1780,נשמע,sounds / sounded (m.s.) / we will hear,nishma
1781,יושב,sit (m.s.),yoshev
1782,יהיו,will be (pl.),yihiyu
1783,שיכול,who/that can,sheyakhol
1784,התחתון,the bottom / the lower / the inferior (m.s.),hatakhton
1785,האחרות,the other (f.pl.) / the others (f.),ha'akherot
1786,איום,threat,iyum
1786,איום,terrible / horrible (m.s.),ayom
1787,משחקים,games,miskhakim
1787,משחקים,play (m.pl.),mesakhakim
1788,מהלך,move / step / distance,mahalakh
1789,להוכיח,to prove,lehokhi'akh
1790,בסך,in procession,basakh
1790,בסך,total / only,besakh [hakol]
1791,שנעשה,that was done,shena'asa
1792,האב,the father,ha'av
1793,ביניהן,between them (f.),beynehen
1794,למשך,for a period of,lemeshekh
1795,לרבות,to/for many (f.pl.) / including,lerabot
1796,ובעיקר,and mainly / and principally / and especially,uve'ikar
1797,הטבעי,the natural (m.s.),hativ'i
1798,סדרה,series,sidra
1799,איתי,with me,iti
1800,הטבח,the cook,hatabakh
1800,הטבח,the slaughter,hatevakh
1801,המערב,the west,hama'arav
1802,נשלחו,were sent (pl.),nishlekhu
1803,בראשות,headed by / led by,berashut
1804,צבאית,military (f.s.),tsva'it
1805,פוליטי,political (m.s.),politi
1806,החוקרים,the investigators / the researchers,hakhokrim
1807,התלמוד,the learning / the Talmud,hatalmud
1808,עליך,on you / about you (m.s.),alekha
1808,עליך,on you / about you (f.s.),alaikh
1809,הצעירה,the young (f.s.),hatse'ira
1810,לחשוב,to think,lakhshov
1811,לכתוב,to write,likhtov
1812,מוקדם,early / preliminary (m.s.),mukdam
1813,לילה,night,laila
1814,שכבר,that already,shekvar
1815,במחיר,at a price,bimkhir
1816,מאמר,article / saying,ma'amar
1817,השוק,the market,hashuk
1817,השוק,"the shock / the leg (e.g., chicken)",hashok
1818,אמור,supposed (m.s.),amur
1819,לתפקיד,for a role / for the role of,letafkid
1819,לתפקיד,for the role,latafkid
1820,שנקרא,that/who is called (m.s.),shenikra
1821,בהצלחה,good luck / successfully,behatslakha
1822,בסיפור,in a story,besipur
1822,בסיפור,in the story,basipur
1823,טוענים,claim / argue / charge / load (m.pl.),to'anim
1824,מיוחדת,special (f.s.),meyukhedet
1825,מידה,measure / size / quality,mida
1826,תקווה,hope,tikva
1827,ואחרים,and other (m.pl.) / and others (m.),ve'akherim
1828,חשובים,important (m.pl.),khashuvim
1829,זהב,gold,zahav
1830,הינה,she is / is (f.),hina
1831,ביקר,visited / criticized,biker
1832,מזו,from this (f.),mizo
1833,מהיר,fast / rapid / quick (m.s.),mahir
1834,יימס,will dissolve,yimas
1835,למדינה,to/for a state,lemdina
1835,למדינה,to/for the state,lamedina
1836,לשחק,to play,lesakhek
1837,שירת,served (m.s.),sherat
1838,שלט,ruled (m.s.),shalat
1838,שלט,sign,shelet
1839,שהביא,that/who brought (m.s.),shehevi
1840,המשחקים,the games,hamiskhakim
1841,הוראה,order / instruction,hora'a
1842,הרחובות,the streets,harkhovot
1843,בחברה,in a company / in a society,bekhevra
1843,בחברה,in the conpany / in the society,bakhevra
1844,קצינים,officers,ktsinim
1845,המקומיים,the local (m.pl.),hamekomiyim
1846,מתן,giving,matan
1847,יסודות,foundations / bases,yesodot
1848,לפיה,according to her / to her mouth,lefiha
1849,הנהגת,leadership of,hanhagat
1850,הבולטים,the protruding / that/who stand out (m.pl.),haboltim
1851,הסרטים,the movies / the ribbons/strips,hasratim
1852,המנדט,the mandate,hamandat
1853,אותנו,us,otanu
1854,לקחת,to take,lakakhat
1855,הולך,walk / go (m.s.),holekh
1856,נראתה,was seen / looked (f.s.),nir'ata
1857,לנסות,to try,lenasot
1858,נהרג,was killed,neherag
1859,נבחרת,team / elected / selected (f.s.),nivkheret
1860,הנבחרת,the team / the elected / the selected (f.s.),hanivkheret
1861,זוהי,this is (f.),zohi
1862,המסחר,the commerce / the trade,hamiskhar
1863,הקו,the line,hakav
1864,העניק,gave (m.s.),he'enik
1865,לבני,for my son,livni
1866,קצב,rhythm,ketsev
1866,קצב,butcher,katsav
1867,המשך,continuation,hemshekh
1868,מאפשר,enables / facilitates (m.s.),me'afsher
1869,מהווים,are / constitute (m.pl.),mehavim
1870,ומספר,and a number,umispar
1871,המזרח,the east,hamizrakh
1872,התקיים,existed / took place / was held (m.s.),hitkayem
1873,הוציאה,she spent / she took out / she published,hotsi'a
1874,העולים,the rising / the increasing / the climbing / the immigrants (m.pl.),ha'olim
1875,הדרכים,the ways / the roads,hadrakhim
1876,דמוקרטית,democratic (f.pl.),demokratit
1877,גשר,bridge,gesher
1878,טרור,terror,teror
1879,נמשכה,lasted / was pulled / was attracted / was withdrawn (f.s.),nimshekha
1880,נחשבת,is considered,nekhshevet
1881,המשלוח,the shipment / the delivery,hamishlo'akh
1882,צפונה,to the north,tsafona
1883,שכונה,neighborhood,shkhuna
1884,פרוץ,broken open,paruts
1885,הרומית,the roman (f.s.),haromit
1886,לים,to the sea,layam
1887,קשרים,ties / bonds / links / connections,ksharim
1888,חזקה,strong (f.s.) / possession / power (math.),khazaka
1889,אוכלוסיית,population of,ukhlusiyat
1890,הטלוויזיה,the television,hatelevizya
1891,שיחק,played (m.s.),sikhek
1892,החלוקה,the division,hakhaluka
1893,האקלים,the climate,ha'aklim
1894,הארגונים,the organizations,ha'irgunim
1895,ההסתדרות,the Histadrut (the General Federation of Laborers in Israel),hahistadrut
1896,פועלי,workers of,po'alei
1897,אופניים,bicycle,ofanayim
1898,מתרחשת,happens (f.s.),mitrakheshet
1899,סיף,sward / fencing,sayif
1900,פירות,fruits,peirot
1901,שאם,that if,she'im
1901,שאם,that a mother,she'em
1902,רעב,hunger,ra'av
1902,רעב,hungry (m.s.),ra'ev
1903,שהן,that they (f.) / that are (f.pl.),shehen
1904,הקברות,the cemetery,[beit] hakvarot
1905,קבלת,reception of / acceptance of,kabalat
1906,השלום,the peace,hashalom
1907,במחצית,at a half / at a middle,bemakhatsit
1907,במחצית,at the half / at the middle,bamakhatsit
1908,נפלה,fell (f.s.),nafla
1909,שלח,sent (m.s.),shalakh
1910,השחור,the black (m.s.),hashakhor
1911,שלם,whole / complete // pay (m.s. imperative),shalem
1912,שהגיע,that/who arrived (m.s.),shehigi'a
1913,פרשת,the affair of / the chapter of / the portion of,parashat
1914,ניתוח,surgery,nituakh
1915,שיא,top / peak,si
1916,בכמה,in how many / in how much / in some,bekhama
1917,בגובה,at a height,begova
1917,בגובה,at the height,bagova
1918,טבע,nature,teva
1919,מימי,from the days of,mimei
1920,מקומיים,local (m.pl.),mekomiyim
1921,מבוסס,well established / well based (m.s.),mevusas
1922,ישירה,direct (f.s.),yeshira
1923,התנועות,the movements / the motions,hatnu'ot
1924,מלח,salt,melakh
1924,מלח,sailor,malakh
1925,סיוע,assistance / aid,siyu'a
1926,האיחוד,the union,ha'ikhud
1927,לצבא,to/for an army,letsava
1927,לצבא,to/for the army,latsava
1928,חופשי,free,khofshi
1929,ירי,shooting / fire,yeri
1930,התושבים,the residents,hatoshavim
1931,ביצורים,fortifications,bitsurim
1931,ביצורים,with/in creatures,beyetsurim
1931,ביצורים,with/in the creatures,bayetsurim
1932,שימשה,was used for (f.s.),shimsha
1933,לספירה,for a count,lesfira
1933,לספירה,for the count / A.D.,lasfira
1934,הלאומית,the national (f.s.),hale'umit
1935,נערכו,prepared / made arrangements / were held / were edited (pl.),ne'erkhu
1936,ההשפעה,the effect / the influence,hahashpa'a
1937,תורת,Torah of / theory of,torat
1938,ובשנת,and in the year [X],uvishnat
1939,משחקי,games of,miskhakei
1939,משחקי,my game / my play,miskhaki
1940,ישנן,there are (f.),yeshnan
1941,פצצות,bombs,ptsatsot
1942,עיריית,municipality of,iriyat
1943,חקר,investigated / researched / inquired (m.s.),khakar
1943,חקר,study of / research of,kheker
1944,זהה,identical,zehe
1945,נפוץ,common (m.s.),nafots
1946,נהוג,customary / conventional / driven (m.s.),nahug
1947,הקוטב,the pole,hakotev
1948,שאתה,that you (m.s.),she'ata
1949,הכרוב,the cabbage / the angel,hakruv
1950,ירד,went down / came down / descended / decreased (m.s.),yarad
1951,קדימה,forward,kadima
1952,מבית,from the house of / from the home of,mibeit
1952,מבית,from a house / from inside,mibayit
1953,ואפילו,and even / and although,ve'afilu
1954,למוות,[to] death,lemavet
1954,למוות,[to the] death,lamavet
1955,שבע,seven,sheva
1955,שבע,satisfied / full (not hungry) (m.s.),save'a
1956,עמוד,page / pillar,amud
1957,עובר,passes / crosses / goes through (m.s.),over
1957,עובר,embryo / fetus,ubar
1958,לשלוח,to send,lishloakh
1959,האמת,the truth,ha'emet
1960,בקיץ,in the summer,bakayits
1961,הלב,the heart,halev
1962,מצאו,found (pl),mats'u
1963,קשות,difficult / hard (f.pl.),kashot
1964,השערים,the gates,hashe'arim
1965,באליפות,in the championship,ba'alifut
1965,באליפות,in a championship,be'alifut
1966,בצבא,in an army,betsava
1966,בצבא,in the army,batsava
1967,להגנה,for defense / for protection,lehagana
1967,להגנה,for the defense / for the protection,lahagana
1968,פרץ,broke into / broke out / burst (m.s.),parats
1969,אישית,personal (f.s.) / private (f.s.) / in person,ishit
1970,השתתפו,participated (pl.),hishtatfu
1971,הכריז,proclaimed / announced / declared (m.s.),hikhriz
1972,יחס,relation / ratio / attitude,yakhas
1973,לשחקן,to/for the player / to/for the actor,lasakhkan
1973,לשחקן,to/for a player / to/for an actor,lesakhkan
1974,הנוף,the view / the landscape / the boughs of a tree,hanof
1975,הנוער,the youth,hano'ar
1976,בדיקה,examination,bdika
1977,הפדרלי,the federal (m.s.),hafederali
1978,הקבוצות,the groups,hakvutsot
1979,נבנתה,was built (f.),nivneta
1980,ישיר,direct / will sing (m.s.),yashir
1981,קצרה,short (f.s.),katsara
1982,מיוחדות,special (f.pl.),meyukhadot
1983,מסורת,tradition,masoret
1984,מודרנית,modern (f.s.),modernit
1985,פלוגות,companies (mil.),plugot
1986,איסור,prohibition / ban,isur
1987,יוצרים,creators / artists / makers (m.),yotsrim
1988,תופעות,phenomena,tofa'ot
1989,בשדרה,in the boulevard,basdera
1989,בשדרה,in a boulevard,besdera
1990,בנחל,in a stream,benakhal
1990,בנחל,in the stream,banakhal
1991,הפילוסופיה,the philosophy,hafilosofia
1992,האנרגיה,the energy,ha'energiya
1993,אנאבוליים,anabolic (pl.),an'aboliyim
1994,אבידות,losses / something which is lost (pl),avedot
1995,אנכי,I / me / myself / selfish,anokhi
1995,אנכי,vertical,anakhi
1996,הרחק,far away,harkhek
1997,האביב,the spring,ha'aviv
1998,המטה,the stick / the wand / the headquarters,hamate
1999,לגובה,up / to a hight,lagova
1999,לגובה,to a hight of,legova
2000,הראש,the head / the leader,harosh
2001,מועד,time / holiday,mo'ed
2001,מועד,prone to (m.s.),mu'ad
2002,לפנות,to evacuate,lefanot
2003,עליהן,on them / about them / on them (f.),aleihen
2004,לעזוב,to leave,la'azov
2005,ידועה,known (f.s.),yedu'a
2006,להסביר,to explain,lehasbir
2007,תלוי,depending on / depends (m.s.) / hung,talui
2008,חייהם,their lives,khayeihem
2009,הסתיים,ended (m.s.),histayem
2010,ברוח,in the wind / with the spirit,baru'akh
2010,ברוח,in a wind / with a spirit,beru'akh
2011,הודות,thanks to,hodot
2012,החלק,the part,hakhelek
2012,החלק,the smooth / the slippery (m.s.),hakhalak
2013,ההחלטה,the decision,hahakhlata
2014,בתים,houses,batim
2015,נרחב,wide / broad (m.s.),nirkhav
2016,קרבות,battles,kravot
2016,קרבות,getting close / approach (f.pl.),krevot
2017,פרטי,private (m.s.),prati
2018,אזרחות,citizenship / nationality,ezrakhut
2019,אזרח,citizen (m.s.),ezrakh
2020,חסרת,lacking (f.s.),khasrat
2021,כוחו,his power / his force / his strength / the power of / the force of / the strength of,kokho
2022,השפעת,the influence of / the affect of,hashpa'at
2022,השפעת,the flu,hashapa'at
2023,הדמות,the image / the figure / the shape / the character,hadmut
2024,בולט,protruding / stands out (m.s.),bolet
2025,רימונים,pomegranates / grenades,rimonim
2026,בירת,the capital of,birat
2027,מאנשי,from the people of / of the people of,me'anshei
2028,הנוצרית,the Christian (f.s.),hanotsrit
2029,גרסה,version,girsa
2030,בסדרת,in a series of / in the series of,besidrat
2031,דוגמת,sample of / pattern of,dugmat
2032,מבוססת,well established / well based (f.s.),mevuseset
2033,למעט,except,lema'et
2033,למעט,to/for a little,leme'at
2033,למעט,to/for the few,lame'at
2034,אישור,approval / confirmation,ishur
2035,אוצר,treasure,otsar
2036,המוסלמים,the Muslims,hamuslemim
2037,נוצרים,Christian (m.pl.),notsrim
2038,ייצור,production,yitsur
2039,ערבים,evenings,aravim
2039,ערבים,sureties,arevim
2039,ערבים,Arabs,arvim
2040,נעליים,shoes,na'alayim
2041,הכלב,the dog,hakelev
2042,הצרצר,the cricket,hatsratsar
2043,הביתה,home,habaita
2044,נורא,awful / terrible / very (m.s.),nora
2045,בוקר,morning,boker
2045,בוקר,cowboy,boker
2046,ציפור,bird,tsipor
2047,קראו,read / called (pl.),kar'u
2048,הקטנים,the small / the little (m.pl.),haktanim
2049,שעבר,that passed / the last (m.s.),she'avar
2050,זוג,pair / couple,zug
2051,כשהם,when they,keshehem
2052,בחדר,in a room,bekheder
2052,בחדר,in the room,bakheder
2053,ספק,supplier,sapak
2053,ספק,doubt,safek
2054,וחצי,and half,vekhetsi
2054,וחצי,and a half,vakhetsi
2055,ואלה,and these,ve'ele
2056,פתיחת,opening of,ptikhat
2057,פתוח,open (m.s.),patuakh
2058,עשו,did (pl.),asu
2059,חשש,worry / fear,khashash
2060,אחראי,responsible / in charge (m.s.),akhra'i
2061,השופט,the judge,hashofet
2062,השאלה,the question,hashe'ela
2062,השאלה,landing,hash'ala
2063,הבין,understood (m.s.),hevin
2064,השואה,comparison,hashva'a
2064,השואה,the holocaust,hasho'a
2065,נפץ,explosion,nefets
2065,נפץ,detonator,napats
2066,משמר,guard,mishmar
2066,משמר,conserves (m.s.),meshamer
2067,ישירות,directly,yeshirot
2067,ישירות,directness / straightness,yeshirut
2068,חשובה,important (f.s.),khashuva
2069,גברים,men,gvarim
2070,טענה,claimed / argued (f.s.) / claim / argue,ta'ana
2071,נודע,known (m.s.) / became known,noda
2072,יסוד,foundation / basis,yesod
2073,לאדם,to/for the man / to/for the person / to/for mankind,la'adam
2073,לאדם,to/for a man / to/for a person,le'adam
2074,להשתתף,to participate,lehishtatef
2075,שערי,gates of,sha'arei
2075,שערי,my hair,se'ari
2076,קבוע,constant / fixed / regular / permanent (m.s.),kavu'a
2077,חג,holiday,khag
2078,הציבורי,the public (m.s.),hatsiburi
2079,הסיבה,the reason,hasiba
2080,ספורטאים,athletes,sporta'im
2081,אויב,enemy,oyev
2082,ואנשי,and the people of,ve'anshei
2083,הצפונית,the northern (f.s.),hatsfonit
2084,ההתנגדות,the resistance / the objection,hahitnagdut
2085,שכלל,that included (m.s.),shekalal
2085,שכלל,that a rule / that [not X] at all,sheklal
2086,בספרות,in literature,basifrut
2086,בספרות,in hairdressing,besaparut
2087,המערבית,the western (f.s.),hama'aravit
2088,ביצוע,performance,bitsu'a
2089,הקודש,the holiness,hakodesh
2090,עלייה,rise / increase / immigration,aliya
2091,התפתחה,developed (f.s.),hitpatkha
2092,הקריירה,the career,hakaryera
2093,המודרני,the modern (m.s.),hamoderni
2094,הביטוי,the expression,habitui
2095,אתרי,sites of,atarei
2096,דגים,fish (pl.),dagim
2097,בשום,in no,beshum
2098,לספר,to tell / to cut (hair),lesaper
2098,לספר,[to] a book,lesefer
2098,לספר,[to] the book,lasefer
2099,מגיעים,arrive / deserve (m.pl.),megi'im
2100,גבר,man,gever
2100,גבר,overcame / defeated (m.s.),gavar
2101,לעזור,to help / to assist,la'azor
2102,קם,stood up / woke up (m.s.),kam
2103,לחפש,to search,lekhapes
2104,הבאה,the next / the person who is coming (f.s.),haba'a
2105,בחזרה,back / at the rehearsal,bakhazara
2106,נכנס,entered (m.s.),nikhnas
2107,חשבון,arithmetic / account / bill,kheshbon
2108,כתבי,the works of,kitvei
2109,כותב,write (m.s.),kotev
2110,גורל,fate / destiny,goral
2111,מצליח,succeed / successful (m.s.),matsliakh
2112,עונת,season of,onat
2113,אימה,fear / terror,eima
2114,התקשורת,the communication / the media,hatikshoret
2115,בתגובה,in response,bitguva
2116,ממשיך,continue (m.s.),mamshikh
2117,האפשרות,the possibility / the option,ha'efsharut
2118,סיים,finished (m.s.),siyem
2119,נרצחו,were murdered,nirtsekhu
2120,מעשי,practical (m.s.),ma'asi
2121,ובעלי,and my husband,uva'ali
2121,ובעלי,and the owners of,uva'alei
2122,כושר,fitness / capability,kosher
2123,העביר,passed / transferred (m.s.),he'evir
2124,המולדת,the homeland,hamoledet
2125,קיסר,Caesar,keisar
2126,בכיכר,at a square / in a loaf,bekikar
2126,בכיכר,at the square / in the loaf,bakikar
2127,במחלוקת,in dispute,bemakhloket
2127,במחלוקת,in the dispute,bamakhloket
2128,תושבים,residents,toshavim
2129,אמצעים,means,emtsa'im
2130,אירועי,events of,eru'ei
2131,התנאים,the conditions / the provisions,hatna'im
2132,התקיימו,existed / took place / were held (pl.),hitkaimu
2133,פלוגת,company of (mil.),plugat
2134,יוצאי,veterans of / originated from (m.pl.),yotsei
2135,להפיק,to produce,lehafik
2136,השירה,the singing / the poetry,hashira
2136,השירה,dropped / shed (f.s.),heshira
2137,הבנייה,the building (v.),habniya
2138,החמצן,the oxygen,hakhamtsan
2139,קת,handle / shaft,kat
2140,המרתון,the marathon,hamaraton
2141,השריקה,the whistle,hashrika
2142,השיבה,replied / returned (f.s.),heshiva
2143,נדמה,apparently,nidme
2144,החלון,the window,hakhalon
2145,לו,if (wishing),lu
2146,לשים,to place / to put,lasim
2146,לשים,knead (m.pl.),lashim
2147,החדר,the room,hakheder
2147,החדר,insert / penetrate (m.s. imperative),hakhder
2148,פרחים,flowers,prakhim
2149,יודעים,know (m.pl.),yod'im
2150,שאף,aspired / inhaled (m.s.),sha'af
2151,למחצה,half-,lemekhetsa
2152,לפעמים,sometimes,lif'amim
2153,התברר,became clear,hitbarer
2154,להוציא,to take out / to spend / to publish / excluding,lehotsi
2155,להחזיק,to hold,lehakhzik
2156,אפשרי,possible (m.s. adj.),efshari
2157,במחנה,at a camp / in a group,bemakhane
2157,במחנה,at the camp / in the group,bamakhane
2158,בתא,in the cell / in the chamber,bata
2158,בתא,in a cell / in a chamber,beta
2159,בסדר,ok / well,beseder
2160,בנה,built (m.s.),bana
2161,למחרת,the next day,lemokhorat
2162,למצב,to a state / to a situation,lematsav
2162,למצב,to the state / to the situation,lamatsav
2163,לסוף,to the end,lasof
2164,ארוכים,long (m.pl.),arukim
2165,דמוי,-like / -form (m.s.),dmui
2166,שחקן,player / actor,sakhkan
2167,פרסום,publication / advertisement / fame,pirsum
2168,לקו,to/for a line,lekav
2168,לקו,to/for the line,lakav
2169,המוח,the brain,hamoakh
2170,הקודם,the former / the previous (m.s.),hakodem
2171,נפגש,met (m.s.),nifgash
2172,שנועדו,that are/were intended for / that are/were destined for / that conferred (pl.),sheno'adu
2173,השיטה,the method,hashita
2174,הרבייה,the reproductiveness,hareviya
2175,הצטרפו,joined (pl.),hitstarfu
2176,בייחוד,especially,beyikhud
2177,מבצר,fort,mivtsar
2178,והייתה,and was (f.s.),vehaita
2179,הובילה,led / transported (f.s.),hovila
2180,כאל,as a god / as to,ke'el
2180,כאל,as the god,ka'el
2181,מפלגת,party of (political),mifleget
2182,הועברו,were passed / were transferred,hu'avru
2183,בתנאי,on the condition / provided that,bitnai
2183,בתנאי,under the conditions of / under the provisions of,bitna'ei
2184,עולמית,global / universal (f.s.),olamit
2185,נטל,took (m.s.),natal
2186,המחתרת,the underground,hamakhteret
2187,נפרד,separated / individual (m.s.),nifrad
2188,שיצר,that/who created / that/who made (m.s.),sheyatsar
2189,הסנדק,the godfather,hasandak
2190,הפירמידות,the pyramids,hapiramidot
2191,הרומח,the spear,haromakh
2192,רבייה,reproductiveness,reviya
2193,דעתי,my opinion,da'ati
2194,הערב,the evening / tonight / this evening,ha'erev
2194,הערב,the surety / the pleasant / the delicious,ha'arev
2195,רצון,will / desire,ratson
2196,לשיר,to sing,lashir
2197,דברי,the words of / the things of,divrei
2197,דברי,my words / my things,dvarai
2198,מסביב,around,misaviv
2199,למי,to whom,lemi
2200,מנה,counted / included (m.s.) / portion,mana
2201,לבנה,white (f.s.),levana
2201,לבנה,brick,levena
2202,בשעות,in the hours,basha'ot
2202,בשעות,in hours,besha'ot
2202,בשעות,in the hours of,bish'ot
2203,קנה,bought,kana
2203,קנה,barrel / shaft / trachea,kane
2204,כזו,like this (f.),kazo
2205,הקודמת,the former / the previous (f.s.),hakodemet
2206,תלויה,hung / depending on (f.s.),tluya
2207,נפלו,fell (pl.),naflu
2208,מלון,hotel,malon
2208,מלון,melon,melon
2209,שלהן,theirs (f),shelahen
2210,חלב,milk (n.) / milked (m.s.),khalav
2210,חלב,tallow,khelev
2211,הענק,give (m.s. imperative),ha'anek
2212,ההצבעה,the vote / the voting,hahatsba'a
2213,גזע,trunk / race / stem,geza
2214,באש,in fire,be'esh
2214,באש,in the fire,ba'esh
2215,לתקוף,to attack,litkof
2216,לעסוק,to deal with / to engage in / to work in,la'asok
2217,לכאורה,apparently / allegedly,likh'ora
2218,ובה,and in her / and in it,uva
2219,שפעלו,that/who acted / that/who operated (pl.),shepa'alu
2220,שנותרו,that/who were left (pl.),shenotru
2221,פעמיים,twice,pa'amayim
2222,המעבר,the pass / the transfer / the transition,hama'avar
2223,הקבר,the grave,hakever
2224,הזוג,the pair / the couple,hazug
2225,הסופר,the author / who counts,hasofer
2226,דגן,grain,dagan
2227,בפרט,especially / particularly,bifrat
2228,בבניית,in the building of,bivniyat
2229,צבע,color,tseva
2230,התקפה,attack,hatkafa
2231,מקדש,temple / shrine,mikdash
2232,שפת,language of / lip of / edge of,sfat
2233,האמונה,the faith / the belief,ha'emuna
2234,החינוך,the education,hakhinukh
2235,עבודות,works,avodot
2236,נפוצה,common (f.s.),nefotsa
2237,מחלות,illnesses / diseases,makhalot
2238,חברתית,social (f.s.),khevratit
2239,תחום,field / area / range,tkhum
2240,במבנה,in a building / in a construction,bemivne
2240,במבנה,in the building / in the construction,bamivne
2241,בקבוצה,in a group,bikvutsa
2242,בפרק,in chapter / in a chapter / in a period,beperek
2242,בפרק,in the chapter,baperek
2243,אלמוגים,corals,almogim
2244,אלוהים,god,elohim
2245,איתו,with him,ito
2246,תכף,immediately / shortly,tekhef
2247,הקרמת,crusting of,hakramat
2248,זחל,caterpillar / army vehicle,zakhal
2249,זקן,old (m.s.),zaken
2250,קן,nest,ken
2251,קץ,end / termination / ruin,kets
2251,קץ,was fed up with,kats
2252,ומה,and what,uma
2253,ואחרי,and after,ve'akharei
2254,הבריאות,the health,habri'ut
2255,עושים,do (m.pl.),osim
2256,שמע,heard (m.s.),shama
2257,מקומו,his place,mekomo
2258,לטפל,to treat,letapel
2259,דרכי,my way / through me,darki
2260,בהיר,bright / fair,bahir
2261,ארגוני,organizational,irguni
2262,נפתח,opens / opened (m.s.),niftakh
2263,מתחיל,start (m.s.),matkhil
2264,מושג,concept / obtained / achieved (m.s.),musag
2265,מקבל,receives / accepts (m.s.),mekabel
2266,מקרים,cases / events / incidents,mikrim
2267,הזמנים,the times,hzmanim
2268,מחוז,district,makhoz
2269,להימנע,to avoid,lehimana
2270,והחל,and starting,vehakhel
2270,והחל,and started (m.s.),vehekhel
2271,המספרים,the numbers,hamisparim
2271,המספרים,the narrators / the story tellers,hamesaprim
2272,בתום,at the end / upon completion,betom
2273,מיוחדים,special (m.pl.),meyukhadim
2274,לימים,subsequently,leyamim
2275,המפורסם,the famous (m.s.),hamefursam
2276,התנהגות,behavior,hitnahagut
2277,הזרים,the foreign / the strangers (m.pl.),hazarim
2278,הגורם,the factor / the cause,hagorem
2279,גודל,size,godel
2280,בסביבות,around / in the area of,bisvivot
2281,מצור,siege,matsor
2282,מפלגות,parties (political),miflagot
2283,עבד,worked (m.s.),avad
2284,אנשיו,his people,anashav
2285,בכלי,in an article / in a dish / in a vessel / with a tool,bikhli
2285,בכלי,in the vessels of / with/in the tools of,bikhlei
2286,הקרוי,that/who is called (m.s.),hakarui
2287,החברתי,the social (m.s.),hakhevrati
2288,משתמש,uses / user (m.s.),mishtamesh
2289,תחנות,stations,takhanot
2290,פעילותו,his activity,pe'iluto
2291,גטו,ghetto,geto
2292,למים,to/for water,lemayim
2292,למים,to/for the water,lamayim
2293,להצביע,to vote / to raised a hand / to point at / to indicate,lehatsbi'a
2294,הבור,the hole / the pit,habor
2294,הבור,the ignorant / the fallow,habur
2295,אתרים,sites,atarim
2296,האנדרטה,the monument,ha'andarta
2297,וכדומה,and so on / etc.,vekhadome
2298,במחקר,in a research / in a study,bemekhkar
2298,במחקר,in the research / in the study,bamekhkar
2299,החתול,the cat,hakhatul
2300,שתן,urine,sheten
2301,האיגרוף,the boxing,ha'igruf
2302,ביולוגיה,biology,biologia
2303,הטרופי,the tropical (m.s.),hatropi
2304,המעלות,the advantages / the virtues / the stairs,hama'alot
2305,בעצמי,by myself / personally,be'atsmi
2306,צעקה,shouted / yelled (f.s.),tsa'aka
2306,צעקה,shout / yell,tse'aka
2307,איפה,where,eifo
2308,ראיתי,I saw,ra'iti
2309,אתמול,yesterday,etmol
2310,רגלי,my leg / by foot,ragli
2310,רגלי,my legs,raglai
2311,מקרה,case / event / incident / fortune / chance,mikre
2312,מבקש,asking / asks / requesting / requests (m.s.),mevakesh
2313,האפשר,is it possible,ha'efshar
2314,עומדת,stands / is about to / endures / succeeds / insists on (f.s.),omedet
2315,נסע,drove / traveled (m.s.),nasa
2316,מעטים,little / few (m.pl.),me'atim
2317,השומר,the guard / that/who guards / that/who protects (m.s.),hashomer
2318,גרמו,caused (pl.),garmu
2319,שקיבל,that/who received / that/who accepted (m.s.),shekibel
2320,אסור,forbidden / imprisoned (m.s.),asur
2321,המידע,the information,hameida
2322,הקהל,the public / the crowd / the audience,hakahal
2323,בענף,[in] a branch / in a field,be'anaf
2323,בענף,[in] the branch / in the field,ba'anaf
2324,מלחמות,wars,milkhamot
2325,לוחם,warrior (m.s.),lokhem
2326,ערכו,its/his value,erko
2326,ערכו,edited / arranged / held (pl.),arkhu
2327,אזורי,regional,azori
2328,הלשון,the tongue / the language,halashon
2329,הקשת,the arch / the bow / the rainbow,hakeshet
2330,הטענה,the claim / the argument,hata'ana
2331,הסדר,the order,haseder
2332,בשדה,in the field,basade
2332,בשדה,in a field,besade
2333,בעיה,problem,be'aya
2334,סלע,rock,sela
2335,המבצר,the fort,hamivtsar
2336,סבר,thought / assumed (m.s.),savar
2337,קצין,officer,katsin
2338,היווה,was / constituted (m.),hiva
2339,בחירות,elections / selections,bkhirot
2340,נוצרה,was formed / was created (f.s.),notsra
2341,מרחק,distance,merkhak
2342,פירוק,dismantling / decomposing / liquidating / unloading,peruk
2343,המציאות,reality,hametsi'ut
2344,מוסלמים,Muslims,muslemim
2345,משקל,weight / scale,mishkal
2346,המבנים,the buildings / the constructions,hamivnim
2347,העובדים,the workers,ha'ovdim
2348,מימן,financed,mimen
2348,מימן,hydrogen,meiman
2349,מסלול,course / path / track,maslul
2350,פיתח,developed,piteakh
2351,התחרות,the competition,hatakharut
2352,בנוכחות,in the presence,benokhekhut
2353,תהליכים,processes,tahalikhim
2354,חלבונים,proteins,khelbonim
2355,ישבתי,I sat (pl.),yashavti
2356,הכנימה,the aphid,haknima
2357,הבקר,the cattle / the controller,habakar
2357,הבקר,the morning / this morning,haboker
2357,הבקר,the cowboy,haboker
2358,לשבת,to sit,lashevet
2359,צריכים,need (m.pl.),tsrikhim
2360,מתים,dead (m.pl.),metim
2361,מכתב,letter,mikhtav
2362,טובים,good (m.pl.),tovim
2363,מתאים,suitable / appropriate / applicable / identical (m.s.),mat'im
2364,שרק,whistled (m.s.),sharak
2364,שרק,I wish,sherak
2365,ראשו,his head,rosho
2366,מתחילה,start (f.s.),matkhila
2367,הישן,the old (m.s.),hayashan
2367,הישן,the sleeping (m.s.),hayashen
2368,שחקני,the players of / the actors of,sakhkanei
2369,עזר,helped / assisted (m.s.),azar
2369,עזר,aid / auxiliary,ezer
2370,כיס,pocket,kis
2371,היסוד,the foundation,hayesod
2372,מסר,gave / delivered (m.s.),masar
2372,מסר,message,meser
2373,לעבוד,to work / to worship,la'avod
2374,לעצור,to stop / to arrest,la'atsor
2375,והדבר,and the thing / and the object / and the matter / and the item,vehadavar
2375,והדבר,and the plague,vehadever
2376,שרידי,remnants of / survivors of,sridei
2377,התורה,the Torah / the theory,hatora
2378,הנמצא,that is found / that is [at] (m.s.),hanimtsa
2379,בחצר,in a yard,bekhatser
2379,בחצר,in the yard,bakhatser
2380,לייצר,to produce,leyatser
2381,להחזיר,to return [something],lehakhzir
2382,תקשורת,communication / media,tikshoret
2383,התקבל,was accepted (m.s.),hitkabel
2384,הופך,inverts / converts / turns / becomes / transforms (m.s.),hofekh
2385,בדיקת,examination of / test of,bdikat
2386,רעיונות,ideas,ra'ayonot
2387,מתוכם,out of them / from them,mitokham
2388,מוגבל,limited / restricted (m.s.),mugbal
2389,מזרחה,to the east,mizrakha
2390,לח,humid,lakh
2391,שירי,my song / my poem,shiri
2392,שווה,equals (m.s.) / equal / identical,shave
2392,שווה,equals (f.s.),shava
2393,פעולת,action of / operation of,pe'ulat
2394,הדור,elegant,hadur
2394,הדור,the generation,hador
2395,גיר,chalk / lime,gir
2396,במאבק,in a struggle / in a fight / in a conflict,bema'avak
2396,במאבק,in the struggle / in the fight / in the conflict,bama'avak
2397,בתנאים,under conditions,betna'im
2397,בתנאים,under the conditions,batna'im
2398,בהקשר,in a context,beheksher
2398,בהקשר,in the context,baheksher
2399,נכשל,failed (m.s.),nikhshal
2400,המפלגות,the parties (political),hamiflagot
2401,ששימשו,that were used [for],sheshimshu
2402,לצורכי,for the purpose of,letsorkhei
2403,המבוסס,the well established / the well based / that is based [on] (m.s.),hamevusas
2404,הקולות,the voices / the sounds,hakolot
2405,מורשת,legacy / inheritance,moreshet
2406,שנוצר,that was formed / that was created (m.s.),shenotsar
2407,המוסלמי,the Muslim (m.s.),hamuslemi
2408,הרוב,the majority,harov
2409,דופן,wall / partition,dofen
2410,הופיעה,appeared / performed (f.s.),hofi'a
2411,השירים,the songs / the poems,hashirim
2412,הרכב,composition,herkev
2413,רכבת,train,rakevet
2413,רכבת,you rode,rakhavta
2414,פתרון,solution,pitron
2415,כוללים,include (m.pl.),kolelim
2416,ההעתקים,the copies,hahe'etekim
2417,והלח,and the humid,vehalakh
2418,צבי,deer,tsvi
2419,פסלים,statues / sculptures,psalim
2420,הקלאסית,the classical (f.s.),haklasit
2421,אשרה,visa / permit,ashra
2422,תרכובות,compounds / compositions,tirkovot
2423,חומצות,acids,khumtsot
2424,האדון,the mister / the master,ha'adon
2425,לשמוע,to hear,lishmo'a
2426,נאה,handsome / nice (m.s.),na'e
2427,הבר,the wild / the son / the bar,habar
2428,רוצים,want (m.pl.),rotsim
2429,תועלת,benefit / utility,to'elet
2430,קרה,happened / occurred / cold (f.s.) / frost,kara
2431,הקיר,the wall,hakir
2432,עלינו,on us / about us,aleinu
2433,כאלו,like these / like those / such,ka'elu
2434,היינו,we were,hayinu
2435,הספרים,the books,hasfarim
2436,בשעת,in the hour of / at a time of / at the time of,bish'at
2437,לשלם,to pay,leshalem
2438,שבוע,week,shavu'a
2439,בקצה,at the tip / at the end,bakatse
2439,בקצה,at a tip / at an end,bekatse
2439,בקצה,at the tip of / at the end of,biktse
2440,בחורף,in a winter,bekhoref
2440,בחורף,in the winter,bakhoref
2441,ידעו,knew (pl.),yad'u
2442,להתקיים,to exist / to take place,lehitkayem
2443,החצר,the yard,hakhatser
2444,מידי,from,midei
2445,מקומי,local (m.s.),mekomi
2446,שחקנים,players / actors,sakhkanim
2447,פרש,retired (m.s.) / rider (horse) / cavalier,parash
2447,פרש,explained / interpreted (m.s.),peresh
2448,הקול,the voice / the sound,hakol
2449,האמיתי,the real (m.s.),ha'amiti
2450,הסכסוך,the conflict,hasikhsukh
2451,בעיתון,in a newspaper,be'iton
2451,בעיתון,in the newspaper,ba'iton
2452,ואל,and to / and a god,ve'el
2452,ואל,and don't,ve'al
2453,ובהמשך,and later,uvehemshekh
2454,התהליך,the process,hatahalikh
2455,הפרטים,the details / the individuals,hapartim
2456,האצבעות,the fingers,ha'etsba'ot
2457,דן,discussed / judged (m.s.),dan
2458,במסע,on a journey,bemasa
2458,במסע,on the journey,bamasa
2459,בקו,[in] a line,bekav
2459,בקו,[in] the line,bakav
2460,מטרות,goals / targets,matarot
2461,מצוק,cliff,matsok
2462,יתרון,advantage,yitaron
2463,ובהן,and in them (f.),uvahen
2464,שמאל,left,smol
2465,ששימש,that was used [for] (m.s.),sheshimesh
2466,אישי,personal (m.) / private (m.) / my man / my husband,ishi
2467,בשירה,[in] singing / in poetry,beshira
2467,בשירה,in the singing / in the poetry,bashira
2468,בחייו,in his life,bekhayav
2469,בהנהגת,led by,behanhagat
2470,ציד,hunt,tsayid
2471,האונייה,the ship,ha'oniya
2472,סמכות,authority,samkhut
2473,שכללה,that included (f.s.),shekalela
2474,תעלת,channel of / canal of / trench of,te'alat
2475,שריון,armor,shiryon
2476,צבאיים,military (m.pl.),tsva'iyim
2477,התנגדו,resisted / objected (pl.),hitnagdu
2478,הרקע,the background,hareka
2479,העמים,the people / the nations (pl.),ha'amim
2480,האוקיינוס,the ocean,ha'okyanus
2481,באוויר,in the air,ba'avir
2481,באוויר,in air,be'avir
2482,וחלק,and part,vekhelek
2482,וחלק,and smooth / and slippery (m.s.),vekhalak
2483,חזית,front / frontier,khazit
2484,הדעות,the opinions,hade'ot
2485,הבינלאומית,the international (f.s.),habeynle'umit
2486,הדתי,the religious (m.s.),hadati
2487,תוכניות,programs / plans,tokhniyot
2488,בתוכנית,in a program / in a plan,betokhnit
2488,בתוכנית,in the program / in the plan,batokhnit
2489,מוקשים,mines / traps,mokshim
2490,מוצרי,products of,mutsrei
2491,חוקרים,investigators / researchers / investigate / research / inquire (m.pl.),khokrim
2492,הפסל,the statue / the sculpture,hapesel
2492,הפסל,the sculptor,hapasal
2493,הנדסי,geometric / of engineering (m.s.),handasi
2494,באותם,in the same / at the same (m.pl.),be'otam
2495,אגן,basin / pelvis / pan,agan
2496,התאוריה,the theory,hate'orya
2497,בשלהי,at the end of,beshilhei
2498,אוניברסיטת,university of,universitat
2499,המדעי,the scientific,hamada'i
2500,הורמון,hormone,hormon
2501,בסמים,[in] drugs,besamim
2501,בסמים,[in] the drugs,basamim
2502,השחפת,the tuberculosis,hashakhefet
2503,הרגשתי,I felt / I sensed,hirgashti
2504,לישון,to sleep,lishon
2505,הלכתי,I walked / I went,halakhti
2506,יכלה,could (f.s.),yakhla
2507,שמא,lest / perhaps,shema
2508,הציגה,introduced / displayed / presented / exhibited (f.s.),hetsiga
2509,רחוק,far (m.s.),rakhok
2510,צעדים,steps,tsa'adim
2511,חבל,rope,khevel
2511,חבל,it's a pity,khaval
2512,קלה,easy / light weight (f.s.),kala
2513,השדה,the field,hasade
2514,נראו,were seen / looked (pl.),nir'u
2515,החלטה,decision,hakhlata
2516,דרכה,her way,darka
2517,מעץ,of wood / from a tree,me'ets
2518,מטה,down,mata
2518,מטה,stick,mate
2518,מטה,bed,mita
2519,לראש,to/for the head,larosh
2519,לראש,to/for a head,lerosh
2520,הדיון,the discussion,hadiyun
2521,הרשות,the permission,hareshut
2521,הרשות,the authority,harashut
2522,לחוק,to a law,lekhok
2522,לחוק,to the law,lakhok
2523,התקבלה,was accepted (f.s.),hitkabla
2524,התעופה,the aviation,hate'ufa
2525,סגן,deputy / vice,sgan
2526,מפתח,key,mafteakh
2526,מפתח,develop (m.s.),mefateakh
2527,מסיבות,for reasons / parties,mesibot
2528,עוסק,deals / engages / works (m.s.),osek
2529,עברי,Hebrew (adj.),ivri
2530,האירועים,the events,ha'eru'im
2531,הכיר,knew / recognized (m.s.),hikir
2532,בניסיון,under trial / [in] experience / in an attempt,benisayon
2533,סכום,sum,s'khum
2534,משא,burden / load,masa
2534,משא,negotiation,masa [umatan]
2535,שילוב,combination,shiluv
2536,שאלת,question of,she'elat
2536,שאלת,you asked (m.s.),sha'alta
2536,שאלת,you asked (f.s.),sha'alt
2537,עזב,left (m.s.),azav
2538,הועבר,was passed / was transferred (m.s.),hu'avar
2539,הפיתוח,the development,hapituakh
2540,החשוב,the important,hakhashuv
2541,במדינת,in the state of,bimdinat
2542,בבניין,in a building / in the building [of],bebinyan
2542,בבניין,in the building,babinyan
2543,דרומה,to the south,daroma
2544,הקרבות,the battles,hakravot
2544,הקרבות,that/who are getting close / that/who approach (f.pl.),hakervot
2545,שטחים,areas / fields / territories,shtakhim
2546,הלוחם,the warrior,halokhem
2547,חוקית,legal (f.s.) / legally,khukit
2548,חברתי,social (m.s.),khevrati
2548,חברתי,my friend (f.s.),khaverti
2549,היריב,the rival / the opponent / the enemy (m.s.),hayariv
2550,מאבק,struggle / fight / conflict,ma'avak
2551,דעות,opinions,de'ot
2552,הטוענים,who claim / that/who charge / that/who load (m.),hato'anim
2553,רחבה,wide (f.s.),rekhava
2553,רחבה,square,rakhava
2554,נתפס,was/is caught / was/is perceived (m.s.),nitpas
2555,למד,studied / learned (m.s.),lamad
2555,למד,teach (m.s. imperative) / learns (m.s.),lamed
2556,הקומוניסטי,the communist (m.s.),hakomunisti
2557,בקשר,in connection / in relation / in contact / regarding,bekesher
2558,סמך,relayed / counted [on],samakh
2559,נאמר,we will say / let us say / let us suppose,nomar
2560,מחלוקת,disagreement,makhloket
2561,ומשם,and from there,umisham
2562,עשויה,might / made of (f.s.),asuya
2563,המקומית,the local (f.s.),hamekomit
2564,השוליים,the margins / the edges / the fringe,hashulayim
2565,הכלל,the rule / all,haklal
2566,הטמפרטורה,the temperature,hatemperatura
2567,גיל,age / joy,gil
2568,בור,hole / pit,bor
2568,בור,ignorant / fallow,bur
2569,בארגון,in an organization / in organizing,be'irgun
2569,בארגון,in the organization,ba'irgun
2570,ובית,and a house / and a home,uvait
2571,קשרי,ties of / bonds of / links of / connections of,kishrei
2572,עתיד,future,atid
2573,במקור,[in] a source / by a beak,bemakor
2573,במקור,originally / by the beak,bamakor
2574,בדרכים,on the road,badrakhim
2575,היקוות,collection (of liquid) / drainage,hikavut
2576,המוסד,the institute / the Mossad (the Israeli intelligence agency),hamosad
2577,זהות,identity,zehut
2578,מציין,note / mark / indicate (m.s.),metsayen
2579,יוצר,creates (m.s.) / creator / artist / maker,yotser
2579,יוצר,was produced / was made,yutsar
2580,מאפשרת,enables / facilitates (f.s.),me'afsheret
2581,ירוק,green (m.s.),yarok
2582,ובכל,and in all,uvkhol
2583,הצהריים,noon,hatsohorayim
2584,ישר,straight / honest (m.s.),yashar
2585,פניו,his face,panav
2586,אישר,approved / confirmed (m.s.),isher
2587,מתו,died (pl.),metu
2588,לזמן,temporary (f.s.) / temporarily,zmanit
2589,הסביר,explained (m.s.),hisbir
2589,הסביר,the reasonable / the likely (m.s.),hasavir
2590,שעליו,on whom / on which / about whom / about which (m.s.),she'alav
2591,השער,the gate,hasha'ar
2592,הסמוך,the near / the confident (m.s.),hasamukh
2593,ברציפות,continuously,birtsifut
2594,לערוך,to edit / to arrange / to hold,la'arokh
2595,הצד,the side,hatsad
2596,הסכים,agreed (m.s.),hiskim
2597,בלב,in a heart,belev
2597,בלב,in the heart,balev
2598,בפתח,at the beginning of / at a doorway / in an opening,befetakh
2598,בפתח,at the door / in the opening,bapetakh
2599,בצבע,in color,betseva
2599,בצבע,[in] the color,batseva
2600,נדיר,rare (m.s.),nadir
2601,לציבור,to the community of,letsibur
2601,לציבור,to the public,latsibur
2602,הצדק,the justice,hatsedek
2603,הנוכחי,the present / the current,hanokhekhi
2604,בקלות,easily,bekalut
2605,רכב,rode (m.s.),rakhav
2605,רכב,vehicle,rekhev
2606,מוחלט,decisive / definite / total (m.s.),mukhlat
2607,לתקופה,to/for a period / to/for an era,letkufa
2607,לתקופה,to/for the period / to/for the era,latkufa
2608,לפתח,to develop,lefateakh
2609,לרגל,to/for the leg,laregel
2609,לרגל,pilgrimage,[aliya] laregel
2609,לרגל,to/for a leg / on the occasion of / because of,leregel
2609,לרגל,to spy,leragel
2610,תמיכה,support,tmikha
2611,תמונה,picture,tmuna
2612,פרקים,chapters / joints,prakim
2613,המטרה,the goal / the target,hamatara
2614,התגלו,were discovered,hitgalu
2615,הנמצאים,that are found / that are [at] (m.pl.),hanimtsa'im
2616,גורמת,causes (f.s.),goremet
2617,נותרה,was left (f.s.),notra
2618,צבאו,his army,tsva'o
2618,צבאו,crowded,tsav'u
2619,החופשית,the free (f.pl.),hakhofshit
2620,שליטה,control,shlita
2621,העברת,passing of / transfer of,ha'avarat
2622,חתם,signed (m.s.),khatam
2623,עמדות,positions,amadot
2624,ביטול,cancellation,bitul
2625,תקף,attacked (m.s.),takaf
2625,תקף,valid (m.s.),takef
2626,האזרח,the citizen (m.s.),ha'ezrakh
2627,לספק,to supply / to provide,lesapek
2628,בפעולות,in actions,bif'ulot
2629,לקבוע,to determine / to set,likbo'a
2630,שבט,tribe,shevet
2630,שבט,the fifth month in the Jewish calendar,Shvat
2631,מופיעים,appear / perform (m.pl.),mofi'im
2632,מפקדת,the headquarters of,mifkedet
2633,זיהוי,identification,zihui
2634,השתתף,participated (m.s.),hishtatef
2635,בתפקיד,in a role of,betafkid
2635,בתפקיד,in the role of,batafkid
2636,התיישבות,settlement,hityashvut
2637,המרחק,the distance,hamerkhak
2638,קיום,existence / survival / holding of / fulfillment of,kiyum
2639,תחומים,fields / areas / ranges,tkhumim
2640,הסגנון,the style / the manner,hasignon
2641,בפרס,[receive] an award / [win] a prize,bifras
2641,בפרס,[receive] the award / [win] the prize,bapras
2642,החומרים,the materials,hakhomarim
2643,האדונים,the masters / Mr. (pl.),ha'adonim
2644,מחר,tomorrow,makhar
2645,וכעת,and now,veka'et
2646,המלכות,the kingdom / the kingship,hamalkhut
2646,המלכות,the queens,hamalkot
2647,מפה,map,mapa
2648,ודאי,certainly / of course,vadai
2648,ודאי,certain / undoubted,vada'i
2649,הכסף,the money,hakesef
2650,הפרחים,the flowers,haprakhim
2651,לילדים,for children,leyeladim
2651,לילדים,for the children,layeladim
2652,הצהיר,stated / declared (m.s.),hits'hir
2653,מחשבה,thought,makhshava
2654,לדבריו,according to him,lidvarav
2655,בלא,without,belo
2656,כשהיא,when she,keshehi
2657,הולכת,walk / go (f.s.),holekhet
2658,הקטנה,the small / the little / reduction / minimizing (f.s.),haktana
2659,מוזיקה,music,muzika
2660,מכה,hit / stroke / blow,maka
2661,מביא,bring (m.s.),mevi
2662,מנסה,try (m.s.),menase
2663,שאינה,that is not / that is not here (f.s.),she'eina
2664,התוצאה,the result / the outcome / the consequence,hatotsa'a
2665,בפי,in my mouth / in the mouth of,befi
2666,לאתר,to a site,le'atar
2666,לאתר,to the site,la'atar
2666,לאתר,to locate,le'ater
2667,להישגים,to/for achievements,lehesegim
2668,להרוג,to kill,laharog
2669,אינסולין,insulin,insulin
2670,אורח,guest / visitor,oreakh
2670,אורח,way / manner,orakh
2671,בתו,his daughter,bito
2672,בשיטה,[by] the method,bashita
2672,בשיטה,[by] a method,beshita
2673,נטען,was loaded / was claimed / we will claim,nit'an
2674,מתקדמים,advance / advanced (m.pl.),mitkadmim
2675,מפעל,plant / factory,mif'al
2676,לאנשי,to the people of / for the people of,le'anshei
2677,אמן,amen,amen
2677,אמן,artist,oman
2677,אמן,their mother (f.),iman
2678,כלשהי,any / of any kind (f.s.),kolshehi
2679,התרחש,happened (m.s.),hitrakhesh
2680,גדלים,growing (m.pl.),gdelim
2680,גדלים,sizes,gdalim
2681,סיבה,reason,siba
2682,הלאומנים,the nationalists,hale'umanim
2683,פלישה,invasion,plisha
2684,בלחימה,in combat,belekhima
2684,בלחימה,in the combat,balekhima
2685,תוכניתו,his plan / his program / his layout,tokhnito
2686,נעצרו,were stopped / were arrested,ne'etsru
2687,הוועדה,the committee / the commission,hava'ada
2688,הסיבות,the reasons,hasibot
2689,איחוד,union,ikhud
2690,אוכלוסייה,population,ukhlusiya
2691,מאמץ,effort,ma'amats
2692,המלוכה,the kingdom / the kingship,hamelukha
2693,המקומי,the local (m.s.),hamekomi
2694,באזורי,in the areas of,be'ezorei
2695,גדודי,regimental,gdudi
2695,גדודי,regiments of,gdudei
2696,במשקל,a weight of / by weight,bemishkal
2697,חלקית,partially,khelkit
2698,האישי,the personal / the private (m.s.),ha'ishi
2699,החרב,the sword,hakherev
2700,בדמוקרטיה,in democracy,bedemokratya
2700,בדמוקרטיה,in the democracy,bademokratya
2701,מחלת,disease of,makhalat
2702,מהתקופה,from the period / from the era,mehatkufa
2703,מנגנון,system / mechanism,manganon
2704,לפעילות,to/for the activity,lape'ilut
2704,לפעילות,to/for an activity,lepe'ilut
2705,ומאוחר,and late,veme'ukhar
2706,שחמט,chess,shakhmat
2707,אפקט,effect,efekt
2708,הינם,they are / are (m.),hinam
2709,השתמש,used (m.s.),hishtamesh
2710,הפילוסוף,the philosopher,hafilosof
2711,ההיסטורי,the historical (m.s.),hahistori
2712,הדמויות,the shapes / the figures / the characters,hadmuyot
2713,רמות,heights / levels,ramot
2714,ציורי,artistic / figurative,tsiyuri
2715,בדגל,[in] a flag,bedegel
2715,בדגל,[in] the flag,badegel
2716,הבימה,the stage,habima
2717,הציונות,Zionism,hatsiyonut
2718,רשימה,list,reshima
2719,להפקת,for the production of,lehafakat
2720,אקלים,climate,aklim
2721,האוניברסיטה,the university,ha'universita
2722,מדעי,scientific,mada'i
2723,לימודיו,his studies,limudav
2724,בתחרות,in competition,betakharut
2724,בתחרות,in the competition,batakharut
2725,ארסנל,arsenal,arsenal
2726,חן,grace / charm,khen
2727,והנה,and here is,vehine
2728,חפץ,object,khefets
2728,חפץ,want (m.s.),khafets
2728,חפץ,wanted (m.s.),khafats
2729,רעה,bad (f.s.) / grazed (sheep) (m.s.),ra'a
2730,לבד,alone,levad
2731,כליל,totally / entirely / completely,klil
2732,משרה,job / position,misra
2732,משרה,marinade,mishra
2732,משרה,inspires / induces / marinades (m.s.),mashre
2732,משרה,inspires / induces / marinades (f.s.),mashra
2733,בתוכו,inside him/it,betokho
2734,טעם,flavor / taste / reason,ta'am
2734,טעם,tasted (m.s.),ta'am
2735,הכהן,the priest / the Cohen,hakohen
2736,העלה,raised / increased / lifted / brought up (m.s.),he'ela
2737,נותן,gives (m.s.),noten
2738,ונראה,and it seems / and visible / and apparent / and we will see,venir'e
2738,ונראה,and seemed / and was visible / and was apparent,venir'a
2739,החולה,the patient / the sick,hakhole
2740,הגברים,the men,hagvarim
2741,לכבוד,for / in honor of / on the occasion of,likhvod
2742,עור,skin,or
2743,מגרש,field / yard,migrash
2744,לפתוח,to open,liftoakh
2745,ואולם,but/ however / and a hall,ve'ulam
2746,הגשר,the bridge,hagesher
2747,רצח,murder,retsakh
2747,רצח,murdered (m.s.),ratsakh
2748,שדות,fields,sadot
2749,עזרה,help / assistance / aid,ezra
2750,כהה,dark,kehe
2751,הוציא,spent / took out / published (m.s.),hotsi
2752,הצמחים,the plants,hatsmakhim
2753,הסמוכים,the near / the confident (m.pl.),hasmukhim
2754,דור,generation,dor
2755,נושאים,subjects / carriers / carry / marry (m.pl.),nos'im
2756,משרדי,my office / clerical / ministerial,misradi
2756,משרדי,the offices of,misradei
2756,משרדי,my offices,misradai
2757,מחסור,shortage / lack / deficiency,makhsor
2758,מגלה,discovers (m.s.),megale
2759,קדם,old / ancient / east,kedem
2759,קדם,preceded,kadam
2759,קדם,pre-,kdam
2760,אגם,lake,agam
2761,המשורר,the poet,hameshorer
2762,השרירים,the muscles,hashririm
2763,העבר,the past,ha'avar
2763,העבר,pass / transfer (m.s. impertaive),ha'aver
2764,הרשמי,the official,harishmi
2765,בנשק,with weapon,beneshek
2765,בנשק,with the weapon,baneshek
2766,צור,rock / cliff,tsur
2767,נהג,driver / drove / used to (m.s.),nahag
2768,נדרש,required,nidrash
2769,לניצחון,to/for a victory,lenitsakhon
2769,לניצחון,to/for the victory,lanitsakhon
2770,כבשו,occupied / conquered (pl.),kavshu
2771,קורבנות,victims,korbanot
2772,החומות,the walls,hakhomot
2773,גנרל,general,general
2774,בוצעו,were performed,buts'u
2775,מפקדי,the commanders of,mefakdei
2775,מפקדי,the censuses of / the musters of,nifkadei
2776,לכיבוש,to an occupation,lekibush
2776,לכיבוש,to the occupation,lakibush
2777,תומכי,the supporters of,tomkhei
2778,לשלוט,to rule / to control,lishlot
2779,למטרות,to/for goals / to/for targets,lematarot
2779,למטרות,to/for the goals / to/for the targets,lamatarot
2779,למטרות,to/for the goals of / to/for the targets of,lematrot
2780,הכיכר,the square / the loaf,hakikar
2781,מתח,tension / suspense / voltage / trapeze,metakh
2781,מתח,stretched (m.s.),matakh
2782,חל,occurs,khal
2783,הקשרים,the ties / the bonds / the links / the connections,haksharim
2783,הקשרים,contexts,heksherim
2784,הכרזת,the proclamation of / the announcement of / the declaration of,hakhrazat
2785,מתקדם,advance / advanced (m.s.),mitkadem
2786,מחבר,connects / links / author (m.s.),mekhaber
2786,מחבר,connector,makhber
2786,מחבר,from a friend,mekhaver
2787,לשינוי,to/for the change,lashinui
2787,לשינוי,to/for a change,leshinui
2788,לזהות,to identify,lezahot
2789,פסל,statue / sculpture,pesel
2789,פסל,sculptor / rejected / disqualified (m.s.),pasal
2790,המונח,the term / that is placed / that is laid / that is lying,hamunakh
2791,המקובל,the accepted / the conventional / the popular (m.s.),hamekubal
2792,הספרות,the literature,hasifrut
2792,הספרות,the hairdressing,hasaparut
2792,הספרות,the digits,hasfarot
2793,טלוויזיה,television,televizya
2794,ממוצע,average (m.s.),memutsa
2795,שזכה,that/who won (m.s.),shezakha
2796,שכבות,layers,shkhavot
2797,פגיעות,hits / impacts / damages / offenses,pgi'ot
2798,השפות,the languages / the edges,hasafot
2799,האש,the fire,ha'esh
2800,הכתיבה,the writing,haktiva
2801,הבדלים,differences,hevdelim
2802,הריצה,the run,haritsa
2802,הריצה,ran [something] (f.s.),heritsa
2803,מוזכר,mentioned (m.s.),muzkar
2804,מפלס,level,miflas
2804,מפלס,breaks through / levels (v.) (m.s.),mefales
2805,גופים,bodies,gufim
2806,המאפיינים,the characteristics,hame'afyenim
2807,גנטית,genetic (f.s.),genetit
2808,האלמוגים,the corals,ha'almogim
2809,הזבובים,the flies,hazvuvim
2810,בקרבי,in me,bekirbi
2811,צחק,laughed (m.s.),tsakhak
2812,מכיר,recognizes / familiar with (m.s.),mekir
2813,קולי,my voice,koli
2814,השמים,the sky,hashamayim
2815,צילום,photograph / photography,tsilum
2816,נמסר,was delivered / was handed (m.s.),nimsar
2817,שייך,belongs / relevant (m.s.),shayakh
2818,במה,in what / how,bame
2819,קוראים,readers / read / call (m.pl.),kor'im
2820,באדמה,in the ground,ba'adama
2820,באדמה,in soil / in a ground,be'adama
2821,צמח,plant,tsemakh
2822,צר,narrow / enemy / lays siege to / created / shaped / sorry (m.s.),tsar
2823,נשארו,remained / were left / stayed (pl.),nish'aru
2824,מהרה,soon,mehera
2825,שבאו,that/who came (pl.),sheba'u
2826,קלות,easy / light weight / slightly (f.pl.),kalot
2827,ענפי,branches of / fields of,anfei
2828,שומר,guard / keeps / protects (m.s.),shomer
2829,שחורים,black (m.pl.),skhorim
2830,עסקים,business,asakim
2831,זמני,temporary (m.) / my time,zmani
2832,שנייה,second,shniya
2833,זכאי,innocent / eligible,zakai
2834,התייחס,referred to / applied (m.s.),hityakhes
2835,הטילו,cast / threw / projected / laid eggs (pl.),hetilu
2836,וכאשר,and when / and while,veka'asher
2837,חמור,donkey,khamor
2837,חמור,serious / severe (m.s.),khamur
2838,אפשרית,possible (f.s.),efsharit
2839,אנושי,humane (m.s.),enoshi
2840,החליטה,decided (f.s.),hekhlita
2841,הזכות,the right / the privilege,hazkhut
2842,הדומה,the similar (m.s.),hadome
2843,במהרה,soon,bimhera
2844,רד,come down (m.s. imperative),red
2845,מכאן,from here,mikan
2846,מסמר,nail,masmer
2847,לרב,to/for the rabbi,larav
2847,לרב,to/for a rabbi,lerav
2847,לרב,mostly / in most cases / usually,larov
2848,לנוע,to move,lanu'a
2849,שהביאו,that/who brought (pl.),shehevi'u
2850,קשת,arch / bow / rainbow / curvature,keshet
2850,קשת,Sagittarius,kashat
2851,קרקע,soil / ground / land,karka
2852,פרצו,broke into / broke out / burst (pl.),partsu
2853,עלילה,plot / deed / libel / false charge,alila
2854,אובדן,loss,ovdan
2855,אוסף,collection,osef
2855,אוסף,collect (m.s.),osef
2856,כישלון,failure,kishalon
2857,המזרחית,the eastern (f.s.),hamizrakhit
2858,הבשר,the meat,habasar
2859,דמיון,imagination / fantasy / resemblance,dimyon
2860,גול,goal,gol
2861,סיפורים,stories,sipurim
2862,נע,moves (m.s.),na
2863,כשיר,qualified / eligible / able,kashir
2864,תגבורת,reinforcement / contingent,tigboret
2865,השבויים,the prisoners (of war),hashvuyim
2866,נסוגו,withdrew / retreated (pl.),nasogu
2867,הרוגים,casualties,harugim
2868,מטוסים,airplanes,metosim
2869,הקצינים,the officers,haktsinim
2870,מפרץ,bay,mifrats
2871,הוצאו,were spent / ware taken out / were published,huts'u
2872,שפות,languages / edges,safot
2872,שפות,the languages of / the edges of,sfot
2873,צו,order,tsav
2874,מלכותו,his kingship,malkhuto
2874,מלכותו,His Majesty,[hod] malkhuto
2875,הבמאי,the director,habamai
2876,ליברלית,liberal,liberalit
2877,ובראשם,and they are/were led by (m.pl.),uverosham
2878,ובנוסף,and in addition,uvnosaf
2879,בשיתוף,in collaboration / in cooperation / in participation,beshituf
2880,להופיע,to appear / to perform,lehofi'a
2881,לבניית,for the building of,livniyat
2882,קטע,segment / section,keta
2883,המקומות,the places,hamekomot
2884,האמנים,the artists,ha'omanim
2885,לימודי,of study / tutorial,limudi
2885,לימודי,the studies of,limudei
2885,לימודי,my studies,limudai
2886,להבחין,to observe,lehavkhin
2887,תכונות,characters / attributes,tkhunot
2888,וזכה,and won (m.s.),vezakha
2888,וזכה,and pure (f.s.),vezaka
2889,פיצוץ,explosion,pitsuts
2890,עבודת,work of,avodat
2891,אימונים,training / practice,imunim
2892,המתחם,the site / the defined area,hamitkham
2893,הבינוני,the medium / the mediocre,habeynoni
2894,העיוורים,the blind (pl.),ha'ivrim
2895,יציאת,exit of,yesti'at
2896,בתחומי,in the fields of / in the areas of / in the ranges of,bitkhumei
2897,הפקת,production of,hafakat
2898,האבל,the mourning,ha'evel
2898,האבל,the mourner,ha'avel
2899,אלבום,album,albom
2900,מרתון,marathon,maraton
2901,המירוץ,the race,hameruts
2902,הסיף,the sward / the fencing,hasayif
2903,מאומה,nothing,me'uma
2904,הכבוד,the honor / the glory / the respect / the dignity,hakavod
2905,הנסיכה,the princess,hanesikha
2906,בהחלט,certainly,behekhlet
2907,הקן,the nest,haken
2908,יבוא,will come (m.s.),yavo
2909,תוכל,you will be able / she will be able,tukhal
2910,עשתה,did (f.s.),asta
2911,השחרור,the liberation,hashikhrur
2912,רצו,wanted (pl.),ratsu
2912,רצו,ran (pl.),ratsu
2913,כתוב,written (m.s.),katuv
2913,כתוב,write (m.s. imperative),ktov
2914,הראה,showed (m.s.),her'a
2915,יורד,goes down / comes down / descends / decreases (m.s.),yored
2916,לפניו,before him / in front of him / to/for his face,lefanav
2917,עוברים,pass / cross / go through (m.pl.),ovrim
2918,הכריזה,proclaimed / announced / declared (f.s.),hikhriza
2919,הבעיה,the problem,habe'aya
2920,נוח,comfortable (m.s.),noakh
2921,יחדיו,together,yakhdav
2922,לוותר,to give up / to waive,levater
2923,לחיים,for life / to life,lekhayim
2923,לחיים,cheers,lekhayim
2923,לחיים,to the life / for the life / for the living,lakhayim
2924,פינוי,evacuation,pinui
2925,גופו,his body,gufo
2926,בכנסת,at the Knesset,bakneset
2927,מנהל,manager / manages (m.s.),menahel
2927,מנהל,administration / management,minhal
2928,להתייחס,to refer,lehityakhes
2929,דרומית,southern (f.s.),dromit
2930,גבולות,borders / limits,gvulot
2931,מטרה,goal / target,matara
2932,לשלב,to combine / to integrate,leshalev
2932,לשלב,to/for the stage / to/for the phase / to/for the rung,lashalav
2932,לשלב,to/for a stage / to/for a phase / to/for a rung,leshalav
2933,לדרום,to the south,ladarom
2933,לדרום,to the south of,lidrom
2934,וידאו,video,vidyo
2935,שחרור,liberation / release,shikhrur
2936,פגעו,hit / damaged / offended (pl.),pag'u
2937,איי,the islands of,iyei
2938,המוזיקה,the music,hamuzika
2939,המקרים,the cases / the events / the incidents,hamikrim
2940,הקדוש,the holy (m.s.),hakadosh
2941,הכניסה,the entrance,haknisa
2941,הכניסה,inserted / entered (f.s.),hikhnisa
2942,הספורט,the sport,hasport
2943,בראיון,in an interview,bere'ayon
2943,בראיון,in the interview,bare'ayon
2944,בצורות,in shapes / in forms,betsurot
2944,בצורות,in the shapes / in the forms,batsurot
2945,בסביבה,in the area,basviva
2946,מתקפה,attack,mitkafa
2947,הדיוויזיה,the division,hadivizya
2948,הביצורים,the fortifications,habitsurim
2949,במחנות,in camps / in groups,bemakhanot
2949,במחנות,in the camps / in the groups,bamakhanot
2950,החוקה,the constitution,hakhuka
2951,במערכה,in a battle / in a campaign / in an act,bema'arakha
2951,במערכה,in the battle / in the campaign / in the act,bama'arakha
2952,לברית,for a pact / for a alliance / for a covenant / for a circumcision,lebrit
2952,לברית,for the pact / for the alliance / for the covenant / for the circumcision,labrit
2953,החזיקו,held / kept / owned (pl.),hekheziku
2954,עסקו,dealt / engaged / worked (pl.),asku
2955,הידועה,the known (f.s.),hayedu'a
2956,בכיוון,in a direction / in an adjustment / in tuning,bekivun
2956,בכיוון,the the direction / in the adjustment / in the tuning,bakivun
2957,ממלכת,the kingdom of,mamlekhet
2958,מסמכים,documents,mismakhim
2959,ואילך,[from now] on,va'eilakh
2960,שקיבלו,that/who received / that/who accepted (pl.),shekiblu
2961,עמם,their nation / their people,amam
2961,עמם,with them,imam
2962,טקס,ceremony,tekes
2963,פריצת,breakthrough of / burglary of / irruption of,pritsat
2964,היסטוריים,historical (m.pl.),historiyim
2965,הפגיעה,the hit / the impact / the damage / the offense,hapgi'a
2966,גרעין,grain / nucleus,gar'in
2967,ביצירת,in the formation of / in the creation of / in the artistic work of / in the composition of,biytsirat
2968,מכיל,contains (m.s.),mekhil
2969,תחומי,fields of / areas of / ranges of,tkhumei
2970,תאוריה,theory,te'orya
2971,שכתב,who wrote (m.s.) / that was written by,shekatav
2972,המסלול,the course / the path / the track,hamaslul
2973,הרבים,the many (m.pl.),harabim
2974,יישוב,settlement,yishuv
2975,הרובע,the quarter,harova
2976,בתקופות,in periods / in eras,betkufot
2976,בתקופות,in the periods / in the eras,batkufot
2977,לפיתוח,for development,lepitu'akh
2977,לפיתוח,for the development,lapitu'akh
2978,קולנוע,cinema,kolno'a
2979,בהשפעת,under the influence of / under the effect of,behashpa'at
2980,מדע,science,mada
2981,הטבעית,the natural (f.s.),hativ'it
2982,הדיפלומטיה,the diplomacy,hadiplomatya
2983,סופרים,count (m.pl.) / authors,sofrim
2984,מחקרים,researches / studies,mekhkarim
2985,הפסלים,the statues / the sculptures,hapsalim
2986,בחקר,in the research of,bekheker
2987,בסוג,in a kind / in a class / in a type,besug
2988,שרירים,muscles,shririm
2989,הזכר,the memory,hazekher
2989,הזכר,the male,hazakhar
2990,שריקה,whistle,shrika
2991,יודעת,know (f.s.),yoda'at
2992,חושבת,think (f.s.),khoshevet
2993,שמעתי,I heard,shamati
2994,אומרת,say (f.s.),omeret
2995,איזו,which / what (f.),eizo
2996,הרעב,the hunger,hara'av
2996,הרעב,the hungry,hara'ev
2997,לפנים,forward / before / in the past,lefanim
2997,לפנים,for a face,lepanim
2997,לפנים,for the face,lapanim
2998,יקרה,prestige,yukra
2999,ויהי,and there was / and there shall be (biblical),vayehi
3000,קרונות,cars (of a train) / wagons,kronot
3001,לאיש,to/for a man / to/for a person,le'ish
3001,לאיש,to/for the man / to/for the person,la'ish
3002,מאמין,believes / believer (m.s.),ma'amin
3003,הנס,the miracle,hanes
3004,שמחה,joy / happiness,simkha
3004,שמחה,glad / happy (f.s.),smekha
3004,שמחה,was glad / was happy (f.s.),samkha
3005,רגליו,his legs,raglav
3006,תפוחי,apples of,tapukhei
3007,בצל,onion,batsal
3007,בצל,in the shadow,batsel
3007,בצל,in the shadow of,betsel
3008,להכיר,to know / to recognize,lehakir
3009,לנהל,to manage,lenahel
3010,פונה,turns (m.s.),pone
3010,פונה,turns (f.s.),pona
3010,פונה,was evacuated (m.s.),puna
3011,ביד,in a hand,beyad
3011,ביד,in the hand / by hand,bayad
3012,המחנה,the camp / the group,hamakhane
3013,חלקה,smooth (f.),khalaka
3013,חלקה,shared / disagreed / differed (f.s.),khalka
3013,חלקה,lot,khelka
3014,רשות,permission,reshut
3014,רשות,authority,rashut
3015,משכן,dwelling,mishkan
3016,לציון,to note / to mark / to point out / to grade,letsiyun
3016,לציון,to Zion,letsiyon
3017,שוק,market,shuk
3017,שוק,shock / leg,shok
3018,פינה,corner,pina
3019,עורך,editor / arranges / holds (m.s.),orekh
3020,אביה,her father,aviha
3021,אבי,my father / the father of,avi
3022,כראש,as a head / as the head of,kerosh
3023,ביתו,his home,beito
3024,ספינה,ship,sfina
3025,נוהגים,drive / do usually (m.pl.),nohagim
3026,משמשת,is used for (f.s.),meshameshet
3027,לתמוך,to support,litmokh
3028,להיכנס,to enter,lehikanes
3029,שהפך,that inverted / that converted / that turned / that become / that transformed (m.s.),shehafakh
3030,שהחל,that started (m.s.),shehekhel
3031,שנערכו,who prepared / who made arrangements / that were held / that were edited (pl.),shene'erkhu
3032,עצמאית,independent (f.s.),atsma'it
3033,איבדו,lost (pl.),ibdu
3034,חזה,watched / prophesied,khaza
3034,חזה,chest / breast,khaze
3035,אסון,disaster,ason
3036,הוצגו,were introduced / were displayed / were presented / were exhibited (pl.),hutsgu
3037,החוקי,the legal (m.s.),hakhuki
3038,הגמר,the end / the final,hagmar
3039,באמצעים,by means,be'emtsa'im
3040,בחלקו,in part / in his part,bekhelko
3041,צהוב,yellow,tsahov
3042,כוחותיו,his powers / his forces / his strengths,kokhotav
3043,ההתקדמות,the progress,hahitkadmut
3044,לקבלת,for receiving / for the acceptance of,lekabalat
3045,במרד,[in] a rebellion,bemered
3045,במרד,[in] the rebellion,bamered
3046,סחר,commerce / trade,sakhar
3046,סחר,traded (m.s.),sakhar
3047,השמאל,the left,hasmol
3048,נרחבים,wide / broad (m.pl.),nirkhavim
3049,שינה,sleep,sheina
3050,כלכלי,economic (m.s.),kalkali
3051,טענות,claims / arguments,ta'anot
3052,מסיבה,for a reason [of] / party,mesiba
3053,שהוקם,that was established (m.s.),shehukam
3054,האזורים,the areas / the regions / the zones,ha'ezorim
3055,נפטר,died / deceased / got rid of (m.s.),niftar
3056,מקרב,brings closer (m.s.),mekarev
3056,מקרב,from a battle,mikrav
3057,השפיעה,had an effect / influenced (f.s.),hishpi'a
3058,ברורה,clear / obvious (f.s.),brura
3059,ספרות,literature,sifrut
3059,ספרות,hair dressing,saparut
3059,ספרות,digits,sfarot
3060,עמק,valley,emek
3061,ביטחון,security / confidence,bitakhon
3062,בחלקים,in parts,bekhalakim
3063,בהשוואה,compared,behashva'a
3064,רחבי,transverse / lateral,rokhbi
3065,תמונות,pictures,tmunot
3066,תאוריות,theories,te'oryot
3067,חלקו,shared (pl.),khalku
3067,חלקו,his share / his part,khelko
3068,הקשורים,that/who are tied / that/who are linked / that/who are connected (m.pl.),hakshurim
3069,העוסקים,that/who deal / that/who engage / work (m.pl.),ha'oskim
3070,בימינו,these days,beyameinu
3071,סניף,branch,snif
3072,יהודיים,Jewish (m.pl.),yehudiyim
3073,הציוני,the Zionist (m.s.),hatsiyoni
3074,רבן,rabbi / their rabbi (f.),raban
3075,בולטת,protruding / stands out (f.s.),boletet
3076,נמנים,are included [in] / are counted (m.pl.),nimnim
3077,בממוצע,on average,bememutsa
3078,עלילת,plot of / deed of / libel of / false charge of,alilat
3079,בתחרויות,in competitions,betakhruyot
3080,הטבעיים,the natural (m.pl.),hativ'iyim
3081,סרטי,movies of,sirtei
3082,רכיבה,riding,rekhiva
3083,פשוטי,the simple of,pshutei
3083,פשוטי,the working class,pshutei [ha'am]
3084,המכניקה,the mechanics,hamekhanika
3085,חייבת,must / debtor (f.s.),khayevet
3086,אינך,you are not,einkha
3087,מסודר,organized (m.s.),mesudar
3088,להאמין,to believe,leha'amin
3089,הגבעה,the hill,hagiv'a
3090,שמנה,fat (adj.) (f.s.),shmena
3091,שקל,weighed (m.s.),shakal
3091,שקל,Shekel (the Israeli currency),shekel
3092,ניר,plowed field,nir
3093,לשאול,to ask / to borrow,lish'ol
3094,הילד,the child / the boy,hayeled
3095,התחיל,started (m.s.),hitkhil
3096,מזל,luck,mazal
3097,סעיף,clause,sa'if
3098,מיץ,juice,mits
3099,לאחרונה,lately,la'akhrona
3100,אמיתי,real (m.s.),amiti
3101,לחדור,to penetrate / to intrude,lakhdor
3102,עוזר,helps / assists / assistant (m.s.),ozer
3103,המתאים,the suitable / the appropriate / the applicable / the identical (m.s.),hamat'im
3104,הלכו,walked / went (pl.),halkhu
3105,השמן,the fat (adj.) (m.s.),hashamen
3105,השמן,the oil,hashemen
3106,הזכרים,the males,hazkharim
3107,בינתיים,meanwhile,beintayim
3108,בערך,approximately / around / sort of,be'erekh
3109,ליל,the night of,leyl
3109,ליל,night,layil
3110,להעלות,to raise / to increase / to lift / to bring up,leha'alot
3111,שורה,line,shura
3112,עונה,season / answers (f.s.),ona
3113,זרם,current / flow / stream / trend,zerem
3114,היקום,the universe,hayekum
3115,השקט,the silence,hasheket
3116,החלב,the milk,hakhalav
3116,החלב,the tallow,hakhelev
3117,צדק,justice,tsedek
3118,ארמון,palace,armon
3119,המלח,the salt,hamelakh
3119,המלח,the sailor,hamalakh
3120,הסתיימה,ended (f.s.),histaima
3121,ציין,noted / marked / pointed out (m.s.),tsiyen
3122,סופית,final (f.s.),sofit
3123,ממערב,from the west / to the west [of],mima'arav
3124,מטרת,goal of / target of,matrat
3125,לחצות,to cut in half / to cross,lakhatsot
3125,לחצות,to midnight,lekhatsot
3126,לסיום,finally / in conclusion,lesiyum
3127,ולפיכך,and therefore,ulfikhakh
3128,שירו,his song / his poem,shiro
3128,שירו,sing (pl. imperative),shiru
3129,שכבת,a layer of,shikhvat
3130,פשוטים,simple (m.pl.),pshutim
3131,כינה,called / named (m.s.) / louse,kina
3132,כספים,finances,ksafim
3133,המכון,the institute,hamakhon
3134,הופעת,the appearance of / the performance of,hofa'at
3135,הופעות,shows / performances,hofa'ot
3136,השראה,inspiration,hashra'a
3137,הפנימי,the internal (m.s.),hapnimi
3137,הפנימי,internalize (f.s. imperative),hafnimi
3138,הכדור,the ball / the pill,hakadur
3139,הגזע,the trunk / the race / the stem,hageza
3140,צד,side,tsad
3141,סף,threshold / verge,saf
3142,נמוכים,low / short (m.pl.),nemukhim
3143,נוצרו,were formed / were created (f.s.),notsru
3144,נכשלו,failed (pl.),nikhshelu
3145,הצבאות,the armies,hatsva'ot
3146,טבח,cook (n.),tabakh
3146,טבח,slaughter,tevakh
3147,לסגת,to withdraw / to retreat,laseget
3148,השפלה,humiliation,hashpala
3148,השפלה,the lowland / the plain,hashfela
3149,לרשות,to the authority,larashut
3150,פוליטיות,political (f.pl.),politiyot
3151,הרשמית,the official (f.s.),harishmit
3152,לממשלה,for/to a government,lememshala
3152,לממשלה,for/to the government,lamemshala
3153,למטרה,to/for a goal / to/for a target / for a purpose,lematara
3153,למטרה,to/for the goal / to/for the target / for the purpose,lamatara
3154,השבטים,the tribes,hashvatim
3155,צבאות,armies,tsva'ot
3156,ביצעו,performed (pl.),bits'u
3157,בזירה,in an arena / at a scene,bezira
3157,בזירה,in the arena / at the scene,bazira
3158,מאמצים,efforts,ma'amatsim
3159,מכלל,from all of,miklal
3160,התוצאות,the results / the outcomes / the consequences,hatotsa'ot
3161,סירבו,refused (pl.),servu
3162,ניהול,management,nihul
3163,מוחלטת,decisive / definite / total (f.s.),mukhletet
3164,ואכן,and indeed,ve'akhen
3165,שנקראה,that/who is called (f.s.),shenikre'a
3166,הובילו,led / transported (pl.),hovilu
3167,החליטו,decided (pl.),hekhlitu
3168,בערים,in cities,be'arim
3168,בערים,in the cities,ba'arim
3169,רדיו,radio,radio
3170,סייעו,assisted / helped (pl.),siy'u
3171,מסוף,terminal,masof
3172,והפך,and turned (m.s.),vehafakh
3173,חינוך,education,khinukh
3174,חלוקת,division of,khalukat
3175,חוקים,laws,khukim
3176,כנסיית,the church of,knesiyat
3177,המושבה,the village,hamoshava
3178,השלב,the stage / the phase / the rung,hashalav
3179,האות,the sign / the signal / the letter,ha'ot
3180,לנשים,for/to women,le'nashim
3180,לנשים,for/to the women,la'nashim
3181,תנאים,conditions / provisions,tna'im
3182,אימון,training / practice,imun
3183,חברות,friendship / membership,khaverut
3183,חברות,friends (f.),khaverot
3184,כללית,general (f.s.),klalit
3185,המשמש,that is used for (m.s.),hameshamesh
3186,הגן,defended (m.s.),hegen
3187,בינלאומי,international (m.s.),beynle'umi
3188,בנושאים,on subjects,benos'im
3188,בנושאים,on the subjects,banos'im
3189,לאמנות,to art,le'omanut
3189,לאמנות,to the art,la'omanut
3189,לאמנות,to treaties / to conventions,le'amanot
3189,לאמנות,to the treaties / to the conventions,la'amanot
3190,קבוצתו,his group,kvutsato
3191,עיקריים,main / principal / primary (m.pl.),ikariyim
3192,המוזיאון,the museum,hamuze'on
3193,הפתיחה,the opening,haptikha
3194,בהיעדר,in (the) absence of / in (the) lack of,behe'eder
3195,צלזיוס,Celsius,tselsius
3196,נתונים,data / given (m.pl.),netunim
3197,סילוק,removal / dismissal,siluk
3198,במקורות,[in] the sources / in the text,bamekorot
3198,במקורות,[in] the sources of,bimkorot
3199,ריבוי,plurality / multitude / variety,ribui
3200,מכון,institute,makhon
3201,לוואי,adjunct / secondary / if only,levai
3202,ברשימת,in the list of,birshimat
3203,לשפה,to/for the language / to/for the lip / to/for the edge,lasafa
3203,לשפה,to/for a language / to/for a lip / to/for an edge,lesafa
3204,הבקיע,scored goal (m.s.),hivki'a
3205,ריצה,run / served (penalty) (m.s.),ritsa
3206,החולד,the Spalax,hakholed
3207,עניתי,I answered,aniti
3208,שאנחנו,that we,she'anakhnu
3209,השמיכה,the blanket,hasmikha
3210,השוטר,the policeman,hashoter
3211,הקוקיה,the cuckoo,hakukiya
3212,הפרעוש,the flea,hapar'osh
3213,האיכר,the peasant / the farmer,ha'ikar
3214,הספסל,the bench,hasafsal
3215,התפוח,the apple,hatapu'akh
3215,התפוח,the tumid (m.s.),hatafu'akh
3216,הפשע,the crime,hapesha
3217,נמלים,harbors / ants,nemalim
3218,לעצמי,for myself,le'atsmi
3219,העורך,the editor,ha'orekh
3220,היקר,the dear / the expensive,hayakar
3221,הציפורים,the birds,hatsiporim
3222,ישבו,sat (pl.),yashvu
3223,להטיל,to cast / to throw / / to project / to lay eggs,lehatil
3224,שכר,fee / wage,sakhar
3225,בראשי,in my head,beroshi
3226,ילדי,the children of,yaldei
3227,עמוקה,deep (f.s.),amuka
3228,הבוקר,the morning,haboker
3228,הבוקר,the cowboy,haboker
3229,ליום,for [day / date] / for a day,leyom
3230,לצפות,to watch / to observe / to anticipate,litspot
3230,לצפות,to cover / to coat / to expect,letsapot
3231,העדה,the witness (f.s.) / the congregation,ha'eda
3232,צל,shadow,tsel
3233,מוסר,morale / ethics,musar
3233,מוסר,deliver (m.s.) / deliverer,moser
3234,נעים,pleasant,na'im
3235,ושאר,and the rest,ush'ar
3236,ואחד,and one (m.),ve'ekhad
3237,עומדים,stand / are about to / endure / succeed / insist on (m.pl.),omdim
3238,אות,sign / signal / letter,ot
3239,חוף,beach,khof
3240,הרגיל,the usual (m.s.),haragil
3241,רגילה,usual / used to (f.s.),regila
3242,נוטה,inclined / tends to / tilted (m.s.),note
3243,נכונה,correct / ready (f.s.),nekhona
3244,מוכנים,ready / willing (m.pl.),mukhanim
3245,יכולתו,his ability / his capability,yekholto
3246,וכלי,and an article / and a dish / and a vessel / and ware / and a tool,ukhli
3247,שמירה,keeping / guarding / protection,shmira
3248,המראה,the sight / the view / the appearance,hamar'e
3248,המראה,the mirror / that/who shows (f.s.),hamar'a
3249,הנמל,the harbor,hanamal
3250,הנקבה,the female,hanekeva
3250,הנקבה,the tunnel,hanikba
3251,דלק,fuel,delek
3252,בשיר,in the song / in the poem,bashir
3252,בשיר,in a song / in a poem,beshir
3253,לזו,for this (f.),lazo
3254,לכדי,about / to,likhdei
3255,שעדיין,that still,she'adayin
3256,פירוש,meaning / explanation / interpretation,perush
3257,פקודה,order,pkuda
3258,עצמאי,independent (m.s.),atsma'i
3259,חלה,became sick / challah (bread),khala
3260,זוכה,wins / winner (m.s.),zokhe
3260,זוכה,wins / winner (f.s.),zokha
3260,זוכה,was acquitted (m.s.),zuka
3261,כבדה,heavy (f.s.),kveda
3262,המדע,the science,hamada
3263,העין,the eye,ha'ayin
3264,הכלי,the article / the dish / the vessel / the ware / the tool,hakli
3265,הטרור,the terror,hateror
3266,הניסיון,the trial / the experience / the attempt,hanisayon
3267,גבול,border / limit,gvul
3268,במטבח,in the kitchen,bamitbakh
3269,בשמו,on his behalf / in his name,bishmo
3270,בעבודה,in work,be'avoda
3270,בעבודה,at work,ba'avoda
3271,רפואה,medicine,refu'a
3272,סיפורי,my story,sipuri
3273,נלחמו,fought (pl.),nilkhamu
3274,נהנה,enjoys (m.s.),nehene
3274,נהנה,enjoyed (m.s.),nehena
3275,שביתת,strike of,shvitat
3276,מאורע,event,me'ora
3277,המפקד,the commander,hamefaked
3277,המפקד,the census / the muster,hamifkad
3278,מלכתחילה,from the beginning / to begin with,milkhatkhila
3279,החוקים,the laws,hakhukim
3280,רכוש,property,rekhush
3281,התקפות,attacks,hatkafot
3282,בתמורה,in return / in exchange / in a change / in a transformation,bitmura
3282,בתמורה,in the change / in the transformation,batmura
3283,בקרבות,in battles,bekravot
3284,להפסיק,to stop / to cease,lehafsik
3285,שלל,negated (m.s.) / denied (m.s.) / loot / plunder,shalal
3286,חופשיים,free (m.pl.),khofshiyim
3287,המושבות,the villages / the colonies,hamoshavot
3288,התקדמות,advance / progress,hitkadmut
3289,במקומו,in his place,bimkomo
3290,נשלח,was sent (m.s.) / we will send,nishlakh
3291,מיקום,location,mikum
3292,חידוש,innovation,khidush
3293,טווח,range,tvakh
3294,תיאטרון,theater,te'atron
3295,תקדים,precedent,takdim
3296,וכתוצאה,and as a result,uketotsa'a
3297,פרטיים,private (m.pl.),pratiyim
3298,הובאו,were brought,huv'u
3299,החלטות,decisions,hakhlatot
3300,מתקיים,held / carried out / maintained / survives (m.s.),mitkayem
3301,מוסד,institution,mosad
3302,לסרט,to/for a movie / to/for a ribbon/strip,leseret
3302,לסרט,to/for the movie / to/for the ribbon/strip,laseret
3303,וניתן,and it is possible / and is given,venitan
3303,וניתן,and we will give,veniten
3304,קודש,holiness,kodesh
3305,עלול,might (m.s.),alul
3306,אישים,personage,ishim
3307,מורכבת,complex / composed of (f.s.),murkevet
3308,מחלקת,divide (f.s.),mekhaleket
3308,מחלקת,department of,makhleket
3309,מגורים,residence / stimulated,megurim
3310,מבקרים,visitors / critics / inspectors,mevakrim
3311,יצירות,formations / creations / works of art / compositions,yetsira
3312,לציין,to note / to indicate,letsayen
3313,ובעל,and an owner / and the owner of / and a husband,uva'al
3314,שנבנה,that was built (m.),shenivna
3315,פגש,met (m.s.),pagash
3316,המושג,the concept / the is obtained / that is achieved,hamusag
3317,המשתתפים,the participants,hamishtatfim
3318,העוסק,that/who deals / that/who engages / works (m.s.),ha'osek
3319,הגל,the wave,hagal
3320,דוגמאות,samples / examples,dugma'ot
3321,במגוון,in a variety,bemigvan
3322,בהיותו,as he / being [X],beheyoto
3323,ניצב,stands / perpendicular / vertical,nitsav
3324,עיוורים,blind (pl.),ivrim
3325,המרי,the rebellion,hameri
3326,מחלקה,department,makhlaka
3327,ובייחוד,and especially,uveyikhud
3328,במקרא,in the Bible / in the legend,bamikra
3329,משמשים,are used for (m.pl.),meshamshim
3330,מציג,introduces / displays / presents / exhibits (m.s.),metsig
3331,תרגום,translation,targum
3332,בשיטות,[by] the methods,bashitot
3332,בשיטות,[by] methods,beshitot
3333,באולימפיאדת,in the Olympiad of,be'olimpyadat
3334,אורגניות,organic (f.pl.),organiyot
3335,החשמלי,the electric,hakhashmali
3336,פעמי,time (adj.),pe'ami
3336,פעמי,unique / disposable,[khad] pe'ami
3336,פעמי,steps of,pa'amei
3337,השמיע,made a sound / announced,hishmi'a
3338,ביצה,egg,beitsa
3338,ביצה,swamp,bitsa
3339,באיזה,in which / in what (m.),be'eize
3340,לגדול,to grow,ligdol
3341,ארוחת,meal of,arukhat
3342,בונה,builds (m.s.),bone
3342,בונה,builds (f.s.),bona
3343,וכמו,and like,vekmo
3344,האוכל,the food,ha'okhel
3344,האוכל,the one who eats,ha'okhel
3345,מבט,look,mabat
3346,וכמה,and how many / and how much / and some,vekhama
3347,שעת,hour of / time of / time for,sheat
3348,דיבר,spoke / talked (m.s.) / commandment,diber
3349,שעברה,that passed (f.s.),she'avra
3350,מקבלים,receive / accept (m.pl.),mekablim
3351,לנצח,to win,lenatse'akh
3351,לנצח,forever,lanetsakh
3352,פועלת,worker / operates (f.s.),po'elet
3353,הבטיח,promised,hevti'akh
3354,למלך,to/for a king,lemelekh
3354,למלך,to/for the king,lamelekh
3355,שירות,service,sherut
3356,היכולת,the ability / the capability,hayekholet
3357,סיכוי,chance / probability,sikui
3358,מוכן,ready / willing (m.s.),mukhan
3359,שורות,lines,shurot
3360,המחלקה,the department,hamakhlaka
3361,ההצלחה,the success,hahatslakha
3362,ההסכם,the agreement,haheskem
3363,הסיכוי,the chance / the probability,hasikui
3364,גרעיני,nuclear,gar'ini
3365,בהגנה,in defense,behagana
3365,בהגנה,in the defense,bahagana
3366,בדרכו,on his way / his way,bedarko
3367,בטענה,arguing that / claiming that,bete'ana
3368,נתנו,gave (pl.),natnu
3369,משטרה,police,mishtara
3370,מפגש,meeting / encounter / reunion,mifgash
3371,מאזור,from an area,me'ezor
3372,לשיא,to the top / to the peak,lasi
3372,לשיא,to a top / to a peak,lesi
3373,תוצאה,result / outcome / consequence,totsa'a
3374,תכנן,planned / designed (m.s.),tikhnen
3375,שעברו,that passed (pl.),she'avru
3376,הסכמה,agreement,haskama
3377,גרמה,caused (f.s.),garma
3378,במובן,in the sense of,bemuvan
3378,במובן,in the sense,bamuvan
3379,סגור,closed (m.s.),sagur
3380,הסובייטית,the soviet (f.s.),hasovyetit
3381,מטוסי,my airplane,metosi
3381,מטוסי,the airplanes of,metosei
3382,המחנות,the camps / the groups,hamakhanot
3383,הטנקים,the tanks,hatankim
3384,אימפריית,empire of,imperyat
3385,פיקודו,his command,pikudo
3386,ולמעשה,and in fact,ulema'ase
3387,שנועדה,that is/was intended for / that is/was destined for / that conferred (f.s.),sheno'ada
3388,התגוררו,lived (pl.),hitgoreru
3389,התנגד,resisted / objected (m.s.),hitnaged
3390,הודו,thanked / confessed (pl.),hodu
3391,ההרים,the mountains,haharim
3392,ליחידות,to/for the unit / to/for the squad,liykhidat
3393,שהוקמה,that was established (f.s.),shehukma
3394,הוראות,orders / instructions,hora'ot
3395,הפעיל,the active / the activist (m.s.),hapa'il
3395,הפעיל,operated / activated (m.s.),hif'il
3396,כשל,failure / mishap / lapse,keshel
3396,כשל,failed (m.s.),kashal
3397,המדובר,the said / that was spoken (m.s.),hamedubar
3398,השינוי,the change,hashinui
3399,בשנית,again,bashenit
3400,מקלעים,machine guns,mikla'im
3401,מצע,platform / bedding,matsa
3402,לקבוצת,to/for the group of,lekvutsat
3403,הקלעים,the curtains,hakla'im
3403,הקלעים,the marksmen,hakala'im
3404,נועדה,intended for / destined for / conferred (f.s.),no'ada
3405,מעורב,mixed / involved (m.s.),me'orav
3406,מחברי,the authors of,mekhabrei
3406,מחברי,from the friends of / from the members of,mekhavrei
3406,מחברי,connectors of,makhberei
3406,מחברי,from my friend,mekhaveri
3407,מטבח,kitchen,mitbakh
3408,תפקידו,his role,tafkido
3409,שימושים,uses,shimushim
3410,עובדים,workers,ovdim
3411,הפרשה,the affair / the chapter / the portion,haparasha
3411,הפרשה,secretion / setting aside / allowance,hafrasha
3412,האנושות,humanity / mankind,ha'enoshut
3413,הרחבה,widening / broadening,harkhava
3413,הרחבה,the square,harakhava
3414,בבסיס,at the basis of,bivsis
3414,בבסיס,at the basis / at the base,babasis
3415,אדריכל,architect,adrikhal
3416,פרעות,pogroms / riot,pra'ot
3417,הפעולות,the actions / the operations / the deeds / the transactions,hape'ulot
3418,משימות,tasks / assignments / missions,mesimot
3419,המרכזיים,the central (m.pl.),hamerkaziyim
3420,הכלים,the articles / the dish / the vessels / the ware / the tools,hakelim
3421,מסחרי,commercial (m.s.),miskhari
3422,הוצאת,taking out [of] / publishing of,hotsa'at
3422,הוצאת,you took out (f.s.),hotset
3423,מאפייני,the characteristics of,me'afyenei
3424,טמפרטורה,temperature,temperatura
3425,פותח,opens (m.s.),pote'akh
3426,העשרה,enrichment,ha'ashara
3427,הייסורים,the torment / the agony,hayisurim
3428,האבולוציה,the evolution,ha'evolutsia
3429,העצם,the bone,ha'etsem
3430,מהירות,speed / velocity,mehirut
3431,לספורטאים,to/for athletes,lesporta'im
3431,לספורטאים,to/for the athletes,lasporta'im
3432,גדילי,fringes of,gdilei
3433,מירוץ,race,meruts
3434,מלאכותית,artificial (f.s.),melakhutit
3435,נגיף,virus,nagif
3436,ובכן,well,uvkhen
3437,כמוני,like me,kamoni
3438,המון,crowd / plenty,hamon
3439,בריה,creature,briya
3440,ושוב,and again / and return (m.s. imperative),veshuv
3441,השעון,the clock / the watch,hasha'on
3442,החיות,the animals,hakhayot
3442,החיות,the vitality,hakhayut
3443,הגברת,enhancement / amplification / strengthening,hagbarat
3444,מספרים,numbers,misparim
3444,מספרים,from books,misfarim
3444,מספרים,tell (m.pl.),mesaprim
3445,לאנשים,to/for people,le'anashim
3445,לאנשים,to/for the people,la'anashim
3446,איתם,with them (m.),itam
3447,המעשה,the deed / the story / he tale,hama'ase
3448,מונח,term / laid,munakh
3449,שים,put (m.s. imperative),sim
3450,מר,Mr. / bitter,mar
3451,מסכים,agrees (m.s.),maskim
3452,ארצה,her country,artsa
3452,ארצה,to the country,artsa
3453,הלח,the humid,halakh
3454,בשיא,at the peak / at the top,basi
3454,בשיא,at a top / at a peak,besi
3455,משטרת,police of,mishteret
3456,יערות,forests,ye'arot
3457,למרחק,to a long distance / to a distance of,lemerkhak
3458,ואולי,and maybe / and perhaps,ve'ulai
3459,הסופרים,the authors,hasofrim
3460,גביע,cup / grail,gavi'a
3461,במעלה,up [the],be'ma'ale
3461,במעלה,priority / [in] a virtue / [in] a degree,bema'ala
3462,ביתר,[in] the rest,beyeter
3463,בחצי,in half / by half,bekhetsi
3463,בחצי,in the half,bakhetsi
3464,ראשונה,first (f.s.),rishona
3465,רגיל,usual / used to (m.s.),ragil
3466,נזק,damage,nezek
3467,מתחילים,start (m.pl.),matkhilim
3468,מגע,contact / touch,maga
3469,ירידה,going down / coming down / descent / decrease,yerida
3470,קובע,determines / fixes / sets (m.s.),kove'a
3471,עלולים,might (m.pl.),alulim
3472,אבני,the stones of,avnei
3473,חנינה,pardon / clemency,khanina
3474,ביקור,visit,bikur
3475,רצונו,his will,retsono
3476,סבל,suffering,sevel
3477,ממזרח,from the east / to the west of,mimizrakh
3478,משלו,of his [X] / of his own,mishelo
3478,משלו,ruled (pl.),mashlu
3479,משותף,common / mutual / shared (m.s.),meshutaf
3480,יצור,creature,yetsur
3481,לשכנע,to convince,leshakhne'a
3482,לחקור,to investigate / to research / to inquire,lakhkor
3483,להתרחש,to happen,lehitrakhesh
3484,להשלים,to complete / to accept / to come to terms,lehashlim
3485,שנמצא,that was found / that is [at] (m.s.),shenimtsa
3486,קושי,difficulty / hardness,koshi
3487,פוליטיים,political (m.pl.),politiyim
3488,עוסקת,deals / engages / works (f.s.),oseket
3489,ערים,cities,arim
3490,חומה,wall,khoma
3491,כמקום,as a place,kemakom
3491,כמקום,as the place of,kimkom
3492,כביש,road,kvish
3493,המזרחיים,the eastern (m.pl.),hamizrakhiyim
3494,התחתונה,the bottom / the lower / the inferior (f.s.),hatakhtona
3495,הקדושים,the holy (m.pl.),hakdoshim
3496,העיתון,the newspaper,ha'iton
3497,גילו,his age,gilo
3497,גילו,discovered (pl.),gilu
3498,רשימת,list of,reshimat
3499,רגלים,the pilgrim festivals,regalim
3499,רגלים,legs,raglayim
3500,סך,amount / total / procession,sakh
3501,הקיפו,surrounded / encircled (pl.),hekifu
3502,המגינים,the defenders / that/who defend (m.pl.),hameginim
3503,ירו,shot / fired (pl.),yaru
3504,הקונגרס,the congress,hakongres
3505,בשטחים,in the areas / in the territories,bashtakhim
3505,בשטחים,in areas / in territories,beshtakhim
3506,מתנדבים,volunteers,mitnadvim
3507,שנועד,that is/was intended for / that is/was destined for / that conferred (m.s.),sheno'ad
3508,התפשטות,spreading / undressing,hitpashtut
3509,מנע,prevented (m.s.),mana
3509,מנע,prevention,mena
3510,המשותף,the common / the mutual / the shared (m.s.),hameshutaf
3511,המשבר,the crisis,hamashber
3512,ההכנות,the preparations,hahakhanot
3513,הסופית,the final (f.s.),hasofit
3514,ותחילת,and the beginning of,utkhilat
3515,פיקד,commanded / ordered (m.s.),piked
3516,כבש,occupied / conquered (m.s.),kavash
3516,כבש,lamb / sheep,keves
3516,כבש,ramp,kevesh
3517,בציבור,in public,batsibur
3517,בציבור,in the public of,betsibur
3518,מוגבלת,limited / restricted (f.s.),mugbelet
3519,להעניק,to give,leha'anik
3520,עצמן,themselves (f.pl.),atsman
3521,היוותה,was (f.),hivta
3522,בודד,lonely / single (m.s.),boded
3523,נתפסו,were caught / were perceived (pl.),nitpesu
3524,מוצג,is introduced / is displayed / is presented / is exhibited (m.s.),mutsag
3525,ימיים,marine (m.pl.),yamiyim
3526,לדגל,to the flag,ladegel
3527,לבחור,to select / to vote,livkhor
3528,שכללו,that included (pl.),shekalelu
3529,שנכתב,that was written,shenikhtav
3530,קומה,floor / height,koma
3531,עיקריות,main / principal / primary (f.pl.),ikariyot
3532,אורכו,its length / its duration,orko
3533,החברתית,the social (f.s.),hakhevratit
3534,הכוללת,that includes (f.s.),hakolelet
3535,בקריירה,in a career,bekaryera
3535,בקריירה,in the career,bakaryera
3536,בעבודות,in works,be'avodot
3536,בעבודות,in the works,ba'avodot
3537,באמנות,in art,be'omanut
3537,באמנות,in the art,ba'omanut
3538,ציר,axis / axle / hinge / delegate / sauce / contraction,tsir
3539,נקראת,is read / is called (f.s.),nikret
3540,מצויה,is [at] / common / available (f.s.),metsuya
3541,שאינן,that are not / that are not here (f.pl.),she'einan
3542,חייל,soldier,khayal
3543,האסון,the disaster,ha'ason
3544,דיכוי,suppression,dikui
3545,דתיים,religious (m.pl.),datiyim
3546,במוזיאון,in a museum,bemuze'on
3546,במוזיאון,in the museum,bamuze'on
3547,רחובות,streets,rekhovot
3548,הכפיפה,subordinated (f.s),hikhfifa
3549,להר,to a mountain,lehar
3549,להר,to the mountain,lahar
3550,אנושית,humane (f.s.),enoshit
3551,מתייחס,refers (m.s.),mityakhes
3552,שירתו,served (pl.),shertu
3553,הציבורית,the public (f.s.),hatsiburit
3554,עונות,seasons / answer (f.pl.),onot
3555,אמו,his mother,imo
3556,הצורה,the shape / the form / the manner,hatsura
3557,פילוסופיה,philosophy,filosofia
3558,הביקורת,the criticism / the inspection,habikoret
3559,תבליטים,embossments,tavlitim
3560,הגדילה,the growth,hagdila
3560,הגדילה,enlarged / increased (f.s.),higdila
3561,המושא,the object / the objective,hamusa
3562,הגיבור,the hero,hagibor
3563,לקבוצה,to/for a group,lekvutsa
3563,לקבוצה,to/for the group,lakvutsa
3564,חוקרת,investigator / researcher / investigates / researches / inquires (f.s.),khokeret
3565,החלבונים,the proteins,hakhelbonim
3566,הדקר,the pick,hadeker
3567,הגדילים,the fringes,hagdilim
3568,השלשול,the diarrhea / the earthworm,hashilshul
3569,העשב,the grass / the weed,ha'esev
3570,משונה,weird / odd,meshune
3571,קראה,read / called (f.s.),kar'a
3572,תראה,look (m.s. imperative) / she will see,tir'e
3573,ומיד,and immediately,umiyad
3574,חיה,living / alive (f.s.),khaya
3574,חיה,animal,khaya
3575,יבשה,land,yabasha
3576,לדברי,according to,ledivrei
3577,בבקשה,please / you are welcome,bevakasha
3578,ציפורים,birds,tsiporim
3579,יוכלו,will be able (m.pl.),yukhlu
3580,מותר,allowed / permitted,mutar
3581,שבא,that/who is coming / that/who came (m.s.),sheba
3582,התפקיד,the role,hatafkid
3583,השבת,return of / blowing of,hashavat
3583,השבת,the Sabbath / this Sabbath,hashabat
3584,נפצעו,were injured,niftse'u
3585,לעבודה,to/for work,le'avoda
3585,לעבודה,to/for the work,la'avoda
3586,להתקדם,to advance / to progress,lehitkadem
3587,לבנים,white (m.pl.) / underwear,levanim
3587,לבנים,for boys,lebanim
3587,לבנים,for the boys,labanim
3588,נפתחה,opened (f.s.),niftekha
3589,נכבד,honorable / notable,nikhbad
3590,מחיר,price,mekhir
3591,מחצית,half,makhatsit
3592,קרובים,close / relatives (m.pl.),krovim
3593,האמין,believed (m.s.),he'emin
3594,נאום,speech,ne'um
3595,נראית,is seen / seems / looks (f.s.),nir'et
3596,מגדלים,towers,migdalim
3596,מגדלים,grow / raise (m.pl.),megadlim
3597,מטעני,my baggage / my load,mit'ani
3597,מטעני,the baggage of / the loads of / the charges of,mit'anei
3598,למסור,to give / to deliver,limsor
3599,לנקוט,to take (measures / steps),linkot
3599,לנקוט,that/who stood / that/who was about to / that/who endured / that/who succeeded /,
3600,שעמד,she'amad,
3600,שעמד,that/who insisted on (m.s.),
3601,קטעים,segments / sections,kta'im
3602,כלא,prison,kele
3603,האיכרים,the peasants / the farmers,ha'ikarim
3604,החזק,the strong (m.s.),hakhazak
3604,החזק,hold / keep / own (m.s. imperative),hakhzek
3605,גדלה,grew (f.s.),gadla
3606,במי,[in] whom,bemi
3607,בעודו,while he,be'odo
3608,נושאי,subjects of / carriers of,nos'ei
3609,מאוחרים,late (adj.) (m.pl.),me'ukharim
3610,ימין,right,yamin
3611,לירות,to shoot / to fire,lirot
3612,לקחו,took (pl.),lakkhu
3613,לסוג,to/for a kind / to/for a class / to/for a type,lesug
3613,לסוג,to/for the kind / to/for the class / to/for the type,lasug
3614,שהצליח,that/who succeeded,shehitsli'akh
3615,עלות,cost,alut
3616,עקבות,traces / footprints,ikvot
3617,היחידים,the only (m.pl.),hayekhidim
3618,הפרש,difference,hefresh
3619,העל,the super-,ha'al
3620,הגומלין,the reciprocal / the mutual,hagomlin
3621,הנשימה,the breath / the breathing,haneshima
3622,דחה,rejected / postponed,dakha
3623,גובה,height,gova
3623,גובה,collects / collector (of money) (m.s.),gove
3623,גובה,collects / collector (of money) (f.s.),gova
3624,בארמון,in a palace,be'armon
3624,בארמון,in the palace,ba'armon
3625,המפקדים,the commanders,hamefakdim
3626,ניתנה,was possible / was given (f.s.),nitna
3627,למרד,to/for a rebellion,lemered
3627,למרד,to/for the rebellion,lamered
3628,ובסופו,and at its end,uvsofo
3629,מהירה,fast / rapid / quick (f.s.),mehira
3630,חיו,lived (pl.),khayu
3631,ממדינות,from states / from the states of,mimdinot
3632,לכיכר,to a square,lekikar
3632,לכיכר,to the square,lakikar
3633,הראשיים,the main / the principal (m.pl.),harashiyim
3634,סברו,thought / assumed (pl.),savru
3635,לחומות,for/to walls,lekhomot
3635,לחומות,for/to the walls,lakhomot
3636,ותוך,and the inside / and the content / and within,vetokh
3637,שרשרת,chain / necklace,sharsheret
3638,הפוליטיים,the political (m.pl.),hapolitiyim
3639,דתית,religious (f.s.),datit
3640,דתי,religious (m.s.),dati
3641,בקנה,in the barrel / in the shaft / in the trachea,bakane
3642,בענייני,on matters of / on the matters of,be'inyanei
3643,סטודנטים,students,studentim
3644,נתיב,path,nativ
3645,לז,one (person),laz
3646,שמקורו,originated from (m.s.),shemekoro
3647,בשורות,news,besorot
3647,בשורות,in line,beshura
3648,בחירת,selection of / vote for,bkhirat
3649,מחודשת,renewed (f.s.),mekhudeshet
3650,לזכות,to win,lizkot
3651,תוכנן,their content (f.),tokhnan
3652,כלכלית,economic (f.s.),kalkalit
3653,הישיר,the direct (m.s.),hayashir
3654,התפתחו,developed (pl.),hitpatkhu
3655,האינדיאנים,the Indians,ha'indiyanim
3656,הבסיסי,the basic,habsisi
3657,הראשוני,the preliminary / the primary (m.s.),harishoni
3658,בחודשים,in months,bekhodashim
3658,בחודשים,in the months [of],bakhodashim
3659,בנוי,built up (adj.) (m.s.),banui
3660,טבעית,natural (f.s.),tiv'it
3661,ממשפחת,from the family of / from the [name] family,mimishpakhat
3662,מוגדר,defined,mugdar
3663,מזכיר,secretary / reminds (m.s.),mazkir
3664,תפיסה,catch / capture / grasp / seizure / perception,tfisa
3665,חיבור,connection / link / linkage / joining / joint / junction,khibur
3666,המידה,the measure / the size / the quality,hamida
3667,המוקדמים,the early / the preliminary (m.pl.),hamukdamim
3668,הכשרה,training,hakhshara
3669,הסופי,the final (m.s.),hasofi
3670,דמויי,-like / -form (m.pl.),dmuyei
3671,ברובע,in the quarter,barova
3671,ברובע,in a quarter / in the quarter of,berova
3672,נציגים,representatives,netsigim
3673,הרומאים,the Romans,haroma'im
3674,ביישוב,in a settlement,biyshuv
3674,ביישוב,in the settlement,bayeshuv
3675,המקראי,the biblical,hamikra'i
3676,קיומו,his existence / his survival / its holding / its fulfillment,kiyumo
3677,באר,well,be'er
3678,עיסוק,occupation / work,isuk
3679,בנקודה,at a point,binkuda
3679,בנקודה,at the point,banekuda
3680,התפיסה,the catching / the capture / the grasp / the seizure / the perception,hatfisa
3681,הנושאים,the subjects / the carriers,hanos'im
3682,גרסאות,versions,girsa'ot
3683,מכילה,contains (f.s.),mekhila
3684,לתחייה,resurrected,[kam] litkhiya
3685,שריר,muscle,shrir
3686,התייחסות,reference,hityakhasut
3687,מקצועי,professional (m.s.),miktso'i
3688,כמלך,as a king,kemelekh
3688,כמלך,as the king,kamelekh
3689,המשמשים,that are used for (m.pl.),hameshamshim
3690,עבודותיו,his works,avodotav
3691,שחיה,swimming,skhiya
3692,היערן,the forester,haya'aran
3693,הדב,the bear,hadov
3694,הנך,you are / here you are (m.s.),hinkha
3694,הנך,you are / here you are (f.s.),hinekh
3695,נחמד,nice,nekhmad
3696,ועכשיו,and now,ve'akhshav
3697,המשוכה,the hedge,hamesukha
3698,להגיד,to say,lehagid
3699,הפלוגה,the company (mil.),hapluga
3700,בפנים,with [x] face,befanim
3700,בפנים,inside,bifnim
3700,בפנים,on the face,bapanim
3701,ידיד,friend,yadid
3702,לבו,his heart,libo
3703,שאמר,who said (m.s.),she'amar
3704,הירוק,the green (m.s.),hayarok
3705,בגדי,the clothes of,bigdei
3705,בגדי,my clothes,bgadai
3706,שתהיה,that you will be (m.s.) / that will be (f.s.),shetihiye
3707,יקר,dear / expensive (m.s.),yakar
3708,גמר,end / finals,gmar
3709,להראות,to show,lehar'ot
3710,הכלא,the prison,hakele
3711,דיווח,report,divu'akh
3712,רחוקות,far (f.pl.),rekhokot
3713,מחלה,sickness,makhala
3714,לרדת,to go down / to come down / to descend / to decrease,laredet
3715,שבת,Saturday / Sabbath,shabat
3715,שבת,went on strike (m.s.),shavat
3715,שבת,sitting / dwelling,shevet
3716,קורה,happens / occurs,kore
3716,קורה,beam,kora
3717,אלון,oak,alon
3718,הסוהר,the warden,hasoher
3719,במשחקים,in the games,bamiskhakim
3719,במשחקים,in games,bemiskhakim
3720,מכתבים,letters,mikhtavim
3721,מהסוג,of the kind / of the class / of the type,mehasug
3722,תגובה,response,tguva
3723,שומן,fat,shuman
3724,שבר,fracture / fragment,shever
3725,איבד,lost (m.s.),ibed
3726,אסף,collected (m.s.),asaf
3727,הקודמים,the former / the previous (m.pl.),hakodmim
3728,הספיק,was sufficient / was enough,hispik
3729,דיון,discussion,diyun
3730,בכתב,in writing,bikhtav
3731,להתחיל,to start,lehatkhil
3732,תמך,supported (m.s.),tamakh
3733,וזו,and this (f.),vezo
3734,שיצא,that/who went out / that/who came out (m.s.),sheyatsa
3735,קהל,public / crowd / audience,kahal
3736,קריית,city of / suburb of / district of,kiryat
3737,אזרחי,civilian (m.s.),ezrakhi
3738,חצר,yard,khatser
3739,מפעלי,plants of / factories of,mif'alei
3740,לחקר,to/for the research of,lekheker
3741,לאסוף,to collect,le'esof
3742,להגיש,to serve / to submit / to present,lehagish
3743,ואינו,and is not / and is not here (m.s.),ve'eino
3744,שאותה,that the same / that/who (f.s.),she'ota
3745,אמורה,supposed (f.s.),amura
3746,ארוכות,long (f.pl.),arukot
3747,אצבעות,fingers,etsba'ot
3748,אסטרטגי,strategic,estrategi
3749,המקרה,the case / the event / the incident / the fortune / the chance,hamikre
3750,השמאלית,the left (adj.) / the left handed (f.s.),hasmalit
3751,הקורא,the reader / who reads / that/who calls (m.s.),hakore
3752,האקדמיה,the academy,ha'akademya
3753,דיבור,speech,dibur
3754,בגדר,with a fence,begader
3754,בגדר,with the fence / in the fence,bagader
3754,בגדר,within the limits of,begeder
3755,רצים,run / runners (m.pl.),ratsim
3756,ניצחונות,victories,nitskhonot
3757,נתון,datum / given (m.s.),natun
3758,נקבות,females,nekevot
3758,נקבות,tunnels,nikbot
3759,הגולה,the diaspora,hagola
3759,הגולה,the marble (game),hagula
3760,דיביזיית,division,divizyat
3761,מתקפת,attack of,mitkefet
3762,הסוחרים,the merchants / the dealers / the sellers,hasokharim
3763,קפטן,captain,kepten
3764,הפריצה,the breakthrough / the burglary / the irruption,hapritsa
3765,הנוצרי,the Christian (m.s.),hanotsri
3766,חוקה,constitution,khuka
3767,הקשים,the difficult / the hard (m.pl.),hakashim
3768,רישום,record / sketch,rishum
3769,שקדמה,that/who preceded (f.s.),shekadma
3770,שאותו,that the same / that/who (m.s.),she'oto
3771,עוצמת,power of / force of / intensity of,otsmat
3772,הוצאה,taking out / removal / expense / edition / publishing house,hotsa'a
3773,מתכת,metal,matekhet
3774,מוצרים,products,mutsarim
3775,מפלגה,party (political),miflaga
3776,מערבית,western (f.s.),ma'aravit
3777,מגיל,from the age of / of joy,megil
3778,לוחות,boards,lukhot
3779,שיצאו,that/who went out / that/who came out (pl.),sheyats'u
3780,קהילת,community of,kehilat
3781,התיאטרון,the theater,hate'atron
3782,הפילוג,the split,hapilug
3783,הזרם,the current / the flow / the stream / the trend,hazerem
3784,בדרגת,at a degree of / a rank of,bedargat
3785,ניצח,won (m.s.),nitsakh
3786,מקומית,local (f.s.),mekomit
3787,למנות,to appoint,lemanot
3787,למנות,to count,limnot
3788,פסיכולוגי,psychological,psikhologi
3789,אחים,brothers / siblings / nurses (m.),akhim
3790,אספקת,supply of,aspakat
3791,המוסלמית,the Muslim (f.s.),hamuslemit
3792,טבעיים,natural (m.pl.),tiv'iyim
3793,סוסים,horses,susim
3794,נכתבו,were written,nikhtevu
3795,מנזר,monastery,minzar
3796,הממצאים,the findings,hamimtsa'im
3797,בשדרות,in the boulevard,basderot
3797,בשדרות,in the boulevard of,besderot
3798,תחנת,station of,takhanat
3799,תכנון,plan / design / layout,tikhnun
3800,בריכת,pool of,brekhat
3801,התאמה,suitability / fitting / adjustment / harmony / agreement,hat'ama
3802,הציד,the hunt,hatsayid
3803,במדי,in the uniform of,bemadei
3804,תוצר,product,totsar
3805,ההבדלים,the differences,hahevdelim
3806,משיריו,from his poems,mishirav
3807,ואלוף,and a champion,ve'aluf
3808,הסימפוניה,the symphony,hasimfonya
3809,הכחדה,extermination / extinction,hakkhada
3810,השחמט,the chess,hashakhmat
3811,חומצה,acid,khumtsa
3812,בטמפרטורה,at a temperature,betemperatura
3813,בועות,bubbles,bu'ot
3814,הנעליים,the shoes,hana'alayim
3815,האינדוקציה,the induction,ha'induktsia
3816,חלף,passed (m.s.),khalaf
3817,זבוב,fly,zvuv
3818,לזאת,for this (f.),lazot
3819,היית,you were (f.s.),hayit
3819,היית,you were (m.s.),hayita
3820,מובן,understood / meaning / sense,muvan
3821,לרוץ,to run,laruts
3822,העוברים,that/who pass / the transients (m.pl.),ha'ovrim
3822,העוברים,the embryos / the fetuses,ha'ubarim
3823,בשבילי,for me,bishvili
3824,מוזר,strange / weird,muzar
3825,לעוף,to fly,la'uf
3826,שמי,my name,shmi
3827,אגב,by the way / while,agav
3828,התחילה,started (f.s.),hitkhila
3829,דמי,my blood / hematic,dami
3829,דמי,the blood of,damei
3829,דמי,fee of,dmei
3830,לעת,at a time of,le'et
3830,לעת,for the time,la'et
3831,מאכל,food / dish,ma'akhal
3832,יוצאים,going out / coming out (m.pl.),yots'im
3833,לחשוף,to expose,lakhsof
3834,מסחר,commerce / trade,miskhar
3835,ירדו,went down / came down / descended / decreased (pl.),yardu
3836,פרח,flower,perakh
3836,פרח,blossomed (m.s.),parakh
3837,חייבים,must (m.pl.) / debtors,khayavim
3838,סביבה,area,sviva
3839,נשאו,carried / married (pl.),nas'u
3840,לכמה,to/for how many / to/for how much,lekhama
3841,ובאופן,and in a way,uv'ofen
3842,אירע,happened / occurred (m.s.),era
3843,מחשש,for the fear of,mekhashash
3844,מחזור,cycle / circulation / turnover / class [of year X] / period / prayer book,makhzor
3845,מרים,lifts (m.s.),merim
3846,למסע,on a journey,lemasa
3846,למסע,on the journey,lamasa
3847,לאלה,to/for these,le'ele
3847,לאלה,to/for a goddess,le'ela
3847,לאלה,to/for the goddess,la'ela
3848,תשומת,paying [attention],tsumet
3849,אילן,tree,ilan
3850,כבדים,heavy (m.pl.),kvedim
3851,מובהק,unmistakable / significant (m.s.),muvhak
3852,מפת,map of,mapat
3853,מצדו,from his side / as far as he is concerned,mitsido
3854,יעילה,effective / efficient (f.s.),ye'ila
3855,יאיר,will illuminate (m.s.),ya'ir
3856,יזם,initiated / promoter / entrepreneur,yazam
3857,למכור,to sell,limkor
3858,להימלט,to escape,lehimalet
3859,שהיוו,that/who were / that/who constituted,shehivu
3860,שהגיעה,that/who arrived (f.s.),shehigi'a
3861,קלע,bullet / sling,kela
3861,קלע,marksman / hit,kala
3862,חמורה,serious / severe (f.s.),khamura
3863,חול,sand / secular,khol
3864,אדיר,great / mighty / powerful (m.s.),adir
3865,חדרו,his room,khadro
3865,חדרו,penetrated / intruded (pl.),khadru
3866,אבו,his tender years,ibo
3866,אבו,father of (Arabic),abu
3867,כמויות,quantities / amounts,kamuyot
3868,כהן,priest / Cohen,kohen
3869,המתנגדים,the objectors,hamitnagdim
3870,המובילים,the leaders / the transporters / the carriers (m.),hamovilim
3871,הולכים,walk / go (m.pl.),holkhim
3872,החלוץ,the pioneer,hakhaluts
3873,הזכויות,the rights / the privileges,hazkhuyot
3874,הביע,expressed (m.s.),hebi'a
3875,הריכוז,the concentration,harikuz
3876,הסדירה,the regular,hasdira
3876,הסדירה,settled / arranged / regulated (f.s.),hisdira
3877,גוש,lump / block / mass / region,gush
3878,בממשלה,in a government,bememshala
3878,בממשלה,in the government,bamemshala
3879,ביערות,in forests,biy'arot
3879,ביערות,in the forests,baye'arot
3880,בודדים,lonely / single / few (m.pl.),bodedim
3881,בעץ,in a tree / in wood,be'ets
3881,בעץ,in the tree / in the wood,ba'ets
3882,בסיום,at the end of,besiyum
3882,בסיום,at the end,basiyum
3883,בסכנת,in danger of / at risk,besakanat
3884,רכבות,trains,rakavot
3885,נמצאה,was found / was [at] (f.s.),nimtse'a
3886,נקראה,was read / was called (f.s.),nikre'a
3887,נחשבים,are considered (m.),nekhshavim
3888,המסדר,that/who arranges (m.s.),hamesader
3888,המסדר,the lineup / the parade,hamisdar
3889,לגייס,to recruit,legayes
3890,הספינות,the ships,hasfinot
3891,ממשל,government,mimshal
3892,משלחת,expedition / delegation,mishlakhat
3893,הקימו,established / built (pl.),hekimu
3894,בראשותו,headed by him / led by him,berashuto
3895,נרחבת,wide / broad (f.s.),nirkhevet
3896,משפטי,my sentence / my trial / judicial,mishpati
3897,ספורים,are counted (m.pl.),sfurim
3898,יצרה,created / made (f.s.),yatsra
3899,שמר,kept / guarded / protected (m.s.),shamar
3900,קהילה,community,kehila
3901,חש,felt / rushed (m.s.),khash
3902,היכן,where,heykhan
3903,נעשתה,was done / became (f.s),na'asta
3904,מסעות,journeys,masa'ot
3905,שליט,ruler,shalit
3906,חברתיים,social (m.pl.),khevratiyim
3907,כמקור,as a source / as a beak,kemakor
3908,בקולנוע,at a cinema,bekolno'a
3908,בקולנוע,at the cinema,bakolno'a
3909,נשיפה,exhalation / blow,neshifa
3910,נהרס,was destroyed / was demolished (m.s.),neheras
3911,מיעוט,minority,mi'ut
3912,מדויק,precise / accurate (m.s.),meduyak
3913,למעמד,to/for a position / to/for a class / to/for a pedestal / to/for a scene,lema'amad
3913,למעמד,to/for the position / to/for the class / to/for the pedestal / to/for the scene,lama'amad
3914,לאיחוד,to/for a union,le'ikhud
3914,לאיחוד,to/for the union,la'ikhud
3915,התקיימה,existed / took place / was held (f.s.),hitkayma
3916,התגלה,was discovered (m.s.),hitgala
3917,הגרסה,the version,hagirsa
3918,הניתן,that is possible / that is given (m.s.),hanitan
3919,בוגר,mature / adult / graduate,boger
3920,בפיתוח,in development / in the development of,bepitu'akh
3920,בפיתוח,in the development,bapitu'akh
3921,בדמות,in the shape of / in the image of,bidmut
3922,ציבור,public,tsibur
3923,נתונה,given / that is situated (f.s.),netuna
3924,מאוחרת,late (f.s.),me'ukheret
3925,מדרגות,stairs,madregot
3926,ייחודי,unique (m.s.),yikhudi
3927,למותו,[to] his death,lemoto
3928,לדעתו,in his opinion,leda'ato
3929,וכו,etc.,vekhulei
3930,עמה,her people / her nation,ama
3930,עמה,with her,ima
3931,עופות,birds,ofot
3932,זמנו,his time,zmano
3933,בולטים,protruding / stand out (m.pl.),boltim
3934,קורס,course,kurs
3935,בשמות,[in] the names of,bishmot
3935,בשמות,[in] names,beshemot
3936,רשמיים,official (m.pl.),rishmiyim
3937,ממצאים,findings,mimtsa'im
3938,לפעולות,to/for actions / to/for operations / to/for the actions of / to/for the operations of,lif'ulot
3938,לפעולות,to/for the actions / to/for the operations,lape'ulot
3939,תוספת,addition / supplement,tosefet
3940,דב,bear,dov
3941,משבר,crisis,mashber
3941,משבר,wave,mishbar
3942,מאותה,from the same (f.s.),me'ota
3943,משטח,surface / plane / platform / smear,mishtakh
3944,למבנה,to/for a building/construction,lemivne
3944,למבנה,to/for the building/construction,lamivne
3945,הקשורות,that are tied / that are linked / that are connected (f.pl.),hakshurot
3946,המבקרים,the visitors / the critics / the inspectors,hamevakrim
3947,חנה,parked,khana
3948,המקורות,the sources / the text,hamekorot
3949,רפואיים,medical (m.pl.),refu'iyim
3950,המתמטי,the mathematical (m.s.),hamatemati
3951,פארק,park,park
3952,ניסויים,experiments / trials,nisuyim
3953,השחייה,the swimming,haskhiya
3954,המרחבי,the spatial,hamerkhavi
3955,הורמונים,hormones,hormonim
3956,העופות,the birds,ha'ofot
3957,האלמוג,the coral,ha'almog
3958,אפשרה,enabled / facilitated (f.s.),ifshera
3959,ידעתי,I knew,yadati
3960,ואלך,and I will go / and I will walk,ve'elekh
3961,והגזיר,and the chip,vehagzir
3962,אתן,you (f.pl.),aten
3962,אתן,I will give,eten
3962,אתן,with them (f.pl.),itan
3963,חפצתי,I wanted,khafatsti
3964,באויר,in the air,ba'avir
3965,שאתם,that you (m.pl.),she'atem
3966,שכבו,lay down (pl.),shakhvu
3967,לשכב,to lie down,lishkav
3968,שמעו,heard (pl.),sham'u
3969,ישבה,sat (f.s.),yashva
3970,אנה,where to,ana
3970,אנה,hither and thither,ane [va'ana]
3971,התסיסה,the fermentation / the unrest,hatsisa
3972,העלמה,Miss / the lass / the maiden,ha'alma
3972,העלמה,hiding / concealing / evasion (tax),ha'alama
3973,לוקח,takes (m.s.),loke'akh
3974,מכבי,Maccabee,makabi
3975,ההיא,that one (f.),hahi
3976,גבו,his back,gabo
3976,גבו,charged / collected (money) (pl.),gavu
3977,סביבו,around him,svivo
3978,פתחה,opened (f.s.),patkha
3979,ברק,lightning,barak
3980,מאמן,trainer / coach,me'amen
3981,קורא,reader / reads / calls (m.s.),kore
3982,ענפים,branches / fields,anafim
3983,האחר,the other (m.s.),ha'akher
3984,ריח,smell / scent / aroma / odor,re'akh
3985,צפוי,expected / anticipated (m.s.),tsafui
3986,מיליארד,billion,milyard
3987,מטוס,airplane,matos
3988,עלולה,might (f.s.),alula
3989,אהבה,love,ahava
3990,הפה,the mouth,hape
3991,נסיון,experience / trial,nisayon
3992,מיום,from [day / date] / from the day [that],miyom
3993,התחילו,started (pl.),hitkhilu
3994,הארוך,the long (m.s.),ha'arokh
3995,הצבע,the color,hatseva
3996,בידו,in his hand / on his hand,beyado
3997,רמה,height / level,rama
3998,לעם,to/for a people,le'am
3998,לעם,to/for the people,la'am
3999,לחברה,[to/for] a company,lekhevra
3999,לחברה,[to/for] the company,lakhevra
3999,לחברה,to/for a friend / to/for a member (f.),lekhavera
3999,לחברה,to/for the friend / to/for the member (f.),lakhavera
4000,להוביל,to lead / to transport,lehovil
4001,להרחיב,to widen / to to broaden,leharkhiv
4002,לבדוק,to examine / to test,livdok
4003,תצוגה,display / show,tetsuga
4004,ואינם,and are not / and are not here (m.pl.),ve'einam
4005,שנמשך,that lasted / that was pulled / that was attracted / that was withdrawn (m.s.),shenimshakh
4006,זמנים,times,zmanim
4007,המחשבה,the thought,hamakhshava
4008,המצויים,that are [at] / the common / the available (m.pl.),hametsuyim
4009,דומות,similar / resembling (f.pl.),domot
4010,דבריו,his words / his things,dvarav
4011,גבוהים,high / tall (m.pl.),gvohim
4012,בלשון,in the language of,bilshon
4012,בלשון,with a tongue,belashon
4012,בלשון,with the tongue,balashon
4013,בשלבים,in stages / in phases,bishlavim
4014,בגודל,at a size of,begodel
4015,מכשולים,obstacles / hurdles,mikhsholim
4016,מצוין,excellent,metsuyan
4017,למאבק,to/for struggle / to/for a fight / to/for a conflict,lema'avak
4017,למאבק,to/for the struggle / to/for the fight / to/for the conflict,lama'avak
4018,למרכז,to a center / to the center of,lemerkaz
4018,למרכז,to the center,lamerkaz
4019,תעופה,aviation,te'ufa
4020,קרני,beams of / rays of / horns of,karnei
4020,קרני,my honor,karni
4021,פתוחים,open (m.p.),ptukhim
4022,פס,stripe / rail,pas
4023,איכות,quality,eikhut
4024,חלונות,windows,khalonot
4025,אחותו,his sister,akhoto
4026,המדיניות,the policy,hamediniyut
4027,התמוטט,collapsed (m.s.),hitmotet
4028,התקבלו,were accepted (pl.),hitkablu
4029,הקרוב,the close / the relative / the next (m.s.),hakarov
4030,העליונות,the supremacy / the superiority,ha'elyonut
4031,האמן,believe (m.s. imperative),ha'amen
4031,האמן,the artist,ha'oman
4032,החיסון,the immunization / the vaccination,hakhisun
4033,בינה,between her,beina
4033,בינה,intelligence / wisdom,bina
4034,בתנועה,in motion / in a movement,bitnu'a
4034,בתנועה,in the motion / in the movement / in traffic,batnu'a
4035,בפיקוד,in the headquarters,bapikud
4035,בפיקוד,under the command of,befikud
4036,בעתיד,in the future,ba'atid
4037,נשקם,their weapon,nishkam
4038,נחשבו,were considered,nekhshevu
4039,למתקפה,on an attack,lemitkafa
4039,למתקפה,on the attack,lamitkafa
4040,תותחים,cannons,totakhim
4041,העקירה,the uprooting / the displacement,ha'akira
4042,צי,navy / armada,tsi
4043,מלחים,salts,melakhim
4043,מלחים,sailors,malakhim
4044,לחמו,fought (pl.),lakhamu
4044,לחמו,his bread,lakhmo
4045,וכלל,and a rule / and [not] at all,veklal
4045,וכלל,and included (m.s.),vekalal
4046,קיצוני,extreme / extremist / radical (m.s.),kitsoni
4047,למדינת,to/for the state of,limdinat
4048,שבויים,prisoners (of war),shvuyim
4049,חמושים,armed (m.pl.),khamushim
4050,הועלו,were raised / were lifted / were increased / were brought up,hu'alu
4051,רובים,rifles,rovim
4052,נתקלו,came up against / bumped into (pl.),nitkelu
4053,לחוף,to a beach / on the beach of,lekhof
4053,לחוף,to the beach,lakhof
4054,התומכים,the supporters,hatomkhim
4055,שניסו,who tried (pl.),shenisu
4056,איים,islands,iyim
4057,אדמות,lands,adamot
4058,דרשו,required / demanded / preached / interpreted (pl.),darshu
4059,בעיקרו,mainly / principally,be'ikaro
4060,פעלה,acted / operated (f.s.),pa'ala
4061,עידן,era,idan
4062,אמונה,faith / belief,emuna
4063,חטיבת,the brigade of / the section of,khativat
4064,באוכלוסייה,in the population,ba'ukhlusiya
4064,באוכלוסייה,in a population,be'ukhlusiya
4065,ניהל,managed / conducted (m.s.),nihel
4066,שהביאה,that/who brought (f.s.),shehevi'a
4067,שנודע,that/who was known / that/who became known (m.s.),shenoda
4068,הממלכה,the kingdom,hamamlakha
4069,מודל,model,model
4070,ובעקבות,and in the footsteps of / and following / and as a result of,ube'ikvot
4071,שפע,plenty,shefa
4071,שפע,yield abundantly,shafa
4072,אישיים,personal,ishiyim
4073,חקירה,investigation / research / inquiry,khakira
4074,חזקים,strong (m.pl.),khazakim
4075,המוכרים,the known / the familiar,hamukarim
4076,השליט,the ruler / the sovereign,hashalit
4077,הקושי,the difficulty / the hardness,hakoshi
4078,הרגליים,the legs,haraglayim
4079,סביר,reasonable / likely (m.s.),savir
4080,משמאל,on the left / from the left,mismol
4081,אלמנטים,elements,elementim
4082,הממוצע,the average,hamemutsa
4083,המשווה,the equator,hamashve
4084,הפרדה,separation,hafrada
4085,האבן,the stone,ha'even
4086,הדגים,demonstrated (m.s.),hidgim
4086,הדגים,the fish (pl.),hadagim
4087,הציור,the painting / the drawing,hatsiyur
4088,דיפלומטיה,diplomacy,diplomatya
4089,בריכוז,at a concentration of,berikuz
4090,סנטימטרים,centimeters,sentimeterim
4091,נוסד,was founded (m.s.),nosad
4092,המצוק,the cliff,hamatsok
4093,במת,stage of,bamat
4094,ליהודי,to/for a Jew,leyehudi
4094,ליהודי,to/for the Jew,layehudi
4095,נציגי,the representatives of,netsigei
4096,אקצה,I will allocate,aktse
4097,חיבר,connected / linked (m.s.),khiber
4098,הגופים,the bodies,hagufim
4099,לבניין,to/for a building / for the building of,lebinyan
4099,לבניין,to/for the building,labinyan
4100,התפתח,developed (m.s.),hitpate'akh
4101,התרחשה,happened / occurred / took place (f.s.),hitrakhasha
4102,נובעת,stems from / derived from / spouts (f.s.),nova'at
4103,ייצוג,representation,yitsug
4104,עצמות,bones,atsamot
4105,חזיר,pig,khazir
4106,האימה,the fear / the terror,ha'eima
4107,ערכים,values,arakhim
4108,בטבע,in nature,bateva
4109,הפרי,the fruit,hapri
4110,יצירותיו,his creations / his works of art / his compositions,yetsirotav
4111,לפיסול,to/for sculpture,lepisul
4111,לפיסול,to/for the sculpture,lapisul
4112,התסריט,the script,hatasrit
4113,האקספרסיוניזם,the expressionism,ha'expresionizm
4114,בפיסול,[in] sculpture,bepisul
4114,בפיסול,[in] the sculpture,bapisul
4115,ביצירה,in a formation / in a creation / in a work of art / in a composition,biytsira
4115,ביצירה,in the formation / in the creation / in the work of art / in the composition,bayetsira
4116,הפותחת,that opens (f.s.),hapotakhat
4117,אסורים,forbidden / imprisoned (m.pl.),asurim
4118,התרופה,the medication / the drug,hatrufa
4119,עירויי,transfusions of,iruyei
4120,כמתאגרף,as a boxer,kemit'agref
4121,בביולוגיה,in biology,bebiologya
4121,בביולוגיה,in the biology,babiologya
4122,חשמלי,electric,khashmali
4123,משחות,creams / ointments,mishkhot
4124,הקרחונים,the icebergs,hakarkhonim
4125,מוטב,preferably / better / beneficiary,mutav
4126,שמתי,I placed / I put,samti
4127,זבובים,flies,zvuvim
4128,הביטו,looked (pl.),hebitu
4129,בדעתי,I intend to,beda'ati
4130,ירוקים,green (m.pl.),yerukim
4131,החולות,the sands,hakholot
4132,מרגיש,feels / senses (m.s.),margish
4133,לבה,her heart,liba
4133,לבה,lava,laba
4134,החובל,the seaman,hakhovel
4135,שקלים,Shekels (Israeli currency),shkalim
4136,כביר,huge / great,kabir
4137,האמיתיים,the real (m.pl.),ha'amitiyim
4138,מוכרח,must (m.s.),mukhrakh
4139,מחסומים,barriers / blocks,makhsomim
4140,חכם,smart / wise,khakham
4141,כתבה,wrote (f.s.),katva
4141,כתבה,reportage,katava
4142,המלאה,the full / the complete (m.s.),hamele'a
4143,למרגלות,at the feet of,lemargelot
4144,אכלו,ate (pl.),akhlu
4145,הישנה,the old (f.s.),hayeshana
4145,הישנה,the sleeping (f.s.),hayeshena
4146,באים,coming (m.pl.),ba'im
4147,להכין,to prepare,lehakhin
4148,התעלה,rose above / excelled (m.s.),hit'ala
4149,בשבוע,in the week / per week,bashavu'a
4149,בשבוע,in a week / per week,beshavu'a
4150,בטקס,in a ceremony,betekes
4150,בטקס,during the ceremony,batekes
4151,להוסיף,to add,lehosif
4152,הלחץ,the pressure / the stress,halakhats
4153,הסוסים,the horses,hasusim
4154,הנפש,the soul / the spirit / the life,hanefesh
4155,בינוני,mediocre,beynoni
4156,רוחות,winds / ghosts,rukhot
4157,נעשית,is done (f.s.),na'aset
4158,מעצמות,great nations,ma'atsamot
4158,מעצמות,of bones,me'atsamot
4159,ידיים,hands,yadayim
4160,לאחת,to/for one (f.),le'akhat
4161,תלויים,are hung / depending on (m.pl.),tluyim
4162,תחושת,feeling of / sensation of,tkhushat
4163,ובלתי,and im- / and in- / and un- / and dis- / and except,uvilti
4164,ובני,and my son,uvni
4164,ובני,and my sons,uvanai
4165,קמה,stood up / woke up / was established (f.s.),kama
4165,קמה,standing corn,kama
4166,העתיד,the future,ha'atid
4167,הגיש,served / submitted / presented (m.s.),higish
4168,הציגו,introduced / displayed / presented / exhibited (pl.),hetsigu
4169,הסכימו,agreed (pl.),hiskimu
4170,במורד,down a,bemorad
4170,במורד,down the,bamorad
4171,בקצב,in a rhythm,beketsev
4171,בקצב,in the rhythm,baketsev
4172,צדקה,charity,tsdaka
4173,סופה,her end / its end,sofa
4173,סופה,storm,sufa
4174,משחת,cream of / ointment of,mishkhat
4175,מפעיל,operates / operator (m.s.),maf'il
4176,מעמדו,his position / his status / his class,ma'amado
4177,מזרחית,eastern / east of (f.s.),mizrakhit
4178,מרחב,space,merkhav
4179,למין,to/for a kind / to/for a species / to/for a gender / to/for a sex,lemin
4179,למין,to/for the kind / to/for the species / to/for the gender / to/for the sex,lamin
4180,לשנה,for the year,lashana
4180,לשנה,for a year / per year,leshana
4181,לעניין,in the matter of,le'inyan
4181,לעניין,to the point,la'inyan
4182,להשתלט,to take control of,lehishtalet
4183,לצדו,by his side,letsido
4184,וטען,and claimed / and argued (m.s.),veta'an
4185,שליד,that/who is near / that/who is next to,sheleyad
4186,שוכן,live / dwell (m.s.),shokhen
4187,שאלות,questions,she'elot
4188,שנעשו,that were done / that/who became,shena'asu
4189,ערי,cities of,arei
4190,חיובית,positive (f.s.),khiyuvit
4191,זרעים,seeds,zra'im
4192,כלכלת,the economy of,kalkalat
4193,המלכותי,the royal (m.s.),hamalkhuti
4194,המחאה,check,hamkha'a
4194,המחאה,the protest,hamekha'a
4195,הפסיק,stopped / ceased (m.s.),hifsik
4196,הפסקת,break of / intermission of,hafsakat
4197,העתידית,the future / the prospective / the futuristic (f.s.),ha'atidit
4198,החלקים,the parts / the smooth / the slippery (m.pl.),hakhalakim
4199,החלפת,replacement of / change of,hakhlafat
4200,הכוכבים,the stars,hakokhavim
4201,בשילוב,in combination,beshiluv
4202,בדרכם,on their way / their way,bedarkam
4203,סופי,final (m.s.),sofi
4204,מברק,telegram,mivrak
4205,ללחימה,for warfare,lilkhima
4205,ללחימה,for the warfare,lalekhima
4206,לדון,to discuss / to judge,ladun
4207,כוחם,their power / their force / their strength,kokham
4208,מצודת,the fortress of / the castle of,metsudat
4209,שופטים,judges,shoftim
4210,פרצה,broke into / broke out / burst (f.s.),paratsa
4211,אספקה,supply,aspaka
4212,המבצע,the operation / the sale,hamivtsa
4213,הקומוניסטים,the communists / the communist (pl.),hakomunistim
4214,להגנת,to/for the defense of,lehaganat
4215,השטחים,the areas / the fields / the territories,hashtakhim
4216,מסים,taxes,misim
4217,שהחלה,that started (f.s.),shehekhela
4218,קיצוניים,extremes / extremists / radicals / radical (m.pl.),kitsoniyim
4219,פיקוד,command,pikud
4220,היסטוריונים,historians,historyonim
4221,העדיפו,preferred (pl.),he'edifu
4222,בשטחי,in the areas of / in the fields of / in the territories of,beshitkhei
4223,נאמנים,loyal / trustees (m.pl.),ne'emanim
4224,מבצעים,who perform (m.pl.),mevats'im
4225,חופי,of a beach,khofi
4226,העיקריות,the main / the principal / the primary (f.pl.),ha'ikariyot
4227,נוקשה,stiff / rigid / tough,nukshe
4228,עוררה,woke / has excited (f.s.),orera
4229,המערביים,the western (m.pl.),hama'araviyim
4230,האחראי,the responsible / the person in charge (m.s.),ha'akhra'i
4231,הצלחת,success of,hatslakhat
4231,הצלחת,the plate,hatsalakhat
4232,רכושם,their property,rekhusham
4233,נמנע,was/is prevented / abstains (m.s.),nimna
4234,ממקום,from a place,mimakom
4234,ממקום,from the place of,mimkom
4235,לרכוש,to acquire,lirkosh
4235,לרכוש,to/for property,lerekhush
4235,לרכוש,to/for the property,larekhush
4236,שנחשב,that/who is considered (m.s.),shenekhshav
4237,אמצע,middle,emtsa
4238,זיכרון,memory,zikaron
4239,הסיפורים,the stories,hasipurim
4240,ביצירתו,in its formation / in its creation / in his artistic work / in his composition,biytsirato
4241,מנהרות,tunnels,minharot
4242,לימוד,study,limud
4243,להב,blade / flame / blaze,lahav
4244,לגידול,for the growth of / for the increase of / [for/to] a tumor,legidul
4244,לגידול,for the growth / for the increase / for the tumor,lagidul
4245,תקופות,periods / eras,tkufot
4246,תפוצה,distribution,tfutsa
4247,תפקידים,roles,tafkidim
4248,שפרסם,that/who published / that/who advertised,shepirsem
4249,המקובלת,the accepted / the conventional / the popular (f.s.),hamekubelet
4250,היותו,being (m.s.),heyoto
4251,הוצע,was proposed / was suggested / was offered,hutsa
4252,הוצב,was posted / was placed (m.s.),hutsav
4253,הפדרציה,the federation,hafederatsya
4254,הערך,the value,ha'erekh
4255,האסלאמית,the Islamic (f.s.),ha'islamit
4256,הבחירה,the selection / the choice,habkhira
4257,הצלחתו,his/its success,hatslakhato
4258,הצורות,the shapes / the forms,hatsurot
4259,ביטויים,expressions,bituyim
4260,בריכות,pools,brekhot
4261,נפוצים,common (m.pl.),nefotsim
4262,הלגיון,the legion,haligyon
4263,בפינת,at the corner of,bepinat
4264,הסלע,the rock,hasela
4265,הלאומיים,the national (m.pl.),hale'umiyim
4266,קפה,coffee,kafe
4267,הצמחייה,the flora,hatsimkhiya
4268,מאידך,on the other hand,me'idakh
4269,מייצרים,produce (m.pl.),meyatsrim
4270,משתתפים,participants / participate (m.pl.),mishtatfim
4271,לגוף,[to/for] a body,leguf
4271,לגוף,to/for the body,laguf
4272,קדומים,ancient (m.pl.),kdumim
4273,התזמורת,the orchestra,hatizmoret
4274,הצבעה,vote / voting / raising a hand / pointing at / indicating,hatsba'a
4275,הפרט,the detail / the individual,haprat
4276,עולמו,his world,olamo
4277,המיניות,the sexuality,haminiyut
4278,בטלוויזיה,on television,batelevizya
4279,מחשב,computer,makhshev
4279,מחשב,calculates (m.s.),mekhashev
4280,בבדיקות,in examinations,bivdikot
4280,בבדיקות,in the examinations,babdikot
4281,לווייתן,whale,livyatan
4282,טורפים,predators,torfim
4283,גזי,gaseous,gazi
4284,קמתי,I stood up / I woke up,kamti
4285,איכפת,care for,ikhpat
4286,כמוך,like you,kamokha
4287,הערת,you woke / you commented (m.s.),he'arta
4287,הערת,you woke / you commented (f.s.),he'art
4287,הערת,comment of,he'arat
4288,הזבוב,the fly,hazvuv
4289,הגון,decent / honest (m.s.),hagun
4290,הרקבון,the decay,harikavon
4291,צלחתי,I crossed / I succeeded,tsalakhti
4291,צלחתי,my plate,tsalakhti
4292,סליחה,excuse me / I'm sorry / forgiveness / pardon,slikha
4293,אליך,to you (m.),elekha
4293,אליך,to you (f.),elaikh
4294,עצה,advice,etsa
4294,עצה,lignin,atse
4295,כעין,as the eye of / like / in the color of,ke'ein
4296,הירוקים,the green (m.pl.),hayerukim
4297,בכבדות,heavily,bikhvedut
4298,צמחו,grew,tsamkhu
4299,בבת,at once,bevat [akhat]
4299,בבת,pupil (of the eye),bavat [ha'ayin]
4300,לקחה,took (m.s.),lakkha
4301,פניה,her face,paneha
4302,הכי,most,hakhi
4303,הדר,glory / splendor / citrus fruits,hadar
4304,בעלה,her husband,ba'ala
4305,כמוהו,like him,kamohu
4306,המסך,the screen / the curtain,hamasakh
4307,הרגע,this moment,harega
4308,באור,in the light,ba'or
4308,באור,in a light / under a light,be'or
4309,טובות,good (f.pl.) / favors,tovot
4310,רץ,runs / runner (m.s.),rats
4311,נעלי,shoes of,na'alei
4312,למשפחה,to/for a family,lemishpakha
4312,למשפחה,to/for the family,lamishpakha
4313,שיכלו,that/who could,sheyakhlu
4314,אט,slowly,at
4315,המפתח,the key,hamafte'akh
4316,בטוח,secure / safe / certain (m.s.),batu'akh
4317,בראשו,in his head / / at its top / led by,berosho
4318,טיפוס,type / climbing,tipus
4319,נשמעו,sounded (pl.),nishme'u
4320,מיון,classification / categorization,miyun
4321,מבוא,introduction / entrance,mavo
4322,לאדמה,to the land / to the earth / to the soil / to the ground,la'adama
4322,לאדמה,to a land / to an earth / to soil / to a ground,le'adama
4323,עיניהם,their eyes,einehem
4324,השיחה,the conversation,hasikha
4325,הניתוח,the surgery,hanitu'akh
4326,לסגור,to close,lisgor
4327,שהדבר,that the thing / that the object / that the matter / that the item,shehadavar
4328,חמים,warm / hot,khamim
4329,נתוני,data of,netunei
4330,נעשים,are done,na'asim
4331,מציע,proposes / suggests / offers (m.s.),metsi'a
4332,ואחת,and one (f.),ve'akhat
4333,שנראה,that/who seems (m.s.),shenir'e
4333,שנראה,that/who seemed (m.s.),shenir'a
4334,קרבה,proximity / relativeness / closeness,kirva
4334,קרבה,getting close / approaches (f.s.),kreva
4335,חיזוק,strengthening,khizuk
4336,המיוחד,the special (m.s.),ha'meyukhad
4337,המגדל,the tower,hamigdal
4338,גג,roof,gag
4339,בתוכה,inside her/it,betokha
4340,ממשלתו,his government,memshalto
4341,מעצר,arrest,ma'atsar
4342,מאמצי,efforts of,ma'amatsei
4343,מאחור,from behind,me'akhor
4344,יצירה,formation / creation / work of art / composition,yetsira
4345,לשרת,to serve,lesharet
4346,להתגבר,to overcome,lehitgaber
4347,לדמות,to resemble,lidmot
4347,לדמות,to imagine / to simulate,ledamot
4348,לדרך,for the road,laderekh
4348,לדרך,to a road / to a way,lederekh
4349,לטענת,according to the claim of / according to the argue of,leta'anat
4350,ובדרום,and in the south,uvadarom
4351,שזו,that this (f.),shezo
4352,קרקעית,ground (adj.) (f.s.) / bottom,karka'it
4353,קצרים,short (m.pl.),katsarim
4354,פתחו,opened (pl.),patkhu
4355,עצמית,self- / auto- (f.s.),atsmit
4356,אליהן,to them (f.),eleihen
4357,כחולים,blue (m.pl.),kkhulim
4358,הליכה,walk,halikha
4359,הכרה,recognition / consciousness,hakara
4360,הברה,syllable,havara
4361,הנוסעים,the passengers / the travelers,hanos'im
4362,גומי,rubber,gumi
4363,בשאלה,in a question,bish'ela
4363,בשאלה,in the question,bashe'ela
4364,נפתחו,opened (pl.),niftekhu
4365,נפט,kerosene / oil,neft
4366,נגזר,cut / decreed / conjugated / derived,nigzar
4367,מושל,governor / governs (m.s.),moshel
4368,מרחבי,spatial,merkhavi
4369,למרחקים,[to] far away,lamerkhakim
4369,למרחקים,to distances,lemerkhakim
4370,לייצור,for the production of,leyitsur
4370,לייצור,for the production,layitsur
4371,לשפר,to improve,leshaper
4372,לשער,to the gate,lasha'ar
4372,לשער,to a gate / to the gate of,lesha'ar
4372,לשער,to assume,lesha'er
4372,לשער,for the hair,lase'ar
4372,לשער,for hair,lese'ar
4373,להבטיח,to promise,lehavti'akh
4374,ויצרו,and created / and made (pl.),veyatsru
4375,שיריו,his songs / his poems,shirav
4376,שעליה,that on her/it / that about her/it / on whom/which / about whom/which (f.s.),she'aleha
4377,שנתן,that/who gave,shenatan
4378,קלים,easy / light weight (m.pl.),kalim
4379,פורסמו,were published / were advertised (f.s.),pursemu
4380,פער,gap,pa'ar
4381,עוברת,passes / crosses / goes through (f.s.),overet
4382,עבורם,for them,avuram
4383,חששו,were worried / feared (pl.),khasheshu
4384,חפצים,items,khafatsim
4384,חפצים,want (m.pl.),khafetsim
4385,המופיעים,who appear / who perform (m.s.),hamofi'im
4386,הופכים,turn / become / transform (m.pl.),hofkhim
4387,הוטל,cast / threw / projected (m.s.),hutal
4388,הוצג,was introduced / was displayed / was presented / was exhibited (m.s.),hutsag
4389,הרוחני,the spiritual,harukhani
4390,במציאות,in reality,bametsi'ut
4391,במסלול,on a course / on a path / on a track,bemaslul
4391,במסלול,on the course / on the path / on the track,bemaslul
4392,ביקורו,his visit,bikuro
4393,בתקווה,in hope that,betikva
4394,בשוק,in shock,beshok
4394,בשוק,at the market,bashuk
4394,בשוק,at a market,beshuk
4395,בחוף,at a beach,bekhof
4395,בחוף,at the beach,bakhof
4396,סל,basket,sal
4397,נעצר,was stopped / was arrested (m.s.),ne'etsar
4398,הסריסים,eunuchs,hasarisim
4399,בידיהם,in their hands,biydehem
4400,להתקפה,to/for an attack,lehatkafa
4400,להתקפה,to/for the attack,lahatkafa
4401,לנתק,to disconnect,lenatek
4402,הסמכות,the authority,hasamkhut
4403,הסובייטי,the soviet (m.s.),hasovyeti
4404,העמדות,the positions,ha'amadot
4405,הבינלאומיות,the international (f.pl.),habeynleumiyot
4406,מסדר,arranges (m.s.),mesader
4406,מסדר,lineup / parade,misdar
4407,למערב,to the west,lama'arav
4408,העממית,the popular / the national / the folk (f.s.),ha'amamit
4409,בשאלת,in regard to / in the question of,bish'elat
4410,בניצחון,in a victory,benitsakhon
4410,בניצחון,in the victory,banitsakhon
4411,לזירה,to an arena / to a scene,lezira
4411,לזירה,to the arena / to the scene,lazira
4412,המודיעין,the information / the intelligence,hamodi'in
4413,התעמולה,the propaganda,hata'amula
4414,מיידית,immediately,miyadit
4415,כיבושה,its occupation,kibusha
4416,היערות,the forests,haye'arot
4417,החיצוניים,the external / the outer (m.pl.),hakhitsoniyim
4418,יעיל,efficient (m.s.),ya'il
4419,שיצרו,that/who created / that/who made (pl.),sheyatsru
4420,שראו,that/who saw (pl.),shera'u
4421,המעמד,the position / the class / the pedestal / the scene,hama'amad
4422,הוצבו,were posted / were placed,hutsvu
4423,בניינים,buildings,binyanim
4424,ראשוני,preliminary / primary / initial,rishoni
4425,נערכה,prepared / made arrangements / was held / was edited (f.s.),ne'erkha
4426,נכנסו,entered (pl.),nikhnesu
4427,שהה,stayed (m.s.),sha'ha
4428,אוניות,ships,oniyot
4429,כלים,articles / dishes / vessels / ware / tools,kelim
4430,המיעוט,the minority,hami'ut
4431,החליף,replaced / changed,hekhlif
4432,בינלאומיים,international (m.pl.),beynleumiyim
4433,באימפריה,in the empire,ba'imperia
4433,באימפריה,in an empire,be'imperia
4434,בנמל,in a harbor,benamal
4434,בנמל,in the harbor,banamal
4435,סכנה,danger / risk / hazard,sakana
4436,נמל,harbor,namal
4437,נוסדה,was founded (f.s.),nosda
4438,נגדו,against him,negdo
4439,מכונות,machines,mekhonot
4440,תעמולה,propaganda,ta'amula
4441,אנדרטה,monument,andarta
4442,המקורית,the original (f.s.),hamekorit
4443,האירוע,the event,ha'eru'a
4444,דאג,was worried / cared for (m.s.),da'ag
4445,בנים,boys / sons,banim
4446,בנוסח,version of / phrased / style of,benosakh
4446,בנוסח,the version of / the style of,banosakh
4447,נמצאות,are found / are [at] (f.pl.),nimtsa'ot
4448,משותפת,common / mutual / shared (f.s.),meshutefet
4449,מערך,array / set,ma'arakh
4450,לקידום,to promote / for the promotion of,lekidum
4451,לפרסם,to publish / to advertise,lefarsem
4452,להבדיל,to differentiate / to separate / to distinguish,lehavdil
4453,ובראשונה,and at the beginning / and for the first time,uvarishona
4454,שנערכה,who prepared / who made arrangements / that was held / that was edited (f.s.),shene'erkha
4455,אוכלוסיות,populations,ukhlusiyot
4456,המיתוס,the myth,hamitos
4457,המועמדים,the applicants / the candidates / the nominees,hamu'amadim
4458,התבטא,expressed himself (m.s.),hitbate
4459,האמיתית,the real (f.s.),ha'amitit
4460,החשובות,the important (f.pl.),hakhashuvot
4461,הרופאים,the physicians,harof'im
4462,הצעות,proposals / suggestions / offers,hatsa'ot
4463,הניסוי,the experiment / the trial,hanisui
4464,הנקרא,that/who is called / that/who is summoned (m.s.),hanikra
4465,בלדר,courier,baldar
4466,בתקופתו,in his time / in his era,bitkufato
4467,בחיי,in my life / upon my word,bekhayai
4467,בחיי,in the life of,bakhayei
4468,ציורים,paintings / drawings,tsiyurim
4469,הקיוסק,the kiosk,hakyosk
4470,הנחלים,the streams,hanekhalim
4471,מהיהודים,from the Jews,mehayehudim
4472,הבונים,the builders,habonim
4473,העבריים,the Hebrew (adj.) (m.pl.),ha'ivriyim
4474,במפעל,in a plant / in a factory,bemif'al
4474,במפעל,in the plant / in the factory,bamif'al
4475,הרומי,the roman (m.s.),haromi
4476,הקדומה,the ancient (f.s.),hakduma
4477,ההלכה,the law / the Halachah (the Jewish law),hahalakha
4478,קומות,floors,komot
4479,האופניים,the bicycle,ha'ofanayim
4480,בנושאי,on the subjects of,benos'ei
4481,זהים,identical (m.pl.),zehim
4482,לפרק,to dismantle,lefarek
4482,לפרק,to/for a chapter / to/for a joint,leperek
4482,לפרק,to/for the chapter / to/for the joint,laperek
4483,תומך,supports (m.s.),tomekh
4484,וכלה,and ending,vekhale
4484,וכלה,and a bride / and a daughter in law,vekala
4485,חברו,joined / associated,khavru
4486,התחנות,the stations / the stops / the bases,hatakhanot
4487,השפיע,had an effect / influenced (m.s.),hishpi'a
4488,הרצון,the will,haratson
4489,ציבורית,public (f.s.),tsiburit
4490,מתחרים,competitors,mitkharim
4491,ייחודית,unique (f.s.),yikhudit
4492,המוביל,the leader / the transporter / the currier (m.s.),hamovil
4493,המשנה,that changes,hameshane
4493,המשנה,the deputy / Mishnah (oral Jewish laws),hamishne
4494,היסודות,the foundations,haysodot
4495,הבדל,difference,hevdel
4496,הספירה,the count,hasfira
4497,נייר,paper,niyar
4498,ניב,dialect / idiom / tusk,niv
4499,ניתנת,is possible / is given (f.s.),nitenet
4500,מסתרי,the mysteries of,misterei
4501,לקולנוע,to/for a cinema,lekolno'a
4501,לקולנוע,to/for the cinema,lakolno'a
4502,דגושה,stressed,dgusha
4503,נהגית,pronounced,neheget
4504,נטיית,inclination of / tendency of / tilt of,netiyat
4505,למדע,to science,lemada
4505,למדע,to the science,lamada
4506,צאצאים,offsprings,tse'etsa'im
4507,המתחרים,the competitors,hamitkharim
4508,החייזרים,the aliens,hakhayzarim
4509,הרהיט,the furniture,harahit
4510,המולקולה,the molecule,hamolekula
4511,הגנים,the gardens / the kindergartens,haganim
4511,הגנים,the genes,hagenim
4512,צחוק,laughter,tskhok
4513,יושבת,sitting / sits (f.s.),yoshevet
4514,באתי,I came,bati
4515,מטילה,casts / throws / projects / lays eggs (f.s.),metila
4516,שבני,that my son,shebni
4517,שצריך,that is needed / that needs,shetsarikh
4518,נער,boy / youngster,na'ar
4519,שעון,clock / watch,sha'on
4520,חולה,sick / patient,khole
4521,הבעל,the owner / the husband,haba'al
4522,הרצפה,the floor,haritspa
4523,הניחו,assumed / placed (pl.),henikhu
4524,לעזרה,for help / for assistance,le'ezra
4525,עוף,bird / poultry,of
4526,אימת,when / fear of,eimat
4527,בקר,beef / cattle / inspector,bakar
4527,בקר,visited / criticized (m.s.),biker
4528,באביב,in the spring,ba'aviv
4528,באביב,in a spring,be'aviv
4529,לעץ,to/for a tree,le'ets
4529,לעץ,to/for the tree,la'ets
4530,קצה,tip / end,katse
4531,אבד,was lost (m.s.),avad
4532,המשמר,the guard,hamishmar
4533,דעתו,his opinion,da'ato
4534,מקלט,shelter,miklat
4534,מקלט,receiver,maklet
4535,לבדו,on his own,levado
4536,אותיות,letters,otiyot
4537,אפור,gray,afor
4538,כולן,everybody (f.),kulan
4539,הודיעה,informed / announced (f.s.),hodi'a
4540,העדיף,preferred (m.s.),he'edif
4541,מחאה,protest,mekha'a
4542,מגיעה,arrives / deserved (f.s.),megi'a
4543,מספרת,tells (f.s.),mesaperet
4543,מספרת,hair salon of,misparat
4544,מנהג,custom / habit,minhag
4545,למקור,to/for a source / to/for a beak,lemakor
4545,למקור,to/for the source / to/for the beak,lamakor
4546,לקנות,to buy,liknot
4547,לאות,as a sign / to a letter / tired (f.pl.),le'ot
4547,לאות,fatigue / tiredness,le'ut
4548,להקל,to relieve / to ease,lehakel
4549,תכלת,light blue,tkhelet
4550,שמירת,keeping of / guarding of / protection of,shmirat
4551,קבורה,burial / buried (f.s.),kvura
4552,פיו,his mouth,piv
4553,איה,where,aye
4554,המוני,crowd of / plenty of,hamonei
4555,האח,the brother / the nurse (m.),ha'akh
4556,הסבר,explanation,hesber
4556,הסבר,explain (m.s. imperative),hasber
4557,במידת,partly / measure of / size of / to some degree / to the extent that,bamidat
4558,בקשה,request,bakasha
4559,בפומבי,in public,befumbi
4560,מלווה,escort,melave
4560,מלווה,creditor,malve
4561,יונקים,mammals,yonkim
4562,לעין,for an eye,le'ayin
4562,לעין,for the eye,la'ayin
4563,לעצמם,for themselves,le'atsmam
4564,לזכר,in memory of,lezekher
4564,לזכר,to/for a male,lezakhar
4564,לזכר,to/for the male,lazakhar
4565,להחליף,to replace / to change / to exchange,lehakhlif
4566,לבתי,for my daughter,lebiti
4567,ולשם,and for / and for the purpose of,uleshem
4567,ולשם,and to/for the name,velashem
4567,ולשם,and [to] there,ulesham
4568,ואשתו,and his wife,ve'ishto
4569,שמדובר,that is said / that is spoken / the subject of the conversation / the topic (m.s.),shemedubar
4570,שי,present,shai
4571,שעשה,that/who did (m.s.),she'asa
4572,שכנו,his neighbor,shkheno
4572,שכנו,lived / dwelt (pl.),shakhnu
4573,קירות,walls,kirot
4574,קבועה,constant / fixed / regular / permanent (f.s.),kvu'a
4575,פגעה,hit / damaged / offended (f.s.),pag'a
4576,איבדה,lost (f.s.),ibda
4577,חומצת,[X] acid,khumtsat
4578,המחבר,the author / that connects,hamekhaber
4579,הישיבה,the meeting / the sitting,hayeshiva
4580,התעשייה,the industry,hata'asiya
4581,הוכרז,was proclaimed / was announced / was declared (m.s.),hukhraz
4582,העירוני,the municipal / the urban (m.s.),ha'ironi
4583,האישה,the woman / the wife,ha'isha
4584,הכנת,preparation of,hakhanat
4585,הגבוהים,the high / the tall (m.s.),hagvohim
4586,בדם,in blood,bedam
4586,בדם,in the blood,badam
4587,ברשת,in the net,bareshet
4587,ברשת,in a net,bereshat
4588,הכף,the spoon / the palm,hakaf
4589,הגשרים,the bridges,hagsharim
4590,באנשי,among the people of,be'anshei
4591,הקורבנות,the victims,hakorbanot
4592,הציר,the axis / the axle / the hinge / the delegate / the sauce / the contraction,hatsir
4593,הסיוע,the aid / the assistance,hasiyu'a
4594,נהנו,enjoyed (pl.),nehenu
4595,לעומק,to a depth / to a depth of,le'omek
4595,לעומק,deep / deeply / in depth / thoroughly,la'omek
4596,לחזית,to the front,lakhazit
4597,צפונית,northern / to the north of,tsfonit
4598,הישג,achievement,heseg
4599,הפוליטיות,the political (f.pl.),hapolitiyot
4600,הפנימית,the internal (f.s.),hapnimit
4601,במפלגה,in a party (political),bemiflaga
4601,במפלגה,in the party (political),bamiflaga
4602,ביבשת,in a continent,beyabeshet
4602,ביבשת,in the continent,bayabeshet
4603,סיור,tour,siyur
4604,ממנהיגי,of the leaders of,mimanhigei
4605,לתוכנית,to/for a program / to/for a plan,letokhnit
4605,לתוכנית,to/for the program / to/for the plan,latokhnit
4606,עשויות,might / made (f.pl.),asuyot
4607,הקדושה,the holy (f.s.),hakdosha
4608,הבניינים,the buildings,habinyanim
4609,באיים,on the islands,ba'iyim
4609,באיים,on islands,be'iyim
4610,נפגעו,were hit / were damaged / were offended (m.s.),nifge'u
4611,מודרניים,modern (m.pl.),moderniyim
4612,מנעו,prevented (pl.),man'u
4613,לכתר,[to] the crown,laketer
4613,לכתר,to besiege / to surround,lekhater
4614,לנצל,to use / to exploit,lenatsel
4615,היסטורית,the history of,historyat
4616,האגדה,the fairy tale / the legend,ha'agada
4617,צדדית,lateral / secondary (f.s.),tsdadit
4618,מתפקידו,[it is] his role,mitafkido
4619,מוסלמי,Muslim (m.s.),muslemi
4620,מסורות,traditions,masorot
4621,לתקופת,to/for a period of / to/for the period of / to/for the era of,letkufat
4622,שערך,who edited / who arranged / who held (m.s.),she'arakh
4622,שערך,that a value / that the value of,she'erekh
4623,שהחלו,that/who started (pl.),shehekhelu
4624,כשנה,approximately one year,keshana
4625,הסיכון,the risk,hasikun
4626,הנחה,assumption / placement / discount,hanakha
4627,רצועת,a strip of,retsu'at
4628,נגרם,was/is caused (m.s.),nigram
4629,מוכר,known / familiar (m.s.),mukar
4629,מוכר,seller / salesman,mokher
4630,ילדות,girls,yeladot
4630,ילדות,childhood,yaldut
4631,למפלגה,to/for parties / to/for the parties of (political),lemiflagot
4631,למפלגה,to/for the parties (political),lamiflagot
4632,לארגון,to/for an organization / to/for the organization of,le'irgun
4632,לארגון,to/for the organization,la'irgun
4633,ושימש,and was used for (m.s.),veshimesh
4634,וכיום,and today / and nowadays,vekayom
4635,ובנו,and his son,uvno
4636,המהגרים,the immigrants,hamehagrim
4637,הקדיש,dedicated / devoted (m.s.),hikdish
4637,הקדיש,the Kaddish (Jewish prayer for the dead),hakadish
4638,בתנועת,in the movement of / in the motion of / in the traffic of,bitnu'at
4639,בוצע,was performed (m.s.),butsa
4640,ברובם,most of them,berubam
4641,מילולי,verbal / literal,miluli
4642,מתון,moderate / mild / calm (m.s.),matun
4643,מעורבות,involvement,me'oravut
4644,מנגנוני,systems of / mechanisms of,manganonei
4645,לעלייה,to/for raising / to/for increase / to/for immigration,le'aliya
4645,לעלייה,to/for the raising / to/for the increase / to/for the immigration,la'aliya
4646,לכלי,to an article / to a dish /to a vessel / to a tool,likhli
4646,לכלי,to the article / to the dish /to the vessel / to the tool,lakli
4647,להפעיל,to operate / to activate,lehaf'il
4648,ומוסדות,and institutes,umosadot
4649,שמקורה,that originated from (f.s.),shemekora
4650,קברו,buried (pl.),kavru
4650,קברו,his grave,kivro
4651,פרויקט,project,proyekt
4652,איור,illustration,iyur
4653,אינדיאנים,Indians,indiyanim
4654,העוסקת,that/who deals / that/who engages / work (f.s.),ha'oseket
4655,ההבדל,the difference,hahevdel
4656,בחירה,selection / choice,bkhira
4657,בחוק,by law,bekhok
4657,בחוק,according to the law / in the law,bakhok
4658,בחריפות,sharply / severely /,bekharifut
4659,סיירת,cruiser,sayeret
4660,הזיהוי,the identification,hazihui
4661,יהודיות,Jewish (adj.) (f.pl.),yehudiyot
4662,יציאה,exit,yetsi'a
4663,המוסדות,the institutes,hamosdot
4664,ישיבת,meeting of,yeshivat
4665,ליהדות,[to] Judaism,layahadut
4666,עפר,earth / soil / dust,afar
4666,עפר,young deer,ofer
4667,מצוות,commandment / good deed / mitzvah,mitsvot
4668,הקיימת,that exists (f.s.),hakayemet
4669,מקובלת,accepted / conventional (f.s.),mekubelet
4670,מרכזיים,central (m.pl),merkaziyim
4671,כיהן,served as / held office,kihen
4672,הוכחה,proof / evidence,hokhakha
4672,הוכחה,was proven (f.s.),hukhekha
4673,הוספת,addition of,hosafat
4674,השפעתו,his effect / his influence,hashpa'ato
4675,משאבים,resources,mash'abim
4676,מסעותיו,his journeys,mas'otav
4677,לאלו,to/for these,le'elu
4678,והגיע,and arrived (m.s.),vehegi'a
4679,הגותו,his meditation / his cogitation,haguto
4680,היהדות,Judaism,hayahadut
4681,במילה,in a word / [in] circumcision,bemila
4681,במילה,in the word / / [in] the circumcision,bamila
4682,מתקיימים,held / carried out / maintained / survive (m.pl.),mitkaymim
4683,שאנו,when we,she'anu
4684,התחייה,the resurrection / the renaissance / the regeneration,hatkhiya
4685,בעידן,in the era,be'idan
4686,תרכובת,compound / composition,tirkovet
4687,חלבון,protein,khelbon
4688,ההחלפה,the change / the replacement,hahakhlafa
4689,קרח,ice,kerakh
4690,האיים,the islands,ha'iyim
4691,לזלול,to overeat / to eat greedily,lizlol
4692,שלכם,yours (m.pl.),shelakhem
4693,שולחן,table / desk,shulkhan
4694,שכחתי,I forgot,shakhakhti
4695,שכבתי,I lay down,shakhavti
4696,זכרוני,my memory,zikhroni
4697,הכלניות,the windflowers,hakalaniyot
4698,הצדה,to the side,hatsida
4698,הצדה,who hunts (f.s.),hatsada
4699,רוחי,my spirit,rukhi
4700,קראתי,I read / I called,karati
4701,חשבתי,I thought,khashavti
4702,אדון,"Sir, mister",adon
4703,כבודו,his honor / his glory / his respect / his dignity,kvodo
4704,הירוקה,the green (f.s.),hayeruka
4705,בך,in you (m.s.),bekha
4705,בך,in you (f.s.),bakh
4706,בתוכי,in me / inside me,betokhi
4707,בשבילך,for you (m.s.),bishvilkha
4707,בשבילך,for you (f.s.),bishvilekh
4708,בריות,creatures / people,briyot
4709,אחריה,after her,akhareha
4710,חסד,charity / kindness / mercy,khesed
4711,הטילה,cast / threw / projected / laid eggs (f.s.),hetila
4712,לבלי,without,livli
4713,עכבישים,spiders,akhvishim
4714,רם,high / tall,ram
4715,לאחור,backward / to the back,le'akhor
4716,ההוא,that one (m.),hahu
4717,רושם,impression,roshem
4717,רושם,writes / takes notes (m.s.),roshem
4718,מכירה,knows / recognizes (f.s.),mekira
4719,מרחוק,from far,merakhok
4720,ממה,what from / from what,mima
4721,יבש,dry,yavesh
4722,לפתע,suddenly,lefeta
4723,קר,cold,kar
4724,אייר,drew / illustrated (m.s.),iyer
4725,אצלו,in his possession / at his place / near him,etslo
4726,החדרים,the rooms,hakhadarim
4727,דק,thin (m.s.),dak
4728,בוא,come (m.s. imperative),bo
4729,בקרוב,soon,bekarov
4730,צעירה,young (f.s.),tse'ira
4731,ממילא,anyway / in any case,mimeyla
4732,מלאים,full / complete (m.pl.),mele'im
4733,מאמינים,believe / believers (m.pl.),ma'aminim
4734,לחייו,to/for his life,lekhayav
4735,להביע,to express,lehabi'a
4736,ולכל,and to all,ulkhol
4737,התשובה,the answer / the reply / the return / the repentance,hatshuva
4738,הקדמונים,the prehistoric / the ancient / the primitive (m.pl.),hakadmonim
4739,הסערה,the storm,hase'ara
4740,דלת,door,delet
4741,ומראה,and a sight / and a view / and an appearance / and shows (m.s.),umar'e
4741,ומראה,ans shows (f.s.) / and a mirror,umar'a
4742,חזרו,returned / repeated (pl.),khazru
4743,אסירים,prisoners,asirim
4744,הלבנים,he white (m.pl.),halevanim
4744,הלבנים,the bricks,halvenim
4745,גרוע,bad (m.s.),garu'a
4746,בקיצור,in short,bekitsur
4747,בקרקע,in a soil / in a ground / in a land,bekarka
4747,בקרקע,in the soil / in the ground / in the land,kakarka
4748,בכירים,seniors,bkhirim
4749,בבני,of my sons,bevanai
4749,בבני,in my son,bivni
4750,ידם,their hand,yadam
4751,שיוכל,that he will be able,sheyukhal
4752,שוות,equal /returning (f.pl.),shavot
4753,פשוטה,simple (f.s.),pshuta
4754,אומרים,say (m.pl.),omrim
4755,חשיפת,exposure of,khasifat
4756,היצור,the creature,hayetsur
4757,העור,the skin,ha'or
4758,החדשות,the new (f.pl.) / the news,hakhadashot
4759,הגעת,the arrival of,haga'at
4759,הגעת,you arrived (m.s.),higata
4759,הגעת,you arrived (f.s.),higaat
4760,הצעה,proposal / suggestion / offer,hatsa'a
4761,הנקבות,the females,hanekevot
4761,הנקבות,the tunnels,hanikbot
4762,בשאר,in the rest,bash'ar
4762,בשאר,in the rest of,bish'ar
4763,סיכון,risk,sikun
4764,ניסתה,tried (f.s.),nista
4765,מיליוני,millions of,milyonei
4766,מתאימים,suitable / appropriate / applicable / identical (m.pl.),mat'imim
4767,מקרי,accidental / random / by chance,mikri
4768,מפנה,evacuates,mefane
4768,מפנה,turn / change,mifne
4769,מראות,views / show (f.pl.) / mirrors,mar'ot
4770,מסגרת,frame / framework,misgeret
4771,ידיעות,news / knowledge,yedi'ot
4772,יסודי,elementary / fundamental / thorough,yesodi
4773,למשפחת,to/for the [name] family / to/for the family of,lemishpakhat
4774,לידיו,to him / into his hands,leyadav
4775,לתושבים,to/for residents,letoshavim
4775,לתושבים,to/for the residents,latoshavim
4776,להתפתח,to develop,lehitpate'akh
4777,להשפיע,to effect / to influence,lehashpi'a
4778,לבקר,to visit / to criticize,levaker
4779,לנושא,to a subject/ to the subject of,lenose
4779,לנושא,to the subject,lanose
4780,לנוכח,in light of,lenokhakh
4781,תורם,donates / contributes / donor (m.s.),torem
4782,תשלום,payment,tashlum
4783,תפילה,prayer,tfila
4784,וכמעט,and almost,vekhim'at
4785,והביא,and brought (m.s.),vehevi
4786,שלטו,ruled / controlled (pl.),shaltu
4787,שופט,judge,shofet
4788,פעולתו,his action / his operation,pe'ulato
4789,עמודים,pages / pillars,amudim
4790,עצמאיים,independent (m.pl.),atsma'iyim
4791,אלימות,violence,alimut
4792,חופשית,free (f.s.),khofshit
4793,אריה,lion,arye
4794,המאפשר,that enables / that facilitates (m.s.),hame'afsher
4795,המצודה,the fortress / the castle,hametsuda
4796,הירח,the moon,hayare'akh
4797,התותחים,the cannons,hatotakhim
4798,הופעתו,his appearance,hofa'ato
4799,הודיעו,informed (pl.),hodi'u
4800,השליטה,the control,hashlita
4801,הקרח,the ice,hakerakh
4802,האוצר,the treasure,ha'otsar
4803,החזקה,the strong (f.s.),hakhazaka
4803,החזקה,holding / keeping / maintenance,hakhzaka
4804,האדומים,the red (m.pl.),ha'adumim
4805,הדתית,the religious (f.s.),hadatit
4806,הרבות,the many (f.pl.),harabot
4807,הציב,placed / posted (m.s.),hetsiv
4808,הנודע,the famous / the known,hanoda
4809,הנקודות,the points / the dots,hanekudot
4810,הנבחרים,the elected / the selected (m.pl.),hanivkharim
4811,גלי,waves of,galei
4811,גלי,discover / disclose (f.s. imperative) / in a wave form,gali
4812,במדיניות,[in] a policy,bimdiniyut
4812,במדיניות,[in] the policy,bamediniyut
4813,בענפי,[in] the branches of / in the fields of,be'anfei
4814,טבעו,his nature,tiv'o
4814,טבעו,drowned (pl.),tav'u
4815,צליל,sound,tslil
4816,נובע,stems from / derived from / spouts (m.s.),nove'a
4817,נכונות,correct / ready (f.pl.),nekhonot
4817,נכונות,readiness / willingness,nekhonut
4818,נס,miracle,nes
4819,עבדות,slavery,avdut
4820,המבצרים,the forts,hamivtsarim
4821,התגבורת,the reinforcement / the contingent,hatigboret
4822,הדייל,the steward,hadayal
4823,פרשים,riders (horse) / cavaliers,parashim
4824,אווירית,aero- / aerial (f.s.),avirit
4825,האבירים,the knights,ha'abirim
4826,כבדות,heaviness,kvedut
4826,כבדות,heavy (f.pl.),kvedot
4827,גרילה,guerrilla,gerila
4828,התקווה,the hope / Hatikva (the anthem of Israel),hatikva
4829,השאיר,left (m.s.),hish'ir
4830,בשלטון,in power,bashilton
4830,בשלטון,under the rule of,beshilton
4831,הדרומיים,the southern (m.pl.),hadromiyim
4832,במתקפה,in/under an attack,bemitkafa
4832,במתקפה,in/under the attack,bamitkafa
4833,יומיים,two days,yomayim
4834,לצפון,to the north,latsafon
4834,לצפון,to the north of,litsfon
4835,שלמות,perfection / integrity,shlemut
4836,שאנשי,that the people of,she'anshei
4837,הפרשים,differences,hefreshim
4837,הפרשים,the riders (horse) / the cavaliers,haparashim
4838,הכלכלה,the economy,hakalkala
4839,ההוצאה,the removal / the expense / the edition / the publishing house,hahotsa'a
4840,בשורת,news of,besorat
4840,בשורת,in the line of,beshurat
4841,למלחמת,to the war of,lemilkhemet
4842,אזרחית,citizen / civil (f.s.),ezrakhit
4843,הורשו,were allowed [to],hurshu
4844,החיצונית,the external / the outer (f.s.),hakhitsonit
4845,הצו,the order,hatsav
4846,מדיני,political (m.s.),medini
4847,לפעולה,for action / for operation,lif'ula
4847,לפעולה,to/for the action / to/for the operation,lape'ula
4848,לבסס,to establish / to base,levases
4849,ואלו,and these,ve'elu
4850,המנהיג,the leader,hamanhig
4851,גשרים,bridges,gsharim
4852,מאלו,from these,me'elu
4853,לתפוס,to catch / to capture / to grasp / to seize / to perceive,litpos
4854,לשחרור,to/for the liberation / to/for the release,lashikhrur
4855,תוקף,attacks / attacker (m.s.),tokef
4855,תוקף,validity,tokef
4856,פנימי,internal (m.s.),pnimi
4857,חרף,despite,kheref
4858,כמפקד,as a commander / as the commander of,kimfaked
4859,הוצא,was spent / was taken out / was removed (m.s.),hutsa
4860,הכלכלית,the economic (f.s.),hakalkalit
4861,הצפוניים,the northern (m.pl.),hatsfoniyim
4862,הסחר,the trade,hasakhar
4863,בל,not / do not,bal
4864,נוחה,comfortable (f.s.),nokha
4865,נוצרי,Christian (m.s.),notsri
4866,נקט,took (action / step) (m.s.),nakat
4867,ממספר,numbers (v.) (m.s.) / numerator,memasper
4867,ממספר,from the number / from a number,mimispar
4868,מעיד,testifies,me'id
4869,להתאים,to fit / to match / to suit,lehat'im
4870,תומכים,supporters,tomkhim
4871,וביניהם,and between them,uveynehem
4872,חריפה,hot / severe (f.s.),kharifa
4873,היבשת,the continent,hayabeshet
4874,דגש,stress / emphasis,dagesh
4875,באורך,at a length of,be'orekh
4876,נוספו,were added,nosfu
4877,נטייה,inclination / tendency / tilt,netiya
4878,מחתרת,underground,makhteret
4879,לביקורת,to/for criticism / to/for inspection,lebikoret
4879,לביקורת,to/for the criticism / to/for the inspection,labikoret
4880,תערובת,mix,ta'arovet
4881,שרף,burned (m.s.) / resin / angel,saraf
4882,אמירה,saying (n.),amira
4883,אלמוגי,the corals of,almogei
4884,המבוססת,that is based / the well established / the well based (f.s.),hamevuseset
4885,המסחרי,the commercial,hamiskhari
4886,היישובים,the settlements,hayeshuvim
4887,הלהב,the blade,halahav
4888,הוצגה,was introduced / was displayed / was presented / was exhibited (f.s.),hutsga
4889,הקרובה,the close / the relative (f.s.),hakrova
4890,הענקים,the giant (adj.) / the giants (n.) / the necklaces,ha'anakim
4891,האומה,the nation,ha'uma
4892,הכוונה,the intention / the meaning,hakavana
4892,הכוונה,guidance / direction,hakhvana
4893,ההנהגה,the leadership,hahanhaga
4894,הבסיסית,the basic (f.s.),habsisit
4895,הנהלת,the management of,hanhalat
4896,באסלאם,in the Islam,ba'islam
4897,בנפרד,separately,benifrad
4898,קלעי,marksman,kala'i
4899,ההבלגה,the restraint,hahavlaga
4900,אחוזת,mansion of / estate of / possessed by / stricken by (f.s.),akhuzat
4901,קרבית,combat (adj.) (f.s.),kravit
4902,לאומית,national (f.s.),le'umit
4903,תיבות,boxes / cases / arks,teyvot
4904,תלמידי,students of,talmidei
4905,עדות,evidence / testimony,edut
4906,שאותם,whom / that the same (m.pl.),she'otam
4907,שאחד,that one,she'ekhad
4908,אחוזי,percentage of / possessed by / stricken by (m.pl.),akhuzei
4909,הייחודי,the unique,ha'ykhudi
4910,מוצגים,are introduced / are displayed / are presented / are exhibited / exhibits (m.pl.),mutsagim
4911,לחזות,to watch / to predict,lakhazot
4912,המנוע,the engine,hamano'a
4913,הוויכוח,the argument / the dispute,haviku'akh
4914,הקיים,that exists (m.s.),hakayam
4915,מורכבות,complexity,murkavut
4915,מורכבות,complex / composed of (f.pl.),murkavot
4916,תסיסה,fermentation / unrest,tsisa
4917,קשריו,his/its ties / his/its bonds / his/its links / his/its connections,ksharav
4918,עולמי,my world / global / universal (m.s.),olami
4919,אלוהי,the god of,elohei
4919,אלוהי,my god,elohai
4919,אלוהי,the scout / the ranger / the observer / the spectator / that/who observes / that/who,
4920,הצופה,hatsofe,
4920,הצופה,watches (m.s.),
4920,הצופה,the scout / the ranger / the observer / the spectator / that/who observes / that/who,
4920,הצופה,hatsofa,
4920,הצופה,watches (f.s.),
4921,הקלפי,the poll / the polling booth,hakalpi
4922,ביוגרפיה,biography,biyografya
4923,סימון,marking,simun
4924,למחקר,for research / for a study,lemekhkar
4924,למחקר,for the research / for the study,lamekhkar
4925,תמונת,picture of,tmunat
4926,צולם,was photographed,tsulam
4927,אופקים,horizons / knowledge,ofakim
4928,ההגייה,the pronunciation,hahagiya
4929,נמרוד,we will rebel,nimrod
4930,להקת,band of,lahakat
4931,לביקורות,to/for criticism / to/for inspections,lebikorot
4931,לביקורות,to/for the criticism / to/for the inspections,labikorot
4932,מתמטית,mathematical (f.s.),matematit
4933,חיוביות,positive (f.pl.),khiyuviyot
4934,אקולוגיה,ecology,ha'ekologya
4935,בסיבוב,in a rotation / in a revolution,besivuv
4935,בסיבוב,in the rotation / in the revolution,basivuv
4936,השאול,the borrowed,hasha'ul
4936,השאול,hell,hash'ol
4937,הסיוף,the fencing,hasiyuf
4938,גדילה,growth,gdila
4939,הנפוצים,the common (m.pl.),hanefotsim
4940,הפחמן,the carbon,hapakhman
4941,קרחונים,icebergs,karkhonim
4942,ממך,from you (m.s.),mimkha
4942,ממך,from you (f.s.),mimekh
4943,מודה,thanks / confesses (m.s.),mode
4943,מודה,thanks / confesses (f.s.),moda
4944,עשיתי,I did,asiti
4945,שכב,lay down (m.s.),shakhav
4946,ההשגחה,the supervision / Providence,hahashgakha
4947,המעצר,the arrest,hama'atsar
4948,למראה,at a sight / at the sight of,lemar'e
4948,למראה,at/to the sight,lamar'e
4948,למראה,to a mirror / at her sight,lemar'a
4948,למראה,to the mirror,lamar'a
4949,ליער,to a forest,leya'ar
4949,ליער,to the forest,laya'ar
4950,שאי,that an island / that is not,she'i
4951,מהו,what is,mahu
4952,לדאוג,to worry,lid'og
4953,ובכלל,and in general,uvikhlal
4954,הנפט,the kerosene / the oil,haneft
4955,מעניין,interesting,me'anyen
4956,מענה,answer / reply,ma'ane
4956,מענה,tortures / torments (m.s.),me'ane
4957,להניע,to move,lehani'a
4958,שאלו,asked / borrowed (pl.),sha'alu
4959,אוהב,loves (m.s.),ohev
4960,המועד,the time / the holiday,hamo'ed
4960,המועד,that is prone to (m.s.),hamu'ad
4961,בבכי,tearfully,bivkhi
4962,מלוא,fullness / to a full / full,melo
4963,מתושבי,from the residents of,mitoshvei
4964,לחדר,to the room,lakheder
4965,להפסקת,to/for the break of / to/for the intermission of,lehafsakat
4966,ודרך,and through / and via / and way / and road,vederekh
4966,ודרך,and stepped [on] (m.s.),vedarakh
4967,אמון,trust,emun
4967,אמון,training / practice,imun
4968,זר,foreign / stranger,zar
4969,חצות,midnight,khatsot
4970,החזיר,returned / gave back,hekhzir
4971,הגוזלים,the nestlings,hagozalim
4971,הגוזלים,that are robbing,hagozlim
4972,הניח,assumed / placed (m.s.),heni'akh
4973,גב,back,gav
4974,צומחים,grow (m.pl.),tsomkhim
4975,סר,moved away / dropped in / was removed / sullen (m.s.),sar
4976,נוהג,drives / uses to (m.s.),noheg
4976,נוהג,custom,nohag
4977,מלאכה,work / craft,melakha
4978,משל,of / belongs to,mishel
4978,משל,proverb / allegory / example,mashal
4979,משאר,from the rest,mish'ar
4980,מקורו,its source / his/its origin (m.s.),mekoro
4980,מקורו,its beak,makoro
4981,מאמרים,articles,ma'amarim
4982,ישנו,there is (m.s.),yeshno
4983,וראה,and saw (m.s.),vera'a
4984,שד,devil,shed
4984,שד,breast,shad
4985,פרשה,affair / chapter / portion,parasha
4985,פרשה,retired (f.s.),parsha
4986,אוטומטי,automatic,otomati
4987,חשובות,important (f.pl.),khashuvot
4988,חריף,hot / severe (m.s.),kharif
4989,התרשם,was impressed / got the impression,hitrashem
4990,ההפרדה,the separation,hahafrada
4991,הרעיונות,the ideas,hara'ayonot
4992,הצמח,the plant,hatsemakh
4993,גישור,bridging,gishur
4994,במוח,in a brain,bemo'akh
4994,במוח,in the brain,bamo'akh
4995,ביקורות,criticism / inspections,bikorot
4996,בלוח,on a board,belu'akh
4996,בלוח,on the board,balu'akh
4997,בכדור,with a ball / in a pill,bekadur
4997,בכדור,with the ball / in the pill,bakadur
4998,רופא,physician,rofe
4999,צפויה,expected / anticipated (f.s.),tsfuya
5000,סחורות,goods / merchandise,skhorot
5001,מוביל,leader / transporter / currier (m.s.),movil
5002,מוצלחת,successful (m.s.),mutslakhat
5003,משקה,drink,mashke
5004,יגאל,will redeem (m.s.),yig'al
5005,למדינות,to states,limdinot
5005,למדינות,to the states,lamedinot
5006,לשתף,to share / to let join / to let participate,leshatef
5007,לפועל,to/for the worker,lapo'el
5007,לפועל,into action,lafo'al
5008,לעומתם,compared with them / against them / opposite them (m.),le'umatam
5009,לכוח,to power / to force / to strength,leko'akh
5009,לכוח,to the power / to the force / to the strength,lako'akh
5010,להצטרף,to join,lehitstaref
5011,לדיון,for discussion,lediyun
5011,לדיון,to/for the discussion,ladiyun
5012,ויכוח,argument / dispute,viku'akh
5013,ועליו,and on him/it / and about him/it,ve'alav
5014,שלמים,whole / complete (m.pl.),shlemim
5015,שהתקיימה,that was held / that existed / that survived (f.s.),shehitkayma
5016,שרידים,remnants / survivors,sridim
5017,שנשא,that/who carried / who married (m.s.),shenasa
5018,עזבו,left (pl.),azvu
5019,עבדים,slaves,avadim
5020,איתן,with them (f.),itan
5020,איתן,strong / firm,eitan
5021,אחריהם,after them (m.),akharehem
5022,אבות,fathers / ancestors / Avot,avot
5023,כוכבי,stars of,kokhvei
5024,כשהיה,when there was,keshehaya
5025,התמונה,the picture / the photo,hatmuna
5026,התייחסו,treated / referred to / applied (pl.),hityakhasu
5027,הושלמה,was completed (f.s.),hushlema
5028,השופטים,the judges,hashoftim
5029,הפיק,produced,hefik
5030,הערכות,assessments / estimations / appreciations / credits,ha'arakhot
5031,האזרחית,the citizen / the civil (f.s.),ha'ezrakhit
5032,הכוללים,that include (m.pl.),hakolelim
5033,הבניה,the building (n.),habniya
5034,גנים,gardens / kindergartens,ganim
5034,גנים,genes,genim
5035,במכתב,in a letter,bemikhtav
5035,במכתב,in the letter,bamikhtav
5036,באוניברסיטה,at/in the university,ba'universita
5036,באוניברסיטה,at/in a university,be'universita
5037,בגודלה,[in her] size,begodla
5038,צורתו,its shape / its form,tsurato
5039,נמנה,is included [in] / was counted (m.s.),nimna
5040,נכנע,surrendered (m.s.),nikhna
5041,המחלוקת,the dispute,hamakhloket
5042,העקורים,the uprooted / the displaced (m.pl.),ha'akurim
5043,העימות,the conflict,ha'imut
5044,הנגד,the opposition,haneged
5044,הנגד,the resistor / the non commissioned officer,hanagad
5045,לוחמת,warrior (f.s.),lokhemet
5046,חציית,crossing of,khatsiyat
5047,המאמץ,the effort,hama'amats
5048,השושלת,the dynasty,hashoshelet
5049,החודשים,the months,hakhodashim
5050,משמעותיים,significant (m.pl.),mashma'utiyim
5051,לוחמה,warfare,lokhama
5052,תקפו,attacked (pl.),takfu
5053,קרויה,is called (f.s.),kruya
5054,מכרעת,decisive / crucial (f.s.),makhra'at
5055,למחנה,to/for a camp / to/for a group,lemakhane
5055,למחנה,to/for the camp / to/for the group,lamakhane
5056,לביצוע,to the performance of / to the execution of / to be performed,lebitsu'a
5057,ונשים,and women,ve'nashim
5058,שיט,cruise,shayit
5059,שהוציא,that took out / that removed / that spent / that published (m.s.),shehotsi
5060,הזדמנות,opportunity,hizdamnut
5061,גורלו,his fate,goralo
5062,גברה,overcame / defeated (f.s.),gavra
5063,בשפת,in the language of / on the edge of,bisfat
5064,בפגישה,at/in a meeting,bepgisha
5064,בפגישה,at/in the meeting,bapgisha
5065,ניכרים,obvious / evident (m.pl.),nikarim
5066,משפטית,judicial / statutory / forensic,mishpatit
5067,מקביל,parallel (m.s.),makbil
5068,למניעת,for the prevention of,lemeni'at
5069,חמוש,armed (m.s.),khamush
5070,ארגונים,organizations,irgunim
5071,כוונה,intention / meaning,kavana
5072,המזכירים,that remind (m.pl.) / the secretaries (m.),hamazkirim
5073,ההמונים,the crowd / the many,hahamonim
5074,הגיב,responded,hegiv
5075,הגרעין,the grain / the nucleus,hagar'in
5076,דורש,demands / requires (m.s.),doresh
5077,גדות,banks / shores,gadot
5078,ניצחונו,we won,nitskhunu
5079,משולש,triangle,meshulash
5080,תיקון,correction / repair,tikun
5081,פופולרי,popular (m.s.),populari
5082,עז,goat,ez
5083,חוקיות,legal (f.pl.),khukiyot
5084,חודשי,monthly,khodshi
5084,חודשי,the months of,khodshei
5085,כאמצעי,as means,ke'emtsa'i
5085,כאמצעי,as means of,ke'emtsa'ei
5086,כבסיס,as a basis,kevasis
5086,כבסיס,as the basis,kabasis
5087,הלימודים,the studies,halimudim
5088,הפעלת,operation of / activation of,haf'alat
5089,האפיפיור,the Pope,ha'apifyor
5090,הרווחת,you earned / you gained (m.s.),hirvakhta
5090,הרווחת,you earned / you gained (f.s.),hirvakht
5091,בהכרח,necessarily,behekhrakh
5092,בנשים,among the women,banashim
5092,בנשים,among women,benashim
5093,טכנולוגיות,technologies,tekhnologyot
5094,ממקור,from a source / from an origin,mimakor
5095,מתמטיים,mathematical (m.pl.),matematiyim
5096,מתרחש,happening (m.s.),mitrakhesh
5097,מועמד,applicant / candidate / nominee (m.s.),mu'amad
5098,משורר,poet,meshorer
5099,מעשית,practical (f.s.),ma'asit
5100,מערבי,western (m.s.),ma'aravi
5101,מזרחי,eastern (m.s.),mizrakhi
5102,מדרגת,stair of,madregat
5102,מדרגת,from a degree of / from a level of / from a rank of,midargat
5103,מרכזית,central (f.s.),merkazit
5104,למזרח,to the east,lamizrakh
5105,לשימור,for conservation,leshimur
5106,לשתות,to drink,lishtot
5107,לקבוצות,to/for groups,lekvutsot
5107,לקבוצות,to/for the groups,lakvutsot
5108,לערך,approximately / around / roughly / to a value,le'erekh
5109,לדמוקרטיה,to/for a democracy,ledemokratya
5109,לדמוקרטיה,to/for democracy,lademokratya
5110,ונחשב,and is considered,venekhshav
5110,ונחשב,and we will calculate,venekhashev
5111,שטרות,bills,shtarot
5112,שנבנו,that were built,shenivnu
5113,קשור,tied / linked / connected (m.s.),kashur
5114,קדוש,holy,kadosh
5115,פולחן,rite / ritual / sacramental,pulkhan
5116,כינוי,nickname,kinui
5117,כריתת,cutting down of / amputation of,kritat
5118,המרחב,the space,hamerkhav
5119,התרבותי,the civilized / the cultural / the cultivated,hatarbuti
5120,השוואה,comparison,hashva'a
5121,השגרירות,the embassy,hashagrirut
5122,הפופולריות,the popularity,hapopulariyut
5122,הפופולריות,the popular (f.pl.),hapopulariyot
5123,הזיכרון,the memory,hazikaron
5124,הצומח,that grows / the flora,hatsome'akh
5125,במרבית,in most of,bemarbit
5126,בורות,holes / pits,borot
5126,בורות,ignorance,burut
5127,בשירות,in the service,basherut
5127,בשירות,in a service / in/at the service of,besherut
5128,בעיית,the problem of,be'ayat
5129,רישומים,records / sketches,rishumim
5130,נפרדים,separated / individual (m.pl.),nifradim
5131,ביהודי,among the Jews of,beyehudei
5132,לנחל,to a stream,lenakhal
5132,לנחל,to the stream,lanakhal
5133,סמלים,symbols,smalim
5133,סמלים,sergeants,samalim
5134,עיתון,newspaper,iton
5135,ראייה,sight / eye sight / vision / seeing,re'iya
5136,המסמך,the document,hamismakh
5137,תלמידים,students,talmidim
5138,רכישת,acquisition of / purchase of,rekhishat
5139,הבאר,the well,ha'be'er
5140,בשנותיו,in/at his years,bishnotav
5141,וכיצד,and how,vekeytsad
5142,שיקום,rehabilitation / reconstruction,shikum
5143,זנב,tail,zanav
5144,מסלולים,courses / paths / tracks,maslulim
5145,ושיטות,and methods,veshitot
5146,פרישתו,his retirement,prishato
5147,אימוני,training of / practice of,imunei
5148,חילוף,change / exchange,khiluf
5149,כמעין,like,keme'ein
5150,היין,the wine,hayayin
5151,הושפע,was influenced / was affected,hushpa
5151,הושפע,the scouts / the rangers / the observers / the spectators / that/who observe / that/who,
5152,הצופים,hatsofim,
5152,הצופים,watch (m.pl.),
5153,נולדה,was born (f.s.),nolda
5154,נחש,snake,nakhash
5155,העבודות,the works / the jobs,ha'avodot
5156,פילוסופים,philosophers,filosofim
5157,ביכולתו,he is able [to] / within his power,biykholto
5158,אבולוציה,evolution,evolutsia
5159,השייכות,the relevance / the relation / the ownership,hashayakhut
5159,השייכות,that/who belong (f.pl.),hashayakhot
5160,בילה,had fun / spent time (m.s.),bila
5161,בתערוכה,in a show / in an exhibition,beta'arukha
5161,בתערוכה,in the show / in the exhibition,bata'arukha
5162,המכירות,the sales,hamekhirot
5163,מתמטי,mathematical (m.s.),matemati
5164,הרפואה,the medicine,harefu'a
5165,פסלי,statues of / sculptures of,pislei
5166,מינית,sexual / sexually / you appointed (f.s.),minit
5166,מינית,you appointed (m.s.),minita
5167,בסרטן,[in] a crab / [in] cancer,besartan
5167,בסרטן,[in] the crab / [in] the cancer,basartan
5168,לאלים,to/for the gods,la'elim
5168,לאלים,to/for gods,le'elim
5168,לאלים,to/for the violent,la'alim
5168,לאלים,to/for a violent,le'alim
5169,המדידה,the measurement / the measuring,hamedida
5170,הביולוגי,the biological,habiyologi
5171,רקמות,tissues,rekamot
5171,רקמות,embroideries,rikmot
5172,הגנטי,the genetic (m.s.),hageneti
5173,חרקים,insects,kharakim
5174,הארוחה,the meal,ha'arukha
5175,הבישול,the cooking,habishul
5176,מחשבות,thoughts,makhshavot
5177,ואמנם,and indeed,ve'omnam
5178,ואביט,and I will look,ve'abit
5179,קיבה,stomach,keyva
5180,עף,flew (m.s.),af
5181,עט,pen,et
5181,עט,swooped down,at
5182,אתכם,with you (m.pl.),itkhem
5182,אתכם,you (m.pl.),etkhem
5183,המלוה,the escort,hamlave
5183,המלוה,the creditor,hamalve
5184,המחרת,the next day,hamokhorat
5185,העופרת,the lead,ha'oferet
5186,החלותי,I started,hakhiloti
5187,ביציע,in a gallery / in a wing,beyatsi'a
5187,ביציע,in the gallery / in the wing,bayatsi'a
5188,רטן,grumbled / complained (m.s.),ratan
5189,צחקו,laughed (pl.),tsakhaku
5190,צרצר,cricket,tsratsar
5191,במחשבות,in thoughts,bemakhshavot
5191,במחשבות,in the thoughts,bamakhshavot
5192,בחוץ,outside,bakhuts
5193,רגעים,moments,rega'im
5194,מצבי,my state / my situation,matsavi
5195,קרבי,combat (adj.) (m.s.),kravi
5196,כדאי,worthwhile,kedai
5196,כדאי,it is worthwhile,keda'i
5197,הכרטיסים,the tickets,hakartisim
5198,יכולתי,my ability / my capability,yekholti
5198,יכולתי,I could,yakholti
5199,עמל,work / suffering / worked hard,amal
5199,עמל,worker / works hard,amel
5200,אמי,my mother,imi
5201,חשבו,thought (pl.),khashvu
5202,מכירים,know / recognize (m.pl.),mekirim
5203,פרסומת,advertisement / commercials,pirsomet
5204,השניה,the second / the other,hashniya
5205,הדלתות,the doors,hadlatot
5206,גופי,my body,gufi
5207,גור,cub / puppy,gur
5208,ברעב,in hunger,bera'av
5209,מלמעלה,from above,milemala
5210,מזמן,long time ago,mizman
5211,מאליו,by itself,me'elav
5212,הביצה,the egg,habeytsa
5212,הביצה,the swamp,habitsa
5213,באין,without,be'ein
5214,משלי,of mine,misheli
5214,משלי,proverbs of / Book of proverbs,mishlei
5215,מחירי,prices of,mekhirei
5216,מאלה,from these,me'ele
5217,מכוסה,covered (m.s.),mekhuse
5218,לענות,to answer,la'anot
5218,לענות,to torture / to torment,le'anot
5219,לביתו,to/for his home,leveito
5220,לסיים,to finish,lesayem
5221,הקרובים,the close / the relatives (m.pl.),hakrovim
5222,ההשקעה,the investment,hahashka'a
5223,מכירת,sale of,mekhirat
5224,מסייע,assists / helps (m.s.),mesaye'a
5225,מסביר,explains (m.s.),masbir
5226,תכופות,frequently,tkhufot
5227,שבכל,that in all,shebekhol
5228,חשד,suspected (m.s.) / suspicion,khashad
5229,המאכלים,the food / the dishes,ha'ma'akhalim
5230,העולה,the rising / the climbing / the immigrant (m.s.),ha'ole
5230,העולה,the rising / the climbing / the immigrant (f.s.),ha'ola
5231,ממוגן,protected / shielded (m.s.),memugan
5232,מסך,screen / display / curtain,masakh
5233,יק,yak,yak
5234,ידו,his hand,yado
5235,לפרלמנט,to/for a parliament,leparlament
5235,לפרלמנט,to/for the parliament,laparlament
5236,לרוח,to the wind / to/for the spirit,laru'akh
5236,לרוח,to a wind / to/for a spirit,leru'akh
5237,תחושה,feeling / sensation,tkhusha
5238,שכבה,lay down (f.s.),shakhva
5238,שכבה,layer,shikhva
5239,שבתוך,that is inside,shebetokh
5240,עמדתו,his position,emdato
5241,עשיר,rich (m.s.),ashir
5242,אגדה,fairy tale / legend,agada
5243,המלאכה,the work / the craft,hamelakha
5244,המוצא,the way out / the origin,hamotsa
5245,השלבים,the stages / the phases / the rungs,hashlabim
5246,הרוחות,the winds,harukhot
5247,הרבנים,the rabbis,harabanim
5248,במגרש,in a field / in a yard,bemigrash
5248,במגרש,in the field / in the yard,bamigrash
5249,בתוקף,valid / firmly / assertively,betokef
5250,בשער,at the gate,basha'ar
5250,בשער,at the gate of,besha'ar
5251,בעין,in/with an eye,be'ayin
5251,בעין,in/with the eye,ba'ayin
5252,ריצת,run of,ritsat
5253,סגורה,closed (f.s.),sgura
5254,משתנים,variables / vary / change (m.pl.),mishtanim
5255,מעריכים,estimate / value / appreciate (m.pl.),ma'arikhim
5256,מחסה,shelter,makhase
5257,למסקנה,to a conclusion,lemaskana
5257,למסקנה,to the conclusion,lamaskana
5258,לקום,to stand up / to wake up,lakum
5259,לקדם,to promote / to welcome,lekadem
5260,לבטל,to cancel,levatel
5261,לסדרת,to a series of / to the series of,lesidrat
5262,ובמשך,and during,uvemeshekh
5263,ובשל,and because of,ubeshel
5263,ובשל,and ripe,ubashel
5263,ובשל,and cooked (m.s.),vebishel
5264,עטיפת,wrapping of,atifat
5265,אמיתית,real (f.s.),amitit
5266,איטי,slow,iti
5267,חלום,dream,khalom
5268,חוקרי,investigators of / researchers of,khokrei
5269,חוקר,investigator / researcher / investigates / researches / inquires (m.s.),khoker
5270,אחיה,her brother,akhiha
5271,אחוזים,percentage / possessed / stricken (m.pl.),akhuzim
5272,כשלון,failure,kishalon
5273,כשר,kosher,kasher
5274,ככלי,as an article,kikhli
5274,ככלי,as articles / as the articles of,kikhlei
5275,כהונתו,his cadence / his tenure,kehunato
5276,המודעות,the notices / the ads,hamoda'ot
5276,המודעות,the awareness,hamuda'ut
5276,המודעות,that are aware (f.pl.),hamuda'ot
5277,המגן,the defender / the shield,hamagen
5278,היציאה,the exit,hayetsi'a
5279,השוטרים,the policemen,hashotrim
5280,הפינוי,the eviction / the evacuation,hapinui
5281,הפסידה,lost (f.s.),hifsida
5282,החליפה,changed / replaced (f.s.),hekhlifa
5283,ההוראה,the order / the instruction,hahora'a
5284,הבולט,the protruding / that/who stands out (m.s.),habolet
5285,הבכיר,the senior,habakhir
5286,דווח,was reported,duvakh
5286,דווח,report (m.s. imperative),davakh
5287,במרחב,in space,bamerkhav
5287,במרחב,in a space / in the space of,bemerkhav
5288,בתחתית,at the bottom of,betakhtit
5288,בתחתית,at the bottom / in the subway,batakhtit
5289,בעומק,at a depth of,be'omek
5289,בעומק,deep / at the depth,ba'omek
5290,בהתנגדות,[in] a resistance / [in] an objection,behitnagdut
5290,בהתנגדות,[in] the resistance / [in] the objection,bahitnagdut
5291,בהוצאת,[in] an expense / in a removal / in an edition / published by,behotsa'at
5292,בדעה,holds the opinion / in [clear] mind,bede'a
5293,ספריו,his books,sfarav
5294,נמלטו,escaped (pl.),nimletu
5295,נועד,intended for / destined for / conferred (m.s.),no'ad
5296,נעורים,youth,ne'urim
5297,נטו,"net (weight, wages)",neto
5297,נטו,they were inclined / they tended to / they were tilted,natu
5298,משוריינות,shielded / armored / secured / iron-bound (f.pl.),meshuryanot
5299,ארטילריה,artillery,artilerya
5300,הקונפדרציה,the confederation,hakonfederatsya
5301,האספקה,the supply,ha'aspaka
5302,מפציצים,bombers / bomb (m.s.),maftsitsim
5303,קיסרי,caesarian,keysari
5304,בצי,in a navy / in an armada,betsi
5304,בצי,in the navy / in the armada,batsi
5305,להתקיף,to attack,lehatkif
5306,המזוינת,the armed (f.s.),hamezuyenet
5307,פקידים,clerks / officials,pkidim
5308,פקודת,order of,pkudat
5309,פצועים,injured (m.pl.),ptsu'im
5310,משטרו,his regime / his reign,mishtaro
5311,בכוחות,with powers / with forces,bekokhot
5312,להוות,to be / to constitute,lehavot
5313,שקדמו,that/who preceded (pl.),shekadmu
5314,שנמצאו,that/who were found / that/who were [at],shenimtse'u
5315,עצמאיות,independent (f.pl.),atsma'iyot
5316,אצילים,aristocrats / noble (m.pl.),atsilim
5317,העבירו,passed / transferred (pl.),he'eviru
5318,ההנחה,the assumption / the discount,hahanakha
5319,במושבות,in villages / in colonies,bemoshavot
5319,במושבות,in the villages / in the colonies,bamoshavot
5320,בהתקפה,in/under an attack,behatkafa
5320,בהתקפה,in/under the attack,bahatkafa
5321,מילימטרים,millimeters,milimetrim
5322,להשמיד,to destroy,lehashmid
5323,בכיבוש,[in] an occupation / by occupying,bekibush
5323,בכיבוש,[by] the occupation,bakibush
5324,רובי,rifles of,rovei
5324,רובי,my rifle,rovi
5325,נורו,were shot,noru
5326,נשמר,is/was guarded / is/was kept / is/was protected (m.s.),nishmar
5327,מודיעין,information / intelligence,modi'in
5328,לחיל,to the forces of,lekheil
5328,לחיל,to forces / to success,lekhayil
5329,להחליט,to decide,lehakhlit
5330,להבקיע,to score [a goal],lehavki'a
5331,הקרויים,that/who are called (m.pl.),hakruyim
5332,החשש,the worry / the fear,hakhashash
5333,הסטודנטים,the students,hastudentim
5334,ביחידות,in units / in squad,beyekhidot
5334,ביחידות,in the units / in the squads,bayekhidot
5335,בגלוי,openly,begalui
5336,ציבורי,public,tsiburi
5337,נדרשו,were required,nidreshu
5338,מייסד,the founder,meyased
5339,מילולית,verbally / literally,milulit
5340,מקו,from a line / from the line of,mikav
5341,מחוזות,districts,mekhozot
5342,מדינית,political (f.s.),medinit
5343,מטענים,cargoes / luggage / load,mit'anim
5344,לפיו,according to him/it,lefiv
5345,וליצור,and to create / and to make,velitsor
5346,וחלקם,and some of them / and their part / and their share,vekhelkam
5347,שעלתה,that/who went up / that/who climbed / that/who increased / that/who immigrated (f.s.),she'alta
5348,קודמות,former / previous (f.pl),kodmot
5349,פיגועי,the terrorist acts of,pigu'ei
5350,כפולה,double / multiple,kfula
5351,המוחלט,the total (m.s.),hamukhlat
5352,התגובה,the response,hatguva
5353,הנסיך,the prince,hanasikh
5354,סבו,his grandfather,savo
5354,סבו,encircled / rotate (pl.),savu
5355,נתגלו,were discovered,nitgalu
5356,נהרסו,were destroyed / were demolished,nehersu
5357,מתוארים,are described (m.pl.),meto'arim
5358,מתקני,installations of / devices of,mitkanei
5359,מועמדים,applicants / candidates / nominees (m.pl.),mu'amadim
5360,מכוסים,covered (m.pl.),mekhusim
5361,מהעיר,from the city,meha'ir
5362,מנהרה,tunnel,minhara
5363,לבלתי,in order not,levilti
5364,תעשיית,industry of,ta'asiyat
5365,ובתי,and the houses of / and the homes of,uvatei
5366,שליחים,messengers / delegates / couriers,shlikhim
5367,שזכו,who won / who attained (pl.),shezakhu
5368,קשורים,tied / linked / connected (m.pl.),kshurim
5369,קהילות,communities,kehilot
5370,עמודי,pages of / pillars of,amudei
5371,אופיינית,characteristic (f.s.),ofyanit
5372,חשיבה,thinking,khashiva
5373,חזקות,strong (f.pl.) / powers (math.),khazakot
5374,כבית,as a home,kevayit
5375,המוקדמת,the early / the preliminary (f.s.),hamukdemet
5376,המוכר,the known / the familiar,hamukar
5376,המוכר,the seller / the salesman,hamokher
5377,המשפיעים,that effect / that influence (m.pl.),hamashpi'im
5378,האופן,the mode / the manner / the way,ha'ofen
5378,האופן,the wheel,ha'ofan
5379,הכותרת,the title,hakoteret
5380,ההצעה,the proposal / the suggestion / the offer,hahatsa'a
5381,הסיום,the end,hasiyum
5382,הסיבוב,the rotation / the revolution,hasivuv
5383,הנהרות,the rivers,haneharot
5384,הנטייה,the inclination / the tendency / the tilt,hanetiya
5385,דורות,generations,dorot
5386,בעמק,in a valley,be'emek
5386,בעמק,in the valley,ba'emek
5387,טרופי,tropical (m.s.),tropi
5388,רומן,love affair / novel,roman
5389,צפיפות,density / crowding,tsfifut
5390,סיפק,satisfied / supplies (m.s.),sipek
5391,סם,drug,sam
5392,נאסר,/ was forbidden / was imprisoned (m.s.),ne'esar
5393,מלב,from a heart / from the heart of,milev
5394,הרבני,the rabbinical,harabani
5395,תהומי,abyssal / deep / bottomless,tehomi
5396,שחקים,sky,shkhakim
5397,השדרות,the boulevards,hasderot
5398,בפרעות,in pogroms / in riots,bifra'ot
5398,בפרעות,in the pogroms / in the riots,bapra'ot
5399,גדי,young goat / Capricorn,gdi
5400,סגירת,closing of,sgirat
5401,מבצעי,the people who perform [X],mevats'ei
5402,מאורעות,events,me'ora'ot
5403,המנהרות,the tunnels,haminharot
5404,עתיקות,ancient / old (f.pl.) / antiquities,atikot
5405,חבריו,his friends,khaverav
5406,המגורים,the residence / the stimulated (m.pl.),hamegurim
5407,משקאות,drinks,mashka'ot
5408,מעיינות,springs,ma'ayanot
5409,התאחדות,association,hit'akhadut
5410,רשויות,authorities,rashuyot
5411,צינורות,pipes,tsinorot
5412,מייצג,represents (m.s.),meyatseg
5413,מושגים,concepts / obtained / achieved (m.pl.),musagim
5414,לתרבות,to/for civilization / to/for culture,letarbut
5414,לתרבות,to/for the civilization / to/for the culture,latarbut
5415,לשרוד,to survive,lisrod
5416,תא,cell,ta
5417,פלגת,group of (mil.) / division of (family),palgat
5418,גופם,their body,gufam
5419,בתחומים,in fields / in areas / in ranges,bitkhumim
5419,בתחומים,in the fields / in the areas / in the ranges,batkhumim
5420,בדיעבד,post factum,bedi'avad
5421,מנסים,try (m.pl.),menasim
5422,ידועות,known (f.pl.),yedu'ot
5423,השימור,the conservation,hashimur
5424,הקשור,that/who is tied / that/who is linked / that/who is connected (m.s.),hakashur
5425,בקלפי,at the poll / in the polling booth,bakalpi
5426,ליברליות,liberalism,liberaliyut
5426,ליברליות,liberal (f.pl.),liberaliyot
5427,מורה,teacher,more
5428,יציבה,stable (f.s.),yatsiva
5429,תאוריית,the theory of,te'oryat
5430,זיקה,affinity / linkage / disposition,zika
5431,לתואר,to/for a title / to/for a degree / to/for an adjective / to/for an appearance / to/for a shape,leto'ar
5431,לתואר,to/for the title / to/for the degree / to/for the adjective / to/for the appearance / to/for the,
5431,לתואר,lato'ar,
5431,לתואר,shape,
5432,תפוצת,the distribution of,tfutsat
5433,אמנותי,artistic (m.s.) / my art,omanuti
5434,הכדורגל,the football / the soccer,hakaduregel
5435,בירה,capital,bira
5435,בירה,beer,bira
5436,נפח,volume,nefakh
5436,נפח,blacksmith,napakh
5437,השיגעון,the madness / the insanity,hashiga'on
5438,מטפל,the care giver / treats / handles (m.s.),metapel
5439,במאים,directors,bama'im
5440,הגייה,pronunciation,hagiya
5441,הוריו,his parents,horav
5442,להיכל,to a palace / to a temple,leheykhal
5442,להיכל,to the palace / to the temple,laheykhal
5443,סרטון,film strip,sirton
5444,נגן,player (of music),nagan
5444,נגן,play (music) (m.s. imperative),nagen
5445,החזרה,return / giving back,hakhzara
5445,החזרה,the repetition / the rehearsal,hakhazara
5446,הפואמה,the poem,hapo'ema
5447,לנוער,for youth / for the youth of,leno'ar
5447,לנוער,for the youth,leno'ar
5448,התופעות,the phenomena,hatofa'ot
5449,הדומים,the similar (m.pl.),hadomim
5450,רוכב,rides (m.s.),rokhev
5451,המימן,the hydrogen,hameiman
5452,החיידקים,the bacteria,hakhaydakim
5453,הכדורסל,the basketball,hakadursal
5454,גלוקוז,glucose,glukoz
5455,גומלין,reciprocal / mutual,gomlin
5456,ברומח,by/with the lance,baromakh
5456,ברומח,by/with a lance,beromakh
5457,רומח,spear / lance,romakh
5458,סיבובים,rotations / revolutions / whirls,sivuvim
5459,לתחרות,to/for a competition,letakharut
5459,לתחרות,to/for the competition,latakharut
5460,פיזיולוגיה,physiology,fiziologia
5461,מכילים,contain (m.pl.),mekhilim
5462,בטמפרטורות,at temperatures,betemperaturot
5463,חיזור,courting / reduction (chemistry),khizur
5464,ירדתי,I went down / I came down / I descended,yaradeti
5465,אצלי,in my possession / at my place / near me,etsli
5466,כולנו,all of us,kulanu
5467,לבנין,to a building / for the building of,lebinyan
5468,וכה,and so,veko
5468,וכה,thither [hither and thither],vakho
5469,שלשול,diarrhea / earthworm,shilshul
5470,שזיפים,plums,shezifim
5471,ענפיו,its branches,anafav
5472,להציע,to propose / to suggest / to offer,lehatsi'a
5473,בשמש,in the sun,bashemesh
5474,בשלום,in peace,beshalom
5475,מלכת,queen of,malkat
5476,מאין,from where,me'ayin
5477,חרושת,industry / manufacture,kharoshet
5478,מתוק,sweet (m.s.),matok
5479,לתוכה,into her/it,letokha
5480,פיה,nozzle / mouthpiece,piya
5480,פיה,fairy,feya
5481,עופרת,lead,oferet
5482,ציינו,noted / marked / pointed out (pl.),tsiyenu
5483,נחתם,was signed,nekhtam
5484,להודיע,to notify,lehodi'a
5485,ויאמר,and he will say,veyomar
5485,ויאמר,and he shall say / and he said (biblical),va'yomer
5485,ויאמר,and will be said,veye'amer
5486,הישנים,the old (m.pl.),hayeshanim
5486,הישנים,the sleeping (m.pl.),hayeshenim
5487,ההכרה,the recognition / the consciousness,hahakara
5488,הס,quite,has
5489,דיברו,spoke / talked (pl.),dibru
5490,בכבוד,respectfully / with honor,bekhavod
5491,צמודה,attached / linked / adjacent (f.s.),tsmuda
5492,משך,duration,meshekh
5492,משך,pulled / attracted / withdrew,mashakh
5493,מנוחה,rest,menukha
5493,מנוחה,deceased (f.s.),menokha
5494,זכוכית,glass,zkhukhit
5495,הזרעים,the seeds,hazra'im
5496,החרדים,the fearful / the anxious / the ultra-orthodox (m.pl.),hakharedim
5497,הבגדים,the clothes,habgadim
5498,הטובות,the good / the favors (f.pl.),hatovot
5499,בדברים,in the things / in the matters / in the words / in the speech / in the things that were said,badvarim
5499,בדברים,talked / negotiated,[ba] bidvarim
5500,מצליחים,succeed / successful (m.pl.),matslikhim
5501,לשדה,to the field,lasade
5501,לשדה,to a field,lesade
5502,שהעניק,that/who gave (m.s.),shehe'enik
5503,עונש,punishment,onesh
5504,עצום,huge (m.s.),atsum
5505,חלש,weak (m.s.),khalash
5506,חופשיות,free (f.s.),khofshiyot
5507,הידיעות,the news,hayedi'ot
5508,הידיעה,the knowledge / the news,hayedi'a
5509,הולכי,the walkers of,holekhei
5509,הולכי,pedestrians,holkhey [regel]
5510,השתנה,changed (m.s.),hishtana
5511,השחורים,the black (m.pl.),hashkhorim
5512,האותיות,the letters,ha'otiyot
5513,האנושיות,the humanism,ha'enoshiyut
5513,האנושיות,the humane (f.pl.),ha'enoshiyot
5514,הסכנה,the danger / the risk,hasakana
5515,במקצת,somewhat / slightly,bemiktsat
5516,בחר,chose / selected / voted (m.s.),bakhar
5517,נענה,answered / agreed / was answered (m.s.),na'ana
5518,נסיעה,drive / travel,nesi'a
5519,משרת,servant / serves (m.s.),mesharet
5520,מפורט,detailed (m.s.),meforat
5521,מהארץ,from the country / from Israel,meha'arets
5522,מטופל,patient / taken care of / person who is taken care of (m.s.),metupal
5523,מסודרים,organized / settled (m.pl.),mesudarim
5524,להכריע,to decide / to overpower,lehakhri'a
5525,לרגלי,at the feet of,leraglei
5525,לרגלי,at my feet / to/for my legs,leraglai
5526,ומאז,and since then,ume'az
5527,ולו,and to/for him / and he has / and he had,velo
5527,ולו,even if,velu
5528,ואחרות,and other (f.pl.) / and others (f.),ve'akherot
5529,והחלו,and started (pl.),vehekhelu
5530,שלחו,sent (pl.),shalkhu
5531,שלטה,ruled (f.s.),shalta
5532,ששמו,that/who placed / that/who put (pl.),shesamu
5533,שעלו,that/who went up / that/who climbed / that/who increased / who immigrated (pl.),she'alu
5534,שכונתה,that/who was named (f.s.),shekunta
5535,פוגע,hits / damages / offensive (m.s.),poge'a
5536,פשרה,compromise / conciliation,pshara
5537,פנימית,internal (f.s.),pnimit
5538,עבודתם,their work,avodatam
5539,חיפוש,search,khipus
5540,איכרים,peasants / farmers,ikarim
5541,זוהר,glowing / shining,zoher
5541,זוהר,glow / shine,zohar
5542,חשיבותו,his importance / its importance,khashivuto
5543,כפול,double,kaful
5544,המוקדמות,the early / the preliminary (f.pl.),hamukdamot
5545,היקף,perimeter/ circumference / scope,hekef
5546,התיק,the bag / the case / the file / the portfolio,hatik
5547,התקדם,advanced / made a progress (m.s.),hitkadem
5548,התפילה,the prayer,hatfila
5549,השמרנית,the conservative (f.s.),hashamranit
5550,החשובה,the important (f.s.),hakhashuva
5551,הכפרים,the villages,hakfarim
5552,הרים,mountains,harim
5552,הרים,lifted (m.s.),herim
5553,הרדיו,the radio,haradio
5554,הנקראת,that/who is called / that/who is summoned (f.s.),hanikret
5555,גורלם,their fate,goralam
5556,גזר,carrot,gezer
5556,גזר,cut / ruled / concluded (m.s.),gazar
5557,במחלה,in sickness,bemakhala
5558,בינו,between him,beino
5559,בשבת,on Saturday,beshabat
5559,בשבת,on the Saturday,bashabat
5560,בגופו,in/with his body,begufo
5561,בבירור,clearly / obviously / under inquiry,beverur
5562,בטעות,by mistake,beta'ut
5563,צבעים,colors,tsva'im
5563,צבעים,painters,tsaba'im
5564,סוד,secret,sod
5565,סכנת,risk of,sakanat
5566,כקיסר,as a Caesar,kekeisar
5567,הקומוניזם,communism,hakomunizm
5568,הכניעה,the surrender,hakni'a
5569,לנהר,to a river,lenahar
5569,לנהר,to the river,lanahar
5570,בחבל,with a rope,bekhevel
5570,בחבל,with the rope,bakhevel
5571,פיטר,fired,piter
5572,פקידי,clerks of / officials of,pkidei
5573,בשיאה,at her/its top / at her/its peak,besi'a
5574,בהרים,[at/on] the mountains,baharim
5575,נסיגה,withdrawal / retreat,nesiga
5576,לתאם,to coordinate,leta'em
5577,להעברת,for the pass of / for the transfer of,leha'avarat
5578,כלכלה,economy,kalkala
5579,המחוזות,the districts,hamekhozot
5580,הקיסרות,the empire,hakeysarut
5581,סבלו,suffered (pl.),savlu
5582,מנתה,counted / included (f.s.),manta
5583,לגשר,to bridge / to mediate,legasher
5583,לגשר,to the bridge,lagesher
5583,לגשר,to a bridge,legesher
5584,והעיר,and the city,veha'ir
5585,אבירי,valiant / knightly,abiri
5586,סייעה,assisted / helped (f.s.),siy'a
5587,מאזן,balance (statement),ma'azan
5587,מאזן,balances (m.s.),me'azen
5588,מנקודת,from the point of,minkudat
5589,לכת,going / walking,lekhet
5590,והצבא,and the army,vehatsava
5591,ובקרב,and in the battle of,uvikrav
5591,ובקרב,and in the battle,uvakrav
5591,ובקרב,and among,uvkerev
5592,ששהו,that/who stayed (pl.),sheshahu
5593,שרדו,survived (pl.),sardu
5594,המהלך,the move / the step / the distance,hamahalakh
5595,הימי,the marine (m.s.),hayami
5596,הקתולית,the Catholic,hakatolit
5596,הקתולית,that/who stands / that/who is about to / that/who endures / that/who succeeds /,
5597,העומד,ha'omed,
5597,העומד,that/who insists on (m.s.),
5598,בידם,in their hand / up to them,beyadam
5599,ניווט,navigation,nivut
5600,מודרני,modern (m.s.),moderni
5601,מרביתם,most of them,marbitam
5602,למעבר,for pass / for transfer / for transit,lema'avar
5602,למעבר,for the pass / for the transfer / for the transit,lama'avar
5603,למבצע,to/for an operation / for a sale,lemivtsa
5603,למבצע,to/for the operation / for the sale,lamivtsa
5604,וכוחות,and powers / and forces / and strengths,vekokhot
5605,ונתן,and gave (m.s.),venatan
5606,שקדם,the former / the preceding,shekadam
5607,חולקו,were divided,khulku
5608,אחרית,end / remainder,akharit
5609,כמאה,approximately a hundred,keme'a
5610,התפתחויות,developments,hitpatkhuyot
5611,האצילים,the aristocrats / the noble (m.pl.),ha'atsilim
5612,הרס,destruction / demolition,heres
5613,בעיתונות,in the press,ba'itonut
5614,סיבות,reasons,sibot
5615,ניצלו,used (pl.) / exploited (pl.) / were saved / were roasted,nitslu
5616,ממושך,prolonged / continuous,memushakh
5617,מורכבים,complicated / complex / consist of / assembled (m.pl.),murkavim
5618,מפקדים,commanders,mefakdim
5618,מפקדים,censuses / musters,mifkadim
5619,מעורבים,mixed / involved (m.pl.),me'oravim
5620,מרגע,from the moment [of],merega
5621,יחסים,relations,yakhasim
5621,יחסים,to/for a system / to/for an editorial board / to/for the system of / to/for the editorial,
5622,למערכת,lema'arekhet,
5622,למערכת,board of,
5622,למערכת,to/for the system / to/for the editorial board,lama'arekhet
5623,לתקשר,to communicate,letaksher
5624,לתנאי,to a condition/ to a provision,letnai
5624,לתנאי,to the conditions of / to the provisions of,letna'ei
5625,שלבים,stages / phases / rungs,shlabim
5626,שפעל,that/who acted / that/who operated (m.s.),shepa'al
5627,שרת,server / janitor,sharat
5628,קיומה,her existence / her survival / its holding / its fulfillment (f.s.),kiyuma
5629,עוצמה,power / force / intensity,otsma
5630,חלקן,some of them / their part / their share (f.pl.),khelkan
5631,כונה,was named,kuna
5632,המורכבת,the complicated / the complex / that consists of / that is assembled (f.s.),hamurkevet
5633,השכלה,education,haskala
5634,גיוס,recruitment,giyus
5635,בוצעה,was performed / was carried out (f.s.),buts'a
5636,רובן,most of them (f.),ruban
5637,ראשונות,first (f.pl.),rishonot
5638,סבלה,suffered (f.s.),savla
5639,נוסח,version / phrased / style,nosakh
5640,מקצועיים,professional (m.pl.),miktso'iyim
5641,לתרום,to donate / to contribute,litrom
5642,לחודש,for a month / per month,lekhodesh
5643,שלטונות,authorities,shiltonot
5644,שותף,partner,shutaf
5645,שורשים,roots,shorashim
5646,שעסק,that/who dealt / that/who engaged / that/who worked (m.s.),she'asak
5647,שחלק,that part,shekhelek
5647,שחלק,who disagreed,shekhalak
5648,שהוביל,that/who led / that/who transported (m.s.),shehovil
5649,שריפת,the burning of / the fire of,srefat
5650,פוטנציאל,potential,potentsyal
5651,פריצה,breakthrough / burglary / irruption,pritsa
5652,אופייני,characteristic (m.s.),ofyani
5653,כוכב,star,kokhav
5654,המאוחדת,the united,hame'ukhedet
5655,המהווים,that are / that constitute (m.pl.),hamehavim
5656,הפסקה,break / intermission,hafsaka
5657,הדמוקרטי,the democratic (m.s.),hademokrati
5658,במשפט,in the trial / in the sentence,bamishpat
5658,במשפט,in a trial / in a sentence,bemishpat
5659,בלחץ,at a pressure of / under pressure,belakhats
5659,בלחץ,under the pressure,balakhats
5660,בתקשורת,in the media / in the communication,batikshoret
5661,בזמנו,in/at the time,bizmano
5662,בכמות,at a quantity of / at an amount of,bekhamut
5663,סרטו,his movie / his ribbon/strip,sirto
5664,נפילתו,his fall,nefilato
5665,נאלצה,was forced / was compelled (f.s.),ne'eltsa
5666,הציוניות,the Zionist (f.pl.),hatsiyoniyot
5667,ומגדל,and a tower,umigdal
5668,צירים,axes / axles / hinges / delegates / sauces / contractions,tsirim
5669,יורדים,go down / come down / descend / decreases (m.pl.),yordim
5670,העיתונות,the press,ha'itonut
5671,הארי,the lion,ha'ari
5671,הארי,the main part,[khelek] ha'ari
5672,הריסת,demolition of / destruction of,harisat
5673,קיבוץ,kibbutz,kibuts
5674,ממוקם,located / situated (m.s.),memukam
5675,פעולותיו,his actions / his operations / his deeds,pe'ulotav
5676,המיוחדת,the special (f.s.),ha'meyukhedet
5677,התאים,was suitable / was appropriate / was applicable / was identical / suited (m.s.),hit'im
5678,הציורים,the paintings / the drawings,hatsiyurim
5679,הסברה,explanation / information,hasbara
5680,מאובנים,fossils,me'ubanim
5681,מספקים,satisfying / supply (m.pl.),mesapkim
5682,תהליכי,processes of,tahalikhei
5683,עשור,decade,asor
5684,ענקיים,great / giant (m.pl.),anakiyim
5685,המקהלה,the choir,hamakhela
5686,בהשתתפות,in the participation of,behishtatfut
5687,מתבססת,based on / becomes established (f.s.),mitbaseset
5688,מסה,mass,masa
5689,לשמר,to conserve,leshamer
5690,לפרס,to/for an award / to/for a prize,lifras
5690,לפרס,to/for the award / to/for the prize,lapras
5691,שנכתבו,that were written,shenikhtevu
5692,קשורה,tied / linked / connected (f.s.),kshura
5693,קצרות,short (f.pl.),katsarot
5694,איגוד,union,igud
5695,חוקיים,legal (m.pl.),khukiyim
5696,חשמל,electricity,khashmal
5697,אטום,atom,atom
5697,אטום,sealed / opaque,atum
5698,העתיק,copied,he'etik
5699,הדורות,the generations,hadorot
5700,הנמוך,the low / the short (m.s.),hanamukh
5701,הנוכחית,the current,hanokhekhit
5702,גבוהות,high / tall (f.pl.),gvohot
5703,בשונה,unlike / different from,beshone
5704,נמוכות,low / short (f.pl.),nemukhot
5705,נבחרים,elected / selected (m.pl.),nivkharim
5706,נצפה,was seen / was watched / was observed / was anticipated (m.s.),nitspa
5706,נצפה,we will expect / we will cover / we will coat,netsape
5707,הפרדת,separation of,hafradat
5708,גישתו,his attitude,gishato
5709,לקשר,to link / to connect,lekasher
5710,שלד,skeleton / framework,sheled
5711,חגי,the holidays of,khagei
5711,חגי,my celebration,khagi
5712,ירקות,vegetables,yerakot
5713,מילות,words of,milot
5714,מתוקים,sweet (m.pl.),metukim
5715,מסתיים,ends (m.s.),mistayem
5716,לתופעות,to/for phenomena,letofa'ot
5716,לתופעות,to/for the phenomena,latofa'ot
5717,איטית,slow,itit
5718,כשחקן,as a player / as an actor,kesakhkan
5719,כחומר,as a material / as a clay,kekhomer
5720,המלון,the hotel,hamalon
5720,המלון,the melon,hamelon
5721,חזרתו,his/its return / his /its repetition,khazarato
5722,עבורו,for him,avuro
5723,מקיים,holds / fulfills / carries out / maintains (m.s.),mekayem
5724,מאכלים,food / dishes,ma'akhalim
5725,סבון,soap,sabon
5726,מולקולת,molecule of,molekulat
5727,ויטמין,vitamin,vitamin
5728,התופעה,the phenomenon,hatofa'a
5729,תוחלת,expectancy / hope,tokhelet
5730,חממה,greenhouse,khamama
5731,הבהאי,the Bahai (m.s.),habahai
5732,יצאתי,I went out / I came out,yatsati
5733,ואצא,and I will go out / and I will come out,ve'etse
5734,והכל,and everything,vehakol
5735,ובזה,and by this / and in this one (m.),uvaze
5736,פרעוש,flea,par'osh
5737,אחרתי,I was late,ekharti
5738,אכלתי,I ate,akhalti
5739,כפעם,as before / as in the past,kefa'am
5740,הוספתי,I added,hosafti
5741,השועל,the fox,hashu'al
5742,הפרושים,the interpretations,haperushim
5742,הפרושים,the ascetics / the seclusive / the Pharisees,haprushim
5743,הפרקליטות,the advocacy / the legal practice / the attorney general,hapraklitut
5744,האין,is there not / are there not,ha'ein
5745,החתונה,the wedding,hakhatuna
5746,הכפתורים,the buttons,hakaftorim
5747,גליון,sheet of paper / issue,gilayon
5748,גדמי,the stumps of,gidmei
5749,במרוצה,[came] running,bimrutsa
5750,בלבי,in my heart,belibi
5751,צעק,shouted / yelled (m.s.),tsa'ak
5752,נמלה,ant,nemala
5753,לשום,for no,leshum
5754,תראו,look (pl. imperative) / you will see (pl.),tir'u
5755,עצמך,yourself (m.s.),atsmekha
5755,עצמך,yourself (f.s.),atsmekh
5756,חלפו,passed (pl.),khalfu
5757,בעצמך,by yourself / personally (m.s.),be'atsmekha
5757,בעצמך,by yourself / personally (f.s.),be'atsmekh
5758,בחור,fellow / guy,bakhur
5759,בזאת,hereby,bazot
5759,בזאת,in this one (f.),bezot
5760,ברכי,bless (f.s. imperative),barkhi
5760,ברכי,my knee,birki
5760,ברכי,the knees of,birkei
5761,רבע,quarter,reva
5762,נגמר,finished / ended,nigmar
5763,לחכות,to wait,lekhakot
5764,להביט,to look,lehabit
5765,לגשת,to approach,lageshet
5766,שבתי,I returned,shavti
5766,שבתי,that my daughter,shebiti
5767,חלון,window,khalon
5768,אוהדי,followers of / fans of,ohadim
5769,כדבר,as [X] have said / as [X] say,kidvar
5769,כדבר,as a thing / as an object / as a matter / as an item,kedavar
5769,כדבר,as the thing / as the object / as the matter / as the item,kadavar
5770,האבטלה,the unemployment,ha'avtala
5771,בשקט,in the silence,basheket
5771,בשקט,silently / quietly,besheket
5772,בחדרי,in my room,bekhadri
5772,בחדרי,in the rooms of,bekhadrei
5773,יפים,pretty / good (m.pl.),yafim
5774,חדרי,my room,khadri
5774,חדרי,the rooms of,khadrei
5775,היריבה,the rival / the opponent / the enemy (f.s.),hayeriva
5776,הקואליציה,the coalition,hako'alitsya
5777,הכנפיים,the wings,haknafayim
5778,ברוך,blessed,barukh
5779,נופלים,fall (m.pl.),noflim
5780,מעורר,wakes / excites (m.s.),me'orer
5781,ישנים,old (m.pl.),yeshanim
5781,ישנים,sleeping (m.pl.),yeshenim
5782,אישום,indictment / accusation,ishum
5783,חשב,thought (m.s.),khashav
5784,חדל,stop (imperative) / stopped (m.s.),khadal
5785,הענף,the branch / the field,ha'anaf
5786,הארוכים,the long (m.pl.),ha'arukim
5787,הסוחר,the merchant / the dealer / the seller,hasokher
5788,דמעות,tears,dma'ot
5789,משפחתי,my family / familial,mishpakhti
5790,ליתר,to/for the rest,leyeter
5791,לסדר,to arrange,lesader
5792,שעלה,that/who went up / that/who climbed / that/who increased / that/who immigrated (m.s.),she'ala
5793,שכמעט,that/who almost,shekim'at
5794,התאבד,committed suicide (m.s.),hit'abed
5795,העז,dared (m.s.),he'ez
5796,האהבה,the love,ha'ahava
5797,הארמון,the palace,ha'armon
5798,הרפואי,the medical (m.s.),harefu'i
5799,הרף,instant / wink / stop,heref
5800,נחת,satisfaction / complacence,nakhat
5800,נחת,landed / Marine Corps member,nakhat
5801,מאסר,incarceration,ma'asar
5802,מגלים,discovers (m.pl.),megalim
5803,להורות,to instruct,lehorot
5804,שוחרר,was released (m.s.),shukhrar
5805,שקע,sank / declined (m.s.),shaka
5805,שקע,socket / depression / recess / lacuna,sheka
5806,פיל,elephant,pil
5807,התמרמרות,resentment / grievance,hitmarmerut
5808,השלימו,completed / accepted / came to terms (pl.),hislimu
5809,הפסיקו,stopped / ceased (pl.),hifsiku
5810,ההורים,the parents,hahorim
5811,גוזלים,nestlings,gozalim
5811,גוזלים,rob (m.pl.),gozlim
5812,בענפים,[in] branches / in fields,be'anafim
5812,בענפים,[in] the branches / in the fields,ba'anafim
5813,בזו,felt contempt (pl.),bazu
5813,בזו,in this one (f.),bazu
5814,בד,at the same time as,bad [bevad]
5814,בד,linen / cloth / branch,bad
5815,רחוקה,far (f.s.),rekhoka
5816,נעלם,disappeared / hidden / concealed / unknown (algebra) (m.s.),ne'elam
5817,מוכרחים,must (m.pl.),mukhrakhim
5818,מעצי,from trees of,me'atsei
5819,מנגד,oppositely / at a distance,mineged
5820,למשוך,to pull / to attract / to withdraw,limshokh
5821,לסל,to/for a basket,lesal
5821,לסל,to/for the basket,lasal
5822,ומעבר,and pass / and transfer / and transition,uma'avar
5823,וגדל,and growing (m.s.),vegadel
5823,וגדל,and grew (m.s.),vegadal
5824,וראש,and a head,verosh
5825,וספר,and a book,vesefer
5825,וספר,and counted (m.s.),vesafar
5825,וספר,and a barber,vesapar
5825,וספר,and a border,vesfar
5826,שיוכלו,that they will be able,sheyukhlu
5827,שארית,leftover / residue / remnant,she'erit
5828,שניסה,who tried (m.s.),shenisa
5829,פורסמה,was published / was advertised (f.s.),pursema
5830,עמוקות,deep (f.pl.) / deeply,amukot
5831,זקוק,needs (m.s.),zakuk
5832,כרטיס,ticket,kartis
5833,הודה,thanked / confessed (m.s.),hoda
5834,השבוע,the week / this week,hashavu'a
5835,האלופות,the champions (f.),ha'alufot
5836,הנייר,the paper,haniyar
5837,בכלא,in prison,bakele
5838,בריתו,his pact / his alliance / his covenant,brito
5839,מימין,from the right / to the right [of],miyamin
5840,מישור,plane / level,mishor
5841,מתקן,corrects / repairs (m.s.),metaken
5841,מתקן,installation / device,mitkan
5842,מועדון,club,mo'adon
5843,מארץ,from a country,me'erets
5844,מגמה,trend,megama
5845,מטען,load / cargo / baggage,mit'an
5846,מצבו,his state / his situation,matsavo
5847,מצבם,their state / their situation,matsavam
5848,מסופר,told / cut (hair),mesupar
5849,מסקנות,conclusions,maskanot
5850,למתן,to moderate,lematen
5850,למתן,[for] giving,lematan
5851,לתחילת,to the start of,litkhilat
5852,לכפר,to atone,lekhaper
5852,לכפר,to a village,lekfar
5852,לכפר,to the village,lakfar
5853,לגור,to live,lagur
5854,לסביבה,to/for an area,lesviva
5854,לסביבה,to/for the area,lasviva
5855,תרומה,donation / contribution,truma
5856,וללא,and without,ulelo
5857,וקבע,and permanence / and regularity,vekeva
5857,וקבע,and determined / and fixed / and set (m.s.),vekava
5858,ורז,and a secret,veraz
5859,שליח,messenger / delegate / courier,shali'akh
5860,שכך,that like this,shekakh
5861,שכם,shoulder,shekhem
5862,שבמהלך,that during,shebemahalakh
5863,פתוחה,open (m.s.),ptu'kha
5864,פסקו,gave judgment / decided / rules / stopped (pl.),pasku
5865,עלילות,plots / deeds / libels / false charges,alilot
5866,עדים,witnesses,edim
5867,עצרו,stopped / arrested (pl.),atsru
5868,עסוק,busy,asuk
5869,חמורות,serious / severe (f.pl.),khamurot
5870,אמה,her mother,ima
5870,אמה,maid (archaic) / third finger / cubit,ama
5871,חתול,cat,khatul
5872,אדומה,red (f.s.),aduma
5873,חדרים,rooms,khadarim
5874,חרב,sward,kherev
5874,חרב,was ruined,kharav
5875,כים,as the sea,kayam
5875,כים,as a sea,keyam
5876,כלכליות,economic (f.pl.),kalkaliyot
5877,כתיבה,writing,ktiva
5878,הושלך,was thrown / was projected,hushlakh
5879,הופצו,were distributed / were spread,huftsu
5880,הפתוח,the open,hapatu'akh
5881,הפתרון,the solution,hapitaron
5882,האיום,the threat,ha'iyum
5882,האיום,the terrible / the horrible (m.s.),ha'ayom
5883,האישיים,the personal / the private (m.pl.),ha'ishiyim
5884,האישית,the personal / the private (f.s.),ha'ishit
5885,האדיר,the great / the mighty / the powerful (f.s.),ha'adir
5886,הארוכה,the long (f.s.),ha'aruka
5887,הזנב,the tail,hazanav
5888,הד,echo,hed
5889,הבינו,understood (pl.),hevinu
5890,הבחין,observed / noticed (m.s.),hivkhin
5891,הבדיקות,the examinations,habdikot
5892,הראו,showed (pl.),her'u
5893,דבש,honey,dvash
5894,במגדל,in a tower,bemigdal
5894,במגדל,in the tower,bamigdal
5895,בביתו,in/at his home,bebeito
5896,רוחב,width,rokhav
5897,רפה,loose,rafe
5898,סימנים,signs,simanim
5899,סופר,counts (m.s.) / author,sofer
5900,סבורים,think / assume (m.pl.),svurim
5901,נישא,was carried / got married / high (m.s.),nisa
5902,ניצחה,won (f.s.),nitskha
5903,נוצות,feathers,notsot
5904,נכנעו,surrendered (pl.),nikhne'u
5905,נטה,was inclined / tended to / was tilted (m.s.),nata
5906,מהחומה,from the wall,mehakhoma
5907,לבורים,to/for ignorant (m.pl.),leburim
5907,לבורים,to/for the ignorant (m.pl.),laburim
5908,הפיצול,the split,hapitsul
5909,והורה,and instructed,vehora
5909,והורה,and a parent,vehore
5910,המלחמות,the wars,hamilkhamot
5911,מיטב,the best,meitav
5912,המעורבות,the involvement,hame'oravut
5913,שאריות,leftovers / residue / remnants,she'eriyot
5914,אווירי,aero / aerial (m.s.),aviri
5915,המרידה,the mutiny,hamerida
5916,התביעה,the law suit / the prosecution,hatvi'a
5917,הטיל,cast / threw / projected (m.s.),hetil
5918,נייטרליות,neutral (f.pl.),netraliyot
5918,נייטרליות,neutral,netraliyut
5919,מפשע,from a crime,mipesha
5920,לרכז,to concentrate / to coordinate,lerakez
5921,והגיעו,and arrived (pl.),vehegi'u
5922,העירוניים,the municipal / the urban (m.pl.),ha'ironiyim
5923,מחלוקות,disagreements,makhlokot
5924,לכישלון,to failure,lekishalon
5924,לכישלון,to the failure,lakishalon
5925,להכות,to beat / to hit,lehakot
5926,תחבורה,transportation / traffic,takhbura
5927,ודרום,and south,vedarom
5927,ודרום,and the south of,udrom
5928,שמדרום,that is on the south / that is to the south of,shemidarom
5929,שעשו,that/who did (pl.),she'asu
5930,שריפה,fire,srefa
5931,עימות,conflict,imut
5932,זמנית,temporary / my time,zmani
5933,חבלים,ropes,khavalim
5934,כניסת,the entrance of,knisat
5935,הימנית,the right / the right handed / the rightist (f.s.),hayemanit
5936,הליך,procedure / proceeding,halikh
5937,הדעה,the opinion,hade'a
5938,במדויק,exactly / precisely,bimduyak
5939,סיפקו,satisfied / supplies (pl.),sipku
5940,ניהלו,managed / conducted (pl.),nihalu
5941,ניצל,used / exploited (m.s.),nitsel
5941,ניצל,was saved (m.s.),nitsal
5942,מודע,aware (m.s.),muda
5943,מפרש,explains / interprets (m.s.),mefaresh
5944,יבשת,continent,yabeshet
5945,יציבות,stability,yatsivut
5946,לשאלה,to the question,lashe'ela
5946,לשאלה,to a question,leshe'ela
5947,לאוכלוסייה,to the population,la'ukhlusiya
5947,לאוכלוסייה,to a population,le'ukhlusiya
5948,תמכו,supported (pl.),tamkhu
5949,ומבנים,and buildings / and constructions,vemivnim
5950,וציוד,and equipment,vetsiyud
5951,שהיווה,that was / that constituted,shehiva
5952,שהובאו,that were brought (pl.),shehuv'u
5953,חורבות,ruins,khurvot
5954,כמחצית,approximately half,kemakhatsit
5955,כשפה,as a language / as a lip / as an edge,kesafa
5956,המיוחדים,the special (m.pl.),ha'meyukhadim
5957,האטלנטי,the Atlantic,ha'atlanti
5958,הגבוהות,the high / the tall (f.pl.),hagvohot
5959,הנסיכויות,the emirates / the princedoms,hanesikhuyot
5960,דרגה,degree / level / grade / rank,darga
5961,גופות,corpses,gufot
5962,גודלו,his/its size,godlo
5963,גרגרי,grains of,gargerei
5964,בעורף,on the neck / at the rear / hinterland,ba'oref
5965,ברצועת,[in] strips,birtsu'ot
5965,ברצועת,[in] the strips,baretsu'ot
5966,ניסוי,experiment / trial,nisui
5967,נסגר,was closed,nisgar
5968,מתייחסים,refer (m.pl.),mityakhasim
5969,מתייחסת,refers (f.s.),mityakheset
5970,מסעו,his journey,masa'o
5971,מסחרית,commercial (f.s.),miskharit
5972,ייסד,founded / established (m.s.),yised
5973,להגדיר,to define,lehagdir
5974,לראשות,to the leadership of,lerashut
5975,תצפית,observation / vantage point,tatspit
5976,ומות,and the death of,umot
5977,שבנה,that had built,shebana
5978,עירוניים,municipal / urban (m.pl.),ironiyim
5979,איסוף,collection,isuf
5980,המצעד,the parade / the march,hamits'ad
5981,ההיסטוריון,the historian,hahistoryon
5982,הרחב,the wide,harakhav
5982,הרחב,widen (m.s. imperative),harkhev
5983,הרכבות,assemblies / vaccinations / grafting,harkavot
5984,במזון,in food,bemazon
5984,במזון,in the food,bamazon
5985,ברובה,with a rifle,berove
5985,ברובה,with the rifle,barove
5985,ברובה,most of it (f.s.),beruba
5986,ברורים,clear / obvious (m.pl.),brurim
5987,ברבים,in many / plural,berabim
5988,בסיפורים,in stories,besipurim
5988,בסיפורים,in the stories,basipurim
5989,רגילים,usual / used to (m.pl.),regilim
5990,נייטרלי,neutral (m.s.),netrali
5991,נתיבי,paths of / lanes of,netivei
5992,נוף,view / landscape / boughs of a tree,nof
5993,נפרדת,separated / individual (f.s.),nifredet
5994,להניף,to lift / to wave,lehanif
5995,לגטו,to a ghetto,legeto
5995,לגטו,to the ghetto,lageto
5996,והאחות,and the sister / and the nurse (f.),veha'akhot
5997,ערוגות,garden beds,arugot
5998,חייליו,his soldiers,khayalav
5999,מחלקות,divide / distribute (f.pl.),mekhalkot
5999,מחלקות,departments,makhlakot
6000,להנדסה,to engineering,lehandasa
6000,להנדסה,to the engineering,lahandasa
6001,שכונת,neighborhood of,shkhunat
6002,רובה,rifle,rove
6002,רובה,most of it (f.s.),ruba
6003,מדברי,desert-like,midbari
6003,מדברי,from what I said,midvarai
6003,מדברי,from the words of,medivrei
6004,לחצים,pressures,lekhatsim
6005,תוצרת,produce / output,totseret
6006,זרוע,seeded / scattered,zaru'a
6007,השכונה,the neighborhood,hashkhuna
6008,הקמתו,(the) establishment of,hakamato
6009,ולמרות,and despite,velamrot
6010,כנסייה,church,knesiya
6011,מסוגים,of kinds / of classes / of types,misugim
6012,ייסוד,founding / establishing,yisud
6013,תוואי,path / way,tvai
6014,עיצוב,design,itsuv
6015,חקיקה,legislation,khakika
6016,אחראית,responsible / in charge (f.s.),akhra'it
6017,בציור,in a painting / in a drawing,betsiyur
6017,בציור,in the painting / in the drawing,batsiyur
6018,מאגר,reservoir / pool,ma'agar
6019,לתחום,to a field / to an area / to a range,letkhum
6019,לתחום,to the field / to the area / to the range,latkhum
6020,קובעת,determines / fixes / sets (f.s.),kova'at
6021,עוסקים,deal / engage / work (m.pl.),oskim
6022,אימצה,adopted (f.s.),imtsa
6023,זיהה,identified,ziha
6024,גדולי,the great [of] (m.pl.),gdolei
6025,במסורת,in a tradition,bemasoret
6025,במסורת,in the tradition,bamasoret
6026,באותן,in/at the same (f.pl.),be'otan
6027,נהוגה,customary / conventional / driven (f.s.),nahuga
6028,מאפשרים,enable / facilitate (m.pl.),me'afsherim
6029,מסמל,symbolizes,mesamel
6030,תלמידו,his pupil / his student,talmido
6031,תופעת,the phenomenon of,tofa'at
6032,ויין,and wine,veyayin
6033,המדוברת,the said / that was spoken (f.s.),hameduberet
6034,התמודדות,confrontation / competition / dealing,hitmodedut
6035,העזר,the aid / the auxiliary,ha'ezer
6036,הבשורה,the news,habsora
6037,דיוק,precision / accuracy,diyuk
6038,בעיצוב,design of,be'itsuv
6039,בחולות,in the sands,bakholot
6040,בגמר,the the end / at the final,bagmar
6040,בגמר,at the end of,bigmar
6041,נחושת,copper,nekhoshet
6042,האוריינט,the orient,ha'oriyent
6043,בשיטת,by the method of,beshitat
6044,הקיימים,that exist (m.pl.),hakayamim
6045,בפילוסופיה,in philosophy,befilosofia
6046,המדעית,the scientific,hamada'it
6047,מתבטא,expresses himself (m.s.),mitbate
6048,מובהקת,unmistakable / significant (m.s.),muvheket
6049,לפילוסופיה,to/for philosophy,lefilosofia
6049,לפילוסופיה,to/for the philosophy,lafilosofia
6050,ומקום,and a place,vemakom
6051,חברתיות,social (f.pl.),khevratiyot
6051,חברתיות,sociability,khevratiyut
6052,בעבודתו,in/at his work,be'avodato
6053,לסדרה,to/for a series,lesidra
6053,לסדרה,to/for the series,lasidra
6054,אנדרטת,monument of,andartat
6055,כתיבת,writing of,ktiva
6056,דרמה,drama,drama
6057,סיפוריו,his stories,sipurav
6058,אולפני,the studios of,ulpenei
6059,סרטוני,film strips of,sirtonei
6060,ההפקה,the production,hahafaka
6061,מיוצר,is produced,meyutsar
6062,הלוואי,I wish / if only,halevai
6063,לפירוט,to detailing / to the detailing of,lepeyrut
6063,לפירוט,to the detailing,laperut
6064,הגדלת,increase / enlargement,hagdalat
6065,דגי,fish of,dgei
6066,תזונה,nutrition,tzuna
6067,השורשים,the roots,hashorashim
6068,הפסקול,the soundtrack,hapaskol
6069,האינטראקציות,the interactions,ha'inter'aktsyot
6070,בבעלי,[in] the owners of,beba'alei
6070,בבעלי,[in] my husband,beba'ali
6071,ממריצים,energize (m.pl.),mamritsim
6072,להגדלת,for increase of / for enlargement of,lehagdalat
6073,קליפה,peel / shell,klipa
6074,אסורות,forbidden / imprisoned (f.pl.),asurot
6075,התחרויות,the competitions,hatakhruyot
6076,רוכבים,riders,rokhvim
6077,תגובות,responses,tguvot
6078,הבדיקה,the examination,habdika
6079,מולקולה,molecule,molekula
6080,מנות,portions,manot
6081,זכרים,males,zkharim
6082,אלמוג,coral,almog
6083,התחממות,heating / warming,hitkhamemut
6084,מהרתי,I hurried / I was in a hurry,miharti
6085,חנקן,nitrogen,khankan
6086,כשאני,when I,keshe'ani
6087,התעסוקה,the employment / the occupation,hata'asuka
6088,משים,on purpose,mesim
6089,ששם,that/who placed / that/who put (m.s.),shesam
6089,ששם,that is there / that there,shesham
6089,ששם,that the name of / that a name,sheshem
6090,אעשה,I will do,e'ese
6091,האופוזיציה,the opposition,ha'opozitsya
6092,ראשיהם,their heads,rasheyhem
6093,מתה,dead / died (f.s.),meta
6094,מנוח,rest / deceased,mano'akh
6095,לסעוד,to eat / to dine / to assist (nursing),lis'od
6096,שמים,sky,shamayim
6097,עכביש,spider,akavish
6098,חניון,parking lot,khenyon
6099,כנפיים,wings,knafayim
6100,הפחות,the inferior / the lesser,hapakhut
6101,בצהריים,at noon,batsohorayim
6102,נשאה,carried / married (f.s.),nas'a
6103,נקי,clean / net,naki
6104,יתן,will give (m.s.),yiten
6105,וחזר,and returned / and repeated (m.s.),vekhazar
6106,חור,hole / aperture,khor
6107,אבדה,was lost (f.s.),avda
6107,אבדה,loss / something which is lost / casualty,aveda
6108,באלה,in these,be'ele
6109,צרות,troubles / narrow (f.pl.),tsarot
6110,נפשו,his soul / his spirit / his life,nafsho
6111,להשיב,to reply / to return [something],lehashiv
6112,להסתפק,to be satisfied with / to be content with,lehistapek
6113,עשב,grass / weed,esev
6114,הרופא,the physician,harofe
6115,ברכה,blessing / greeting,brakha
6116,מאחד,unites (m.s.),me'akhed
6116,מאחד,from one,me'ekhad
6117,לתא,to/for the cell,lata
6117,לתא,to/for a cell,leta
6118,לשלום,for the peace,lashalom
6118,לשלום,for peace / in peace,leshalom
6118,לשלום,to/for the peace,lashalom
6119,להסכים,to agree,lehaskim
6120,וכדי,and in order to,vekedei
6121,חורף,winter,khoref
6122,אונים,strength / power,onim
6123,אבנים,stones,avanim
6124,השחר,[the] dawn,hashakhar
6125,הזרה,the foreign / the stranger (f.s),hazara
6126,בוחן,examiner / examines (m.s.),bokhen
6126,בוחן,examination,bokhan
6127,ראיות,evidence (pl.),re'ayot
6128,צאת,the exit of,tset
6129,נעלמה,disappeared / hidden / concealed (f.s.),ne'elma
6130,מומחים,specialists / experts,mumkhim
6131,מקומה,her place,mekoma
6132,מרובה,numerous / poly- / multiple- (m.s.),merube
6133,ידידות,friendship,yedidut
6134,לשירה,to/for the singing / to/for the poetry,lashira
6134,לשירה,to/for singing / to/for poetry / to/for her song,leshira
6135,ומי,and who / and whom,vemi / umi
6136,ולפי,and according to,ulefi
6137,וכיוצא,and so on / etc.,vekhayotse [baze]
6138,שמרה,kept / guarded / protected (f.s.),shamra
6139,שיהיו,that/who will be (pl.),sheyihiyu
6140,חליפות,alternately / suits,khalifot
6141,חם,hot / warm,kham
6142,כשם,as / as the name of,keshem
6143,התפטרותו,his resignation,hitpatruto
6144,הודעה,message / notice,hoda'a
6145,השרים,the ministers,hasarim
6146,הפירות,the fruits,haperot
6147,הפלא,the wonder / the miracle,hapele
6147,הפלא,miraculously / unbelievably / how wonderful,hafle [vafele]
6148,העיכול,the digestion,ha'ikul
6149,דובר,speaker,dover
6150,בוטל,canceled,butal
6151,בקשת,request for / request of,bakashat
6151,בקשת,[in] an arch / [in] a rainbow,bekeshet
6152,בחומר,[in] a material / with a material / with clay,bekhomer
6152,בחומר,[in] the material / with the material / with the clay,bakhomer
6153,בראשה,in her head / at its top / led by,berosha
6154,נובל,wilting,novel
6154,נובל,Nobel,nobel
6155,נכנסה,entered (f.s.),nikhnesa
6156,מושבה,village / colony,moshava
6157,מוכרים,known / familiar (m.s.),mukarim
6157,מוכרים,sell (m.pl.) / sellers / salesmen,mokhrim
6158,מעגל,circle,ma'agal
6159,מאותו,from the same,me'oto
6160,מחברת,author / connects / links (f.s.),mekhaberet
6160,מחברת,notebook,makhberet
6160,מחברת,from the company of,mekhevrat
6161,מביניהם,from between them / from among them,mibeinehem
6162,מבקר,visitor / critic / inspector,mevaker
6163,מסוגלת,capable (f.s.),mesugelet
6164,יופי,beauty,yofi
6165,למאה,to/for a hundred,leme'a
6165,למאה,to/for the century,lame'a
6166,לשוני,lingual / my tongue,leshoni
6166,לשוני,to the difference,lashoni
6167,לפתור,to solve,liftor
6168,לחתום,to sign,lakhtom
6169,לחזק,to strengthen,lekhazek
6170,להגביר,to increase / to amplify / to strengthen,lehagbir
6171,לרשותו,at his disposal,lirshuto
6172,לסיפור,to/for a story,lesipur
6172,לסיפור,to/for the story,lasipur
6173,לסיבוב,to/for/per round / to/for/per revolution,lesivuv
6173,לסיבוב,to/for the round / to/for the revolution,lasivuv
6174,ומוות,and death,umavet
6175,ומעט,and a little / and a few,ume'at
6176,ואמצעי,and means / and middle,ve'emtsa'i
6177,וגורם,and a factor / and a cause / and causes (m.s.),vegorem
6178,שייכים,belong / relevant (m.pl.),shayakhim
6179,שלג,snow,sheleg
6180,שאיפשר,that enabled / that facilitated (m.s.),she'ifsher
6181,שבועיים,fortnight,shvu'ayim
6182,שנפל,that/who fell (m.s.),shenafal
6183,פתאומי,sudden,pit'omi
6184,פסולת,waste,psolet
6185,עורר,woke / has excited (m.s.),orer
6186,עזבה,left (f.s.),azva
6187,עצומה,huge / petition (f.s.),atsuma
6188,זעירים,tiny (pl.),ze'irim
6189,זרות,foreign / strangers (f.pl.),zarot
6190,כוס,glass / cup,kos
6191,כפות,spoons / palms,kapot
6192,כרכים,volumes,krakhim
6193,המלא,the full / the complete (m.s.),hamale
6194,המתיישבים,the settlers,hamityashvim
6195,המהירות,the speed / the velocity,hamehirut
6196,המהווה,that is / that constitutes (m.s.),hamehave
6197,התנגדה,resisted / objected (f.s.),hitnagda
6198,הקלה,the easy / the light weight (f.s.),hakala
6199,הקטע,the segment / the section,haketa
6200,העיסוק,the occupation / the work,ha'isuk
6201,העלו,raised / increased / lifted / brought up (pl.),he'elu
6202,הבעלים,owners / husbands,be'alim
6203,הראייה,the sight / the eye sight / the vision / the seeing,hare'iya
6204,דקר,pierced / punctured / stabbed,dakar
6204,דקר,pick,deker
6205,במתכוון,intentionally,bemitkaven
6206,ביקשה,asked / requested (f.s.),biksha
6207,בוודאות,definitely / for certain / at a certainty [of],bevada'ut
6208,בשורה,tidings / news,besora
6208,בשורה,in the line,bashura
6208,בשורה,in a line / in line,beshura
6209,בשדות,in the fields,basadot
6209,בשדות,in fields,besadot
6210,בניתוח,in surgery / in analysis,benitu'akh
6210,בניתוח,in the surgery / in the analysis,banitu'akh
6211,רכש,acquisition,rekhesh
6211,רכש,purchased (m.s.),rakhash
6212,ניצול,use / exploit,nitsul
6212,ניצול,survivor (m.s.),nitsol
6213,נאות,good looking (f.pl.) / appropriate,na'ot
6214,נחרצות,resolved (adj.) (f.pl.) / with resolution / absolutely,nekhratsot
6215,נגרמת,is caused (f.s.),nigremet
6216,נסיבות,circumstances,nesibot
6217,לקיסר,to/for a Caesar,lekeisar
6217,לקיסר,to/for the Caesar,lakeisar
6218,האווירית,the aero / the aerial (f.s.),ha'avirit
6219,הבריגדות,the brigades,habrigadot
6220,למחנות,to/for camps,lemakhanot
6220,למחנות,to/for the camps / to/for the groups,lamakhanot
6221,לחיילים,to/for soldiers,lekhayalim
6221,לחיילים,to/for the soldiers,lakhayalim
6222,עליונות,supremacy / superiority,elyonut
6223,בוש,ashamed / be ashamed (m.s.),bosh
6224,להכריז,to proclaim / to announce / to declare,lehakhriz
6225,התיקון,the correction / the repair,hatikun
6226,התקדמו,advanced / made a progress (pl.),hitkadmu
6227,נכבשה,was conquered,nikhbesha
6228,תמכה,supported (f.s.),tamkha
6229,שטחה,its area,shitkha
6230,שנמשכה,that lasted / that was pulled / that was attracted / that was withdrawn (f.s.),shenimshekha
6231,התמיכה,the support,hatmikha
6232,רפורמות,reforms,reformot
6233,מצוידים,equipped (m.pl.),metsuyadim
6234,מנו,counted / included (pl.),manu
6235,לכינוי,to/for a nickname,lekhinui
6235,לכינוי,to/for the nickname,lakinui
6236,תקיפה,attack,tkifa
6237,ולנסות,and to try,ulenasot
6238,וגרם,and caused (m.s.),vegaram
6238,וגרם,and an object,vegerem
6239,המקדשים,the shrines / the temples,hamikdashim
6239,המקדשים,the sanctifiers / that/who sanctifies,hamekadshim
6240,הוחלף,was replaced,hukhlaf
6241,החקלאית,the agricultural / the farmer (f.s.),hakhakla'it
6242,הראשונית,the preliminary / the primary (f.s.),harishonit
6243,בגבהים,at heights,begvahim
6243,בגבהים,at the heights,bagvahim
6244,צבאיות,militarism,tsva'iyut
6244,צבאיות,military,tsva'iyot
6245,נאמנות,loyalty / faithfulness,ne'emanut
6245,נאמנות,loyal / trustees (f.pl.),ne'emanot
6246,מקצוע,profession,miktso'a
6247,מסילת,track of / rail of,mesilat
6248,קציני,the officers of,ktsinei
6249,אולטימטום,ultimatum,ultimatum
6250,אחרון,last (m.s.),akharon
6251,המוסר,the morale / the ethics,hamusar
6251,המוסר,the deliverer,hamoser
6252,המעורבים,the ones involved,hame'oravim
6253,השיג,achieved / criticized (m.s.),hesig
6254,הפולחן,the rite / the ritual / the sacramental,hapulkhan
6255,האידאולוגיה,the ideology,ha'ide'ologia
6256,בידיו,in his hands,beyadav
6257,בפעולה,in action / in operation,bif'ula
6258,בסיסיות,basic (f.pl.),bsisiyot
6259,סלילת,paving of,slilat
6260,נלקח,was taken (m.s.),nilkakh
6261,מוקדמת,early / preliminary (f.s.),mukdemet
6262,מעורבת,mixed / involved (f.s.),me'orevet
6263,לבגרות,to adulthood / to maturity / to puberty,le'bagrut
6264,תפס,caught / perceived (m.s.),tafas
6265,ותחמושת,and ammunition,vetakhmoshet
6266,וקיבל,and received / and accepted,vekibel
6267,וצפון,and north,vetsafon
6268,שמרו,kept / guarded / protected (pl.),shamru
6269,שיפור,improvement,shipur
6270,שורת,the line of,shurat
6271,שקיבלה,that/who received / that/who accepted (f.s.),shekibla
6272,שעסקו,that/who dealt / that/who engaged / that/who worked (pl.),asku
6273,שהציע,that proposed / that suggested / that offered (m.s.),shehetsi'a
6274,אושר,happiness,osher
6274,אושר,has been approved,ushar
6275,כלכליים,economic (m.pl.),kalkaliyim
6276,התערבות,intervention / bet,hit'arvut
6277,התחתית,the bottom / the subway,hatakhtit
6278,השגת,the achieving of / the perception of,hasagat
6279,הקרויה,that/who is called (f.s.),hakruya
6280,העוסקות,that/who deal / that/who engage / who work (f.pl.),ha'oskot
6281,ההיסטורית,the historical (f.s.),hahistorit
6282,הגיוס,the recruitment,hagiyus
6283,הבסיסיים,the basic (m.pl.),habsisiyim
6284,הרואים,that/who see (m.pl.),haro'im
6285,הצטרפה,joined (f.s.),hitstarfa
6286,הנפוץ,the common (m.s.),hanafots
6287,דינו,his judgment / his sentence / his law,dino
6288,דרמטית,dramatic (f.s.),dramatit
6289,בעוצמה,with power / with force / with intensity,be'otsma
6290,טנק,tank,tank
6291,רשימות,lists / records,reshimot
6292,סיפורו,his story,sipuro
6293,סדיר,regular,sadir
6294,מקומיות,local (f.pl.),mekomiyot
6295,מקורה,its source (f.s.),mekora
6295,מקורה,its beak (f.s.),makora
6295,מקורה,roofed,mekure
6296,מרכיבים,components / assemble / install (m.pl.),markivim
6297,לתנועת,to the motion of / to the movement of / to the traffic of,litnu'at
6298,לערער,to appeal / to undermine,le'ar'er
6299,תפקידם,their role,tafkidam
6300,והפכו,and inverted / and converted / and turned / and become / and transformed (pl.),vehafkhu
6301,שוטרים,policemen,shotrim
6302,שפורסם,that was published / that was advertised,shepursam
6303,קטעי,segments of / sections of,kit'ei
6304,פריטים,items,pritim
6305,עיקרי,main / principal / primary (m.s.),ikari
6305,עיקרי,highlights / main points,ikarei
6306,עותקים,duplicates,otakim
6307,חוליות,links / copula / vertebrate,khulyot
6308,כאתר,as a site,ke'atar
6309,המתרחש,that is happening,hamitrakhesh
6310,המולד,birth / new moon,hamolad
6310,המולד,the innate,hamulad
6311,המוקדם,the early / the preliminary (m.s.),hamukdam
6312,המורכב,the complex / the assembled / that is assembled,hamurkav
6313,היוצר,that/who creates (m.s.) / the creator / the artist / the maker,hayotser
6314,הלה,that one,hala
6315,התמנה,was appointed / was nominated,hitmana
6316,התנהגותו,his behavior,hitnahaguto
6317,הפסיד,lost (m.s.),hifsid
6318,העשור,the decade,ha'asor
6319,ההרס,the destruction / the demolition,haheres
6320,הסמלים,the symbols,hasmalim
6320,הסמלים,the sergeants,hasamalim
6321,דהיינו,meaning / namely,dehainu
6322,דגם,sampler,dogem
6323,בתוואי,in a path / in a way,betvai
6323,בתוואי,in the path / in the way,batvai
6324,בעיירה,in a small town,be'ayara
6324,בעיירה,in the small town,ba'ayara
6325,בצעירותו,in his youth,bits'iruto
6326,טור,line / series / column,tur
6327,צבעי,painter,tsaba'i
6328,נחשף,was exposed (m.s.),nekhsaf
6329,מבתי,from my daughter,mibiti
6330,תש,was exhausted / worn out / weakened,tash
6331,הסניף,the branch,hasnif
6332,ביהודים,among the Jews,bayehudim
6333,מתחם,site / defined area,mitkham
6334,ייעודו,his mission,ye'udo
6335,דרור,freedom,dror
6336,באישור,with the approval of,be'ishur
6337,שאול,borrowed,sha'ul
6337,שאול,hell,sh'ol
6338,בחיל,in the forces of,bekheil
6338,בחיל,with fear,bekhil
6339,נציג,representative,natsig
6340,שירותים,services / toilets,sherutim
6341,שכונות,neighborhoods,shkhunot
6342,מכוניות,cars,mekhoniyot
6343,האדריכלים,the architects,ha'adrikhalim
6344,הרמה,lifting / the highland,harama
6345,ופיתוח,and development / and the development of,ufitu'akh
6346,אינתיפאדת,Intifada of (uprising of),intifadat
6347,מידת,measure of / size of / quality of,midat
6348,מופת,example / ideal / sign,mofet
6349,מספק,satisfying / supplies (m.s.),mesapek
6350,שילב,combined (m.s.),shilev
6351,אגודת,association of,agudat
6352,היוצרים,the creators / the artists / the makers,hayotsrim
6353,השיא,the top / the peak / the record,hasi
6354,הפלגה,sailing,haflaga
6355,הבורות,the holes / the pits,haborot
6355,הבורות,the ignorance,haburut
6356,רבת,with many,rabat
6357,מובילים,leaders / transporters (m.),movilim
6358,מונע,prevents (m.s.),mone'a
6359,מצומצם,reduced / minimized,metsumtsam
6360,לחלופין,alternately,lekhilufin
6361,לאותה,to/for the same (f.s.),le'ota
6362,להתפתחות,for development,lehitpatkhut
6362,להתפתחות,for the development,lahitpatkhut
6363,תופס,catches / perceives (m.s.),tofes
6364,ומכאן,and from here / hence,umikan
6365,אורגניזמים,organisms,organismim
6366,ארצי,my country / terrestrial / earthy,artsi
6367,כדוגמה,as a sample / as an example,kedugma
6368,היחסי,the relative,hayakhasi
6369,היבטים,aspects/ views,hebetim
6370,הדמיון,the imagination / the fantasy / the resemblance,hadimyon
6371,בפרויקט,in a project,bifroyekt
6371,בפרויקט,in the project,baproyekt
6372,באירועים,in events,be'eru'im
6372,באירועים,in the events,ba'eru'im
6373,הפרויקט,the project,haproyekt
6374,כללים,rules,klalim
6375,מתקיימת,held / carried out / maintained / survives (f.s.),mitkayemet
6376,מנגנונים,systems / mechanisms,manganonim
6377,מצטרפים,join (m.pl.),mitstarfim
6378,פעלים,acts / verbs,pe'alim
6379,המושגית,the conceptual (f.s.),hamusagit
6380,הגאונים,the geniuses,hage'onim
6381,צריכת,consumption of,tsrikhat
6382,אנדרטאות,monuments,andarta'ot
6383,בתרגום,in translation / translated,betargum
6383,בתרגום,in the translation,batargum
6384,מתחום,from a field / from an area / from a range,mitkhum
6385,קולט,takes in / receives (m.s.),kolet
6386,התכונות,the characters / the attributes,hatkhunot
6387,הפרעה,disturbance,hafra'a
6388,הסימנים,the signs,hasimanim
6389,אליפות,championship,alifut
6390,בחמצן,in/with oxygen,bekhamtsan
6390,בחמצן,in/with the oxygen,bakhamtsan
6391,במעבדה,in/at a laboratory,bema'abada
6391,במעבדה,in/at the laboratory,bama'abada
6392,נשימה,breath / breathing,neshima
6393,נשאי,carriers of,nasa'ei
6394,לווייתנים,whales,livyatanim
6395,גרורות,metastasis,grurot
6396,נאכלו,were eaten,ne'ekhlu
6397,מאתו,from him,me'ito
6398,מכוער,ugly,mekho'ar
6399,מהוגן,decent / honest,mehugan
6400,יתכן,possible,yitakhen
6401,יען,since,ya'an
6402,ידידי,my friend,yedidi
6402,ידידי,my friends,yedidai
6402,ידידי,the friends of,yedidei
6403,לפטפט,to chat,lefatpet
6404,תואיל,you will be willing (m.s.) / she will be willing,to'il
6405,וארגיש,and I will feel / and I will sense,ve'argish
6406,ואנה,and where,ve'ana
6406,ואנה,hither and thither,[ane] va'ana
6407,שהייתי,that I was,shehayiti
6408,שטויות,nonsense,shtuyot
6409,עפו,flew (pl.),afu
6410,זוכר,remembers (m.s.),zokher
6411,אהיה,I will be,eheye
6412,זרחה,shone / was shining (f.s.),zarkha
6413,כִאלו,like these / like those,ka'elu
6414,כהוגן,very,kahogen
6415,התפלה,desalination,hatpala
6416,השזיפים,the plums,hashezifim
6417,הפרדס,the orchard,hapardes
6418,העורב,the raven,ha'orev
6419,האמנם,is it possible / is that so?,ha'umnam
6420,הגלמים,the dummies / the stupid / the cocoons,haglamim
6421,הגלעין,the pit,hagal'in
6422,הצעירות,the young (f.pl.),hatse'irot
6423,הצנימים,the toasts,hatsnimim
6424,גמרתי,I finished,gamarti
6425,בעינים,in/with eyes,be'einayim
6425,בעינים,in/with the eyes,ba'einayim
6426,בחזקה,in the possession,bekhazaka
6426,בחזקה,power (math.),bekhezka
6427,בהביטי,when I look,behabiti
6428,בטח,sure / certainly / must be,betakh
6428,בטח,trusted (m.s.),batakh
6429,רגליה,her legs,ragleha
6430,צרורי,my bundle / my package,tsrori
6431,סביבי,around me,svivi
6432,נאנח,moaned (m.s.),ne'enakh
6433,מישהו,someone / somebody,mishehu
6434,יעלה,will rise / will increase / will lift / will come up / will bring up (m.s.),ya'ale
6435,ענו,answered (pl.),anu
6436,זקנה,old (f.s.),zkena
6437,התפוחים,the apples,hatapu'khim
6437,התפוחים,the tumid (m.pl.),hatfukhim
6438,הנם,are,hinam
6439,במוחי,in my brain,bemokhi
6440,בזהירות,carefully,biz'hirut
6441,בצחוק,jokingly,bits'khok
6442,ומדי,and whenever / and as often as,umidei
6442,ומדי,and the uniform of,umadei
6443,והשמש,and the sun,vehashemeh
6443,והשמש,and the attendant,vehashamash
6444,עבה,thick,ave
6445,אליכם,to you (m.pl.),eleikhem
6446,אשם,guilty,ashem
6446,אשם,guilt,asham
6447,כרגע,at the moment,karega
6448,רגש,feeling / emotion,regesh
6449,סערה,storm (n.) / stormed (f.s.),se'ara
6450,מרוצה,running (n.) / sutisfied (f.s.),merutsa
6450,מרוצה,sutisfied (m.s.),merutse
6451,ידה,her hand,yada
6452,לשבוע,for the week,lashavu'a
6452,לשבוע,for a week,leshavu'a
6453,לחבית,into a barrel,lekhavit
6453,לחבית,into the barrel,lakhavit
6454,שחורה,black (f.s.),skhora
6455,הקץ,the end / the termination / the ruin,hakets
6456,הקטנות,the small / the little (f.pl.),haktanot
6457,הפקיד,the clerk / the official,hapakid
6457,הפקיד,deposited,hifkid
6458,הדעת,the mind / the knowledge / the wisdom,hada'at
6459,גדלו,grew (pl.),gadlu
6460,בתאונה,in the accident,bate'una
6460,בתאונה,in an accident,bete'una
6461,מכות,hits / strokes / blows,makot
6462,פתע,sudden / suddenly,peta
6463,עיניים,eyes,einayim
6464,אזי,then,azai
6465,היפה,the pretty / the good (m.s.),hayafe
6465,היפה,the pretty / the good (f.s.),hayafa
6466,התאבדות,suicide,hit'abdut
6467,הועיל,was useful,ho'il
6468,הרצח,the murder,haretsakh
6469,דודו,his uncle,dodo
6470,רווח,profit / gain / gap,revakh
6470,רווח,widespread / relief,ravakh
6471,צעירות,young (f.pl.),tse'irot
6472,מוצלח,successful (m.s.),mutslakh
6473,מחזה,play / show,makhaze
6474,ילדה,child (f.) / girl,yalda
6475,ישן,old (m.s.),yashan
6475,ישן,sleeping (m.s.),yashen
6476,לקלוע,to shoot / to hit (a target),liklo'a
6477,לחלל,to space,lakhalal
6478,שישב,that/who sat (m.s.),sheyashav
6479,שעתיים,two hours,sha'atayim
6480,שאליו,that to him,she'elav
6481,פן,lest,pen
6481,פן,side / characteristic,pan
6482,פנימה,inside / inwardly,pnima
6483,זרע,seed / sperm,zera
6484,המונים,crowd / a lot,hamonim
6485,המשפחות,the families,hamishpakhot
6486,המנוח,the deceased,hamano'akh
6487,הסכימה,agreed (f.s.),hiskima
6488,בלעדי,exclusive,bil'adi
6488,בלעדי,without me,bil'adai
6488,בלעדי,without,bil'adei
6489,נשמרו,were kept / were guarded / were protected,nishmeru
6490,ממשיכה,continues (f.s.),mamshikha
6491,מוכרת,known / familiar (f.s.),mukeret
6491,מוכרת,seller / salswoman / sells (f.s.),mokheret
6492,מהשדה,from the field,mehasade
6493,מבפנים,from inside,mibifnim
6494,לעובדה,to/for a fact,le'uvda
6494,לעובדה,to/for the fact,la'uvda
6495,להמתין,to wait,lehamtin
6496,תחתיו,under him/it / in his/its place,takhtav
6497,ובתוך,and inside,uvetokh
6498,שלחה,sent (f.s.),shalkha
6499,שראה,that/who saw (m.s.),shera'a
6500,פשע,crime,pesha
6500,פשע,commited a crime,pasha
6501,פרחי,flowers of,pirkhei
6502,עובדות,facts,uvdot
6502,עובדות,work / workers (f.pl.),ovdot
6503,אדירה,great / mighty / powerful (f.s.),adira
6504,כעשרים,about twenty,ke'esrim
6505,המחיר,the price,hamekhir
6506,המכונים,the institutes,hamekhonim
6506,המכונים,that are called (m.pl.),hamekhunim
6507,הפרה,breach / violation,hafara
6507,הפרה,breached (f.s.),hefera
6507,הפרה,the cow,hapara
6508,העצבים,the nerves,ha'atsabim
6509,הראי,show (f.s. imperative),har'i
6509,הראי,the mirror,hare'i
6510,בשיעור,in a lesson / to an extent,beshi'ur
6510,בשיעור,in the lesson / to the extent,bashi'ur
6511,בחרו,chose / selected / voted (pl.),bakhru
6512,ברצון,at the will of,birtson
6512,ברצון,willingly,beratson
6513,צינור,pipe,tsinor
6514,צומח,grows (m.s.) / flora,tsome'akh
6515,צפופה,dense / crowded,tsfufa
6516,נשמת,the soul of / the breath of,nishmat
6517,מלאכותי,artificial (m.s.),melakhuti
6518,מושב,cooperative settlements / seat / session,moshav
6519,משקפי,glasses of,mishkafei
6520,מפתיע,surprising,mafti'a
6521,מפרק,takes apart / dismantles (m.s.),mefarek
6521,מפרק,joint,mifrak
6522,מחולק,divided (m.s.),mekhulak
6523,מטופלים,patients / taken care of (m.pl.),metupalim
6524,למלא,to fill,lemale
6525,למקומות,to places,lemekomot
6525,למקומות,to the places,lamekomot
6526,למחלה,for sickness,lemakhala
6526,למחלה,for the sickness,lamakhala
6527,ליגת,the league of,ligat
6528,לתנועה,to a motion / to a movement/ to traffic,litnu'a
6528,לתנועה,to the motion / to the movement / to traffic,latnu'a
6529,לאו,no,lav
6530,לזכייה,for a winning,lezkhiya
6530,לזכייה,for the winning,lazkhiya
6531,תרם,donated / contributed (m.s.),taram
6532,ומת,and died,vamet
6533,ומעולם,and never,ume'olam
6534,ואנשים,and people,ve'anashim
6535,וביקש,and asked / and requested (m.s.),uvikesh
6536,שיצאה,that/who went out / that /who came out (f.s.),sheyats'a
6537,שוכנים,live / dwell (m.pl.),shokhnim
6538,שפירושו,which meaning is (m.s.),sheperusho
6539,שעיר,hairy,sa'ir
6539,שעיר,scapegoat,sa'ir [la'aza'zel]
6540,קיומם,their existence / their survival / their holding / their fulfillment (m.pl.),kiyumam
6541,פגע,hit / damaged / offended (m.s.),paga
6542,עשירים,rich (m.pl.),ashirim
6543,איומים,threats,iyumim
6543,איומים,terrible / horrible (m.pl.),ayumim
6544,חוזרת,returns (f.s.) / repeats (f.s.) / repeating,khozeret
6545,אוהד,sympathizes / sympathizer / follower / fan (m.s.),ohed
6546,זרה,foreign / stranger (f.s.),zara
6547,כנס,conference,kenes
6548,המועדון,the club,hamo'adon
6549,המסמכים,the documents,hamismakhim
6550,התיכונה,the middle (f.s.),hatikhona
6551,התקשו,hardened,hitkashu
6552,התנהלו,were managed / were conducted / walked (pl.),hitnahalu
6553,הקוראים,the readers / who read / that/who call (m.pl.),hakor'im
6554,הקריאה,the reading / the call,hakri'a
6555,הפגנות,demonstrations,hafganot
6556,העריך,assessed / estimated / appreciated (m.s.),he'erikh
6557,החקירה,the inquiry / the investigation / the inquiry,hakhakira
6558,הכינוי,the nickname,hakinui
6559,הכביש,the road,hakvish
6560,ההחלטות,the decisions,hahakhlatot
6561,הדרושה,that is required (f.s.),hadrusha
6562,הגם,although,hagam
6563,הטענות,the claims / the arguments,hata'anot
6564,דאגה,worry,de'aga
6565,דרוש,required / needed (m.s.),darush
6566,דרכם,their way / through them,darkam
6567,גזעים,trunks / races,gza'im
6568,במאמר,in an article / in a saying,be'ma'amar
6568,במאמר,in the article / in the saying,ba'ma'amar
6569,בהמות,cattle / beast / hippopotamus,behemot
6570,בבנק,in/at a bank,bebank
6570,בבנק,in/at the bank,babank
6571,בסעיף,in clause,besa'if
6571,בסעיף,in the clause,basa'if
6572,בנויה,built (adj.) (f.s.),bnuya
6573,סיבוב,rotation / revolution,sivuv
6574,סבור,thinks / assumes (m.s.),savur
6575,נלחם,fights / fought (m.s.),nilkham
6576,נוסע,goes (by a vehicle) / passenger / traveler (m.s.),nose'a
6577,נפצע,was injured (m.s.),niftsa
6578,נאכל,was eaten (m.s.),ne'ekhal
6579,נזכר,remembered,nizkar
6580,קיסרים,caesars,keysarim
6581,פשרת,compromise of / conciliation of,psharat
6582,אבירים,knights,abirim
6583,הכליאה,the incarceration,hakli'a
6584,משלוח,shipment / delivery,mishlo'akh
6585,מגננה,defensive,mignana
6586,תכניות,plans / programs / layouts,tokhniyot
6587,קצונה,commissioned rank,ktsuna
6588,פשיטות,raids / incursions,pshitot
6589,הימית,the marine (f.s.),hayamit
6590,השיש,the marble,hashayish
6591,הקיסרים,the caesars,hakeysarim
6592,הקיסרי,the caesarian,hakeysari
6593,הפדרלית,the federal (f.s.),hafederalit
6594,האבדות,the losses,ha'avedot
6595,בורים,ignorant (m.pl.),burim
6596,לעבדות,to/for slavery,le'avdut
6597,לדרגת,to a degree of / to a level of / to a rank of,ledargat
6598,וחימוש,and armament,vekhimush
6599,אסורה,forbidden / imprisoned (f.s.),asura
6600,המלחים,the salts,hamelakhim
6600,המלחים,the sailors,hamalakhim
6601,השיחות,the conversations,hasikhot
6602,הצלחות,successes,hatslakhot
6603,בחקלאות,in agriculture,bekhakla'ut
6604,מילואים,supplement / addition / reserves (military),milu'im
6605,מקדשים,shrines / temples,mikdashim
6606,מעמדות,classes,ma'amadot
6607,מסיבי,massive,masivi
6608,לפשוט,to remove / to take of / to attack,lifshot
6609,וחלקים,and parts / and smooth / and slippery (m.pl.),vekhalakim
6610,והמשיך,and continued (m.s.),vehimshikh
6611,חלשה,weak (f.s.),khalasha
6612,הקודמות,the former / the previous (f.pl.),hakodmot
6613,החקלאות,the agriculture,hakhakla'ut
6614,האסטרטגית,the strategic (f.s.),ha'estrategit
6615,הטריטוריה,the territory,hateritorya
6616,מדגם,sample (stat.),midgam
6617,ומשפחתו,and his family,umishpakhto
6618,עיתונאים,journalists,itona'im
6619,אלמנט,element,element
6620,התמוטטות,collapse / breakdown / crash,hitmotetut
6621,השלמת,completion of,hashlamat
6622,העניקו,gave (pl.),he'eniku
6623,הנצורים,the besieged / the treasured (m.pl.),hanetsurim
6624,סירות,boats,sirot
6625,לכלול,to include,likhlol
6626,תפסו,caught / perceived (pl.),tafsu
6627,ולתת,and to give,velatet
6628,ועדה,committee / commission,va'ada
6629,שנפלו,that/who fell / who were killed in action (pl.),shenaflu
6630,קמו,stood up / woke up / were established (pl.),kamu
6631,עובדי,workers of,ovdei
6632,חוות,farms,khavot
6633,אקדחים,pistols,ekdakhim
6634,חדירה,penetration / incursion,khadira
6635,המקבילה,the parallel / the simultaneous (f.s.),hamakbila
6636,הותיר,left,hotir
6637,השתמשה,used (f.s.),hishtamsha
6638,הפרטי,the private (m.s.),haprati
6639,העניקה,gave (f.s.),he'enika
6640,הציעו,proposed / suggested / offered (pl.),hetsi'u
6641,גורשו,were expelled,gorshu
6642,במשא,[in] a burden / [in] a load,bemasa
6642,במשא,[in] the burden / [in] the load,bamasa
6643,נמשכו,lasted / were pulled / were attracted / were withdrawn (f.s.),nimshekhu
6644,ממרחק,from a distance,mimerkhak
6645,מוערך,estimated / valued / appreciated,mo'arakh
6646,מוצאם,their origin (m.pl.),motsa'am
6647,מעמדה,her position / her status / her class,ma'amada
6648,מהוות,are / constitute (f.pl.),mehavot
6649,למשפט,to/for the trial,lamishpat
6649,למשפט,to/for a trial,lemishpat
6650,ללימודים,for studies,lelimudim
6650,ללימודים,for the studies,lalimudim
6651,לשעה,per hour / for an hour,lesha'a
6651,לשעה,for the hour,lasha'a
6652,לבעלי,for my husband,leba'ali
6652,לבעלי,for the owners of,leba'alei
6653,ששרדו,that/who survived,shesardu
6654,שהתנגדו,that/who resisted / who objected (pl.),shehitnagdu
6655,שבטי,tribal / my tribe,shivti
6655,שבטי,tribes of,shivtei
6656,שנויה,repeated (f.s.),shnuya
6656,שנויה,controversial / in dispute (f.s.),shnuya [bemakhloket]
6657,פירושה,its meaning / its explanation / its interpretation,perusha
6658,חומת,the wall of,khomat
6659,המופת,the example / the ideal / the sign,hamofet
6660,המערכות,the systems / the battles / the acts,hama'arakhot
6661,המאורעות,the events,hame'ora'ot
6662,המהירה,the fast / the rapid / the quick (f.s.),hamehira
6663,המס,dissolved,hemes
6663,המס,the tax,hamas
6664,הילידים,the children,hayeladim
6665,התנהל,was managed / was conducted / walked (m.s.),hitnahel
6666,השפיעו,had an effect / influenced (pl.),hishpi'u
6667,החייל,the soldier,hakhayal
6668,הכתר,the crown,haketer
6669,הציירים,the painters,hatsayarim
6670,בכינוי,by a nickname,bekhinui
6670,בכינוי,by the nikname,bakinui
6671,בגבול,at the border / at the limit,bigvul
6672,טילים,missiles,tilim
6673,טונות,tones,tonot
6674,נקראו,were read / were called,nikre'u
6675,מוצבים,posted / placed (m.pl.) / strongholds,mutsavim
6676,מקיף,surrounds / encircles / comprehensive (m.s.),mekif
6677,מרובי,numerous / poly- / multiple- (m.pl.),merubei
6678,מראים,show (m.pl.),mar'im
6679,יחסו,his attitude,yakhaso
6680,יריות,shots,yeriyot
6681,לימין,to the right,leyamin
6682,ליש,lion,layish
6683,ופינוי,and evacuation / and the evacuation of,ufinui
6684,שלפני,that before,shelifnei
6685,ששימשה,that was used for (f.s.),sheshimsha
6686,שאיננו,that/who is not / that/who is not here / that/who is missing (m.s.),she'eineno
6687,שהובילו,that/who led / that/who transported (pl.),shehovilu
6688,פלוגה,the company (mil.),hapluga
6689,עבדו,worked (pl.),avdu
6690,אזהרות,warnings,azharot
6691,אנושיים,humane (m.p.),enoshiyim
6692,המיעוטים,the minorities,hami'utim
6693,המוחלטת,the total (f.s.),hamukhletet
6694,המורכבות,the complexity,hamurkavut
6694,המורכבות,the complex / composed of (f.pl.),hamurkavot
6695,המאוחרת,the late (f.s.),ha'me'ukheret
6696,המזוהה,the identified / that/who is associated [with] (m.s.),hamezuhe
6696,המזוהה,the identified / that/who is associated [with] (f.s.),hamezuha
6697,המחזמר,the musical,hamakhazemer
6698,הלחין,composed (m.s.),hilkhin
6699,התייצב,stabilized / stood before (m.s.),hityatsev
6700,הותקף,was attacked,hutkaf
6701,הפליטים,the refugees / the survivors (m.pl.),haplitim
6702,הפגין,demonstrated (m.s.),hifgin
6703,הפסדים,losses,hefsedim
6704,העיד,testified,he'id
6705,העדר,absence / lack,he'eder
6706,ההתפתחות,the development,hahitpatkhut
6707,הדוק,tight,haduk
6708,הדרמה,the drama,hadrama
6709,הגירה,immigration,hagira
6710,הבסיסים,the bases,habsisim
6711,הרכיבה,the ride,harekhiva
6711,הרכיבה,assembled,hirkiva
6712,הנציב,the governor / the commissioner / the pillar,hanatsiv
6713,במוסדות,in institutes,bemosadot
6713,במוסדות,in the institutes,bamosadot
6713,במוסדות,in the institutes of,bemosdot
6714,ביקשו,asked / requested (pl.),bikshu
6715,בתמונה,in a picture,betmuna
6715,בתמונה,in the picture,batmuna
6716,בתוספת,in addition,betosefet
6717,בקהילה,in a community,bekehila
6717,בקהילה,in the community,bakehila
6718,בקבוצת,in a group of / in the group of,bikvutsat
6719,בקבוצות,in groups / in the groups of,bikvutsot
6719,בקבוצות,in the groups,bakvutsot
6720,בפסטיבל,in the festival,bafestival
6721,בצפונה,on the north of,bitsfona
6722,בנייני,buildings of,binyanei
6723,צרה,trouble / narrow / enemy (f.s.),tsara
6724,סצינות,scenes,stsenot
6725,נמכרו,were sold,nimkeru
6726,נדירים,rare (m.pl.),nedirim
6727,נבחרה,was elected / was selected (f.s.),nivkhara
6728,מנשייה,from oblivion,mineshiya
6729,הקרבית,the combat (adj.) (f.s.),hakravit
6730,הפרדות,separations,hafradot
6731,האוטובוס,the bus,ha'otobus
6732,הנפת,lifting the / waving the,hanafat
6733,פלסים,levels,plasim
6734,ארכאולוגיים,archeological,arkhe'ologiyim
6735,ההשמדה,the destroying / the extermination,hahashmada
6736,הנדסית,geometric / of engineering (f.s.),handasit
6737,בגדוד,in a regiment,begdud
6737,בגדוד,in the regiment,bagdud
6738,מכני,mechanical,mekhani
6739,מוזכרים,mentioned (m.pl.),muzkarim
6740,למימון,for financing,lemimun
6741,דאז,then / former,de'az
6742,בסלע,in rock,basela
6742,בסלע,speech is silver,[mila] besela
6743,סבא,grandfather,saba
6744,מילא,never mind / so be it,meila
6744,מילא,filled (m.s.),mila
6745,קרקעיים,ground (adj.) (m.pl.),karka'iyim
6746,עלייתם,their rise / their increase / their immigration,aliyatam
6747,חנויות,stores / shops,khanuyot
6748,ציבוריים,public (m.pl.),tsiburiyim
6749,נחלת,estate of / land of / heritage of,nakhalat
6750,פטירתו,his death,ptirato
6751,פסוקים,verses,psukim
6752,ההיסטוריים,the historical (m.pl.),hahistoriyim
6753,הגוש,the lump / the block / the mass / the region,hagush
6754,בקירוב,approximately,bekeruv
6755,מוקד,center / focus / fire,moked
6756,וצמחים,and plants,vetsmakhim
6757,שוויון,equality,shivyon
6758,שהרי,you see / since / because,sheharei
6759,עסקה,dealt / engaged / worked (f.s.),aska
6760,אופייניים,characteristic (m.pl.),ofyaniyim
6761,השונה,the different / that/who is different (m.s.),hashone
6762,הספרותית,the literary (f.s.),hasafrutit
6763,גון,shade / hue,gon
6764,ספירת,counting of,sfirat
6765,מייחסים,ascribe (m.pl.),meyakhasim
6766,מציאות,reality,metsi'ut
6767,מניעת,prevention of,meni'at
6768,ייחודיים,unique (m.pl.),yikhudiyim
6769,ללשון,to/for the language of,lilshon
6769,ללשון,to/for the tongue / to/for the language,lalashon
6770,תפיסת,catching of / capture of / grasp of / seizure of / perception of,tfisat
6771,פוליטיקה,politics,politica
6772,הישירה,the direct (f.s.),hayeshira
6773,השוויון,the equality,hashivyon
6774,גיבור,hero,gibor
6775,גשמים,rains,gshamim
6776,בחרב,by sword / by a sword,bekherev
6776,בחרב,by the sword,bakherev
6777,בכתביו,in his works (of an author),bikhtavav
6778,טמפרטורת,temperature of,temperaturat
6779,רוכבי,the riders of,rokhvei
6780,נתפסת,is caught / is perceived (f.s.),nitpeset
6781,אורות,lights,orot
6782,החופשי,the free (m.s.),hakhofshi
6783,השבעה,the seven / Shiva (the seven days of mourning),hashiv'a
6783,השבעה,swearing in,hashba'a
6783,השבעה,the satisfied / the full (not hungry) (f.s.),hasve'a
6784,מתקיימות,held / carried out / maintained / survive (f.pl.),mitkaymot
6785,מרכיב,component / assembles / installs (m.s.),markiv
6786,למגוון,to a variety,lemigvan
6786,למגוון,to the variety,lamigvan
6787,האוכלוסין,the population,ha'ukhlusin
6788,קריטריונים,criteria,kriteryonim
6789,כתר,crown,keter
6790,קריירה,career,karyera
6791,משפטים,trials / sentences,mishpatim
6792,יונה,dove / pigeon,yona
6793,ובמידה,and of a measure / and of size / of a quality / to the extent that / [if (slang)],uvemida
6794,פיזי,physical,fizi
6795,התוצר,the product,hatotsar
6796,האבולוציוני,the evolutionary (m.s.),ha'evulutsyoni
6797,הכבידה,gravitation,hakvida
6798,בהשראת,inspired by,behashra'at
6799,רש,poor,rash
6800,נעוריו,his youth,ne'urav
6801,עונתה,was tortured (f.s.),unta
6802,המתמטיקאים,the mathematicians,hamatematika'im
6803,היומיומי,the daily,hayomyomi
6804,הקולנועית,the cinematic,hakolno'it
6805,הפיוט,the hymn,hapiyut
6806,העקיף,the indirect / the vicarious / the bypass,ha'akif
6807,דקדוקית,grammatical (f.s.) / grammatically,dikdukit
6808,בסטודיו,in/at a studio,bestudio
6808,בסטודיו,in/at the studio,bastudio
6809,צייר,painter,tsayar
6809,צייר,painted,tsiyer
6810,ביקורתית,critical (f.s.),bikortit
6811,מתמטיקאים,mathematicians,matematika'im
6812,בטכניקות,using techniques,betekhnikot
6812,בטכניקות,using the techniques,batekhnikot
6813,בחלל,in space,bakhalal
6814,מפיק,producer,mefik
6815,פסקול,soundtrack,paskol
6816,תוצרי,products of,totsrei
6817,שניות,seconds,shniyot
6818,הפואטית,the poetic,hapo'etit
6819,הספורטאים,the athletes,hasporta'im
6820,מהלומות,strokes,mahalumot
6821,אווירנית,aerobic (f.s.),aviranit
6822,האסורות,the forbidden / the imprisoned (f.pl.),ha'asurot
6823,בטא,express (m.s. imperative),bate
6824,בסיסים,bases,bsisim
6825,מולקולרית,molecular,molekularit
6826,נוזלים,liquids / fluids / running / leaking (m.pl.),nozlim
6827,מדענים,scientists,mad'anim
6828,הנגיפים,the viruses,hanegifim
6829,ההדבקה,the gluing / the infecting,hahadbaka
6830,מוחי,cerebral / my brain,mokhi
6831,שאוכל,that I will be able,she'ukhal
6831,שאוכל,that I will eat,she'okhal
6831,שאוכל,that/who eats (m.s.),she'okhel
6831,שאוכל,that was consumed / that was burnt,she'ukal
6832,פקדה,commanded / ordered / visited / attended (f.s.),pakda
6833,בנשף,at/in a ball / at/in a party,beneshef
6833,בנשף,at/in the ball / at/in the party,baneshef
6834,ספסל,bench,safsal
6835,עצבי,nerves of,itsbei
6836,הרבע,the quarter,hareva
6837,לסבול,to suffer,lisbol
6838,כאב,pain,ke'ev
6839,החרדית,the orthodox (f.s.),hakharedit
6840,הבריות,the people,habriyot
6841,גמורה,total / complete / finished (f.s.),gmura
6842,בקושי,hardly,bekoshi
6843,מלפני,from before,milifnei
6844,מלכות,kingdom / kingship,malkhut
6844,מלכות,queens,malkot
6845,מבקשת,ask / request (f.pl.),mevakshot
6846,לעצמה,for herself,le'atsma
6847,לצמוח,to grow,litsmo'akh
6848,אורחים,guests,orkhim
6849,כתמים,stains,ktamim
6850,המופע,the show / the performance,hamofa
6851,הורגים,kill (m.pl.),horgim
6852,הוסיפו,added (pl.),hosifu
6853,השלג,the snow,hasheleg
6854,הפגישה,the meeting,hapgisha
6855,הציפור,the bird,hatsipor
6856,בדרכי,on my way / my way,bedarki
6857,רצתה,wanted (f.s.),ratsta
6858,נהיה,became (m.s.),nihiya
6858,נהיה,we will be,nihiye
6859,מוצאת,finds (f.s.),motset
6860,משוכנע,convinced (m.s.),meshukhna
6861,והוסיף,and added (m.s.),vehosif
6862,שהו,stayed (pl.),shahu
6863,קיץ,summer,kayits
6864,עובד,works (m.s.),oved
6865,חשבונות,arithmetic / accounts / bills,kheshbonot
6866,כמי,as who / as whom,kemi
6867,היריבות,the rivalry,hayerivut
6868,בדים,linen / lies,badim
6868,בדים,fabricated story,[sipur] badim
6869,בריא,healthy (m.s.),bari
6870,נעלמו,disappeared / hidden / concealed (pl.),ne'elmu
6871,מתי,when,matai
6872,מונחים,terms / placed / lying (m.pl.),munakhim
6873,יקרות,dear / expensive (f.pl.),yekarot
6874,לקרקע,to ground,lekarke'a
6875,לבוש,clothing,levush
6876,שייכת,belongs / relevant (f.s.),shayekhet
6877,שקטה,quiet / silent (f.s.),shketa
6877,שקטה,calmed down / became quiet (f.s.),shakta
6878,קום,get up (m.s. imperative),kum
6879,קור,cold,kor
6880,קבעה,determined / fixed / set (f.s.),kav'a
6881,פומבי,public / overt (m.s.),pumbi
6882,פסוק,verse,pasuk
6883,עמי,my people,ami
6884,עצרה,stopped / arrested (f.s.),atsra
6885,חילופי,spare,khilufi
6886,זעיר,tiny,za'ir
6887,כחודש,approximately one month,kekhodesh
6888,כחצי,approximately half,kekhetsi
6889,כבן,as a son,keven
6890,כביכול,supposedly / so to speak / so called,kivyakhol
6891,המדיני,the political (m.s.),hamedini
6892,הקירות,the walls,hakirot
6893,האחורי,the back / the rear (m.s.),ha'akhori
6894,הדיבור,the speech,hadibur
6895,בליווי,accompanied by,belivui
6896,בודדות,lonely / single (f.pl.),bodedot
6897,בהתאמה,correspondingly / respectively / compatibly / harmonically,behat'ama
6898,רבני,rabbinical,rabani
6899,סיר,pot,sir
6900,נים,capillary / asleep,nim
6901,נופל,falls (m.s.),nofel
6902,נערים,boys / youngsters,ne'arim
6903,מלאות,full / complete (f.pl.),mele'ot
6904,מעלים,hides (m.s.) / conceals (m.s.) / rise (m.pl.) / lift (m.pl.),ma'alim
6905,מחוסר,lacking / without / --less (m.s.),mekhusar
6906,מחזיר,returns (m.s.),makhzir
6907,מזהה,identifies / recognizes (m.s.),mezahe
6908,מאבקים,struggles / fights / conflicts,ma'avakim
6909,מד,meter / gauge,mad
6910,מספרי,my number / numerical,mispari
6910,מספרי,from my book,mesifri
6910,מספרי,from the book of,misifrei
6911,יוצאת,goes out / comes out (f.s.),yotset
6912,ליהנות,to enjoy,lehenot
6913,לחמוק,to evade / to avoid / to run away / to slip away,lakhamok
6914,לאין,without,le'ein
6915,לחיי,to the life of (m.) / cheers,lekhayei
6916,לבדה,alone / by herself (f.s.),levada
6917,לרעיון,to the idea,lara'ayon
6918,תרופה,medication / drug,trufa
6919,וקרא,and read / and called (m.s.),vekara
6920,ואיש,and a man / and a person,ve'ish
6921,ובעולם,and in the world,uva'olam
6922,וראו,and saw (pl.),vera'u
6922,וראו,and look / and see (pl. imperative),ur'u
6923,וניסה,and tried (m.s.),venisa
6924,שמועות,rumors,shmu'ot
6925,שמרני,conservative (m.s.),shamrani
6926,שירותי,services of / toilets of,sherutei
6927,שקיעת,sinking of / decline of / setting of,shki'at
6928,שעליהם,that on them / that about them / on whom / about whom (m.pl.),she'aleihem
6929,שאיפה,aspiration / inhalation,she'ifa
6930,שכנה,neighbor (f.s.),shkhena
6930,שכנה,lived / dwelt (f.s.),shakhna
6931,שהעניקו,that/who gave (pl.),shehe'eniku
6932,שניתנו,that were given,shenitnu
6933,קריאת,reading of / call of,kri'at
6934,פרסומים,publications / advertisements,pirsumim
6935,עממית,popular / national / folk (f.s.),amamit
6936,עשן,smoke,ashan
6937,עצומות,huge (f.pl.),atsumot
6938,חולי,sickness,kholi
6939,חודשיים,two months,khodshayim
6940,זורמים,flow (v.) (m.pl.),zormim
6941,חריגים,exceptions / deviations / irregular,kharigim
6942,כופה,imposes (m.s.),kofe
6943,כדורי,spherical / round,kaduri
6944,כדורסל,basketball,kadursal
6945,המפגינים,the demonstrators,ha'mafginim
6946,המבוגר,the adult,hamevugar
6947,התפטר,resigned (m.s.),hitpater
6948,הקצר,the short,hakatsar
6949,הפצת,distribution of,hafatsat
6950,העסקים,the business,ha'asakim
6951,החיזור,the courting / reduction (chemistry),hakhizur
6952,הזירה,the arena / the scene,hazira
6953,החלטת,decision of,hakhlatat
6954,האשמה,the blame / the guilt,ha'ashma
6955,הזאב,the wolf,haze'ev
6956,הכבד,the heavy,hakaved
6957,הכספית,the mercury,hakaspit
6958,הגודל,the size,hagodel
6959,הסוללה,the battery,hasolela
6960,הנזק,the damage,hanezek
6961,דיו,had enough,dayo
6961,דיו,ink,dyo
6962,דל,poor (m.s.),dal
6963,דוברי,speakers of,dovrei
6964,גידלו,grew / raised (pl.),gidlu
6965,גובהו,his height,govho
6966,גורמי,factors of / causes of,gormei
6967,גני,my garden,gani
6968,בליגת,in the league of,beligat
6969,בקשרים,in connections / in relations / in bonds,beksharim
6970,בפניו,in front of him / in his presence,befanav
6971,בהיקף,on a circumference / at a scope,behekef
6971,בהיקף,on the circumference,bahekef
6972,בהתקפות,in attacks,behatkafot
6972,בהתקפות,in the attacks,bahatkafot
6973,בגליל,in the cylinder / in the roll / in the Galilee,bagalil
6973,בגליל,in a cylinder / in a roll,begalil
6974,בסיוע,with the assistance of,besiyu'a
6975,בסיסית,basic (f.s.),bsisit
6976,בסכנה,in danger / at risk,besakana
6977,בנסיבות,under the circumstances [of],binsibot
6977,בנסיבות,under the circumstances,banesibot
6978,טבעת,ring,taba'at
6979,רוחנית,spiritual,rukhanit
6980,ראויים,worthy of / suitable / deserving / eligible / appropriate (m.pl.),re'uyim
6981,צמיחה,growth,tsmikha
6982,סייע,assisted / helped (m.s.),siya
6983,ספציפיים,specific (m.pl.),spetsifiyim
6984,נותנת,gives (f.s.),notenet
6985,נועדו,intended for / destined for / conferred (pl.),no'adu
6986,נוער,youth,no'ar
6987,נשבר,broke (m.s.),nishbar
6988,נפתחת,opens (f.s.),niftakhat
6989,לאמות,llamas (animal),lamot
6990,להדוף,to push / to repel,lahadof
6991,לסיוע,for aid / for assistance,lesiyu'a
6992,הקומנדו,the commando,hakomando
6993,הנסיגה,the withdrawal / the retreat,hanesiga
6994,מברית,from a pact / from a alliance / from a covenant / from a circumcision,mibrit
6995,מצדם,from their side / as far as they are concerned,mitsidam
6996,עדיפות,priority,adifut
6997,חאן,inn,khan
6998,כינו,called / named (pl.),kinu
6999,המשוריינת,the armored (f.s.),hameshuryenet
7000,התבצע,was performed / was executed,hitbatse'a
7001,נוהלו,were managed / were conducted,nuhalu
7002,ממחנה,from a camp / from the camp of / from a group / from the group of,mimakhane
7003,מוגן,defended / protected (m.s.),mugan
7004,מכוח,by the power of,miko'akh
7005,לשטח,to the area / to the field / to the territory,lashetakh
7005,לשטח,to an area / to a field / to a territory,leshetakh
7006,ומאות,and hundreds / and centuries,ume'ot
7007,חקלאות,agriculture,khakla'ut
7008,התכנון,the planning / the design / the layout,hatikhnun
7009,הפקידים,the clerks / the officials,hapkidim
7010,הפעילו,operated / activated (pl.),hif'ilu
7011,האומות,the nations,ha'umot
7012,הכיוון,the direction / the adjustment / the tuning,hakivun
7013,הביס,defeated,hevis
7014,בזירת,in the arena of / at the scene of,bezirat
7015,בצו,by order,betsav
7016,בנהר,in a river,benahar
7016,בנהר,in the river,banahar
7017,ניתוק,disconnection / cutting off / severance,nituk
7018,נכשלה,failed (f.s.),nikhshela
7019,מתמדת,constant / continuous / continued,matmedet
7020,מוצאו,his/its origin,motsa'o
7021,משפחותיהם,their families,mishpakhoteihem
7022,מהפכת,the revolution of,mahapekhat
7023,מהאוויר,from the air,meha'avir
7024,מסרים,messages,mesarim
7025,לגדל,to grow / to raise,legadel
7026,שאמורה,that is supposed (f.s.),she'amura
7027,אימץ,adopted (m.s.),imets
7028,חיפשו,searched (pl.),khipsu
7029,המתאימים,the suitable / the appropriate / the applicable / the identical (m.pl.),hamat'imim
7030,השתתפות,participation,hishtatfut
7031,הקוד,the code,hakod
7032,האגף,the section / the wing,ha'agaf
7033,גויסו,were recruited,guysu
7034,במונח,in a term,bemunakh
7034,במונח,in the term,bamunakh
7035,נר,candle,ner
7036,מקל,stick / cane,makel
7036,מקל,eases,mekel
7037,מפעילי,operators of,maf'ilei
7038,מצויד,equipped (m.s.),metsuyad
7039,מסורתי,traditional (m.s.),masorti
7040,יוצרו,his/its creator / his/its maker,yotsro
7040,יוצרו,were made / were manufactured,yutsru
7041,יכולתם,their ability / their capability,yekholtam
7042,לשמירת,for keeping / for guarding / for protecting,lishmirat
7043,לעצמאות,to/for independence,le'atsma'ut
7043,לעצמאות,to/for the independence,la'atsma'ut
7044,תעשייה,industry,ta'asiya
7045,ומשום,and because,umishum
7046,שהפכה,that inverted / that converted / that turned / that become / that transformed (f.s.),shehafkha
7047,שנגרם,that is caused,shenigram
7048,קיימו,held / carried out / maintained (pl.),kiymu
7049,פרטיות,privacy,pratiyut
7050,אזהרה,warning,azhara
7051,המאוחרות,the late (f.pl.),ha'me'ukharot
7052,הימני,the right / the right handed / the rightist (m.s.),hayemani
7053,התעשייתית,the industrial,hata'asiyatit
7054,השלכות,implications,hashlakhot
7055,הפנימיים,the internal (m.pl.),hapnimiyim
7056,האמור,the supposed / the said,ha'amur
7057,הארכיון,the archive,ha'arkhiyon
7058,במערכות,in systems / in battles / in acts,bema'arakhot
7058,במערכות,in the systems / in the battles / in the acts,bama'arakhot
7059,באגם,in the lake,ba'agam
7059,באגם,in a lake,be'agam
7060,בבד,at the same time as,[bad] bevad
7061,בריאות,health,briyut
7062,רובע,quarter,rova
7063,סמלי,symbolic,simli
7064,סרן,captain / axle,seren
7065,מייצגים,represent (m.pl.),meyatsgim
7066,מיתר,chord / string / tendon,meytar
7067,מושא,object / objective,musa
7068,מושגי,conceptual (m.s.),musagi
7069,מועטים,little / few / slight (m.pl.),mu'atim
7070,מוצגת,presented (f.s.),mutseget
7071,מעטות,little / few (f.pl.),me'atot
7072,מזכירים,remind (m.pl.) / secretaries,mazkirim
7073,מאבן,of stone,me'even
7074,מכוון,directs / adjusts / tunes (m.s.),mekhaven
7074,מכוון,intentional / adjusted / tuned (m.s.),mekhuvan
7075,מהגרים,immigrants / immigrate (m.pl.),mehagrim
7076,מגדולי,among the the great [X] (m.pl.),migdolei
7077,מטבע,by nature,miteva
7077,מטבע,coin,matbe'a
7078,יעדים,purposes / objectives / destinations,ya'adim
7079,למציאות,to reality,lametsi'ut
7080,לתפקידו,to/for his role / to/for his duty / to/for his capacity,letafkido
7081,לפינוי,to/for an evacuation,lepinui
7081,לפינוי,to/for the evacuation,lapinui
7082,לעתיד,for the future,le'atid
7083,לאזורים,to the areas,la'ezorim
7083,לאזורים,to areas,le'ezorim
7084,להשגת,for achieving,lehasagat
7085,להכרה,to recognition / to consciousness,lehakara
7085,להכרה,to the recognition / to the consciousness,lahakara
7086,לגברים,for men,legvarim
7086,לגברים,for the men,lagvarim
7087,לברר,to inquire,levarer
7088,תבליט,embossment,tavlit
7089,ושמו,and his name / named,ushmo
7089,ושמו,and they put,vesamu
7090,והפכה,and inverted / and converted / and turned / and become / and transformed (f.s.),vehafkha
7091,ובמקומו,and in his place,uvimkomo
7092,ובתחילת,and at the beginning / and at the start,uvitkhilat
7093,ובפרט,and especially / and particularly,ubifrat
7094,ורוב,and the majority of / and most of,verov
7095,שמת,you placed / you put (m.s.),samta
7095,שמת,you placed / you put (f.s.),samt
7096,שיטתי,methodical / systematic,shitati
7097,שובו,return (pl. imperative),shuvu
7097,שובו,his return,shuvo
7098,שהתקיים,that was held / that existed / that survived (m.s.),shehitkayem
7099,שבירת,breaking of,shvirat
7100,קבר,grave,kever
7101,פוצצו,detonated / exploded (pl.),potsetsu
7102,עשירה,rich (f.s.),ashira
7103,אמני,artists of / the artists of,omanei
7104,חווה,farm / experienced,khava
7105,כונו,were named / were called,kunu
7106,כפולות,multiples,kfulot
7107,המסורתית,the traditional (f.s.),hamasortit
7108,היותה,being (f.s.),heyota
7109,הידועות,the known (f.pl.),hayedu'ot
7110,הינן,are (f.pl.),hinan
7111,התת,the hypo- / the sub- / the infra-,hatat
7112,הושלם,was completed (m.s.),hushlam
7113,הונחו,were placed / were guided / were instructed,hunkhu
7114,הקבע,the permanent / the permanence / the regularity,hakeva
7114,הקבע,career army,[tsva] hakeva
7115,הקרקעות,the soils / the grounds / the lands,hakarka'ot
7116,הפוכה,inverted / chaotic,hafukha
7117,הפורשים,the dissidents / the retired,haporshim
7118,הפרו,breached / violated (pl.),heferu
7119,העתק,copy,he'etek
7120,הערכה,assessment / estimation / appreciation / credit,ha'arakha
7121,החשיבה,the thinking,hakhashiva
7122,הדרגתית,gradual (f.s.),hadragatit
7123,הביטוח,the insurance,habitu'akh
7124,הנפוצות,the common (f.pl.),hanefotsot
7125,גלוי,open / exposed,galui
7126,במסעו,in his journey,bemasa'o
7127,בינלאומית,international (f.s.),beynle'umit
7128,בליל,mix,blil
7128,בליל,in the night of,beleil
7128,בליל,at night,belayil
7129,בתוכן,inside them (f.),betokhan
7130,בתהליכי,in processes of,betahalikhei
7131,בוגרים,adults / graduates,bogrim
7132,בצירוף,combined with / with the addition of,betseruf
7133,רחוקים,far (m.pl.),rekhokim
7134,סלעים,rocks,sla'im
7135,נוכחות,presence,nokhekhut
7136,האורך,the length,ha'orekh
7137,הגטאות,the ghettos,hageta'ot
7138,דיר,pen / shed,dir
7139,דגלי,flags of,diglei
7140,גבולה,its border / its limit / her limit,gvula
7141,נהגי,drivers of,nahagei
7141,נהגי,customs of,nohagei
7142,ששכן,that/who lived / that/who dwelt (m.s.),sheshakhan
7143,אשראי,credit,ashrai
7144,הארכאולוגיים,the archeological,ha'arkhe'ologiyim
7145,הנדסיים,geometric / of engineering (m.pl.),handasiyim
7146,סיכת,pin of / lubrication of,sikat
7147,לגיוס,for recruitment / for the recruitment of,legiyus
7147,לגיוס,for the recruitment,lagiyus
7148,לרחוב,to the street,larekhov
7148,לרחוב,to a street / to [X] street,lerekhov
7149,עירוני,municipal / urban,ironi
7150,חילוקי,differences of,khilukei
7151,התלמידים,the pupils / the students,hatalmidim
7152,הכיפורים,the day of atonement,[yom] hakipurim
7153,בבנייה,under construction,bivniya
7154,למיעוטים,for minorities,lemi'utim
7154,למיעוטים,to/for the minorities,lami'utim
7155,המקביל,the parallel / the simultaneous,hamakbil
7156,ההתיישבות,the settlement,hahityashvut
7157,בהקמת,in the establishment of / in the building of,behakamat
7158,מקצועות,professions,miktso'ot
7159,מגבלות,limitations / restrictions,migbalot
7160,למוזיאון,to/for a museum,lemuze'on
7160,למוזיאון,to/for the museum,lamuze'on
7161,לזיהוי,for identification / for the identification of,lezihui
7162,שביל,path,shvil
7163,קצרת,asthma,katseret
7164,כביטוי,as an expression,kevitui
7165,הכותל,the wall / the Western Wall,hakotel
7166,הנתונים,the data / that are given,hanetunim
7167,ציוני,Zionist (m.s.),tsiyoni
7168,סברה,thought / assumed (f.s.),savra
7168,סברה,assumption,svara
7169,מיגון,protection / shield,migun
7170,מזוהה,identified,mezuhe
7171,לברוח,to run away,livro'akh
7172,ובמהלך,and during,uvemahalakh
7173,פסלו,sculpted (pl.),pislu
7173,פסלו,his sculpture,pislo
7173,פסלו,rejected / disqualified (pl.),paslu
7174,זוהה,was identified,zuha
7175,היחסית,the relative (f.s.),hayakhasit
7176,התרחשו,happened / occurred (pl.),hitrakhashu
7177,השתתפה,participated (f.s.),hishtatfa
7178,הכחולים,the blue (m.pl.),hakkhulim
7179,דולרים,dollars,dolarim
7180,בצורתו,[in] his shape,betsurato
7181,בסביבת,around / in the area of,bisvivat
7182,רובוט,robot,robot
7183,סמלית,symbolic (f.s.),simlit
7184,ממשי,real / concrete,mamashi
7185,מוצאים,find (m.pl.),mots'im
7185,מוצאים,origins,motsa'im
7186,מכר,acquaintance,makar
7186,מכר,sold (m.s.),makhar
7187,מהותי,fundamental,mahuti
7188,מדויקת,precise / accurate (f.s.),meduyeket
7189,מדעית,scientific,mada'it
7189,מדעית,to/for the taking out of / to/for the removal of / to/for the spending of / to/for the,
7190,להוצאת,lehotsa'at,
7190,להוצאת,publication of,
7191,שבאזור,that is in the area,sheba'ezor
7191,שבאזור,that is in an area,shebe'ezor
7192,קיצונית,extreme / extremist / radical (f.s.),kitsonit
7193,קובץ,file (computers) / collection,kovets
7194,פרסים,awards / prizes,prasim
7195,עתיק,ancient / old (m.s.),atik
7196,אוטו,car,oto
7197,חוצה,cuts in half / crosses (m.s.),khotse
7197,חוצה,cuts in half / crosses (f.s.),khotsa
7198,ארסיים,poisonous,arsiyim
7199,המופשט,the abstract,hamufshat
7200,התמודדו,dealt with / confronted (pl.),hitmodedu
7201,באבן,in stone / with stone / by stone,be'even
7201,באבן,in the stone / with the stone / by the stone,ba'even
7202,נחשבה,was considered (f.s.),nekhsheva
7203,נכלל,was included (m.s.),nikhlal
7204,הבוחרים,the voters / the electors / the selectors,habokharim
7205,לשינויים,to the changes,lashinuyim
7205,לשינויים,to changes,leshinuyim
7206,ידית,handle,yadit
7207,מרי,rebellion,meri
7208,יעילות,efficiency,ye'ilut
7209,תלמיד,pupil / student,talmid
7210,ומערכת,and a system / and the system of / and an editorial board / and the editorial board of,uma'arekhet
7211,ופחות,and less,vepakhot
7212,הלוחות,the boards,halukhot
7213,ההבחנה,the observation,hahavkhana
7214,הצטיין,excelled (m.s.),hitstayen
7215,הסרטן,the crab / the cancer,hasartan
7216,ריפוי,healing,ripui
7217,מקבילות,parallel (f.pl.),makbilot
7217,מקבילות,parallelism,makbilut
7218,תארים,titles / degrees / adjectives / appearances / shapes,te'arim
7219,שנותיו,his years,shnotav
7220,עתיקה,ancient / old (f.s.),atika
7221,חליפת,exchange of / suit of,khalifat
7222,המסורתיות,the traditional (f.pl.),hamasortiyot
7223,הסמים,the drugs,hasamim
7224,סדרות,series (pl.),sdarot
7225,מוטיבים,motives,motivim
7226,האנדרטאות,the monuments,ha'andarta'ot
7227,אמירות,sayings (n.),amirot
7228,אמנותית,artistic (f.s.),omanutit
7229,נקודה,point,nekuda
7230,מציגה,introduces / displays / presents / exhibits (f.s.),metsiga
7231,המתמטית,the mathematical (f.s.),hamatematit
7232,הסדרות,the series (pl.),hasdarot
7233,לידתו,his birth,leidato
7234,המכיל,that contains (m.s.),hamekhil
7235,מכסה,cover,mikhse
7236,השומן,the fat,hashuman
7237,תצפיות,observations / vantage points,tatspiyot
7238,רקמת,tissue of / embroidery of,rikmat
7239,המחשב,the computer,hamakhshev
7240,הסוג,the kind / the class / the type,hasug
7241,האכילה,the eating,ha'akhila
7242,להתחממות,to/for the heating / to/for the warming,lehitkhamemut
7243,הלווייתנים,the whales,halivyatanim
7244,האיזוטופים,the isotopes,ha'izotopim
7245,ההתחממות,the heating / the warming,hahitkhamemut
7246,הבועה,the bubble,habu'a
7247,הפרברים,the suburbs,haparvarim
7248,מלכותכן,your kingship (f.pl.),malkhutkhen
7249,מעילי,my coat,me'ili
7250,מצלחתי,from my plate,mitsalakhti
7251,למצוץ,to suck,limtsots
7252,להסתכל,to look,lehistakel
7253,ואשב,and I will sit,ve'eshev
7254,ואכל,and ate (m.s.),ve'akhal
7255,והביטה,and looked (f.s.),vehebita
7256,שומע,hears (m.s.),shome'a
7257,פרפרים,butterflies,parparim
7258,ענפיהם,their branches / their fields,anfeihem
7259,זרועי,my arm,zro'i
7260,כמוכם,like you (m.pl.),kmokhem
7261,כלו,finished / ended (biblical),kalu
7262,היורשה,may [I] be allowed,hayurshe
7263,הוצאתי,I spent / I took out / I published,hotseti
7264,העש,the moth,ha'ash
7265,העברים,the Hebrew people,ha'ivrim
7266,האיר,illuminated (m.s.),he'ir
7267,הגדמים,the stumps,hagdamim
7268,הבלים,nonsense / vanity,havalim
7269,הבטתי,I looked,hebateti
7270,הרימות,the worms / the maggots,harimot
7271,דואג,worries / cares for (m.s.),do'eg
7272,במשוכה,[in] a hedge,bemesukha
7272,במשוכה,[in] the hedge,bamesukha
7273,בקשתי,I asked / I requested,bikashti
7274,בעיניה,in her eyes / in her opinion,be'eineha
7275,בענין,on the matter of / with interest,be'inyan
7276,בנפשי,[with] my soul / at the risk of my life (something very important),benafshi
7277,רבותי,[ladies and] gentlemen,rabotai
7278,נשרו,dropped (pl.),nashru
7279,לשוא,in vain,lashav
7280,להודות,to thank / to confess,lehodot
7281,להסתדר,to be arranged / to settle down / to manage,lehistader
7282,שמתחשק,that is desired,shemitkhashek
7283,פרחו,blossomed (pl.),parkhu
7284,עונג,pleasure,oneg
7285,המשרת,the servant / who serves (m.s.),hamesharet
7286,התגלגל,rolled,hitgalgel
7287,צעקו,shouted / yelled (pl.),tsa'aku
7288,ספסלי,benches of,safsalei
7289,מעתה,from now,me'ata
7290,לילד,to/for a child,leyeled
7290,לילד,to/for the child,layeled
7291,ויצא,and went out / and came out (m.s.),veyatsa
7292,ואיך,and how,ve'eikh
7293,שמחים,glad / happy (m.pl.),smekhim
7294,חנות,shop / store,khanut
7295,כר,pillow / meadow,kar
7296,המאמן,the trainer / the coach,hame'amen
7297,הפתח,the opening / the door / the aperture,hapetakh
7298,העצב,the sadness / the sorrow / the nerve,ha'etsev
7299,הסטודנט,the student,hastudent
7300,ראשה,her head,rosha
7301,מבעד,through,miba'ad
7302,מבטו,his look,mabato
7303,לביטחון,for security,lebitakhon
7303,לביטחון,for the security,labitakhon
7303,לביטחון,for the security of,levitkhon
7304,ואסור,and [it is] forbidden / and [I am / he is] imprisoned (m.s.),ve'asur
7305,עלמה,lass / maiden,alma
7306,זקנים,old (m.pl.),zkenim
7307,השיבו,returned (something) / answered (pl.),heshivu
7308,השר,the minister,hasar
7309,בתת,in hypo- / in sub- / in infra-,batat
7310,בעלים,owners / husbands,be'alim
7311,בזמנים,at times,bizmanim
7312,באחרונה,lately,ba'akhrona
7313,ממין,of a kind / of a gender / of a species / of sex,mimin
7314,יסעור,albatross,yas'ur
7315,לשהות,to stay / to spend time,lish'hot
7316,להתפטר,to resign,lehitpater
7317,ויוצא,and goes out / and comes out (m.s.),veyotse
7318,וכבר,and already,ukhvar
7319,שעוד,that still / that more,she'od
7320,קולו,his voice,kolo
7321,פחד,fear,pakhad
7321,פחד,feared / was afraid (m.s.),pakhad
7322,פאר,luxury,pe'er
7323,חפצי,items of,kheftsei
7324,כלב,dog,kelev
7325,החמה,the warm / the hot (f.s.) / the sun,hakhama
7326,הכיתי,I have beaten / I hit,hikiti
7327,ההמון,the crowd / the plenty,hahamon
7328,ההתאבדות,the suicide,hahit'abdut
7329,הצחוק,the laughter,hatskhok
7330,הסוכר,the sugar,hasukar
7331,הנקודה,the point,hanekuda
7332,בעצים,in trees / in logs,be'etsim
7332,בעצים,in the trees / in the logs,ba'etsim
7333,בטל,canceled / void / idle,batel
7334,טרף,prey,teref
7335,רוחו,his spirit,rukho
7336,צמוד,attached / linked / adjacent (m.s.),tsamud
7337,נתנה,gave (f.s.),natna
7338,נשר,vulture,nesher
7338,נשר,dropped (m.s.),nashar
7339,מתקבלת,is accepted / is received (f.s.),mitkabelet
7340,מפריע,disturbs / interferes / interrupts (m.s.),mafri'a
7341,מעוררת,wakes / exciting (f.s.),me'oreret
7342,מביאים,bring (m.pl.),mevi'im
7343,מבחוץ,from outside,mibakhuts
7344,מריו,his rebellion,miryo
7345,ימשיכו,will continue (pl.),yamshikhu
7346,יקבל,will receive / will accept,yekabel
7347,לפשרה,to compromise / to conciliation,lifshara
7347,לפשרה,to the compromise / to the conciliation,lapshara
7348,לפרוש,to retire,lifrosh
7348,לפרוש,to spread / to stretch,lifros
7349,לעורר,to wake / to excite,le'orer
7350,לענף,to/for a branch / to/for a field,le'anaf
7350,לענף,to/for the branch / to/for the field,la'anaf
7351,לאישור,for approval / for confirmation,le'ishur
7351,לאישור,for the approval / for the confirmation,la'ishur
7352,להיראות,to be seen / to be visible / to look,lehera'ot
7353,והים,and the sea,vehayam
7354,והולך,and walks / and goes (m.s.),veholekh
7355,שעושים,that/who do (m.pl.),she'osim
7356,עודנו,is still (m.s.),odenu
7357,אמות,cubits,amot
7357,אמות,standards,amot [mida]
7357,אמות,I will die,amut
7358,חורש,grove / wood / ploughs (m.s.),khoresh
7359,כפסל,as a statue,kefesel
7360,המקומיות,the local (f.pl.),hamekomiyot
7361,המכריע,the decisive / the crucial,hamakhri'a
7362,התועלת,the benefit / the utility,hato'elet
7363,התחוללה,happened / occurred (f.s.),hitkholela
7364,הולכות,walk / go (f.pl.),holkhot
7365,הקליעה,the shot,hakli'a
7366,הקרונות,the cars (of a train) / the wagons,hakronot
7367,העצום,the huge,ha'atsum
7368,הכירו,knew / recognized (pl.),hekiru
7369,דעה,opinion / mind,de'a
7370,ביש,bad / ill,bish
7371,בקור,in the cold,bakor
7372,בכוונתו,intends to (m.s.),bekhavanato
7373,בסתיו,in the autumn of,bestav
7373,בסתיו,in the autumn,bastav
7374,צמד,pair / couple,tsemed
7375,צעירי,youngsters of,tse'irei
7376,נושאת,carries / marries (f.s.),noset
7377,ממאה,of a hundred / from a century,mime'a
7378,מתונה,moderate / mild / calm (f.s.),metuna
7379,מוקף,is surrounded / is encircled,mukaf
7380,מעליו,on him/it / on top of him/it / above him/it,me'alav
7381,מזיקים,pest / do damage (m.pl.),mazikim
7382,מזהב,of gold,mizahav
7383,מדברים,speak / talk (m.pl.),medabrim
7384,מסודרת,organized (f.s.),mesuderet
7385,יתרה,remainder / balance,yitra
7386,יוצאות,go out / come out (f.pl.),yots'ot
7387,יכולתה,her ability / her capability,yekholta
7388,לממן,to finance,lemamen
7389,למזון,to/for food,lemazon
7389,למזון,to/for the food,lamazon
7390,לידו,near him / next to him,leyado
7391,לתהליך,to a process,letahalikh
7391,לתהליך,to the process,latahalikh
7392,לשוק,to the market,lashuk
7392,לשוק,to a market,leshuk
7392,לשוק,to/for the leg / into the shock,lashok
7392,לשוק,to/for the leg / into shock,leshok
7393,לפרוח,to blossom,lifro'akh
7394,לעודד,to encourage / to cheer,le'oded
7395,לעד,forever,la'ad
7395,לעד,to/for a witness / as a witness,le'ed
7395,לעד,to/for the witness,la'ed
7396,לחמש,to arm,lekhamesh
7397,לחיסול,for extermination / for elimination,lekhisul
7397,לחיסול,for the extermination / for the elimination,lakhisul
7398,לאסון,to a disaster,le'ason
7398,לאסון,to the disaster,la'ason
7399,להיצמד,to get close / to attach / to conjugate,lehitsamed
7400,להתפנות,to be evacuated / to find time,lehitpanot
7401,להפליא,incredibly / wonderfully,lehafli
7402,לנשיא,to/for a president,lenasi
7402,לנשיא,to/for the president,lanasi
7403,תמה,finished / completed / innocent / simple (f.s.),tama
7403,תמה,wondered,tama
7404,תקוע,stuck,taku'a
7405,תפוחים,apples,tapu'khim
7405,תפוחים,tumid (m.pl.),tfukhim
7406,ומפקד,and a commander / and the commander of,umefaked
7406,ומפקד,and a census / and a muster,vemifkad
7407,ויתר,and the rest,veyeter
7408,ולח,and humid,velakh
7409,וראשי,and my head,veroshi
7410,שמהם,that [is] from them,shemehem
7411,שינו,changed (pl.),shinu
7412,שומרים,guards / keep / guard (v.) / protect (m.pl.),shomrim
7413,שוחררו,were released,shukhreru
7414,שהתרחשה,that happened / that occurred (f.s.),shehitrakhasha
7415,שנולדו,that were born,shenoldu
7416,פגישה,meeting,pgisha
7417,ערבות,guarantee / bail / surety,arvut
7418,עננים,clouds,ananim
7419,זית,olive,zayit
7420,חיוניים,essential,khiyuniyim
7421,אישיות,personality / personage,ishiyut
7422,חודר,penetrates / intrudes,khoder
7423,זוגות,pairs / couples,zugot
7424,חקירת,the investigation of / the research of / the inquiry of,khakirat
7425,אגדות,fairy tales / legends,agadot
7426,זרמים,currents,zramim
7427,המשפטי,the judicial / the statutory / the forensic,hamishpati
7428,המעצמות,the great nations,hama'atsamot
7429,המדרגות,the stairs,hamadregot
7430,השיקום,the rehabilitation / the reconstruction,hashikum
7431,הקדום,the ancient,hakadum
7432,הקרה,the frost / the cold (f.s.),hakara
7433,הפיכה,revolution / conversion / turning / inversion,hafikha
7434,הפשוט,the simple,hapashut
7435,הפסיקה,stopped / ceased (f.s.),hifsika
7436,העננים,the clouds,ha'ananim
7437,הרגו,killed (pl.),hargu
7438,הרג,killed (m.s.),harag
7439,הצעת,proposal of / suggestion of / offer of,hatsa'at
7440,הסכום,the sum,haskhum
7441,דלות,poor (f.pl.),dalot
7442,דקה,minute / thin (f.s.),daka
7443,גרועה,bad (f.s.),gru'a
7444,גר,lived / lives (m.s.),gar
7444,גר,proselyte,ger
7445,במאות,in hundreds,beme'ot
7445,במאות,in the centuries,bame'ot
7446,בפניה,in front of her / in her presence,befaneha
7447,בעיניו,in his eyes / in his opinion,be'einav
7448,בערוץ,on channel,be'aruts
7449,באירועי,in the events of,be'eru'ei
7450,באדום,in red,be'adom
7450,באדום,in the red,ba'adom
7451,בכיר,senior,bakhir
7452,בכחול,in blue,bekakhol
7453,בהחלטה,[in] a decision,behakhlata
7453,בהחלטה,[in] the decision,bahakhlata
7454,בדיוני,fiction,bidyoni
7455,בגן,in a garden / in/at a kindergarten,began
7455,בגן,in the garden / in/at the kindergarten,bagan
7456,בגדה,betrayed (f.s.),bagda
7456,בגדה,her cloth,bigda
7456,בגדה,at the bank / at the shore,bagada
7457,בטור,in line / in series / in a column,betur
7457,בטור,in the line / in the series / in the column,batur
7458,בנאום,in a speech,bene'um
7458,בנאום,in the speech,bane'um
7459,רשאים,permitted [to] / allowed [to] (m.pl.),rasha'im
7460,סיימו,finished (pl.),siyemu
7461,סובל,suffers (m.s.),sovel
7462,סוס,horse,sus
7463,נתפש,was/is caught / was/is perceived (m.s.),nitpas
7464,נפוצו,scattered,nafotsu
7465,נכחו,were present,nakhekhu
7466,מורט,pluck / tear out (m.s.),moret
7467,ירית,you shot (m.s.),yarita
7467,ירית,you shot (f.s.),yarit
7468,כניעה,surrender,kni'a
7469,הממוכנת,the mechanized,hamemukenet
7470,הפרצה,the breach / the crack,hapirtsa
7471,הרציחות,the murders,haretsikhot
7472,בארטילריה,with artillery,be'artilerya
7473,לפלישה,for an invasion,liflisha
7473,לפלישה,for the invasion,laplisha
7474,לנשיאות,for presidency,lanesi'ut
7475,הושמד,was destroyed / was exterminated (m.s.),hushmad
7476,בפסק,in a verdict / in a judgment,bifsak
7476,בפסק,in the verdict / in the judgment,bapsak
7476,בפסק,during time out / during intermission,befesek
7477,מבודד,isolated / insulated,mevudad
7477,מבודד,insulates (m.s.),mevoded
7478,לשיאו,to his/its top / to his/its peak / to his record,lesi'o
7479,לחייליו,to/for his soldiers,lekhayalav
7480,שתמכו,that/who supported (pl.),shetamkhu
7481,חזיתית,frontal / head on,khazitit
7482,השיט,the cruise,hashayit
7483,הסתערו,attacked / stormed (pl.),hista'aru
7484,הנצרות,Christianity,hanatsrut
7485,נרצח,was murdered (m.s.),nirtsakh
7486,מושבת,village of / colony of,moshevet
7487,מטרתה,her/its goal / her/its target,matrata
7488,לארגן,to organize,le'argen
7489,לאסור,to forbid / to imprison,le'esor
7490,לגיון,legion,ligyon
7491,שילמו,paid (pl.),shilmu
7492,שהתנגד,that/who resisted / who objected (m.s.),shehitnaged
7493,כרבע,as a quarter / approximately one quarter,kereva
7494,הלוחמה,the warfare,halokhama
7495,התוקף,the validity,hatokef
7495,התוקף,the attacker / the assailant,hatokef
7496,התקפת,attack of,hatkafat
7497,הובס,was defeated,huvas
7498,העילית,the upper / the top,ha'ilit
7498,העילית,that/who stand / that/who are about to / that/who endure / that/who succeed / that/who,
7499,העומדים,ha'omed,
7499,העומדים,insist on (m.pl.),
7500,האסטרטגיה,the strategy,ha'estrategia
7501,הצהוב,the yellow,hatsahov
7502,דמים,money / fee,damim
7503,במחוזות,in districts,bemekhozot
7503,במחוזות,in the districts,bamekhozot
7504,בניהול,in management / under the management of,benihul
7505,טון,ton / tone,ton
7506,ריגול,espionage,rigul
7507,נאסרה,was forbidden / was imprisoned (f.s.),ne'esra
7508,מתנגדי,the opponents of / the objectors of,mitnagdei
7509,מוכשרים,talented / qualified (m.pl.),mukhsharim
7510,מפלה,defeat / failure,mapala
7510,מפלה,discriminates (m.s.),mafle
7510,מפלה,discriminates (f.s.),mafla
7511,מארצות,from countries,me'aratsot
7511,מארצות,from the countries of,me'artsot
7512,מספקת,satisfying / supplies (f.s.),mesapeket
7513,מנעה,prevented (f.s.),man'a
7514,לאישה,to/for a woman,le'isha
7514,לאישה,to/for the woman,la'isha
7515,לבירה,to the capital,labira
7515,לבירה,to a capital,lebira
7515,לבירה,for the beer,labira
7515,לבירה,for a beer,lebira
7516,תגובת,the response of,tguvat
7517,וזהב,and gold,vezahav
7518,והמשיכו,and continued (pl.),vehimshikhu
7519,והיתר,and the rest,vehayeter
7520,שממנו,that from him,shemimeno
7521,שמטרתה,that her/its goal / that her/its target,shematrata
7522,שאיפשרה,that enabled / that facilitated (f.s.),she'ifsher
7523,שהתרחש,that happened / that occurred (m.s.),shehitrakhesh
7524,שביצע,that/who performed (m.s.),shebitsa
7525,פשעים,crimes,psha'im
7526,פסקי,verdicts of / judgments of,piskei
7527,המעמדות,the positions / the classes,hama'amadot
7528,הקלע,the bullet / the sling,hakela
7528,הקלע,the marksman,hakala
7529,דיונים,discussions,diyunim
7530,דגמים,models,dgamim
7531,במלחמות,in/at wars,bemilkhamot
7531,במלחמות,in the wars,bamilkhamot
7532,במחוז,in a district,bemakhoz
7532,במחוז,in the district,bamakhoz
7532,במחוז,at his destination,bimkhoz [kheftso]
7533,בעיקרה,mainly / principally,be'ikara
7534,בספינה,on a ship,besfina
7534,בספינה,on the ship,basfina
7535,טעות,mistake,ta'ut
7536,רגשות,feelings / emotions,regashot
7537,סכסוכים,conflicts,sikhsukhim
7538,נכלאו,was incarcerated / were caged,nikhle'u
7539,נספו,were killed,nispu
7540,מתקדמת,advances / advanced (f.s.),mitkademet
7541,משמעותיות,significant (f.pl.),mashma'utiyot
7542,למקדש,to/for a shrine / to/for a temple,lemikdash
7542,למקדש,to/for the shrine / to/for the temple,lamikdash
7543,לעבודות,to/for jobs,le'avodot
7543,לעבודות,to/for the jobs,la'avodot
7544,לאב,to the father,la'av
7544,לאב,to a father,le'av
7545,לכלא,to prison,lakele
7546,לרבים,to/for many (m.s.),lerabim
7547,לצייר,to paint / to draw,letsayer
7548,תורגם,was translated,turgam
7549,ושימשו,and were used for (pl.),veshimshu
7550,וחסרי,and lacking / and –less (m.pl.),vekhasrei
7551,שכנע,convinced (v.) (m.s.),shikhne'a
7552,שהוקמו,that were established,shehukmu
7553,שטענו,who claimed / who argued (pl.),sheta'anu
7554,שנותר,that/who was left (m.s.),shenotar
7555,שנוצרה,that was formed / that was created (f.s.),shenotsra
7556,שנשלחו,that/who were sent,shenishlekhu
7557,שנאספו,that were collected / that/who gathered,shene'esfu
7558,חלשים,weak (m.pl.),khalashim
7559,אופיו,his character / his nature,ofyo
7560,חוזרים,return (m.pl.) / repeat (m.pl.) / repeating / circulars,khozrim
7561,חקלאיים,agricultural (m.pl.),hakhakla'iyim
7562,חקלאית,agricultural / farmer (f.s.),khakla'it
7563,כספית,mercury,kaspit
7564,המשמעות,the meaning,hamashma'ut
7565,המשאבים,the resources,hamash'abim
7566,המכילים,that contain (m.pl.),hamekhilim
7567,הקל,alleviated / relieved / eased (m.s.),hekel
7567,הקל,the easy / the lightweight,hakal
7568,הקנאים,the fanatics / the jealous people,hakana'im
7569,ההזדמנות,the opportunity,hahizdamnut
7570,הביעו,expressed (pl.),hebi'u
7571,הטריטוריות,the territories,hateritoryot
7572,דואר,mail,do'ar
7573,גאוגרפיה,geography,ge'ografya
7574,במעבר,in a pass / in a transfer / in a transition,bema'avar
7574,במעבר,in the pass / in the transfer / in the transition,bama'avar
7575,במערה,in a cave,beme'ara
7575,במערה,in the cave,bame'ara
7576,בפניהם,in front of them / in their presence,bifnehem
7577,בכמויות,in amounts of / in quantities of / in large quantities,bekhamuyot
7578,בהוראת,under the order of,behora'at
7579,רפורמה,reform,reforma
7580,נקבעה,was determined / was fixed / was set (f.s.),nikbe'a
7581,נאסרו,were imprisoned / were forbidden,ne'esru
7582,מימון,financing,mimun
7583,מועט,little / few / slight (m.s.),mu'at
7584,מוסלמיות,Muslim (f.pl.),muslemiyot
7585,משותפים,common / mutual / shared (m.pl.),meshutafim
7586,משרדים,offices / bureaus / Ministries,misradim
7587,מצביעים,vote / raise a hand / point at / indicate (m.pl.),matsbi'im
7588,מצביע,votes / raises a hand / points at / indicates (m.s.),matsbi'a
7589,מסדרת,arranges / organizes (f.s.),mesaderet
7590,לשדוד,to rob,lishdod
7591,לחללי,to the spaces of / to the casualties of,lekhalelei
7592,לגדודים,to/for regiments,legdudim
7592,לגדודים,to/for the regiments,lagdudim
7593,תתי,hypo- / sub- / infra- (pl.),tatei
7594,תוארו,were described,to'aru
7594,תוארו,his title,to'aro
7595,תוכננה,was planned / was designed (f.s.),tukhnena
7596,והארגון,and the organization,veha'irgun
7597,ששרר,that prevailed,shesarar
7598,שפירושה,which meaning is (f.s.),sheperusha
7599,שחיו,that/who lived (pl.),shekhayu
7600,שהתקיימו,that were held / that existed / that survived (pl.),shehitkaimu
7601,שהתפתח,that developed,shehitpate'akh
7602,שהעלה,that/who raised / that/who increased / that/who lifted / that/who brought up (m.s.),shehe'ela
7603,שטרם,that not yet,sheterem
7604,שספרו,that his book,shesifro
7604,שספרו,that/who counted,shesafru
7604,שספרו,who told,shesipru
7605,שנוסדה,that was founded (f.s.),shenosda
7606,עינויים,torture,inuyim
7607,עליון,upper / superior (m.s.),elyon
7608,עודף,surplus (adj.),odef
7608,עודף,excess / change (money) (n.),odef
7609,עונשין,panel,onshin
7610,אידאולוגית,ideological,ide'ologit
7611,אוניברסיטה,university,universita
7612,זרועות,arms,zro'ot
7613,כס,throne,kes
7614,המדינית,the political (f.s.),hamedinit
7615,התעניינות,interest,hit'anyenut
7616,התגברות,overcoming,hitgabrut
7617,הועמד,was caused to stand (m.s.),hu'amad
7618,השינויים,the changes,hashinuyim
7619,השתלטות,taking control / takeover,hishtaltut
7620,השווה,the equal,hashave
7621,הקוראן,the Koran,hakur'an
7622,החוגים,the circles / the social groups / the coteries / the course,hakhugim
7623,האחראים,the responsible / the people in charge (m.pl.),ha'akhra'im
7624,האזרחי,the civil,ha'ezrakhi
7625,ההכרזה,the proclamation / the announcement / the declaration,hahakhraza
7626,הדוגמה,the sample / the example,hadugma
7627,הדגלים,the flags,hadgalim
7628,הגירוש,the expulsion / the deportation,hagerush
7629,הסימון,the marking,hasimun
7630,הנשיפה,the exhalation / the blow,haneshifa
7631,דרמטי,dramatic (m.s.),dramati
7632,במתן,by giving,bematan
7633,במשותף,in common / in collaboration,bimshutaf
7634,במפרץ,in a bay / in the bay of,bemifrats
7634,במפרץ,in the bay,bamifrats
7635,במהלכו,during which,bemahalakho
7636,בעשורים,by decades,be'asorim
7636,בעשורים,in the decades,ba'asorim
7637,בחלקה,in part / in her part / in a lot,bekhelka
7637,בחלקה,in the lot,bakhelka
7638,בכיכובו,starring -,bekikhuvo
7639,בהיותה,as she,beheyota
7640,בטרור,using terror,beteror
7641,ברשימה,in the list,bareshima
7641,ברשימה,in a list,birshima
7642,ציפה,floating / buoyancy,tsifa
7642,ציפה,covered / coated / expected (m.s.),tsipa (v.)
7642,ציפה,pillow cover,tsipa (n.)
7643,נמנו,were included [in] / were counted (pl),nimnu
7644,נישואים,marriage,nisu'im
7645,נפרדות,separate / individual (f.pl.),nifradot
7646,נכתבה,was written (f.s.),nikhteva
7647,נגיעה,touch (n.),negi'a
7648,מחתרתי,underground (adj.),makhtarti
7649,ואדי,and the fumes of / and the vapor of,ve'edei
7649,ואדי,valley (Arabic),vadi
7650,המדרגה,the stair,hamadrega
7651,מעפילים,illegal immigrants (to Israel during the British mandate),ma'apilim
7652,המחתרות,the undergrounds,hamakhtarot
7653,הוריה,indication,horaya
7654,אוטובוס,bus,otobus
7655,השכונות,the neighborhoods,hashkhunot
7656,לשתייה,for drinking,lishtiya
7657,לקיום,to/for the existence of / to/for the holding of / to/for the fulfillment of,lekiyum
7658,להסכם,to/for an agreement/contract,leheskem
7658,להסכם,to/for the agreement/contract,laheskem
7659,אולמות,halls,ulamot
7660,ההפלגה,the sail,hahaflaga
7661,ציונה,to Zion,tsiyona
7662,מכשיר,tool / instrument / qualified (m.s.),makhshir (n.)
7662,מכשיר,qualifies (m.s.),makhshir (v.)
7663,למוסדות,to/for institutes,lemosadot
7663,למוסדות,to/for the institutes,lamosadot
7664,שמטרתן,which goal / which target (f.),shematratan
7665,פתרונות,solutions,pitronot
7666,חוגים,circles / social groups / courses,khugim
7667,בנויים,built (m.pl.),bnuyim
7668,מיקומה,her location,mikuma
7669,מחד,on the one hand,me'khad
7670,מצבה,her state / her situation,matsava
7670,מצבה,gravestone,matseva
7671,לכלל,to all,laklal
7672,להאריך,to lengthen,leha'arikh
7673,ועבר,and passed / crossed / and went through (m.s.),ve'avar
7674,וכולל,and includes / and including,vekolel
7675,שזכתה,that won (f.s.),shezakhta
7676,עיוור,blind,iver
7677,עידוד,encouragement / support / incentive / boost,idud
7678,המשמשת,that is used for (m.s.),hameshameshet
7679,הלימוד,the study,halimud
7680,השורש,the root,hashoresh
7681,הקפלה,the chapel,hakapela
7682,הפרטיים,the private (m.pl.),hapratiyim
7683,האיסור,the prohibition / the ban,ha'isur
7684,הארצי,the earthly / the terrestrial,ha'artsi
7685,ההלכתית,of the Jewish law,hahilkhatit
7686,הדדית,reciprocal / mutual,hadadit
7687,בשריפה,in the fire,basrefa
7687,בשריפה,in a fire,besrefa
7688,בבחינת,as / like / in the sense of,bivkhinat
7689,ממוקמת,located / situated (f.s.),memukemet
7690,ממדים,dimensions,memadim
7691,מומלץ,recommended,mumlats
7692,מושבים,seats / cooperative settlements,moshavim
7693,משטחי,planes of / surfaces of / platforms of,mishtakhei
7694,מקבילה,parallel (f.s.),makbila
7695,מחזיק,holds / keeps owns (m.s.),makhzik
7696,לפירוק,for dismantling / for decomposing,leperuk
7697,להתגורר,to live,lehitgorer
7698,להגברת,for the increase of / for the amplification of / to strengthen the (pl.),lehagbarat
7699,לטענתו,according to his claim,leta'anato
7700,ומשמש,and is used for (m.s.),umshamesh
7701,ובן,and a boy / and a son,uven
7702,וסיים,and ended,vesiyem
7703,שחיבר,that/who connected / who wrote (m.s.),shekhiber
7704,עשורים,decades,asorim
7705,עבריים,the Hebrews (adj.) (m.pl.),ha'ivriyim
7706,חכמי,the wise people of,khakhmei
7707,השנתי,the annual,hashnati
7708,הפסידו,lost (pl.),hifsidu
7709,הדורשים,that/who require / that/who demand (m.pl.),hadorshim
7710,הרצף,the continuity / the sequence,haretsef
7711,הנביא,the prophet,hanavi
7712,דחיית,rejection of / postponement of,dkhiyat
7713,במעין,in a kind of - -,beme'ein
7713,במעין,in a spring,bema'ayan
7713,במעין,in the spring,bama'ayan
7714,בתאים,in the cells,bata'im
7714,בתאים,in cells,beta'im
7715,בתאוריה,in theory,bate'orya
7715,בתאוריה,in a theory,bete'orya
7716,בשאלות,in questions,bish'elot
7716,בשאלות,in the questions,bashe'elot
7717,בבתים,in houses / in homes,bevatim
7717,בבתים,in/at the houses / in/at the homes,babatim
7718,בדורות,in generations,bedorot
7719,מביאה,brings (f.s.),mevi'a
7720,ימיו,his days,yamav
7721,עיקרון,principle,ikaron
7722,מוקדמים,early / preliminary (m.pl.),mukdamim
7723,מספריו,his numbers / his scissors,misparav
7723,מספריו,from/of his books,misfarav
7724,מנוע,engine,mano'a
7725,הפרקים,the chapters,haprakim
7726,יוצרת,creates (f.s.),yotseret (v.)
7726,יוצרת,creator / artist / maker,yotseret (n.)
7727,להיסטוריה,to history,lehistoria
7727,להיסטוריה,to the history,lahistoria
7728,וגידול,and growth / and increase / and tumor,vegidul
7729,אחרונות,last (f.pl.),akhronot
7730,המדענים,the scientists,hamad'anim
7731,הישויות,the entities,hayeshuyot
7732,הפילוסופים,the philosophers,hafilosofim
7733,החוקר,the investigator / the researcher,hakhoker
7734,האופייני,the characteristic (m.s.),ha'ofyani
7735,הזוהר,the glowing / the shining,hazoher (adj.)
7735,הזוהר,the glow / the shine,hazohar
7736,בגרסה,in a version,begirsa
7736,בגרסה,in the version,bagirsa
7737,טקסטים,texts,textim
7738,פזמונים,songs,pizmonim
7739,אפוקליפסה,apocalypse,apokalipsa
7740,כבמאי,as a director,kevamai
7740,כבמאי,as the director,kabamai
7741,המטפל,the care giver / who treats / who handles (m.s.),hametapel
7742,התקליטים,the records,hataklitim
7743,הקליניקה,the clinic,haklinika
7744,העיצורים,the consonants,ha'itsurim
7745,האמנותי,the artistic (m.s.),ha'omanuti
7746,ההווה,the present,hahove
7747,הנודד,the wanderer / the migrant,hanoded
7748,גיבוריו,his heroes,giborav
7749,בצלים,onions,betsalim
7750,בתה,her daughter,bita
7751,רישומי,records of / sketches of,rishumei
7752,מוטיב,motive,motiv
7753,אנושיות,humanism,enoshiyut
7754,המתמטיים,the mathematical (m.pl.),hamatematiyim
7755,מלכים,kings,melakhim
7756,עזיבתו,his leaving,azivato
7757,התחום,the field / the area / the range,hatkhum
7758,באות,come (f.pl.),ba'ot
7759,כותרת,title,koteret
7760,התצוגה,the display,hatetsuga
7761,שיאו,his/its top / his/its peak / his record,si'o
7762,עצמיים,self- / auto- (m.pl.),atsmiyim
7763,האופרה,the opera,ha'opera
7764,בתעשיית,in the industry of,beta'asiyat
7765,מפלצות,monsters,miflatsot
7766,למוצר,to/for a product,lemutsar
7766,למוצר,to/for the product,lamutsar
7767,למחלת,for the disease of,lemakhalat
7768,לבחון,to examine,livkhon
7769,המיתולוגיה,the mythology,hamitologya
7770,גפן,grapevine,gefen
7771,קידומת,prefix / area code,kidomet
7772,אבלות,mourning,avlut
7773,כחלוץ,as a pioneer,kekhaluts
7773,כחלוץ,as the pioneer,kakhaluts
7774,השתן,the urine,hasheten
7775,החומצה,the acid,hakhumtsa
7776,הברירה,the choice / the selection / the option,habrera
7777,הסייפים,the fencers,hasayafim
7778,במירוץ,in the race,bameruts
7778,במירוץ,in a race,bemeruts
7779,סוכרת,diabetes,sukeret
7780,תאיים,cellular (m.pl.),ta'iyim
7780,תאיים,you will threaten / she/it will threaten,te'ayem
7781,השריר,the muscle,hashrir
7782,לטמפרטורה,to a temperature,letemperatura
7782,לטמפרטורה,to the temperature,latemperatura
7783,חימום,heating / warming,khimum
7784,להקטין,to reduce / to minimize,lehaktin
7785,דמוית,-like / -form (f.s.),dmuyat
7786,ממיני,of kind of / of genders of / of species of,meminei
7787,האטומים,the atoms,ha'atomim
7787,האטומים,the sealed / the opaue,ha'atumim
7788,הספרייה,the library,hasifriya
7789,נגיפים,viruses,negifim
7790,מאכלי,the dishes of,ma'akhalei
7791,פליטות,refugees (f.pl.) / survivors (f.pl.) / ejections / discharges,plitot
7792,מוזיאונים,museums,muze'onim
7793,מאמינה,believe (f.s.),ma'amina (v.)
7793,מאמינה,believer (f.s.),ma'amina (n.)
7794,ואתן,and you (f.pl.),va'aten
7795,אנוס,forced (m.s.),anus
7796,הזרזיר,the starling,hazarzir
7797,הרקיע,the sky,haraki'a
7798,בעדם,in favor of them / through them,ba'adam
7799,טין,mud,tin
7800,צודק,correct / right,tsodek
7801,מהכלל,of the general / of the rule,mehaklal
7802,יעשה,[he] will do,ya'ase
7802,יעשה,will be done,ye'ase
7803,יבואו,will come (m.pl.),yavo'u
7804,תסמונת,syndrome,tismonet
7805,ויצאה,and went out / and comes out (m.s.),veyats'a
7806,והרי,and here is/are / and you see / and the mountains of,vaharei
7807,המכתבים,the letters,hamikhtavim
7808,הקצה,the tip / the end,hakatse
7809,גברת,lady / Mrs. / madam,gveret
7810,באבו,at a tender age,be'ibo
7811,מבינים,understand (m.pl.),mevinim
7812,ללון,to stay overnight,lalun
7813,לאמר,that is to say,lemor
7814,תקוה,hope,tikva
7815,אמש,last night,emesh
7816,הגיר,shed (m.s.),higir
7816,הגיר,the chalk / lime,hagir
7817,הרעים,the bad (m.pl.),hara'im
7818,גמור,finished (m.s.),gamur
7819,במקומה,in her place,bimkoma
7820,ברגל,in the leg / by foot,baregel
7820,ברגל,with a leg,beregel
7821,ריק,empty (m.s.),rek
7822,סיפרו,told / cut (hair) (pl.),sipru
7822,סיפרו,his book,sifro
7823,נערכת,prepares / makes arrangements / is held (f.s.),ne'erekhet
7824,ממשיכים,continue (m.pl.),mamshikhim
7825,מיליונים,millions,milyonim
7826,מקרוב,closely / from near by,mikarov
7827,ילדיהם,their children,yaldehem
7828,לחוש,to feel / to sense / to rush,lakhush
7829,לאבד,to lose,le'abed
7830,להתערב,to intervene / to interfere / to bet,lehit'arev
7831,להוריד,to take down / to lower / to decrease,lehorid
7832,לדרוש,to require / to demand,lidrosh
7833,והמשיכה,and continued (f.s.),vehimshikha
7834,שמנים,fat (adj.) (m.pl.),shmenim
7834,שמנים,oils,shmanim
7835,עמוס,loaded / burdened,amus
7836,היוקרתי,the prestigious / the exclusive,hayukrati
7837,היעד,the purpose / the objective / the destination,haya'ad
7838,התערב,intervened / interfered / bet (m.s.),hit'arev
7839,הון,capital / wealth,hon
7840,הוגן,fair,hogen
7841,הפרופסור,the professor,haprofesor
7842,הרגשה,feeling / sensation,hargasha
7843,הסוד,the secret,hasod
7844,דקים,thin (m.pl.),dakim
7845,במספרים,in numbers,bemisparim
7845,במספרים,in the numbers,bamisparim
7846,בבוז,with contempt,bevuz
7847,בצמרת,at the top / at the tree top,batsameret
7847,בצמרת,at the top of,betsameret
7848,מתחלק,divides,mitkhalek
7849,מכתבי,my letter,mikhtavi
7849,מכתבי,my letters,mikhtavai
7849,מכתבי,the letters of,mikhtavei
7850,מכפי,than,mikfi
7850,מכפי,from my palm / from my spoon,mikapi
7851,מכבר,long ago,mikvar
7852,מהצד,from the side,mehatsad
7853,מציינים,note / indicate / mark (m.pl.),metsaynim
7854,מניח,assumes / places,meni'akh
7855,לשחרר,to liberate / to release,leshakhrer
7856,לאף,to no -- / to a nose / for a nose,le'af
7856,לאף,to/for the nose,la'af
7857,לזכור,to remember,lizkor
7858,לחבר,to add / to connect / to combine / to compose / to write,lekhaber
7858,לחבר,to/for a friend,lekhaver
7858,לחבר,to/for the friend,lakhaver
7859,להקיף,to surround / to encircle,lehakif
7860,שביקשו,that asked / that requested (pl.),shebikshu
7861,פגשה,met (f.s.),pagsha
7862,עבים,thick / clouds,avim
7863,אמיר,treetop,amir
7864,זקוקה,needs (f.s.),zkuka
7865,כתובת,address,ktovet
7866,כאיש,as a man / as a person,ke'ish
7867,המקצוע,the profession,hamiktso'a
7868,המגיע,that arrives / that is deserved,hamegi'a
7869,הזמר,the singer (m.s.),hazamar
7869,הזמר,the song,hazemer
7870,האורחים,the guests / the visitors,ha'orkhim
7871,האחוריות,the back / the rear (f.pl.),ha'akhoriyot
7872,ההתחלה,the beginning,hahatkhala
7873,הגבעות,the hills,hagva'ot
7874,הצמודה,the attached / the linked / the adjacent (f.s.),hatsmuda
7875,במבט,in a view,bemabat
7875,במבט,in the view,bamabat
7876,בבשר,in/with meat,bebasar
7876,בבשר,in the meat,babasar
7877,בריאותי,of health (adj.),bri'uti
7878,נתפסים,are caught / are perceived (m.pl.),nitpasim
7879,מיהר,hurried / was in a hurry (m.s.),miher
7880,מינה,appointed,mina
7881,מוטל,thrown / imposed upon / levied (m.s.),mutal
7882,משימה,task / assignment / mission,mesima
7883,מעידה,stumble / slip,me'ida (n.)
7883,מעידה,testifies (f.s.),me'ida (v.)
7884,מנהגים,customs,minhagim
7885,יגיע,will arrive (m.s.),yagi'a
7886,למאכל,for eating,le'ma'akhal
7887,למדיניות,to a policy,lemediniyut
7887,למדיניות,to the policy,lamediniyut
7888,לירי,lyric,liri
7889,לתל,to the hill,latel
7890,לאשר,to approve / to confirm,le'asher
7891,להטות,to divert / to conjugate / to tilt,lehatot
7892,לרמה,to height / to the level / to the highland,larama
7892,לרמה,to a level,lerama
7893,לצמצם,to reduce / to minimize,letsamtsem
7894,לצוד,to hunt,latsud
7895,לספרות,to/for literature,lesifrut
7895,לספרות,to/for the literature,lasifrut
7895,לספרות,to/for hairdressing,lesaparut
7895,לספרות,to/for the hairdressing,lasaparut
7896,תולעים,worms,tola'im
7897,ועמו,and with him,ve'imo
7897,ועמו,and his people,ve'amo
7898,ועמד,and stood / and was about to / and endured / and succeeded / and insisted on (m.s.),ve'amad
7899,ועליהם,and on them / and about them,ve'aleihem
7900,והודיע,and informed / and announced,vehodi'a
7901,והקימו,and established / and built (pl.),vehekimu
7902,והחלה,and started (f.s.),vehekhela
7903,ובכללם,and among them,uvikhlalam
7904,שמוצאו,that originated from (m.s.),shemotsa'o
7905,שמצאו,that/who found (pl.),shemats'u
7906,שיחקה,played (f.s.),sikhaka
7907,שלילית,negative (f.s.),shlilit
7908,שאיננה,that is not / that is not here (f.s.),she'einena
7909,שאדם,that a man / that a person,she'adam
7910,שכזה,such / like this (m.),shekaze
7911,שבצפון,that is in the north,shebatsafon
7912,שרר,prevailed,sarar
7913,שרצה,that/who wanted (m.s.),sheratsa
7913,שרצה,that/who runs,sheratsa
7914,שנוי,controversial / in dispute (m.s.),shanui [bemakhloket]
7915,קריאות,calls,kri'ot
7916,קרים,cold (pl.),karim
7917,פיתחו,developed (pl.),pitkhu
7918,פלג,section / division / stream / creek,peleg
7919,פעילי,activists of,pe'ilei
7920,פחותה,less / inferior / lesser (f.s.),pkhuta
7921,פרסמה,published / advertised (f.s.),pirsema
7922,חמורים,serious / severe (m.pl.),khamurim
7922,חמורים,donkeys,khamorim
7923,זרימת,the flow of,zrimat
7924,חסות,protection / patronage,khasut
7925,חסרות,lacking (f.pl.),khasrot
7926,המתקיימת,that exists / that takes place / that is held (f.s.),hamitkayemet
7927,המתח,the tension / the suspense / the voltage / the trapeze,hametakh
7928,המטבע,the coin,hamatbe'a
7929,הלהקה,the band,halahaka
7930,הורג,kills (m.s.),horeg
7931,השכל,the mind,hasekhel
7932,החום,the heat / the fever / the temperature,hakhom
7932,החום,the brown,hakhum
7933,החזיק,held (m.s.),hekhezik
7934,הארוכות,the long (f.pl.),ha'arukot
7935,הדלק,the fuel,hadelek
7936,הבחינו,observed (pl.),hivkhinu
7937,הרשימה,the list,hareshima
7938,הרע,the bad,hara
7939,הרגילים,the ordinary / the usual / the regular / the experienced / that/who are used to (m.pl.),haregilim (adj.)
7940,הצלה,rescue,hatsala
7941,הסעודה,the meal,hase'uda
7942,דעתם,their opinion,da'atam
7943,גושי,lumps of / blocks of / masses of / regions of,gushei
7944,גאון,genius,ga'on
7945,גז,gas,gaz
7945,גז,shearing,gez
7946,במעמד,in a position / [in] a class / [in] a pedestal / at a scene / in the presence of,bema'amad
7947,במרוצת,during the,bimrutsat
7948,בכניסה,when entering,bikhnisa
7948,בכניסה,at an entrance,beknisa
7948,בכניסה,at the entrance,baknisa
7949,בכנס,at a conference,bekhenes
7949,בכנס,at the conference,bakenes
7950,בדמותו,in his shape of / in his image,bidmuto
7951,בגדים,clothes,bgadim
7952,ברשות,with permission / with the permission of,birshut
7952,ברשות,led by / headed by,berashut
7952,ברשות,in the authority,barashut
7953,ריקה,empty (f.s.),reka
7954,רוק,saliva,rok
7955,רעידת,vibration of,re'idat
7956,רחבות,wide (f.pl.),rekhavot
7956,רחבות,squares,rakhavot
7957,סופות,storms,sufot
7958,סוכר,sugar,sukar
7959,נמלט,escaped (m.s.),nimlat
7960,נוטים,inclined / tend to / tilted (m.pl.),notim
7961,נסוג,withdrew / retreated (m.s.),nasog
7962,מנהיגיה,her/its leaders,manhigeha
7963,כמדינה,as a state,kemedina
7963,כמדינה,as the state,kamedina
7964,למרידה,to/for a mutiny,lemerida
7964,למרידה,to/for the mutiny,lamerida
7965,לפקד,to command,lefaked
7966,תביא,you will bring / she will bring,tavi
7967,המינהל,the administration / the management,haminhal
7968,הוראת,order of / instruction of,hora'at
7969,בתביעה,in a law suit / in a prosecution,betvi'a
7969,בתביעה,in the law suit / in the prosecution,batvi'a
7970,בריתה,Brita (a birth party for a girl),brita
7971,סוכנים,agents,sokhnim
7972,מגנים,defend (m.pl.),megenim (v.)
7972,מגנים,shields,megenim (n.)
7973,למצור,to/for a siege,lematsor
7973,למצור,to/for the siege,lamatsor
7974,להתיישב,to sit / to settle,lehityashev
7975,ויחידות,and the unit of / and the squad of,veyekhidat
7976,ולהגיע,and to arrive,ulehagi'a
7977,ולהביא,and to bring,ulehavi
7978,והיחסים,and the relations,vehayakhasim
7979,והצליח,and succeeded (m.s.),vehitsli'akh
7980,חיזוי,forecasting / prediction,khizui
7981,חתמה,signed (f.s.),khatma
7982,הועלה,was raised / was lifted / was increased / was brought up (m.s.),hu'ala
7983,החפירות,the excavation / the digging,hakhafirot
7984,דרומיים,southern (m.pl.),dromiyim
7985,בשליטה,under control,beshlita
7986,בשושלת,in the dynasty,bashoshelet
7986,בשושלת,in a dynasty,beshoshelet
7987,מספרם,their number,misparam
7987,מספרם,from their book,mesifram
7988,לתוצאה,to a result,letotsa'a
7988,לתוצאה,to the result,latotsa'a
7989,תוצאת,the result of / the consequence of,totsa'at
7990,תכננו,planned / designed (pl.),tikhnenu
7991,ואנשיו,and his people,ve'anashav
7992,ובמזרח,and at the east / and to the east,uvamizrakh
7993,שיאפשר,that will enable / that will facilitate (m.s.),sheye'afsher
7994,שכזו,such / like this (f.),shekazo
7995,קשתות,arches / bows / rainbows / curvatures,kshatot
7996,פונו,were evacuated,punu
7997,כבלתי,"as im-, as in-, as un-, as dis-",kevilti
7998,הוכרזה,was proclaimed / was announced / was declared (f.s.),hukhreza
7999,הפיכת,revolution of / conversion of / turning of / inversion of,hafikhat
8000,העשירים,the rich (m.pl.),ha'ashirim
8001,ההערכות,the assessments / the estimations / the appreciations / the credits,haha'arakhot
8002,הדתיים,the religious (m.pl.),hadatiyim (adj.)
8003,הציוד,the equipment,hatsiyud
8004,בכסף,with money,bekhesef
8004,בכסף,with the money,bakesef
8005,מתנגדים,resist / object (m.pl.),mitnagdim
8006,מוגברת,enhanced / amplified / strengthened,mugberet
8007,מוצב,placed / positioned / posted (m.s.),mutsav (adj.)
8007,מוצב,post / position (military),mutsav (n.)
8008,משיקולים,of considerations / for reasons,mishikulim
8009,מפות,maps,mapot
8010,מעברו,beyond it / from its other side,me'evro
8010,מעברו,his/its pass / his/its transfer,ma'avaro
8011,מסילות,tracks,mesilot
8012,יוזמה,initiative / enterprise,yozma
8013,למפקד,to/for a commander,lemefaked
8013,למפקד,to/for the commander,lamefaked
8013,למפקד,to/for a census / to/for a muster,lemifkad
8013,למפקד,to/for the census / to/for the muster,lamifkad
8014,לשירות,at the service of,lesherut
8014,לשירות,to/for the service,lasherut
8015,לפרסום,to/for a fame / to/for a publication / to/for an advertisement / to/for advertising,lefirsum
8015,לפרסום,to/for the fame / to/for the publication / to/for the advertisement / to/for the advertising,
8015,לפרסום,lapirsum,
8015,לפרסום,[of],
8016,לזכויות,for/to rights / for/to privileges,lizkhuyot
8017,לטווח,to a range / for a [long / short] run,litvakh
8018,והחברה,and the company / and the society,vehakhevra
8019,ובהתאם,and accordingly,uvhet'em
8020,שהתקבלה,that was received / that was accepted (f.s.),shehitkabla
8021,פעילה,active / activist (f.s.),pe'ila
8022,אירעה,happened / occurred (f.s.),er'a
8023,אחריות,responsibility,akhrayut
8024,אזרחיים,civilian / civil (m.pl.),ezrakhiyim
8025,זנים,species / feed (m.pl.),zanim
8026,כוחה,her power / her force / her strength,kokha
8027,כניסה,entrance,knisa
8028,כנגדם,against / contrary to / in exchange to,keneged
8029,המיועד,the intended / the designated,hameyu'ad
8030,המודרניים,the modern (m.pl.),hamoderniyim
8031,המרכיבות,that assemble / that constitute (f.pl),hamarkivot
8032,התכוון,meant / intended (m.s.),hitkaven
8033,הושפעו,were influenced / were affected,hushpe'u
8034,הוכח,has been proved (m.s.),hukhakh
8035,השמדת,destroy of / extermination of,hashmadat
8035,השמדת,you destroyed (m.s.),hishmadeta
8035,השמדת,you destroyed (f.s.),hishmadet
8036,הענקית,the huge / the giant (f.s.),ha'anakit
8037,האחריות,the responsibility,ha'akhrayut
8038,החברתיים,the social (m.pl.),hakhevratiyim
8039,הגנת,defense of,haganat
8040,הרמות,the heights / the levels,haramot
8041,הצביעו,voted / raised their hand / pointed at / indicated (pl.),hitsbi'u
8042,הצטרפות,joining,hitstarfut
8043,הספיקו,were sufficient / were adequate / met the deadline,hispiku
8044,הנמוכות,the low / the short (f.pl.),hanemukhot
8045,באיי,on/in the islands of,be'iyei
8046,צירוף,combination / addition,tseruf
8047,נבע,stemmed from / derived from / spouted,nava
8048,ממתכת,[made] of metal,mimatekhet
8049,ממחצית,[of] half,mimakhatsit
8050,מיקומו,his location,mikumo
8051,מתאימה,suitable / appropriate / applicable / identical (f.s.),mat'ima
8052,מוצגות,are introduced / are displayed / are presented / are exhibited (f.pl.),mutsagot
8053,משמשות,are used for (f.pl.),meshamshot
8054,מכריע,decisive / crucial (m.s.),makhri'a
8055,מגיעות,arrive (f.pl.),megi'ot
8056,מגעים,contacts / touch,maga'im
8057,מרווח,gap,mirvakh
8057,מרווח,spaced,meruvakh
8058,מראשי,from my head,meroshi
8058,מראשי,of/from the leaders of,merashei
8059,מנהיגים,leaders,manhigim
8060,יורשו,his heir / his successor,yorsho
8061,למוזיקה,to/for music,lemuzika
8061,למוזיקה,to/for the music,lamuzika
8062,למערכות,to/for systems / to/for editorial boards / to/for fights / to/for campaigns,lema'arakhot
8062,למערכות,to/for the systems / to/for the editorial boards / to/for the fights / to/for the campaigns,lama'arakhot
8062,למערכות,to/for the systems of / to/for the editorial boards of / to/for the fights of / to/for the,
8062,למערכות,lema'arkhot,
8062,למערכות,campaigns of,
8063,לתוצאות,to/for results,letotsa'ot
8063,לתוצאות,to/for the results,latotsa'ot
8063,לתוצאות,to/for the results of,latots'ot
8064,לשיקום,for rehabilitation / for reconstruction,leshikum
8064,לשיקום,for the rehabilitation / for the reconstruction,lashikum
8065,לשידור,to/for the broadcast,lashidur
8065,לשידור,to/for a broadcast,leshidur
8066,לשונו,his tongue / his language,leshono
8067,לקה,was stricken / was beaten,laka
8068,לכונן,to establish,lekhonen
8069,להמשך,for later,lahemshekh
8070,להפגין,to demonstrate,lehafgin
8071,להפריד,to separate,lehafrid
8072,לגרש,to expel / to deport,legaresh
8073,לרשימת,to the list of,lirshimat
8074,לרעה,adversely / for the worse,lera'a
8075,לסירוגין,alternately / intermittently,leserugin
8076,תיירים,tourists,tayarim
8077,תרשים,sketch / chart / graph,tarshim
8078,וייתכן,and it is possible / and perhaps / and possibly,veyitakhen
8079,ויצר,and created / and made (m.s.),veyatsar
8080,ואינה,and is not / and is not here (f.s.),ve'eina
8081,וזכתה,and won (f.s.),vezakhta
8082,והאמנות,and the art,veha'omanut
8083,והביאו,and brought (pl.),vehevi'u
8084,ובא,and came (m.s.),uva
8085,ונאלץ,and was forced / and was compelled,vene'elats
8086,שלטונם,their rule / their reign,shiltonam
8087,שתוכנן,which content (f.pl.),shetokhnan
8088,שאליה,that to her,she'eleha
8089,שבתחילה,that at first / that at the beginning,shebatkhila
8090,פופולרית,popular (f.s.),popularit
8091,פעילים,activists,pe'ilim
8092,פעילויות,activities,pe'iluyot
8093,עתיקים,ancient / old (m.pl.),atikim
8094,ערכי,values of,erkei
8094,ערכי,ideological / my value,erki
8095,איזון,balance,izun
8096,אירעו,happened / occurred (pl.),er'u
8097,חבלי,throes of / ropes of,khevlei
8098,כתובה,written (f.s.),ktuva
8098,כתובה,Jewish marriage contract,ktuba
8099,כונתה,was named (f.s.),kunta
8100,כניסתו,his entrance,knisato
8101,המושבים,the cooperative settlements / the seats / the sessions,hamoshavim
8102,המשתמשים,that/who use (m.pl.) / the users,hamishtamshim
8103,המפורסמת,the famous / the well known (f.s.),hamefursemet
8104,המעטים,the few,hame'atim
8105,המאוחר,the late / the later,hame'ukhar
8106,המבוססים,the well established / the well based / that are based [on] (m.pl.),hamevusasim
8107,הלאומיות,the national (f.pl.),hale'umiyot
8107,הלאומיות,the nationality / the patriotism,hale'umiyut
8108,התקופות,the periods,hatkufot
8109,השמאלי,the left (adj.) / the left handed (m.s.),hasmali
8110,הקתדרלה,the cathedral,hakatedrala
8111,הקשות,the difficult / the hard (f.pl.),hakashot
8112,הפלדה,the steel,haplada
8113,הפופולרי,the popular (m.s.),hapopulari
8114,האופי,the character / the nature,ha'ofi
8115,הכלכליים,the economic (m.pl.),hakalkaliyim
8116,הכנסות,income,hakhnasot
8117,ההרוגים,the casualties,haharugim
8118,הציבוריים,the public (m.pl.),hatsiburiyim
8119,הנמוכים,the low / the short (m.pl.),hanemukhim
8120,הנחת,the satisfaction / the complacence,hanakhat
8120,הנחת,the laying [of] / the Marine Corps member,hanakhat
8121,גילויים,discoveries,giluyim
8122,גופתו,his body / his corpse,gufato
8123,בלוחות,on boards / on the boards of,belukhot
8123,בלוחות,on the boards,balukhot
8124,בשנותיה,in her years,bishnoteha
8125,בעודם,while they,be'odam
8126,בחיילים,with/among soldiers,bekhayalim
8126,בחיילים,with/among the soldiers,bakhayalim
8127,בביקור,[in] a visit / visiting,bevikur
8128,בבעיות,[in] problems,bebe'ayot
8128,בבעיות,[in] the problems,babe'ayot
8129,ראשים,heads,rashim
8130,רהיטים,furniture,rahitim
8131,ציודם,their equipment,tsiyudam
8132,צפייה,watch / observation,tsfiya
8133,ספג,absorbed / blotted (m.s.),safag
8134,ניסח,phrased (m.s.),nisakh
8135,לרצח,to the murder,laretsakh
8135,לרצח,to a murder,leretsakh
8136,תקנות,regulations / rules / remedies,takanot
8137,שנרצחו,who were murdered,shenirtsekhu
8138,ערוצים,channels,arutsim
8139,חרות,freedom,kherut
8140,ההכשרה,the training,hahakhshara
8141,גורדי,scrapers of,gordei
8142,מיהודי,from a Jew,miyehudi
8143,מסי,taxes of,misei
8143,מסי,my taxes,misai
8144,למשימות,to/for tasks / to/for assignments / to/for missions,lemesimot
8144,למשימות,to/for the tasks / to/for the assignments / to/for the missions,lamesimot
8145,לגדוד,to/for a regiment,legdud
8145,לגדוד,to/for the regiment,lagdud
8146,פועלו,his deeds,po'alo
8147,חורבן,ruin / destruction,khurban
8148,השירותים,the services / the toilets,hasherutim
8149,הקהילות,the communities,hakehilot
8150,הגרדום,the gallows,hagardom
8151,דחפורי,the bulldozers of,dakhporei
8152,במאורעות,in events,beme'ora'ot
8152,במאורעות,in the events,bame'ora'ot
8152,במאורעות,in the events of,bim'ora'ot
8153,סלעי,rocky,sal'i
8154,משקעים,precipitate / sediments,mishka'im
8155,ליישוב,to/for a settlement / to settle,leyishuv
8155,ליישוב,to/for the settlement,layishuv
8156,לתעשייה,for industry,leta'asiya
8156,לתעשייה,for the industry,lata'asiya
8157,תערוכות,shows / exhibitions,ta'arukhot
8158,הכלליים,the general (m.pl.),haklaliyim
8159,הגבורה,the heroism / the bravery,hagvura
8160,הבולטות,the protruding / that stand out (f.pl.),haboltot
8161,מובא,is brought (m.s.),muva
8162,מכוונת,directs / adjusts / tunes (f.s.),mekhavenet
8162,מכוונת,intentional / adjusted / tuned (f.s.),mekhuvenet
8163,מגדלי,towers of,migdelei
8164,תחנה,station,takhana
8165,שבילי,paths of,shvilei
8166,כתגובה,in response,kitguva
8167,המשכיות,continuity,hemshekhiyut
8168,הלשכה,the chamber / the office,halishka
8169,הריסה,demolition / destruction,harisa
8170,בבשורה,in the news,babsora
8171,רבנים,rabbis,rabanim
8172,מחולקת,divided / split (f.s.),mekhuleket
8173,לתאוריה,to/for the theory,late'orya
8173,לתאוריה,to/for a theory,lete'orya
8173,לתאוריה,for planning / for a design / for a layout / for the planning of / for the design of / for the,
8174,לתכנון,letikhnun,
8174,לתכנון,layout of,
8174,לתכנון,for the planning / for the design / for the layout,latikhnun
8175,לוותה,borrowed / took a loan (f.s.),lavta
8176,תיכון,middle (m.s.) / median (m.s.) / high school / Mediterranean (sea),tikhon
8177,תלמוד,Talmud / learning,talmud
8178,תושביה,its residents,toshaveha
8179,תוספות,additions / supplements,tosafot
8180,תצורה,configuration / formation,tetsura
8181,שמספר,that/who tells,shamesaper
8181,שמספר,that a number / that a few,shemispar
8182,שבמהלכו,that during it,shebemahalakho
8183,שבירה,breaking / fragile (f.s.),shvira
8184,שנבנתה,that was built (f.),shenivneta
8185,קרוי,is called (m.s.),karui
8186,פרויקטים,projects,proyektim
8187,אטומי,atomic,atomi
8187,אטומי,atoms of,atomei
8188,כחבר,as a friend,kekhaver
8189,המאפיין,the characteristic / that characterizes,hame'afyen
8190,הכותב,the writer / the author,hakotev
8191,גירוש,expulsion / deportation,gerush
8192,גופני,physical,gufani
8193,בתיאטרון,in/at a theater,bete'atron
8193,בתיאטרון,in/at the theater,bate'atron
8194,בתחנת,at the station of,betakhanat
8195,בעשור,by a decade,be'asor
8195,בעשור,in the decade,ba'asor
8196,בדברי,in what I said,bidvarai
8196,בדברי,in what [X] said,bedivrei
8197,ספיר,sapphire,sapir
8197,ספיר,countable,safir
8198,משלים,complementary,mashlim
8198,משלים,proverbs / allegories,meshalim
8199,מבוססות,well established / well based / are based on (f.pl.),mevusasot
8200,ייבוש,drying,yibush
8201,למיתוס,to a myth,lemitos
8201,למיתוס,to the myth,lamitos
8202,לירידה,to/for going down / to/for coming down / to/for a descent / to/for a decrease,leyerida
8202,לירידה,to/for the going down / to/for the coming down / to/for the descent / to/for the decrease,layerida
8203,לבדיקה,for examination,livdika
8203,לבדיקה,to/for the examination,labdika
8204,תפקודו,his function,tifkudo
8205,ומקומות,and places,umekomot
8206,ובתו,and his daughter,uvito
8207,שלעיל,the aforementioned,shela'el
8208,שורשי,fundamental / deep rooted,shorshi
8208,שורשי,roots of,shorshei
8208,שורשי,my roots,shorashai
8209,שהפכו,that inverted / that converted / that turned / that become / that transformed (pl.),shehafkhu
8210,פסיכולוגים,psychologists,psikhologim
8211,עומק,depth,omek
8212,חלוקות,divisions,khalukot
8213,אטומים,atoms,atomim
8213,אטומים,sealed / opaque (m.pl.),atumim
8214,המשקל,the weight / the scale,hamishkal
8215,התפקידים,the roles / the duties / the capacities,hatafkidim
8216,התגורר,lived / dwelt (m.s.),hitgorer
8217,השורה,the line,hashura
8218,הקשורה,that is tied / that is linked / that is connected (f.s.),hakshura
8219,הקדמון,the prehistoric / the ancient / the primitive (m.s.),hakadmon
8220,העשיר,the rich (m.s.),ha'ashir
8220,העשיר,enriched (m.s.),he'eshir
8221,החלל,the space,hakhalal
8222,הבמה,the stage,habama
8223,הבדיוני,the fiction,habidyoni
8224,הצמיחה,the growth,hatsmikha
8225,במלואה,to its full (f.s.),bimlo'a
8226,במדליית,[in] the medal of,bemedalyat
8227,ביניים,mid / middle / intermediate,beinayim
8228,בתאי,in the cells of,beta'ei
8228,בתאי,in my cell,beta'i
8229,בשכונת,in the neighborhood of,bishkhunat
8230,בחברת,in the company of / in the society of,bekhevrat
8231,עירייה,municipality,iriya
8232,חוג,circle / social group / course,khug
8233,בטון,concrete,beton
8234,לכהן,to serve [as] / to hold office,lekhahen
8235,מוסלמית,Muslim (adj.) (f.s.),muslemit
8236,קבועים,constant / fixed / regular / permanent (m.pl.),kvu'im
8237,הפרטית,the private (f.s.),hapratit
8238,תפילת,prayer of,tfilat
8239,שבעל,that an owner / that a husband,sheba'al
8240,ממלא,fills (m.s.),memale
8241,שעבד,that/who worked,she'avad
8242,כוללות,include (f.pl.),kolelot
8243,כותבי,the writers of / the authors of,kotvei
8244,השיטות,the methods,hashitot
8245,הפרסום,the fame / the publication / the advertisement / the advertising,hapirsum
8246,במישור,on a plane / on a level / on the plane of / on the level of,bemishor
8246,במישור,on the plane / on the level,bamishor
8247,תאורה,illumination / lightning,te'ura
8248,תרומת,donation of / contribution of,trumat
8249,והוביל,and led / and transported (m.s.),vehovil
8250,שודר,was broadcast (m.s.),shudar
8251,חיצוני,external,khitsoni
8252,המופיעה,that/who appears / that/who performs (f.s.),hamofi'a
8253,הפופולרית,the popular (f.s.),hapopularit
8254,הכתב,the writing (n.),haktav
8254,הכתב,the reporter,hakatav
8255,הבסיסיות,the basic (f.pl.),habsisiyot
8256,הנחשב,that is considered,hanekhshav
8257,בתרופות,in/with the medications / in/with the drugs,batrufot
8257,בתרופות,in/with medications / in/with drugs,bitrufot
8258,בפרקים,in chapters / in joints,bifrakim
8258,בפרקים,in the chapters / in the joints,baprakim
8259,בנם,their son,bnam
8260,ספיקת,capacity of / flow of / discharge of,sfikat
8261,מטופלת,patient / is taken care of (f.s.),metupelet
8262,לשוניים,linguistic (pl.),leshoniyim
8263,המפיק,the producer / that/who produces,hamefik
8264,המילולי,the verbal / the literal,hamiluli
8265,לסרטן,to crab / to cancer,lesartan
8265,לסרטן,to/for the crab / to/for the cancer,lasartan
8266,זוגי,even / dual / for two,zugi
8267,המתקיים,that exists / that takes place / that is held (m.s.),hamitkayem
8268,הניב,produced / yielded,heniv
8268,הניב,the idiom / the tusk,haniv
8269,טכניקות,techniques,tekhnikot
8270,שגילה,that/who discovered,shegila
8271,טעויות,mistakes,ta'uyot
8272,לענפים,to/for branches / to/for fields,le'anafim
8272,לענפים,to/for the branches / to/for the fields,la'anafim
8273,פירמידה,pyramid,piramida
8274,חלל,space,khalal
8275,ממדי,dimensions of,memadei
8276,מסייעת,assists / helps (f.s.),mesaya'at
8277,אקולוגית,ecologic,ekologit
8278,המשמשות,that are used for (f.pl.),hameshamshot
8279,המכילות,that contain (f.pl.),hamekhilot
8280,מתפרק,falls apart / decomposed (m.s.),mitparek
8281,אלת,goddess of,elat
8282,התפתחותית,developmental,hitpatkhutit
8283,זקוקים,need (m.pl.),zkukim
8284,הגדלים,that grow (m.s.),hagdelim
8285,למינים,to/for kinds / to/for species / to/for genders,leminim
8285,למינים,to/for the kinds / to/for the species / to/for the genders,laminim
8286,שריפות,fires,srefot
8287,להכנת,for the preparation of,lehakhanat
8288,אופטית,optical,optit
8289,המסה,dissolving,hamasa
8290,חולות,sands,kholot
8291,בנגיף,in/with a virus,benagif
8291,בנגיף,in/with the virus,banagif
8292,שאלתי,I asked / I borrowed,sha'alti
8293,ממעל,from above,mima'al
8294,משרות,jobs / positions,misrot
8294,משרות,marinades (n.),mishrot
8295,מעודי,I never / ever since,me'odi
8296,מזלי,my luck,mazali
8297,מכם,from you (m.pl.),mikem
8298,מטתי,my bed,mitati
8299,למשול,to govern,limshol
8300,תיכף,immediately / shortly,tekhef
8301,תפוש,occupied (m.s.),tafus
8302,ויפה,and pretty / and good (m.s.),veyafe
8302,ויפה,and pretty / and good (f.s.),veyafa
8303,וֹאמר,and says (m.s.) / and a saying (n.),ve'omer
8303,וֹאמר,and I will say,ve'omar
8304,ופתאם,and suddenly,ufit'om
8305,וחוץ,and out,vekhuts
8306,ואשים,and I will put,ve'asim
8307,ואשוב,and I will return,ve'ashuv
8308,וארוץ,and I will run,ve'aruts
8309,ואצחק,and I will laugh,ve'etskhak
8310,ואנחנו,and we / and us,ve'anakhnu
8311,שלשולים,diarrhea (pl.) / earthworms,shilshulim
8312,שוה,equals (m.s.),shave
8313,פרוטה,dime / penny,pruta
8314,עוקץ,sting,okets (n.)
8314,עוקץ,stings (m.s.),okets (v.)
8315,עפה,flew (f.s.),afa
8316,עברים,sides,avarim
8316,עברים,Hebrew people,ivrim
8317,חתיכה,piece,khatikha
8318,חוטים,wires,khutim
8319,חשתי,I felt / I rushed,khashti
8320,אחור,back / backward / rear,akhor
8321,אגיד,I will say,agid
8322,חרש,quietly,kheresh
8322,חרש,deaf,kheresh
8323,כתבתי,I wrote,katavti
8324,הלז,this one,halaz
8325,הענינים,the matters,ha'inyanim
8326,הזחל,the caterpillar,hazakhal
8327,הכנימות,the aphids,haknimot
8328,הגונה,decent / honest (f.s.),haguna
8329,הבתה,the waste land,habata
8330,הניר,the plowed field,hanir
8331,דומני,I think,domani
8332,בקפיצה,[by] jumping,bikfitsa
8333,בעשב,in the grass / in the weed,ba'esev
8334,בכפי,in my palm / in my spoon,bekhapi
8335,בנפשך,[with] your soul / at the risk of your life (something very important) (m.s.),benafshekha
8335,בנפשך,[with] your soul / at the risk of your life (something very important) (f.s.),benafshekh
8336,בנחת,calmly / peacefully,benakhat
8337,נעזב,was left (m.s.),ne'ezav
8338,נאנחה,moaned (f.s.),ne'enkha
8339,נגשתי,I approached,nigashti
8340,מפי,from the mouth of / from my mouth,mipi
8341,מכף,from a palm / from the palm of / from a spoon,mikaf
8342,מניות,stocks,menayot
8343,לבכות,to cry,livkot
8344,תענוג,pleasure,ta'anug
8345,והיער,and the forest,vehaya'ar
8346,שוטר,policeman,shoter
8347,שקר,lie,sheker
8348,שעלינו,that is/are on us / that is/are about us (m.s.),she'alenu
8348,שעלינו,that we went up / that we climbed,she'alinu
8349,איומה,terrible / horrible (f.s.),ayuma
8350,חתן,bridegroom / laureate,khatan
8351,אושפז,was hospitalized (m.s.),ushpaz
8352,כדרכי,as I usually do,kedarki
8353,המרתף,the cellar / the basement,hamartef
8354,הייתם,you were (m.p.),hayitem
8355,הילדה,the child / the girl,hayalda
8356,הלוך,forth,halokh
8357,האבק,the dust,ha'avak
8358,הסבירה,explained (f.s.),hisbira
8358,הסבירה,the reasonable / the likely (f.s.),hasavira
8359,גוי,gentile / nation,goi
8360,בקן,in a nest,beken
8360,בקן,in the nest,baken
8361,צעדי,steps of,tsa'adei
8362,נפלא,wonderful,nifla
8363,נהדר,wonderful,nehedar
8364,מרעב,of hunger,mera'av
8365,יורשה,will be allowed,yurshe
8366,לעיני,in front of,le'einei
8366,לעיני,to my eye,le'eini
8367,תושב,resident,toshav
8368,תעשה,you will do / she will do,ta'ase
8369,ולבקש,and to ask / and to request,ulvakesh
8370,ורד,rose,vered
8371,עושות,do (f.pl.),osot
8372,אחריהן,after them (f.),akhrehen
8373,כואב,painful,ko'ev
8374,המיון,the classification / the categorization,hamiyun
8375,היודע,that/who knows,hayode'a
8376,השמירה,the guarding / the protection,hashmira
8377,הגולם,the dummy / the stupid / the cocoon,hagolem
8378,הבתולה,the virgin,habtula
8379,במנוחה,at rest,bimnukha
8380,בלילות,in nights,beleilot
8380,בלילות,in the nights / at night,baleilot
8381,בקולו,in his voice,bekolo
8382,רעות,bad (f.pl.),ra'ot
8382,רעות,friendship,re'ut
8383,מוכנות,ready / prepared / willing (f.pl.),mukhanot
8384,מהמקום,from the place,mehamakom
8385,מהעולם,from the world,meha'olam
8386,ידעה,knew (f.s.),yad'a
8387,להותיר,to leave,lehotir
8388,לצחוק,to laugh,litskhok
8389,ומטה,and down,vamata
8389,ומטה,and tilts / and diverts (m.s.) / and a stick,umate
8389,ומטה,and a bed,vemita
8390,ולילה,and night,velaila
8391,וכולם,and everybody,vekulam
8392,ובגלל,and because,uviglal
8393,שמח,glad / happy (m.s.),same'akh
8393,שמח,was glad / was happy (m.s.),samakh
8394,קנים,nests,kinim
8395,חושבים,think (m.pl.),khoshvim
8396,אוחז,holds (m.s.),okhez
8397,כרוב,cabbage / angel,kruv
8398,המת,the deceased / the dead (m.s.),hamet
8399,המאמר,the article / the saying,ha'ma'amar
8400,המכשיר,the instrument / the tool,hamakhshir
8401,היושב,the sitting / that sits,hayoshev
8402,היכה,beat / hit,hika
8403,הואיל,since / was willing (m.s.),ho'il
8404,הזר,the foreign / the stranger (m.s.),hazar
8405,הרימו,lifted (pl.),herimu
8406,הציעה,proposed / suggested / offered (f.s.),hetsi'a
8407,הניע,moved (m.s.),heni'a
8408,בזעם,angrily,beza'am
8409,סיפרה,told / cut (hair) (f.s.),sipra
8409,סיפרה,her book / digit,sifra
8410,סתם,just / casual / simple,stam
8410,סתם,blocked / plugged (m.s.),satam
8411,סוללות,batteries,solelot (n.)
8411,סוללות,pave (f.pl.),solelot (v.)
8412,נוכל,crook,nokhel
8412,נוכל,we will be able,nukhal
8413,נשארה,stayed / remained (f.s.),nish'ara
8414,נבון,clever / intelligent,navon
8415,מינויו,his appointment,minuyo
8416,מתוכן,out of them / from inside them (f.),mitokhan
8417,משק,economy / farm,meshek
8417,משק,noise,mashak
8418,מטבעות,coins,matbe'ot
8419,ישוב,will return,yashuv
8420,לתוכו,into him/it,letokho
8421,לתור,[to] a line,letor
8421,לתור,[to] the line,lator
8421,לתור,to explore / to tour / to inquire,latur
8422,לחברי,to the friends of / to the members of,lekhavrei
8423,להתקרב,to approach / to get close,lehitkarev
8424,להתאבד,to commit suicide,lehit'abed
8425,לראותו,to see him/it (m.s.),lir'oto
8426,תשובה,answer / reply / return / repentance,tshuva
8427,ועתה,and now,ve'ata
8428,ובמהרה,and soon,ubimhera
8429,וביקשו,and asked / and requested (pl.),uvikeshu
8430,ובאותו,in/at the same (m.s.),uve'oto
8431,שקורה,that happens / that occurs,shekore
8431,שקורה,that a beam,shekora
8432,שחרורו,his release,shikhruro
8433,שריד,remnant / survivor (m.s.),sarid
8434,שררה,rule / power,srara
8435,שנתי,annual / my sleep,shnati
8436,פרלמנטרית,parliamentary (f.s.),parlamentarit
8437,אשכנזי,Ashkenazi (Jew from Europe),ashkenazi
8438,כבעבר,as in the past / as previously,keba'avar
8439,כנפיו,his wings,knafav
8440,המכבים,the Maccabees,hamakabim
8441,המריבה,the fight,hameriva
8442,התכלת,the light blue,hatkhelet
8443,התגברה,overcame (f.s.),hitgabra
8444,הערמונית,the prostate,ha'armonit (n.)
8444,הערמונית,the dark brown / the auborn,ha'armonit (v.)
8445,הגרעינית,the nuclear (f.s.),hagar'init
8446,הרשת,the net,hareshet
8447,דיווחו,reported (pl.),divkhu
8448,דרישות,requirements / demands,drishot
8449,במועצת,in the council of,bemo'etset
8450,במעט,by a little,bim'at
8451,בתפקידו,in his role / in his duty / in his capacity,betafkido
8452,בולטות,protruding / stand out (f.pl.),boltot
8453,בשרירים,in the muscles,bashririm
8453,בשרירים,[with] muscles,beshririm
8454,בעצמם,themselves / personally (m.pl.),be'atsmam
8455,בכף,in the palm of / with a spoon,bekhaf
8455,בכף,in the palm / with the spoon,bakaf
8456,בגזע,in a trunk / in a race,begeza
8456,בגזע,in the trunk / in the race,bageza
8457,בביצוע,in performance / in the performance of,bevitsu'a
8458,ברבות,as it increased / as the number grows,birvot
8459,בצעדים,with steps,bits'adim
8460,ראיה,evidence,re'aya
8461,צללים,shadows,tslalim
8462,נפגשו,met (pl.),nifgeshu
8463,נאומו,his speech,ne'umo
8464,נראים,are seen / look (m.pl.),nir'im
8465,מתגלה,is discovered (m.s.),mitgale
8466,משיכה,pull / attraction / withdrawal / gravity,meshikha
8467,משחקני,from the players of / from the actors of,misakhkanei
8468,משדה,from a field,misade
8468,משדה,from a field of,misde
8469,מכירות,recognize / familiar with (f.pl.),mekirot
8469,מכירות,sales,mekhirot
8470,מהמטבח,from the kitchen,mehamitbakh
8471,מבחר,selection,mivkhar
8472,מסוכן,dangerous,mesukan
8473,מסכימים,agree (m.pl.),maskimim
8474,מני,from,mini
8475,ידיו,his hands,yadav
8476,לממש,to realize,lemamesh
8477,למשפחתו,to/for his family,lemishpakhto
8478,למקרה,in case,lemikre
8478,למקרה,for the case,lamikre
8479,לשחקנים,to/for the players / to/for the actors,lasakhkanim
8479,לשחקנים,to/for players / to/for actors,lesakhkanim
8480,לשנים,for the years,lashanim
8480,לשנים,for years,leshanim
8481,לפתיחת,to the opening of,liftikhat
8482,לעיכול,for digestion,la'ikul
8483,לאויב,to the enemy,la'oyev
8483,לאויב,to an enemy,le'oyev
8484,לחוקה,for a constitution,lekhuka
8484,לחוקה,for the constitution,lakhuka
8485,לחדש,to renew,lekhadesh
8486,להתעמת,to confront,lehit'amet
8487,להתעלם,to ignore,lehit'alem
8488,להתבצע,to be performed / to be executed,lehitbatse'a
8489,להזכיר,to remind,lehazkir
8490,לדור,to live / to dwell,ladur
8491,לגזע,to/for a trunk / to/for a race,legeza
8491,לגזע,to/for the trunk / to/for the race,lageza
8492,לבשו,wore (m.pl.),lavshu
8493,לבאר,to a well,le'be'er
8493,לבאר,to the well,la'be'er
8494,לרמת,to the height of / to the level of,leramat
8495,לצרכים,for necessities / for needs,letsrakhim
8496,לסגן,to/for/as a deputy,lesgan
8496,לסגן,to/for/as the deputy,lasgan
8497,לניהול,of management / for the management of,lenihul
8498,לנהוג,to drive / to lead / to do something on a regular basis,linhog
8499,תיק,bag / case / file / portfolio,tik
8500,ומלב,and from a heart / and from the heart of,umilev
8501,ומשטר,and a regime,umishtar
8502,ומנסה,and tries (m.s.),umenase
8503,ולמחרת,and the next day,ulemokhorat
8504,ואי,and an island / and non --,ve'i
8505,וזכויות,and rights / and privileges,vezkhuyot
8506,והולכת,and walks / and goes (f.s.),veholekhet
8507,והביאה,and brought (f.s.),vehevi'a
8508,ובראשן,led by (f.pl.),uvroshan
8509,וסוף,and an end,vesof
8510,שמצא,that/who found (m.s.),shematsa
8511,שמספרו,which number is,shemisparo
8511,שמספרו,that from his book,shemisifro
8512,שיחים,bushes,sikhim
8513,שיחות,conversations,sikhot
8514,שיחה,conversation,sikha
8515,שלכל,that for/to all,shelekhol
8515,שלכל,that for/to everything / that for/to everyone / that for/to anyone,shelakol
8516,שעלול,that/who might (m.s.),she'alul
8517,שעם,that a people,she'am
8517,שעם,that with,she'im
8518,שהובילה,that/who led / that/who transported (f.s.),shehovila
8519,שבאה,that/who is coming / that/who came (f.s.),sheba'a
8520,שנאכלו,that were eaten,shene'ekhlu
8521,קערות,bowls,ke'arot
8522,פרישה,retirement,prisha
8523,פרופסור,professor,profesor
8524,פרשו,retired (pl.),parshu
8524,פרשו,explained / interpreted (pl.),pershu
8525,עוזרים,assistants,ozrim (n.)
8525,עוזרים,help / assist (m.pl.),ozrim (v.)
8526,עוברות,pass / cross / go through (f.pl.),ovrot
8527,עבירה,felony / offense / crime,avera
8528,ערוך,edited / arranged (m.s.),arukh
8529,ער,awake (m.s.),er
8530,זמרת,singer (f.s.),zameret
8531,אלמלא,if not,ilmale
8532,חליל,flute,khalil
8533,חולדה,rat,khulda
8534,אח,brother / nurse (m.),akh
8535,חסרים,missing,khaserim
8536,כנסיות,churches,knesiyot
8537,המשפטים,the trials / the sentences,hamishpatim
8538,המפנה,the turn / the change,hamifne
8539,המחוזי,the regional / the district (adj.),hamekhozi
8540,המכירה,the sale,hamekhira
8541,המכללות,the colleges,hamikhlalot
8542,המגרש,the field / the yard,hamigrash
8543,הוכיח,proved / demonstrated (m.s.),hokhi'akh
8544,הפגיעות,the hits / the impacts / the damages / the offenses,hapgi'ot
8545,העומס,the load / the burden,ha'omes
8546,העובדות,the facts,ha'uvdot
8546,העובדות,the workers (f.),ha'ovdot
8547,העשוי,that is made of / that/who might,ha'asui
8548,הזמרת,the singer (f.s.),hazameret
8549,הגאון,the genius,haga'on
8550,הבהיר,the bright / the fair,habahir
8551,הבריאה,the creation,habri'a
8552,הרשויות,the authorities,harashuyot
8553,הנותרים,the remaining (m.pl.),hanotarim
8554,הנהיג,led,hinhig
8555,גבעה,hill,giv'a
8556,במכון,in an institute,bemakhon
8556,במכון,in the institute,bamakhon
8557,ביעילות,efficiently,biy'ilut
8558,בשיח,in the conversation / in the bush,basi'akh
8558,בשיח,in a conversation / in a bush,besi'akh
8559,בשכונות,in the neighborhoods,bashkhunot
8559,בשכונות,in neighborhoods,beshkhunot
8560,בעריכת,edited by,be'arikhat
8561,באירוע,in an event,be'eru'a
8561,באירוע,in the event,ba'eru'a
8562,בהפעלת,in the operation of / in the activation of,behaf'alat
8563,בדיון,in the discussion,badiyun
8563,בדיון,in discussion,bediyun
8564,בגודלו,at/in his size,begodlo
8565,בגביע,[in] a cup / [in] a grail,begavi'a
8566,ברירה,choice,brera
8567,ברי,certain / sure / obvious,bari
8568,ברשותו,in his possession / with his permission,birshuto
8569,בצבעים,in colors,bitsva'im
8570,רכישה,acquisition / purchase,rekhisha
8571,צדו,his side,tsido
8572,צדדי,lateral / secondary (m.s.),tsdadi
8573,ספור,story,sipur
8573,ספור,is counted (m.s.),safur
8574,סביבות,surroundings,svivot
8575,סביבם,around them,svivam
8576,נפגע,was hit / was damaged / was offended (m.s.),nifga
8577,נדחתה,was rejected / was postponed (f.s.),nidkhata
8578,נטול,lacking / without,netul
8579,לאומנים,to/ for artists,le'omanim
8579,לאומנים,to/for the artists,la'omanim
8580,ובמערב,and in/to the west,uvama'arav
8581,עתודה,reserve / backlog,atuda
8582,עקורים,uprooted / displaced (m.pl.),akurim
8583,אקּוִטי,acute,akuti
8584,הישועה,the salvation,hayeshu'a
8585,העתודה,the reserve / the backlog,ha'atuda
8586,החצייה,the cutting in half / the crossing,hakhatsiya
8587,האסורה,the forbidden / the imprisoned (f.s.),ha'asura
8588,גשרי,bridges of,gishrei
8589,מתקפות,attacks,mitkafot
8590,למורדים,to/for rebels,lemordim
8590,למורדים,to/for the rebels,lamordim
8591,לשגריר,to/for the ambassador,lashagrir
8591,לשגריר,to/for an ambassador,leshagrir
8592,תגבורות,reinforcement / contingent,tigborot
8593,וחיילים,and soldiers,vekhayalim
8594,שתילי,plants of,shtilei
8595,ארטילרית,artillery (adj.),artilerit
8596,כוחותיהם,their powers / their forces / their strengths,kokhotehem
8597,המדומה,the imaginary / the simulated,hamedume
8598,התבוסה,the defeat,hatvusa
8599,השקיה,watering,hashkaya
8600,האגדות,the fairy tales / the legends,ha'agadot
8601,הבכירים,the seniors,habkhirim (n.)
8601,הבכירים,the senior (m.pl.),habkhirim (adj.)
8602,סוחרים,merchants / dealers / sellers,sokharim
8603,משולבת,combined (f.s.),meshulevet
8604,מהצבא,from the army,mehatsava
8605,מצוינת,excellent / noted,metsuyenet
8606,ילידים,natives,yelidim
8607,לסכסוך,to a conflict,lesikhsukh
8607,לסכסוך,to the conflict,lasikhsukh
8608,קילומטר,kilometer,kilometer
8609,קורבן,victim,korban
8610,פשיסטית,fascist (f.s.),fashistit
8611,אמורים,supposed (m.pl.),amurim
8612,חצו,cut in half / crossed (pl.),khatsu
8613,אסלאם,Islam,islam
8614,המתקדמים,the advanced / the progressive / the modern,hamitkadmim
8615,הקווים,the lines,hakavim
8616,החזיקה,held (f.s.),hekhezika
8617,ההתקפות,the attacks,hahatkafot
8618,ההתערבות,the intervention / the interference / the bet,hahit'arvut
8619,הנהגתו,his leadership,hanhagato
8620,בירתו,its capital,birato
8621,בשלבי,at the stages of / in the phases of / on the rungs of,bishlabei
8622,צנחנים,parachuters,tsankhanim
8623,סכסוך,conflict,sikhsukh
8624,נשלחה,was sent (f.s.),nishlekha
8625,ממוגנים,protected / shielded (m.pl.),memuganim
8626,מורדות,rebels (f.pl.),mordot
8626,מורדות,slopes,moradot
8627,מונף,lifted / being waved,munaf
8628,משוריינים,armored (m.pl.),meshuryanim
8629,מחזות,plays / shows,makhazot
8630,מהאי,from the island,meha'i
8631,מסמך,document,mismakh
8632,יריב,rival / opponent / enemy (m.s.),yariv
8633,לעקוף,to pass / to bypass,la'akof
8634,לחיזוק,for strengthening,lekhizuk
8635,להיכנע,to surrender,lehikana
8636,להציל,to rescue / to save,lehatsil
8637,ואזרחים,and citizens,ve'ezrakhim
8638,והחיילים,and the soldiers,vehakhayalim
8639,ובמספר,and at/in a number,uvmispar
8639,ובמספר,and at/in the number,uvamispar
8640,ונשק,and weapon,veneshek
8640,ונשק,and kissed (m.s.),venashak
8641,שכיום,that nowadays,shekayom
8642,שהקימו,that/who established (pl.),shehekimu
8643,קילוגרם,kilogram,kilogram
8644,קדושים,holy (m.pl.),kdoshim
8645,אימצו,adopted (pl.),imtsu
8646,חידש,renewed / innovated (m.s.),khidesh
8647,זעם,rage / fury / anger,za'am (n.)
8647,זעם,was angry / was furious (m.s.),za'am (v.)
8648,אסטרטגיות,strategies,estrategyot
8649,המתנדבים,the volunteers,hamitnadvim
8650,המורכבים,the complex / the assembled (m.pl.),hamurkavim
8651,המשלחת,the delegation,hamishlakhat
8652,התקיפו,attacked (pl.),hitkifu
8653,השגריר,the ambassador,hashagrir
8654,החירות,the freedom,hakherut
8655,הכבושה,the occupied (f.s.),hakvusha
8656,הגבולות,the borders / the limits,hagvulot
8657,הרפתקאות,adventures,harpatka'ot
8658,הראשיות,the main (f.pl.),harashiyot
8659,דלה,poor (f.s.),dala (adj.)
8659,דלה,took out (m.s.),dala (v.)
8660,בואם,their arrival,bo'am
8661,בשינוי,with/in the change,bashinui
8661,בשינוי,with/in a change,beshinui
8662,בנפש,[with/in] a soul,benefesh
8662,בנפש,[with/in] the soul,banefesh
8663,רוחם,their spirit,rukham
8664,רשתות,nets,reshatot
8665,ספינת,ship of,sfinat
8666,מלאכת,work of / craft of,melekhet
8667,מוט,rod / pole / bar,mot
8668,משוריין,armored (m.s.),meshuryan
8669,מאל,from a god,me'el
8670,מאורגן,organized,me'urgan
8671,יליד,native,yalid
8672,יומין,old (object),[atik] yomin
8673,למחות,to protest / to wipe,limkhot
8674,לתפקד,to function,letafked
8675,לעבודת,to/for the work of / for the worship of,le'avodat
8676,להחלטה,to a decision,lehakhlata
8676,להחלטה,to the decision,lahakhlata
8677,תיאום,coordination,te'um
8678,תרגילי,exercises of / drills of / maneuvers of,targilei
8679,והפיכת,and the revolution of / and the conversion of / and the turning of / and the inversion of,vehafikhat
8680,והעשירים,and the rich (m.pl.),veha'ashirim
8681,שמחוץ,the is outside of,shemikhuts
8682,שלימים,that subsequently / that later on,sheleyamim
8683,שפעלה,that/who acted / that/who operated (f.s.),shepa'ala
8684,שאורכו,which length is,she'orko
8685,שהונהגה,"that was led / that was introduced (a system, a procedure etc.)",shehunhaga
8686,שניתנה,that was given (f.s.),shenitna
8687,פחתה,was reduced (f.s.),pakhata
8688,פרסמו,published / advertised (pl.),pirsemu
8689,פנימיות,immanence,pnimiyut
8689,פנימיות,internal (f.pl.),pnimiyot
8690,עליונה,upper / superior (f.s.),elyona
8691,ענייני,matters of,inyanei
8691,ענייני,my concern,inyani
8692,חפים,innocent / pure (m.pl.),khapim
8693,אפשרו,enabled / facilitated (pl.),ifsheru
8694,כוונתו,his intention / he means,kavanato
8695,הממשלות,the governments,hamemshalot
8696,המפרץ,the bay,hamifrats
8697,המזוין,the armed (m.s.),hamezuyan
8698,המחאות,checks (n.),hamkha'ot
8698,המחאות,the protests,hamekha'ot
8699,היחידי,the only (m.s.),hayekhidi
8700,התקוות,the hopes,hatikvot
8701,הוגשו,were served,hugshu
8702,השדות,the fields,hasadot
8703,האיזון,the balance,ha'izun
8704,החקלאי,the farmer (m.s.),hakhaklai
8704,החקלאי,the agricultural (m.s.),hakhakla'i
8705,הדרושים,that are required (m.),hadrushim
8706,הרחיב,widened / broadened,hirkhiv
8707,הצעתו,his proposal / his suggestion / his offer,hatsa'ato
8708,הסמל,the symbol,hasemel
8708,הסמל,the sergeant,hasamal
8709,בתורו,in his turn,betoro
8710,בשרשרת,in the chain / with the necklace,basharsheret
8710,בשרשרת,in a chain / with/on a necklace,besharsheret
8711,בזכויות,[in] rights / [in] privileges,bizkhuyot
8711,בזכויות,[in] the rights / [in] the privileges,bazkhuyot
8712,בכוחו,within his power,bekokho
8713,בכנסייה,in a church,bikhnesiya
8713,בכנסייה,in the church / in church,baknesiya
8714,בנקודות,at points,binkudot
8714,בנקודות,at the points,banekudot
8715,רצופים,continuous (m.pl.),retsufim
8716,ציבוריות,public (f.pl.),tsiburiyot
8716,ציבוריות,public affairs,tsiburiyut
8717,נישאו,were carried / got married / were married (pl.),nis'u
8718,נצפו,were watched / were observed / were anticipated (m.s.),nitspu
8719,ממלכתית,of the state / official,mamlakhtit
8720,מוגנים,defended / protected (m.pl.),muganim
8721,משטחים,planes / surfaces / platforms,mishtakhim
8722,מקבלת,receives / accepts (f.s.),mekabelet
8723,מחיל,from the forces of,mekheil
8723,מחיל,from success,mekhail
8724,מכת,hit of / stroke of / blow of,makat
8725,מכונית,car,mekhonit
8726,מכנה,names / calls (m.s.),mekhane (v.)
8726,מכנה,denominator,mekhane (n.)
8727,יורדת,goes down / comes down / descends / decreases (f.s.),yoredet
8728,למחלות,for sicknesses / for illnesses,lemakhalot
8728,למחלות,for the sicknesses / for the illnesses,lamakhalot
8729,למחתרת,to/for an underground,lemakhteret
8729,למחתרת,to/for the underground,lamakhteret
8730,לקלוט,to intake / to receive / to grasp,liklot
8731,לפקח,to supervise / to inspect,lefake'akh
8732,לפרש,to explain / to interpret,lefaresh
8733,לאש,to fire,le'esh
8733,לאש,to the fire,la'esh
8734,להימצא,to be [at] / to be found / to be discovered / to be [at],lehimatse
8735,להשקיע,to invest,lehashki'a
8736,להפיץ,to distribute,lehafits
8737,להצית,to light / to ignite,lehatsit
8738,לדת,to/for a religion,ledat
8738,לדת,to/for the religion,ladat
8739,לטהר,to purify,letaher
8740,תיקונים,corrections / repairs,tikunim
8741,וממנו,and from him,umimenu
8742,וילדים,and children,viyladim
8743,וחומרי,and the materials of,vekhomrei
8744,והקרב,and the battle,vehakrav
8744,והקרב,and the coming / and the approaching,vehakarev
8745,ודרש,and required / and demanded / and preached (m.s.),vedarash
8746,ובמקביל,and in parallel / the simultaneously,uvemakbil
8747,וניסו,and tried (pl.),venisu
8748,שמוצאם,that/who originated from (m.pl.),shemotsa'am
8749,שמקורם,that/who originated from (m.pl.),shemekoram
8750,שיניים,teeth,shinayim
8751,שבוצעו,that were performed,shebuts'u
8752,שטען,that/who claimed / that/who argued (m.s.),sheta'an
8753,קיר,wall,kir
8754,פתחים,openings / apertures,ptakhim
8755,חירות,freedom,kherut
8756,אווירה,atmosphere / ambiance,avira
8757,חובבים,amateurs,khovevim (n.)
8757,חובבים,like (m.pl.),khovevim (v.)
8758,אכזרית,cruel (f.s.),akhzarit
8759,חרס,clay,kheres
8760,המגזין,the magazine,hamagazin
8761,התמודד,dealt with / confronted (m.s.),hitmoded
8762,התמקד,focused (m.s.),hitmaked
8763,התפרצות,outburst / eruption / revolt / outbreak,hitpartsut
8764,התאחדו,united (m.pl.),hit'akhadu
8765,התבססו,became established / settled down / were based on (pl.),hitbasesu
8766,הוכו,were beaten,huku
8767,השייך,that/which belongs / that is relevant,hashayakh
8768,הפשטה,simplification / abstraction / undressing,hafshata
8769,העמוק,the deep,ha'amok
8770,העירונית,the municipal / the urban (f.s.),ha'ironit
8771,החופשיים,the free (m.pl),hakhofshiyim
8772,החפצים,the objects,hakhafatsim
8773,ההיכל,the palace / the temple,haheykhal
8774,ההערכה,the assessment / the estimation / the appreciation / the credit,haha'arakha
8775,הגדרות,definitions,hagdarot
8775,הגדרות,the fences,hagderot
8776,הבכורה,the firstborn (f.),habekhora
8777,הבנה,understanding,havana
8778,הטמפרטורות,the temperatures,hatemperaturot
8779,דגלים,flags,dgalim
8780,דרגות,degrees / levels / grades / ranks,dargot
8781,במפקדת,in the headquarters of,bemifkedet
8782,במגזר,in a sector,bemigzar
8782,במגזר,in the sector,bamigzar
8783,ביכולת,within the power of,biyekholet
8784,ביצירות,in the formations / in the creations / in the works of art / in the compositions,biyetsirot
8784,ביצירות,in works of art / in the compositions,bayetsirot
8785,בקוטר,[at] a diameter of,bekoter
8785,בקוטר,[at] the diameter,bakoter
8786,בפוליטיקה,in politics,bapolitica
8787,באוקיינוס,in the ocean,ba'okyanus
8787,באוקיינוס,in an ocean,be'okyanus
8788,בנמצא,around here,banimtsa
8789,טכניים,technical,tekhniyim
8790,צפויים,expected / anticipated (m.pl.),tsfuyim
8791,צפו,watched / observed / anticipated (pl.),tsafu
8792,סגנונות,styles,signonot
8793,נמשכת,lasts / is pulled / is attracted / is withdrawn (f.s.),nimshekhet
8794,נולדו,were born,noldu
8795,נשדדו,were robbed,nishdedu
8796,נקבעו,were determined / were fixed / was set,nikbe'u
8797,נסיגת,withdrawal of / retreat of,nesigat
8798,מיקוש,mine laying,mikush
8799,מוזכרת,mentioned (f.s.),muzkeret
8800,לשדרות,to the boulevards,lasderot
8800,לשדרות,to boulevards / to the boulevard of,lesderot
8801,לשדרה,to the boulevard,lasdera
8801,לשדרה,to a boulevard,lesdera
8802,והסוכנות,and the agency / and the [Jewish] Agency,vehasokhnut
8803,חימר,clay,khemar
8804,כרוז,announcer / manifest,karoz
8805,המשלוחים,the shipments / the deliveries,hamishlokhim
8806,הפיקודיות,the command [chain],hapikudiyut
8807,החרות,the freedom,hakherut
8808,החרדי,the ultra-orthodox (m.s.),hakharedi
8809,הכשרת,the training of / the qualification of,hakhsharat
8810,הבולשת,the secret police,haboleshet (n.)
8810,הבולשת,that/who spies (f.s.),haboleshet (v.)
8811,הבנקאית,the banker (f.),habanka'it
8811,הבנקאית,the banker / the bank,habanka'it (adj.)
8812,במצוק,[on] a cliff,bematsok
8812,במצוק,[on] the cliff,bamatsok
8813,בריקדות,barricades,barikadot
8814,מפקדה,headquarters,mifkada
8815,יבנה,will build (m.s.),yivne
8816,ותפקידים,and roles / and duties / and capacities,vetafkidim
8817,קרקעות,soils / grounds / lands,karka'ot
8818,עמנו,our people,amenu
8818,עמנו,with us,imanu
8819,העצמאי,the independent (m.s.),ha'atsma'i
8820,הברונזה,the bronze,habronza
8821,שרד,survived (m.s.),sarad
8822,המובילות,the leaders / the transporters (f.),hamovilot (n.)
8822,המובילות,that/who lead / that/who transport (f.pl.),hamovilot (v.)
8823,הניקוז,the drainage,hanikuz
8824,ביוזמת,initiated by,beyozmat
8825,בבקעת,in the valley of,bevik'at
8826,ברובו,most of it,berubo
8827,מגוונים,various / diverse (m.pl.),meguvanim
8828,לקיומו,to/for his/its existence / to/for its holding / to/for its fulfillment,lekiyumo
8829,לסילוק,for the removal [of] / for the dismissal [of],lesiluk
8830,תיעוד,documentation,ti'ud
8831,תצורת,configuration of / formation of,tetsurat
8832,ולפעמים,and sometimes,velif'amim
8833,שמם,their name,shmam
8834,שבאותה,that in the same / that at the same (f.s.),shebe'ota
8835,קדושתו,his holiness,kdushato
8836,אופני,ways of / wheels of / bicycle of,ofanei
8837,חריפים,hot (taste) / severe (m.pl.),kharifim
8838,כפופה,bowed / bent / subordinate (f.s.),kfufa
8839,כהלכה,properly,kahalakha
8840,המקוריים,the original (m.pl.),hamekoriyim
8841,הקומות,the floors,hakomot
8842,הדתות,the religions,hadatot
8843,הבודדים,the lonely / the single / the few (m.pl.),habodedim
8844,ספורות,are counted / few (f.pl.),sfurot
8844,ספורות,spores,sporot
8845,ניטעו,were planted,nit'u
8846,משמעותו,its meaning / means (m.s.),mashma'uto
8847,מרכזיות,centrality,merkaziyut
8847,מרכזיות,central (f.pl.),merkaziyot
8848,מסודרות,organized / arranged (f.pl.),mesudarot
8849,ליחידת,to/for the unit of,likhidat
8850,לקורא,to/for the reader,lakore
8851,לחקלאות,to/for agriculture,lekhakla'ut
8851,לחקלאות,to/for the agriculture,lakhakla'ut
8852,לכוון,to direct / to adjust / to tune,lekhaven
8853,ותנאי,and a condition / and a provision,utnai
8853,ותנאי,and the conditions of / and the provisions of,vetna'ei
8854,זוכים,winners (m.pl.),zokhim (n.)
8854,זוכים,win (m.pl.),zokhim (v.)
8855,כד,jug / jar,kad
8856,המיוחדות,the special (f.pl.),hameyukhadot
8857,המשלבים,that/who combine,hameshalvim
8858,המשקעים,the precipitate / the sediment,hamishka'im
8859,המדויק,the precise / the accurate,hameduyak
8860,התרחבות,widening / broadening,hitrakhavut
8861,הקשיים,the difficulties,hakshayim
8862,הקרן,the beam / the ray / the fund / the horn / the bugle,hakeren
8863,הפריחה,the flowering / the blossom / the prosperity / the rash,haprikha
8864,ההגירה,the immigration,hahagira
8865,ביחידה,at a unit / in a squad,biyekhida
8865,ביחידה,at the unit / in the squad,bayekhida
8866,באמצעי,by means of,be'emtsa'ei
8866,באמצעי,in the middlemost,ba'emtsa'i
8867,רקטות,rockets,raketot
8868,רכשה,acquired / bought (f.s.),rakhsha
8869,נוכח,is present / realized (m.s.),nokhakh
8869,נוכח,in the presence of / in front of,nokhakh
8870,נשמרת,is kept / is guarded / is protected (f.s.),nishmeret
8871,מתלמידיו,from his students,mitalmidav
8872,מפעלים,plants / factories,mif'alim
8873,מגוונות,various / diverse (f.pl.),meguvanot
8874,מצויות,that are [at] / the common / the available (f.pl.),metsuyot
8875,ייחודיות,unique (f.pl.),yikhudiyot
8876,לשיטות,to/for the methods,lashitot
8876,לשיטות,to/for methods,leshitot
8877,לשווק,to market,leshavek
8878,להסתיר,to hide,lehastir
8879,לבסיס,to/for a basis,levasis
8879,לבסיס,to/for the basis,labasis
8880,וספרות,and literature,vesifrut
8880,וספרות,and hairdressing,vesaparut
8881,שודרה,was broadcasted (f.s.),shudra
8882,שקיימת,that exist (f.s.),shekayemet
8883,שפתם,their language / their edge / their lip,sfatam
8884,שחי,that/who lives / that/who lived (m.s.),shekhai
8884,שחי,arm pit,shekhi
8885,קיומן,their existence / their survival / their holding / their fulfillment (f.pl.),kiyuman
8886,חיטה,wheat,khita
8887,חלוקה,division / distribution,khaluka
8888,המטבחים,the kitchens,hamitbakhim
8889,המצביעים,the voters,hamatsbi'im
8890,הייצור,the production,hayitsur
8891,השייכת,that/who belongs to / that is relevant to (f.m.),hashayekhet
8892,השלמה,completion / acceptance,hashlama
8893,הקליטה,the intake / the receptivity / the reception / the grasp,haklita
8894,הקבלה,the acceptance / the admission / the reception / the receipt / the Kabalah,hakabala
8894,הקבלה,parallelism,hakbala
8895,הזמין,invited / ordered (m.s.),hizmin
8896,הנדרשים,the required / that/who are required (m.pl.),hanidrashim
8897,גרסתו,his version,girsato
8898,במלון,at/in a hotel,bemalon
8898,במלון,at/in the hotel,bamalon
8899,במשחקי,in the games of,bemiskhakei
8899,במשחקי,in my game / in mt acting,bemiskhaki
8900,בשינויים,with/in the changes,bashinuyim
8900,בשינויים,with/in changes,beshinuyim
8901,טיפולים,treatments,tipulim
8902,רחבת,the square of / the area of,rakhavat
8903,ספריות,libraries,sifriyot
8904,סביבתיים,environmental,svivatiyim
8905,ההון,the capital / the wealth,hahon
8906,ליבה,core,liba
8907,אישיותו,his personality,ishiyuto
8908,תרומות,donations / contributions,trumot
8909,במאמרו,in his article,be'ma'amaro
8910,פילוסופית,philosophical,filosofit
8911,רעם,thunder,ra'am
8911,רעם,roared / thundered,ra'am
8912,מקיפה,surrounds / encircles / comprehensive (f.s.),mekifa
8913,מאפיין,characteristic,me'afyen
8914,מסכת,chapter / tractate (Thalmud),masekhet
8914,מסכת,stethoscope,masket
8915,ילדותו,his childhood,yalduto
8916,להתחרות,to compete,lehitkharot
8917,תרבותי,civilized / cultural / cultivated,tarbuti
8918,העלאת,raising of / increase of / bringing up the,ha'ala'at
8919,הניתנת,that is possible / that is given (f.s.),hanitenet
8920,בקביעות,regularly / constantly / permanently,bikvi'ut
8921,בסיסיים,basic (m.pl.),bsisiyim
8922,ממד,dimension,memad
8923,מתמקדת,focuses (f.s.),mitmakedet
8924,מספרו,his number,misparo
8924,מספרו,from his book,mesifro
8925,לארמון,to/for a palace,le'armon
8925,לארמון,to/for the palace,la'armon
8926,לניתוח,to/for surgery / to/for analysis,lenitu'akh
8926,לניתוח,to/for the surgery / to/for the analysis,lanitu'akh
8927,תכונה,character / attribute / commotion,tkhuna
8928,וזכו,and won (pl.),vezakhu
8929,והדרך,and the way,vehaderekh
8930,קרובה,close / relative (f.s.),karova
8931,התומכת,the supporting / that/who supports (f.s.),hatomekhet
8932,האלו,these,ha'elu
8933,הכותבים,the writers / the authors,hakotvim
8934,הבעיות,the problems,habe'ayot
8935,בנוף,in a view / in a landscape / in boughs of a tree,benof
8935,בנוף,in the view / in the landscape / in the boughs of a tree,banof
8936,רווחת,the welfare of,ravkhat
8936,רווחת,widespread,rovakhat
8937,נובעות,stems from / derived from / spout (f.pl.),nov'ot
8938,שייטי,the rowers of,shayatei
8939,קולנועית,cinematic,kolno'it
8940,פרקי,chapters of / joints of,pirkei
8941,עיצורים,consonants,itsurim
8942,אמנותיות,artistic (f.pl.),omanutiyot
8943,חיבורים,connections / links / linkages / joining / joints / junctions,khiburim
8944,אלבומי,my album,albomi
8944,אלבומי,my albums,albomai
8944,אלבומי,the albums of,albomei
8945,אלבומה,her album,alboma
8946,המתמטיות,the mathematical (f.pl.),hamatematiyot
8947,הווה,present,hove
8948,הקאנו,we vomited,hekenu
8949,האמנותית,the artistic (f.s.),ha'omanutit
8950,החלום,the dream,hakhalom
8951,האפל,the dark,ha'afel
8952,הכתיב,the spelling,haktiv
8952,הכתיב,dictated (m.s.),hikhtiv
8953,הצילומים,the photographs,hatsilumim
8954,הנאמר,the said,hane'emar
8955,ביים,directed,biyem
8956,משבט,from the tribe of,mishevet
8957,ידידו,his friend,yedido
8958,לימד,taught,limed
8959,קריאתו,his call,kri'ato
8960,הצפייה,the watching / the observation,hatsfiya
8961,סמליות,symbolism,simliyut
8962,ספרותית,literary,safrutit
8963,מתפתח,developing,mitpate'akh
8964,מחיה,subsistence / livelihood,mikhya
8965,לגישה,to an attitude / for an access / to an approach,legisha
8965,לגישה,to the attitude / for the access / to the approach,lagisha
8966,המלחין,the compositor / the composer,hamalkhin
8967,הפיזיקאי,the physicist,hafizikai
8968,ההשפעות,the effects,hahashpa'ot
8969,בעובדה,[in] a fact,be'uvda
8969,בעובדה,[in] the fact,ba'uvda
8970,מייצר,produces (m.s.),meyatser
8971,ללמד,to teach,lelamed
8972,לצורת,into a shape of / to a shape of,letsurat
8973,התחומים,the fields / the areas / the ranges,hatkhumim
8974,בעלילה,in a plot / [in] a deed / [in] a libel / [in] a false charge,be'alila
8974,בעלילה,in the plot / [in] the deed / [in] the libel / [in] the false charge,ba'alila
8975,טוענת,claims / argues / charges / loads (f.s.),to'enet
8976,מקיימים,hold / fulfill / carry out / maintain (m.pl.),mekaymim
8977,מפיקים,producers,mefikim (n.)
8977,מפיקים,produce (m.pl.),mefikim (v.)
8978,ובמקרים,and in cases,uvemikrim
8979,התהליכים,the processes,hatahalikhim
8980,העיתונאים,the journalists,ha'itona'im
8981,העובר,that passes / that transfers (m.s.),ha'over
8981,העובר,the embryo / the fetus,ha'ubar
8982,מאקליפטוס,from a Eucalyptus,me'ekaliptus
8983,מהסביבה,from the area / from the enviroonment,mehasviva
8984,לחמצן,to oxidize,lekhamtsen
8985,פריה,its fruit,pirya
8986,חמצון,oxidation,khimtsun
8987,אגרוף,fist,egrof
8987,אגרוף,boxing,igruf
8988,המשימות,the tasks / the assignments / the missions,hamesimot
8989,המגוון,the variety / the diversity,hamigvan
8989,המגוון,the varied / the diverse,hameguvan
8990,המבחנה,the test tube,hamavkhena
8991,הפטיש,the hammer,hapatish
8992,הפרישה,the secession / the retirement,haprisha
8992,הפרישה,the spreading / the stretching,haprisa
8993,הפרוזאית,the prosaic,haprozait
8994,הנשר,the vulture,hanesher
8995,בחלבון,in protein,bekhelbon
8995,בחלבון,in the protein,bakhelbon
8996,בחומצות,in acids,bekhumtsot
8997,נוקמת,takes revenge (f.s.),nokemet
8998,מקצה,from an end,mikatse
8998,מקצה,heat (sport),miktse
8999,יוטה,jute,yuta
9000,שולח,sends (m.s.),shole'akh
9001,הישגיו,his achievements,hesegav
9002,גדילים,fringes,gdilim
9003,סנטימטר,centimeter,sentimeter
9004,יוצרות,creators / artists / makers (f.),yotsrot
9005,שינויי,changes of,shinuyei
9006,החיסונית,the immune,hakhisunit
9007,נוזלי,liquid,nozli
9008,שרירי,muscles of,shrirei
9008,שרירי,my muscles,shrirai
9009,באטמוספירה,in the atmosphere,ba'atmosfera
9010,לאסטרוגן,to/for estrogen,le'estrogen
9011,אכילת,eating of,akhilat
9012,האצות,the seaweed,ha'atsot
9013,הבוהן,the thumb / the big toe,habohen
9014,באלמוגים,in the corals,ba'almogim
9014,באלמוגים,in corals,be'almogim
9015,למטבח,to/for a kitchen,lemitbakh
9015,למטבח,to/for the kitchen,lamitbakh
9016,פירמידות,pyramids,piramidot
9017,מדברת,speaks / talks (f.s.),medaberet
9018,למשטרה,to the police,lamishtara
9019,לאכל,to eat,le'ekhol
9019,לאכל,to corrode,le'akel
9020,פת,piece of bread / bread,pat
9021,אוכלת,eating (f.s.),okhelet
9022,האישום,the indictment / the accusation,ha'ishum
9023,הגעתי,I arrived,higati
9023,הגעתי,my arrival,haga'ati
9024,בעצב,sadly / with sorrow / [in] a nerve,be'etsev
9024,בעצב,[in] the sadness / [in] the nerve,ba'etsev
9025,בחשכה,in the dark,bakhashekha
9026,נאים,handsome / nice (m.pl.),na'im
9027,נחוץ,is needed / is required,nakhuts
9028,מבינה,understands (f.s.),mevina
9029,לחורף,for a winter,lekhoref
9029,לחורף,for the winter,lakhoref
9030,לכאן,[to] here,lekhan
9031,תמצא,you will find (m.s.) / she will find,timtsa
9031,תמצא,will be found (f.s.),timatse
9032,ופעם,and once / and at one time,ufa'am
9033,והלכה,and walked / and went (f.s.),vehalkha
9033,והלכה,and the Jewish law,vehalakha
9034,שאון,noise,sha'on
9035,שאפילו,that even / that although,she'afilu
9036,שהכל,that everything,shehakol
9037,עליכם,on you / about you (m.pl.),aleykhem
9038,זקוף,erect / upright,zakuf
9039,אכל,ate (m.s.),akhal
9040,החלונות,the windows,hakhalonot
9041,דשא,grass,deshe
9042,בהכנעה,humbly / submissively,behakhna'a
9043,נברא,created,nivra
9044,מלאו,were filled / were completed,mal'u
9045,מוסיף,adds (m.s.),mosif
9046,מחפשת,searches (f.s.),mekhapeset
9047,למרבה,to the great,lemarbe
9048,לתלות,to hang / to suspend,litlot
9049,להרים,to lift,leharim
9050,להסב,to modify / to sit at ease / to endorse,lehasev
9051,תבוא,you will come (m.s.) / she will come,tavo
9052,וחזק,and strong / and strongly,vekhazak
9053,וחזרו,and returned / and repeated (pl.),vekhzru
9054,וטוב,and good,vetov
9055,וסיפר,and told (m.s.) / and cut (hair),vesiper
9056,ונשא,and carried / and married (m.s.),venasa
9057,שרצו,that/who wanted (pl.) / that they wanted,sheratsu
9058,פרות,cows,parot
9059,פסגת,top / peak / summit,pisgat
9060,עוררו,woke / have excited (pl.),oreru
9061,זריחת,the shine of,zrikhat
9062,חרוץ,diligent,kharuts
9063,כרגיל,as usual,keragil
9064,התקרה,the ceiling,hatikra
9065,הפתעה,surprise,hafta'a
9066,ההליכה,the walk,hahalikha
9067,ההקלות,the alleviations,hahakalot
9068,הרגילה,the usual (f.s.),haregila
9069,הסתיו,the autumn,hastav
9070,גנב,thief (m.s.),ganav (n.)
9070,גנב,stole (m.s.),ganav (v.)
9071,בבקר,in the morning,baboker
9071,בבקר,in cattle,bebakar
9072,רשע,mean / evil,rasha (adj.)
9072,רשע,evil,resha (n.)
9073,נמכרים,are sold,nimkarim
9074,נשמעה,sounded (f.s.),nishme'a
9075,נסעו,drove / traveled (pl.),nas'u
9076,מהלכים,moves / steps / distances,mahalakhim
9077,ימשיך,will continue (m.s.),yamshikh
9078,יישארו,will stay / will remain / will be left (pl.),yisha'aru
9079,למשרד,to/for an office / to/for a bureau / to/for a Ministry,lemisrad
9079,למשרד,to/for the office / to/for the bureau / to/for the Ministry,lamisrad
9080,לקול,to/for a voice / to the sound of,lekol
9081,להימשך,to continue / to be pulled / to be attracted,lehimashekh
9082,להתחבא,to hide,lehitkhabe
9083,להשאיר,to leave,lehash'ir
9084,לסיומו,to its end,lesiyumo
9085,תישאר,she will stay / you will stay (m.s.),tisha'er
9086,ושמן,and fat (adj.) (m.s.),veshamen
9086,ושמן,and their name (f.pl.),ushman
9087,והלך,and walked / and went (m.s.),vehalakh
9088,וביום,and on [day],uveyom
9089,ובדרך,and on the way,uvaderekh
9089,ובדרך,and in a way,uvederekh
9090,שיבח,praised (m.s.),shibe'akh
9091,שלוחות,branches / extensions,shlukhot
9092,שחורות,black (f.pl.),skhorot
9093,שחשבו,that thought (pl.),shekhashvu
9094,קברים,graves,kvarim
9095,עני,answer (f.s. imperative),ani
9096,חותם,seal,khotam
9097,אוכלים,eating (m.pl.),okhlim
9098,חגיגיים,festive (m.pl.),khagigiyim
9099,כפוף,bowed / bent / subordinate (m.s.),kafuf
9100,הוסר,was removed,husar
9101,הקיצוני,the extreme / the extremist / the radical (m.s.),hakitsoni
9102,הקרובות,the close / the relatives (f.pl.),hakrovot
9103,העיניים,the eyes,ha'eynayim
9104,הכרחי,necessary,hekhrekhi
9105,הגה,steering wheel / sound / word,hege
9105,הגה,thought / meditated / pronounced (m.s.),haga
9106,הצעדים,the steps,hatse'adim
9107,הסתייגויות,reservations,histayguyot
9108,דיברה,spoke / talked (f.s.),dibra
9109,בחיפוש,in search,bekhipus
9109,בחיפוש,in the search,bakhipus
9110,באיזו,in which / in what (f.),be'eizo
9111,בכדורסל,in basketball,bekadursal
9112,בהנחה,under the assumption / on sale,behanakha
9113,ברצינות,seriously,birtsinut
9114,רכה,soft (f.s.),raka
9115,צריכות,need (f.pl.),tsrikhot
9116,סוחר,merchant / dealer / seller,sokher
9117,נוגע,touches (m.s.),noge'a
9118,נוראה,awful / terrible (f.s.),nora'a
9119,מלווים,escorts,melavim (n.)
9119,מלווים,escort (m.pl.),melavim (v.)
9119,מלווים,creditors,malvim
9120,מודעת,aware (f.s.),muda'at
9121,משתמשת,uses / user (f.s.),mishtameshet
9122,משתה,party / feast,mishte
9123,מקומם,their place,mekomam
9123,מקומם,causes to rebel,mekomem
9124,מקווה,hopes (m.s.),mekave
9124,מקווה,mikveh,mikve
9125,מפואר,luxurious,mefo'ar
9126,מעמדם,their position / their status / their class,ma'amadam
9127,מאותם,from the same (m.pl.),me'otam
9128,מאנשים,from people,me'anashim
9129,מכיכר,from a square,mikikar
9130,מכדי,more than required,mikdei
9131,מהמין,from the kind / from the species / from the gender / from the sex,mehamin
9132,מבקשים,ask / request / want (m.pl.),mevakshim
9133,מרפא,cure,marpe
9133,מרפא,cures (m.s.),merape
9134,ימית,marine (f.s.),yamit (adj.)
9135,יחסיו,his relations,yakhasav
9136,ירדה,went down / came down / descended / decreased (f.s.),yarda
9137,למשטר,to/for a regime / to/for a reign,lemishtar
9137,למשטר,to/for the regime / to/for the reign,lamishtar
9138,למענה,for her,lema'ana
9139,למטרת,for the goal of,lematrat
9140,לקשור,to tie / to bond / to link,likshor
9141,לפיהם,according to them,lefihem
9142,לפגיעה,to/for a hit / to/for an impact / to/for a damage / to/for an offense,lepgi'a
9142,לפגיעה,to/for the hit / to/for the impact / to/for the damage / to/for the offense,lapgi'a
9143,לחקות,to mimic,lekhakot
9144,לאגור,to collect / to accumulate,le'egor
9145,לכתבי,to the works of (books),lakhitvei
9146,להשוות,to compare,lehashvot
9147,להפיל,to drop / to have an abortion,lehapil
9148,להפך,vice versa,lehefekh
9149,להפליג,to sail,lehaflig
9150,להפחית,to reduce,lehafkhit
9151,לבל,lest,leval
9152,לרשת,to the net / to inherit,lareshet
9153,לציית,to obey,letsayet
9154,לסתום,to block / to plug,listom
9155,לנמל,to a harbor,lenamal
9155,לנמל,to the harbor,lanamal
9156,תמיכתו,his support,tmikhato
9157,תשובות,answers / replies / returns / repentance,tshuvot
9158,תעלות,channels / canals / trenches,te'alot
9159,תכשירים,preparation,takhshir
9160,ויכול,and can (m.s.),veyakhol
9161,ולהפוך,and to invert / and to convert / and to turn / and to become / and to transform,velahafokh
9162,וכעבור,and after [time period],veka'avor
9163,ובמקום,and instead / and in place of,uvimkom
9163,ובמקום,and at /in the place,uvamakom
9164,שמחו,were glad / were happy,samkhu
9165,שילם,paid (m.s.),shilem
9166,שתו,drank (pl.),shatu
9167,שושנת,rose of,shoshanat
9168,שקרים,lies,shkarim
9169,שעורר,the/who woke / that/who has excited,she'orer
9170,שגוי,erroneous / wrong / incorrect,shagui
9171,שבמשך,that for a duration of,shebemeshekh
9172,שבמקרה,that in case / that accidentally,shebemikre
9173,שבתוכו,that is inside him/it,shebetokho
9174,שרוב,which most,sherov
9175,שנשאו,that/who carried / who married (pl.),shenas'u
9176,קווים,lines,kavim
9177,פותחה,was developed,putkha
9178,פוגעים,hit / damage / offensive (m.pl.),pog'im
9179,עוינים,hostile,oyenim
9180,עורכי,editors of / arrangers of (m.pl.),orkhei
9181,ערבה,pleasant,areva (adj.)
9181,ערבה,surety (f.s.),areva (n.)
9181,ערבה,was pleasant,arva
9182,אמיתיים,real (m.pl.),amitiyim
9183,אויבים,enemies,oyvim
9184,זווית,angle / corner,zavit
9185,חוש,sense,khush
9186,חוט,wire,khut
9187,חשדות,suspicions,khashadot
9188,זרמו,flew (pl.),zarmu
9189,אנטישמיות,Antisemitism,antishemiyut
9190,כיסוי,cover,kisui
9191,כשלו,failed (pl.),kashlu
9192,כאבי,pains of,ke'evei
9193,כספי,financial / monetary / my money,kaspi
9194,המהיר,the fast / the rapid / the quick (m.s.),hamahir
9195,הימין,the right,hayamin
9196,היוצאים,the departing / the leaving,hayots'im
9197,הישר,the straight (m.s.),hayashar
9198,התלונן,complained (m.s.),hitlonen
9199,התכונה,the character / the attribute / the commotion,hatkhuna
9200,הוקדש,was dedicated to / was devoted,hukdash
9201,הוכרה,was recognized,hukra
9202,הובלו,were led / were transported (pl.),huvlu
9203,השאלות,the questions,hashe'elot
9203,השאלות,landings,hash'alot
9204,העתיקים,the ancient / the old (m.pl.),ha'atikim
9205,העקרונות,the principles,ha'ekronot
9206,החלטתו,his decision,hakhlatato
9207,החודש,the month / this month,hakhodesh
9208,האדומה,the red (f.s.),ha'aduma
9209,הזרות,the foreign / the strangers (f.),hazarot
9209,הזרות,the strangeness,hazarut
9210,הכיס,the pocket,hakis
9211,הכללים,the rules,haklalim
9212,הכלואים,the imprisoned (m.pl.),haklu'im
9213,הדגיש,stressed / emphasized (m.s.),hidgish
9214,הגשמים,the rains,hagshamim
9215,הגביר,the rich man / the lord,hagvir
9215,הגביר,increased / amplified / strengthened (pl.),higbir
9216,הגב,the back,hagav
9217,הבינה,understood (f.s.),hevina
9218,הרושם,the impression,haroshem (n.)
9218,הרושם,that/who writes (m.s.),haroshem (v.)
9219,הציון,the marking / the pointing out / the grade,hatsiyun
9220,דפוס,print / pattern,dfus
9221,במשק,in an economy / in a farm,bemeshek
9222,במעמקי,from the depth of,mema'amkei
9223,במצבו,at his state / in his situation,bematsavo
9224,בשבתות,on Saturdays,beshabatot
9225,בקומה,on the [X] floor / at a height [of],bekoma
9226,בקבלת,on reception of,bekabalat
9227,בעבור,for,ba'avur
9228,באיכות,in a quality,be'eikhut
9228,באיכות,in the quality,ba'eikhut
9229,בחלקם,in part / in their part / [in] their share,bekhelkam
9230,בחג,during the holiday,bekhag
9231,בחרה,chose / selected / voted (f.s.),bakhra
9232,בהוראה,under an order,behora'a
9233,טיפות,drops,tipot
9234,טבעה,her nature,tiv'a
9234,טבעה,drowned (f.s.),tav'a
9235,רפואי,medical (m.s.),refu'i
9236,רבו,fought (pl.),ravu
9236,רבו,his rabbi / his teacher,rabo
9237,צער,sorrow / grief,tsa'ar
9238,צבעו,painted (pl.),tsav'u
9238,צבעו,his/its color,tsiv'o
9239,צרים,narrow / enemies / lay siege to / created / shaped (m.pl.),tsarim
9240,ספקות,doubts,sfekot
9241,נמכר,was sold (m.s.),nimkar
9242,נמרצות,vigorous / energetic / lively (f.pl.),nimratsot
9243,נאמן,loyal,ne'eman
9244,נחשים,snakes,nekhashim
9245,נכנסת,enters (f.s.),nikhneset
9246,נגדה,against her,negda
9247,נבחרות,the teams / the elected / the selected (f.pl.),hanivkharot
9248,משקיפים,observers,mashkifim
9249,מרידות,mutinies,meridot
9250,להתקדמות,to/for an advance / to/for a progress,lehitkadmut
9250,להתקדמות,to/for the advance / to/for the progress,lahitkadmut
9251,כיתור,surrounding / besetment,kitur
9252,ההליכים,the procedures / the proceedings,hahalikhim
9253,הסחה,diversion / distraction,hasakha
9254,מצבת,gravestone of / establishment / strength (of an army unit),matsevet
9255,קברי,graves of,kivrei
9256,עותק,copy,otek
9257,התעלם,ignored,hit'alem
9258,הושמדו,were destroyed / were exterminated (pl.),hushmedu
9259,נכבש,was occupied (m.s.),nikhbash
9260,מקלע,machine gun,mikla
9261,מטרתו,his goal / his target,matrato
9262,יריביו,his rivals / his opponents / his enemies,yerivav
9263,לטעון,to claim / to argue,lit'on
9264,ומצא,and found (m.s.),umatsa
9265,והמלחמה,and the war,vehamilkhama
9266,והוחלף,and was replaced,vehukhlaf
9267,שהוצבו,that were posted / that were placed,shehutsvu
9268,שנודעו,that was known (m.s.),shenoda
9269,קיצונים,extreme (m.pl.),kitsonim (adj.)
9269,קיצונים,extremists / radicals (m.pl.),kitsonim (n.)
9270,עקבותיו,his traces / his footprints,ikvotav
9271,אמורות,supposed (f.pl.),amurot
9272,אחיינו,his nephew,akhyano
9273,כישלונו,his failure,kishlono
9274,המתוכננת,the planned (f.s.),hametukhnenet
9275,המשכילים,the educated / the scholars,hamaskilim
9276,המקוריות,the original (f.pl.),hamekoriyot
9277,המכשול,the obstacle / the hurdle,hamikhshol
9278,המנהיגים,the leaders,hamanhigim
9279,הישגים,achievements,hesegim
9280,היבשתי,the continental / the terrestrial,hayabashti
9281,התוצרת,the produce / the output,hatotseret
9282,הולם,fits (cloth) / appropriate,holem
9283,השתלטו,took control (pl.),hishtaltu
9284,העונש,the punishment,ha'onesh
9285,החוקית,the legal (f.s.),hakhukit
9286,הכריזו,proclaimed / announced / declared (pl.),hikhrizu
9287,הגבירו,increased / amplified / strengthened (pl.),higbiru
9288,דרשה,required / demanded (f.s.),darsha
9289,בחופזה,hastily,bekhofza
9290,סופו,his/its end,sofo
9291,נקטו,took (action / step) (pl.),naktu
9292,מלומדים,scholars,melumadim
9293,מתנגד,resists / objects (m.s.),mitnaged
9294,מפורשת,explicit,meforeshet
9295,מאן,refused (m.s.),me'en
9296,מהירים,fast / rapid / quick (m.pl.),mehirim
9297,מהספינה,from the ship,mehasfina
9298,מהנדס,engineer,mehandes
9299,מרשימים,impressive (m.pl.),marshimim
9300,ילידי,natives of,yelidei
9301,למאסר,to incarceration,le'ma'asar
9301,למאסר,to the incarceration,la'ma'asar
9302,לתוקף,to/for an attacker,letokef
9302,לתוקף,to/for the attacker,latokef
9302,לתוקף,valid from / effective from,[nikhnas] letokef
9303,לשאר,to/for the rest,lash'ar
9304,לאותו,to/for the same,le'oto
9305,לאספה,to a meeting,le'asefa
9305,לאספה,to the meeting,la'asefa
9306,תוצאותיה,its results / its consequences (f.s.),tots'oteha
9307,תרמו,donated / contributed (pl.),tarmu
9308,ולקבל,and to receive / and to accept,ulkabel
9309,ולדברי,and according to,uldivrei
9310,ופעלו,and operated / and acted,ufa'alu
9311,ואמנות,and art,ve'omanut
9312,וחוסר,and lack / and deficiency / and shortage / and deficit,vekhoser
9313,ובצפון,and in the north,uvatsafon
9314,ובניגוד,and as opposed to / and contrary to,uvenigud
9315,שייכות,relevance / relation / ownership,shayakhut
9316,שיותר,that more,sheyoter
9317,שיקפו,reflected,shikfu
9318,שקיעה,sinking / decline / sunset,shki'a
9319,שרפו,burned (pl.),sarfu
9320,קורט,very small amount,koret
9321,חילק,divided / distributed (m.s.),khilek
9322,חולק,shares / disagrees (m.s.),kholek
9323,אסר,forbade / imprisoned (m.s.),asar
9324,המלכותית,the royal (f.s.),hamalkhutit
9325,המשרד,the office / the bureau / the Ministry,hamisrad
9326,המחוז,the district,hamakhoz
9327,המסעות,the journeys,hamasa'ot
9328,היצירות,the formations / the creations / the making / the works of art / the compositions,hayetsirot
9329,התחתן,got married (m.s.),hitkhaten
9330,הוצאתם,you spent / you took out / you published (m.pl.),hotsetem
9331,השמידו,destroyed / exterinated (pl.),hishmidu
9332,השמרנים,the conservatives,hashamranim
9333,העלתה,raised / increased / lifted / brought up (f.s.),he'elta
9334,העתידי,the prospective / the futuristic (m.s.),ha'atidi
9335,האסטרטגי,the strategic (m.s.),ha'estrategi
9336,ההתארגנות,the organization (getting organized),hahit'argenut
9337,הגירת,the immigration of,hagirat
9338,הבדלי,differences of,hevdelei
9339,הצפה,flooding / flotation,hatsafa
9340,במשבר,in a crisis,bemashber
9340,במשבר,in the crisis,bamashber
9341,במפורש,explicitly,bimforash
9342,במצור,under siege,bematsor
9342,במצור,during the siege,bamatsor
9343,ביגוד,clothing,bigud
9344,בפריצה,in a breakthrough / in a burglary / in an irruption,bifritsa
9344,בפריצה,in the breakthrough / in the burglary / in the irruption,bapritsa
9345,באלימות,violently,be'alimut
9346,באכזריות,cruelly / viciously,be'akhzariyut
9347,בכלכלה,in economy,bekalkala
9348,בהוצאות,[in] expenses / in editions / in publishing houses,behotsa'ot
9349,צלב,cross,tslav
9350,צומת,junction,tsomet
9351,נמנעת,is prevented / abstains (f.s.),nimna'at
9352,נקברו,were buried,nikberu
9353,נהרות,rivers,naharot
9354,נגדם,against them,negdam
9355,ממלכות,kingdoms,mamlakhot
9356,מותם,their death,motam
9357,מותרות,luxury,motarot
9358,מוקדמות,early / preliminary (f.pl.),mukdamot
9359,מועצה,council,mo'etsa
9360,משלימים,complete (m.pl.),mashlimim
9361,משקלו,his/its weight,mishkalo
9362,מעולה,excellent,me'ule
9363,מחודש,renewed,mekhudash
9364,מכשול,obstacle / hurdle,mikhshol
9365,מהמילה,from the word,mehamila
9366,מהאוכלוסייה,from the population,meha'ukhlusiya
9367,מרחקים,far away / lengths,merkhakim
9368,מנהיגות,leadership,manhigut
9369,יחסיה,her relations,yakhaseha
9370,למשבר,to/for the crisis,lamshber
9370,למשבר,to/for a crisis,lemashber
9371,לשיפור,to/for the improvement,lashipur
9371,לשיפור,to/for an improvement,leshipur
9372,לשר,to/for the minister,lasar
9372,לשר,to/for a minister,lesar
9373,לפגוש,to meet,lifgosh
9374,לעצירת,for stopping of / for the stopping of / for the cease of,le'atsirat
9375,לכנסייה,to church,leknesiya
9375,לכנסייה,to the church,laknesiya
9376,לבירת,to the capital of,lebirat
9377,לסופרים,to/for authors,lesofrim
9377,לסופרים,to/for the authors,lasofrim
9378,וירקות,and vegetables,viyrakot
9379,וולקני,volcanic,vulkani
9380,ושימוש,and use,veshimush
9381,ועקב,and due to / and because of,ve'ekev
9381,ועקב,and followed (m.s.),ve'akav
9381,ועקב,and a heel,ve'akev
9382,ועברו,and passed / and crossed / and went through (pl.),ve'avru
9383,ונבנה,and was built,venivna
9383,ונבנה,and we will build,venivne
9384,שמאחורי,that is behind,sheme'akhorei
9384,שמאחורי,that is behind me,sheme'akhorai
9385,ששכנה,that/who lived / that/who dwelt (f.s.),sheshakhna
9385,ששכנה,that a neighbor (f.s.),sheshkhena
9386,שקמו,that/who stood up / that/who woke up / that were established,shekamu
9387,שאירע,that happened / that occurred (m.s.),she'era
9388,שסברו,that/who thought / that/who assumed (pl.),shesavru
9389,שניסח,who phrased,shenisakh
9390,פליטים,refugees / survivors (m.pl.),plitim
9391,פלא,wonder / miracle,pele
9392,פלדה,steel,plada
9393,פומבית,public / overt (f.s.),pumbit
9394,פורה,fertile / productive,pore
9395,פחם,coal,pekham
9396,ערוץ,channel,aruts
9397,עצר,stopped / arrested (m.s.),atsar
9398,אמונים,faith / confidence,emunim
9398,אמונים,trained (m.pl.),amunim
9399,חירום,emergency,kherum
9400,אוכלוסין,population,ukhlusin
9401,חטיבות,brigades / sections,khativot
9402,כמורה,clergy,kmura
9402,כמורה,as a teacher (m.s.),kemore
9402,כמורה,as a teacher (f.s.),kemora
9403,כיפת,yarmulke / cap / dome,kipat
9404,כדרך,the same way as / as the way / as the road,kederekh
9405,כרב,as a rabbi,kerav
9406,המתאימה,the suitable / the appropriate / the applicable / the identical (f.s.),hamat'ima
9406,המתאימה,hamoderniyot,
9407,המודרניות,the modern (f.pl.),
9407,המודרניות,modernism,
9407,המודרניות,the modernism,hamoderniyut
9408,המשפיע,that effects / that influences (m.s.),hamashpi'a
9409,המפגש,the meeting / the encounter / the reunion,hamifgash
9410,המאמינים,the believers,hama'aminim
9411,התאוריות,the theories,hate'oryot
9412,הוכנסו,were inserted / were entered,hukhnesu
9413,הוטלו,were cast / were thrown,hutlu
9414,הוצאות,expenses / editions / publishing houses,hotsa'ot
9415,השירות,the service,hasherut
9416,השקפה,stance / point of view / looking,hashkafa
9417,הקפה,surrounding / encircling,hakafa
9418,הקדומות,the ancient (f.pl.),hakdumot
9419,האמצעים,the means / the middle,ha'emtsa'im
9420,האופייניים,The characteristic (m.pl.),ha'ofyaniyim
9421,החזקים,the strong (m.pl.),hakhazakim
9422,האגודה,the association,ha'aguda
9423,האגם,the lake,ha'agam
9424,הכריע,decided / subdued (m.s.),hikhri'a
9425,הדואר,the mail,hado'ar
9426,הדרגתי,gradual (m.s.),hadragati
9427,הגעתו,his arrival,haga'ato
9428,הגבלות,restriction of / limitation of,hagbalat
9429,הרפואיות,the medical (f.pl.),harefu'iyot
9430,הציוויליזציה,civilization,hatsivilizatsya
9431,הסתיימו,ended (pl.),histaymu
9432,הנדרש,the required (m.s.),hanidrash
9433,דיני,my judgment / my sentence / my law,dini
9433,דיני,laws of,dinei
9434,גבעות,hills,gva'ot
9435,במעצר,under arrest,bema'atsar
9436,במאמץ,with an effort,bema'amats
9437,במבנים,in buildings / in constructions,bemivnim
9437,במבנים,in the buildings / in the constructions,bamivnim
9438,במסגרתו,in its framework,bemisgarto
9439,ביומנו,in his diary,beyomano
9439,ביומנו,in our day,beyomenu
9440,בינם,between them (m.),beynam
9441,בשיאו,at his/its top / at his/its peak,besi'o
9442,בשפות,in the languages / on the edges,basafot
9442,בשפות,in languages / on edges,besafot
9442,בשפות,in the languages of / on the edges of,bisfot
9443,באיחוד,in the union,ba'ikhud
9443,באיחוד,in a union,be'ikhud
9444,באיטיות,slowly,be'itiyut
9445,בטוחים,secure / safe / certain (m.pl.),betukhim
9446,בצפיפות,dense / crowded,bitsfifut
9447,טיפוסי,characteristic,tipusi
9448,טיהור,purification,tihur
9449,טבעיות,natural (f.pl.),tiv'iyot
9450,טריים,fresh,triyim
9451,טרופיים,tropical (m.s.),tropiyim
9452,נישואין,marriage,nisu'in
9453,מוסמכים,authorized,musmakhim
9454,מנמל,from a harbor,minamal
9455,תגמול,pay back / recompense,tagmul
9456,אזכור,I will remember,ezkor
9456,אזכור,reference / mention,izkur
9457,המפקדה,the headquarters,hamifkada
9458,המרבי,the maximal,hameravi
9459,הלוואה,loan,halva'a
9460,הזמנית,the temporary,hzmanit
9461,הציונים,the Zionists (m.pl.),hatsiyonim (n.)
9461,הציונים,the Zionist (m.pl.),hatsiyonim (adj.)
9462,ברכבת,by the train / on the train,barakevet
9462,ברכבת,by train / on a train,berakevet
9463,מח,brain,mo'akh
9464,יציאתם,their exit,yesti'atam
9465,פירוט,detailing,perut
9466,חביב,pleasant / nice,khaviv
9467,כמקובל,as accepted / as conventional,kamekubal
9468,הנהגה,leadership,hanhaga
9469,ממוצעת,average (f.s.),memutsa'at
9470,מקבילים,parallel (m.pl.),makbilim
9471,מפורטים,detailed (m.pl.),meforatim
9472,מדור,department / compartment / branch,mador
9473,מדריכים,guides / instructors / trainers,madrikhim
9474,מגוש,from a lump / from a block / from a mass /from a region,megush
9475,וארגון,and an organization (n.),ve'irgun
9475,וארגון,and the organization of (v.),ve'irgun
9476,ובזמן,and while / and during,uvizman
9477,שלפי,that according to,shelefi
9478,שולטת,rules / controls (f.s.),sholetet
9479,שוד,robbery,shod
9480,פלגות,groups (mil.) / division (family),palgot
9481,אומץ,courage,omets
9482,אגודות,associations,agudot
9483,כימיים,chemical (adj.) (m.pl.),khimiyim
9484,המנון,anthem,himnon
9485,הוותיקים,the veterans / the seniors,havatikim
9486,הצליינים,the pilgrims,hatsalyanim
9487,בנקים,banks,bankim
9488,בנס,by miracle,benes
9489,סימטרי,symmetrical,simetri
9490,מלבני,rectangular / oblong,malbeni
9491,מתבצע,being performed / is carried out (m.s.),mitbatse'a
9492,מאבד,loses (m.s.),me'abed
9493,מהמקובל,than conventional,mehamekubal
9494,לידה,near her / next to her,leyada
9495,פוצץ,detonated / exploded (m.s.),potsets
9496,עמוקים,deep (m.pl.),amukim
9497,אינטליגנציה,intelligence,intiligentsia
9498,אדומים,red (m.pl.),adumim
9499,חבורת,a group of,khavurat
9500,כשלעצמו,by itself / as for himself,kshele'atsmo
9501,המשמעותי,the significant (m.s.),hamashma'uti
9502,המקובלים,the accepted / the conventional / the popular (m.pl.),hamekubalim
9503,היכול,that/who can,hayakhol
9503,היכול,can you?,hayakhol [ata]
9504,השיפוץ,the renovation,hashiputs
9505,השריפות,the fires,hasrefot
9506,העברה,pass / transfer,ha'avara
9507,האתרים,the sites,ha'atarim
9508,הביטויים,the expressions,habituyim
9509,גרניט,granite,granit
9510,במונחים,in terms,bemunakhim
9510,במונחים,in the terms,bamunakhim
9511,טיפל,treated (m.s.),tipel
9512,טיעונים,arguments,ti'unim
9513,רשומים,listed / enrolled / written,reshumim
9514,צידי,hunters of,tsayadei
9514,צידי,sides of,tsidei
9515,מילת,word of,milat
9516,מתבצעת,being performed / is carried out (f.s.),mitbatsa'at
9517,מושפע,is effected / is influenced,mushpa
9518,מובנת,understood,muvenet
9518,מובנת,built in (f.),muvnet
9519,מקצועית,professional (f.s.),miktso'it
9520,מחזק,strengthens (m.s.),mekhazek
9521,מדריך,guide / instructor / trainer,madrikh
9522,מטבחי,my kitchen,mitbakhi
9522,מטבחי,the kitchens of,mitbakhei
9523,מסומנת,marked (f.s.),mesumenet
9524,מנהגי,customs of,minhagei
9525,ישיבה,meeting / Yeshiva (rabbinical college),yeshiva
9526,ללימודי,for the study of,lelimudei
9527,לתאי,to/for the cells of,leta'ei
9527,לתאי,to/for my cell,leta'i
9528,לפתרון,to a solution,lepitaron
9528,לפתרון,to the solution,lapitaron
9528,לפתרון,to the solution of,lefitron
9529,תלמידיו,his pupils / his students,talmidav
9530,ומהם,and from them (m.),umehem
9531,ומנהרות,and tunnels,uminharot
9532,ועברה,and passed / and crossed / and went through (f.s.),ve'avra
9533,והשפעה,and an effect / and an influence,vehashpa'a
9534,ובשנים,and in the years,uvashanim
9534,ובשנים,and in years,uveshanim
9535,ונס,and a miracle,venes
9536,שוכנת,lives / dwells (f.s.),shokhenet
9536,שוכנת,that/who were introduced / that were displayed / that were presented / that were,
9537,שהוצגו,shehutsgu,
9537,שהוצגו,exhibited (pl.),
9538,שרבים,that/which many,sherabim
9539,שנבחר,that/who was elected / that/who was selected (m.s.),shenivkhar
9540,קרי,literal meaning,kri
9541,פרשנות,interpretation / commentary,parshanut
9542,חלשות,weak (f.pl.),khalashot
9543,כלליים,general (m.pl.),klaliyim
9544,כחולה,blue (f.s.),kkhula
9545,המשטח,the plane / the surface / the platform,hamishtakh
9546,המחייה,the subsistence / the livelihood,hamikhya
9547,המאורע,the event,hame'ora
9548,התבסס,became established / settled down / was based on (m.s.),hitbases
9549,הולדתו,his birth,huladeto
9550,הוערך,was assessed / was estimated / was valued,hu'arakh
9551,השלד,the skeleton / the framework,hasheled
9552,השוכן,that/who lives [in] (m.s.),hashokhen
9553,הקיימות,the existing / that exist (f.pl.),hakayamot
9554,העמודים,the pillars / the pages,ha'amudim
9555,האלוהים,God,ha'elohim
9556,החופש,the freedom,hakhofesh
9557,הכנרת,the sea of Galilee,hakineret
9558,ההשכלה,the education,hahaskala
9559,הרצאות,lectures,hartsa'ot
9560,הנובע,that stems from / that is derived from / that spouts,hanove'a
9561,גורף,sweeps / blows (nose),goref
9562,במבוא,in an introduction / at an entrance,be'mavo
9562,במבוא,in the introduction / at the entrance,ba'mavo
9563,במרחקים,far away,bemerkhakim
9564,ביחסי,in the relations of,beyakhasei
9565,בלבול,confusion,bilbul
9566,בחומרים,[in] materials,bekhomarim
9566,בחומרים,[in] the materials,bakhomarim
9567,בהתפתחות,in development,behitpatkhut
9567,בהתפתחות,in the development,bahitpatkhut
9568,טעמו,his taste / its taste,ta'amo
9568,טעמו,tested (pl.),ta'amu
9569,נגישים,accessible / approachable,negishim
9570,קפלת,the chapel of,kapelat
9571,להיקרא,to be called,lehikare
9572,שהקים,that/who established (m.s.),shehekim
9573,אהבת,love of,ahavat
9574,במושג,in a concept,bemusag
9574,במושג,in the concept,bamusag
9575,ולרוב,and mostly,velarov
9576,כדמות,in the shape of / in the image of / as the character of,kidmut
9577,בעמדת,in a position of / in the position of,be'emdat
9578,משמעויות,meanings,mashma'uyot
9579,מהדורה,edition,mahadura
9580,קודמים,former / previous (m.pl),kodmim
9581,אחיד,unified / homogenous / uniform,akhid
9582,הקבורה,the burial,hakvura
9583,מושבו,his seat,moshavo
9584,מעוותת,distorts (f.s.),me'avetet
9584,מעוותת,distorted,me'uvetet
9585,מאמצע,from the middle of,me'emtsa
9586,מסתיימת,ends (f.s.),mistayemet
9587,יריבו,they will fight,yarivu
9587,יריבו,his opponent / his enemy,yerivo
9588,לייחס,to ascribe,leyakhes
9589,להדגיש,to stress / to emphasize,lehadgish
9590,ומוצרי,and the products of,umutsrei
9591,ויוצרים,and create / and make (m.pl.),veyotsrim
9592,שנחשבו,that were considered,shenekhshevu
9593,פילוסוף,philosopher,filosof
9594,אחיזה,hold,akhiza
9595,המושגים,the terms,hamusagim
9596,המסוגלים,that/who are capable,hamesugalim
9597,היווצרות,formation / creation / production,hivatsrut
9598,הולדת,birth,huledet
9599,הקלאסי,the classical (m.s.),haklasi
9600,האטומי,the atomic,ha'atomi
9601,הביצות,the swamps,habitsot
9602,דורו,his generation,doro
9603,בטיחות,safety,betikhut
9604,הדקדוק,the grammar / the precision,hadikduk
9605,בסרטים,in movies / with ribbons/strips,besratim
9605,בסרטים,in the movies / with the ribbons/strips,basratim
9606,מתמטיות,mathematical (f.pl.),matematiyot
9607,הפקה,production,hafaka
9608,הגיבורים,the heroes,hagiborim
9609,בתוכניות,in plans / in programs / in layouts,betokhniyot
9609,בתוכניות,in the plans / in the programs / in the layouts,batokhniyot
9610,תגלית,discovery,taglit
9611,עובדת,worker (f.s.),ovedet
9611,עובדת,the fact of,uvdat
9612,המקצועית,the professional (f.s.),hamiktso'it
9613,השערות,speculations / assumptions / hypotheses,hash'arot
9613,השערות,the hair,hase'arot
9614,זיכתה,acquitted / credited / granted a right (f.s.),zikta
9615,החמיץ,missed,hekhmits
9616,הצליל,the sound,hatslil
9617,באורח,in a manner / in a way,be'orakh
9618,מקבוצת,from the group of,mikvutsat
9619,מדורג,graded / terraced,medorag
9620,למיני,to/for kinds of / to/for species of,leminei
9621,לאופן,to/for a way,le'ofen
9621,לאופן,to/for the way,la'ofen
9622,אינסופית,infinite,einsofit
9623,המרכיבים,the ingredients / that assemble / that constitute (m.pl),hamarkivim
9624,האויבים,the enemies,ha'oyvim
9625,דגימות,samples,dgimot
9626,בסוגי,in kinds of / in classes of / in types of,besugei
9627,צמיחת,growth of,tsmikhat
9628,מבחנה,test tube,mavkhena
9629,לקולטני,to/for the receptors of,lekoltanei
9630,וריצה,and a run / and jogging (n.),veritsa
9630,וריצה,and pleased / and served (penalty) (v.) (m.s.),veritsa
9631,פציעות,injuries,ptsi'ot
9632,זיווג,pairing / matching,zivug
9633,אחסון,storage,ikhsun
9634,החיידק,the bacterium,hakhaidak
9635,בתרבויות,in civilizations / in cultures / in the civilizations of / in the cultures of,betarbuyot
9635,בתרבויות,in the civilizations / in the cultures,batarbuyot
9636,באצטדיון,in a stadium,be'itstadyon
9636,באצטדיון,in the stadium,ba'itstadyon
9637,בבדיקת,in the examination,bebdikat
9638,מוגדרת,is defined (f.s.),mugderet
9639,מנוצל,used / exploited (m.s.),menutsal
9640,לתרופות,to/for the medications / to/for the drugs,latrufot
9640,לתרופות,to/for medications / to/for drugs,letrufot
9641,הלחות,the humidity,halakhut
9642,החידה,the riddle,hakhida
9643,גנטי,genetic (m.s.),geneti
9644,הלכת,you walked / you went (m.s.),halakhta
9644,הלכת,you walked / you went (f.s.),halakht
9645,סוכרים,sugars,sukarim
9646,שלבי,stages of / phases of / rungs of,shlabei
9647,קולטנים,receptors,koltanim
9648,אייל,deer,ayal
9649,חלקיקים,particles,khelkikim
9650,הפריה,fertilization,hafraya
9651,דג,fish,dag
9652,מועשר,enriched,mu'ashar
9653,התענית,you were tormented (m.s.),hit'aneta
9653,התענית,you were tormented (f.s.),hit'anet
9654,באינדוקציה,by induction,be'induktsia
9655,נשאים,carriers,nasa'im
9656,האוזון,the ozone,ha'ozon
9657,הדוד,the uncle,hadod
9658,מתחשק,desire for,mitkhashek
9659,משכתי,I pulled / I attracted / I withdrew,mashakhti
9660,מקוריהם,their beaks,makoreihem
9661,מעז,dares (m.s.),me'ez
9662,מחשבותי,my thoughts,makhshevotai
9663,מגוחכים,ridiculous (m.pl.),megukhakhim
9664,יכולנו,we could,yakholnu
9665,לשמע,upon hearing,leshema
9666,להתהלך,to walk,lehithalekh
9667,להגות,to think / to meditate / to pronounce,lehegot
9668,לבך,your heart (m.s.),libkha
9668,לבך,your heart (f.s.),libekh
9669,לבא,to/for the next / to/for the person who is coming,laba
9670,לנוח,to rest,lanu'akh
9671,לנפול,to fall,linpol
9672,תראי,look (f.s. imperative) / you will see (f.s.),tir'i
9673,ולמה,and why,velama
9674,וקראה,and read / and called (f.s.),vekar'a
9675,ואתה,and you (m.s.),ve'ata
9676,ואקום,vacuum,vakum
9677,ואבך,and I cried (biblical),va'evekh
9678,ואראה,and I will see,ve'er'e
9679,והתחכך,and rubbed himself,vehitkhakekh
9680,שמוע,hearing (in court),shimu'a
9681,שישבה,that/who sat (f.s.),sheyashva
9682,שאמרתי,that I said,she'amarti
9683,שאמרה,who said (f.s.),she'amra
9684,קידה,bow,kida
9685,קוקיה,cuckoo,kukiya
9686,פקחתי,I opened (eyes),pakakhti
9687,פחים,cans,pakhim
9688,אמצא,center / middle,emtsa
9689,חתיכות,pieces,khatikhot
9690,אתך,with you (m.s.),itkha
9690,אתך,with you (f.s.),itakh
9691,זחלים,caterpillars,zkhalim
9692,אדוני,Sir,adoni
9692,אדוני,God,adonai
9693,אגרופי,my fist,egrofi
9694,חביבי,my dear,khavivi
9695,אבקש,I will ask,avakesh
9696,אנסה,I will try,anase
9696,אנסה,forced / raped (f.s.),ansa
9697,כור,reactor / melting pot,kur
9698,כרי,my pillow,kari
9698,כרי,meadows of,karei
9699,כראוי,properly / appropriately / well,kara'ui
9700,המיסכנים,the miserable (m.pl.),hamiskenim
9701,המכתב,the letter,hamikhtav
9702,המגלה,the discoverer / that/who discovers,hamegale
9703,התישבה,sat / settled (f.s.),hityashva
9704,התפתל,twisted / wound (m.s.),hitpatel
9705,הורדים,the roses,havradim
9706,השיחים,the bushes,hasikhim
9707,השלשולים,the diarrhea / the earthworms,hashilshulim
9708,העלטה,the darkness,ha'alata
9709,הכרתי,I knew / I recognized,hikarti
9710,הגינה,the garden,hagina
9711,הביט,looked (m.s.),hebit
9712,הרפו,let go (m.s.),hirpu
9713,הצרור,the bundle / the package,hatsror
9714,הסיר,removed (m.s.),hesir
9715,הספקתי,I made it [on time],hispakti
9716,הנהו,here he is,hinehu
9717,גולם,cocoon,golem
9718,בלאט,quietly,balat
9719,בשבילה,for her,bishvila
9720,בעליצות,with joy / playfully,be'alitsut
9721,בעונג,with pleasure,be'oneg
9722,בדיתי,I fabricated,baditi
9723,ברוחי,in my spirit,berukhi
9724,ברקת,agate,bareket
9725,בצלחתי,in my plate,betsalakhti
9726,צרור,bundle / package,tsror
9727,סרתי,I moved away / I dropped in,sarti
9728,נתתי,I gave,natati
9729,נטיתי,I was inclined / I tended to,natiti
9730,מלכה,queen,malka
9731,מכולם,from all,mikulam
9732,מגוחך,ridiculous (m.s.),megukhakh
9733,מצה,matzoh,matsa
9734,יישאר,will stay / will remain / will be left (m.s.),yisha'er
9735,להתעסק,to deal / to engage,lehit'asek
9736,להועיל,to be useful,leho'il
9737,ומבלי,and without,umibli
9738,שידע,that/who knew (m.s.),sheyada
9739,שככה,that like this,shekakha
9740,שהיית,that you were (m.s.),shehayita
9740,שהיית,that you were (f.s.),shehayit
9741,שרץ,creep,sherets
9742,פעמוני,bells of,pa'amonei
9743,חיש,quickly,khish
9744,חולץ,was rescued / taken off,khulats
9745,אצטרך,I will need,etstarekh
9746,כיון,direction / adjustment / tuning,kivun
9747,כתפי,my shoulder,ktefi
9747,כתפי,the shoulders of,kitfei
9748,כנפיה,her/ its wings,knafeha
9749,המטוס,the airplane,hamatos
9750,הפסד,loss,hefsed
9751,העיקר,the main point / the essence,ha'ikar
9752,העבים,the thick / the clouds,ha'avim
9753,החנות,the shop / the store,hakhanut
9754,הגאות,the tide,hage'ut
9755,דמה,resembled (m.s.) / her blood,dama
9756,בשמיכה,in/with the blanket,basmikha
9756,בשמיכה,in/with a blanket,bismikha
9757,בפה,in the mouth,bape
9758,בכם,in you / among you (m.pl.),bakhem
9759,בכנפיו,with his wings / in his wings,bikhnafav
9760,רוקע,stamps (m.s.),roke'a
9761,רעש,noise,ra'ash
9762,נמרץ,vigorous / energetic / lively (m.s.),nimrats
9763,נפשם,their soul / their spirit / their life,nafesham
9764,מולה,in front of her,mula
9765,מהרגיל,than usual,meharagil
9766,מדמה,imagines / simulates (m.s.),medame
9766,מדמה,imagines / simulates (f.s.),medama
9767,יעבור,will pass / will cross / will go through (pl.),ya'avor
9768,לשיח,to/for the bush / to/for the talk,lasi'akh
9768,לשיח,to/for a bush / to/for a talk,lesi'akh
9769,לשבש,to disrupt,leshabesh
9770,לחגוג,to celebrate,lakhgog
9771,להתגונן,to defend oneself,lehitgonen
9772,להרשות,to allow / to permit,leharshot
9773,להרגיש,to feel,lehargish
9774,לטובה,for the good,letova
9775,לרגע,for a moment,lerega
9775,לרגע,for this moment,larega
9776,תלונה,complaint,tluna
9777,תלו,hung (pl.),talu
9778,תחושות,feelings / sensations,tkhushot
9779,תנו,give (pl. imperative),tnu
9780,ולי,and to/for me,veli
9781,ותיק,veteran / senior,vatik
9782,ועף,and flew (m.s.),ve'af
9783,ונפלו,and fell (pl.),venaflu
9784,שרו,sang (pl.),sharu
9785,קליפת,peel of / shell of,klipat
9786,פנתה,turned (f.s.),panta
9787,אפל,dark,afel
9788,אפו,his nose,apo
9789,אגוז,nut,egoz
9790,חטף,abducted / kidnapped / snatched,khataf
9791,התאוששות,recovery,hit'osheshut
9792,החפץ,the object,hakhefets
9793,ההופעה,the show / the performance,hahofa'a
9794,הגבר,the man,hagever
9795,הבט,look (m.s. imperative),habet
9796,הנכון,the right / the correct,hanakhon
9797,גס,crude / coarse / rude,gas
9798,במלוא,to its full / fully,bimlo
9799,ביתרון,[in] an advantage,beyitron
9799,ביתרון,[in] the advantage of,bayitaron
9800,בשיחה,in the conversation,basikha
9800,בשיחה,in a conversation,besikha
9801,בקיר,[in] a wall,bekir
9801,בקיר,[in] the wall,bakir
9802,בקרן,in a beam / in a ray / in a fund / with a horn / [in] a bugle,bekeren
9803,טיפש,fool / stupid,tipesh
9804,ריקם,emptily,rekam
9805,צופים,observers / spectators / scouts,tsofim
9806,ניצני,buds of,nitsanei
9807,נחה,rests / rested (f.s.),nakha
9808,נצח,eternity,netsakh
9809,מתוקנת,corrected / repaired (f.s.),metukenet
9810,מתוכה,out of her/it / from her/it,mitokha
9811,מוציא,takes out / spends / publishes (m.s.),motsi
9812,משכנו,his residence,mishkano
9813,מעיני,from the eyes of,me'eynei
9813,מעיני,from my eyes,me'eynai
9814,מחוות,gestures,mekhvot
9814,מחוות,express [an opinion] (f.pl.) / from farms,makhavot
9815,מחשבת,craftsmanship / artistry,makhshevet
9815,מחשבת,calculates (f.s.),mekhashevet
9816,מחסום,barrier / block,makhsom
9817,מביט,looks (m.s.),mebit
9818,יעד,purpose / objective / destination,ya'ad
9819,יצטרך,[he] will need,yitstarekh
9820,לפעם,to/for a time,lefa'am
9820,לפעם,to the time,lapa'am
9821,לעריכת,for the editing of / for arranging -,le'arikhat
9822,לעצב,to design,le'atsev
9822,לעצב,to/for sadness / to/for a nerve,le'etsev
9822,לעצב,to/for the sadness / to/for the nerve,la'etsev
9823,לחייה,to/for her life (f.),lekhayeha
9824,לכולם,to/for everybody / to/for everyone,lekulam
9825,להשליך,to throw / to project,lehashlikh
9826,לבם,their heart,libam
9827,תקוות,hopes,tikvot
9828,ורצה,and wanted (m.s.) / and ran (f.s.),veratsa
9829,שתביא,that she will bring (f.s.) / that you will bring (m.s.),shetavi
9830,שכיחה,common / widespread (f.s.),shkhikha
9831,שטוחה,flat (f.s.),shtukha
9832,קשוח,tough,kashu'akh
9833,עוז,courage,oz
9834,חמה,hot / warm (f.s.) / sun,khama
9835,זמר,singer (m.s.),zamar
9835,זמר,song,zemer
9836,חיפושים,searches,khipusim
9837,זך,pure / refined,zakh
9838,אלינו,to us,eleinu
9839,אשמה,blame / guilt,ashma
9840,אפר,ash / cinder,efer
9841,אחורה,back / backward,akhora
9842,זהירים,careful (m.pl.),zehirim
9843,אהוד,liked / likable,ahud
9844,אדירים,mighty / great,adirim
9845,אגרופיו,his fists,egrofav
9846,המותר,the allowable / the released,hamutar
9847,המחצית,the half / the half time,hamakhatsit
9848,המה,made noise / growled (m.s.),hama
9848,המה,they are (biblical),hema
9849,התמונות,the pictures / the photos,hatmunot
9850,התעוררה,woke up (f.s.),hit'orera
9851,השפל,the low tide / the recession,hashefel
9851,השפל,the heinous,hashafal
9851,השפל,humiliate (m.s. imperative),hashpel
9852,הקצב,the rate,haketsev
9852,הקצב,the butcher,hakatsav
9853,החם,the hot / the warm,hakham
9854,הדיווחים,the reports,hadivukhim
9855,הגמד,the dwarf / the midget,hagamad
9856,הגלים,the waves,hagalim
9857,הגז,the gas,hagaz
9857,הגז,the shearing,hagez
9858,הראוי,the worthy of / the suitable / the eligible,hara'ui
9859,הררי,mountainous,harari
9860,הצפוי,the expected / the anticipated,hatsafui
9861,הצאצאים,the offsprings,hatse'etsa'im
9862,הנחש,the snake,hanakhash
9863,דירה,apartment,dira
9864,דלתות,doors,dlatot
9865,במינו,in his kind,bemino
9866,במפתיע,surprisingly,bemafti'a
9867,בלע,swallowed,bala
9868,בשמחה,gladly / with pleasure,besimkha
9869,בפירות,in fruits,bepeirot
9869,בפירות,in the fruits,bapeirot
9869,בפירות,in cows,beparot
9869,בפירות,in the cows,baparot
9870,בזריזות,quickly,bizrizut
9871,בגבעת,on the hill of,begiv'at
9872,בביתה,at/in her home,beveita
9873,ראתה,saw (f.s.),ra'ata
9874,ראויה,worthy of / suitable / eligible,re'uya
9875,רגליהם,their legs,raglehem
9876,סלים,baskets,salim
9877,סחור,around / in a circle,skhor
9878,נחתו,landed (pl.),nakhatu
9879,נזקק,needy / poor,nizkak
9880,ממי,from whom,mimi
9881,מתמיד,diligent / persistent,matmid
9882,מתת,gift,matat
9883,מתרבה,increases / multiplies (m.s.),mitrabe
9883,מתרבה,increases / multiplies (f.s.),mitraba
9884,מובטח,that is promised / that is secured / guaranteed,muvtakh
9885,משלב,combines / integrates (m.s.),meshalev
9886,מפעם,from/of the past,mipa'am
9886,מפעם,beats (heart),mefa'em
9887,מעוף,flight / imagination / vision,ma'of
9888,מעוניין,interested (m.s.),me'unyan
9889,מערער,appeals / undermines (m.s.),me'ar'er
9890,מעניקה,gives (f.s.),ma'anika
9891,מחומות,from the walls of,mekhomot
9892,מחפש,searches (m.s.),mekhapes
9893,מארבעה,from four,me'arba'a
9894,מבוגר,adult / elder,mevugar
9895,מצאנו,we found,matsanu
9896,מסרו,delivered / gave (pl.),masru
9897,יומי,daily / my day,yomi
9898,יעשו,will do (pl.),ya'asu
9899,ידיהם,their hands,yedeihem
9900,יביא,will bring,yavi
9901,יצליח,will succeed (m.s.),yatsli'ach
9902,למיון,for classification / for categorization,lemiyun
9903,למול,opposite / against,lemul
9903,למול,to circumcise,lamol
9904,לתהילה,to/for glory,letehila
9904,לתהילה,to/for the glory,latehila
9905,לשוטרים,to/for policemen,leshotrim
9905,לשוטרים,to/for the policemen,lashotrim
9906,לשבור,to break,lishbor
9907,לקרשים,to boards,lekrashim
9907,לקרשים,to the boards,lakrashim
9908,לאיכרים,to/for peasants / to/for farmers,le'ikarim
9908,לאיכרים,to/for the peasants / to/for the farmers,la'ikarim
9909,לחשוש,to worry / to be afraid of,lakhshosh
9910,לאזן,to balance,le'azen
9911,לאזורי,to the areas of,le'azorei
9912,לחדול,to stop,lakhdol
9913,לחצי,in half,lekhetsi
9913,לחצי,to/for the half,lakhetsi
9914,לחסל,to annul / to put an end to / to destroy / to kill,lekhasel
9915,להתאמן,to practice,lehit'amen
9916,להעמיד,to cause to stand / to erect / to set up,leha'amid
9917,להסתמך,to rely / to base oneself on / to refer,lehistamekh
9918,לגנוב,to steal,lignov
9919,לבקשת,to the request of,levakashat
9920,תקין,regular / normal,takin
9921,תפקידי,my role / my function / my duty / my part,tafkidi
9921,תפקידי,my roles / my functions / my duties / my parts,tafkidai
9921,תפקידי,the roles of / the functions of / the duties of / the parts of,tafkidei
9922,ומשחק,and a game / and a toy / and acting,umiskhak
9922,ומשחק,and plays / and acts,umsakhek
9923,ומעלה,and up,vamala
9923,ומעלה,and lifts / and raises (m.s.),uma'ale
9923,ומעלה,and lifts / and raises (f.s.),uma'ala
9924,ומחוץ,and outside [of],umikhuts
9925,ומהווה,and constitutes / and comprises (m.s.),umehave
9925,ומהווה,and constitutes / and comprises (f.s.),umehava
9926,וישנן,and there are (f.pl.),veyeshnan
9927,ולהפך,and vice versa,ulehefekh
9928,ושירים,and songs / and poems,veshirim
9929,ושירה,and singing / and poetry / and her song,veshira
9930,ושהוא,and that he is,veshehu
9931,ופעילים,and are active / and activists,ufe'ilim
9932,וחיות,and live (f.pl.) / and animals,vekhayot
9932,וחיות,and vitality,vekhayut
9933,וחיפה,and covered up,vekhipa
9934,ואפשר,and it is possible,ve'efshar
9935,והופך,and turns / and becomes (m.s.),vehofekh
9936,והפעם,and this time,vehapa'am
9937,וגדלים,and sizes,ugdalim
9937,וגדלים,and grow (m.pl.),ugdelim
9938,ובמקומות,and in places / and in areas,uvimkomot
9939,שילמה,paid (f.s.),shilma
9940,שתוכננה,that was planned,shetukhnena
9941,שקוע,immersed / sunk / submerged (m.s.),shaku'a
9942,שאחרי,that after,she'akhrei
9943,שזהו,that that is / that that is it,shezehu
9944,שח,said / told / says / tells (m.s.),sakh
9945,שהמשיכו,that continued (pl.),shehimshikhu
9946,שהתחיל,that/who started (m.s.),shehitkhil
9947,שהסדרה,that the series,shehasidra
9948,שבסוף,that in the end,shebasof
9949,שנשאה,that/who carried / who married (f.s.),shenas'a
9950,שנכנס,that entered (m.s.),shenikhnas
9951,קיפאון,frost / freezing,kipa'on
9952,קליעות,shootings / weaving,kli'ot
9953,קופת,fund of / treasury of / cash of,kupat
9954,קורות,events / beams / history,korot
9955,פיצויים,compensation,pitsuyim
9956,פסיכולוגית,psychologist (f.s.) / psychologically,psikhologit
9957,עמים,nations,amim
9958,עמדת,the position of / the post of / the opinion of,emdat
9959,עתידים,are about to,atidim
9960,עודד,encouraged (m.s.),oded
9961,עגול,round,agol
9962,עסוקים,busy,asukim
9963,אומנות,art,omanut
9964,אופנים,ways / methods,ofanim
9964,אופנים,bicycle,ofanayim
9965,אשליה,illusion,ashlaya
9966,חקירות,investigations / inquiries,khakirot
9967,חקלאיות,agricultural / rural,khakla'iyot
9968,אפי,my nose,api
9969,אחרונים,last (m.pl.),akhronim
9970,אדונו,his master,adono
9971,אבדן,loss,ovdan
9972,חריגות,deviations,kharigot
9973,ארי,lion,ari
9974,ארד,bronze,arad
9975,ארס,venom / poison,eres
9976,אסירי,prisoners of,asirei
9977,כינוס,conference / convention,kinus
9978,כבני,as sons of,kivnei
9978,כבני,as human beings,kivnei [adam]
9978,כבני,as my son,kivni
9979,כרוזים,manifests,krozim
9980,המכשולים,the obstacles,hamikhsholim
9981,המביא,that/who brings (m.s.),hamevi
9982,המציא,invented (m.s.),himtsi
9983,התערוכה,the exhibition,hata'arukha
9984,התנהלה,was managed / was conducted / walked (f.s.),hitnahala
9985,השש,the six,hashesh
9986,השכנה,the neighbor (f.s.),hashkhena
9987,הקימה,raised / caused to stand up / established,hekima
9988,הקליפה,the peel / the shell / the crust,haklipa
9989,הפלג,the section / the stream / the creek,hapeleg
9990,החיפושית,the beetle / the bug,hakhipushit
9991,הזהיר,warned (m.s.),hizhir
9992,האבנים,the stones,ha'avanim
9993,הזרע,the seed / the sperm,hazera
9994,הכינו,prepared (pl.),hekhinu
9995,הכבדות,the heavy (f.pl.),hakvedot
9995,הכבדות,the heaviness,hakvedut
9996,ההם,those,hahem
9997,ההכרעה,the decision,hahakhra'a
9998,הביקור,the visit,habikur
9999,הבטן,the stomach / the belly,habeten
10000,הטכנולוגיה,the technology,hatekhnologia
10000,הטכנולוגיה,Like the site? Find it useful?,
10000,הטכנולוגיה,Click here to support the site and get something cool in return.,
10000,הטכנולוגיה,​,
10000,הטכנולוגיה,Copyright © 2026 TeachMeHebrew. All Rights Reserved.,
