Kanji,Reading,Meaning,Level
嗚呼,ああ,like that; so,1
相,あい,minister (of a government department); one's nature,1
相変わらず,あいかわらず,as usual; as always,1
愛想,あいそ,amiability; friendliness,1
相対,あいたい,involving only the parties concerned; tete-a-tete,1
間柄,あいだがら,relationship; relation,1
愛憎,あいにく,love and hate,1
合間,あいま,interval; break,1
曖昧,あいまい,vague; ambiguous,1
敢えて,あえて,"purposely (of something needless, unexpected or seemingly counterproductive, etc.); daringly (doing something)",1
仰ぐ,あおぐ,to look up (at); to look up to,1
垢,あか,"klesha (polluting thoughts such as greed, hatred and delusion, which result in suffering); account (e.g. for an online service)",1
亜科,あか,subfamily,1
銅,あかがね,copper (Cu); bronze (medal),1
証,あかし,mark; sign,1
赤字,あかじ,(being in) the red; deficit,1
明かす,あかす,to pass (the night); to spend,1
赤ちゃん,あかちゃん,baby; infant,1
明白,あからさま,obvious; clear,1
赤らむ,あからむ,to become red; to redden,1
明るい,あかるい,light; bright,1
上がり,あがり,rise; increase,1
上がる,あがる,to rise; to go up,1
商人,あきうど,merchant; trader,1
空間,あきま,space; room,1
諦め,あきらめ,resignation; acceptance,1
呆れる,あきれる,to be amazed; to be shocked,1
悪,あく,evil; wickedness,1
灰,あく,ash; ashes,1
あくどい,あくどい,gaudy; showy,1
悪日,あくび,unlucky day,1
明くる,あくる,"next (day, morning, etc.); following",1
憧れ,あこがれ,yearning; longing,1
顎,あご,chin; jaw,1
麻,あさ,cannabis (Cannabis sativa); hemp (plant),1
明後日,あさって,day after tomorrow; wrong (e.g. direction),1
朝寝坊,あさねぼう,sleeping late in the morning; sleeping in,1
浅ましい,あさましい,wretched; miserable,1
字,あざ,"Chinese courtesy name (name formerly given to adult Chinese men, used in place of their given name in formal situations); nickname",1
欺く,あざむく,to deceive; to delude,1
鮮やか,あざやか,vivid; bright,1
あざ笑う,あざわらう,to laugh at; to ridicule,1
味わい,あじわい,flavour; flavor,1
東,あずま,east wind tile; winning hand with a pung (or kong) of east wind tiles,1
焦る,あせる,to be in a hurry; to be impatient,1
彼処,あそこ,there; over there,1
値,あたい,level; value,1
値する,あたいする,to be worth; to be worthy of,1
私,あたし,I; me,1
当たり,あたり,hit; success,1
当たり前,あたりまえ,natural; reasonable,1
他人,あだびと,another person; other people,1
彼方此方,あちこち,here and there; various places,1
彼方,あちら,distant place; faraway land,1
彼方此方,あちらこちら,here and there; various places,1
悪化,あっか,deterioration; getting worse,1
呆気ない,あっけない,unsatisfying; disappointing,1
悪口,あっこう,(verbal) abuse; name-calling,1
あっさり,あっさり,easily; readily,1
圧迫,あっぱく,pressure; oppression,1
扱い,あつかい,treatment; service,1
集まる,あつまる,to gather; to collect,1
誂える,あつらえる,to give an order; to place an order,1
圧力,あつりょく,pressure; pressure (e.g. political),1
当て,あて,aim; object,1
宛,あて,aim; object,1
当て字,あてじ,"kanji used as a phonetic symbol, instead of for the meaning; phonetic-equivalent character",1
当てはまる,あてはまる,"to apply (of a rule); to be applicable (of standards, lessons, ideas, etc.)",1
当てはめる,あてはめる,to apply; to adapt,1
宛てる,あてる,to address,1
跡継ぎ,あとつぎ,heir; inheritor,1
後回し,あとまわし,putting off; postponing,1
貴女,あなた,you; dear,1
彼の,あの,that; those,1
溢れる,あふれる,"to fail (in getting a job); to miss out (at fishing, hunting, etc.)",1
油絵,あぶらえ,oil painting,1
炙る,あぶる,to warm (e.g. one's hands over a fire); to dry,1
あべこべ,あべこべ,contrary; opposite,1
甘える,あまえる,to behave like a spoiled child; to fawn on,1
甘口,あまくち,sweet flavour; sweet flavor,1
雨具,あまぐ,rain gear,1
天,あまつ,sky; heaven,1
網,あみ,network; net,1
天地,あめつち,heaven and earth; the universe,1
操る,あやつる,to operate (e.g. a machine); to handle,1
あやふや,あやふや,uncertain; indefinite,1
危ぶむ,あやぶむ,to fear; to doubt,1
過ち,あやまち,fault; error,1
誤る,あやまる,to make a mistake (in); to commit an error,1
歩み,あゆみ,walking; pace,1
歩む,あゆむ,to walk; to go on foot,1
あら,あら,oh!; ah!,1
予め,あらかじめ,beforehand; in advance,1
荒らす,あらす,to lay waste; to devastate,1
粗筋,あらすじ,outline; summary,1
争い,あらそい,fight; dispute,1
改まる,あらたまる,to be renewed; to change,1
荒っぽい,あらっぽい,wild; violent,1
凡ゆる,あらゆる,all; every,1
あられ,あられ,hail (esp. hailballs under 5 mm); graupel,1
現われ,あらわれ,embodiment; manifestation,1
現われる,あらわれる,to appear; to come in sight,1
有難う,ありがとう,thank you; thanks,1
有様,ありさま,state; condition,1
有りのまま,ありのまま,as it is; plain (truth),1
或る,ある,a certain ...; some ...,1
或いは,あるいは,or; either ... or,1
彼此,あれこれ,this and that; this or that,1
合わす,あわす,"to match (rhythm, speed, etc.); to join together",1
合わせ,あわせ,joint together; opposite,1
慌ただしい,あわただしい,busy; hectic,1
慌てる,あわてる,"to become confused (disconcerted, disorganized, disorganised); to be flustered",1
暗殺,あんさつ,assassination,1
暗算,あんざん,mental arithmetic,1
暗示,あんじ,hint; suggestion,1
案じる,あんじる,to be anxious (about); to be concerned (about),1
安静,あんせい,rest; quiet,1
案の定,あんのじょう,as expected; just as one thought,1
余り,あんまり,remainder; remnant,1
依,い,difference (of opinion); strange,1
良い,いい,good; excellent,1
伊井,いい,having fun; rejoicing,1
否,いいえ,no; nay,1
いい加減,いいかげん,irresponsible; perfunctory,1
言い訳,いいわけ,excuse; explanation,1
家出,いえで,running away from home; elopement,1
家主,いえぬし,landlord; landlady,1
如何,いかが,how; in what way,1
生かす,いかす,to make (the best) use of; to put to good use,1
雷,いかずち,thunder; lightning,1
如何に,いかに,how; in what way,1
如何にも,いかにも,indeed; really,1
怒り,いかり,anger; rage,1
怒る,いかる,to get angry; to get mad,1
歪む,いがむ,to warp; to become strained,1
粋,いき,essence; the best,1
域外,いきがい,outside the area,1
意気込む,いきごむ,to be enthusiastic (about); to be eager (to do),1
経緯,いきさつ,length and breadth; length and width,1
行き違い,いきちがい,"crossing without meeting (e.g. letters in the post, people on the road); going astray",1
行き成り,いきなり,abruptly; suddenly,1
異議,いぎ,objection; dissent,1
いく,いく,reverence; awe,1
軍,いくさ,army; armed forces,1
戦,いくさ,war; battle,1
育成,いくせい,rearing; training,1
幾多,いくた,many; numerous,1
活ける,いける,to arrange (flowers); to plant,1
異見,いけん,different opinion; different view,1
意向,いこう,intention; inclination,1
移行,いこう,transition; changeover,1
いざ,いざ,now; come (now),1
碑,いしぶみ,stone monument bearing an inscription (esp. memorial for future generations); stele,1
衣装,いしょう,clothing; costume,1
意地,いじ,stubbornness; obstinacy,1
苛める,いじめる,to ill-treat; to bully,1
移住,いじゅう,migration; move,1
弄る,いじる,"to grope; to feel around (in one's pocket, bag, etc.)",1
何れ,いずれ,which (of three or more); well,1
異性,いせい,the opposite sex; isomerism,1
遺跡,いせき,(archeological) remains; ruins,1
依然,いぜん,still; as yet,1
依存,いそん,dependence; reliance,1
委託,いたく,entrusting (something to a person); consignment (of goods),1
悪戯,いたずら,mischief; prank,1
頂,いただき,crown (of head); summit (of mountain),1
戴きます,いただきます,thank you (for the meal just served),1
至って,いたって,very much; exceedingly,1
痛む,いたむ,to hurt; to ache,1
痛める,いためる,sick; ill,1
炒める,いためる,to fry; to saute,1
労る,いたわる,to pity; to sympathize with,1
市,いち,market; fair,1
位地,いち,place; position,1
一々,いちいち,eleven; 11,1
一概に,いちがいに,unconditionally; as a rule,1
一見,いちげん,look; glimpse,1
一言,いちげん,single word; a few words,1
一日,いちじつ,first day of the month; first ten days of the lunar month,1
一定,いちじょう,to fix; to settle,1
著しい,いちじるしい,striking; remarkable,1
一同,いちどう,all present; all concerned,1
一人,いちにん,one person; being alone,1
一部,いちぶ,one part; one portion,1
一部分,いちぶぶん,one part; one portion,1
一別,いちべつ,parting,1
一面,いちめん,one face; one surface,1
一目,いちもく,glance; look,1
一様,いちよう,uniform; equal,1
一律,いちりつ,uniform; even,1
一連,いちれん,series; chain,1
一括,いっかつ,lumping together; summing up,1
一気,いっき,one breath; chug!,1
一挙に,いっきょに,at a stroke; with a single swoop,1
一切,いっさい,all; everything,1
一心,いっしん,one mind; wholeheartedness,1
いっそ,いっそ,rather; sooner,1
一帯,いったい,whole area; whole region,1
一敗,いっぱい,one defeat,1
一変,いっぺん,complete change; about-face,1
何時,いつ,when; at what time,1
何時か,いつか,sometime; someday,1
何時でも,いつでも,always; all the time,1
何時の間にか,いつのまにか,before one knows; before one becomes aware of,1
何時までも,いつまでも,forever; eternally,1
何時も,いつも,always; all the time,1
意図,いと,intention; aim,1
営む,いとなむ,to run (a business); to operate,1
暇,いとま,(spare) time; free time,1
異動,いどう,(personnel) change; transfer,1
挑む,いどむ,"to challenge to (a fight, game, etc.); to throw down the gauntlet",1
稲光,いなびかり,(flash of) lightning,1
古,いにしえ,antiquity; ancient times,1
祈り,いのり,prayer; supplication,1
鼾,いびき,snoring; snore,1
今更,いまさら,now (when it is already much too late); at this stage,1
未だ,いまだ,still; as yet,1
移民,いみん,immigration; emigration,1
厭々,いやいや,unwillingly; reluctantly,1
卑しい,いやしい,lowborn; humble,1
いやに,いやに,awfully; terribly,1
厭やらしい,いやらしい,unpleasant; disagreeable,1
愈々,いよいよ,more and more; all the more,1
意欲,いよく,will; desire,1
苛々,いらいら,to get irritated; to get annoyed,1
入口,いりくち,entrance; entry,1
衣料,いりょう,clothing,1
威力,いりょく,power; might,1
入る,いる,to enter; to go in,1
衣類,いるい,clothes; clothing,1
色々,いろいろ,various; a variety of,1
異論,いろん,different opinion; objection,1
所謂,いわゆる,what is called; what you call,1
印,いん,stamp; seal,1
員,いん,member,1
印鑑,いんかん,stamp; seal,1
陰気,いんき,gloomy; dismal,1
隠居,いんきょ,retirement (from work); leading a quiet life (after retirement),1
上下,うえした,top and bottom; up and down,1
浮かぶ,うかぶ,to float; to be suspended,1
受かる,うかる,to pass (examination),1
含嗽,うがい,gargling; rinsing one's mouth,1
受け入れ,うけいれ,receiving; acceptance,1
受け入れる,うけいれる,to accept; to receive,1
受け継ぐ,うけつぐ,to inherit; to succeed,1
受け付ける,うけつける,to accept; to receive (an application),1
受け止める,うけとめる,to catch; to stop the blow,1
受け取り,うけとり,receiving; receipt,1
受身,うけみ,the defensive; passive attitude,1
動き,うごき,movement; move,1
潮,うしお,tide; current,1
氏,うじ,Mr; Mrs,1
渦,うず,whirlpool; swirl,1
埋まる,うずまる,to be buried; to be covered,1
嘘つき,うそつき,liar; fibber,1
打ち合わせ,うちあわせ,(preparatory) meeting; briefing session,1
打ち合わせる,うちあわせる,to knock together; to strike against each other,1
打ち切る,うちきる,to stop; to abort,1
打ち消し,うちけし,negation; denial,1
打ち込む,うちこむ,to throw into; to toss into,1
団扇,うちわ,uchiwa,1
内訳,うちわけ,itemization (of expenses); the items,1
訴え,うったえ,lawsuit; complaint,1
鬱陶しい,うっとうしい,gloomy (e.g. mood); depressing,1
写し,うつし,copy; duplicate,1
空ろ,うつろ,cavity; hollow,1
器,うつわ,device; instrument,1
雨天,うてん,rainy weather,1
腕前,うでまえ,ability; skill,1
饂飩,うどん,wonton (Chinese dumpling); won ton,1
促す,うながす,to urge; to encourage,1
唸る,うなる,to groan; to moan,1
自惚れ,うぬぼれ,conceit; vanity,1
甘い,うまい,sweet-tasting; sweet,1
生まれつき,うまれつき,by nature; by birth,1
海路,うみじ,sea route,1
産む,うむ,to give birth; to bear (child),1
埋め込む,うめこむ,to bury; to embed,1
梅干,うめぼし,umeboshi; pickled dried ume,1
末,うら,top end; tip,1
裏返し,うらがえし,inside out; upside down,1
売り出し,うりだし,(bargain) sale,1
売り出す,うりだす,to put on the market; to put out for sale,1
潤う,うるおう,to become moist; to be moistened,1
五月蝿い,うるさい,noisy; loud,1
売れ行き,うれゆき,sales; demand,1
浮気,うわき,extramarital sex; affair,1
上手,うわて,skillful; skilled,1
上回る,うわまわる,"to exceed (esp. figures: profits, unemployment rate, etc.); to surpass",1
植わる,うわる,to be planted,1
運営,うんえい,management; administration,1
うんざり,うんざり,tedious; boring,1
運送,うんそう,transport; freight,1
運賃,うんちん,(passenger) fare; freight rates,1
云々,うんぬん,and so on; and so forth,1
運搬,うんぱん,transport; transportation,1
運命,うんめい,fate; destiny,1
運輸,うんゆ,transportation,1
運用,うんよう,making use of; application,1
会,え,"gathering (esp. Buddhist, festive, etc.); meeting",1
重,え,jūbako; heavy,1
えい,えい,ray (any fish of superorder Batoidea); United Kingdom,1
映写,えいしゃ,projection (on a screen),1
英字,えいじ,English letter; alphabetic character,1
衛生,えいせい,hygiene; sanitation,1
映像,えいぞう,image (on a screen); picture (e.g. on a TV),1
英雄,えいゆう,hero; heroine,1
液,えき,liquid; fluid,1
役,えき,war; campaign,1
閲覧,えつらん,inspection; reading,1
獲物,えもの,prey; catch,1
襟,えり,collar; lapel,1
縁,えん,"edge (of a river, woods, etc.); shoulder (of a road)",1
塩,えん,"salt (e.g. sodium chloride, calcium sulfate, etc.); chloride",1
艶,えん,gloss; luster,1
園,えん,garden; orchard,1
円滑,えんかつ,smooth; undisturbed,1
縁側,えんがわ,engawa; bone at the base of a fin (esp. of a flatfish),1
沿岸,えんがん,coast; shore,1
婉曲,えんきょく,euphemistic; circumlocutory,1
演習,えんしゅう,practice; exercise,1
演出,えんしゅつ,"direction (of a play, film, etc.); production",1
演じる,えんじる,to act (a part); to play (a role),1
演ずる,えんずる,to act (a part); to play (a role),1
沿線,えんせん,"places alongside a railway line, bus route, major thoroughfare, etc.",1
縁談,えんだん,marriage proposal; marriage talks,1
遠方,えんぽう,distant place; faraway location,1
円満,えんまん,harmonious; peaceful,1
尾,お,"Chinese ""Tail"" constellation (one of the 28 mansions); counter for fish, shrimp, etc.",1
於,お,oh! (expression of slight surprise); small,1
甥,おい,nephew,1
追い込む,おいこむ,to herd; to drive,1
美味しい,おいしい,good(-tasting); nice,1
追い出す,おいだす,to expel; to drive out,1
於いて,おいて,at (a time or place); in,1
お出でになる,おいでになる,to be; to come,1
老いる,おいる,to age; to grow old,1
負う,おう,to carry on one's back; to bear,1
応急,おうきゅう,emergency fix; tentative measure,1
黄金,おうごん,gold (Au); golden,1
黄色,おうしょく,yellow; amber,1
応募,おうぼ,application; subscription,1
おおい,おおい,big; large,1
大方,おおかた,large part; greater part,1
大柄,おおがら,arrogant; haughty,1
大げさ,おおげさ,exaggerated; overdone,1
大事,おおごと,serious matter; major incident,1
大ざっぱ,おおざっぱ,"rough (estimate, summary, etc.); broad",1
大筋,おおすじ,outline; summary,1
大空,おおぞら,wide open sky; the blue,1
大幅,おおはば,big; large,1
大水,おおみず,flood,1
公,おおやけ,you; buddy,1
お蔭,おかげ,grace (of God); benevolence (of Buddha),1
お蔭様で,おかげさまで,thankfully; fortunately,1
可笑しい,おかしい,funny; amusing,1
犯す,おかす,to commit (e.g. crime); to perpetrate,1
侵す,おかす,to invade; to raid,1
お菜,おかず,side dish; small dish (usu. one of several accompanying rice),1
臆病,おくびょう,cowardly; timid,1
遅らす,おくらす,to delay; to postpone,1
遅れ,おくれ,delay; lag,1
起こす,おこす,to raise; to raise up,1
行い,おこない,deed; act,1
厳か,おごそか,"solemn (ceremony, atmosphere, etc.); austere",1
傲る,おごる,to be proud; to be haughty,1
長,おさ,office; official,1
押さえる,おさえる,to pin down; to hold down,1
お先に,おさきに,before; previously,1
収まる,おさまる,"to fit into (a box, frame, category, etc.); to be contained within",1
納まる,おさまる,"to fit into (a box, frame, category, etc.); to be contained within",1
治まる,おさまる,"to die down (storm, anger, conflict, etc.); to calm down",1
お産,おさん,(giving) birth; childbirth,1
教え,おしえ,teaching; instruction,1
押し込む,おしこむ,to push into; to cram into,1
惜しむ,おしむ,to spare; to grudge,1
お喋り,おしゃべり,chattering; talk,1
お洒落,おしゃれ,stylish; fashionable,1
押し寄せる,おしよせる,to advance on; to close in,1
お祖父さん,おじいさん,grandfather; male senior-citizen,1
お邪魔します,おじゃまします,please excuse the intrusion; I'm coming in,1
雄,おす,male; manly,1
お世辞,おせじ,flattery; compliment,1
襲う,おそう,to attack; to assail,1
遅くとも,おそくとも,at the latest,1
恐らく,おそらく,probably; (most) likely,1
恐れ,おそれ,fear; horror,1
恐れ入る,おそれいる,to be sorry; to beg someone's pardon,1
お大事に,おだいじに,take care of yourself; get well soon,1
煽てる,おだてる,to flatter; to soft-soap,1
落ち込む,おちこむ,to feel down; to feel sad,1
落ち着き,おちつき,calmness; composure,1
落ち葉,おちば,fallen leaves; leaf litter,1
落ちる,おちる,to fall; to drop,1
おっかない,おっかない,frightening; scary,1
仰っしゃる,おっしゃる,to say; to speak,1
乙,おつ,"(the) second (party, rank, etc.); B (grade)",1
お使い,おつかい,errand; mission,1
お手上げ,おてあげ,being done for; giving up,1
御手洗い,おてあらい,toilet; restroom,1
弟,おと,younger sibling; younger brother (of an older brother),1
落とす,おとす,to drop; to lose,1
訪れる,おとずれる,to visit; to call on,1
大人しい,おとなしい,gentle; quiet,1
少女,おとめ,(young) girl; maiden,1
お供,おとも,attendant; companion,1
衰える,おとろえる,to become weak; to decline,1
おどおど,おどおど,timidly; nervously,1
脅かす,おどかす,to threaten; to menace,1
脅す,おどす,to threaten; to menace,1
驚き,おどろき,surprise; astonishment,1
同い年,おないどし,the same age,1
女子,おなご,girl; vagina,1
お願いします,おねがいします,please,1
各,おのおの,each; you (plural),1
自ずから,おのずから,naturally; in due course,1
お早う,おはよう,good morning,1
お祖母さん,おばあさん,grandmother; old woman,1
怯える,おびえる,to become frightened; to be frightened (of),1
夥しい,おびただしい,large number; innumerable,1
帯びる,おびる,"to wear (a sword, decoration, etc.); to carry",1
覚え,おぼえ,memory; sense,1
御負け,おまけ,something thrown in (with a purchase); something extra,1
お巡りさん,おまわりさん,police officer,1
お宮,おみや,Shinto shrine,1
お襁褓,おむつ,diaper; nappy,1
お目出度う,おめでとう,Japanese sweets made with glutinous rice and azuki bean paste; congratulations!,1
面,おも,looking like a ...; acting as if a ...,1
思い付き,おもいつき,idea; plan,1
面白い,おもしろい,interesting; fascinating,1
玩具,おもちゃ,toy; (person or thing treated as a) plaything,1
重なる,おもなる,to be piled up; to lie on top of one another,1
趣,おもむき,meaning; tenor,1
赴く,おもむく,to go in the direction of; to proceed toward,1
重役,おもやく,(company) director; executive,1
重んじる,おもんじる,to respect; to honor,1
重んずる,おもんずる,to honor; to honour,1
お休み,おやすみ,holiday; day off,1
お八,おやつ,between-meal snack; mid-afternoon (around 3 o'clock) snack,1
凡そ,およそ,about; roughly,1
及び,および,and; as well as,1
及ぶ,およぶ,to reach; to amount to,1
織,おり,weave; weaving,1
檻,おり,cage; pen,1
折り返す,おりかえす,"to turn up (hem, sleeves, etc.); to fold back (e.g. page)",1
織物,おりもの,textile; fabric,1
織る,おる,to weave,1
俺,おれ,I; me,1
愚か,おろか,foolish; stupid,1
疎か,おろそか,not to mention ...; needless to say ...,1
終わる,おわる,to end; to come to an end,1
音色,おんいろ,tone color; tone colour,1
温和,おんわ,mild (climate); temperate,1
仮,か,lacking substance and existing in name only; something without substance,1
科,か,error; mistake,1
個,か,counter used with Sino-Japanese words; general-purpose counter,1
下位,かい,low rank; lower position,1
階,かい,stairs; stairs at the front of a noh stage,1
改悪,かいあく,changing (something) for the worse; disimprovement,1
海運,かいうん,maritime transport; shipping,1
改革,かいかく,reform; reformation,1
貝殻,かいがら,seashell; shell,1
階級,かいきゅう,(social) class; rank,1
海峡,かいきょう,channel (e.g. between two land masses); strait,1
会見,かいけん,interview; audience,1
介護,かいご,nursing; care,1
開催,かいさい,"holding (a conference, exhibition, etc.); opening",1
回収,かいしゅう,collection; recovery,1
改修,かいしゅう,repair; improvement,1
怪獣,かいじゅう,monster,1
解除,かいじょ,termination (of a contract); cancellation,1
回送,かいそう,forwarding; sending on,1
階層,かいそう,class; level,1
開拓,かいたく,reclamation (e.g. of wasteland); cultivation,1
会談,かいだん,talks (i.e. formal discussions); conference,1
改定,かいてい,"revision (of a rule, price, etc.); alteration",1
改訂,かいてい,revision (of text); alteration,1
街道,かいどう,highway (esp. one existing from the Edo period); main road,1
介入,かいにゅう,intervention,1
開発,かいはつ,development; cultivation,1
海抜,かいばつ,height above sea level,1
介抱,かいほう,nursing; looking after,1
解剖,かいぼう,dissection; autopsy,1
回覧,かいらん,circulation (esp. of documents); sending round,1
海流,かいりゅう,ocean current,1
改良,かいりょう,improvement; reform,1
回路,かいろ,circuit; cycle (e.g. Krebs cycle),1
顧みる,かえりみる,to look back on (the past); to reflect on,1
省みる,かえりみる,"to reflect on (oneself, past conduct, etc.); to contemplate",1
返る,かえる,to return; to come back,1
顔付き,かおつき,(outward) looks; features,1
掲げる,かかげる,"to put up (a notice, sign, etc.); to hang out (e.g. a banner)",1
踵,かかと,"heel (of foot, shoe, stocking, etc.)",1
係り,かかり,charge; duty,1
課外,かがい,extracurricular,1
書き取り,かきとり,writing down from other written material; writing kanji text from hiragana,1
書き取る,かきとる,to write down (what someone says); to take down dictation,1
掻き回す,かきまわす,to stir; to churn,1
欠く,かく,to chip; to nick,1
角,かく,angle; square,1
核,かく,seed (of a fruit); pit,1
格,かく,amendment (to ritsuryō); status,1
佳句,かく,beautiful passage of literature,1
画,かく,stroke (of a kanji); picture,1
格差,かくさ,qualitative difference; disparity,1
拡散,かくさん,spreading; disseminating,1
各種,かくしゅ,every kind; all sorts,1
隔週,かくしゅう,every other week; every two weeks,1
確信,かくしん,conviction; belief,1
革新,かくしん,reform; innovation,1
確定,かくてい,decision; settlement,1
獲得,かくとく,acquisition; possession,1
確保,かくほ,securing; obtaining,1
革命,かくめい,revolution; 58th year of the sexagenary cycle (in Onmyōdō),1
確立,かくりつ,establishment; settlement,1
賭け,かけ,bet; wager,1
掛け,かけ,-clad; in the midst of,1
駆け足,かけあし,running fast; double time,1
家計,かけい,household economy; family finances,1
駆けっこ,かけっこ,(foot) race; sprint,1
駆ける,かける,to run; to dash,1
賭ける,かける,to wager; to bet,1
ヶ月,かげつ,counter for months,1
加工,かこう,manufacturing; processing,1
化合,かごう,chemical combination,1
嵩張る,かさばる,to be bulky; to be unwieldy,1
嵩む,かさむ,to mount up; to pile up,1
風車,かざぐるま,windmill; wind turbine,1
畏まりました,かしこまりました,certainly!; very well,1
華奢,かしゃ,lavish; luxurious,1
箇所,かしょ,place; point,1
火傷,かしょう,burn; scald,1
箇条書き,かじょうがき,itemized form; itemised form,1
噛る,かじる,to gnaw; to nibble,1
微か,かすか,faint; dim,1
霞む,かすむ,to become misty; to become hazy,1
化する,かする,to change (into); to turn (into),1
擦る,かする,to rub in; to smear on,1
火星,かせい,Mars (planet),1
化石,かせき,fossil; petrifaction,1
河川,かせん,rivers,1
化繊,かせん,synthetic fiber; synthetic fibre,1
過疎,かそ,underpopulation; low population density,1
過多,かた,excess; surplus,1
難い,かたい,difficult to ...; hard to ...,1
片思い,かたおもい,unrequited love; one-sided love,1
敵,かたき,rival; opponent,1
気質,かたぎ,disposition; temperament,1
片言,かたこと,prattle; broken language,1
片付け,かたづけ,tidying up; finishing,1
傾く,かたぶく,to lean (esp. of a ripe ear of rice); to incline,1
傾ける,かたむける,to incline; to lean,1
固める,かためる,to harden; to freeze,1
偏る,かたよる,to lean (to one side); to incline,1
傍ら,かたわら,side; edge,1
課題,かだい,subject; theme,1
花壇,かだん,flower bed,1
家畜,かちく,domestic animals; livestock,1
画期,かっき,transition from one epoch to another; change of era,1
活発,かっぱつ,lively; active,1
且つ,かつ,and; moreover,1
割,かつ,rate; ratio,1
嘗て,かつて,once; before,1
日付,かづけ,date; dating,1
門,かど,gate; door,1
叶う,かなう,"to come true (of a dream, wish, etc.); to be realized",1
叶える,かなえる,"to grant (request, wish); to answer (prayer)",1
金槌,かなづち,hammer; hopeless swimmer,1
鉄棒,かなぼう,iron rod; iron bar,1
可成,かなり,considerably; fairly,1
加入,かにゅう,"joining (a club, organization, etc.); becoming a member",1
金庫,かねぐら,safe; strongbox,1
予言,かねごと,promise; prediction,1
兼ねて,かねて,previously; already,1
下番,かばん,going off duty,1
下品,かひん,vulgar; indecent,1
華美,かび,splendor; splendour,1
花粉,かふん,pollen,1
株式,かぶしき,share (in a company); stock,1
気触れる,かぶれる,to develop a rash or inflammation (e.g. in response to a skin irritant); to react to (something),1
貨幣,かへい,money; currency,1
構え,かまえ,structure; construction,1
構える,かまえる,"to set up (a house, store, etc.); to build",1
加味,かみ,seasoning; flavoring,1
噛み切る,かみきる,to bite off; to gnaw through,1
過密,かみつ,overcrowding; congestion,1
瓶,かめ,jar or vase with a long narrow neck; earthenware pot,1
かも知れない,かもしれない,may; might,1
粥,かゆ,thin rice porridge; watery cooked rice,1
痒い,かゆい,itchy,1
揶揄う,からかう,to tease; to make fun of,1
身体,からだ,body; physical system,1
体付き,からだつき,body build; figure,1
絡む,からむ,to twine; to get tangled,1
借り,かり,borrowing; debt,1
下吏,かり,lower official,1
加留多,かるた,karuta,1
涸れる,かれる,"to dry up (spring, pond, etc.); to run out",1
過労,かろう,overwork; strain,1
辛うじて,かろうじて,barely; narrowly,1
側,かわ,first principle of the Eight Principles of Yong; tiny dash or speck,1
可愛い,かわいい,cute; adorable,1
可愛がる,かわいがる,to be affectionate to; to treat tenderly,1
可哀想,かわいそう,poor; pitiable,1
可愛らしい,かわいらしい,lovely; sweet,1
交わす,かわす,"to exchange (messages, greetings, arguments, etc.); to intersect",1
代わる,かわる,to succeed; to relieve,1
代わる代わる,かわるがわる,alternately; by turns,1
乾,かん,northwest; drying,1
管,かん,pipe; tube,1
幹,かん,trunk; stem,1
冠,かん,order; rank,1
観,かん,look; appearance,1
館,かん,inn; mansion,1
簡易,かんい,simple; simplified,1
感慨,かんがい,deep emotion; strong feelings,1
寒気,かんき,chill; the shivers,1
簡潔,かんけつ,concise; brief,1
還元,かんげん,restoration; return,1
刊行,かんこう,publication; issue,1
慣行,かんこう,customary practice; habit,1
勧告,かんこく,advice; counsel,1
看護,かんご,nursing; (army) nurse,1
漢語,かんご,Japanese word of Chinese origin; Sino-Japanese word,1
換算,かんさん,conversion (e.g. yen to dollars); change,1
監視,かんし,monitoring; watching,1
慣習,かんしゅう,custom; convention,1
観衆,かんしゅう,spectators; onlookers,1
干渉,かんしょう,interference; intervention,1
感触,かんしょく,feel (of something); touch,1
肝心,かんじん,essential; important,1
歓声,かんせい,cheer; shout of joy,1
感染,かんせん,infection; contagion,1
幹線,かんせん,main line; trunk line,1
関税,かんぜい,customs (duties); duty,1
簡素,かんそ,simple; plain,1
観点,かんてん,point of view; viewpoint,1
感度,かんど,"sensitivity (e.g. of a measuring instrument); reception (radio, TV, etc.)",1
幹部,かんぶ,management; (executive) staff,1
勘弁,かんべん,pardon; forgiveness,1
完璧,かんぺき,perfect; complete,1
感無量,かんむりょう,deep emotion; being filled with emotion,1
勧誘,かんゆう,invitation; solicitation,1
関与,かんよ,participation; taking part in,1
慣用,かんよう,customary use; common usage,1
寛容,かんよう,tolerance; open-mindedness,1
観覧,かんらん,viewing,1
官僚,かんりょう,bureaucrat; government official,1
慣例,かんれい,custom; practice,1
還暦,かんれき,kanreki,1
貫禄,かんろく,presence; dignity,1
緩和,かんわ,relief; mitigation,1
蓋,がい,cover; lid,1
街,がい,street; quarter,1
外貨,がいか,foreign currency; foreign money,1
外観,がいかん,outward appearance; exterior appearance,1
外相,がいしょう,Foreign Minister,1
害する,がいする,to injure; to damage,1
概説,がいせつ,overview; outline,1
該当,がいとう,corresponding to; being applicable to,1
街頭,がいとう,(on the) street,1
概念,がいねん,general idea; concept,1
外来,がいらい,foreign; imported,1
概略,がいりゃく,outline; summary,1
学芸,がくげい,arts and sciences; liberal arts,1
学士,がくし,university graduate; bachelor,1
学説,がくせつ,theory,1
楽譜,がくふ,score; sheet music,1
学歴,がくれき,academic background; academic credentials,1
崖,がけ,cliff; precipice,1
雅致,がち,artistry; good taste,1
がっくり,がっくり,heartbroken; crestfallen,1
合唱,がっしょう,singing together; singing in union,1
がっしり,がっしり,firmly; solidly,1
合致,がっち,agreement; concurrence,1
がっちり,がっちり,solid; robust,1
月日,がっぴ,time; years,1
合併,がっぺい,"merger (of companies, towns, etc.); combination",1
がる,がる,to show signs of being; to feel,1
側,がわ,first principle of the Eight Principles of Yong; tiny dash or speck,1
癌,がん,cancer,1
眼科,がんか,ophthalmology,1
眼球,がんきゅう,eyeball,1
眼鏡,がんきょう,glasses; eyeglasses,1
頑固,がんこ,stubborn; obstinate,1
願書,がんしょ,(written) application; written request,1
頑丈,がんじょう,solid; firm,1
岩石,がんせき,rock,1
元年,がんねん,first year (of an imperial era); year something (important) first happened or began,1
贋物,がんぶつ,spurious article; forgery,1
元来,がんらい,originally; essentially,1
生,き,life; living,1
期,き,time; moment,1
企画,きかく,planning; plan,1
規格,きかく,standard; norm,1
着飾る,きかざる,to dress up,1
器官,きかん,organ,1
季刊,きかん,quarterly publication,1
危害,きがい,injury; harm,1
気兼ね,きがね,constraint; reserve,1
気軽,きがる,carefree; buoyant,1
危機,きき,crisis; critical situation,1
聞き取り,ききとり,listening comprehension; aural comprehension,1
効き目,ききめ,effect; virtue,1
帰京,ききょう,returning (home) to Tokyo; returning to the capital,1
基金,ききん,fund; foundation,1
棄権,きけん,abstention (from voting); renunciation (of a right),1
喜劇,きげき,comedy,1
起源,きげん,origin; beginning,1
機構,きこう,mechanism; machinery,1
既婚,きこん,married,1
記載,きさい,mention (in a document); record,1
気障,きざ,affected; smug,1
兆し,きざし,sign; indication,1
兆,きざし,"10^12; 1,000,000,000,000",1
軋む,きしむ,to jar; to creak,1
気象,きしょう,weather (conditions); disposition,1
期日,きじつ,fixed date; appointed date,1
記述,きじゅつ,description; account,1
奇数,きすう,odd number,1
築く,きずく,to build; to construct,1
傷付く,きずつく,to be wounded; to get injured,1
規制,きせい,regulation; (traffic) policing,1
汽船,きせん,steamship; steamboat,1
寄贈,きそう,donation; presentation,1
貴族,きぞく,nobility; aristocracy,1
鍛える,きたえる,to forge; to temper,1
来る,きたる,to come (spatially or temporally); to approach,1
気立て,きだて,disposition; nature,1
きちっと,きちっと,exactly; perfectly,1
几帳面,きちょうめん,methodical; precise,1
切っ掛け,きっかけ,chance; start,1
きっかり,きっかり,exactly; just,1
喫茶,きっさ,tea drinking; teahouse,1
きっちり,きっちり,exactly; precisely,1
屹度,きっと,surely; undoubtedly,1
きっぱり,きっぱり,clearly; plainly,1
規定,きてい,stipulation; prescription,1
起点,きてん,starting point; origin,1
軌道,きどう,orbit; trajectory,1
甲,きのえ,treble range (in Japanese music); high note,1
気配,きはい,indication; sign,1
規範,きはん,model; standard,1
気品,きひん,elegance; refinement,1
気風,きふう,character; traits,1
起伏,きふく,undulation; ups and downs,1
規模,きぼ,scale; scope,1
気まぐれ,きまぐれ,whim; caprice,1
生真面目,きまじめ,overserious; deeply sincere,1
期末,きまつ,end of term,1
決まり悪い,きまりわるい,embarrassed; ashamed,1
決まる,きまる,to be decided; to be settled,1
記名,きめい,signature; signing one's name,1
脚色,きゃくしょく,dramatization (e.g. of a novel); dramatisation,1
脚本,きゃくほん,script; screenplay,1
客観,きゃっかん,objectivity; objective,1
規約,きやく,agreement; rules,1
救援,きゅうえん,relief; rescue,1
休学,きゅうがく,temporary absence from school,1
究極,きゅうきょく,ultimate; final,1
窮屈,きゅうくつ,narrow; tight,1
球根,きゅうこん,(plant) bulb,1
救済,きゅうさい,salvation (from suffering based on Buddha's teachings); relief,1
給食,きゅうしょく,"provision of lunch (e.g. at office, school, etc.); providing a meal",1
給仕,きゅうじ,waiting on a table; serving (at dinner),1
休戦,きゅうせん,cease-fire; truce,1
旧知,きゅうち,old friend; old acquaintance,1
宮殿,きゅうでん,palace,1
窮乏,きゅうぼう,poverty; destitution,1
丘陵,きゅうりょう,hill; hillock,1
共,きょう,including ...; with ...,1
供,きょう,companion; follower,1
驚異,きょうい,wonder; miracle,1
教員,きょういん,teacher; instructor,1
教科,きょうか,subject; curriculum,1
協会,きょうかい,association; society,1
共感,きょうかん,sympathy; empathy,1
共学,きょうがく,coeducation; mixed-sex education,1
協議,きょうぎ,conference; consultation,1
教訓,きょうくん,lesson; precept,1
境遇,きょうぐう,one's circumstances; environment,1
強行,きょうこう,forcing (e.g. a vote); carrying out (forcibly),1
強硬,きょうこう,firm; strong,1
凶作,きょうさく,bad harvest; poor crop,1
共産,きょうさん,communism; Communist Party,1
教材,きょうざい,teaching materials,1
教習,きょうしゅう,training; instruction,1
郷愁,きょうしゅう,nostalgia; homesickness,1
教職,きょうしょく,the teaching profession; education of laity,1
享受,きょうじゅ,"enjoyment (of freedom, beauty, etc.); reception (of a right, privilege, rank, etc.)",1
興じる,きょうじる,to amuse oneself; to make merry,1
強制,きょうせい,compulsion; coercion,1
共存,きょうそん,coexistence,1
姉妹,きょうだい,sisters,1
協調,きょうちょう,cooperation; conciliation,1
協定,きょうてい,arrangement; pact,1
脅迫,きょうはく,threat; menace,1
共鳴,きょうめい,"resonance; sympathy (with a view, idea, etc.)",1
郷里,きょうり,hometown; birthplace,1
強烈,きょうれつ,strong; intense,1
共和,きょうわ,republicanism; cooperation,1
曲,きょく,corner; nook,1
局限,きょくげん,limit; localize,1
極端,きょくたん,extreme; extremity,1
居住,きょじゅう,"residence; living (at, in)",1
拒絶,きょぜつ,refusal; rejection,1
拒否,きょひ,refusal; rejection,1
許容,きょよう,permission; allowance,1
距離,きょり,distance; range,1
寄与,きよ,contribution; service,1
清らか,きよらか,clean; clear,1
気楽,きらく,carefree; comfortable,1
煌びやか,きらびやか,gorgeous; gaudy,1
切り,きり,end; finish,1
桐,きり,paulownia (Paulownia tomentosa); empress tree,1
切り替える,きりかえる,to change; to switch,1
気流,きりゅう,atmospheric current; air current,1
奇麗,きれい,pretty; lovely,1
切れ目,きれめ,gap; break,1
際,きわ,edge; brink,1
木綿,きわた,"string made of cut steamed, soaked mulberry bark fibers; cotton (material)",1
極めて,きわめて,exceedingly; extremely,1
僅,きん,qin (7-stringed Chinese zither); guqin,1
近眼,きんがん,nearsightedness; shortsightedness,1
緊急,きんきゅう,urgency; emergency,1
近々,きんきん,soon; before long,1
近郊,きんこう,outskirts; environs (of a city),1
均衡,きんこう,balance; equilibrium,1
近視,きんし,myopia; shortsightedness,1
禁じる,きんじる,to forbid; to ban,1
禁ずる,きんずる,to forbid; to ban,1
勤勉,きんべん,diligent; hard-working,1
勤務,きんむ,service; duty,1
禁物,きんもつ,thing that should be (carefully) avoided; no-no,1
勤労,きんろう,labor; labour,1
議案,ぎあん,legislative bill; measure,1
戯曲,ぎきょく,drama; play,1
議決,ぎけつ,resolution; decision,1
議事堂,ぎじどう,assembly hall; parliament house,1
犠牲,ぎせい,sacrifice; victim (esp. someone killed),1
偽造,ぎぞう,forgery; counterfeiting,1
議題,ぎだい,topic of discussion; agenda,1
技能,ぎのう,technical skill; ability,1
逆転,ぎゃくてん,reversal (of a situation); turnaround,1
行,ぎょう,passage; paragraph,1
業者,ぎょうしゃ,trader; dealer,1
行政,ぎょうせい,executive; government,1
業績,ぎょうせき,achievement; performance,1
業務,ぎょうむ,business; work,1
玉,ぎょく,ball; sphere,1
漁船,ぎょせん,fishing boat,1
漁村,ぎょそん,fishing village,1
義理,ぎり,duty; sense of duty,1
疑惑,ぎわく,doubt; misgivings,1
吟味,ぎんみ,close examination; careful investigation,1
区,く,ward; borough,1
食い違う,くいちがう,to not match well (e.g. at the seams); to not mesh properly (of gears),1
空腹,くうふく,empty stomach; hunger,1
区画,くかく,division; section,1
区間,くかん,"section (of track, etc.); segment",1
茎,くき,stalk; stem,1
区切り,くぎり,"pause (in speech, writing, etc.); punctuation",1
潜る,くぐる,to go under; to pass under,1
種々,くさぐさ,various; a variety of,1
嚏,くしゃみ,sneeze; sneezing,1
旧事,くじ,past events; bygones,1
籤引,くじびき,lottery; drawn lot,1
擽ぐったい,くすぐったい,ticklish; embarrassing,1
草臥れる,くたびれる,to get tired; to become exhausted,1
下らない,くだらない,trivial; trifling,1
件,くだん,passage; paragraph,1
口ずさむ,くちずさむ,to hum (a tune); to sing to oneself,1
嘴,くちばし,beak; bill,1
朽ちる,くちる,to rot; to decay,1
くっきり,くっきり,clearly (standing out); distinctly,1
屈折,くっせつ,bending; curving,1
くっ付く,くっつく,to adhere to; to stick to,1
くっ付ける,くっつける,to attach; to stick together,1
覆す,くつがえす,to overturn; to capsize,1
諄い,くどい,repetitious; long-winded,1
国境,くにざかい,border (between countries); national border,1
首飾り,くびかざり,necklace; choker,1
首輪,くびわ,(animal) collar; necklace,1
組み合わせ,くみあわせ,combination; assortment,1
組み合わせる,くみあわせる,to put together; to combine,1
組み込む,くみこむ,to insert; to include,1
蔵,くら,possession; ownership,1
苦しめる,くるしめる,to torment; to pain,1
包む,くるむ,to wrap up (in); to roll up (in),1
呉れ呉れも,くれぐれも,sincerely; earnestly,1
呉れる,くれる,to give; to let (one) have,1
玄人,くろうと,expert; professional,1
黒字,くろじ,(being in) the black; surplus,1
君主,くんしゅ,monarch; sovereign,1
愚痴,ぐち,idle complaint; grumble,1
ぐっと,ぐっと,suddenly; at once,1
ぐらい,ぐらい,approximately; about,1
群,ぐん,gathering; group,1
軍艦,ぐんかん,warship; battleship,1
群集,ぐんしゅう,crowd; community,1
軍事,ぐんじ,military affairs,1
軍備,ぐんび,armaments; military preparations,1
軍服,ぐんぷく,military uniform,1
刑,けい,penalty; sentence,1
頃,けい,qing (Chinese unit of land area equal to 100 mu); time,1
傾,けい,slanting; tilted,1
系,けい,system; lineage,1
経過,けいか,passage (of time); elapsing,1
軽快,けいかい,light (of movements); nimble,1
警戒,けいかい,vigilance; caution,1
計器,けいき,meter; gauge,1
契機,けいき,opportunity; chance,1
敬具,けいぐ,yours sincerely; sincerely yours,1
軽減,けいげん,abatement; reduction,1
掲載,けいさい,publication (e.g. of an article in a newspaper); carrying (e.g. a story),1
傾斜,けいしゃ,inclination; slant,1
形成,けいせい,formation; molding,1
形勢,けいせい,condition; situation,1
軽率,けいそつ,rash; thoughtless,1
携帯,けいたい,carrying (on one's person or in the hand); mobile phone,1
形態,けいたい,form; shape,1
刑罰,けいばつ,(criminal) punishment; penalty,1
経費,けいひ,expenses; expenditure,1
警部,けいぶ,police inspector,1
軽蔑,けいべつ,contempt; scorn,1
経歴,けいれき,personal history; background,1
経路,けいろ,course; route,1
汚す,けがす,to pollute; to contaminate,1
汚らわしい,けがらわしい,filthy; unfair,1
汚れ,けがれ,uncleanness; impurity,1
汚れる,けがれる,to be violated; to be corrupted,1
獣,けだもの,"beast (esp. one used for its meat, such as a boar or a deer); hunting (of animals such as boar, deer, etc.)",1
吝嗇,けち,stinginess; miserliness,1
結核,けっかく,tuberculosis; TB,1
血管,けっかん,blood vessel; vein,1
決行,けっこう,doing (with resolve); carrying out (e.g. a plan),1
決算,けっさん,settlement of accounts; closing accounts,1
決勝,けっしょう,decision of a contest; finals (in sports),1
結晶,けっしょう,crystal; crystallization,1
結成,けっせい,formation; combination,1
結束,けっそく,union; unity,1
傑,けつ,the top (e.g. top ten); the best,1
決意,けつい,decision; determination,1
決議,けつぎ,resolution; vote,1
結合,けつごう,combination; union,1
決断,けつだん,decision; determination,1
欠乏,けつぼう,deficiency; insufficiency,1
蹴飛ばす,けとばす,to kick (hard); to send flying with a kick,1
貶す,けなす,to speak ill of; to disparage,1
煙たい,けむたい,smoky; awkward,1
煙る,けむる,to smoke (e.g. fire); to billow smoke,1
家来,けらい,retainer; vassal,1
けれど,けれど,but; however,1
圏,けん,sphere; circle,1
権,けん,right (to do something); authority,1
権威,けんい,authority; power,1
兼業,けんぎょう,pursuing as a side business; doing in addition to one's main work,1
権限,けんげん,power; authority,1
健在,けんざい,in good health; alive and well,1
懸賞,けんしょう,offering a prize; prize competition,1
検事,けんじ,public prosecutor,1
健全,けんぜん,healthy; sound,1
見地,けんち,point of view; viewpoint,1
賢明,けんめい,wise; sensible,1
倹約,けんやく,thrift; economy,1
兼用,けんよう,multi-use; combined use,1
権力,けんりょく,(political) power; authority,1
劇団,げきだん,troupe; theatrical company,1
激励,げきれい,encouragement; spurring (on),1
月謝,げっしゃ,monthly tuition fee,1
げっそり,げっそり,to be disheartened; to be dejected,1
月賦,げっぷ,monthly installment (instalment); monthly payment,1
下痢,げり,diarrhea; diarrhoea,1
原,げん,original; primitive,1
原形,げんけい,original form; base form,1
現行,げんこう,present; current,1
原作,げんさく,original work,1
原子,げんし,atom,1
元首,げんしゅ,sovereign; ruler,1
原書,げんしょ,original document (not a copy or adaptation); book in its original language (esp. a European language),1
減少,げんしょう,decrease; reduction,1
現場,げんじょう,"actual spot; scene (of a crime, accident, etc.)",1
元素,げんそ,element; chemical element,1
原則,げんそく,principle; general rule,1
現像,げんぞう,development (of film); photographic processing,1
現地,げんち,actual place; actual location,1
限定,げんてい,limit; restriction,1
原点,げんてん,starting point; origin,1
原典,げんてん,original (text),1
減点,げんてん,subtracting points; deducting points,1
原爆,げんばく,atomic bomb; A-bomb,1
原文,げんぶん,original text,1
厳密,げんみつ,strict; close,1
原油,げんゆ,crude oil,1
言論,げんろん,(one's) speech; expression of views,1
故,こ,former; ex-,1
戸,こ,door (esp. Japanese-style); shutter,1
児,こ,baby; child,1
巨,こ,dark (color); concentrated,1
恋する,こいする,to fall in love (with); to love,1
溝,こう,ditch; drain,1
校,こう,school; proofreading,1
好意,こうい,kindness; favor,1
行為,こうい,act; deed,1
行員,こういん,bank clerk,1
交易,こうえき,trade; commerce,1
公演,こうえん,public performance; exhibition in a foreign country,1
後悔,こうかい,regret; repentance,1
公開,こうかい,opening to the public; making available to the public,1
航海,こうかい,(sea) voyage; navigation,1
工学,こうがく,engineering,1
皇居,こうきょ,Imperial Palace (of Japan); imperial residence,1
好況,こうきょう,prosperous (economic) conditions; favourable conditions,1
抗議,こうぎ,protest; objection,1
鉱業,こうぎょう,mining industry,1
興業,こうぎょう,promotion of industry; inauguration of a new industrial enterprise,1
高原,こうげん,tableland; plateau,1
煌々と,こうこうと,,1
考古学,こうこがく,archaeology; archeology,1
交互,こうご,alternate; alternating,1
工作,こうさく,handicraft; work,1
耕作,こうさく,cultivation; farming,1
鉱山,こうざん,mine (ore),1
講習,こうしゅう,short course; training,1
交渉,こうしょう,negotiations; bargaining,1
高尚,こうしょう,high; noble,1
行進,こうしん,march; parade,1
香辛料,こうしんりょう,spice; spices,1
口述,こうじゅつ,dictation; verbal statement,1
控除,こうじょ,subtraction; deduction (e.g. of tax),1
向上,こうじょう,elevation; rise,1
降水,こうすい,rainfall; precipitation,1
洪水,こうずい,flood; flooding,1
公然,こうぜん,open; public,1
抗争,こうそう,rivalry; feud,1
構想,こうそう,plan; plot,1
拘束,こうそく,restriction; restraint,1
後退,こうたい,retreat; falling back,1
光沢,こうたく,brilliance; polish,1
公団,こうだん,public corporation; public housing,1
好調,こうちょう,favourable; favorable,1
口頭,こうとう,oral; verbal,1
講読,こうどく,reading; translation,1
購読,こうどく,"buying and reading (book, magazine, etc.); subscribing (incl. free subscriptions)",1
購入,こうにゅう,purchase; buying,1
公認,こうにん,official recognition; official approval,1
光熱費,こうねつひ,cost of fuel and lighting; cost of heat and electricity,1
荒廃,こうはい,ruin; destruction,1
購買,こうばい,procurement; purchase,1
好評,こうひょう,favorable reception; good reputation,1
交付,こうふ,delivery; issuance,1
降伏,こうふく,surrender; capitulation,1
興奮,こうふん,excitement; stimulation,1
公募,こうぼ,public appeal (e.g. for contributions); public advertisement (of a post),1
巧妙,こうみょう,ingenious; skillful,1
公用,こうよう,official business; government business,1
小売,こうり,retail,1
効率,こうりつ,efficiency,1
公立,こうりつ,public (institution),1
小柄,こがら,sterigma; small build,1
小切手,こぎって,cheque; check,1
国産,こくさん,domestically produced; domestic,1
国定,こくてい,state-sponsored; national,1
国土,こくど,country; territory,1
告白,こくはく,"confession (to a crime, wrongdoing, etc.); admission",1
国防,こくぼう,national defence; national defense,1
国有,こくゆう,national ownership; state ownership,1
国連,こくれん,United Nations; UN,1
漕ぐ,こぐ,to row; to paddle,1
焦げ茶,こげちゃ,dark brown; olive brown,1
個々,ここ,individual; one by one,1
箇箇,ここ,individual; one by one,1
心地,ここち,feeling; sensation,1
心得,こころえ,knowledge; understanding,1
心掛け,こころがけ,(mental) attitude; way of thinking,1
心掛ける,こころがける,to keep in mind; to bear in mind,1
志,こころざし,will; resolution,1
志す,こころざす,to aspire to; to aim for,1
心強い,こころづよい,heartening; reassuring,1
心細い,こころぼそい,helpless; forlorn,1
試み,こころみ,attempt; trial,1
試みる,こころみる,to try; to attempt,1
快い,こころよい,pleasant; agreeable,1
凝らす,こごらす,to freeze; to congeal,1
凝る,こごる,to congeal; to gelatinize,1
拵える,こしらえる,to make; to manufacture,1
孤児,こじ,orphan; person without friends,1
拗れる,こじれる,to get complicated; to grow worse,1
故人,こじん,the deceased; the departed,1
梢,こずえ,treetop; tip of a branch,1
個性,こせい,individuality; personality,1
戸籍,こせき,family register; census,1
小銭,こぜに,small change; pocket change,1
固体,こたい,solid (body); solid matter,1
答え,こたえ,reply; response,1
堪える,こたえる,to bear; to stand,1
火燵,こたつ,kotatsu,1
古代,こだい,ancient times; distant past,1
こだわる,こだわる,to be obsessive (about); to be overly concerned (with),1
誇張,こちょう,exaggeration,1
滑稽,こっけい,funny; comical,1
国交,こっこう,diplomatic relations,1
骨董品,こっとうひん,curio; antique,1
骨,こつ,knack; skill,1
固定,こてい,fixing (in place); being fixed (in place),1
事柄,ことがら,matter; thing,1
悉く,ことごとく,altogether; entirely,1
言伝,ことづて,(oral) message; declaration,1
殊に,ことに,especially; particularly,1
事によると,ことによると,possibly; maybe,1
孤独,こどく,solitude; loneliness,1
粉々,こなごな,in very small pieces,1
此の,この,"this; last (couple of years, etc.)",1
この間,このあいだ,the other day; lately,1
この頃,このごろ,these days; nowadays,1
好ましい,このましい,nice; likeable,1
個別,こべつ,individual; separate,1
零す,こぼす,to spill; to drop,1
零れる,こぼれる,to spill; to fall out of,1
細やか,こまやか,tender; warm,1
混む,こむ,to be crowded; to be packed,1
込める,こめる,"to load (a gun, etc.); to charge",1
篭る,こもる,to shut oneself in (e.g. one's room); to be confined in,1
固有,こゆう,characteristic (of); peculiar (to),1
雇用,こよう,employment; hire,1
暦,こよみ,calendar; almanac,1
堪える,こらえる,to bear; to stand,1
孤立,こりつ,isolation; being alone,1
懲りる,こりる,to learn by experience; to learn one's lesson,1
此れ,これ,this; this one,1
此れ等,これら,these,1
魂,こん,Yang energy; spirit,1
根気,こんき,patience; perseverance,1
根拠,こんきょ,basis; grounds,1
混血,こんけつ,mixed race; mixed parentage,1
昆虫,こんちゅう,insect; bug,1
根底,こんてい,root; basis,1
混同,こんどう,confusion; mixing,1
今日は,こんにちは,hello; good day,1
今晩は,こんばんは,good evening,1
根本,こんぽん,kabuki script; illustrated kabuki script,1
御,ご,honorific affix; honorific prefix,1
語彙,ごい,vocabulary; lexicon,1
濠,ごう,Australia; moat,1
業,ごう,work; business,1
号,ごう,number; edition,1
合意,ごうい,(coming to an) agreement; consent,1
合議,ごうぎ,consultation; conference,1
強気,ごうぎ,confident; assured,1
合成,ごうせい,composition; synthesis,1
護衛,ごえい,guard; convoy,1
語句,ごく,words and phrases; words,1
極楽,ごくらく,Sukhavati (Amitabha's Pure Land); paradise,1
ご苦労様,ごくろうさま,thank you (for your hard work); I appreciate your efforts,1
語源,ごげん,origin of a word; derivation of a word,1
誤差,ごさ,measurement error; calculation error,1
ご座います,ございます,to be; to exist,1
ご馳走,ごちそう,treat (esp. food and drink); entertainment,1
ご馳走さま,ごちそうさま,thank you (for the meal); that was a delicious meal,1
毎,ごと,each; every,1
碁盤,ごばん,Go board,1
ご無沙汰,ごぶさた,"not writing or contacting for a while; neglecting (failing) to write (call, visit, etc.)",1
誤魔化す,ごまかす,to deceive; to cheat,1
御免ください,ごめんください,may I come in?; please forgive me,1
御免なさい,ごめんなさい,I'm sorry; my apologies,1
御覧なさい,ごらんなさい,(please) look; see,1
佐,さ,so; like that,1
再,さい,re-; again,1
差異,さい,difference; disparity,1
歳,さい,counter for years; ... years old,1
再会,さいかい,meeting again; reunion,1
災害,さいがい,calamity; disaster,1
細菌,さいきん,bacterium; bacteria,1
細工,さいく,work; workmanship,1
採掘,さいくつ,mining; digging,1
採決,さいけつ,vote; ballot,1
再建,さいけん,rebuilding; reconstruction,1
再現,さいげん,reappearance; reemergence,1
採算,さいさん,profit,1
採集,さいしゅう,collecting; gathering,1
再生,さいせい,restoration to life; coming to life again,1
最善,さいぜん,the very best; utmost,1
採択,さいたく,adoption; selection,1
再発,さいはつ,return; relapse,1
栽培,さいばい,cultivation,1
細胞,さいぼう,"cell; cell (in an organization, esp. a communist party)",1
採用,さいよう,use; adoption,1
遮る,さえぎる,"to interrupt; to obstruct (a view, someone's way, etc.)",1
囀る,さえずる,to sing; to chirp,1
冴える,さえる,"to be clear (of a sight, sound, colour, etc.); to be bright",1
竿,さお,"counter for poles, rods, etc.; rod",1
栄える,さかえる,to prosper; to flourish,1
杯,さかずき,"shallow bowl; counter for cupfuls, bowlfuls, spoonfuls, etc.",1
逆立ち,さかだち,handstand; headstand,1
逆上る,さかのぼる,to go upstream; to go up (a river),1
盛る,さかる,to become vigorous; to gain force,1
差額,さがく,"balance; difference (in price, cost)",1
下がる,さがる,to come down; to go down,1
一昨昨日,さきおととい,two days before yesterday; three days back (ago),1
先に,さきに,previously; before,1
詐欺,さぎ,fraud; swindle,1
作,さく,work (e.g. of art); piece,1
策,さく,plan; policy,1
柵,さく,weir; bonds,1
削減,さくげん,cut; reduction,1
錯誤,さくご,mistake; error,1
作戦,さくせん,tactics; strategy,1
作物,さくぶつ,artistic work; literary work,1
叫び,さけび,shout; cry,1
裂ける,さける,to split; to tear,1
捧げる,ささげる,to lift up; to hold up,1
差し掛かる,さしかかる,to come near (to); to approach,1
指図,さしず,directions; instructions,1
差し出す,さしだす,to hold out; to extend (e.g. a hand),1
差し支える,さしつかえる,to interfere (with); to hinder,1
差し引く,さしひく,to deduct; to take away,1
些事,さじ,something small; something petty,1
授ける,さずける,to grant; to give,1
嘸,さぞ,surely; certainly,1
定まる,さだまる,to become settled; to be fixed,1
定める,さだめる,to decide; to determine,1
錯覚,さっかく,illusion; hallucination,1
早急,さっきゅう,immediate; prompt,1
察する,さっする,to guess; to sense,1
さっと,さっと,"quickly (esp. actions); suddenly (esp. wind, rain, etc.)",1
冊,さつ,imperial edict to confer nobility titles (in ancient China); counter for books,1
殺人,さつじん,murder; homicide,1
偖,さて,well; now,1
悟る,さとる,to sense; to perceive,1
真実,さな,truth; reality,1
裁く,さばく,to judge; to try,1
錆び,さび,rust,1
左程,さほど,(not) so; (not) particularly,1
様,さま,precedent; example,1
三味線,さみせん,shamisen; samisen,1
侍,さむらい,man in attendance (on a person of high standing); retainer,1
然も,さも,"really (seem, appear, etc.); truly",1
作用,さよう,action; operation,1
左様なら,さようなら,farewell; adieu,1
拐う,さらう,to carry off; to run away with,1
爽やか,さわやか,fresh; refreshing,1
障る,さわる,to be harmful to; to hinder,1
酸,さん,acid; sourness,1
さん,さん,Mr; Mrs,1
酸化,さんか,oxidation; oxidization,1
山岳,さんがく,mountain chain; mountains,1
産休,さんきゅう,maternity leave; paternity leave,1
桟橋,さんきょう,wharf; bridge,1
参議院,さんぎいん,House of Councillors (upper house of the National Diet of Japan),1
産後,さんご,after childbirth; postpartum,1
産出,さんしゅつ,production; output,1
参照,さんしょう,"reference (e.g. to a dictionary, passage, footnotes); consultation",1
参上,さんじょう,calling on; visiting,1
賛成,さんせい,approval; agreement,1
賛美,さんび,praise; glorification,1
産婦人科,さんふじんか,maternity and gynaecology department (gynecology); department of obstetrics and gynaecology (gynecology),1
産物,さんぶつ,product; produce,1
山腹,さんぷく,hillside; mountainside,1
山脈,さんみゃく,mountain range; mountain belt,1
財,ざい,fortune; riches,1
財源,ざいげん,source of funds; resources,1
在庫,ざいこ,stock; inventory,1
財政,ざいせい,public finance; financial affairs,1
座談会,ざだんかい,symposium; round-table discussion,1
雑貨,ざっか,miscellaneous goods; general goods,1
雑,ざつ,miscellany (classification of Japanese poetry unrelated to the seasons or to love); rough,1
雑談,ざつだん,chatting; idle talk,1
雑木,ざつぼく,various kinds of small trees; assorted trees,1
座標,ざひょう,coordinate; coordinates,1
残金,ざんきん,remaining money,1
残酷,ざんこく,cruel; brutal,1
残高,ざんだか,(bank) balance; remainder,1
死,し,death; (an) out,1
し,し,"counter for long, thin things (i.e. swords); history",1
次,し,next; following,1
仕上がり,しあがり,finish; end,1
仕上げ,しあげ,finish; finishing,1
仕上げる,しあげる,to finish up; to complete,1
明々後日,しあさって,in three days' time; two days after tomorrow,1
飼育,しいく,breeding; raising,1
強いて,しいて,by force,1
強いる,しいる,to force; to compel,1
仕入れる,しいれる,"to buy (stock, materials, etc.); to purchase",1
しいんと,しいんと,,1
歯科,しか,dentistry,1
資格,しかく,qualifications; requirements,1
視覚,しかく,(sense of) sight; eyesight,1
仕掛け,しかけ,device; contrivance,1
仕掛ける,しかける,to start; to begin,1
然し,しかし,however; but,1
然しながら,しかしながら,however; nevertheless,1
而も,しかも,moreover; furthermore,1
市街,しがい,urban areas; the streets,1
指揮,しき,command; direction,1
色彩,しきさい,colour; color,1
式場,しきじょう,"ceremonial hall (e.g. wedding, funeral); hall for ceremonies",1
為来り,しきたり,custom; convention,1
頻りに,しきりに,frequently; repeatedly,1
仕切る,しきる,to partition; to divide,1
資金,しきん,funds; capital,1
施行,しぎょう,giving alms (to monks or the poor); almsgiving,1
しくじる,しくじる,to fail; to blunder,1
仕組み,しくみ,structure; construction,1
死刑,しけい,death penalty; capital punishment,1
湿気る,しける,to get damp; to get moist,1
思考,しこう,thought; consideration,1
志向,しこう,intention; aim,1
嗜好,しこう,taste; liking,1
視察,しさつ,inspection; observation,1
資産,しさん,property; fortune,1
刺繍,ししゅう,embroidery,1
支持,しじ,support; backing,1
指示,しじ,indication; denotation,1
雫,しずく,drop (e.g. of water); drip,1
沈める,しずめる,to sink (e.g. a ship); to submerge,1
施設,しせつ,facility; facilities,1
子息,しそく,(another's) son,1
慕う,したう,to yearn for; to long for,1
従って,したがって,therefore; consequently,1
下心,したごころ,secret intention; ulterior motive,1
親しむ,したしむ,to be intimate with; to befriend,1
下調べ,したしらべ,preliminary investigation; preliminary inquiry,1
下地,したじ,groundwork; foundation,1
認める,したためる,to write (e.g. a letter); to draw up (a document),1
仕立てる,したてる,to tailor; to make (clothing),1
下取り,したどり,trade-in; part exchange,1
下火,したび,burning low; waning,1
失格,しっかく,disqualification; elimination,1
確り,しっかり,tightly (holding on); firmly,1
質素,しっそ,simple; plain,1
失調,しっちょう,lack of harmony; lack of balance,1
嫉妬,しっと,jealousy; envy,1
尻尾,しっぽ,tail (of an animal); tail end,1
室,しつ,room; wife (of someone of high rank),1
質疑,しつぎ,question; interpellation,1
躾,しつけ,discipline; training,1
仕付ける,しつける,to be used to; to get accustomed to,1
指摘,してき,pointing out; identification,1
視点,してん,point of view; viewpoint,1
萎びる,しなびる,"to shrivel (e.g. cut vegetables, skin); to wilt",1
嫋か,しなやか,supple; flexible,1
屎尿,しにょう,excreta; raw sewage,1
凌ぐ,しのぐ,to endure; to keep out (e.g. rain),1
始発,しはつ,first departure (of the day); first train,1
芝,しば,lawn; sod,1
屡,しばしば,often; again and again,1
暫く,しばらく,for a moment; for a minute,1
痺れる,しびれる,to become numb; to go to sleep (e.g. a limb),1
渋い,しぶい,astringent; bitter,1
私物,しぶつ,private property; personal belongings,1
しぶとい,しぶとい,tenacious; tough,1
司法,しほう,administration of justice; judicature,1
脂肪,しぼう,fat; grease,1
志望,しぼう,wish; desire,1
萎む,しぼむ,"to wither (of flowers, dreams, etc.); to wilt",1
仕舞,しまい,ending; quitting,1
仕舞う,しまう,to finish; to stop,1
しまった,しまった,darn it!; darn!,1
始末,しまつ,management; dealing with,1
泌み泌み,しみじみ,keenly; deeply,1
染みる,しみる,to soak (into); to permeate,1
使命,しめい,mission; errand,1
締め切り,しめきり,deadline; closing,1
僕,しもべ,I; me,1
社交,しゃこう,social life; social intercourse,1
謝絶,しゃぜつ,refusal; declining,1
社宅,しゃたく,company housing; housing provided by one's company,1
吃逆,しゃっくり,hiccup; hiccough,1
喋る,しゃべる,to talk; to chat,1
斜面,しゃめん,slope; slanting surface,1
洒落,しゃらく,impertinent; fresh,1
洒落る,しゃれる,to dress stylishly; to joke,1
視野,しや,field of vision; view,1
種,しゅ,cause; seed,1
衆,しゅう,great numbers (of people); numerical superiority,1
周,しゅう,counter for laps or circuits; perimeter,1
収益,しゅうえき,earnings; proceeds,1
修学,しゅうがく,learning,1
周期,しゅうき,cycle; period,1
衆議院,しゅうぎいん,House of Representatives (lower house of the National Diet of Japan),1
就業,しゅうぎょう,employment; starting work,1
修行,しゅうぎょう,training; practice,1
集計,しゅうけい,totalization; totalisation,1
襲撃,しゅうげき,(surprise) attack; assault,1
収支,しゅうし,income and expenditure,1
終始,しゅうし,beginning and end; doing something from beginning to end,1
修士,しゅうし,master's (degree),1
収集,しゅうしゅう,collecting; accumulating,1
修飾,しゅうしょく,ornamentation; embellishment,1
終日,しゅうじつ,for the whole day; all day,1
執着,しゅうじゃく,attachment; adhesion,1
収容,しゅうよう,accommodation; taking in,1
修了,しゅうりょう,completion (of a course),1
守衛,しゅえい,(security) guard; caretaker,1
主演,しゅえん,"starring (in a film, play, etc.); playing the leading part",1
主観,しゅかん,subjectivity; subject (philosophical),1
祝賀,しゅくが,celebration; congratulations,1
宿命,しゅくめい,fate; destiny,1
主権,しゅけん,sovereignty; supremacy,1
手芸,しゅげい,handicrafts,1
主催,しゅさい,sponsorship (i.e. conducting under one's auspices); promotion,1
取材,しゅざい,"gathering material (for an article, novel, etc.); collecting information",1
趣旨,しゅし,meaning; point (e.g. of a statement),1
主食,しゅしょく,staple food,1
主人公,しゅじんこう,protagonist; main character,1
主体,しゅたい,Juche (North Korean political ideology); self-reliance,1
主題,しゅだい,subject; theme,1
出血,しゅっけつ,bleeding; haemorrhage,1
出産,しゅっさん,childbirth; (giving) birth,1
出社,しゅっしゃ,going to work (e.g. in the morning); coming to work,1
出生,しゅっしょう,birth,1
出世,しゅっせ,success in life; getting ahead,1
出費,しゅっぴ,expenses; disbursements,1
出品,しゅっぴん,exhibiting; showing,1
出演,しゅつえん,"appearance (in a film, play, TV show, etc.); performance",1
出題,しゅつだい,"setting a question (for an exam, quiz, etc.); setting a theme (for composition of poetry)",1
出動,しゅつどう,mobilization; going into action,1
主導,しゅどう,leadership; initiative,1
主任,しゅにん,person in charge; senior staff,1
首脳,しゅのう,head; leader,1
守備,しゅび,defense; defence,1
手法,しゅほう,technique; method,1
私有,しゆう,private ownership,1
諸,しょ,both; many,1
背負う,しょう,to carry on one's back; to be burdened with,1
象,しょう,form; shape,1
症,しょう,illness; condition,1
傷,しょう,wound; injury,1
商,しょう,quotient; business,1
消去,しょうきょ,erasure; deletion,1
衝撃,しょうげき,impact; shock,1
証言,しょうげん,testimony; (verbal) evidence,1
証拠,しょうこ,evidence; proof,1
消耗,しょうこう,exhaustion; consumption,1
照合,しょうごう,check (against); collation (with),1
詳細,しょうさい,details; particulars,1
昇進,しょうしん,promotion; advancement,1
少数,しょうすう,small number; few,1
称する,しょうする,to call; to name,1
消息,しょうそく,news (from someone); letter,1
承諾,しょうだく,consent; approval,1
象徴,しょうちょう,symbol (of something abstract); emblem,1
小児科,しょうにか,pediatrics,1
証人,しょうにん,witness,1
照明,しょうめい,illumination; lighting,1
勝利,しょうり,victory; triumph,1
奨励,しょうれい,encouragement; promotion,1
職員,しょくいん,staff member; employee,1
植民地,しょくみんち,colony; (Japanese) settlement (in Brazil),1
職務,しょくむ,professional duties,1
諸君,しょくん,you (people); gentlemen,1
所在,しょざい,location (of); position,1
所々,しょしょ,here and there; in places,1
所持,しょじ,possession; having (on one's person),1
所属,しょぞく,"belonging to (a group, organization, etc.); affiliation (with)",1
処置,しょち,measure; step,1
しょっちゅう,しょっちゅう,always; all the time,1
所定,しょてい,prescribed; designated,1
所得,しょとく,income; earnings,1
初版,しょはん,first edition,1
処罰,しょばつ,punishment; penalty,1
書評,しょひょう,book review,1
処分,しょぶん,disposal; throwing away,1
庶民,しょみん,common people; ordinary people,1
庶務,しょむ,general affairs,1
私用,しよう,personal use; private use,1
仕様,しよう,way; method,1
使用人,しようにん,employee; servant,1
調べ,しらべ,investigation; inspection,1
知り合い,しりあい,acquaintance,1
退く,しりぞく,to step aside; to move (out of the way),1
退ける,しりぞける,"to put something out of the way; to move (something, someone) aside",1
記す,しるす,to write down; to note down,1
指令,しれい,order; directive,1
代,しろ,substitution; material,1
皺,しわ,bumpy texture of a material (esp. woven fabric); creases in an eboshi hat,1
新,しん,new; unused,1
進化,しんか,evolution; becoming more advanced,1
殿,しんがり,hall; rear,1
審議,しんぎ,deliberation; discussion,1
進行,しんこう,moving forward (e.g. of a vehicle); onward movement,1
新興,しんこう,rising; developing,1
振興,しんこう,promotion; encouragement,1
申告,しんこく,report; return (e.g. tax),1
新婚,しんこん,newly-wed; newly married,1
審査,しんさ,judging; inspection,1
紳士,しんし,gentleman,1
進出,しんしゅつ,"advance (into a new market, industry, etc.); expansion (into)",1
信者,しんじゃ,believer; adherent,1
真珠,しんじゅ,pearl,1
心中,しんじゅう,double suicide; lovers' suicide,1
心情,しんじょう,sentiment; emotions,1
新人,しんじん,newcomer; new figure,1
神聖,しんせい,holiness; sacredness,1
親善,しんぜん,friendship; goodwill,1
真相,しんそう,truth; real situation,1
新築,しんちく,new building; new construction,1
進呈,しんてい,presentation (e.g. of a gift),1
進展,しんてん,progress; development,1
神殿,しんでん,temple; shrine,1
進度,しんど,progress,1
振動,しんどう,oscillation; vibration,1
新入生,しんにゅうせい,new student; freshman,1
信任,しんにん,trust; confidence,1
審判,しんばん,judgement; judgment,1
神秘,しんぴ,mystery; mysteriousness,1
辛抱,しんぼう,patience; endurance,1
真理,しんり,truth,1
侵略,しんりゃく,invasion (e.g. of a country); raid,1
診療,しんりょう,diagnosis and treatment; medical care,1
進路,しんろ,route; course,1
自覚,じかく,self-consciousness; self-awareness,1
地方,じかた,person in charge of music (in a Japanese dance performance); person singing ballads (in noh),1
自我,じが,ego; self,1
磁気,じき,magnetism,1
磁器,じき,porcelain; china,1
事業,じぎょう,business; enterprise,1
地形,じぎょう,terrain; geographical features,1
軸,じく,axis; shaft,1
自己,じこ,self; oneself,1
事項,じこう,matter; item,1
時刻表,じこくひょう,timetable; schedule,1
地獄,じごく,hell realm; Naraka,1
時差,じさ,time difference,1
自在,じざい,being able to do as one pleases; doing at will,1
自主,じしゅ,independence; autonomy,1
自首,じしゅ,surrender (to the authorities); giving oneself up,1
辞職,じしょく,resignation,1
自信,じしん,self-confidence; confidence (in oneself),1
事前,じぜん,prior; beforehand,1
自尊心,じそんしん,self-esteem; self-respect,1
持続,じぞく,continuation; persisting,1
字体,じたい,"form of a character (e.g. simplified, traditional); type",1
辞退,じたい,declining; refusal,1
じっくり,じっくり,(slowly and) carefully; without haste,1
実質,じっしつ,substance; essence,1
実践,じっせん,practice; putting into practice,1
実態,じったい,true state; actual condition,1
実費,じっぴ,actual expenses; out-of-pocket expenses,1
十分,じっぷん,ten minutes; enough,1
実,じつ,seed (of a fruit); pit,1
実業家,じつぎょうか,businessperson; businessman,1
実情,じつじょう,real condition; actual circumstances,1
自転,じてん,rotation (on an axis); rotation (under its own power),1
自動詞,じどうし,intransitive verb,1
地主,じぬし,landowner; landlord,1
耳鼻科,じびか,"otolaryngology; ear, nose, and throat department",1
地元,じもと,home area; home town,1
弱,じゃく,a little less than; a little under,1
若干,じゃっかん,some; few,1
砂利,じゃり,gravel; ballast,1
じゃん拳,じゃんけん,rock-paper-scissors (game); janken,1
住,じゅう,dwelling; living,1
従業員,じゅうぎょういん,employee; worker,1
従事,じゅうじ,engaging in (work); pursuing (e.g. studies),1
充実,じゅうじつ,fullness; completeness,1
十字路,じゅうじろ,crossroads; intersection,1
絨毯,じゅうたん,carpet; rug,1
柔軟,じゅうなん,flexible; lithe,1
重複,じゅうふく,duplication; repetition,1
重宝,じゅうほう,convenient; useful,1
従来,じゅうらい,up to now; so far,1
塾,じゅく,cram school; private tutoring school,1
樹木,じゅもく,tree; trees and shrubs,1
樹立,じゅりつ,establishment; founding,1
準急,じゅんきゅう,semi-express train; local express train,1
準じる,じゅんじる,"to follow (a rule, precedent, etc.); to conform to (the law, standards, etc.)",1
準ずる,じゅんずる,"to follow (a rule, precedent, etc.); to conform to (the law, standards, etc.)",1
助,じょ,help; rescue,1
情,じょう,feelings; emotion,1
畳,じょう,folding paper-case; kimono wrapping paper,1
尉,じょう,inspector (third highest of the four administrative ranks of the ritsuryō system); old man,1
嬢,じょう,unmarried woman; Miss,1
状,じょう,form; shape,1
上位,じょうい,superior (in rank); top,1
上演,じょうえん,"performance (of a play, opera, etc.); staging",1
城下,じょうか,land near a castle; castle town,1
乗客,じょうかく,passenger,1
上空,じょうくう,sky; the skies,1
上司,じょうし,(one's) superior; (one's) boss,1
情緒,じょうしょ,emotion; feeling,1
上昇,じょうしょう,rising; ascending,1
情勢,じょうせい,state of things; state of affairs,1
情熱,じょうねつ,passion; enthusiasm,1
丈夫,じょうふ,healthy; robust,1
譲歩,じょうほ,concession; conciliation,1
条約,じょうやく,treaty; pact,1
上陸,じょうりく,landing; going ashore,1
蒸留,じょうりゅう,distillation,1
除外,じょがい,exception; exclusion,1
助言,じょげん,advice; counsel,1
徐行,じょこう,going slowly (esp. to enable a vehicle to stop immediately); going at a reduced speed,1
女史,じょし,"lady (of high social status; e.g. scholar, artist, critic, politician); Ms",1
助詞,じょし,particle,1
助動詞,じょどうし,inflecting dependent word (in Japanese); bound auxiliary,1
自立,じりつ,independence; self-reliance,1
人,じん,counter for people; -ian (e.g. Italian),1
人格,じんかく,personality; character,1
人材,じんざい,capable person; talented person,1
迅速,じんそく,(very) quick; rapid,1
人体,じんたい,human body; personal appearance,1
人民,じんみん,imperial subjects; the people,1
人目,じんもく,(public) notice; attention,1
水気,すいき,water content; moisture,1
水源,すいげん,source of river; fountainhead,1
推進,すいしん,propulsion; drive,1
水洗,すいせん,washing with water; rinsing,1
吹奏,すいそう,playing (a wind instrument); blowing,1
推測,すいそく,guess; conjecture,1
水田,すいでん,(water-filled) paddy field,1
推理,すいり,reasoning; inference,1
数詞,すうし,numeral,1
崇拝,すうはい,worship; adoration,1
据え付ける,すえつける,to install; to equip,1
据える,すえる,to place (in position); to fix,1
清々しい,すがすがしい,"refreshing (e.g. feeling, scene, wind, morning air); brisk",1
過ぎ,すぎ,past; after,1
救い,すくい,help; rescue,1
掬う,すくう,to scoop; to ladle out,1
少なくとも,すくなくとも,at least,1
直ぐ,すぐ,immediately; at once,1
健やか,すこやか,vigorous; healthy,1
濯ぐ,すすぐ,to rinse; to wash out,1
進み,すすみ,progress,1
勧め,すすめ,recommendation; advice,1
裾,すそ,hem; (trouser) cuff,1
廃れる,すたれる,to go out of use; to become obsolete,1
酸っぱい,すっぱい,sour; acid,1
素敵,すてき,lovely; wonderful,1
即ち,すなわち,that is (to say); namely,1
すばしこい,すばしこい,quick; nimble,1
素早い,すばやい,quick; swift,1
済ます,すます,to finish; to get it over with,1
澄ます,すます,to clear; to make clear,1
済まない,すまない,inexcusable; unjustifiable,1
済みません,すみません,excuse me; pardon me,1
天皇,すめらぎ,Emperor of Japan,1
刷り,すり,printing,1
剃る,する,to shave,1
擦れ違い,すれちがい,passing each other; missing (meeting) each other,1
すれ違う,すれちがう,to pass (by) each other; to brush past,1
擦れる,すれる,to be rubbed; to get blurred,1
すんなり,すんなり,slim; slender,1
図々しい,ずうずうしい,impudent; shameless,1
ずばり,ずばり,decisively; decidedly,1
ずぶ濡れ,ずぶぬれ,dripping wet; soaked,1
ずらっと,ずらっと,in a line; in a row,1
ずるずる,ずるずる,(dragging a large or heavy item) slowly; (falling) little by little,1
ずれ,ずれ,gap; lag,1
ずれる,ずれる,to slide; to slip off,1
制,せい,system; organization,1
製,せい,make; manufacture,1
生育,せいいく,birth and growth; giving birth and raising,1
成果,せいか,(good) result; outcome,1
正解,せいかい,correct answer; right solution,1
正規,せいき,regular; normal,1
正義,せいぎ,justice; right,1
生計,せいけい,livelihood; living,1
政権,せいけん,(political) administration; political power,1
精巧,せいこう,elaborate; delicate,1
制裁,せいさい,sanctions; punishment,1
政策,せいさく,political measures; policy,1
清算,せいさん,(financial) settlement; squaring accounts,1
星座,せいざ,constellation; astrological sign,1
生死,せいし,life and death; life or death,1
静止,せいし,stillness; rest,1
青春,せいしゅん,youth; adolescence,1
聖書,せいしょ,Bible; the Scriptures,1
誠実,せいじつ,sincere; honest,1
成熟,せいじゅく,maturity; ripeness,1
清純,せいじゅん,purity; innocence,1
正常,せいじょう,normal; regular,1
制する,せいする,"to hold back (e.g. emotions); to rein in (e.g. a horse, unruly people)",1
整然,せいぜん,orderly; regular,1
盛装,せいそう,dressing up in fine clothes; splendid clothes,1
盛大,せいだい,grand; magnificent,1
清濁,せいだく,good and evil; purity and impurity,1
制定,せいてい,enactment; establishment,1
静的,せいてき,static,1
製鉄,せいてつ,iron manufacture,1
晴天,せいてん,fine weather (i.e. little or no clouds); fair weather,1
正当,せいとう,just; justifiable,1
成年,せいねん,adult age; majority,1
制服,せいふく,uniform,1
征服,せいふく,conquest; subjugation,1
製法,せいほう,manufacturing method; recipe,1
精密,せいみつ,precise; exact,1
声明,せいめい,sabdavidya (ancient Indian linguistic and grammatical studies); chanting of Buddhist hymns (usu. in Sanskrit or Chinese),1
姓名,せいめい,(full) name; family name and given name,1
制約,せいやく,limitation; restriction,1
生理,せいり,physiology; menstruation,1
勢力,せいりょく,influence; power,1
整列,せいれつ,standing in a row; forming a line,1
急かす,せかす,to hurry (up); to urge on,1
伜,せがれ,son; punk,1
責務,せきむ,duty; obligation,1
世辞,せじ,flattery; compliment,1
世帯,せたい,household; home,1
世代,せだい,generation,1
切開,せっかい,incision; operation,1
接触,せっしょく,touch; contact,1
設置,せっち,establishment; institution,1
折衷,せっちゅう,compromise; cross,1
設定,せってい,establishment; creation,1
説得,せっとく,persuasion,1
節,せつ,"space between two nodes (on bamboo, etc.); season",1
切実,せつじつ,earnest; sincere,1
接続詞,せつぞくし,conjunction,1
切ない,せつない,painful; heartrending,1
設立,せつりつ,establishment; founding,1
攻め,せめ,attack; offence,1
世論,せろん,public opinion; popular voice,1
仙,せん,hermit; wizard,1
前,せん,point; tip,1
繊維,せんい,fibre; fiber,1
選挙,せんきょ,election,1
宣教,せんきょう,religious mission; religious proclamation,1
宣言,せんげん,declaration; proclamation,1
先行,せんこう,going ahead; going first,1
選考,せんこう,selection; choice,1
戦災,せんさい,war damage,1
専修,せんしゅう,specialization; specialisation,1
戦術,せんじゅつ,tactics,1
潜水,せんすい,diving; submerging,1
先先月,せんせんげつ,month before last,1
先先週,せんせんしゅう,week before last,1
先代,せんだい,previous generation (of a family); previous head of the family,1
先だって,せんだって,the other day; some time ago,1
先着,せんちゃく,arriving first,1
先天的,せんてんてき,inborn; innate,1
戦闘,せんとう,battle; fight,1
潜入,せんにゅう,infiltration; sneaking in,1
船舶,せんぱく,vessel; ship,1
専用,せんよう,(one's) exclusive use; private use,1
占領,せんりょう,occupying; having (an area) all to oneself,1
戦力,せんりょく,war potential; military strength,1
税務署,ぜいむしょ,tax office,1
是正,ぜせい,correction; revision,1
絶版,ぜっぱん,out of print,1
絶望,ぜつぼう,despair; hopelessness,1
是非とも,ぜひとも,by all means; at all costs,1
膳,ぜん,small dining table (usu. for a single person); serving tray (with legs),1
禅,ぜん,dhyana (profound meditation); Zen (Buddhism),1
全快,ぜんかい,complete recovery of health,1
全盛,ぜんせい,height of prosperity,1
前提,ぜんてい,condition; assumption,1
前途,ぜんと,future; prospects,1
全滅,ぜんめつ,total destruction; complete destruction,1
善良,ぜんりょう,"good (person, nature, etc.); good-natured",1
前例,ぜんれい,precedent,1
僧,そう,monk; priest,1
沿う,そう,to run along; to run beside,1
添う,そう,"to meet (wishes, expectations, etc.); to satisfy",1
総,そう,whole; total,1
相応,そうおう,suitable; appropriate,1
総会,そうかい,general meeting,1
創刊,そうかん,"foundation (of a newspaper, magazine, etc.); starting",1
送金,そうきん,remittance; sending money,1
走行,そうこう,"running (of a car, bus, etc.); traveling",1
総合,そうごう,synthesis; combination,1
捜査,そうさ,search (esp. in criminal investigations); investigation,1
捜索,そうさく,search (esp. for someone or something missing); manhunt,1
然うして,そうして,and; like that,1
装飾,そうしょく,ornament; decoration,1
操縦,そうじゅう,steering; piloting,1
創造,そうぞう,creation; Creation (by God),1
壮大,そうだい,magnificent; grand,1
騒動,そうどう,riot; rebellion,1
遭難,そうなん,(meeting with) disaster; (having an) accident,1
相場,そうば,market price; speculation (e.g. on stocks),1
装備,そうび,equipment,1
創立,そうりつ,establishment; founding,1
添える,そえる,to garnish; to accompany (as a card does a gift),1
即座に,そくざに,immediately; right away,1
促進,そくしん,promotion; acceleration,1
即する,そくする,to conform to; to agree with,1
束縛,そくばく,restraint; restriction,1
側面,そくめん,side; flank,1
其処,そこ,there (place relatively near listener); there (place just mentioned),1
其処で,そこで,so; accordingly,1
損なう,そこなう,to harm; to hurt,1
其処ら,そこら,around there; that area,1
素材,そざい,ingredient; (raw) material,1
阻止,そし,obstruction; prevention,1
然して,そして,and; and then,1
訴訟,そしょう,lawsuit; suit,1
育ち,そだち,growth; breeding,1
措置,そち,measure; step,1
其方,そちら,that way; that direction,1
素っ気ない,そっけない,cold; short,1
率直,そっちょく,frank; candid,1
外方,そっぽ,the other way; outsider,1
備え付ける,そなえつける,to provide; to furnish,1
備わる,そなわる,to be furnished with; to be provided with,1
園,その,garden; orchard,1
その上,そのうえ,in addition; furthermore,1
その内,そのうち,before very long; soon,1
その為,そのため,hence; for that reason,1
その外,そのほか,the rest; the others,1
其の儘,そのまま,without change; as is,1
聳える,そびえる,"to rise (of a building, mountain, etc.); to tower",1
素朴,そぼく,simple; artless,1
染まる,そまる,to be dyed; to be tainted,1
背く,そむく,to run counter to; to go against,1
染める,そめる,to dye; to colour,1
逸らす,そらす,"to turn away (one's eyes, face, etc.); to avert",1
反り,そり,turning over; flipping over,1
其れ,それ,that; it,1
其れから,それから,and then; after that,1
各々,それぞれ,each; you (plural),1
其れで,それで,so; therefore,1
其れでは,それでは,"well, ...; right, ...",1
其れでも,それでも,but (still); and yet,1
其れ共,それとも,or; or else,1
其れに,それに,besides; in addition,1
其れ程,それほど,to that degree; to that extent,1
其れ故,それゆえ,therefore; for that reason,1
揃い,そろい,set; suit,1
徐々,そろそろ,slow; gradual,1
損失,そんしつ,"loss (of assets, profit, etc.)",1
存続,そんぞく,continuance; survival,1
沿い,ぞい,"along (a river, coast, railway, etc.); on (e.g. a street)",1
像,ぞう,image; figure,1
増強,ぞうきょう,reinforcement; augmentation,1
蔵相,ぞうしょう,Minister of Finance,1
増進,ぞうしん,promoting; increase,1
ぞんざい,ぞんざい,rough; careless,1
他意,たい,other intention; hidden purpose,1
対応,たいおう,correspondence (to); equivalence,1
退化,たいか,degeneration; retrogression,1
体格,たいかく,build; physique,1
大概,たいがい,generally; mainly,1
退学,たいがく,dropping out of school; withdrawal from school,1
大金,たいきん,large amount of money; great cost,1
待遇,たいぐう,treatment; reception,1
対決,たいけつ,confrontation; showdown,1
体験,たいけん,(practical) experience; personal experience,1
対抗,たいこう,opposition; rivalry,1
対して,たいして,for; in regard to,1
大衆,たいしゅう,general public; the masses,1
対処,たいしょ,dealing with; coping with,1
退職,たいしょく,retirement; resignation,1
退治,たいじ,extermination; elimination,1
態勢,たいせい,attitude; posture,1
対談,たいだん,talk; dialogue,1
対等,たいとう,equality (esp. of status); equal footing,1
滞納,たいのう,falling behind (with a payment); being in arrears,1
対比,たいひ,contrast; juxtaposition,1
大部,たいぶ,"lengthy (of a book, etc.); voluminous",1
対辺,たいへん,opposite side,1
待望,たいぼう,waiting expectantly; waiting eagerly,1
怠慢,たいまん,negligence; neglect,1
対面,たいめん,opposite player; opposite side,1
体力,たいりょく,physical strength; power,1
対話,たいわ,dialogue; conversation,1
耐える,たえる,to bear; to stand,1
絶える,たえる,to die out; to peter out,1
堪える,たえる,to bear; to stand,1
高,たか,high; high school,1
高まる,たかまる,to rise; to swell,1
焚火,たきび,open-air fire (e.g. for garden refuse); bonfire,1
沢山,たくさん,enough; too many,1
逞しい,たくましい,burly; strong,1
巧み,たくみ,skillful; adroit,1
類,たぐい,kind; sort,1
丈,たけ,only; just,1
足し算,たしざん,addition,1
多数決,たすうけつ,majority decision; majority vote,1
助け,たすけ,assistance; help,1
携わる,たずさわる,to engage in; to participate in,1
漂う,ただよう,to drift; to float,1
館,たち,inn; mansion,1
立方,たちかた,way of standing; dancer (in a Japanese dance performance),1
忽ち,たちまち,in an instant; in a moment,1
立ち寄る,たちよる,to drop in (at); to drop by,1
達者,たっしゃ,in good health; healthy,1
達成,たっせい,achievement; attainment,1
たった,たった,only; merely,1
尊い,たっとい,precious; valuable,1
貴い,たっとい,precious; valuable,1
尊ぶ,たっとぶ,to value; to prize,1
絶つ,たつ,to sever; to cut off,1
盾,たて,shield; buckler,1
建前,たてまえ,face; official stance,1
奉る,たてまつる,to offer; to present,1
例え,たとえ,example; simile,1
仮令,たとえ,even if; no matter (what),1
他動詞,たどうし,transitive verb,1
辿り着く,たどりつく,to (finally) arrive at; to reach (at last),1
辿る,たどる,"to follow (a road, path, etc.); to trace",1
掌,たなごころ,palm (of the hand),1
楽しむ,たのしむ,to enjoy; to take pleasure in,1
頼み,たのみ,depending on; dependent upon,1
煙草,たばこ,tobacco; cigarette,1
度々,たびたび,often; again and again,1
他方,たほう,one (esp. of two); the other,1
多忙,たぼう,being very busy; busyness,1
給う,たまう,to give; to do ...,1
偶に,たまに,occasionally; once in a while,1
堪らない,たまらない,intolerable; unbearable,1
溜まり,たまり,pile; pool,1
賜る,たまわる,to be given; to be granted,1
例,ためし,precedent; example,1
躊躇う,ためらう,to hesitate; to waver,1
保つ,たもつ,to keep; to preserve,1
容易い,たやすい,easy; simple,1
多様,たよう,diverse; various,1
弛み,たるみ,slack; looseness,1
弛む,たるむ,to become loose; to slacken (e.g. rope),1
誰,たれ,who,1
垂れる,たれる,to droop; to hang down,1
歎,たん,sigh; grief,1
反,たん,variable measure of fabric (28.8 cm in width); for kimonos: at least 10 m in length,1
単一,たんいつ,D battery; D cell,1
短歌,たんか,tanka,1
担架,たんか,stretcher; litter,1
短気,たんき,short temper; quick temper,1
探検,たんけん,exploration; expedition,1
短縮,たんしゅく,shortening; contraction,1
箪笥,たんす,chest of drawers; bureau,1
炭素,たんそ,carbon (C),1
短大,たんだい,junior college,1
単調,たんちょう,monotony; monotone,1
単独,たんどく,sole; single,1
短波,たんぱ,short wave,1
蛋白質,たんぱくしつ,protein,1
第,だい,prefix for forming ordinal numbers,1
第一,だいいち,first; foremost,1
大胆,だいたん,bold; daring,1
台無し,だいなし,spoiled; spoilt,1
大便,だいべん,feces; faeces,1
代弁,だいべん,speaking by proxy; speaking for (someone else),1
台本,だいほん,script; libretto,1
代用,だいよう,substitution,1
打開,だかい,break in the deadlock,1
妥協,だきょう,compromise; giving in,1
丈,だけ,only; just,1
妥結,だけつ,settlement; an agreement,1
打撃,だげき,blow; shock,1
駄作,ださく,poor piece of work; rubbish,1
脱出,だっしゅつ,escape; getting away (from),1
脱する,だっする,to escape from; to get out,1
脱退,だったい,withdrawal (e.g. from an organization); secession,1
だぶだぶ,だぶだぶ,loose (of clothing); baggy,1
騙す,だます,to trick; to cheat,1
だらけ,だらけ,full of (e.g. mistakes); riddled with,1
怠い,だるい,sluggish; languid,1
壇,だん,platform; podium,1
団結,だんけつ,unity; union,1
断言,だんげん,assertion; declaration,1
断然,だんぜん,firmly; flatly,1
段々,だんだん,notches; serration,1
旦那,だんな,"master (of a house, shop, etc.); husband",1
断面,だんめん,section; cross section,1
弾力,だんりょく,elasticity; flexibility,1
治安,ちあん,Jian era (1021.2.2-1024.7.13); public order,1
近付く,ちかづく,to approach; to draw near,1
違える,ちがえる,to change; to alter,1
契る,ちぎる,to pledge; to vow,1
畜産,ちくさん,animal husbandry; livestock industry,1
畜生,ちくしょう,damn it; damn,1
蓄積,ちくせき,accumulation; accumulate,1
知性,ちせい,intelligence,1
乳,ちち,milk; breast,1
父母,ちちはは,father and mother; parents,1
縮まる,ちぢまる,to shorten; to narrow,1
窒息,ちっそく,suffocation; choking,1
些とも,ちっとも,(not) at all; (not) a bit,1
秩序,ちつじょ,order; discipline,1
知的,ちてき,intellectual,1
著,ちゃく,(written) work; book,1
着,ちゃく,clothes; outfit,1
着手,ちゃくしゅ,starting work (on); setting to work (on),1
着色,ちゃくしょく,colouring; coloring,1
着席,ちゃくせき,taking a seat; sitting down (in one's seat),1
着目,ちゃくもく,attention; giving one's attention,1
着陸,ちゃくりく,landing; alighting,1
着工,ちゃっこう,starting (construction) work,1
茶の間,ちゃのま,(Japanese-style) living room,1
茶の湯,ちゃのゆ,tea ceremony; chanoyu,1
ちやほや,ちやほや,to make a fuss over; to pamper,1
昼間,ちゅうかん,daytime; during the day,1
宙返り,ちゅうがえり,somersault; looping-the-loop,1
中継,ちゅうけい,relay; hook-up,1
忠告,ちゅうこく,advice; warning,1
中指,ちゅうし,middle finger; long finger,1
中傷,ちゅうしょう,slander; libel,1
忠実,ちゅうじつ,diligent; hardworking,1
中枢,ちゅうすう,centre; center,1
抽選,ちゅうせん,lottery; raffle,1
中断,ちゅうだん,interruption; suspension,1
中腹,ちゅうっぱら,halfway up (down) a mountain; mountainside,1
中毒,ちゅうどく,poisoning; addiction,1
仲人,ちゅうにん,go-between; matchmaker,1
昼飯,ちゅうはん,lunch; midday meal,1
中立,ちゅうりつ,break between the light meal and the actual serving of tea (during a formal tea ceremony); neutrality,1
中和,ちゅうわ,neutralization; neutralisation,1
腸,ちょう,intestines; bowels,1
蝶,ちょう,butterfly,1
超,ちょう,super-; ultra-,1
庁,ちょう,government office; agency,1
調印,ちょういん,signature; signing,1
聴覚,ちょうかく,(sense of) hearing; auditory perception,1
長官,ちょうかん,director (highest of the four administrative positions of the ritsuryō system); chief,1
聴講,ちょうこう,lecture attendance; auditing,1
徴収,ちょうしゅう,"collection (of fees, taxes, etc.); levy",1
聴診器,ちょうしんき,stethoscope,1
挑戦,ちょうせん,challenge; defiance,1
長大,ちょうだい,long and large; tall and large,1
調停,ちょうてい,arbitration; conciliation,1
恰度,ちょうど,exactly; precisely,1
長編,ちょうへん,long work; (full-length) novel,1
丁目,ちょうめ,district of a town; city block (of irregular size),1
調理,ちょうり,cooking; food preparation,1
調和,ちょうわ,harmony; accord,1
ちょくちょく,ちょくちょく,often; frequently,1
直面,ちょくめん,performing without a mask; confrontation,1
著書,ちょしょ,(written) work; book,1
貯蓄,ちょちく,savings,1
直感,ちょっかん,intuition; instinct,1
一寸,ちょっと,"one sun (approx. 3 cm); little bit (of time, distance, etc.)",1
著名,ちょめい,famous; noted,1
ちらっと,ちらっと,at a glance; by accident,1
塵取り,ちりとり,dustpan,1
治療,ちりょう,(medical) treatment; care,1
賃金,ちんぎん,wages; pay,1
沈殿,ちんでん,precipitation; deposition,1
沈没,ちんぼつ,sinking; foundering,1
沈黙,ちんもく,silence; stillness,1
陳列,ちんれつ,exhibition; display,1
追及,ついきゅう,investigation (e.g. into someone's guilt); questioning,1
追跡,ついせき,chase; pursuit,1
次いで,ついで,next; secondly,1
追放,ついほう,exile; banishment,1
費やす,ついやす,to spend; to expend,1
墜落,ついらく,fall; crash (of an aircraft),1
通,つう,authority; expert,1
痛感,つうかん,feeling keenly; fully realizing,1
通常,つうじょう,usual; ordinary,1
痛切,つうせつ,keen; acute,1
杖,つえ,public caning (60-100 strokes; second least severe of the five ritsuryō punishments); cane,1
遣い,つかい,errand; mission,1
使い道,つかいみち,purpose; utility,1
仕える,つかえる,to serve; to work for,1
司る,つかさどる,to be in charge of; to manage,1
束の間,つかのま,moment; brief space of time,1
付き,つき,furnished with; including,1
付き合う,つきあう,to associate with; to keep company with,1
月並み,つきなみ,every month; trite,1
尽きる,つきる,to be used up; to be run out,1
継ぎ目,つぎめ,joint; seam,1
吐く,つく,to vomit; to throw up,1
尽くす,つくす,to use up; to exhaust,1
作り,つくり,making; forming,1
造り,つくり,making; forming,1
造る,つくる,to make; to produce,1
繕う,つくろう,to mend; to patch up,1
接ぐ,つぐ,"to join (cloth, wood, etc.); to join",1
継ぐ,つぐ,"to succeed (a person, to a position, etc.); to inherit",1
付け加える,つけくわえる,"to add (one thing to another); to add (a few more words, an explanation, etc.)",1
告げる,つげる,to tell; to inform,1
辻褄,つじつま,coherence; consistency,1
途中,つちゅう,on the way; en route,1
突っ張る,つっぱる,to cramp up; to tighten,1
筒,つつ,counter for dot tiles; pipe,1
銃,つつ,gun; firearm,1
突く,つつく,to prick; to stab,1
慎む,つつしむ,to be careful; to be discreet,1
伝言,つてごと,(verbal) message; word (from someone),1
勤まる,つとまる,to be fit (for a role); to be qualified (for),1
勤め先,つとめさき,place of work,1
努めて,つとめて,as much as possible; as far as possible,1
津波,つなみ,tsunami; tidal wave,1
抓る,つねる,to pinch; to nip,1
募る,つのる,to become stronger; to grow in intensity,1
唾,つば,saliva; spit,1
呟く,つぶやく,to mutter; to murmur,1
瞑る,つぶる,to close (one's eyes); to shut,1
壷,つぼ,"hu (ancient Chinese vessel shaped like a vase, usually used to store alcohol); pot",1
蕾,つぼみ,(flower) bud; promising young person,1
躓く,つまずく,to trip (over); to stumble,1
摘む,つまむ,to pick; to pluck,1
詰らない,つまらない,dull; uninteresting,1
詰まり,つまり,that is to say; that is,1
積もり,つもり,intention; plan,1
露,つゆ,Russia; dew,1
強まる,つよまる,to get strong; to gain strength,1
強める,つよめる,to strengthen; to emphasize,1
連なる,つらなる,to extend; to stretch out,1
貫く,つらぬく,to go through; to pierce,1
連ねる,つらねる,to line up; to put in a row,1
釣り,つり,fishing; angling,1
吊り革,つりかわ,strap (to hang onto); hanging strap,1
釣鐘,つりがね,temple bell; hanging bell,1
吊るす,つるす,to hang; to hang up,1
手当て,てあて,salary; pay,1
体,てい,body; torso,1
提供,ていきょう,offer; tender,1
定義,ていぎ,definition,1
提携,ていけい,cooperation; tie-up,1
体裁,ていさい,(outward) appearance; (proper) format (e.g. of an essay),1
梯子,ていし,ladder; stairs,1
定食,ていしょく,set meal; special (of the day),1
提示,ていじ,"presentation (of a passport, ID, etc.); showing",1
訂正,ていせい,correction; revision,1
停滞,ていたい,stagnation; tie-up,1
邸宅,ていたく,(large) house; residence,1
定年,ていねん,(compulsory) retirement age; age limit,1
堤防,ていぼう,bank; weir,1
手遅れ,ておくれ,being too late; losing one's final chance,1
手数,てかず,trouble; bother,1
手掛かり,てがかり,clue; lead,1
手掛ける,てがける,to handle; to manage,1
手軽,てがる,easy; simple,1
的,てき,-ical; -ive,1
適応,てきおう,adaptation; accommodation,1
適宜,てきぎ,suitable; appropriate,1
適性,てきせい,aptitude; aptness,1
手際,てぎわ,skill; ability,1
手順,てじゅん,process; procedure,1
手錠,てじょう,handcuffs; manacles,1
手近,てぢか,near; close by,1
てっきり,てっきり,surely; certainly,1
鉄鋼,てっこう,iron and steel,1
徹する,てっする,to penetrate; to sink in,1
鉄片,てっぺん,iron scraps,1
手配,てはい,arrangement; preparations,1
手筈,てはず,arrangements; plan,1
手引き,てびき,guidance; lead,1
手本,てほん,model; (good) example,1
手回し,てまわし,turning by hand; hand-turned,1
手元,てもと,at hand; on hand,1
照り返す,てりかえす,to reflect; to throw back light,1
手分け,てわけ,division of work; sharing out the work,1
店,てん,merchant's home; rented home,1
点火,てんか,light; lamp,1
転回,てんかい,revolution; rotation,1
転換,てんかん,conversion; diversion,1
転居,てんきょ,moving; changing residence,1
転勤,てんきん,job transfer; job relocation,1
点検,てんけん,detailed inspection; thorough examination,1
転校,てんこう,changing schools,1
天国,てんごく,paradise; heaven,1
天才,てんさい,genius; prodigy,1
天災,てんさい,natural disaster; natural calamity,1
展示,てんじ,exhibition; display,1
天井,てんじょう,ceiling; ceiling price,1
転じる,てんじる,to turn; to shift,1
点線,てんせん,dotted line; perforated line,1
天体,てんたい,heavenly body; celestial body,1
転転,てんてん,moving from place to place; being passed around repeatedly,1
てんで,てんで,(not) at all; completely,1
転任,てんにん,change of post,1
展望,てんぼう,view; outlook,1
転落,てんらく,fall; tumble,1
出合う,であう,to meet (by chance); to come across,1
出入り口,でいりぐち,exit and entrance,1
でかい,でかい,huge; big,1
出来物,できもの,tumour; tumor,1
出切る,できる,to be out of; to have no more at hand,1
出くわす,でくわす,to happen to meet; to come across,1
出鱈目,でたらめ,nonsense; irresponsible remark,1
出直し,でなおし,starting from scratch; making a fresh start,1
田園,でんえん,the country; countryside,1
電源,でんげん,source of electricity; electrical power,1
伝説,でんせつ,legend; folklore,1
電線,でんせん,electric line; electric cable,1
伝達,でんたつ,"transmission (e.g. news, chemical signals, electricity); communication",1
伝来,でんらい,introduction (from abroad); transmission (through successive generations),1
と,と,if; when,1
問い合わせる,といあわせる,to enquire; to inquire,1
問屋,といや,wholesale store; wholesale dealer,1
問う,とう,to ask; to inquire,1
棟,とう,large building; building with a long roof,1
等,とう,pluralizing suffix; or so,1
陶器,とうき,pottery; earthenware,1
等級,とうきゅう,grade; class,1
討議,とうぎ,debate; discussion,1
登校,とうこう,attendance (at school); going to school,1
統合,とうごう,integration; unification,1
倒産,とうさん,(corporate) bankruptcy; insolvency,1
投資,とうし,investment,1
統治,とうじ,rule; reign,1
統制,とうせい,regulation; control,1
当選,とうせん,"being elected; winning a prize (in a lottery, raffle, etc.)",1
逃走,とうそう,flight; desertion,1
統率,とうそつ,command; lead,1
到達,とうたつ,reaching; attaining,1
到底,とうてい,(cannot) possibly; (not) by any means,1
丁々,とうとう,with a chopping sound (of an axe); with a thump (when hammering a post into the ground),1
投入,とうにゅう,throwing in; inserting,1
当人,とうにん,the person concerned; the person in question,1
逃亡,とうぼう,escape; flight,1
冬眠,とうみん,hibernation; winter sleep,1
登録,とうろく,registration; accession,1
討論,とうろん,debate; discussion,1
遠ざかる,とおざかる,to go away; to become more distant,1
遠回り,とおまわり,detour; roundabout way,1
通りかかる,とおりかかる,to happen to pass by,1
兎角,とかく,(doing) various things; (doing) this and that,1
咎める,とがめる,to blame; to reproach,1
時折,ときおり,sometimes; at intervals,1
跡切れる,とぎれる,to break off; to come to an end,1
説く,とく,to explain; to preach,1
特技,とくぎ,special skill,1
特産,とくさん,being produced in a particular region; local specialty,1
特集,とくしゅう,feature (e.g. newspaper); special edition,1
得点,とくてん,scoring; score,1
特派,とくは,send specially; special envoy,1
特有,とくゆう,characteristic (of); peculiar (to),1
研ぐ,とぐ,to sharpen; to hone,1
刺,とげ,calling card; thorn,1
遂げる,とげる,to accomplish; to achieve,1
床,とこ,counter for beds; bed,1
所が,ところが,even so; however,1
所で,ところで,by the way; incidentally,1
年頃,としごろ,approximate age; apparent age,1
年寄り,としより,old person; elderly person,1
戸締り,とじまり,locking up (doors and windows); fastening the doors,1
途上,とじょう,on the way; en route,1
綴じる,とじる,to bind; to file,1
途絶える,とだえる,to stop; to cease,1
特許,とっきょ,patent; special permission,1
疾っくに,とっくに,long ago; a long time ago,1
特権,とっけん,privilege; special right,1
咄嗟,とっさ,moment; instant,1
取っ手,とって,handle; grip,1
突破,とっぱ,breaking through; breakthrough,1
突如,とつじょ,suddenly; all of a sudden,1
迚も,とても,very; awfully,1
整える,ととのえる,to put in order; to arrange,1
届け,とどけ,report; notification,1
滞る,とどこおる,to stagnate; to be delayed,1
止まる,とどまる,to remain; to abide,1
留める,とどめる,to stop; to turn off,1
止める,とどめる,to stop; to turn off,1
唱える,となえる,to recite; to chant,1
兎に角,とにかく,anyway; anyhow,1
殿様,とのさま,nobleman; dignitary,1
幕,とばり,curtain; act (in a play),1
帳,とばり,curtain; hanging,1
扉,とびら,door; gate,1
徒歩,とほ,foot soldier (Edo period); samurai on foot,1
乏しい,とぼしい,meagre; meager,1
富,とみ,riches; wealth,1
富む,とむ,to be rich (in); to abound (in),1
兎も角,ともかく,anyhow; anyway,1
共稼ぎ,ともかせぎ,(husband and wife) earning a living together,1
灯,ともしび,light (esp. as a religious offering); lamp,1
伴う,ともなう,to accompany; to go hand in hand with,1
共働き,ともばたらき,(husband and wife) both working; dual income,1
捕らえる,とらえる,to catch; to capture,1
取りあえず,とりあえず,first of all; at once,1
取り扱い,とりあつかい,treatment; service,1
取り扱う,とりあつかう,"to handle; to operate (a machine, etc.)",1
鳥居,とりい,torii (Shinto shrine archway),1
取り替え,とりかえ,swap; exchange,1
取り組む,とりくむ,to grapple with; to wrestle with,1
取り締まり,とりしまり,control; management,1
取り締まる,とりしまる,to manage; to control,1
取り調べる,とりしらべる,to investigate; to examine,1
取り立てる,とりたてる,to collect (debts); to dun,1
取り次ぐ,とりつぐ,"to pass on (a message, thoughts, etc.); to convey",1
取り除く,とりのぞく,to remove; to deinstall,1
取り引き,とりひき,transactions; dealings,1
取り巻く,とりまく,to surround; to encircle,1
取り混ぜる,とりまぜる,to mix; to put together,1
取り戻す,とりもどす,to take back; to get back,1
取り寄せる,とりよせる,to order; to send away for,1
取り分,とりわけ,one's share; one's portion,1
副,とりわけ,assistant; associate,1
蕩ける,とろける,to melt (and become soft or liquid); to be enchanted (by),1
とんだ,とんだ,unexpected; unlikely,1
胴,どう,trunk; torso,1
働,どう,"""as above"" mark; how",1
同,どう,the same; the said,1
同意,どうい,agreement; consent,1
動員,どういん,mobilization; mobilisation,1
同感,どうかん,same feeling; same sentiment,1
動機,どうき,motive; incentive,1
同級,どうきゅう,the same grade; same class,1
同居,どうきょ,living together; coexistence,1
動向,どうこう,trend; tendency,1
同士,どうし,fellow; mutual,1
同志,どうし,like-mindedness; (being of the) same mind,1
如何して,どうして,how; in what way,1
如何しても,どうしても,by all means; at any cost,1
同情,どうじょう,sympathy; compassion,1
道場,どうじょう,dojo; hall used for martial arts training,1
何卒,どうぞ,please; kindly,1
どうぞ宜しく,どうぞよろしく,pleased to meet you; how do you do,1
同調,どうちょう,conformity; alignment,1
動的,どうてき,dynamic; kinetic,1
同等,どうとう,equality; equal,1
堂々,どうどう,magnificent; grand,1
どうにか,どうにか,in some way or other; one way or another,1
導入,どうにゅう,introduction; bringing in,1
同封,どうふう,enclosing (e.g. with a letter),1
同盟,どうめい,alliance; union,1
どうやら,どうやら,possibly; apparently,1
動揺,どうよう,shaking; trembling,1
動力,どうりょく,power; motive power,1
独裁,どくさい,dictatorship; despotism,1
読者,どくしゃ,reader,1
独自,どくじ,original; unique,1
独占,どくせん,monopoly; monopolization,1
独創,どくそう,originality,1
何処,どこ,where; what place,1
何処か,どこか,somewhere; in some respects,1
土産,どさん,local specialty or souvenir bought as a gift while travelling; present brought by a visitor,1
土台,どだい,foundation; base,1
何方,どちら,which way; which direction,1
土手,どて,embankment; bank,1
何方,どなた,which way; which direction,1
怒鳴る,どなる,to shout (in anger); to yell,1
何の,どの,which; what (way),1
土俵,どひょう,(wrestling) ring; forum (e.g. for discussion),1
土木,どぼく,engineering works; civil engineering,1
何れ,どれ,which (of three or more); well,1
何々,どれどれ,what; so-and-so,1
度忘れ,どわすれ,lapse of memory; (something) slipping one's mind,1
鈍感,どんかん,thickheaded; insensitive,1
内閣,ないかく,cabinet (of a government); ministry,1
乃至,ないし,from ... to; between ... and,1
内臓,ないぞう,internal organs; viscera,1
内部,ないぶ,interior; inside,1
内乱,ないらん,civil war; insurrection,1
内陸,ないりく,inland,1
苗,なえ,Miao (people); Hmong,1
尚,なお,still; yet,1
尚更,なおさら,still more; even more,1
中程,なかほど,(about) middle; midway,1
流し,ながし,sink (e.g. in a kitchen); cruising (e.g. taxi),1
長々,ながなが,for a long time; at (great) length,1
殴る,なぐる,to strike; to hit,1
嘆く,なげく,to lament; to grieve,1
投げ出す,なげだす,to throw down; to throw out,1
和やか,なごやか,smiling; beaming,1
名残,なごり,remains; traces,1
情け,なさけ,pity; sympathy,1
情け深い,なさけぶかい,tender-hearted; compassionate,1
為さる,なさる,to do,1
詰る,なじる,to rebuke; to scold,1
何故,なぜ,why; how,1
何故なら,なぜなら,because; the reason is,1
名高い,なだかい,famous; noted,1
雪崩,なだれ,avalanche; snowslide,1
懐く,なつく,to become attached (to); to take (to),1
名付ける,なづける,to name; to call,1
何気ない,なにげない,casual; unconcerned,1
何しろ,なにしろ,in any case; at any rate,1
何卒,なにとぞ,please; kindly,1
何も,なにも,(not) anything; (nothing) at all,1
何より,なにより,above anything else; above all,1
七日,なぬか,7th day of the month; seven days,1
名札,なふだ,name plate; name tag,1
生臭い,なまぐさい,smelling of fish; fishy,1
生温い,なまぬるい,lukewarm; tepid,1
生身,なまみ,physical body of Buddha or a bodhisattva; body one is born with,1
鉛,なまり,lead (Pb),1
鈍る,なまる,to become blunt; to grow dull,1
並み,なみ,average; medium,1
滑らか,なめらか,smooth (of a surface); glassy,1
嘗める,なめる,to lick; to lap,1
悩ましい,なやましい,seductive; carnal,1
悩ます,なやます,to afflict; to torment,1
悩み,なやみ,trouble; troubles,1
平均,ならし,average; mean,1
慣らす,ならす,to accustom; to train (e.g. one's ear),1
馴らす,ならす,to accustom; to train (e.g. one's ear),1
並びに,ならびに,and (also); both ... and,1
成り立つ,なりたつ,to consist of; to be made up of,1
成る丈,なるたけ,as (much) as possible; as (much) as one can,1
成るべく,なるべく,as (much) as possible; as (much) as one can,1
慣れ,なれ,practice; experience,1
馴れ馴れしい,なれなれしい,overly familiar; overfamiliar,1
難,なん,difficulty; trouble,1
南,なん,south wind tile; winning hand with a pung (or kong) of south wind tiles,1
なんか,なんか,banknote; soft currency,1
何だか,なんだか,(a) little; somewhat,1
なんだかんだ,なんだかんだ,something or other; one thing or another,1
何て,なんて,how ...!; what ...!,1
何と,なんと,what; how,1
何となく,なんとなく,somehow; for some reason (or other),1
何とも,なんとも,really; very,1
何なり,なんなり,anything; whatever,1
荷,に,counter for loads (that can be carried on one's shoulders); load,1
似通う,にかよう,to resemble closely,1
面皰,にきび,pimple; acne,1
賑わう,にぎわう,to be crowded with people; to be bustling with,1
悪い,にくい,bad; poor,1
憎しみ,にくしみ,hatred,1
肉親,にくしん,blood relationship; blood relative,1
肉体,にくたい,the body; the flesh,1
逃げ出す,にげだす,to run away; to flee,1
西日,にしび,"Spanish-Japanese (dictionary, translation, etc.); westering sun",1
滲む,にじむ,to run (of liquid); to spread,1
日夜,にちや,day and night; around the clock,1
日当,にっとう,daily allowance; daily wages,1
荷造り,にづくり,packing; baling,1
担う,になう,to carry on one's shoulder; to shoulder,1
二人,ににん,two persons; two people,1
にも拘らず,にもかかわらず,in spite of; despite,1
入手,にゅうしゅ,acquisition; obtaining,1
入賞,にゅうしょう,winning a prize; placing (high; in a contest),1
入浴,にゅうよく,bathing; going in the bath,1
尿,にょう,urine,1
俄か,にわか,sudden; abrupt,1
認識,にんしき,recognition; awareness,1
妊娠,にんしん,pregnancy; conception,1
人情,にんじょう,humanity; empathy,1
任務,にんむ,duty; function,1
任命,にんめい,appointment; nomination,1
抜かす,ぬかす,to omit; to leave out,1
抜け出す,ぬけだす,to slip out; to sneak away,1
盗み,ぬすみ,stealing; theft,1
沼,ぬま,marsh; swamp,1
音,ね,sound; noise,1
値打ち,ねうち,value; worth,1
寝かせる,ねかせる,to put to bed; to let sleep,1
捻子,ねじ,"screw; key (of a clock, watch, etc.)",1
ねじ回し,ねじまわし,screwdriver,1
捻じれる,ねじれる,to get twisted; to get crooked,1
鼠,ねず,mouse; rat,1
妬む,ねたむ,to be jealous of; to envy,1
強請る,ねだる,to solicit; to demand,1
熱湯,ねっとう,hot bath; bath that is warmer than usual,1
熱意,ねつい,zeal; enthusiasm,1
熱量,ねつりょう,"quantity of heat (e.g. in calories, BTU, etc.); heat value",1
粘り,ねばり,stickiness; viscosity,1
粘る,ねばる,to be sticky; to be adhesive,1
値引き,ねびき,price reduction; discount,1
根回し,ねまわし,laying the groundwork; behind-the-scenes maneuvering,1
眠たい,ねむたい,sleepy; drowsy,1
練る,ねる,to knead; to thicken into a paste (stirring over a flame),1
念,ねん,sense; idea,1
年鑑,ねんかん,yearbook; almanac,1
年号,ねんごう,"name of an imperial era (e.g. Heisei, Shōwa); Japanese era name",1
燃焼,ねんしょう,burning; combustion,1
年生,ねんせい,nth-year student; nth-year pupil,1
年長,ねんちょう,senior; older,1
燃料,ねんりょう,fuel,1
年輪,ねんりん,annual tree ring; growth ring,1
脳,のう,brain; skull,1
農耕,のうこう,farming; agriculture,1
農場,のうじょう,farm (agriculture),1
農地,のうち,agricultural land; farmland,1
納入,のうにゅう,"payment (of taxes, fees, etc.); supply (of goods)",1
逃す,のがす,to miss (e.g. a chance); to lose,1
逃れる,のがれる,to escape,1
軒並み,のきなみ,row of houses; every house,1
鋸,のこぎり,saw,1
望ましい,のぞましい,desirable; hoped for,1
臨む,のぞむ,to look out on; to overlook,1
乗っ取る,のっとる,"to take possession of (forcibly); to take over (a company, account, etc.)",1
長閑,のどか,tranquil; calm,1
罵る,ののしる,to abuse (verbally); to curse at,1
延べ,のべ,futures; credit (buying),1
飲み込む,のみこむ,to swallow; to gulp down,1
乗り換え,のりかえ,"transfer (trains, buses, etc.); change",1
乗り込む,のりこむ,"to board (a train, plane, etc.); to get into (a car)",1
刃,は,edge (of a knife or sword); blade,1
派,は,group; faction,1
把握,はあく,"grasp (of the situation, meaning, etc.); understanding",1
肺,はい,lung,1
廃棄,はいき,disposal; abandonment,1
配給,はいきゅう,"distribution (e.g. films, rice); rationing (e.g. food, gasoline)",1
配偶者,はいぐうしゃ,spouse; wife,1
拝啓,はいけい,Dear (so and so); Dear Sir,1
背景,はいけい,background; scenery,1
背後,はいご,back; rear,1
灰皿,はいさら,ashtray,1
廃止,はいし,abolition; discontinuance,1
拝借,はいしゃく,borrowing,1
排除,はいじょ,exclusion; removal,1
排水,はいすい,drainage; draining,1
敗戦,はいせん,defeat; lost battle,1
配置,はいち,arrangement (of resources); deployment,1
配布,はいふ,distribution,1
配分,はいぶん,distribution; allotment,1
配慮,はいりょ,consideration; concern,1
配列,はいれつ,arranging; ordering,1
映える,はえる,to be Instagrammable; to be Insta-worthy,1
破壊,はかい,destruction; disruption,1
墓地,はかち,cemetery; graveyard,1
捗る,はかどる,to make (good) progress; to move right ahead (with the work),1
果ない,はかない,fleeting; transient,1
諮る,はかる,to consult with; to discuss,1
図る,はかる,to plan; to attempt,1
剥がす,はがす,to tear off; to peel off,1
破棄,はき,tearing up and discarding (e.g. documents); destruction,1
泊,はく,counter for nights of a stay; overnight stay,1
迫害,はくがい,persecution; oppression,1
薄弱,はくじゃく,feebleness; weakness,1
白状,はくじょう,confession,1
剥ぐ,はぐ,to tear off; to peel off,1
派遣,はけん,dispatch; despatch,1
励ます,はげます,to encourage; to cheer on,1
励む,はげむ,to work hard; to try hard,1
剥げる,はげる,to peel off; to come off,1
鋏,はさみ,scissors; shears,1
柱,はしら,"bridge (of a koto, etc.); cylinder",1
橋渡し,はしわたし,mediation; good offices,1
恥,はじ,shame; embarrassment,1
弾く,はじく,to flip; to snap,1
始め,はじめ,beginning; start,1
始めまして,はじめまして,nice to meet you; I'm glad to make your acquaintance,1
恥じらう,はじらう,to feel shy; to be bashful,1
恥じる,はじる,to feel ashamed,1
蓮,はす,sacred lotus (Nelumbo nucifera); Indian lotus,1
筈,はず,should (be); bound (to be),1
弾む,はずむ,to spring; to bound,1
破損,はそん,damage; breakage,1
機,はた,loom; chance,1
果たして,はたして,as was expected; just as one thought,1
果たす,はたす,to accomplish; to achieve,1
裸足,はだし,barefoot; superior to (e.g. a professional),1
蜂蜜,はちみつ,honey,1
発掘,はっくつ,excavation; exhumation,1
発生,はっせい,occurrence; incidence,1
発足,はっそく,starting; inauguration,1
初,はつ,"first doing of ... (ever, in one's life, in the new year, etc.); first",1
発,はつ,green dragon tile; winning hand with a pung (or kong) of green dragon tiles,1
発育,はついく,(physical) growth; development,1
発芽,はつが,germination; sprouting,1
発言,はつげん,statement; remark,1
発病,はつびょう,onset of an illness; falling ill,1
初耳,はつみみ,something heard for the first time; hearing something for the first time,1
果て,はて,end; extremity,1
果てる,はてる,to end; to be finished,1
話し合い,はなしあい,discussion; talk,1
甚だ,はなはだ,very; greatly,1
華々しい,はなばなしい,brilliant; splendid,1
花びら,はなびら,petal,1
華やか,はなやか,bright and beautiful; gorgeous,1
阻む,はばむ,to keep someone from doing; to stop,1
浜,はま,beach; seashore,1
浜辺,はまべ,beach; foreshore,1
填まる,はまる,to fit; to get into,1
歯磨,はみがき,dental brushing; brushing one's teeth,1
填める,はめる,to cover; to bury (e.g. one's face in hands),1
生やす,はやす,to grow; to cultivate,1
早める,はやめる,to bring forward (e.g. by 3 hours); to advance,1
流行,はやり,fashion; fad,1
腹立ち,はらだち,anger,1
原っぱ,はらっぱ,open field; empty lot,1
張り紙,はりがみ,paper patch attached to something; paper backing,1
遥か,はるか,far away; far off,1
破裂,はれつ,bursting; rupture,1
腫れる,はれる,to swell (from inflammation); to become swollen,1
班,はん,group; party,1
判,はん,seal; stamp,1
版,はん,edition; version,1
繁栄,はんえい,prosperity; thriving,1
反感,はんかん,antipathy; antagonism,1
版画,はんが,woodcut; woodblock print,1
反響,はんきょう,echo; reverberation,1
判決,はんけつ,judicial decision; judgement,1
反撃,はんげき,counterattack; counteroffensive,1
反射,はんしゃ,reflection; reverberation,1
繁殖,はんしょく,breeding; propagation,1
繁盛,はんじょう,prosperity; flourishing,1
反する,はんする,to be contrary (to); to go against,1
判定,はんてい,judgement; judgment,1
反応,はんのう,reaction; response,1
半端,はんぱ,remnant; fragment,1
反発,はんぱつ,opposition; rebellion,1
反乱,はんらん,insurrection; mutiny,1
氾濫,はんらん,overflowing; flood,1
黴菌,ばいきん,germ; germs,1
賠償,ばいしょう,compensation; reparations,1
倍率,ばいりつ,magnification; leverage,1
馬鹿馬鹿しい,ばかばかしい,absurd; ridiculous,1
馬鹿らしい,ばからしい,absurd; foolish,1
漠然,ばくぜん,vague; obscure,1
爆弾,ばくだん,"bomb; alcohol with liquor added (esp. wine-based shōchū highball, also beer with whiskey)",1
爆破,ばくは,destructive blast; blowing up,1
暴露,ばくろ,disclosure; exposure,1
化ける,ばける,"to take the form of (esp. in ref. to a spirit, fox, raccoon dog, etc.); to assume the shape of",1
罰,ばち,(divine) punishment; curse,1
伐,ばつ,x (mark); cross,1
ばてる,ばてる,to be exhausted; to be worn out,1
発条,ばね,spring (device); spring (in one's legs),1
散蒔く,ばらまく,to scatter; to disseminate (e.g. a rumor),1
判,ばん,seal; stamp,1
万,ばん,completely; absolutely,1
万人,ばんじん,all people; everybody,1
万能,ばんのう,all-purpose; utility,1
番目,ばんめ,joint; hinge,1
非,ひ,fault; error,1
費,ひ,Atai (post-Taika reform hereditary title often given to regional administrators); cost,1
延いては,ひいては,by extension; in turn,1
控室,ひかえしつ,waiting room; anteroom,1
控える,ひかえる,to be temperate in; to refrain,1
悲観,ひかん,pessimism; (taking a) gloomy view,1
匹,ひき,counter for small animals; counter for rolls of cloth (two han in size),1
引き上げる,ひきあげる,to pull up; to drag up,1
率いる,ひきいる,to lead; to spearhead (a group),1
引き受ける,ひきうける,to take on; to undertake,1
引き起こす,ひきおこす,to cause; to induce,1
引き下げる,ひきさげる,"to lower (a price, tax, standard, etc.); to bring down",1
引きずる,ひきずる,to drag; to trail,1
引き取る,ひきとる,to take into one's possession; to receive,1
引き分け,ひきわけ,draw (in competition); tie game,1
否決,ひけつ,rejection; negation,1
非行,ひこう,delinquency; misconduct,1
日頃,ひごろ,usually; habitually,1
久しい,ひさしい,long (time that has passed); old (story),1
久し振り,ひさしぶり,a long time (since the last time); first in a long time,1
悲惨,ひさん,disastrous; tragic,1
秘書,ひしょ,(private) secretary; treasured book,1
比重,ひじゅう,specific gravity; relative density,1
密か,ひそか,secret; private,1
浸す,ひたす,to soak; to dip,1
一向,ひたすら,completely; absolutely,1
左利き,ひだりきき,left-handedness; left-handed person,1
引っ掻く,ひっかく,to scratch; to claw,1
引っ掛ける,ひっかける,to hang (something) on (something); to throw on (clothes),1
必修,ひっしゅう,required (subject),1
匹敵,ひってき,to be a match for; to rival,1
未,ひつじ,not yet; un-,1
必然,ひつぜん,inevitable; necessary,1
一息,ひといき,one breath; time of one breath,1
単,ひとえ,single; simple,1
人柄,ひとがら,personality; character,1
一頃,ひところ,once; some time ago,1
人質,ひとじち,hostage,1
一筋,ひとすき,one line; one stretch (e.g. of road),1
一まず,ひとまず,for now; for the time being,1
一人でに,ひとりでに,by itself; automatically,1
酷い,ひどい,cruel; merciless,1
日取り,ひどり,fixed date; appointed day,1
雛,ひな,young bird; chick,1
日向,ひなた,Hyūga (former province located in present-day Miyazaki Prefecture); Hyūga (city),1
非難,ひなん,criticism; blame,1
避難,ひなん,taking refuge; finding shelter,1
日の丸,ひのまる,red or gold circle representing the Sun; national flag of Japan,1
火花,ひばな,spark,1
日々,ひび,daily; everyday,1
悲鳴,ひめい,shriek; scream,1
百科事典,ひゃっかじてん,encyclopedia; encyclopaedia,1
百科辞典,ひゃっかじてん,encyclopedia; encyclopaedia,1
冷やかす,ひやかす,to banter; to make fun of,1
日焼け,ひやけ,sunburn; suntan,1
票,ひょう,vote; ballot,1
標語,ひょうご,motto; slogan,1
ひょっと,ひょっと,possibly; perhaps,1
平たい,ひらたい,flat; even,1
比率,ひりつ,ratio; proportion,1
肥料,ひりょう,manure; fertilizer,1
比例,ひれい,proportion; proportional representation section (of an election),1
疲労,ひろう,fatigue; weariness,1
広まる,ひろまる,to spread; to be propagated,1
貧困,ひんこん,poverty; penury,1
品質,ひんしつ,quality (of a product or a service),1
品種,ひんしゅ,type (of goods); sort,1
貧弱,ひんじゃく,poor; meagre,1
頻繁,ひんぱん,frequent; incessant,1
美,び,august; beautiful,1
微笑,びしょう,smile,1
美術,びじゅつ,art; fine arts,1
吃驚,びっくり,surprise; to be surprised,1
びっしょり,びっしょり,wet through; drenched,1
描写,びょうしゃ,depiction; description,1
びり,びり,last (on the list); (at the) bottom,1
微量,びりょう,minuscule amount; extremely small quantity,1
敏感,びんかん,sensitive; alert,1
貧乏,びんぼう,poverty-stricken; destitute,1
歩,ふ,bu; commission,1
不意,ふい,sudden; abrupt,1
封,ふう,seal,1
封鎖,ふうさ,blockade; lockdown,1
風習,ふうしゅう,custom,1
風俗,ふうぞく,manners; customs,1
風土,ふうど,natural features; topography,1
不可欠,ふかけつ,indispensable; essential,1
深める,ふかめる,to deepen; to heighten,1
不吉,ふきつ,ominous; sinister,1
不況,ふきょう,(economic) depression; recession,1
布巾,ふきん,dish towel; tea towel,1
福,ふく,good fortune; happiness,1
復旧,ふくきゅう,restoration; restitution,1
複合,ふくごう,composite; combined,1
福祉,ふくし,welfare; well-being,1
覆面,ふくめん,mask; veil,1
膨れる,ふくれる,to swell (out); to expand,1
不景気,ふけいき,economic slump; hard times,1
老ける,ふける,to age; to grow old (esp. in appearance),1
布告,ふこく,edict; ordinance,1
富豪,ふごう,wealthy person; millionaire,1
負債,ふさい,debt; liabilities,1
相応しい,ふさわしい,appropriate; adequate,1
不在,ふざい,absence; disregard,1
不山戯る,ふざける,to joke; to jest,1
負傷,ふしょう,injury; wound,1
不審,ふしん,doubt; suspicion,1
不振,ふしん,dullness; slump,1
不順,ふじゅん,irregular; unseasonable,1
付属,ふぞく,being attached (to); being affiliated (to),1
負担,ふたん,burden; load,1
不調,ふちょう,bad condition; poor condition,1
復活,ふっかつ,"revival (of an old system, custom, fashion, etc.); restoration",1
復興,ふっこう,revival; reconstruction,1
沸騰,ふっとう,boiling; seething,1
仏,ふつ,France; Buddha,1
不図,ふと,suddenly; casually,1
不当,ふとう,unfair; unjust,1
不動産,ふどうさん,real estate,1
赴任,ふにん,moving to a different location to start a new job; (proceeding to) new appointment,1
腐敗,ふはい,decomposition; putrefaction,1
不評,ふひょう,bad reputation; poor reception,1
不便,ふびん,inconvenience; inexpediency,1
不服,ふふく,dissatisfaction; discontent,1
普遍,ふへん,universal; general,1
踏まえる,ふまえる,to be based on; to take into account,1
文,ふみ,mon; letter,1
不明,ふめい,unclear; obscure,1
扶養,ふよう,support (e.g. of one's dependents); maintenance,1
振り,ふり,swing; shake,1
振り出し,ふりだし,shaking (something) out; starting point,1
不良,ふりょう,bad; poor,1
浮力,ふりょく,buoyancy; floating power,1
震わせる,ふるわせる,to (make something) quiver; to shake,1
付録,ふろく,appendix; supplement,1
分,ふん,"minute (unit of time); fun (one tenth of a monme, 5.787 grains)",1
憤慨,ふんがい,indignation; resentment,1
紛失,ふんしつ,loss; going missing,1
噴出,ふんしゅつ,spewing; gushing,1
紛争,ふんそう,dispute; conflict,1
ふんだん,ふんだん,plentiful; abundant,1
奮闘,ふんとう,strenuous effort; hard struggle,1
粉末,ふんまつ,fine powder,1
部,ぶ,"hereditary occupational group (Yamato period); department (in an organization, company, etc.)",1
部下,ぶか,subordinate person,1
ぶかぶか,ぶかぶか,too large (clothing); baggy,1
侮辱,ぶじょく,insult; affront,1
武装,ぶそう,arms; armament,1
斑,ぶち,spots; speckles,1
物資,ぶっし,goods; materials,1
物体,ぶったい,object; body,1
物議,ぶつぎ,public discussion; public criticism,1
打付ける,ぶつける,to hit (e.g. one's head); to strike,1
仏像,ぶつぞう,statue of Buddha; image of Buddha,1
無難,ぶなん,safe (e.g. choice); secure,1
部門,ぶもん,division (of a larger group); branch,1
ぶら下げる,ぶらさげる,to hang; to suspend,1
ぶらぶら,ぶらぶら,dangling; swaying,1
武力,ぶりょく,armed might; military power,1
無礼,ぶれい,rude; impolite,1
文化財,ぶんかざい,cultural assets; cultural property,1
分業,ぶんぎょう,division of labor; division of labour,1
文語,ぶんご,written language; literary language,1
分散,ぶんさん,dispersion; breakup,1
分子,ぶんし,molecule; numerator,1
文書,ぶんしょ,document; writing,1
分担,ぶんたん,"taking on one's share (e.g. of work); dividing (work, expenses, etc.) between",1
分配,ぶんぱい,division; splitting,1
分母,ぶんぼ,denominator,1
分離,ぶんり,separation; partition,1
分裂,ぶんれつ,split; division,1
兵器,へいき,arms; weapon,1
閉口,へいこう,to be stumped; to be at a loss,1
平行,へいこう,"parallelism; running parallel (to, with)",1
閉鎖,へいさ,closing; closure,1
兵士,へいし,soldier,1
平常,へいじょう,normal; usual,1
平方,へいほう,square (e.g. metre),1
並列,へいれつ,arranging in a line; standing in a row,1
辟易,へきえき,to be fed up (with); to be tired (of),1
臍,へそ,navel; belly button,1
隔たる,へだたる,to be distant,1
謙る,へりくだる,to deprecate oneself and praise the listener; to abase oneself,1
経る,へる,to pass; to elapse,1
編,へん,compilation (of a text); editing,1
偏,へん,imperfect; incomplete,1
変革,へんかく,change; transformation,1
返還,へんかん,return; restoration,1
偏見,へんけん,prejudice; bias,1
返済,へんさい,repayment; reimbursement,1
変遷,へんせん,change; transition,1
返答,へんとう,reply; answer,1
変動,へんどう,change; fluctuation,1
弁解,べんかい,explanation (e.g. for one's actions); excuse,1
便宜,べんぎ,convenience; accommodation,1
弁護,べんご,defense; defence,1
弁償,べんしょう,compensation; indemnification,1
弁論,べんろん,discussion; debate,1
ぺこぺこ,ぺこぺこ,very hungry; starving,1
穂,ほ,ear (of a cereal plant); head,1
保育,ほいく,nursing (esp. an animal); suckling,1
倣,ほう,round-necked robe worn by members of nobility and the imperial court; bract,1
法案,ほうあん,bill (law); measure,1
崩壊,ほうかい,collapse; crumbling,1
法学,ほうがく,law; jurisprudence,1
放棄,ほうき,abandonment; renouncement,1
宝器,ほうき,treasured article or vessel; outstanding individual,1
封建,ほうけん,feudalism,1
豊作,ほうさく,abundant harvest; bumper crop,1
方策,ほうさく,plan; measure,1
奉仕,ほうし,service; ministry,1
方式,ほうしき,form; method,1
放射,ほうしゃ,radiation; emission,1
放射能,ほうしゃのう,radioactivity; radiation,1
報酬,ほうしゅう,remuneration; recompense,1
放出,ほうしゅつ,emission; release,1
報じる,ほうじる,to report; to inform,1
報ずる,ほうずる,to report; to inform,1
放置,ほうち,leaving as is; leaving alone,1
法廷,ほうてい,court (of law); courtroom,1
報道,ほうどう,report (of news); reporting,1
褒美,ほうび,reward; prize,1
葬る,ほうむる,to bury; to inter,1
放り込む,ほうりこむ,to throw into; to toss into,1
放り出す,ほうりだす,to forcefully excrete; to force out (of one's body),1
飽和,ほうわ,saturation; satiation,1
保温,ほおん,retaining warmth; keeping heat in,1
捕獲,ほかく,capture; seizure,1
保管,ほかん,charge; custody,1
補給,ほきゅう,supply; supplying,1
補強,ほきょう,reinforcement; strengthening,1
保険,ほけん,insurance; guarantee,1
捕鯨,ほげい,whaling; whale hunting,1
誇る,ほこる,to boast of; to be proud of,1
綻びる,ほころびる,to come apart at the seams; to be ripped,1
保護,ほご,protection; safeguard,1
乾,ほし,northwest; drying,1
干し物,ほしもの,"things dried in the sun (esp. clothes, dyed cloth, etc.)",1
保守,ほしゅ,maintenance; conservatism,1
保障,ほしょう,guarantee; security,1
補償,ほしょう,compensation; reparation,1
補充,ほじゅう,replenishment; supplementation,1
補助,ほじょ,assistance; support,1
舗装,ほそう,"paving (a road); surfacing (with asphalt, concrete, etc.)",1
補足,ほそく,supplement; complement,1
発作,ほっさ,fit; attack,1
ほっと,ほっと,with a feeling of relief; with a sigh of relief,1
頬っぺた,ほっぺた,cheek,1
辺り,ほとり,side (esp. of a waterbody); edge,1
殆ど,ほとんど,almost; nearly,1
解く,ほどく,to untie; to unfasten,1
施す,ほどこす,"to give (time, money, goods); to donate",1
保母,ほぼ,(female) childcare worker; nursery school teacher,1
保養,ほよう,health preservation; recuperation,1
捕吏,ほり,constable; policeman,1
捕虜,ほりょ,prisoner (of war); POW,1
滅びる,ほろびる,to go to ruin; to go under,1
滅ぼす,ほろぼす,to destroy; to overthrow,1
本格,ほんかく,original method; original procedure,1
本館,ほんかん,"main building (as opposed to an annex, outbuilding, etc.); this library",1
本気,ほんき,seriousness; earnestness,1
本質,ほんしつ,essence; true nature,1
本体,ほんたい,substance; true form,1
本音,ほんね,real intention; motive,1
本の,ほんの,mere; only,1
本能,ほんのう,instinct,1
本場,ほんば,home (of something); place famous for its ...,1
本文,ほんぶん,"text (of a book, document, etc.); body (of a letter)",1
本名,ほんみょう,real name,1
卯,ぼう,the Rabbit (fourth sign of the Chinese zodiac); the Hare,1
防衛,ぼうえい,defense; defence,1
防火,ぼうか,fire prevention; fire control,1
妨害,ぼうがい,obstruction; hindrance,1
紡績,ぼうせき,spinning (textiles); spun yarn,1
呆然,ぼうぜん,dumbfounded; overcome with surprise,1
膨脹,ぼうちょう,expansion; swelling,1
冒頭,ぼうとう,beginning; opening,1
暴動,ぼうどう,insurrection; riot,1
暴風,ぼうふう,storm; windstorm,1
暴力,ぼうりょく,violence; mayhem,1
募金,ぼきん,fundraising; collection of contributions,1
牧師,ぼくし,pastor; minister,1
母校,ぼこう,alma mater,1
没収,ぼっしゅう,seizure; confiscation,1
坊ちゃん,ぼっちゃん,(another's) son; boy,1
ぼつぼつ,ぼつぼつ,gradually; little by little,1
没落,ぼつらく,ruin; fall,1
ぼやく,ぼやく,to grumble; to complain,1
ぼやける,ぼやける,to become dim; to become blurred,1
藍褸,ぼろ,tremendous; huge,1
枚,まい,"counter for thin, flat things (petals, leaves, etc.); bill",1
埋蔵,まいぞう,burying in the ground; having underground deposits,1
舞う,まう,to dance (orig. a whirling dance); to whirl (in the wind),1
真上,まうえ,right above; just above,1
前売り,まえうり,advance sale; booking,1
前置き,まえおき,preface; introduction,1
前もって,まえもって,in advance; beforehand,1
任す,まかす,to entrust (to someone); to leave (in someone's hands),1
負かす,まかす,to defeat,1
賄う,まかなう,"to supply (goods, money, etc.); to cover (costs)",1
曲がる,まがる,to bend; to curve,1
巻,まき,roll (e.g. of cloth); winding (e.g. watch),1
紛らわしい,まぎらわしい,easily mixed up (e.g. similar words); easily mistaken,1
紛れる,まぎれる,to disappear into; to be lost in,1
膜,まく,membrane; film,1
捲る,まくる,to turn up; to roll up (e.g. sleeves),1
真心,まこころ,sincerity; true heart,1
誠,まこと,truth; reality,1
真に,まことに,truly; really,1
まごつく,まごつく,to be confused; to be flustered,1
正しく,まさしく,right; rightly,1
正に,まさに,exactly; just,1
勝る,まさる,to excel; to surpass,1
増し,まし,better; preferable,1
真下,ました,right under; directly below,1
況して,まして,still more; to say nothing of,1
交える,まじえる,to mix; to combine,1
交わる,まじわる,to cross; to intersect,1
麻酔,ますい,anaesthesia; anesthesia,1
益々,ますます,increasingly; more and more,1
不味い,まずい,bad(-tasting); unpalatable,1
股,また,groin; thigh,1
跨がる,またがる,to straddle; to sit astride,1
跨ぐ,またぐ,to step over; to step across,1
瞬き,またたき,blink (of eyes); wink,1
待ち合わせ,まちあわせ,appointment,1
間違う,まちがう,to be mistaken; to be incorrect,1
待ち遠しい,まちどおしい,longed-for; anxiously awaited,1
待ち望む,まちのぞむ,to wait eagerly for; to look forward to,1
区々,まちまち,various; varied,1
末期,まっき,hour of death; one's last moments,1
真っ二つ,まっぷたつ,in two equal parts,1
的,まと,-ical; -ive,1
纏まり,まとまり,unity; coherence,1
纏め,まとめ,summary; recapitulation,1
免れる,まぬかれる,"to escape (disaster, death, etc.); to be saved from",1
招き,まねき,invitation,1
麻痺,まひ,paralysis; palsy,1
眩しい,まぶしい,dazzling; radiant,1
目蓋,まぶた,eyelid,1
間々,まま,occasionally; now and then,1
間もなく,まもなく,soon; shortly,1
眉,まゆ,eyebrow; eyebrows,1
鞠,まり,"ball (for sport, games, etc.); kemari",1
丸ごと,まるごと,in its entirety; whole,1
丸っきり,まるっきり,completely; absolutely,1
丸で,まるで,as if; as though,1
丸々,まるまる,plump; rotund,1
丸める,まるめる,to make round; to roll up,1
満月,まんげつ,full moon,1
満場,まんじょう,whole house; whole audience,1
真ん中,まんなか,middle; centre,1
真ん前,まんまえ,right in front; just opposite,1
真ん丸い,まんまるい,perfectly round; perfectly circular,1
三,み,three; 3,1
見合い,みあい,(formal) meeting with a view to marriage; interview with a prospective spouse,1
見合わせる,みあわせる,to exchange glances; to look at each other,1
見落とす,みおとす,to overlook; to fail to notice,1
未開,みかい,uncivilized; uncivilised,1
味覚,みかく,(sense of) taste; palate,1
見掛ける,みかける,to (happen to) see; to notice,1
三日月,みかずき,crescent moon; young moon,1
見方,みかた,viewpoint; point of view,1
見苦しい,みぐるしい,unsightly; ugly,1
見込み,みこみ,hope; promise,1
未婚,みこん,unmarried; not yet married,1
惨め,みじめ,miserable; wretched,1
未熟,みじゅく,unripe; green,1
微塵,みじん,particle; atom,1
見すぼらしい,みすぼらしい,shabby; unsightly,1
見せびらかす,みせびらかす,to show off; to flaunt,1
見せ物,みせもの,misemono; show,1
満たす,みたす,"to satisfy (conditions, one's appetite, etc.); to meet (e.g. demands)",1
乱す,みだす,to throw into disorder; to disarrange,1
乱れる,みだれる,to be disordered; to be disarranged,1
未知,みち,not yet known; unknown,1
導く,みちびく,to guide; to lead,1
身近,みぢか,near oneself; close to one,1
密集,みっしゅう,crowding together; clustering together,1
密接,みっせつ,"close (relationship, connection, etc.); intimate",1
見っともない,みっともない,shameful; disgraceful,1
蜜,みつ,nectar; honey,1
密度,みつど,density,1
見積り,みつもり,estimate; estimation,1
未定,みてい,not yet fixed; undecided,1
見通し,みとおし,unobstructed view; perspective,1
源,みなもと,source (of a river); fountainhead,1
身なり,みなり,dress; attire,1
峰,みね,peak; summit,1
見逃す,みのがす,to miss; to overlook,1
見晴らし,みはらし,(scenic) view; prospect,1
身振り,みぶり,gesture; gesticulation,1
見舞,みまい,visit (to someone affected by illness or misfortune); call,1
脈,みゃく,pulse; vein,1
未練,みれん,lingering attachment; lingering affection,1
見渡す,みわたす,to look out over; to survey (scene),1
民主,みんしゅ,democracy; popular sovereignty,1
民宿,みんしゅく,guest house; private home providing lodging for travelers,1
民族,みんぞく,people; race,1
民俗,みんぞく,folk customs; folkways,1
六,む,six; 6,1
無意味,むいみ,nonsense; no meaning,1
向き,むき,direction; orientation,1
無口,むくち,astomatous; taciturn,1
向け,むけ,intended for ...; oriented towards ...,1
婿,むこ,husband; groom,1
無効,むこう,invalid; void,1
無言,むごん,silence; stillness,1
毟る,むしる,to pluck; to pick,1
無邪気,むじゃき,innocent; simple-minded,1
結び,むすび,ending; conclusion,1
結び付き,むすびつき,connection; relation,1
結び付く,むすびつく,to be related; to be connected,1
結び付ける,むすびつける,to tie (to); to fasten,1
無線,むせん,radio (communication); wireless,1
無駄遣い,むだづかい,"waste (of money, time, etc.); squandering",1
無断,むだん,absence of permission; lack of permission,1
無知,むち,ignorance; innocence,1
無茶,むちゃ,absurd; unreasonable,1
無茶苦茶,むちゃくちゃ,nonsensical; unreasonable,1
空しい,むなしい,empty; void,1
無念,むねん,regret; chagrin,1
無能,むのう,incompetence; inefficiency,1
無闇に,むやみに,thoughtlessly; recklessly,1
無用,むよう,useless; futile,1
群がる,むらがる,to swarm; to gather,1
無論,むろん,of course; certainly,1
名産,めいさん,noted product; local specialty,1
名称,めいしょう,name; title,1
命中,めいちゅう,(direct) hit; hitting the mark,1
名簿,めいぼ,"proof of identity (for nobles, doctors, etc.; Heian period); register of names",1
名誉,めいよ,honor; honour,1
明瞭,めいりょう,clear; plain,1
明朗,めいろう,cheerful; bright,1
目方,めかた,weight,1
恵み,めぐみ,blessing; grace,1
恵む,めぐむ,to bless; to show mercy to,1
目覚しい,めざましい,remarkable; striking,1
目覚める,めざめる,to wake up; to awake,1
召す,めす,to call; to summon,1
雌,めす,female; smaller (of the two),1
滅茶苦茶,めちゃくちゃ,absurd; unreasonable,1
目付き,めつき,look (in someone's eyes); expression (of the eyes),1
滅亡,めつぼう,downfall; ruin,1
愛でたい,めでたい,happy; auspicious,1
目眩,めまい,dizziness; giddiness,1
目盛,めもり,"graduations (on a ruler, thermometer, etc.); gradations",1
面会,めんかい,meeting (face-to-face); seeing,1
免除,めんじょ,exemption; exoneration,1
面する,めんする,to face on; to look out on to,1
面目,めんぼく,face; honour,1
設ける,もうける,to prepare; to provide,1
申し入れる,もうしいれる,to propose; to suggest,1
申し込み,もうしこみ,application; entry,1
申出,もうしで,proposal; offer,1
申し出る,もうしでる,to offer; to propose,1
申し分,もうしぶん,complaint; protest,1
盲点,もうてん,blind spot (on the retina); blind spot,1
猛烈,もうれつ,fierce; intense,1
藻掻く,もがく,to struggle; to writhe,1
目録,もくろく,catalogue; catalog,1
目論見,もくろみ,plan; scheme,1
模型,もけい,model; dummy,1
模索,もさく,groping (for); fumbling around (for),1
若し,もし,if; in case,1
若しかしたら,もしかしたら,perhaps; maybe,1
若しかして,もしかして,perhaps; possibly,1
若しかすると,もしかすると,perhaps; possibly,1
若しくは,もしくは,or; otherwise,1
若しも,もしも,if; in case,1
齎らす,もたらす,"to bring (news, knowledge, etc.); to introduce",1
凭れる,もたれる,to lean against; to lean on,1
持ち,もち,having; holding,1
持ち切り,もちきり,hot topic; talk of the town,1
物体ない,もったいない,wasteful; a waste,1
以て,もって,with; by,1
専ら,もっぱら,wholly; solely,1
持て成す,もてなす,to treat (a guest); to receive,1
持てる,もてる,"to be able to possess (hold, get, etc.); to be well liked",1
基,もとい,group; (free) radical,1
物置き,ものおき,storage room; storeroom,1
物好き,ものずき,(idle) curiosity; fancifulness,1
物足りない,ものたりない,unsatisfied; unsatisfactory,1
最早,もはや,already; now,1
模範,もはん,exemplar; model,1
模倣,もほう,imitation; copying,1
揉める,もめる,to disagree; to dispute,1
腿,もも,thigh,1
催す,もよおす,"to hold (an event); to give (a dinner, party, etc.)",1
漏らす,もらす,to let leak; to let out (e.g. light),1
盛り上がる,もりあがる,to swell; to rise,1
漏る,もる,to leak; to run out,1
漏れる,もれる,to leak out; to escape,1
脆い,もろい,brittle; fragile,1
もろに,もろに,completely; all the way,1
問,もん,question; query,1
矢,や,arrow; wedge,1
哉,や,how!; what!,1
喧しい,やかましい,noisy; boisterous,1
野外,やがい,outdoors; outside,1
軈て,やがて,before long; soon,1
夜行,やぎょう,"the ""ya"" column of the Japanese syllabary table (ya, yu, yo); night travel",1
役職,やくしょく,post; official position,1
役立つ,やくだつ,to be useful; to be helpful,1
役場,やくば,town hall,1
夜具,やぐ,bedding; bedclothes,1
優,やさ,gentle; affectionate,1
屋敷,やしき,residence; estate,1
養う,やしなう,to support; to maintain,1
社,やしろ,(Shinto) shrine; company,1
野心,やしん,ambition; aspiration,1
易い,やすい,easy; likely to ...,1
安っぽい,やすっぽい,cheap-looking; tawdry,1
休める,やすめる,to rest; to suspend,1
野生,やせい,wild; growing wild,1
矢鱈に,やたらに,,1
夜中,やちゅう,all night; the whole night,1
奴,やっこ,damn; bastard,1
やっ付ける,やっつける,to beat; to attack (an enemy),1
矢っ張り,やっぱり,as expected; sure enough,1
野党,やとう,opposition party; the opposition,1
病,やまい,disease; illness,1
闇,やみ,darkness; the dark,1
病む,やむ,to fall ill; to suffer from (e.g. a disease),1
止むを得ない,やむをえない,cannot be helped; unavoidable,1
稍,やや,a little; partially,1
ややこしい,ややこしい,complicated; complex,1
遣り通す,やりとおす,to carry through; to achieve,1
やり遂げる,やりとげる,to accomplish; to finish,1
遣る,やる,to do; to undertake,1
和らげる,やわらげる,to soften; to moderate,1
優位,ゆうい,predominance; superiority,1
憂鬱,ゆううつ,depression; melancholy,1
有益,ゆうえき,beneficial; profitable,1
優越,ゆうえつ,supremacy; predominance,1
勇敢,ゆうかん,brave; courageous,1
有機,ゆうき,organic; organic chemistry,1
夕暮れ,ゆうぐれ,evening; dusk,1
融資,ゆうし,financing; loan,1
有する,ゆうする,to have; to possess,1
融通,ゆうずう,"lending (money, commodities, etc.); finance",1
優勢,ゆうせい,superiority; superior power,1
優先,ゆうせん,preference; priority,1
誘導,ゆうどう,guidance; leading,1
優美,ゆうび,grace; refinement,1
有望,ゆうぼう,promising; hopeful,1
遊牧,ゆうぼく,nomadism,1
夕焼け,ゆうやけ,evening glow; red sunset,1
有力,ゆうりょく,influential; prominent,1
幽霊,ゆうれい,ghost; specter,1
誘惑,ゆうわく,temptation; allurement,1
揺さぶる,ゆさぶる,to shake; to jolt,1
茹でる,ゆでる,"to boil (something in hot water); to treat with medicinal steam (a swelling, etc.)",1
ゆとり,ゆとり,clothing to absorb dampness after bathing; yukata,1
指差す,ゆびさす,to point at,1
弓,ゆみ,bow (and arrow); unit of distance to an archery target (approx. six feet),1
揺らぐ,ゆらぐ,to swing; to sway,1
緩む,ゆるむ,to become loose; to slacken (e.g. rope),1
緩める,ゆるめる,to loosen; to slacken,1
緩やか,ゆるやか,loose; slack,1
世,よ,counter for generations; epoch,1
好い,よい,good; excellent,1
要因,よういん,main cause; primary factor,1
溶液,ようえき,solution (liquid),1
用件,ようけん,business; thing to be done,1
養護,ようご,nursing; (protective) care,1
用紙,ようし,blank form; sheets of paper,1
様式,ようしき,style; form,1
要する,ようする,to need; to demand,1
要請,ようせい,appeal; call for something,1
養成,ようせい,training; education,1
様相,ようそう,aspect; phase,1
用品,ようひん,articles; supplies (e.g. office supplies),1
洋風,ようふう,Western style,1
用法,ようほう,way of using (something); usage,1
要望,ようぼう,demand for; request,1
余暇,よか,leisure; leisure time,1
予感,よかん,presentiment; premonition,1
余興,よきょう,"performance (at a party or banquet, etc.); side show",1
預金,よきん,deposit; bank account,1
抑圧,よくあつ,check; restraint,1
浴室,よくしつ,bathroom,1
抑制,よくせい,control; restraint,1
欲深い,よくふかい,greedy,1
欲望,よくぼう,desire; appetite,1
寄こす,よこす,to send; to forward,1
横綱,よこづな,yokozuna (highest rank in sumo); grand champion,1
葦,よし,common reed (Phragmites australis),1
善し悪し,よしあし,right or wrong; good or bad,1
予想,よそう,expectation; anticipation,1
余所見,よそみ,looking away; looking aside,1
余地,よち,place; room,1
依って,よって,therefore; consequently,1
余程,よっぽど,very; greatly,1
与党,よとう,ruling party; government party,1
呼び止める,よびとめる,to (call and) stop; to call (someone) to stop,1
夜更かし,よふかし,staying up late; sitting up late at night,1
夜更け,よふけ,late at night; small hours of the morning,1
読み上げる,よみあげる,to read out; to read aloud,1
寄り掛かる,よりかかる,to lean against; to recline on,1
宜しく,よろしく,well; properly,1
弱まる,よわまる,to abate; to weaken,1
弱める,よわめる,to weaken,1
弱る,よわる,to weaken; to grow weak,1
来場,らいじょう,attendance,1
酪農,らくのう,dairy farming,1
落下,らっか,fall; drop,1
楽観,らっかん,optimism; taking an optimistic view,1
濫用,らんよう,abuse; misuse,1
理屈,りくつ,theory; reason,1
利根,りこん,intelligence; cleverness,1
利子,りし,"interest (on a deposit, loan, etc.)",1
利潤,りじゅん,profit; returns,1
理性,りせい,reason; reasoning power,1
利息,りそく,"interest (on a loan, deposit etc.)",1
立体,りったい,solid body; three-dimensional object,1
立法,りっぽう,(enactment of) legislation; lawmaking,1
利点,りてん,advantage; point in favor,1
略語,りゃくご,abbreviation; acronym,1
略奪,りゃくだつ,pillage; plunder,1
流,りゅう,"exile (second most severe of the five ritsuryō punishments); counter for flags, banners, etc.",1
流通,りゅうつう,"circulation (of money, goods, etc.); distribution",1
了,りょう,fact; truth,1
料,りょう,ornament; adornment,1
領域,りょういき,territory; domain,1
了解,りょうかい,comprehension; consent,1
領海,りょうかい,territorial waters,1
両極,りょうきょく,both extremities; North and South Poles,1
良好,りょうこう,good; fine,1
良識,りょうしき,good sense,1
良質,りょうしつ,good quality; fine quality,1
了承,りょうしょう,acknowledgement; acknowledgment,1
良心,りょうしん,conscience,1
領地,りょうち,territory; dominion,1
領土,りょうど,territory; domain,1
両立,りょうりつ,compatibility; coexistence,1
旅客,りょかく,passenger; traveller,1
旅券,りょけん,passport,1
履歴,りれき,personal history; background,1
理論,りろん,theory,1
輪,りん,counter for wheels and flowers; ring,1
林業,りんぎょう,forestry,1
類似,るいじ,resemblance; similarity,1
類推,るいすい,analogy; analogical reasoning,1
冷酷,れいこく,cruelty; coldheartedness,1
冷蔵,れいぞう,cold storage; refrigeration,1
冷淡,れいたん,cool; indifferent,1
恋愛,れんあい,love; romance,1
連休,れんきゅう,consecutive holidays,1
連日,れんじつ,day after day; every day,1
連中,れんじゅう,company; lot,1
連帯,れんたい,solidarity; joint,1
連邦,れんぽう,federation (of states); confederation,1
連盟,れんめい,league; federation,1
老衰,ろうすい,senility; senile decay,1
朗読,ろうどく,reading aloud; recitation,1
浪費,ろうひ,waste; extravagance,1
労力,ろうりょく,labour; labor,1
碌な,ろくな,satisfactory; decent,1
碌に,ろくに,(not) well; (not) properly,1
露骨,ろこつ,open; unconcealed,1
論議,ろんぎ,discussion; argument,1
論理,ろんり,logic,1
和,わ,tranquil; calm,1
我がまま,わがまま,selfish; egoist,1
枠,わく,frame; framework,1
惑星,わくせい,planet; dark horse,1
技,わざ,technique; art,1
態と,わざと,on purpose; deliberately,1
態々,わざわざ,expressly; especially,1
煩わしい,わずらわしい,troublesome; annoying,1
渡り鳥,わたりどり,migratory bird; bird of passage,1
詫び,わび,apology,1
和風,わふう,Japanese style; light wind,1
和文,わぶん,Japanese text; sentence in Japanese,1
藁,わら,LOL; haha,1
割合に,わりあいに,comparatively,1
割り当て,わりあて,allotment; assignment,1
割り込む,わりこむ,"to cut into (a line, conversation, etc.); to force oneself into (e.g. a crowd)",1
割り算,わりざん,division,1
割引き,わりびき,discount; reduction,1
悪者,わるもの,bad guy; villain,1
アイデア,アイデア,idea,1
アクセル,アクセル,Axel (jump); accelerator (pedal),1
アップ,アップ,upstairs; rise,1
アプローチ,アプローチ,"approach (to a problem, issue, etc.); approach (of a long jump, aircraft's flight, etc.)",1
アマチュア,アマチュア,amateur,1
アラブ,アラブ,Arab; Arab countries,1
アルカリ,アルカリ,alkali,1
アルミ,アルミ,aluminum; aluminium,1
アワー,アワー,hour,1
アンケート,アンケート,questionnaire; survey,1
アンコール,アンコール,encore,1
イエス,イエス,yes; Jesus (Christ),1
インターチェンジ,インターチェンジ,interchange; service interchange,1
インターナショナル,インターナショナル,international,1
インターフォン,インターフォン,intercom,1
インテリ,インテリ,intellectual; educated person,1
インフォメーション,インフォメーション,information,1
インフレ,インフレ,inflation,1
ウェートレス,ウェートレス,,1
エアメール,エアメール,airmail; air mail,1
エレガント,エレガント,elegant,1
エンジニア,エンジニア,engineer,1
オーケー,オーケー,OK; okay,1
オートマチック,オートマチック,automatic; automatic firearm,1
オープン,オープン,"opening (a new store, golf course, runway, etc.); open",1
オリエンテーション,オリエンテーション,orientation,1
オレンジ,オレンジ,"orange (fruit, colour)",1
オンライン,オンライン,"online; on the line (of a ball; in tennis, volleyball, etc.)",1
カーペット,カーペット,carpet,1
カクテル,カクテル,cocktail,1
カット,カット,cut; cutting,1
カテゴリー,カテゴリー,category,1
カムバック,カムバック,comeback,1
カメラマン,カメラマン,photographer; cameraman,1
カルテ,カルテ,patient's chart; clinical records,1
カンニング,カンニング,cheating (on an examination); cribbing,1
ガイド,ガイド,guide; tour guide,1
ガイドブック,ガイドブック,guidebook,1
ガレージ,ガレージ,garage,1
キャッチ,キャッチ,catch; catching,1
キャリア,キャリア,carrier; carrier (of a disease-causing agent),1
クイズ,クイズ,quiz,1
クラブ,クラブ,crab; club,1
クレーン,クレーン,crane (machine),1
グラフ,グラフ,graph; chart,1
グレー,グレー,grey; gray,1
ゲスト,ゲスト,guest,1
コーナー,コーナー,corner; bend,1
コマーシャル,コマーシャル,commercial (TV or radio advertisement); commercial,1
コミュニケーション,コミュニケーション,communication,1
コメント,コメント,comment,1
コンタクト,コンタクト,contact; touch,1
コンテスト,コンテスト,contest,1
コントラスト,コントラスト,contrast,1
コントロール,コントロール,control,1
コンパス,コンパス,"compass (for drawing circles, etc.); pair of compasses",1
サイクル,サイクル,cycle,1
サイズ,サイズ,size,1
サボる,サボる,to be truant; to slack off,1
サンキュー,サンキュー,thank you; thanks,1
サンタクロース,サンタクロース,Santa Claus,1
シート,シート,sheet; spreadsheet,1
システム,システム,system,1
シック,シック,piece of fabric sewn into the crotch of a garment to reinforce it; saddle,1
シナリオ,シナリオ,script; screenplay,1
ショー,ショー,show; performance,1
ショック,ショック,shock (emotional); shock (physical),1
ジーパン,ジーパン,jeans; dungarees,1
ジャズ,ジャズ,jazz,1
ジャンパー,ジャンパー,(short) jacket; blouson,1
ジャンプ,ジャンプ,"jump; jumping event (skiing, track and field)",1
ジャンボ,ジャンボ,jumbo; jumbo-sized,1
ジャンル,ジャンル,genre; category,1
スタジオ,スタジオ,studio,1
スチーム,スチーム,steam,1
ストライキ,ストライキ,strike (i.e. industrial action),1
ストレス,ストレス,stress,1
ストロー,ストロー,drinking straw; straw,1
ストロボ,ストロボ,stroboscope; strobe lamp,1
スピード,スピード,speed,1
スプリング,スプリング,(coil) spring; spring (season),1
スペース,スペース,space; room,1
スポーツカー,スポーツカー,sports car,1
スラックス,スラックス,slacks,1
セール,セール,sale,1
セクション,セクション,section,1
セックス,セックス,sex; sexual intercourse,1
セレモニー,セレモニー,ceremony,1
センス,センス,"taste (in fashion, music, etc.); sense (e.g. of humour)",1
ゼリー,ゼリー,jello; jelly,1
ソース,ソース,source (of information); source code,1
ソックス,ソックス,"sulfur oxide (SO, SO2, etc.); sulphur oxide",1
ソロ,ソロ,solo,1
タイトル,タイトル,title,1
タイピスト,タイピスト,typist,1
タイマー,タイマー,timer; time switch,1
タイミング,タイミング,timing,1
タイム,タイム,"thyme; time (for, to do)",1
タイムリー,タイムリー,timely; well-timed,1
タイヤ,タイヤ,tire; tyre,1
タイル,タイル,tile,1
タレント,タレント,(TV or radio) entertainer; television personality,1
タワー,タワー,tower,1
ダース,ダース,dozen,1
ダウン,ダウン,fall; decrease,1
ダブる,ダブる,to be duplicated; to be repeated,1
ダンプ,ダンプ,dump; dump truck,1
チームワーク,チームワーク,teamwork,1
チェンジ,チェンジ,change; changing,1
チャイム,チャイム,chime; bell (e.g. doorbell),1
チャンネル,チャンネル,channel,1
ティッシュペーパー,ティッシュペーパー,tissue paper; tissue,1
テレックス,テレックス,telex; teletypewriter exchange,1
データ,データ,data; datum,1
デコレーション,デコレーション,decoration,1
デザート,デザート,desert; dessert,1
デザイン,デザイン,design,1
デッサン,デッサン,rough sketch,1
デモンストレーション,デモンストレーション,demonstration; protest,1
トーン,トーン,tone,1
トラブル,トラブル,trouble; difficulty,1
トランジスター,トランジスター,transistor,1
ドライ,ドライ,"dry; dry (tone, humour, etc.)",1
ドライクリーニング,ドライクリーニング,dry cleaning,1
ドライバー,ドライバー,driver (of a vehicle); motorist,1
ドライブイン,ドライブイン,"drive-in (bank, cinema, etc.); roadside restaurant",1
ドリル,ドリル,drill bit; drill,1
ナイター,ナイター,game under lights (e.g. baseball); night game,1
ナプキン,ナプキン,(table) napkin; serviette,1
ナンセンス,ナンセンス,nonsense; (having) terrible taste,1
ニュー,ニュー,"nu; GNU (project, operating system, etc.)",1
ニュアンス,ニュアンス,nuance,1
ネガ,ネガ,negative; negative (e.g. thinking),1
ノイローゼ,ノイローゼ,neurosis; nervous breakdown,1
ハンガー,ハンガー,hangar; hunger,1
バー,バー,bar; tavern,1
バッジ,バッジ,badge,1
バット,バット,shallow tray (usu. steel or plastic); value-added tax,1
パジャマ,パジャマ,pajamas; pyjamas,1
パチンコ,パチンコ,pachinko; slingshot,1
パトカー,パトカー,patrol car; police car,1
パンク,パンク,"punk (music, fashion); puncture",1
ヒント,ヒント,hint; clue,1
ビールス,ビールス,virus,1
ビジネス,ビジネス,business,1
ファイト,ファイト,fight; fighting spirit,1
ファイル,ファイル,file (for holding papers); file (collection of documents),1
ファン,ファン,han; fan,1
フィルター,フィルター,filter,1
フェリー,フェリー,ferry,1
フォーム,フォーム,foam; form,1
フロント,フロント,"front (aspect, weather, war-front, etc.); reception (e.g. in a hotel)",1
ブーツ,ブーツ,boots; boot,1
ブーム,ブーム,boom; craze,1
ブザー,ブザー,buzzer; personal alarm (loud buzzer to attract attention in case of attack),1
ブルー,ブルー,blue; sad,1
ベース,ベース,base; basis,1
ベスト,ベスト,best; vest,1
ベストセラー,ベストセラー,bestseller,1
ペア,ペア,pair; set of two,1
ホース,ホース,hose; horse,1
ホール,ホール,"hall (dance, concert, etc.); dining area of a restaurant",1
ボイコット,ボイコット,boycott,1
ボルト,ボルト,volt; bolt,1
ポーズ,ポーズ,pose; posturing,1
ポイント,ポイント,"point (of a story, argument, etc.); key point",1
ポジション,ポジション,position,1
ポット,ポット,"pot (esp. teapot, coffee pot); vacuum bottle",1
ポンプ,ポンプ,pump,1
マーク,マーク,mark; sign,1
マスコミ,マスコミ,mass communication; mass media,1
マッサージ,マッサージ,massage,1
ミスプリント,ミスプリント,misprint,1
ミセス,ミセス,Mrs,1
ミュージック,ミュージック,music,1
ミリ,ミリ,milli-; 10^-3,1
ムード,ムード,mood; atmosphere,1
メーカー,メーカー,manufacturer (esp. a major company); producer,1
メッセージ,メッセージ,message,1
メディア,メディア,media,1
メロディー,メロディー,melody; tune,1
モーテル,モーテル,motel; drive-in love hotel,1
モニター,モニター,"monitor (device, software or person); monitoring",1
ヤング,ヤング,young; youth,1
ユニーク,ユニーク,unique; original,1
ユニフォーム,ユニフォーム,uniform,1
ライス,ライス,rice (esp. when served on a plate),1
ラベル,ラベル,label; (record) label,1
ランプ,ランプ,lamp; light,1
ルーズ,ルーズ,"careless (with something, esp. time, money, promises, etc.); lax",1
ルール,ルール,rule,1
レース,レース,race; lace,1
レギュラー,レギュラー,regular; standard,1
レクリエーション,レクリエーション,recreation; re-creation,1
レッスン,レッスン,lesson,1
レディー,レディー,lady; ready,1
レバー,レバー,liver; lever,1
レンジ,レンジ,range; stove,1
レンタカー,レンタカー,rental car; rent-a-car,1
レントゲン,レントゲン,X-ray; roentgen (unit of ionizing radiation),1
ロープ,ロープ,rope,1
ローマ字,ローマじ,Latin alphabet; Roman alphabet,1
ロマンチック,ロマンチック,romantic,1
ワット,ワット,watt,1
あいかわらず,あいかわらず,as usual; as always,2
アイデア,アイデア,idea,2
アイデア,アイ,idea,2
アイ,アイデア,I (alphabet letter); i,2
アイ,アイ,I (alphabet letter); i,2
ディア,ディア,deer; dear,2
あいまい,あいまい,"dancing together in unison (in noh, kyogen, etc.); vague",2
遭う,あう,to meet; to encounter,2
扇ぐ,あおぐ,to fan; to incite,2
青白い,あおじろい,pale; pallid,2
あかんぼう,あかんぼう,baby; infant,2
明き,あき,space; room,2
あきれる,あきれる,to be amazed; to be shocked,2
アクセント,アクセント,"accent (on a syllable, word); stress",2
あくび,あくび,yawn; yawning,2
飽くまで,あくまで,to the end; to the bitter end,2
明け方,あけがた,dawn; daybreak,2
揚げる,あげる,to deep-fry; to make deep-fried food,2
挙げる,あげる,to give (an example); to list,2
憧れる,あこがれる,to long for; to yearn for,2
足跡,あしあと,footprints; record of page visitors (e.g. in social networking sites),2
味わう,あじわう,to taste; to savor,2
預かる,あずかる,to look after; to take care of,2
暖まる,あたたまる,to warm oneself; to sun oneself,2
暖める,あたためる,to warm (up); to heat (up),2
あたりまえ,あたりまえ,natural; reasonable,2
あひら,あひら,,2
あちらこちら,あちらこちら,here and there; various places,2
厚かましい,あつかましい,impudent; shameless,2
圧縮,あっしゅく,compression; condensing,2
宛名,あてな,"name and address (on an envelope, etc.); (addressee's) name",2
あてはまる,あてはまる,"to apply (of a rule); to be applicable (of standards, lessons, ideas, etc.)",2
あてはめる,あてはめる,to apply; to adapt,2
暴れる,あばれる,to act violently; to rage,2
脂,あぶら,fat; tallow,2
あぶる,あぶる,to warm (e.g. one's hands over a fire); to dry,2
あふれる,あふれる,to overflow; to brim over,2
雨戸,あまど,sliding storm shutter,2
甘やかす,あまやかす,to pamper; to spoil,2
余る,あまる,to remain; to be left over,2
編物,あみもの,knitting; knitted material,2
編む,あむ,to knit; to plait,2
危うい,あやうい,dangerous; in danger,2
怪しい,あやしい,suspicious; dubious,2
荒い,あらい,rough; wild,2
粗い,あらい,coarse; rough,2
あらすじ,あらすじ,outline; summary,2
争う,あらそう,to compete; to contest,2
改めて,あらためて,another time; again,2
改める,あらためる,to change; to alter,2
著す,あらわす,to write; to publish,2
有難い,ありがたい,grateful; thankful,2
在る,ある,to be; to exist,2
あれこれ,あれこれ,this and that; this or that,2
あわただしい,あわただしい,busy; hectic,2
あわてる,あわてる,"to become confused (disconcerted, disorganized, disorganised); to be flustered",2
安易,あんい,easy; simple,2
案外,あんがい,unexpectedly; surprisingly,2
アンテナ,アンテナ,antenna; thing or method used to collect information or opinions,2
言い出す,いいだす,to begin to say; to start talking,2
言い付ける,いいつける,to tell (to do); to order,2
意義,いぎ,meaning; significance,2
生き生き,いきいき,in a lively way; vividly,2
いきなり,いきなり,abruptly; suddenly,2
育児,いくじ,childcare; child-rearing,2
幾分,いくぶん,somewhat; to some extent,2
生け花,いけばな,ikebana; fresh flower,2
以後,いご,after this; from now on,2
以降,いこう,on and after; from ... onward,2
イコール,イコール,equal; equivalent,2
勇ましい,いさましい,brave; valiant,2
衣食住,いしょくじゅう,"food, clothing and shelter; necessities of life",2
意地悪,いじわる,malicious; ill-tempered,2
いちいち,いちいち,one-by-one; separately,2
一応,いちおう,more or less; though not quite satisfactorily,2
一段と,いちだんと,,2
一流,いちりゅう,first-class; first-rate,2
佚,いつ,being comfortable; relaxing,2
一昨日,いっさくじつ,day before yesterday,2
一昨年,いっさくねん,year before last,2
一斉,いっせい,simultaneous; all at once,2
一旦,いったん,once; for a short time,2
一定,いってい,to fix; to settle,2
いっていらっし,いっていらっし,,2
ゃい,ゃい,,2
いってらっしゃ,いってらっしゃ,,2
い,い,difference (of opinion); strange,2
いってまいりま,いってまいりま,,2
す,す,one's nature; one's feelings,2
いつのまにか,いつのまにか,before one knows; before one becomes aware of,2
移転,いてん,moving; relocation,2
井戸,いど,water well,2
緯度,いど,latitude,2
従姉妹,いとこ,cousin (female),2
威張る,いばる,to put on airs; to act big,2
嫌がる,いやがる,to appear uncomfortable (with); to seem to hate,2
いよいよ,いよいよ,more and more; all the more,2
煎る,いる,to roast; to parch,2
炒る,いる,to roast; to parch,2
入れ物,いれもの,container; case,2
インキ,インキ,ink,2
インタビュー,インタビュー,"interview (on television, in a newspaper, etc.)",2
引力,いんりょく,"attraction (e.g. magnetic, gravitation); affinity",2
ウーマン,ウーマン,woman,2
ウール,ウール,wool,2
ウエートレス,ウエートレス,,2
植木,うえき,garden plant; garden tree,2
飢える,うえる,to starve; to be famished,2
浮ぶ,うかぶ,to float; to be suspended,2
浮かべる,うかべる,to float; to set afloat,2
浮く,うく,to float; to become merry,2
承る,うけたまわる,to hear; to be told,2
受取,うけとり,receiving; receipt,2
受け持つ,うけもつ,to take (be in) charge of,2
薄暗い,うすぐらい,dim; gloomy,2
薄める,うすめる,to dilute; to water down,2
打合せ,うちあわせ,(preparatory) meeting; briefing session,2
打ち消す,うちけす,to deny; to contradict,2
討つ,うつ,to attack; to destroy,2
うっかり,うっかり,carelessly; thoughtlessly,2
映す,うつす,to project; to reflect,2
写る,うつる,to be photographed; to be projected,2
映る,うつる,to be reflected; to harmonize with (harmonise),2
うどん,うどん,udon,2
有無,うむ,existence or nonexistence; presence or absence,2
埋める,うめる,to cover; to bury (e.g. one's face in hands),2
敬う,うやまう,to show respect for; to revere,2
裏返す,うらがえす,to turn inside out; to turn the other way,2
裏口,うらぐち,backdoor; rear entrance,2
占う,うらなう,to tell someone's fortune; to divine (the future),2
恨み,うらみ,resentment; grudge,2
恨む,うらむ,to regret; to bear a grudge against,2
羨ましい,うらやましい,envious; jealous,2
羨む,うらやむ,to envy; to be envious of,2
売上,うりあげ,amount sold; sales,2
売り切れ,うりきれ,sold-out,2
売り切れる,うりきれる,to be sold out,2
売行き,うれゆき,sales; demand,2
うろうろ,うろうろ,restlessly; aimlessly,2
運河,うんが,(navigable) canal; waterway,2
うんと,うんと,a great deal; very much,2
英文,えいぶん,English writing; English sentence,2
英和,えいわ,English-Japanese; English-Japanese dictionary,2
ええと,ええと,,2
液体,えきたい,liquid,2
エチケット,エチケット,politeness; good manners,2
絵の具,えのぐ,paint; coloring materials,2
エプロン,エプロン,apron; apron (airport),2
偉い,えらい,great; excellent,2
宴会,えんかい,party; banquet,2
園芸,えんげい,horticulture; gardening,2
演劇,えんげき,drama; theatre,2
円周,えんしゅう,circumference,2
遠足,えんそく,school trip; field trip,2
延長,えんちょう,extension; elongation,2
煙突,えんとつ,chimney; smokestack,2
追い掛ける,おいかける,to chase; to run after,2
追い越す,おいこす,to pass (e.g. car); to overtake,2
オイル,オイル,oil; petroleum,2
応援,おうえん,aid; assistance,2
王女,おうじょ,princess,2
応ずる,おうずる,to answer; to respond,2
応接,おうせつ,reception (e.g. of visitors); dealing with,2
応対,おうたい,"dealing with (people, customers, complaints, etc.); receiving (callers, visitors, etc.)",2
往復,おうふく,making a round trip; going and returning,2
欧米,おうべい,Europe and the United States; Europe and America,2
応用,おうよう,(practical) application; putting to practical use,2
オーケストラ,オーケストラ,orchestra,2
おおざっぱ,おおざっぱ,"rough (estimate, summary, etc.); broad",2
大通り,おおどおり,main street; avenue,2
オートメーショ,オートメーショ,,2
ン,ン,some,2
オーバーコート,オーバーコート,overcoat,2
大凡,おおよそ,about; roughly,2
お帰り,おかえり,return; welcome home,2
おかけください,おかけください,please sit down; please have a seat,2
おかげさまで,おかげさまで,thankfully; fortunately,2
おかず,おかず,small dish (usu. one of several accompanying rice); side dish,2
拝む,おがむ,to assume the posture of praying; to press the palms and fingers of both hands together,2
お代わり,おかわり,another helping; second helping,2
補う,おぎなう,to supplement; to make up for,2
おきのどくに,おきのどくに,my sympathies; that's too bad,2
屋外,おくがい,outdoors; outside,2
おくさん,おくさん,wife; your wife,2
送り仮名,おくりがな,kana written after a kanji to complete the full (usually kun) reading of the word; declensional kana ending,2
おげんきで,おげんきで,,2
怠る,おこたる,to neglect; to be negligent in,2
押える,おさえる,to pin down; to hold down,2
おさきに,おさきに,before; previously,2
納める,おさめる,to put (into); to put away (in),2
治める,おさめる,to rule; to govern,2
惜しい,おしい,regrettable; disappointing,2
御辞儀,おじぎ,bow; bowing,2
伯父さん,おじさん,uncle; old man,2
小父さん,おじさん,uncle; old man,2
叔父さん,おじさん,uncle; old man,2
おしゃれ,おしゃれ,stylish; fashionable,2
おじゃまします,おじゃまします,please excuse the intrusion; I'm coming in,2
教わる,おそわる,to be taught; to learn,2
おだいじに,おだいじに,take care of yourself; get well soon,2
落着く,おちつく,to calm down; to compose oneself,2
御手洗,おてあらい,toilet; restroom,2
お出掛け,おでかけ,about to start out; just about to leave or go out,2
お手伝いさ,おてつだいさん,maid,2
おどかす,おどかす,to threaten; to menace,2
落し物,おとしもの,lost property; something dropped and left behind,2
おととい,おととい,day before yesterday,2
おととし,おととし,year before last,2
おとなしい,おとなしい,gentle; quiet,2
驚かす,おどろかす,to surprise; to frighten,2
おねがいします,おねがいします,please,2
各々,おのおの,each; you (plural),2
伯母さん,おばさん,aunt,2
叔母さん,おばさん,aunt,2
おはよう,おはよう,good morning,2
お参り,おまいり,"visit (to a shrine, grave, etc.); worship",2
おまたせしまし,おまたせしまし,,2
た,た,distance between outstretched thumb and middle finger (approx. 18 cm); did,2
おまちください,おまちください,,2
おまちどおさま,おまちどおさま,I'm sorry to have kept you waiting,2
おめでたい,おめでたい,(matter) for congratulations; worthy of celebration,2
思い掛けな,おもいがけない,unexpected; contrary to expectations,2
思い込む,おもいこむ,to be convinced (that); to be under the impression (that),2
思いっ切り,おもいっきり,to one's heart's content; as much as one wants,2
思い付く,おもいつく,to think of; to hit upon,2
重たい,おもたい,heavy; weighty,2
おやすみ,おやすみ,holiday; day off,2
おやつ,おやつ,between-meal snack; mid-afternoon (around 3 o'clock) snack,2
親指,おやゆび,thumb; big toe,2
オルガン,オルガン,organ (musical instrument),2
卸す,おろす,to sell wholesale; to grate (e.g. vegetables),2
恩恵,おんけい,grace; favor,2
温室,おんしつ,greenhouse; hothouse,2
温泉,おんせん,hot spring; onsen,2
温帯,おんたい,temperate zone,2
御中,おんちゅう,... and Company; Messrs,2
女の人,おんなのひと,woman,2
蚊,か,mosquito,2
カーブ,カーブ,(wine) cellar; curve,2
貝,かい,Japanese Babylon (Babylonia japonica); Japanese ivory shell,2
開会,かいかい,opening of a meeting,2
会館,かいかん,meeting hall; assembly hall,2
改札,かいさつ,examination of tickets; ticket gate,2
解散,かいさん,"breaking up (a meeting, gathering, etc.); dispersal (e.g. of a crowd)",2
海水浴,かいすいよく,swimming in the ocean; sea bathing,2
回数,かいすう,number of times; frequency,2
回数券,かいすうけん,coupon tickets; discount tickets,2
改正,かいせい,revision; amendment,2
快晴,かいせい,clear weather; cloudless weather,2
解説,かいせつ,explanation; commentary,2
改造,かいぞう,remodeling; remodelling,2
開通,かいつう,"opening (of a new road, railway, etc.); going into operation (e.g. telephone communication)",2
回転,かいてん,rotation; revolution,2
解答,かいとう,answer; solution,2
回答,かいとう,reply; answer,2
外部,がいぶ,outside (e.g. of a building); exterior,2
解放,かいほう,release; unleashing,2
開放,かいほう,"opening (a door, window, etc.); leaving open",2
海洋,かいよう,ocean; sea,2
概論,がいろん,introduction; outline,2
帰す,かえす,to come to (in the end); to end in,2
却って,かえって,on the contrary; rather,2
代える,かえる,to replace; to convert,2
反る,かえる,to warp; to curve,2
家屋,かおく,house; building,2
係わる,かかわる,to be involved (in); to get involved (in),2
書留,かきとめ,registered mail; registered post,2
書取,かきとり,writing down from other written material; writing kanji text from hiragana,2
垣根,かきね,hedge; fence,2
掻く,かく,to scratch; to perspire,2
嗅ぐ,かぐ,to sniff; to smell,2
架空,かくう,fictitious; imaginary,2
各自,かくじ,each (person); everyone,2
拡充,かくじゅう,expansion,2
学術,がくじゅつ,science; learning,2
各地,かくち,each place; every place,2
拡張,かくちょう,expansion; extension,2
角度,かくど,angle,2
学年,がくねん,academic year; school year,2
学部,がくぶ,faculty (of a university); school,2
格別,かくべつ,particular; special,2
確率,かくりつ,probability; likelihood,2
学力,がくりょく,scholarly ability; scholarship,2
掛け算,かけざん,multiplication,2
可決,かけつ,"approval; adoption (of a motion, bill, etc.)",2
火口,かこう,(volcanic) crater; caldera,2
下降,かこう,descent; fall,2
重なる,かさなる,to be piled up; to lie on top of one another,2
重ねる,かさねる,to pile up; to heap up,2
飾り,かざり,decoration; ornament,2
火山,かざん,volcano,2
かしこまりまし,かしこまりまし,,2
た,た,distance between outstretched thumb and middle finger (approx. 18 cm); did,2
貸し出し,かしだし,lending; loaning,2
過失,かしつ,accident (caused by negligence); error,2
果実,かじつ,fruit; nut,2
貸間,かしま,room to let; room for rent,2
貸家,かしや,house for rent,2
個所,かしょ,place; point,2
過剰,かじょう,excess; surplus,2
かじる,かじる,to gnaw; to nibble,2
課税,かぜい,taxation,2
下線,かせん,underline; underscore,2
カセット,カセット,cassette (tape); game cartridge,2
加速,かそく,acceleration; speeding up,2
加速度,かそくど,acceleration,2
固い,かたい,hard; solid,2
堅い,かたい,hard; solid,2
片仮名,かたかな,katakana,2
片付く,かたづく,to be put in order; to be put to rights,2
塊,かたまり,lump; mass,2
固まる,かたまる,to harden; to solidify,2
片道,かたみち,one-way (trip); one-way ticket,2
傾く,かたむく,to lean (esp. of a ripe ear of rice); to incline,2
片寄る,かたよる,to lean (to one side); to incline,2
学科,がっか,subject (of study); course of study,2
学会,がっかい,learned society; scientific society,2
楽器,がっき,musical instrument,2
学級,がっきゅう,(school) class,2
担ぐ,かつぐ,to shoulder; to carry on one's shoulder,2
括弧,かっこ,brackets; parentheses,2
活字,かつじ,(piece of) type; movable type,2
活躍,かつやく,activity (esp. energetic or successful); great efforts,2
活力,かつりょく,vitality; energy,2
仮定,かてい,assumption; supposition,2
過程,かてい,process; course,2
課程,かてい,course; curriculum,2
仮名,かな,alias; pseudonym,2
仮名遣い,かなづかい,kana orthography; syllabary spelling,2
鐘,かね,bell (often a large hanging bell); chime,2
加熱,かねつ,heating; application of heat,2
兼ねる,かねる,"to be unable to; to find difficult (unpleasant, awkward, painful) to do",2
カバー,カバー,cover; covering,2
過半数,かはんすう,majority,2
被せる,かぶせる,to put clothes on (someone); to dress,2
釜,かま,iron pot; kettle,2
紙屑,かみくず,wastepaper; scrap of paper,2
神様,かみさま,God; god,2
剃刀,かみそり,razor,2
ガム,ガム,chewing gum; gum,2
貨物,かもつ,cargo; freight,2
かゆい,かゆい,itchy,2
歌謡,かよう,song; ballad,2
殻,から,chicken bones (e.g. for soup); chicken carcass,2
カラー,カラー,collar; calla (variety of arum lily),2
からかう,からかう,to tease; to make fun of,2
空っぽ,からっぽ,empty; vacant,2
かるた,かるた,karuta,2
枯れる,かれる,to wither (of a plant); to be blasted,2
カロリー,カロリー,calorie,2
かわいがる,かわいがる,to be affectionate to; to treat tenderly,2
乾かす,かわかす,"to dry (clothes, etc.); to desiccate",2
渇く,かわく,to be thirsty; to feel thirsty,2
為替,かわせ,money order; draft,2
瓦,かわら,tile (e.g. roof); gram,2
代る,かわる,to succeed; to relieve,2
間隔,かんかく,space; interval,2
換気,かんき,ventilation,2
感激,かんげき,deep emotion; impression,2
関西,かんさい,"Kansai (region comprising Kyoto, Osaka, Kobe and surrounding prefectures); Kansai (western half of Japan; during the feudal era)",2
鑑賞,かんしょう,"appreciation (of art, music, poetry, etc.)",2
感ずる,かんずる,to feel; to sense,2
間接,かんせつ,indirection; indirectness,2
乾燥,かんそう,dryness; aridity,2
感想,かんそう,impressions; thoughts,2
観測,かんそく,observation; survey,2
寒帯,かんたい,frigid zone,2
官庁,かんちょう,government office; government agency,2
勘違い,かんちがい,misunderstanding; mistaken idea,2
缶詰,かんづめ,canned food; tinned food,2
乾電池,かんでんち,dry cell battery,2
関東,かんとう,Kantō (region comprising Tokyo and surrounding prefectures); Kantō (eastern half of Japan; during the feudal era),2
観念,かんねん,idea; notion,2
乾杯,かんぱい,cheers; bottoms-up,2
看板,かんばん,signboard; sign,2
看病,かんびょう,nursing (a patient),2
冠,かんむり,order; rank,2
漢和,かんわ,China and Japan; Chinese and Japanese (languages),2
気圧,きあつ,atmospheric pressure; air pressure,2
器械,きかい,machine; mechanism,2
着替え,きがえ,"changing clothes (on another person, e.g. a child or doll); changing the exterior parts (e.g. of a product)",2
機関車,きかんしゃ,locomotive; engine,2
飢饉,ききん,famine; crop failure,2
器具,きぐ,utensil; implement,2
期限,きげん,term; period,2
記号,きごう,sign; symbol,2
刻む,きざむ,to mince; to cut fine,2
儀式,ぎしき,ceremony; rite,2
基準,きじゅん,standard; criterion,2
規準,きじゅん,standard; criterion,2
起床,きしょう,rising (from one's bed); getting up,2
着せる,きせる,to put clothes on (someone); to dress,2
基礎,きそ,foundation; basis,2
気体,きたい,gas; vapour,2
基地,きち,"base (military, expedition, etc.); enthusiast",2
きっかけ,きっかけ,chance; start,2
ぎっしり,ぎっしり,tightly (packed); densely,2
基盤,きばん,(circuit) board; substrate,2
客席,きゃくせき,"guest seating (e.g. theater, stadium); passenger seat (e.g. taxi)",2
客間,きゃくま,drawing room; parlor,2
ギャング,ギャング,gang; gangster,2
キャンパス,キャンパス,campus,2
休業,きゅうぎょう,"suspension of business; temporary closure (of a store, school, etc.)",2
休講,きゅうこう,"cancellation (of a lecture, class, etc.)",2
休息,きゅうそく,rest; relief,2
給与,きゅうよ,pay; salary,2
休養,きゅうよう,rest; relaxation,2
清い,きよい,clean; clear,2
強化,きょうか,strengthening; intensifying,2
境界,きょうかい,land boundary; border (between properties),2
行事,ぎょうじ,event; function,2
恐縮,きょうしゅく,feeling (much) obliged; being (very) grateful,2
教養,きょうよう,(understanding or appreciation of) culture; (one's) education,2
行列,ぎょうれつ,line; queue,2
漁業,ぎょぎょう,fishing industry; fishery,2
曲線,きょくせん,curve,2
規律,きりつ,order; observance,2
斬る,きる,"to kill (a human) using a blade (sword, machete, knife, etc.); to slice (off)",2
気を付ける,きをつける,to be careful; to pay attention,2
金魚,きんぎょ,goldfish (Carassius auratus),2
区域,くいき,area; zone,2
偶数,ぐうすう,even number,2
空想,くうそう,daydream; fantasy,2
空中,くうちゅう,(in) the air; midair,2
クーラー,クーラー,air conditioner; cooler,2
釘,くぎ,nail; spike,2
区切る,くぎる,to divide; to separate,2
櫛,くし,comb,2
くしゃみ,くしゃみ,sneeze; sneezing,2
苦情,くじょう,complaint; troubles,2
苦心,くしん,pains; hard work,2
屑,くず,waste; scrap,2
崩す,くずす,to destroy; to demolish,2
薬指,くすりゆび,ring finger; third finger,2
崩れる,くずれる,to collapse; to crumble,2
砕く,くだく,to break (into pieces); to smash,2
砕ける,くだける,to break (into pieces); to be broken,2
くたびれる,くたびれる,to get tired; to become exhausted,2
くだらない,くだらない,trivial; trifling,2
下る,くだる,to come down; to go down,2
唇,くちびる,lip; lips,2
口紅,くちべに,lipstick,2
くっつく,くっつく,to adhere to; to stick to,2
くっつける,くっつける,to attach; to stick together,2
くどい,くどい,repetitious; long-winded,2
句読点,くとうてん,punctuation mark,2
配る,くばる,to distribute; to hand out,2
工夫,くふう,devising (a way); contriving,2
区分,くぶん,division; section,2
組合せ,くみあわせ,combination; assortment,2
組み立てる,くみたてる,to assemble; to put together,2
汲む,くむ,to draw (water); to ladle,2
酌む,くむ,to pour (sake); to serve,2
悔しい,くやしい,"frustrated (over a failure, humiliation or injustice); annoyed",2
悔やむ,くやむ,to mourn; to lament,2
クリーニング,クリーニング,cleaning; dry cleaning,2
くるむ,くるむ,to wrap up (in); to roll up (in),2
くれぐれも,くれぐれも,sincerely; earnestly,2
咥える,くわえる,to hold in one's mouth; to bring with,2
郡,ぐん,district; county,2
稽古,けいこ,practice; practising,2
敬語,けいご,honorific; term of respect,2
蛍光灯,けいこうとう,fluorescent lamp; fluorescent light,2
形式,けいしき,form (as opposed to substance); format,2
継続,けいぞく,continuation; continuance,2
毛糸,けいと,knitting wool; woolen yarn,2
経度,けいど,longitude,2
系統,けいとう,system; lineage,2
芸能,げいのう,public entertainment; performing arts,2
競馬,けいば,traditional horse-racing; horse racing,2
警備,けいび,defense; defence,2
形容詞,けいようし,adjective; i-adjective (in Japanese),2
形容動詞,けいようどうし,adjectival noun (in Japanese); quasi-adjective,2
外科,げか,surgery (branch of medicine); department of surgery,2
毛皮,けがわ,fur; skin,2
激増,げきぞう,sharp increase; sudden rise,2
下車,げしゃ,"alighting (from a train, bus, etc.); getting off",2
下旬,げじゅん,last third of a month; 21st to the last day of a month,2
下水,げすい,"water flowing underneath; kanji ""water"" radical at bottom (radical 85)",2
削る,けずる,"to shave (wood, leather, etc.); to sharpen (e.g. pencil)",2
桁,けた,column; beam,2
下駄,げた,geta; turn (in set-type proofing),2
血圧,けつあつ,blood pressure,2
血液,けつえき,blood,2
月給,げっきゅう,monthly salary,2
傑作,けっさく,masterpiece; masterwork,2
月末,げつまつ,end of the month,2
気配,けはい,indication; sign,2
下品,げひん,vulgar; indecent,2
煙い,けむい,smoky,2
蹴る,ける,to kick; to refuse,2
険しい,けわしい,precipitous; rugged,2
見学,けんがく,inspection; study by observation,2
謙虚,けんきょ,modest; humble,2
原稿,げんこう,manuscript; copy,2
原産,げんさん,place of origin; habitat,2
原始,げんし,origin; beginning,2
研修,けんしゅう,training (esp. in-service); induction course,2
厳重,げんじゅう,strict; severe,2
謙遜,けんそん,modesty; humility,2
県庁,けんちょう,prefectural office,2
限度,げんど,limit; bounds,2
現に,げんに,actually; really,2
顕微鏡,けんびきょう,microscope,2
原理,げんり,principle; theory,2
原料,げんりょう,raw materials; ingredient,2
碁,ご,go (board game),2
恋しい,こいしい,yearned for; longed for,2
請う,こう,to beg; to ask,2
工員,こういん,factory worker,2
強引,ごういん,overbearing; coercive,2
公害,こうがい,pollution; public nuisance,2
高級,こうきゅう,high-class; high-grade,2
公共,こうきょう,"public (facilities, service, etc.); communal",2
工芸,こうげい,industrial arts; craft,2
孝行,こうこう,filial piety; showing devotion (to someone),2
交差,こうさ,crossing; intersection,2
講師,こうし,speaker; lecturer,2
工事,こうじ,construction work,2
公式,こうしき,official; formal,2
口実,こうじつ,excuse; pretext,2
こうして,こうして,thus; in this way,2
校舎,こうしゃ,school building; schoolhouse,2
公衆,こうしゅう,the public; general public,2
香水,こうすい,scented water used for purification; water offering to Buddha,2
公正,こうせい,justice; fairness,2
功績,こうせき,achievement; meritorious deed,2
光線,こうせん,ray (of light); beam,2
高層,こうそう,high-rise (building); multistory,2
構造,こうぞう,structure; construction,2
交替,こうたい,change; alternation,2
耕地,こうち,arable land; plantation,2
交通機関,こうつうきかん,(means of) transportation; transport,2
校庭,こうてい,schoolyard; school playground,2
肯定,こうてい,affirmation; affirmative,2
高度,こうど,altitude; height,2
高等,こうとう,high class; high grade,2
合同,ごうどう,combination; union,2
後輩,こうはい,"junior (at work, school, etc.); younger people",2
公表,こうひょう,official announcement; proclamation,2
鉱物,こうぶつ,mineral,2
公務,こうむ,official business; public business,2
項目,こうもく,item; heading,2
紅葉,こうよう,maple (tree); red leaves (of autumn),2
合理,ごうり,rationality,2
交流,こうりゅう,exchange (e.g. cultural); interchange,2
合流,ごうりゅう,confluence (of rivers); flowing together,2
効力,こうりょく,effect; efficacy,2
超える,こえる,to cross over; to cross,2
コース,コース,course; route,2
コーラス,コーラス,chorus,2
焦がす,こがす,to burn; to scorch,2
国王,こくおう,king; queen,2
国籍,こくせき,nationality; citizenship,2
国立,こくりつ,national; founded and run by the central government,2
ごくろうさま,ごくろうさま,thank you (for your hard work); I appreciate your efforts,2
焦げる,こげる,to burn; to scorch,2
凍える,こごえる,to freeze (of one's body); to be frozen,2
心当たり,こころあたり,having in mind; happening to know (of),2
心得る,こころえる,to know; to understand,2
腰掛け,こしかけ,seat; bench,2
腰掛ける,こしかける,to sit (down),2
五十音,ごじゅうおん,the Japanese syllabary,2
胡椒,こしょう,pepper,2
こしらえる,こしらえる,to make; to manufacture,2
超す,こす,to cross over (e.g. mountain); to go across,2
擦る,こする,to rub in; to smear on,2
ごぞんじですか,ごぞんじですか,,2
個体,こたい,individual; specimen,2
御馳走,ごちそう,treat (esp. food and drink); entertainment,2
ごちそうさま,ごちそうさま,thank you (for the meal); that was a delicious meal,2
こちらこそ,こちらこそ,it is I who should say so,2
小遣い,こづかい,pocket money; spending money,2
コック,コック,cock; tap,2
こっそり,こっそり,stealthily; secretly,2
古典,こてん,"classic (work, esp. book); the classics",2
琴,こと,qin (7-stringed Chinese zither); guqin,2
言付ける,ことづける,"to have someone send (a message, parcel, etc.); to send (via someone else)",2
言葉遣い,ことばづかい,speech; expression,2
こないだ,こないだ,the other day; lately,2
御無沙汰,ごぶさた,"not writing or contacting for a while; neglecting (failing) to write (call, visit, etc.)",2
こぼす,こぼす,to spill; to drop,2
こぼれる,こぼれる,to be chipped; to be nicked,2
塵芥,ごみ,rubbish; trash,2
ゴム,ゴム,gum; rubber,2
御免,ごめん,I'm sorry; my apologies,2
ごめんください,ごめんください,may I come in?; please forgive me,2
小指,こゆび,little finger; pinky,2
こらえる,こらえる,to bear; to stand,2
娯楽,ごらく,amusement; entertainment,2
御覧,ごらん,(please) try to; (please) look,2
コレクション,コレクション,"collection (of art, stamps, etc.); collecting",2
転がす,ころがす,to roll; to wheel,2
転がる,ころがる,to roll; to tumble,2
紺,こん,navy blue; deep blue,2
コンクール,コンクール,competition; contest,2
コンクリート,コンクリート,concrete,2
混合,こんごう,mixing; mixture,2
コンセント,コンセント,(electrical) outlet; (wall) socket,2
献立,こんだて,menu; bill of fare,2
こんばんは,こんばんは,good evening,2
サークル,サークル,group with a common interest (e.g. students); club (e.g. company sports club),2
在学,ざいがく,"attending (school, college, etc.); being enrolled",2
再三,さいさん,again and again; repeatedly,2
祭日,さいじつ,national holiday; festival day,2
催促,さいそく,pressing; urging,2
採点,さいてん,marking; grading,2
災難,さいなん,calamity; misfortune,2
裁縫,さいほう,sewing; needlework,2
材木,ざいもく,wood (for building); lumber,2
サイレン,サイレン,siren,2
逆さ,さかさ,inverted; upside down,2
逆様,さかさま,inverted; upside down,2
捜す,さがす,to search for; to look for,2
遡る,さかのぼる,to go upstream; to go up (a river),2
酒場,さかば,bar; pub,2
さきおととい,さきおととい,two days before yesterday; three days back (ago),2
先程,さきほど,a short while ago; a moment ago,2
裂く,さく,to tear; to rip up,2
索引,さくいん,index (in a book),2
作者,さくしゃ,creator (of a work); author,2
削除,さくじょ,deletion; elimination,2
作成,さくせい,"making (a report, plan, contract, etc.); drawing up",2
作製,さくせい,manufacture; production,2
探る,さぐる,to feel around for; to fumble for,2
囁く,ささやく,to whisper; to murmur,2
刺さる,ささる,to stick into (of something with a sharp point); to prick,2
匙,さじ,spoon,2
座敷,ざしき,tatami room; tatami mat room,2
差し支え,さしつかえ,hindrance; impediment,2
差し引き,さしひき,deduction; subtraction,2
刺身,さしみ,"sashimi (raw sliced fish, shellfish or crustaceans)",2
刺す,さす,to pierce; to stab,2
挿す,さす,to insert; to put in,2
注す,さす,to pour; to add (liquid),2
射す,さす,to shine,2
流石,さすが,as one would expect; just as you'd expect (from),2
撮影,さつえい,photography (still or motion); photographing,2
雑音,ざつおん,noise (usu. unpleasant); interference (e.g. radio),2
さっさと,さっさと,quickly; promptly,2
早速,さっそく,at once; immediately,2
錆,さび,rust,2
錆びる,さびる,to rust; to become rusty,2
座布団,ざぶとん,zabuton,2
冷ます,さます,to cool (e.g. from a high temperature to room temperature); to let cool,2
妨げる,さまたげる,to disturb; to prevent,2
冷める,さめる,to cool down; to get cold,2
さようなら,さようなら,farewell; adieu,2
再来月,さらいげつ,month after next,2
再来週,さらいしゅう,week after next,2
再来年,さらいねん,year after next,2
サラリーマン,サラリーマン,office worker; company employee,2
騒がしい,さわがしい,noisy; boisterous,2
さわやか,さわやか,fresh; refreshing,2
三角,さんかく,triangle; triangular shape,2
算数,さんすう,arithmetic; calculation,2
酸性,さんせい,acidity; acidic,2
産地,さんち,producing area; place of origin,2
サンプル,サンプル,sample; example,2
山林,さんりん,mountain forest; forest on a mountain,2
仕上がる,しあがる,to be finished; to be completed,2
しあさって,しあさって,in three days' time; two days after tomorrow,2
シーズン,シーズン,season (period in which regulated games are played); season (division of the year),2
シーツ,シーツ,sheet; bed sheet,2
寺院,じいん,Buddhist temple; religious building,2
しいんと,（する）,,2
自衛,じえい,self-defense; self-defence,2
塩辛い,しおからい,salty (taste); briny,2
司会,しかい,leading a meeting; presiding over a meeting,2
四角,しかく,quadrilateral; square,2
四角い,しかくい,square; rectangular,2
時間割,じかんわり,timetable (esp. a weekly school timetable); schedule,2
四季,しき,the four seasons,2
敷地,しきち,site; plot,2
至急,しきゅう,urgent; pressing,2
敷く,しく,to spread out (e.g. a futon); to lay out,2
茂る,しげる,to grow thickly; to be in full leaf,2
持参,じさん,bringing; taking,2
磁石,じしゃく,magnet; compass,2
四捨五入,ししゃごにゅう,rounding (off; a number); rounding half away from zero,2
始終,しじゅう,continuously; from beginning to end,2
自習,じしゅう,self-study; teaching oneself,2
静まる,しずまる,to become quiet; to quiet down,2
姿勢,しせい,posture; pose,2
自然科学,しぜんかがく,natural science,2
時速,じそく,speed (per hour),2
子孫,しそん,descendant; progeny,2
死体,したい,dead body; corpse,2
下書き,したがき,draft; rough copy,2
下町,したまち,"low-lying part of a city (usu. containing shops, factories, etc.); Shitamachi (low-lying area of eastern Tokyo near Tokyo Bay, incl. Asakusa, Shitaya, Kanda, Fukugawa, Honjo, Nihonbashi, Kyobashi and surrounds)",2
自治,じち,self-government; autonomy,2
実感,じっかん,real feeling; actual feeling,2
湿気,しっけ,moisture; humidity,2
湿気,しっき,moisture; humidity,2
しつこい,しつこい,insistent; obstinate,2
実習,じっしゅう,practice (in the field); training (esp. practical and hands-on),2
実績,じっせき,achievements; actual results,2
湿度,しつど,humidity,2
執筆,しっぴつ,writing; authoring,2
実物,じつぶつ,ornamental plant used primarily for the visual effect of its fruit; real thing,2
しっぽ,しっぽ,tail (of an animal); tail end,2
実用,じつよう,practical use; utility,2
実力,じつりょく,(real) ability; true strength,2
実例,じつれい,example; illustration,2
失恋,しつれん,disappointed love; broken heart,2
指定,してい,designation; specification,2
私鉄,してつ,private railway,2
児童,じどう,children; juvenile,2
縛る,しばる,to tie; to bind,2
地盤,じばん,ground; crust (earth),2
しびれる,しびれる,to become numb; to go to sleep (e.g. a limb),2
紙幣,しへい,paper money; note,2
しぼむ,しぼむ,"to wither (of flowers, dreams, etc.); to wilt",2
絞る,しぼる,"to wring (towel, rag); to squeeze",2
縞,しま,stripe; bar,2
地味,じみ,plain; simple,2
しみじみ,しみじみ,keenly; deeply,2
氏名,しめい,(full) name; identity,2
締切,しめきり,deadline; closing,2
締め切る,しめきる,to close up; to shut up (e.g. behind doors),2
湿る,しめる,to become damp; to become moist,2
ジャーナリスト,ジャーナリスト,journalist,2
社会科学,しゃかいかがく,social science,2
しゃがむ,しゃがむ,to squat; to crouch,2
蛇口,じゃぐち,faucet; tap,2
弱点,じゃくてん,weak point; weakness,2
車庫,しゃこ,garage; carport,2
車掌,しゃしょう,(train) conductor,2
写生,しゃせい,sketching; drawing from nature,2
社説,しゃせつ,editorial; leading article,2
しゃっくり,しゃっくり,hiccup; hiccough,2
シャッター,シャッター,"(camera) shutter; shutter (for a door, window, etc.)",2
しゃぶる,しゃぶる,to suck; to lick,2
車輪,しゃりん,(vehicle) wheel,2
洒落,しゃれ,impertinent; fresh,2
じゃんけん,じゃんけん,rock-paper-scissors (game); janken,2
集会,しゅうかい,meeting; assembly,2
住居,じゅうきょ,dwelling; house,2
集金,しゅうきん,money collection,2
集合,しゅうごう,meeting up; gathering,2
習字,しゅうじ,penmanship; calligraphy,2
修繕,しゅうぜん,repair; mending,2
重体,じゅうたい,serious condition; critical condition,2
じゅうたん,（カーペット）,animal charcoal; carbo animalis,2
終点,しゅうてん,terminus; last stop (e.g. train),2
重点,じゅうてん,important point; emphasis,2
就任,しゅうにん,assumption (of office); taking up (a post),2
周辺,しゅうへん,circumference; outskirts,2
重役,じゅうやく,(company) director; executive,2
終了,しゅうりょう,end; close,2
重量,じゅうりょう,weight,2
重力,じゅうりょく,gravity; gravitation,2
熟語,じゅくご,kanji compound; idiom,2
祝日,しゅくじつ,national holiday; public holiday,2
縮小,しゅくしょう,reduction; curtailment,2
受験,じゅけん,taking an examination (esp. for entrance to a school or university),2
主語,しゅご,subject,2
出勤,しゅっきん,going to work; leaving for work,2
述語,じゅつご,predicate,2
出張,しゅっちょう,business trip; official trip,2
寿命,じゅみょう,lifespan; life,2
主役,しゅやく,leading part; leading actor,2
受話器,じゅわき,(telephone) receiver,2
循環,じゅんかん,circulation; rotation,2
巡査,じゅんさ,police officer; policeman,2
順々,じゅんじゅん,in order; in turn,2
順序,じゅんじょ,order; sequence,2
純情,じゅんじょう,pure heart; naivete,2
純粋,じゅんすい,pure; true,2
消化,しょうか,digestion (of food); digestion (of information),2
小学生,しょうがくせい,elementary school student; primary school student,2
しょうがない,しょうがない,there's no (other) way; cannot be helped,2
将棋,しょうぎ,shogi; Japanese chess,2
蒸気,じょうき,steam; vapour,2
定規,じょうぎ,(measuring) ruler,2
上級,じょうきゅう,upper level; upper grade,2
商業,しょうぎょう,commerce; trade,2
消極的,しょうきょくて,negative; passive,2
き,き,strange; unconventional,2
賞金,しょうきん,prize money; monetary award,2
上下,じょうげ,top and bottom; up and down,2
障子,しょうじ,shoji (paper sliding door),2
商社,しょうしゃ,trading company,2
乗車,じょうしゃ,"boarding (a train, bus, etc.); getting into (e.g. a taxi)",2
上旬,じょうじゅん,first third of a month; first ten days of a month,2
生ずる,しょうずる,to produce; to yield,2
小数,しょうすう,fraction (part of); decimal fraction,2
商店,しょうてん,shop; store,2
焦点,しょうてん,focus; focal point,2
消毒,しょうどく,disinfection; sterilization,2
勝敗,しょうはい,"victory or defeat; outcome (of a game, battle, etc.)",2
蒸発,じょうはつ,evaporation; disappearance (of a person),2
賞品,しょうひん,prize; trophy,2
勝負,しょうぶ,victory or defeat; match,2
小便,しょうべん,urine; piss,2
消防署,しょうぼうしょ,fire station,2
正味,しょうみ,net (amount); clear,2
正面,しょうめん,front; frontage,2
消耗,しょうもう,exhaustion; consumption,2
醤油,しょうゆ,soy sauce; soya sauce,2
省略,しょうりゃく,omission; leaving out,2
初級,しょきゅう,elementary level; beginner level,2
助教授,じょきょうじゅ,assistant professor; associate professor,2
食塩,しょくえん,table salt,2
職人,しょくにん,craftsman; artisan,2
初旬,しょじゅん,first 10 days of the month,2
書籍,しょせき,book; publication,2
食器,しょっき,tableware,2
ショップ,ショップ,shop,2
書店,しょてん,bookshop; bookstore,2
書道,しょどう,calligraphy (esp. Asian calligraphy based on Chinese characters),2
白髪,しらが,white hair; grey hair,2
知合い,しりあい,acquaintance,2
シリーズ,シリーズ,series,2
私立,しりつ,private (establishment),2
資料,しりょう,material; materials,2
汁,しる,juice; sap,2
素人,しろうと,amateur; layman,2
芯,しん,wick; marrow,2
新幹線,しんかんせん,Shinkansen; bullet train,2
真空,しんくう,vacuum; absolute void,2
信ずる,しんずる,to believe; to believe in,2
心身,しんしん,mind and body,2
申請,しんせい,application; request,2
人造,じんぞう,artificial; man-made,2
寝台,しんだい,bed; couch,2
診断,しんだん,diagnosis; medical examination,2
侵入,しんにゅう,invasion; incursion,2
人文科学,じんぶんかがく,humanities; arts,2
人命,じんめい,(human) life,2
深夜,しんや,late at night,2
森林,しんりん,forest; woods,2
親類,しんるい,relative; relation,2
針路,しんろ,course; direction,2
神話,しんわ,myth; mythology,2
酢,す,vinegar,2
水産,すいさん,aquatic products; fisheries,2
炊事,すいじ,cooking; kitchen work,2
水蒸気,すいじょうき,water vapour; water vapor,2
水素,すいそ,hydrogen (H),2
垂直,すいちょく,vertical; perpendicular,2
推定,すいてい,presumption; assumption,2
水滴,すいてき,drop of water; vessel for replenishing inkstone water,2
水筒,すいとう,canteen; flask,2
随筆,ずいひつ,essays; miscellaneous writings,2
水分,すいぶん,water; liquid,2
水平,すいへい,horizontal; level,2
水平線,すいへいせん,horizon (related to bodies of water),2
水曜,すいよう,Wednesday,2
ずうずうしい,ずうずうしい,impudent; shameless,2
ずうっと,ずうっと,,2
末っ子,すえっこ,youngest child,2
スカーフ,スカーフ,scarf (esp. a lightweight summer scarf worn by women),2
図鑑,ずかん,pictorial book; picture book,2
杉,すぎ,Japanese cedar (Cryptomeria japonica),2
好き嫌い,すききらい,likes and dislikes; tastes,2
好き好き,すきずき,matter of taste,2
透き通る,すきとおる,to be transparent; to be see-through,2
隙間,すきま,gap; opening,2
スクール,スクール,school,2
すくなくとも,すくなくとも,at least,2
図形,ずけい,figure; shape,2
スケジュール,スケジュール,schedule; program,2
鈴,すず,bell (often globular),2
涼む,すずむ,to cool oneself; to cool off,2
スタート,スタート,start; beginning,2
スチュワーデス,スチュワーデス,stewardess; (female) flight attendant,2
すっきり,すっきり,refreshingly; with a feeling of relief,2
すっぱい,すっぱい,sour; acid,2
ステージ,ステージ,stage (platform); performance,2
棄てる,すてる,to throw away; to cast away,2
ストッキング,ストッキング,stockings,2
ストップ,ストップ,stop,2
素直,すなお,obedient; meek,2
頭脳,ずのう,head; brains,2
スピーカー,スピーカー,speaker,2
図表,ずひょう,chart; diagram,2
スマート,スマート,"smart (clothing, etc.); stylish",2
住まい,すまい,dwelling; house,2
すまない,すまない,inexcusable; unjustifiable,2
墨,すみ,Mexico; Mohism,2
澄む,すむ,"to become clear (water, air, etc.); to become transparent",2
清む,すむ,"to become clear (water, air, etc.); to become transparent",2
相撲,すもう,sumo (wrestling); sumo wrestler,2
スライド,スライド,slide (for projection); transparency,2
ずらす,ずらす,to shift; to move,2
ずらり,ずらり,in a row; in a line,2
掏摸,すり,pickpocket,2
刷る,する,to print; to color or pattern fabric using a wooden mold,2
狡い,ずるい,sly; cunning,2
すれちがう,すれちがう,to pass (by) each other; to brush past,2
滑れる,ずれる,to slide; to slip off,2
寸法,すんぽう,measurement; size,2
姓,せい,hereditary title (used in ancient Japan to denote rank and political standing); kabane,2
税関,ぜいかん,customs; customs house,2
製作,せいさく,manufacture; production,2
制作,せいさく,"work (film, book); production",2
性質,せいしつ,nature (of a person); disposition,2
清書,せいしょ,fair copy; clean copy,2
青少年,せいしょうねん,young people; youth,2
整数,せいすう,integer,2
清掃,せいそう,cleaning; clean-up,2
生存,せいぞん,existence; being,2
生長,せいちょう,growth (of a plant),2
政党,せいとう,political party,2
生年月日,せいねんがっぴ,birth date; date of birth,2
性能,せいのう,ability; performance,2
整備,せいび,maintenance; servicing,2
成分,せいぶん,ingredient; component,2
性別,せいべつ,(distinction of) sex; gender,2
正方形,せいほうけい,square,2
正門,せいもん,main gate; main entrance,2
成立,せいりつ,formation; establishment,2
西暦,せいれき,Common Era; CE,2
背負う,せおう,to carry on one's back; to be burdened with,2
赤道,せきどう,non-legal public road (denoted by a red line on cadastral maps; sometimes no longer physically existing); equator,2
折角,せっかく,with trouble; at great pains,2
接近,せっきん,getting closer; drawing nearer,2
石鹸,せっけん,soap,2
接する,せっする,to touch; to come in contact with,2
せっせと,せっせと,diligently; assiduously,2
接続,せつぞく,connection; attachment,2
瀬戸物,せともの,earthenware; porcelain,2
ぜひとも,ぜひとも,by all means; at all costs,2
迫る,せまる,to approach; to draw near,2
ゼミ,ゼミ,seminar,2
せめて,せめて,at least; at most,2
攻める,せめる,to attack; to assault,2
セメント,セメント,cement,2
栓,せん,stopper; cork,2
前後,ぜんご,front and rear; front and back,2
洗剤,せんざい,detergent; cleanser,2
全集,ぜんしゅう,complete works; complete collection,2
全身,ぜんしん,whole (body); full-length (e.g. portrait),2
扇子,せんす,folding fan,2
専制,せんせい,despotism; autocracy,2
先々月,せんせんげつ,month before last,2
先々週,せんせんしゅう,week before last,2
先祖,せんぞ,ancestor; forefather,2
先端,せんたん,pointed end; tip,2
センチ,センチ,centimeter; centimetre,2
宣伝,せんでん,publicity; advertisement,2
先頭,せんとう,"head (of a line, group, etc.); front",2
全般,ぜんぱん,(the) whole; as a whole,2
扇風機,せんぷうき,electric fan,2
線路,せんろ,railway track; railway line,2
相違,そうい,difference; discrepancy,2
そういえば,そういえば,now that you mention it; come to think of it,2
雑巾,ぞうきん,house-cloth; dust cloth,2
増減,ぞうげん,increase and decrease; fluctuation,2
倉庫,そうこ,storehouse; warehouse,2
相互,そうご,mutual; reciprocal,2
創作,そうさく,creation; production,2
葬式,そうしき,funeral,2
そうして,そうして,and; like that,2
造船,ぞうせん,shipbuilding,2
騒々しい,そうぞうしい,noisy; loud,2
増大,ぞうだい,enlargement; increase,2
そうっと,そうっと,softly; gently,2
送別,そうべつ,farewell; send-off,2
草履,ぞうり,zori,2
総理大臣,そうりだいじん,prime minister (as the head of a cabinet government); premier,2
送料,そうりょう,postage; carriage,2
属する,ぞくする,to entrust (someone) with; to pin one's hopes on (someone's future),2
続々,ぞくぞく,successively; one after another,2
速達,そくたつ,express; special delivery,2
測定,そくてい,measurement,2
測量,そくりょう,measurement; surveying,2
速力,そくりょく,speed,2
素質,そしつ,makings (of); aptitude,2
祖先,そせん,ancestor,2
そそっかしい,そそっかしい,careless; thoughtless,2
卒直,そっちょく,frank; candid,2
具える,そなえる,to furnish with; to equip with,2
そのうえ,そのうえ,in addition; furthermore,2
そのころ,そのころ,at that time; in those days,2
そのため,そのため,hence; for that reason,2
そのほか,そのほか,the rest; the others,2
蕎麦,そば,buckwheat (Fagopyrum esculentum); soba,2
剃る,そる,to shave,2
それなのに,それなのに,and yet; despite this,2
逸れる,それる,to lose sight of (one's companions); to stray from,2
揃う,そろう,to be complete; to be all present,2
揃える,そろえる,to collect; to gather,2
算盤,そろばん,abacus; soroban,2
存じる,ぞんじる,to know; to be aware (of),2
存ずる,ぞんずる,to know; to be aware (of),2
損得,そんとく,loss and gain; advantage and disadvantage,2
田ぼ,たんぼ,rice field; rice paddy,2
だいいち,（副）,first; foremost,2
退院,たいいん,leaving hospital; discharge from hospital,2
大学院,だいがくいん,graduate school,2
大工,だいく,carpenter,2
体系,たいけい,system; organization,2
太鼓,たいこ,drum,2
対策,たいさく,measure; step,2
大して,たいして,(not) very; (not) so,2
対照,たいしょう,contrast; antithesis,2
大小,だいしょう,size; large and small (sizes),2
体制,たいせい,order; system,2
体積,たいせき,capacity; volume,2
大層,たいそう,very; extremely,2
体操,たいそう,gymnastics; physical exercises,2
大分,だいぶん,"Ōita (city, prefecture); considerably",2
大木,たいぼく,large tree,2
題名,だいめい,title; caption,2
代名詞,だいめいし,pronoun; synonym,2
タイア,タイア,tire; tyre,2
ダイヤグラム,ダイヤグラム,diagram,2
ダイヤモンド,ダイヤモンド,diamond; infield,2
ダイヤル,ダイヤル,"dial (e.g. telephone, radio, clock, gauge)",2
対立,たいりつ,confrontation; opposition,2
田植え,たうえ,rice planting,2
絶えず,たえず,constantly; always,2
楕円,だえん,ellipse; oval,2
高める,たかめる,to raise; to lift,2
耕す,たがやす,to till; to plow,2
滝,たき,waterfall; rapids,2
炊く,たく,"to cook (grains, e.g. rice); to boil",2
焚く,たく,to burn; to roast,2
蓄える,たくわえる,to store; to save up,2
竹,たけ,bamboo (any grass of subfamily Bambusoideae); middle (of a three-tier ranking system),2
助かる,たすかる,to be saved; to be rescued,2
只,ただ,ordinary; common,2
但し,ただし,but; however,2
畳む,たたむ,"to fold (clothes, umbrella); to close (a shop, business)",2
立ち止まる,たちどまる,to stop (in one's tracks); to come to a stop,2
たちまち,たちまち,in an instant; in a moment,2
建つ,たつ,to be erected; to be built,2
発つ,たつ,"to depart (on a journey, trip, etc.); to leave",2
脱線,だっせん,derailment; digression,2
妥当,だとう,valid; proper,2
例える,たとえる,to compare (something) to; to liken,2
頼もしい,たのもしい,reliable; dependable,2
足袋,たび,tabi,2
ダブル,ダブル,double; double bed,2
だます,だます,to trick; to cheat,2
溜まる,たまる,to collect; to gather,2
ダム,ダム,dam,2
溜息,ためいき,sigh,2
ためらう,ためらう,to hesitate; to waver,2
溜める,ためる,to amass; to accumulate,2
だらしない,だらしない,"slovenly (appearance, work, etc.); sloppy",2
足る,たる,to be sufficient; to be enough,2
段階,だんかい,stairs; stairs at the front of a noh stage,2
短期,たんき,short-term,2
炭鉱,たんこう,coal mine; (coal) pit,2
短所,たんしょ,defect; demerit,2
たんす,たんす,chest of drawers; bureau,2
淡水,たんすい,fresh water (i.e. not salt water),2
断水,だんすい,suspension of water supply; water outage,2
単数,たんすう,single; one,2
団地,だんち,multi-unit apartments; apartment complex,2
断定,だんてい,conclusion; decision,2
短編,たんぺん,short story; short film,2
誓う,ちかう,to swear; to vow,2
地下水,ちかすい,groundwater; underground water,2
近々,ちかぢか,soon; before long,2
近付ける,ちかづける,to bring near; to bring close,2
近寄る,ちかよる,to approach; to draw near,2
力強い,ちからづよい,powerful; strong,2
ちぎる,ちぎる,to pledge; to vow,2
地質,ちしつ,quality of a fabric or cloth; texture of a fabric,2
知人,ちじん,friend; acquaintance,2
地帯,ちたい,zone; area,2
縮む,ちぢむ,to shrink; to contract,2
縮める,ちぢめる,to shorten; to reduce,2
縮れる,ちぢれる,to be wavy; to be curled,2
チップ,チップ,chip; microchip,2
地点,ちてん,spot; point,2
地名,ちめい,place name; toponym,2
茶色い,ちゃいろい,light brown; tawny,2
着々,ちゃくちゃく,steadily,2
茶碗,ちゃわん,rice bowl; tea cup,2
中間,ちゅうかん,middle; midway,2
中旬,ちゅうじゅん,middle ten days of a month; 11th to 20th day of a month,2
抽象,ちゅうしょう,abstraction,2
中世,ちゅうせい,Middle Ages (in Japan esp. the Kamakura and Muromachi periods); medieval times,2
中性,ちゅうせい,"neutrality (incl. chemical, electrical, etc.); indifference",2
中途,ちゅうと,halfway; midway,2
中年,ちゅうねん,middle-age; middle age,2
超過,ちょうか,excess; surplus,2
彫刻,ちょうこく,carving; engraving,2
長所,ちょうしょ,strong point; merit,2
長女,ちょうじょ,eldest daughter; first-born daughter,2
調整,ちょうせい,adjustment; regulation,2
調節,ちょうせつ,regulation; adjustment,2
長短,ちょうたん,(relative) length; advantages and disadvantages,2
頂点,ちょうてん,vertex; apex,2
長男,ちょうなん,eldest son (may be the only son); first-born son,2
長方形,ちょうほうけい,rectangle; oblong,2
調味料,ちょうみりょう,seasoning; flavoring,2
チョーク,チョーク,chock (wedge placed under a wheel); doorstop,2
直後,ちょくご,immediately following,2
直線,ちょくせん,straight line,2
直前,ちょくぜん,just before; just prior to,2
直通,ちょくつう,direct line; direct communication,2
直流,ちょくりゅう,direct current; DC,2
貯蔵,ちょぞう,storage; preservation,2
直角,ちょっかく,right angle,2
直径,ちょっけい,diameter,2
散らかす,ちらかす,to scatter around; to leave untidy,2
散らかる,ちらかる,to be in disorder; to lie scattered around,2
散らす,ちらす,to scatter; to cause a shower of,2
塵紙,ちりがみ,tissue paper; toilet paper,2
散る,ちる,"to fall (e.g. blossoms, leaves); to scatter",2
追加,ついか,addition; supplement,2
ついで,ついで,next; secondly,2
通貨,つうか,currency,2
通勤,つうきん,commuting to work,2
通ずる,つうずる,to be open (to traffic); to lead to,2
通知,つうち,notice; notification,2
通帳,つうちょう,passbook; bankbook,2
通訳,つうやく,interpretation (i.e. oral translation); interpreter,2
通用,つうよう,"(common) use (of a language, currency, etc.); current use",2
通路,つうろ,passage; pathway,2
付合う,つきあう,to poke each other; to jab each other,2
突き当たり,つきあたり,"end (of a street, hallway, etc.)",2
突き当たる,つきあたる,to run into; to collide with,2
月日,つきひ,time; years,2
点く,つく,"to be lit (of a lamp, burner, etc.); to catch fire",2
突く,つく,to prick; to stab,2
次ぐ,つぐ,to follow; to come after,2
作る,つくる,to make; to produce,2
造る,つくる,to make; to produce,2
着ける,つける,to attach; to join,2
点ける,つける,to turn on; to switch on,2
浸ける,つける,to soak (in); to steep,2
伝わる,つたわる,"to spread (of a rumour, news, etc.); to travel",2
突っ込む,つっこむ,to thrust (something) into (something); to cram,2
務める,つとめる,to work (for); to be employed (at),2
努める,つとめる,to endeavor (to do); to endeavour,2
綱,つな,class; rope,2
繋がり,つながり,connection; link,2
繋がる,つながる,to be tied together; to be connected to,2
繋げる,つなげる,to connect; to tie,2
粒,つぶ,grain; bead,2
潰す,つぶす,to smash; to crush,2
潰れる,つぶれる,to be crushed; to be squashed,2
つまずく,つまずく,to trip (over); to stumble,2
詰まる,つまる,to be packed (with); to be filled,2
積む,つむ,to pile up; to stack,2
爪,つめ,"nail (e.g. fingernail, toenail); claw",2
艶,つや,gloss; luster,2
強気,つよき,confident; assured,2
釣り合う,つりあう,to balance; to be in harmony,2
吊る,つる,to hang; to suspend,2
吊す,つるす,to hang; to hang up,2
出合い,であい,meeting; rendezvous,2
手洗い,てあらい,"washing one's hands; water (or basin, etc.) for washing one's hands",2
定員,ていいん,"fixed number (of people); prescribed number (of regular personnel, students, etc.)",2
定価,ていか,list price; regular price,2
低下,ていか,fall; decline,2
定期券,ていきけん,commuter pass; season ticket,2
定休日,ていきゅうび,regular holiday; fixed day off,2
停止,ていし,stoppage; coming to a stop,2
停車,ていしゃ,"stopping (of a train, car, etc.); stop",2
停電,ていでん,power outage; power failure,2
出入り,でいり,going in and out; entering and exiting,2
出入口,でいりぐち,exit and entrance,2
手入れ,ていれ,care; looking after,2
テーマ,テーマ,theme; topic,2
出掛ける,でかける,to go out (e.g. on an excursion or outing); to leave,2
出来上がり,できあがり,completion; finish,2
出来上がる,できあがる,to be completed; to be finished,2
的確,てきかく,accurate; precise,2
適確,てきかく,accurate; precise,2
手首,てくび,wrist,2
凸凹,でこぼこ,unevenness; roughness,2
手頃,てごろ,handy; convenient,2
でたらめ,でたらめ,nonsense; irresponsible remark,2
手帳,てちょう,notebook; memo pad,2
鉄橋,てっきょう,railway bridge; iron bridge,2
手続き,てつづき,procedure; process,2
鉄砲,てっぽう,gun; firearm,2
テニスコート,テニスコート,tennis court,2
手拭い,てぬぐい,(hand) towel,2
手前,てまえ,you; I,2
出迎え,でむかえ,meeting; reception,2
出迎える,でむかえる,to meet; to greet,2
照らす,てらす,to shine on; to illuminate,2
照る,てる,"to shine; to look slightly upward (of a noh mask; indicating joy, etc.)",2
展開,てんかい,development; evolution,2
伝記,でんき,biography; life story,2
電球,でんきゅう,light bulb,2
点数,てんすう,marks; points,2
伝染,でんせん,contagion; infection,2
電池,でんち,battery; cell,2
点々,てんてん,sparsely; drop-by-drop,2
転々,てんてん,moving from place to place; being passed around repeatedly,2
電柱,でんちゅう,utility pole; power pole,2
天皇,てんのう,Emperor of Japan,2
電波,でんぱ,radio wave; reception,2
テンポ,テンポ,tempo,2
電流,でんりゅう,electric current,2
電力,でんりょく,electric power,2
問い合わせ,といあわせ,inquiry; query,2
銅,どう,copper (Cu); bronze (medal),2
統一,とういつ,unity; consolidation,2
同格,どうかく,the same rank; equality,2
峠,とうげ,(mountain) pass; highest point on a mountain road,2
統計,とうけい,statistics,2
動作,どうさ,movement (of the body); action,2
東西,とうざい,east and west; Orient and Occident,2
当日,とうじつ,day in question; appointed day,2
投書,とうしょ,letter (e.g. of complaint); letter to the editor,2
登場,とうじょう,"entrance (on the stage); appearance (in a book, film, etc.)",2
どうせ,どうせ,in any case; regardless,2
どうぞよろしく,どうぞよろしく,pleased to meet you; how do you do,2
灯台,とうだい,lighthouse; old-fashioned interior light fixture comprising a wooden pole with an oil-filled dish and a wick atop it,2
盗難,とうなん,theft; robbery,2
当番,とうばん,being on duty; person on duty,2
等分,とうぶん,division into equal parts; equal parts,2
透明,とうめい,transparent; clear,2
灯油,とうゆ,kerosene; paraffin,2
東洋,とうよう,the East; the Orient,2
童話,どうわ,children's story; fairy tale,2
通り掛かる,とおりかかる,to happen to pass by,2
溶かす,とかす,to melt; to liquefy,2
尖る,とがる,to taper to a point; to become pointed,2
どきどき,どきどき,thump-thump; bang-bang,2
溶く,とく,"to mix (e.g. water with flour); to dissolve (salt in water, paint, etc.)",2
退く,どく,to step aside; to move (out of the way),2
特殊,とくしゅ,special; particular,2
特色,とくしょく,characteristic; (distinctive) feature,2
特長,とくちょう,strong point; forte,2
特定,とくてい,specific; particular,2
特売,とくばい,special sale; bargain sale,2
溶け込む,とけこむ,to melt into; to dissolve into,2
溶ける,とける,to melt; to liquefy,2
退ける,どける,"to put something out of the way; to move (something, someone) aside",2
床の間,とこのま,tokonoma,2
床屋,とこや,barbershop; barber shop,2
所々,ところどころ,here and there; in places,2
都心,としん,city centre (esp. of Tokyo); heart of a city,2
戸棚,とだな,cupboard; locker,2
とっくに,とっくに,long ago; a long time ago,2
どっと,どっと,bursting out (laughter); breaking out (applause),2
整う,ととのう,to be ready; to be prepared,2
留まる,とどまる,to remain; to abide,2
どなる,どなる,to shout (in anger); to yell,2
飛び込む,とびこむ,to jump in; to leap in,2
跳ぶ,とぶ,to fly; to soar,2
留まる,とまる,to remain; to abide,2
泊める,とめる,to give shelter to; to lodge,2
ともかく,ともかく,anyhow; anyway,2
捕える,とらえる,to catch; to capture,2
取り入れる,とりいれる,to take in; to gather in,2
取り消す,とりけす,to cancel; to withdraw,2
取り出す,とりだす,to take out; to produce,2
採る,とる,"to adopt (a method, proposal, etc.); to take (a measure, course of action, etc.)",2
捕る,とる,"to catch (a wild animal, fish, insect, baseball, etc.); to capture",2
トレーニング,トレーニング,"training (for a skill, job, sport, etc.); practice",2
丼,どんぶり,porcelain bowl; donburi,2
内科,ないか,internal medicine; department of internal medicine,2
内線,ないせん,phone extension; indoor wiring,2
ナイロン,ナイロン,nylon,2
治す,なおす,to cure; to heal,2
永い,ながい,"long (distance, length); long (time)",2
仲直り,なかなおり,reconciliation; making up (with),2
長引く,ながびく,to be prolonged; to drag on,2
中身,なかみ,blow to a vital point of a person's body; striking techniques (judo),2
中味,なかみ,contents; interior,2
中指,なかゆび,middle finger; long finger,2
仲良し,なかよし,close friendship; close friend,2
慰める,なぐさめる,to comfort; to console,2
亡くす,なくす,"to lose (through death; e.g. a wife, child)",2
なぐる,なぐる,to strike; to hit,2
為す,なす,to do; to commit,2
謎謎,なぞなぞ,riddle; puzzle,2
傾らか,なだらか,gently sloping; gentle,2
懐かしい,なつかしい,dear (old); fondly remembered,2
撫でる,なでる,to stroke; to caress,2
斜め,ななめ,slanting; tilted,2
なにしろ,なにしろ,in any case; at any rate,2
何々,なになに,what; so-and-so,2
何分,なにぶん,some; any,2
生意気,なまいき,impertinent; saucy,2
並木,なみき,roadside trees; row of trees,2
倣う,ならう,to imitate; to follow,2
鳴らす,ならす,to ring; to sound,2
生る,なる,to bear fruit,2
馴れる,なれる,to get used to; to grow accustomed to,2
南極,なんきょく,South Pole; the Antarctic,2
なんとなく,なんとなく,somehow; for some reason (or other),2
なんとも,なんとも,really; very,2
ナンバー,ナンバー,number; number plate,2
南米,なんべい,South America,2
南北,なんぼく,north and south; north to south,2
煮える,にえる,to be boiled; to be cooked,2
匂う,におう,to be fragrant; to smell (good),2
逃がす,にがす,to set free; to let go,2
憎い,にくい,hateful; detestable,2
憎む,にくむ,to hate; to detest,2
憎らしい,にくらしい,odious; hateful,2
にこにこ,にこにこ,with a friendly grin; smilingly,2
濁る,にごる,to become muddy; to become cloudy,2
虹,にじ,rainbow,2
日時,にちじ,"date and time (of a meeting, departure, etc.); days and hours",2
日用品,にちようひん,daily necessities; everyday item,2
日課,にっか,daily routine; daily work,2
日程,にってい,schedule; program,2
鈍い,にぶい,thickheaded; obtuse,2
入社,にゅうしゃ,joining a company; getting a job with a company,2
女房,にょうぼう,wife (esp. one's own wife); court lady,2
睨む,にらむ,to glare at; to scowl at,2
煮る,にる,to boil; to simmer,2
俄,にわか,sudden; abrupt,2
縫う,ぬう,to sew; to stitch,2
濡らす,ぬらす,to wet; to moisten,2
ねじ,ねじ,"screw; key (of a clock, watch, etc.)",2
捩る,ねじる,to parody; to make a parody of,2
ネックレス,ネックレス,necklace,2
熱する,ねっする,to heat; to heat up,2
寝間着,ねまき,nightclothes; nightwear,2
寝巻,ねまき,nightclothes; nightwear,2
狙い,ねらい,"aim (of a gun, bow, etc.); aim",2
狙う,ねらう,"to aim at (with a weapon, etc.); to be after (something or someone)",2
年度,ねんど,fiscal year (usu. April 1 to March 31 in Japan); financial year,2
農産物,のうさんぶつ,agricultural produce,2
農村,のうそん,agricultural community; farm village,2
濃度,のうど,concentration; density,2
農薬,のうやく,agricultural chemical; agrochemical,2
能率,のうりつ,efficiency; moment,2
のこぎり,のこぎり,saw,2
残らず,のこらず,all; entirely,2
載せる,のせる,to place on (something); to give (someone) a ride,2
覗く,のぞく,"to peek (through a keyhole, gap, etc.); to look down into (a ravine, etc.)",2
延ばす,のばす,"to grow long (e.g. hair, nails); to lengthen",2
延びる,のびる,to stretch; to extend,2
上り,のぼり,ascent; climbing,2
上る,のぼる,to rise; to go up,2
糊,のり,paste; glue,2
乗換,のりかえ,"transfer (trains, buses, etc.); change",2
載る,のる,to be placed on; to be set on,2
鈍い,のろい,thickheaded; obtuse,2
のろのろ,のろのろ,slowly; sluggishly,2
呑気,のんき,easy; easygoing,2
灰色,はいいろ,grey; gray,2
俳句,はいく,haiku,2
拝見,はいけん,seeing; looking at,2
売店,ばいてん,stand; stall,2
バイバイ,バイバイ,bye-bye; goodbye,2
売買,ばいばい,crossing (shares); trade,2
這う,はう,to crawl; to creep,2
生える,はえる,to grow; to spring up,2
剥す,はがす,to tear off; to peel off,2
ばからしい,ばからしい,absurd; foolish,2
秤,はかり,scales; weighing machine,2
量る,はかる,to measure; to weigh,2
測る,はかる,to measure; to weigh,2
吐き気,はきけ,nausea; feeling like throwing up,2
はきはき,はきはき,briskly; smartly,2
掃く,はく,to sweep; to brush,2
歯車,はぐるま,gear; cogwheel,2
バケツ,バケツ,bucket; pail,2
挟まる,はさまる,to get between; to be caught in,2
挟む,はさむ,"to hold between (e.g. one's fingers, chopsticks); to grip (from both sides)",2
箸,はし,chopsticks,2
梯子,はしご,ladder; stairs,2
始めに,はじめに,first; firstly,2
初めに,はじめに,first; firstly,2
はじめまして,はじめまして,nice to meet you; I'm glad to make your acquaintance,2
斜,はす,diagonal; slanting,2
外れる,はずれる,to be disconnected; to get out of place,2
パターン,パターン,pattern; behavioural pattern,2
肌着,はだぎ,underwear; underclothes,2
果して,はたして,as was expected; just as one thought,2
鉢,はち,bowl; pot,2
×,ばつ,x (mark); cross,2
発揮,はっき,"show (of power, ability, etc.); exhibition",2
バック,バック,back; rear,2
発射,はっしゃ,firing (esp. a rocket or missile); launching,2
発想,はっそう,idea; conception,2
発電,はつでん,generation of electricity; power generation,2
発売,はつばい,sale; offering for sale,2
派手,はで,showy; loud,2
話合い,はなしあい,discussion; talk,2
話し掛ける,はなしかける,to address (someone); to accost a person,2
話中,はなしちゅう,busy (phone); in talks,2
甚だしい,はなはだしい,extreme; excessive,2
花火,はなび,fireworks,2
花嫁,はなよめ,bride,2
放れる,はなれる,to get free (from); to be freed,2
羽根,はね,feather; plume,2
ばね,ばね,spring (device); spring (in one's legs),2
跳ねる,はねる,to jump; to leap,2
破片,はへん,fragment; broken piece,2
歯磨き,はみがき,dental brushing; brushing one's teeth,2
はめる,はめる,to fit (e.g. a pane into a frame); to insert (e.g. a cork),2
早口,はやくち,fast-talking; rapid talking,2
流行る,はやる,to be popular; to come into fashion,2
払い込む,はらいこむ,to deposit; to pay in,2
払い戻す,はらいもどす,to repay; to pay back,2
バランス,バランス,balance,2
針金,はりがね,wire,2
張り切る,はりきる,to be in high spirits; to be full of vigor (vigour),2
反映,はんえい,"reflection (of light); reflection (of society, attitudes, etc.)",2
半径,はんけい,radius,2
判子,はんこ,seal (used in lieu of a signature); stamp,2
万歳,ばんざい,door-to-door manzai; ten thousand years,2
判事,はんじ,judge; judiciary,2
反省,はんせい,reflection; reconsideration,2
番地,ばんち,house number; address,2
パンツ,パンツ,underpants; pants,2
バンド,バンド,band (group of musicians); band (material),2
半島,はんとう,peninsula; Korea,2
ハンドル,ハンドル,handle; steering wheel,2
日当たり,ひあたり,exposure to the sun; sunny place,2
日帰り,ひがえり,day trip,2
比較的,ひかくてき,comparatively; relatively,2
日陰,ひかげ,shade; shadow,2
ぴかぴか,ぴかぴか,with a glitter; with a sparkle,2
引受る,ひきうける,to take on; to undertake,2
引返す,ひきかえす,to turn back; to go back,2
引算,ひきざん,subtraction,2
引出す,ひきだす,to pull out; to take out,2
引き止める,ひきとめる,to detain; to check,2
卑怯,ひきょう,cowardly; craven,2
引分け,ひきわけ,draw (in competition); tie game,2
髭,ひげ,moustache; mustache,2
陽射,ひざし,sunlight; rays of the Sun,2
肘,ひじ,elbow,2
ピストル,ピストル,pistol,2
ビタミン,ビタミン,vitamin,2
ぴたり,ぴたり,tightly; closely,2
引っ掛かる,ひっかかる,to be caught in; to be stuck in,2
筆記,ひっき,(taking) notes; copying,2
引っ繰り返,ひっくりかえす,to turn over; to turn upside down,2
引っ繰り返,ひっくりかえる,to be overturned; to be reversed,2
引越し,ひっこし,"moving (dwelling, office, etc.); changing residence",2
引っ込む,ひっこむ,to draw back; to sink,2
筆者,ひっしゃ,writer; author,2
必需品,ひつじゅひん,necessities; necessary article,2
人差指,ひとさしゆび,index finger; forefinger,2
一通り,ひととおり,generally; in the main,2
人通り,ひとどおり,pedestrian traffic,2
ひとまず,ひとまず,for now; for the time being,2
瞳,ひとみ,pupil (of the eye); one's eyes,2
一休み,ひとやすみ,(short) rest; breather,2
独り言,ひとりごと,soliloquy; monologue,2
ひとりでに,ひとりでに,by itself; automatically,2
ビニール,ビニール,vinyl; plastic,2
皮肉,ひにく,irony; sarcasm,2
日日,ひにち,daily; everyday,2
捻る,ひねる,to twist; to wrench,2
日の入り,ひのいり,sunset,2
日の出,ひので,sunrise,2
響き,ひびき,commotion; stir,2
響く,ひびく,to resound; to be heard far away,2
皮膚,ひふ,skin,2
冷やす,ひやす,to cool; to chill,2
ひゃっかじてん,ひゃっかじてん,encyclopedia; encyclopaedia,2
美容,びよう,beauty; good figure,2
表紙,ひょうし,"cover (of a book, magazine, etc.); binding",2
標識,ひょうしき,sign; mark,2
標準,ひょうじゅん,standard; criterion,2
標本,ひょうほん,specimen; sample,2
評論,ひょうろん,criticism; critique,2
平仮名,ひらがな,hiragana,2
ビルディング,ビルディング,multi-floor building; multi-storey building,2
昼寝,ひるね,(afternoon) nap; sleeping during the day,2
広げる,ひろげる,to spread; to extend,2
広さ,ひろさ,area; extent,2
広場,ひろば,public square; square,2
広々,ひろびろ,extensive; spacious,2
広める,ひろめる,to spread; to propagate,2
ピンク,ピンク,pink; erotic,2
便箋,びんせん,writing paper; stationery,2
瓶詰,びんづめ,bottling; bottled,2
ファスナー,ファスナー,zip fastener; zipper,2
風船,ふうせん,balloon (toy or decoration); balloon (hot-air or gas),2
不運,ふうん,misfortune; bad luck,2
殖える,ふえる,to increase; to multiply,2
深まる,ふかまる,to deepen; to heighten,2
不規則,ふきそく,irregular; unsystematic,2
普及,ふきゅう,diffusion; spread,2
付近,ふきん,neighborhood; neighbourhood,2
拭く,ふく,to wipe; to dry,2
副詞,ふくし,adverb,2
複写,ふくしゃ,copying; duplication,2
複数,ふくすう,plural; multiple,2
含める,ふくめる,to include (in a group or scope); to instruct,2
膨らます,ふくらます,to swell; to expand,2
膨らむ,ふくらむ,to expand; to swell (out),2
不潔,ふけつ,unclean; dirty,2
更ける,ふける,to get late; to advance,2
符号,ふごう,sign; mark,2
夫妻,ふさい,husband and wife; married couple,2
塞がる,ふさがる,to be closed; to be blocked,2
塞ぐ,ふさぐ,to stop up; to close up,2
ふざける,ふざける,to joke; to jest,2
無沙汰,ぶさた,"not writing or contacting for a while; neglecting to write (call, visit, etc.)",2
武士,ぶし,warrior; soldier,2
部首,ぶしゅ,radical (of a kanji character),2
襖,ふすま,everyday garment worn by men in ancient Japan; fusuma,2
附属,ふぞく,being attached (to); being affiliated (to),2
蓋,ふた,cover; lid,2
不通,ふつう,suspension; interruption,2
ぶつかる,ぶつかる,to bump into; to run into,2
ぶつける,ぶつける,to hit (e.g. one's head); to strike,2
物騒,ぶっそう,dangerous; unsettled,2
ぶつぶつ,ぶつぶつ,grunt; grumble,2
船便,ふなびん,surface mail (by ship); sea mail,2
部品,ぶひん,parts; accessories,2
吹雪,ふぶき,snow storm; blizzard,2
父母,ふぼ,father and mother; parents,2
踏切,ふみきり,railway crossing; railroad crossing,2
麓,ふもと,foot (of a mountain or hill); bottom,2
増やす,ふやす,to increase; to add to,2
殖やす,ふやす,to increase; to add to,2
フライパン,フライパン,fry pan; frying pan,2
ブラウス,ブラウス,blouse,2
ぶらさげる,ぶらさげる,to hang; to suspend,2
ブラシ,ブラシ,brush,2
プラスチック,プラスチック,plastic,2
プラットホーム,プラットホーム,platform,2
フリー,フリー,"free (of restraint, controls, etc.); free (of charge)",2
振り仮名,ふりがな,furigana,2
プリント,プリント,print; printing,2
振舞う,ふるまう,to behave; to conduct oneself,2
ブローチ,ブローチ,brooch; broach (cutting tool),2
プログラム,プログラム,"program (of events, music, etc.); programme",2
風呂敷,ふろしき,furoshiki; wrapping cloth,2
ふわふわ,ふわふわ,"lightly (floating, drifting, etc.); buoyantly",2
噴火,ふんか,eruption; volcanic eruption,2
分解,ぶんかい,disassembly; dismantling,2
文芸,ぶんげい,literature; the arts,2
文献,ぶんけん,literature; books (reference),2
噴水,ふんすい,water fountain,2
分数,ぶんすう,fraction,2
文体,ぶんたい,"literary style; form of (written) language (e.g. classical, modern)",2
分布,ぶんぷ,distribution,2
文房具,ぶんぼうぐ,stationery,2
文脈,ぶんみゃく,context (of a passage); line of thought,2
分量,ぶんりょう,amount; quantity,2
分類,ぶんるい,classification; categorization,2
閉会,へいかい,"closure (of a ceremony, event, meeting, etc.)",2
平気,へいき,cool; calm,2
並行,へいこう,going side-by-side; going abreast,2
平日,へいじつ,weekday; ordinary days (i.e. non-holiday),2
兵隊,へいたい,armed forces; military,2
平凡,へいぼん,ordinary; common,2
平野,へいや,plain; open field,2
凹む,へこむ,to be dented; to be indented,2
へそ,へそ,bobbin; reel,2
隔てる,へだてる,"to separate (by distance, time, etc.); to isolate",2
別荘,べっそう,holiday house; vacation home,2
別々,べつべつ,separate; respective,2
ベテラン,ベテラン,veteran (in a particular field); person with a lot of experience,2
ヘリコプター,ヘリコプター,helicopter,2
へる,へる,to pass; to elapse,2
ぺん,ぺん,,2
編集,へんしゅう,editing; compilation,2
便所,べんじょ,hairdresser's room in the residence of the shogun or a noble; toilet,2
ペンチ,ペンチ,cutting pliers; lineman's pliers,2
望遠鏡,ぼうえんきょう,telescope,2
方角,ほうがく,direction; way,2
箒,ほうき,broom,2
方言,ほうげん,dialect; provincialism,2
坊さん,ぼうさん,Buddhist priest; monk,2
防止,ぼうし,prevention; check,2
方針,ほうしん,policy; course,2
包装,ほうそう,packing; wrapping,2
法則,ほうそく,law; rule,2
包帯,ほうたい,bandage; dressing,2
膨大,ぼうだい,huge; vast,2
庖丁,ほうちょう,kitchen knife; cooking,2
方程式,ほうていしき,equation; formula,2
防犯,ぼうはん,"prevention of crime; security (device, camera, etc.)",2
方面,ほうめん,direction; district,2
坊や,ぼうや,boy; son,2
放る,ほうる,to expel (from the body); to excrete,2
ボーナス,ボーナス,bonus,2
朗らか,ほがらか,cheerful; merry,2
牧場,ぼくじょう,farm (livestock); stock farm,2
牧畜,ぼくちく,stock-farming; livestock farming,2
保健,ほけん,preservation of health; hygiene,2
募集,ぼしゅう,recruitment; invitation,2
干す,ほす,to air; to dry,2
ポスター,ポスター,poster,2
北極,ほっきょく,North Pole; the Arctic,2
坊っちゃん,ぼっちゃん,(another's) son; boy,2
ほどく,ほどく,to undo; to untie,2
堀,ほり,moat; fosse,2
掘る,ほる,to dig; to excavate,2
彫る,ほる,to carve; to engrave,2
ぼろ,ぼろ,tremendous; huge,2
盆,ぼん,tray; family,2
盆地,ぼんち,basin (e.g. between mountains),2
本部,ほんぶ,headquarters; head office,2
本来,ほんらい,originally; primarily,2
まあまあ,まあまあ,so-so; passable,2
枚数,まいすう,the number of flat things; win-loss difference which influences the ranking of wrestlers,2
毎度,まいど,each time; every time,2
マイナス,マイナス,minus; subtraction,2
巻く,まく,to wind; to coil,2
蒔く,まく,to sow; to plant,2
撒く,まく,to scatter; to sprinkle,2
枕,まくら,pillow; bolster,2
曲げる,まげる,to bend; to crook,2
まごまご,まごまご,confused; flustered,2
摩擦,まさつ,friction; rubbing,2
混ざる,まざる,to be mixed; to be blended with,2
交ざる,まざる,to be mixed; to be blended with,2
混じる,まじる,to be mixed in with; to blend with,2
交じる,まじる,to be mixed; to be blended with,2
マスク,マスク,(face) mask; (facial) features,2
混ぜる,まぜる,to mix; to stir,2
交ぜる,まぜる,to mix; to stir,2
またぐ,またぐ,to step over; to step across,2
又は,または,or; either ... or ...,2
待合室,まちあいしつ,waiting room,2
待ち合わせ,まちあわせる,appointment,2
街角,まちかど,street corner,2
真っ暗,まっくら,pitch-dark; pitch-black,2
真っ黒,まっくろ,pitch black,2
真っ青,まっさお,deep blue; bright blue,2
真っ先,まっさき,the head; the foremost,2
真っ白,まっしろ,"pure white; blank (e.g. mind, paper)",2
祭る,まつる,to deify; to enshrine,2
窓口,まどぐち,counter; window,2
纏まる,まとまる,to find resolution; to be settled,2
纏める,まとめる,to collect; to put (it all) together,2
真似る,まねる,to mimic; to imitate,2
まぶしい,まぶしい,dazzling; radiant,2
まぶた,まぶた,eyelid,2
マフラー,マフラー,(thick) scarf; muffler,2
間も無く,まもなく,soon; shortly,2
マラソン,マラソン,marathon; malathion (insecticide),2
円い,まるい,round; circular,2
稀,まれ,dilute; rare,2
回り道,まわりみち,detour; circuitous route,2
満員,まんいん,full house; no vacancy,2
マンション,マンション,condominium (usu. mid or high-rise); apartment building,2
満点,まんてん,perfect score; full marks,2
見送る,みおくる,to see (someone) off; to escort,2
見下ろす,みおろす,to overlook; to command a view of,2
見掛け,みかけ,outward appearance; apparent,2
三日月,みかづき,crescent moon; young moon,2
岬,みさき,small peninsula; cape,2
みじめ,みじめ,miserable; wretched,2
ミシン,ミシン,sewing machine,2
店屋,みせや,store; shop,2
見出し,みだし,heading; headline,2
道順,みちじゅん,route; way,2
見付かる,みつかる,to be found; to be discovered,2
見付ける,みつける,to find; to discover,2
みっともない,みっともない,shameful; disgraceful,2
見直す,みなおす,"to look at again; to re-examine (policy, estimate, plan, etc.)",2
見慣れる,みなれる,to get used to seeing; to become accustomed to seeing,2
醜い,みにくい,ugly; unattractive,2
実る,みのる,to bear fruit; to ripen,2
身分,みぶん,(social) standing; status,2
見本,みほん,sample; specimen,2
見舞う,みまう,to visit and comfort or console; to go to see (e.g. someone in hospital),2
未満,みまん,less than; under,2
名字,みょうじ,surname; family name,2
ミリ,（メートル）,milli-; 10^-3,2
診る,みる,to examine (medically); to have a look at,2
民間,みんかん,private; non-governmental,2
民謡,みんよう,folk song; popular song,2
向う,むかう,opposite side; other side,2
剥く,むく,to peel; to skin,2
無限,むげん,infinity; infinitude,2
無地,むじ,plain; unfigured,2
蒸し暑い,むしあつい,humid; sultry,2
矛盾,むじゅん,contradiction; inconsistency,2
蒸す,むす,"to steam (food); to steam (food, towel, etc.)",2
無数,むすう,innumerable; countless,2
紫,むらさき,purple; violet,2
群れ,むれ,group; crowd,2
姪,めい,niece,2
名作,めいさく,masterpiece; masterwork,2
名刺,めいし,business card,2
名詞,めいし,noun,2
名所,めいしょ,"name of a part (of a tool, weapon, musical instrument, etc.); famous place",2
命ずる,めいずる,to order; to command,2
迷信,めいしん,superstition; superstitious belief,2
名物,めいぶつ,famous product; special product,2
銘々,めいめい,each; individual,2
目上,めうえ,superior; superiors,2
メーター,メーター,meter; gauge,2
恵まれる,めぐまれる,to be blessed with; to be rich in,2
巡る,めぐる,to go around; to make a circle around,2
目指す,めざす,"to aim at (for, to do, to become); to try for",2
目覚し,めざまし,alarm clock; waking up,2
目下,めした,subordinate; subordinates,2
目印,めじるし,mark (for quick identification or recognition); sign,2
目立つ,めだつ,to be conspicuous; to stand out,2
めちゃくちゃ,めちゃくちゃ,absurd; unreasonable,2
めっきり,めっきり,remarkably; noticeably,2
めでたい,めでたい,happy; auspicious,2
メニュー,メニュー,menu; schedule,2
めまい,めまい,dizziness; giddiness,2
目安,めやす,criterion; standard,2
免税,めんぜい,tax exemption; duty exemption,2
面積,めんせき,area (measurement); square measure,2
面接,めんせつ,interview (e.g. for a job),2
面倒臭い,めんどうくさい,bothersome; tiresome,2
儲かる,もうかる,to be profitable; to yield a profit,2
儲ける,もうける,to profit; to get,2
申し訳ない,もうしわけない,I'm sorry; (it's) inexcusable,2
モーター,モーター,motor; engine,2
木材,もくざい,lumber; timber,2
目次,もくじ,table of contents; contents,2
潜る,もぐる,to go under; to pass under,2
もしかしたら,もしかしたら,perhaps; maybe,2
もしかすると,もしかすると,perhaps; possibly,2
もたれる,もたれる,to lean against; to lean on,2
モダン,モダン,modern; lug arm tips (on glasses),2
餅,もち,mochi rice cake with red bean jam filling; mochi rice cake covered in red bean jam,2
もったいない,もったいない,wasteful; a waste,2
モデル,モデル,model; dummy,2
元々,もともと,originally; from the start,2
物置,ものおき,storage room; storeroom,2
物語る,ものがたる,"to tell (a story); to give an account of (an event, experience, etc.)",2
物差し,ものさし,ruler; measure,2
物凄い,ものすごい,terrific; staggering,2
モノレール,モノレール,monorail,2
紅葉,もみじ,maple (tree); red leaves (of autumn),2
揉む,もむ,to rub; to crumple,2
燃やす,もやす,"to burn; to burn with (emotion, feeling)",2
催し,もよおし,event; festivities,2
盛る,もる,to become vigorous; to gain force,2
問答,もんどう,questions and answers; dialogue,2
やかましい,やかましい,noisy; loud,2
夜間,やかん,night; nighttime,2
薬缶,やかん,kettle; bald head,2
役者,やくしゃ,actor; actress,2
役所,やくしょ,assigned role; duty,2
訳す,やくす,to translate; to interpret,2
役人,やくにん,government official,2
薬品,やくひん,medicine; drug,2
役目,やくめ,duty; role,2
火傷,やけど,burn; scald,2
夜行,やこう,"the ""ya"" column of the Japanese syllabary table (ya, yu, yo); night travel",2
矢印,やじるし,arrow (symbol); (romantic) interest (for a certain person),2
やたらに,やたらに,,2
薬局,やっきょく,pharmacy; drugstore,2
やっつける,やっつける,to beat; to attack (an enemy),2
家主,やぬし,landlord; landlady,2
やっぱり,やっぱり,as expected; sure enough,2
破く,やぶく,to tear; to rip,2
破れる,やぶれる,to break; to be smashed,2
やむをえない,やむをえない,cannot be helped; unavoidable,2
軟らかい,やわらかい,soft; tender,2
遊園地,ゆうえんち,amusement park,2
夕刊,ゆうかん,evening edition (of a daily newspaper); evening paper,2
友好,ゆうこう,friendship,2
郵送,ゆうそう,mailing; posting,2
夕立,ゆうだち,"(sudden, heavy) shower (on a summer afternoon or evening); evening shower",2
夕日,ゆうひ,evening sun; setting sun,2
悠々,ゆうゆう,quiet; calm,2
有料,ゆうりょう,fee-charging; paid,2
浴衣,ゆかた,yukata,2
湯気,ゆげ,steam; vapour,2
輸血,ゆけつ,blood transfusion,2
輸送,ゆそう,transport; transportation,2
油断,ゆだん,negligence; carelessness,2
ゆでる,ゆでる,"to boil (something in hot water); to treat with medicinal steam (a swelling, etc.)",2
湯飲み,ゆのみ,teacup,2
緩い,ゆるい,loose; lenient,2
溶岩,ようがん,lava,2
容器,ようき,container; receptacle,2
用語,ようご,term; terminology,2
要旨,ようし,(main) point; gist,2
幼児,ようじ,infant; baby,2
容積,ようせき,capacity; volume,2
幼稚,ようち,infancy; childish,2
幼稚園,ようちえん,"kindergarten (in Japan, non-compulsory education from age 3 until primary school); preschool",2
用途,ようと,use; service,2
洋品店,ようひんてん,shop that handles Western-style apparel and accessories,2
養分,ようぶん,nutrient; nourishment,2
羊毛,ようもう,wool,2
漸く,ようやく,finally; at last,2
要領,ようりょう,point; gist,2
欲張り,よくばり,greed; avarice,2
余計,よけい,extra; more,2
よこす,よこす,to send; to forward,2
汚す,よごす,to pollute; to contaminate,2
寄せる,よせる,to come near; to let someone approach,2
余所,よそ,another place; somewhere else,2
四つ角,よつかど,four corners; crossroads,2
酔っ払い,よっぱらい,drunkard,2
予備,よび,reserve; spare,2
呼び掛ける,よびかける,to call out to; to hail,2
呼び出す,よびだす,"to call (someone) to (the door, phone, etc.); to tell (someone) to come",2
蘇る,よみがえる,to be resurrected; to be resuscitated,2
因る,よる,to be due to; to be caused by,2
慶び,よろこび,joy; delight,2
慶ぶ,よろこぶ,to be delighted; to be glad,2
来日,らいにち,future day; later date,2
落第,らくだい,failure (in an examination); failing to advance (to the next year),2
ラッシュアワー,ラッシュアワー,rush hour,2
欄,らん,handrail; railing,2
ランチ,ランチ,lunch; (Western-style) single-plate lunch set,2
ランニング,ランニング,running; tank top (worn as an undergarment or sportswear),2
乱暴,らんぼう,violence; assault,2
理科,りか,"science (natural sciences and related fields, incl. mathematics, engineering, medicine, etc.); faculties of science, engineering, medicine, etc. (at a university)",2
利害,りがい,advantages and disadvantages; interests (of parties),2
リズム,リズム,rhythm,2
リットル,リットル,litre; liter,2
リボン,リボン,ribbon,2
略す,りゃくす,to abbreviate; to abridge,2
流域,りゅういき,drainage basin; catchment basin,2
寮,りょう,office; official,2
両側,りょうがわ,both sides,2
漁師,りょうし,fisherman,2
領事,りょうじ,consul,2
領収,りょうしゅう,receipt (of money); receiving,2
臨時,りんじ,temporary; provisional,2
留守番,るすばん,care-taking; house-sitting,2
例外,れいがい,exception,2
零点,れいてん,"zero (points, marks); no marks",2
冷凍,れいとう,freezing; cold storage,2
レインコート,レインコート,raincoat; mackintosh,2
レクリェーショ,レクリェーショ,,2
ン,ン,some,2
レジャー,レジャー,leisure,2
列島,れっとう,archipelago; chain of islands,2
レベル,レベル,level; standard,2
リポート,リポート,report; paper,2
煉瓦,れんが,brick,2
連合,れんごう,union; combination,2
レンズ,レンズ,lens,2
蝋燭,ろうそく,candle,2
ローマじ,ローマじ,Latin alphabet; Roman alphabet,2
録音,ろくおん,(audio) recording,2
ロッカー,ロッカー,locker; rocker,2
ロビー,ロビー,lobby; lounge,2
論ずる,ろんずる,to discuss; to talk about,2
和英,わえい,Japanese-English; Japanese-English dictionary,2
分る,わかる,to understand; to comprehend,2
分かれる,わかれる,to branch; to fork,2
若々しい,わかわかしい,youthful; young,2
湧く,わく,to well (up); to gush out (of water),2
詫びる,わびる,to apologize; to apologise,2
和服,わふく,Japanese clothes,2
わりあいに,わりあいに,comparatively,2
割算,わりざん,division,2
割と,わりと,comparatively; relatively,2
割引,わりびき,discount; reduction,2
椀,わん,bowl (wooden); counter for bowls of food or drink,2
碗,わん,"bowl (ceramic, porcelain); counter for bowls of food or drink",2
ワンピース,ワンピース,dress; one-piece (e.g. swimsuit),2
あっ,あっ,ah; oh,3
愛,あい,love; affection,3
挨拶,あいさつ,greeting; greetings,3
愛情,あいじょう,love; affection,3
合図,あいず,sign; signal,3
アイスクリーム,アイスクリーム,ice cream,3
愛する,あいする,to love,3
相手,あいて,companion; partner,3
あいにく,あいにく,"unfortunately; sorry, but ...",3
アイロン,アイロン,iron (for pressing clothes); hair iron,3
アウト,アウト,"out (of a ball; in tennis, etc.); outside the line",3
明かり,あかり,light; glow,3
空き,あき,space; room,3
明らか,あきらか,clear; obvious,3
諦める,あきらめる,"to give up; to abandon (hope, plans)",3
飽きる,あきる,to get tired of; to tire of,3
握手,あくしゅ,handshake; reconciliation,3
悪魔,あくま,devil; demon,3
明ける,あける,"to open (a door, etc.); to unwrap (e.g. parcel, package)",3
あした,あした,morning; tomorrow,3
預ける,あずける,to leave (in someone's keeping); to put (in someone's care),3
汗,あせ,khan (medieval ruler of a Tatary tribe); sweat,3
与える,あたえる,to give (esp. to someone of lower status); to bestow,3
辺り,あたり,side (esp. of a waterbody); edge,3
当たる,あたる,to be hit; to strike,3
あちこち,あちこち,here and there; various places,3
扱う,あつかう,to deal with (a person); to treat,3
集まり,あつまり,gathering; meeting,3
当てる,あてる,to hit; to expose,3
跡,あと,trace; tracks,3
あと,あと,behind; rear,3
穴,あな,eye of a needle; hole,3
浴びる,あびる,to dash over oneself (e.g. water); to take (e.g. shower),3
油,あぶら,oil,3
余り,あまり,remainder; remnant,3
誤り,あやまり,error; mistake,3
粗,あら,coarse; rough,3
嵐,あらし,storm; tempest,3
新た,あらた,new; fresh,3
あらゆる,あらゆる,all; every,3
表す,あらわす,to express; to show,3
現す,あらわす,to represent; to signify,3
現れ,あらわれ,embodiment; manifestation,3
現れる,あらわれる,to appear; to come in sight,3
ありがとう,ありがとう,thank you; thanks,3
有る,ある,to be; to exist,3
或,ある,a certain ...; some ...,3
あるいは,あるいは,or; either ... or,3
アルバム,アルバム,album,3
泡,あわ,bubble; foam,3
合わせる,あわせる,"to match (rhythm, speed, etc.); to join together",3
哀れ,あわれ,pity; sorrow,3
案,あん,idea; plan,3
暗記,あんき,memorization; memorisation,3
安定,あんてい,stability; steadiness,3
案内,あんない,guidance; leading (the way),3
あんなに,あんなに,to that extent; to that degree,3
あんまり,あんまり,remainder; remnant,3
胃,い,"stomach; Chinese ""stomach"" constellation (one of the 28 mansions)",3
いい,いい,having fun; rejoicing,3
よい,よい,evening; early night hours,3
いえ,いえ,house; residence,3
委員,いいん,committee member,3
言う,ゆう,to say; to utter,3
意外,いがい,unexpected; surprising,3
行き,いき,the way there; outbound leg,3
行き,ゆき,the way there; outbound leg,3
息,いき,son; breath,3
勢い,いきおい,force; vigor,3
生き物,いきもの,living thing; living creature,3
幾つ,いくつ,how many; how old,3
幾ら,いくら,how much; something over,3
いけない,いけない,bad; wrong,3
医師,いし,doctor; physician,3
意思,いし,intention; wish,3
意志,いし,will; volition,3
維持,いじ,maintenance; preservation,3
意識,いしき,consciousness; becoming aware (of),3
異常,いじょう,abnormal; unusual,3
椅子,いす,chair; seat,3
泉,いずみ,spring; fountain,3
いずれ,いずれ,which; where,3
以前,いぜん,before; prior to,3
板,いた,board; plank,3
偉大,いだい,great; grand,3
抱く,いだく,to hold in one's arms (e.g. a baby); to embrace,3
いたずら,いたずら,mischief; prank,3
いただきます,いただきます,thank you (for the meal just served),3
頂く,いただく,to receive; to get,3
痛み,いたみ,pain; ache,3
至る,いたる,to arrive at (e.g. a decision); to reach (a stage),3
いち,いち,one; 1,3
位置,いち,place; position,3
一時,いちじ,a (short) time; a while,3
一度に,いちどに,all at once,3
市場,いちば,(town) market; (street) market,3
一番,いちばん,number one; first,3
いつか,いつか,sometime; someday,3
一家,いっか,a family; a household,3
一種,いっしゅ,a kind; a sort,3
一瞬,いっしゅん,instant; moment,3
一生,いっしょう,whole life; a lifetime,3
一層,いっそう,even more; still more,3
一体,いったい,(what) the heck; (why) in the world,3
一致,いっち,agreement; accord,3
いつでも,いつでも,always; all the time,3
一般,いっぱん,general; universal,3
一方,いっぽう,one person; ordinary,3
いつまでも,いつまでも,forever; eternally,3
いつも,いつも,always; all the time,3
移動,いどう,movement; transfer,3
従兄弟,いとこ,cousin (male),3
稲,いね,rice plant (Oryza sativa),3
居眠り,いねむり,nodding off (while sitting); dozing,3
命,いのち,life; life force,3
違反,いはん,violation; offense,3
衣服,いふく,clothes,3
居間,いま,living room (Western style); sitting room,3
今に,いまに,before long; even now,3
今にも,いまにも,at any moment (now); at any minute,3
否,いや,no; nay,3
以来,いらい,since; henceforth,3
依頼,いらい,request; commission,3
いらいら,いらいら,to get irritated; to get annoyed,3
いらっしゃい,いらっしゃい,come; go,3
医療,いりょう,medical treatment; medical care,3
岩,いわ,rock; boulder,3
祝い,いわい,congratulation; congratulations,3
祝う,いわう,to celebrate; to congratulate,3
言わば,いわば,so to speak; so to call it,3
いわゆる,いわゆる,what is called; what you call,3
インク,インク,ink,3
印刷,いんさつ,printing,3
印象,いんしょう,impression,3
引退,いんたい,retirement,3
引用,いんよう,quotation; citation,3
ウイスキー,ウイスキー,whisky; whiskey,3
上,うわ,above; over,3
魚,うお,fish,3
うがい,うがい,cormorant fishing; cormorant fisherman,3
伺う,うかがう,to call on someone; to call at a place,3
受け取る,うけとる,to receive; to get,3
動かす,うごかす,to move; to shift,3
兎,うさぎ,rabbit; hare,3
牛,うし,pimp; brothel tout,3
失う,うしなう,"to lose; to miss (a chance, opportunity)",3
後,うしろ,after; rear,3
嘘,うそ,lie; fib,3
疑う,うたがう,to doubt; to distrust,3
内,うち,within ...; inside ...,3
宇宙,うちゅう,universe; cosmos,3
撃つ,うつ,"to shoot (a gun, person, etc.); to fire",3
移す,うつす,"to transfer (to a different place, group, etc.); to change",3
訴える,うったえる,to raise; to bring to (someone's attention),3
うなる,うなる,to groan; to moan,3
奪う,うばう,to take (by force); to take away,3
馬,うま,horse; horse racing,3
うまい,うまい,skillful; skilful,3
生まれ,うまれ,birth; birthplace,3
梅,うめ,Japanese apricot (Prunus mume); Japanese plum,3
裏切る,うらぎる,to betray; to turn traitor (to),3
うるさい,うるさい,noisy; loud,3
嬉しい,うれしい,happy; glad,3
売れる,うれる,to sell (well); to be well known,3
噂,うわさ,rumour; rumor,3
うん,（感）,yes; yeah,3
運,うん,fortune; luck,3
運転,うんてん,operation (of a machine); running,3
運動,うんどう,exercise; physical training,3
柄,え,trunk; stem,3
永遠,えいえん,eternity; perpetuity,3
永久,えいきゅう,eternity; perpetuity,3
影響,えいきょう,influence; effect,3
営業,えいぎょう,business; trade,3
衛星,えいせい,(natural) satellite; moon,3
栄養,えいよう,nutrition; nourishment,3
笑顔,えがお,smiling face; smile,3
描く,えがく,to draw; to paint,3
餌,えさ,(animal) feed; fodder,3
エネルギー,エネルギー,energy; strength,3
得る,える,to be able to ...; can ...,3
得る,うる,to be able to ...; can ...,3
円,えん,yen (currency of Japan); circle,3
延期,えんき,postponement; deferment,3
演技,えんぎ,acting; performance,3
援助,えんじょ,assistance; aid,3
エンジン,エンジン,engine,3
演説,えんぜつ,speech; address,3
演奏,えんそう,musical performance,3
遠慮,えんりょ,reserve; constraint,3
御,お,honorific affix; honorific prefix,3
老い,おい,old age; ageing,3
追い付く,おいつく,to catch up (with); to draw level,3
王,おう,king; ruler,3
追う,おう,to chase; to run after,3
王様,おうさま,king,3
王子,おうじ,prince; subordinate Kumano shrine,3
応じる,おうじる,to respond; to satisfy,3
横断,おうだん,"crossing (a road, river, etc.); cutting through (e.g. of a river through a town)",3
終える,おえる,to finish; to graduate,3
大いに,おおいに,very; very much,3
覆う,おおう,to cover; to hide,3
オーバー,オーバー,overcoat; exceeding,3
大家,おおや,landlord; landlady,3
丘,おか,mound; hill,3
沖,おき,open sea; Okinawa,3
奥,おく,inner part; interior,3
贈る,おくる,to give (as a gift); to present,3
起こる,おこる,to occur; to happen,3
幼い,おさない,young; innocent,3
収める,おさめる,to put (into); to put away (in),3
おじいさん,おじいさん,grandfather; male senior-citizen,3
おしゃべり,おしゃべり,chattering; talk,3
汚染,おせん,pollution; contamination,3
おそらく,おそらく,probably; (most) likely,3
恐れる,おそれる,to fear; to be afraid of,3
恐ろしい,おそろしい,terrible; dreadful,3
お互い,おたがい,each other; one another,3
穏やか,おだやか,calm; quiet,3
男の人,おとこのひと,man,3
劣る,おとる,to be inferior to; to be less good at,3
お腹,おなか,belly; abdomen,3
鬼,おに,ugly; repulsive,3
帯,おび,"obi (kimono sash); obi (strip of paper looped around a book, CD, etc. containing information about the product)",3
お昼,おひる,lunch; noon,3
オフィス,オフィス,office,3
溺れる,おぼれる,to struggle in the water; to sink below the surface and become unable to breathe,3
おまえ,おまえ,"you; before (a god, nobleman, etc.)",3
おめでとう,おめでとう,Japanese sweets made with glutinous rice and azuki bean paste; congratulations!,3
お目に掛,おめにかかる,to meet (someone of higher status); to be recognized (esp. by someone of higher status),3
思い出,おもいで,memories; recollections,3
主に,おもに,mainly; primarily,3
思わず,おもわず,unconsciously; involuntarily,3
おや,おや,oh!; oh?,3
泳ぎ,およぎ,swimming,3
およそ,およそ,about; roughly,3
及ぼす,およぼす,to exert (influence); to exercise,3
居る,おる,to be (of animate objects); to exist,3
下す,おろす,to make a decision; to draw a conclusion,3
降ろす,おろす,to take down; to bring down,3
終,おわり,end; final,3
音,おん,sound; noise,3
恩,おん,favour; favor,3
温暖,おんだん,warm; mild,3
温度,おんど,temperature,3
可,か,acceptable; satisfactory,3
課,か,lesson; section (in an organization),3
カー,カー,car,3
カード,カード,"curd; card (information, filing, etc.)",3
会,かい,"gathering (esp. Buddhist, festive, etc.); meeting",3
回,かい,counter for occurrences; a time,3
害,がい,injury; harm,3
会員,かいいん,member; the membership,3
絵画,かいが,painting; picture,3
海外,かいがい,foreign; abroad,3
会計,かいけい,accounting; finance,3
解決,かいけつ,settlement; solution,3
会合,かいごう,meeting; assembly,3
外交,がいこう,diplomacy; selling (e.g. door-to-door),3
開始,かいし,start; commencement,3
解釈,かいしゃく,interpretation; explanation,3
外出,がいしゅつ,going out; outing,3
改善,かいぜん,betterment; improvement,3
快適,かいてき,pleasant; agreeable,3
回復,かいふく,restoration; recovery,3
飼う,かう,to keep (a pet or other animal); to have,3
替える,かえる,to replace; to convert,3
換える,かえる,to replace; to convert,3
香り,かおり,aroma; fragrance,3
画家,がか,painter; artist,3
抱える,かかえる,to hold in one's arms; to carry in one's arms,3
価格,かかく,price; value,3
化学,かがく,chemistry,3
輝く,かがやく,to shine; to sparkle,3
係,かかり,charge; duty,3
掛かる,かかる,"to take (a resource, e.g. time or money); to hang",3
罹る,かかる,to contract (a disease); to suffer from,3
鍵,かぎ,"key (on a piano, organ, etc.); key",3
限る,かぎる,to restrict; to limit,3
描く,かく,to draw; to paint,3
家具,かぐ,furniture,3
学,がく,learning; scholarship,3
額,がく,(picture) frame; framed picture,3
覚悟,かくご,readiness; (mental) preparedness,3
確実,かくじつ,certain; sure,3
学者,がくしゃ,scholar; academic,3
学習,がくしゅう,learning; study,3
隠す,かくす,to hide; to conceal,3
拡大,かくだい,expansion; extension,3
確認,かくにん,confirmation; verification,3
学問,がくもん,study; scholarship,3
隠れる,かくれる,to hide; to conceal oneself,3
影,かげ,shadow; silhouette,3
陰,かげ,(the) negative (e.g. pole); yin (in Chinese divination),3
欠ける,かける,to chip; to be chipped,3
加減,かげん,degree; extent,3
過去,かこ,the past; bygone days,3
籠,かご,prison; jail,3
囲む,かこむ,to surround; to encircle,3
火災,かさい,conflagration; fire,3
貸し,かし,loan; lending,3
菓子,かし,confectionery; sweets,3
家事,かじ,housework; domestic chores,3
賢い,かしこい,wise; clever,3
歌手,かしゅ,singer,3
数,かず,often; again and again,3
稼ぐ,かせぐ,to earn (income); to make (money),3
数える,かぞえる,to count; to enumerate,3
型,かた,type; style,3
肩,かた,shoulder,3
硬い,かたい,hard; solid,3
方々,かたがた,people; (all) persons,3
刀,かたな,sword (esp. Japanese single-edged); katana,3
語る,かたる,to talk about; to speak of,3
勝ち,かち,win; victory,3
価値,かち,value; worth,3
がっかり,がっかり,to be disappointed; to be dejected,3
活気,かっき,energy; vigour,3
学期,がっき,school term; semester,3
格好,かっこう,shape; form,3
活動,かつどう,"activity (of a person, organization, animal, volcano, etc.); action",3
活用,かつよう,practical use; application,3
悲しむ,かなしむ,to be sad; to mourn for,3
必ずしも,かならずしも,(not) always; (not) necessarily,3
かなり,かなり,considerably; fairly,3
金,かね,gold; gold coin,3
金持ち,かねもち,rich person; wealthy person,3
可能,かのう,possible; potential,3
株,かぶ,stump; counter for trees,3
被る,かぶる,to put on (one's head); to wear,3
構う,かまう,to mind; to care about,3
我慢,がまん,endurance; patience,3
上,かみ,above; over,3
神,かみ,spirit; psyche,3
雷,かみなり,thunder; lightning,3
髪の毛,かみのけ,hair (on the head); (a) hair,3
科目,かもく,(school) subject; curriculum,3
かもしれない,かもしれない,may; might,3
火曜,かよう,Tuesday,3
空,から,empty air; sky,3
柄,がら,trunk; stem,3
刈る,かる,"to cut (grass, hair, etc.); to mow",3
彼等,かれら,those; they,3
川,かわ,river; stream,3
河,かわ,discarded tiles; discards,3
皮,かわ,skin; hide,3
革,かわ,leather; tanned animal hide,3
かわいそう,かわいそう,poor; pitiable,3
かわいらしい,かわいらしい,lovely; sweet,3
缶,かん,"boiler; fat-bodied, small-mouthed earthenware jar for carrying water",3
勘,かん,perception; intuition,3
考え,かんがえ,thinking; thought,3
感覚,かんかく,sense; sensation,3
観客,かんきゃく,spectator; audience,3
環境,かんきょう,environment; surroundings,3
歓迎,かんげい,welcome; (warm) reception,3
観光,かんこう,sightseeing; tourism,3
観察,かんさつ,observation; survey,3
感じ,かんじ,feeling; sense,3
感謝,かんしゃ,thanks; gratitude,3
患者,かんじゃ,patient,3
勘定,かんじょう,calculation; computation,3
感情,かんじょう,emotion; feeling,3
感じる,かんじる,to feel; to sense,3
感心,かんしん,admiration; being impressed,3
関心,かんしん,concern; interest,3
関する,かんする,to concern; to be related,3
完成,かんせい,completion; perfection,3
完全,かんぜん,perfect; complete,3
感動,かんどう,being deeply moved emotionally; excitement,3
監督,かんとく,supervision; control,3
管理,かんり,control; management (e.g. of a business),3
完了,かんりょう,end; completion,3
関連,かんれん,relation; connection,3
議員,ぎいん,member of an assembly; member of the Diet,3
記憶,きおく,memory; recollection,3
気温,きおん,(air) temperature,3
機械,きかい,machine; mechanism,3
議会,ぎかい,congress; parliament,3
期間,きかん,period; term,3
機関,きかん,mechanism; machinery,3
企業,きぎょう,enterprise; business,3
効く,きく,to be effective; to take effect,3
機嫌,きげん,humour; humor,3
気候,きこう,climate,3
岸,きし,bank; coast,3
生地,きじ,cloth; fabric,3
記事,きじ,article; news story,3
技師,ぎし,engineer; technician,3
記者,きしゃ,reporter; journalist,3
傷,きず,wound; injury,3
期待,きたい,expectation; anticipation,3
帰宅,きたく,returning home; going home,3
貴重,きちょう,precious; valuable,3
議長,ぎちょう,chair; chairman,3
きちんと,きちんと,properly; accurately,3
きつい,きつい,tough; hard,3
気付く,きづく,to notice; to realize,3
気に入る,きにいる,to like; to be pleased with,3
記入,きにゅう,"entry (in a form, register, diary, etc.); filling in",3
記念,きねん,commemoration; celebration,3
機能,きのう,function; facility,3
気の毒,きのどく,pitiful; unfortunate,3
寄付,きふ,contribution; donation,3
希望,きぼう,hope; wish,3
基本,きほん,basics; fundamentals,3
決まり,きまり,rule; regulation,3
気味,きみ,market sentiment (stock market); market tone,3
奇妙,きみょう,strange; odd,3
義務,ぎむ,duty; obligation,3
疑問,ぎもん,doubt; question,3
逆,ぎゃく,inverse; reverse,3
キャプテン,キャプテン,captain,3
キャンプ,キャンプ,camp; camping,3
九,きゅう,nine; 9,3
旧,きゅう,former; ex-,3
級,きゅう,(school) grade; year,3
球,きゅう,"ball (for sport, games, etc.); kemari",3
休暇,きゅうか,holiday; vacation,3
休憩,きゅうけい,rest; break,3
急激,きゅうげき,sudden; abrupt,3
吸収,きゅうしゅう,absorption; suction,3
救助,きゅうじょ,relief; aid,3
急速,きゅうそく,rapid (e.g. progress),3
急に,きゅうに,swiftly; rapidly,3
給料,きゅうりょう,salary; wages,3
器用,きよう,skillful; skilful,3
教科書,きょうかしょ,textbook; coursebook,3
競技,きょうぎ,game; match,3
行儀,ぎょうぎ,manners; behavior,3
供給,きょうきゅう,supply; provision,3
教師,きょうし,teacher; instructor,3
教授,きょうじゅ,professor; teaching,3
強調,きょうちょう,emphasis; stress,3
共通,きょうつう,common; shared,3
共同,きょうどう,cooperation; collaboration,3
恐怖,きょうふ,fear; dread,3
協力,きょうりょく,cooperation; collaboration,3
強力,きょうりょく,powerful; strong,3
許可,きょか,permission; approval,3
局,きょく,bureau; department,3
巨大,きょだい,huge; gigantic,3
嫌う,きらう,to hate; to dislike,3
霧,きり,fog; mist,3
切れ,きれ,completely using up ...; running out of ...,3
切れる,きれる,to break; to snap,3
キロ,キロ,kilo-; 1000,3
記録,きろく,record; document,3
議論,ぎろん,argument; discussion,3
金,きん,gold; gold coin,3
銀,ぎん,silver; silver coin,3
禁煙,きんえん,abstaining from smoking; quitting smoking,3
金額,きんがく,amount of money; sum,3
金庫,きんこ,safe; strongbox,3
禁止,きんし,prohibition; inhibition,3
金銭,きんせん,money; cash,3
金属,きんぞく,metal,3
近代,きんだい,present day; modern times,3
緊張,きんちょう,tension; strain,3
筋肉,きんにく,sinewy meat; muscle,3
金融,きんゆう,finance; financing,3
金曜,きんよう,Friday,3
九,く,nine; 9,3
句,く,section (i.e. of text); sentence,3
食う,くう,to eat; to live,3
偶然,ぐうぜん,coincidence; chance,3
臭い,くさい,stinking; smelly,3
鎖,くさり,chain; chains,3
腐る,くさる,to rot; to go bad,3
癖,くせ,habit (usu. a bad one); tendency,3
管,くだ,pipe; tube,3
具体,ぐたい,concreteness; embodiment,3
下さる,くださる,to give; to confer,3
下り,くだり,down-train; train heading toward the ending point of its route,3
苦痛,くつう,pain; agony,3
ぐっすり,ぐっすり,soundly (sleeping); fast (asleep),3
区別,くべつ,distinction; differentiation,3
組,くみ,class (of students); group (of people),3
組合,くみあい,association; union,3
組む,くむ,to cross (legs or arms); to link (arms),3
曇,くもり,cloudiness; cloudy weather,3
位,くらい,rank; place (e.g. first place),3
暮らし,くらし,(way of) life; lifestyle,3
クラシック,クラシック,classical music; classic,3
暮らす,くらす,"to live (on, by, etc.); to lead a life",3
グラス,グラス,grass; glass (drinking vessel),3
グランド,グランド,(sports) ground; (playing) field,3
クリーム,クリーム,cream; ice cream,3
繰り返す,くりかえす,to repeat; to do over again,3
クリスマス,クリスマス,Christmas,3
狂う,くるう,to go mad; to lose one's mind,3
グループ,グループ,group (usu. of people),3
苦しい,くるしい,painful; difficult,3
苦しむ,くるしむ,to suffer; to groan,3
暮れ,くれ,sunset; sundown,3
苦労,くろう,trouble; hardship,3
加える,くわえる,to add; to add up,3
詳しい,くわしい,detailed; full,3
加わる,くわわる,to be added to; to be appended,3
訓,くん,native Japanese reading of a Chinese character; precept,3
軍,ぐん,army; armed forces,3
軍隊,ぐんたい,armed forces; military,3
訓練,くんれん,training; drill,3
下,げ,"lowness (of degree, value, etc.); inferiority",3
計,けい,progress; plan,3
敬意,けいい,respect; honour,3
経営,けいえい,management; administration,3
計画,けいかく,plan; project,3
景気,けいき,business conditions; the market,3
経験,けいけん,experience,3
傾向,けいこう,tendency; trend,3
警告,けいこく,warning; caution,3
計算,けいさん,calculation; computation,3
掲示,けいじ,notice; bulletin,3
刑事,けいじ,(police) detective; criminal matter,3
芸術,げいじゅつ,art; the arts,3
契約,けいやく,contract; compact,3
経由,けいゆ,going through; going via,3
ケース,ケース,computer-aided software engineering; CASE,3
ゲーム,ゲーム,game,3
怪我,けが,injury; wound,3
劇,げき,drama; play,3
劇場,げきじょう,theatre; theater,3
化粧,けしょう,make-up; makeup,3
けち,けち,stinginess; miserliness,3
結果,けっか,result; consequence,3
欠陥,けっかん,defect; fault,3
結局,けっきょく,after all; in the end,3
決心,けっしん,determination; resolution,3
欠席,けっせき,absence; non-attendance,3
決定,けってい,decision; determination,3
欠点,けってん,fault; defect,3
月曜,げつよう,Monday,3
結論,けつろん,"conclusion (of an argument, discussion, study, etc.); conclusion",3
煙,けむり,smoke; fumes,3
券,けん,ticket; coupon,3
県,けん,"territory (pre-Taika: under the Yamato court; Heian: under a provincial governor, etc.); countryside",3
軒,けん,"counter for buildings (esp. houses); suffix for a pen name, stage name, etc.",3
喧嘩,けんか,quarrel; brawl,3
見解,けんかい,opinion; point of view,3
限界,げんかい,limit; bound,3
現金,げんきん,cash; ready money,3
言語,げんご,language,3
健康,けんこう,health; healthy,3
検査,けんさ,"inspection (e.g. customs, factory); examination",3
現在,げんざい,the present; present time,3
現実,げんじつ,reality; actuality,3
現象,げんしょう,phenomenon,3
現状,げんじょう,present condition; existing state,3
建設,けんせつ,construction; establishment,3
現代,げんだい,present age; present day,3
建築,けんちく,construction; architecture (of buildings),3
見当,けんとう,estimate; guess,3
検討,けんとう,consideration; examination,3
現場,げんば,"actual spot; scene (of a crime, accident, etc.)",3
憲法,けんぽう,constitution; rules,3
権利,けんり,right; privilege,3
後,ご,after; rear,3
語,ご,word; term,3
恋,こい,(romantic) love,3
濃い,こい,deep (colour); dark,3
恋人,こいびと,lover; sweetheart,3
幸運,こううん,good luck; fortune,3
講演,こうえん,lecture; address,3
効果,こうか,effect; effectiveness,3
硬貨,こうか,coin; hard currency,3
高価,こうか,highly priced; expensive,3
豪華,ごうか,extravagant; lavish,3
合格,ごうかく,passing (an exam); pass,3
交換,こうかん,exchange; interchange,3
航空,こうくう,aviation; flying,3
光景,こうけい,scene; spectacle,3
合計,ごうけい,sum total; total amount,3
攻撃,こうげき,attack; assault,3
貢献,こうけん,contribution (furthering a goal or cause); services (to a cause),3
広告,こうこく,advertisement; advertising,3
交際,こうさい,company; friendship,3
後者,こうしゃ,the latter; the second,3
工場,こうば,factory; plant,3
構成,こうせい,composition; construction,3
高速,こうそく,high-speed; rapid,3
行動,こうどう,action; conduct,3
強盗,ごうとう,robber; mugger,3
幸福,こうふく,happiness; well-being,3
公平,こうへい,chopped burdock root (and sometimes carrot) cooked in sugar and soy sauce; fairness,3
候補,こうほ,candidate; contender,3
考慮,こうりょ,consideration; taking into account,3
越える,こえる,to cross over; to cross,3
コーチ,コーチ,coach; coaching,3
コード,コード,cord; flex,3
氷,こおり,ice; shaved ice (usually served with flavored simple syrup),3
凍る,こおる,to freeze; to become frozen,3
ゴール,ゴール,"Gaul (region); goal (in soccer, hockey, etc.)",3
誤解,ごかい,misunderstanding,3
語学,ごがく,study of foreign languages; linguistics,3
呼吸,こきゅう,breathing; respiration,3
故郷,こきょう,hometown; birthplace,3
極,ごく,end; limit,3
国語,こくご,national language; Japanese language (esp. as a school subject in Japan),3
黒板,こくばん,blackboard,3
克服,こくふく,"conquest (of a difficulty, illness, crisis, etc.); overcoming",3
国民,こくみん,people of a country; people (of a country),3
穀物,こくもつ,grain; cereal,3
ここ,ここ,here; this place,3
腰,こし,posture; position,3
故障,こしょう,fault; trouble,3
個人,こじん,individual; private person,3
越す,こす,to cross over (e.g. mountain); to go across,3
国家,こっか,state; country,3
国会,こっかい,National Diet; Imperial Diet,3
国境,こっきょう,border (between countries); national border,3
骨折,こっせつ,bone fracture,3
小包,こづつみ,parcel; package,3
事,こと,individual concrete phenomenon (as opposed to a general principle); nominalizing suffix,3
異なる,ことなる,to differ; to be different,3
諺,ことわざ,proverb; saying,3
断る,ことわる,to refuse; to reject,3
粉,こな,decimetre; decimeter,3
この,この,nine; 9,3
好み,このみ,liking for; taste for,3
好む,このむ,to like; to prefer,3
コピー,コピー,copy; photocopy,3
塵,ごみ,defilement; impurity,3
小麦,こむぎ,wheat,3
ごめんなさい,ごめんなさい,I'm sorry; my apologies,3
小屋,こや,hut; cabin,3
これら,これら,these,3
頃,ころ,qing (Chinese unit of land area equal to 100 mu); time,3
殺す,ころす,to kill; to slay,3
転ぶ,ころぶ,to fall down; to fall over,3
今回,こんかい,this time; now,3
今後,こんご,from now on; hereafter,3
混雑,こんざつ,congestion; crush,3
こんなに,こんなに,so; like this,3
困難,こんなん,difficulty; hardship,3
今日,こんにち,today; this day,3
こんにちは,こんにちは,hello; good day,3
コンピューター,コンピューター,computer,3
婚約,こんやく,engagement; betrothal,3
混乱,こんらん,disorder; chaos,3
差,さ,between (e.g. two people); face to face,3
サービス,サービス,service; help,3
際,さい,edge; brink,3
最高,さいこう,best; supreme,3
財産,ざいさん,property; fortune,3
最終,さいしゅう,last; final,3
最中,さいちゅう,(in) the middle of; (in) the midst of,3
最低,さいてい,least; lowest,3
才能,さいのう,talent; ability,3
裁判,さいばん,trial; judgement,3
材料,ざいりょう,materials; ingredients,3
幸い,さいわい,happiness; blessedness,3
サイン,サイン,sine; autograph,3
境,さかい,border; boundary,3
逆らう,さからう,to go against; to oppose,3
盛り,さかり,height (e.g. of summer); peak (e.g. of cherry blossom season),3
作業,さぎょう,work; operation,3
昨,さく,last (year); yesterday,3
作品,さくひん,"work (e.g. book, film, painting, composition); piece",3
作物,さくもつ,artistic work; literary work,3
桜,さくら,cherry tree; cherry blossom,3
酒,さけ,alcohol; sake,3
叫ぶ,さけぶ,to shout; to cry (out),3
避ける,さける,to avoid (physical contact with); to avoid (situation),3
支える,ささえる,to support; to prop,3
指す,さす,to point; to nominate,3
座席,ざせき,seat (esp. in public places or places with assigned seating); seating,3
誘う,さそう,to invite; to ask (someone to do),3
札,さつ,armor platelet; banknote,3
作家,さっか,author; writer,3
作曲,さっきょく,composition (of music); setting,3
ざっと,ざっと,roughly; approximately,3
さっぱり,さっぱり,feeling refreshed; feeling relieved,3
さて,さて,well; now,3
砂漠,さばく,desert,3
差別,さべつ,distinction; differentiation,3
作法,さほう,manners; etiquette,3
様々,さまざま,various; varied,3
覚ます,さます,to awaken; to arouse from sleep,3
覚める,さめる,to wake; to wake up,3
左右,さゆう,left and right; right and left,3
皿,さら,plate; dish,3
更に,さらに,furthermore; again,3
去る,さる,to leave; to go away,3
猿,さる,"monkey (esp. the Japanese macaque, Macaca fuscata); ape",3
騒ぎ,さわぎ,uproar; disturbance,3
参加,さんか,participation; joining,3
参考,さんこう,reference; consultation,3
賛成,Uӣ[い,approval; agreement,3
酸素,さんそ,oxygen (O),3
散歩,さんぽ,walk; stroll,3
四,し,four; 4,3
氏,し,Mr; Mrs,3
詩,し,song; singing,3
幸せ,しあわせ,happiness; good fortune,3
ジーンズ,ジーンズ,jeans; denim,3
ジェット,ジェットき,jet,3
直に,じかに,directly; in person,3
しかも,しかも,moreover; furthermore,3
叱る,しかる,to scold; to chide,3
式,しき,way; style,3
直,じき,Atai (post-Taika reform hereditary title often given to regional administrators); direct,3
時期,じき,time; season,3
支給,しきゅう,provision; supply,3
しきりに,しきりに,frequently; repeatedly,3
刺激,しげき,stimulus; stimulation,3
資源,しげん,resources,3
事件,じけん,event; affair,3
時刻,じこく,time; (the) hour,3
自殺,じさつ,suicide,3
事実,じじつ,fact; truth,3
支出,ししゅつ,expenditure; disbursement,3
事情,じじょう,circumstances; conditions,3
詩人,しじん,poet,3
自身,じしん,(one's) self; oneself,3
沈む,しずむ,to sink; to go under,3
自然,しぜん,occurring naturally (without human influence); nature,3
思想,しそう,thought; idea,3
舌,した,tongue; tongue-like object,3
次第,しだい,depending on; as soon as,3
事態,じたい,situation; (present) state of affairs,3
従う,したがう,"to obey (an order, law, etc.); to abide by (a rule, custom, etc.)",3
したがっ,したがって,therefore; consequently,3
支度,したく,preparation; arrangements,3
親しい,したしい,intimate; close,3
七,しち,seven,3
質,しつ,pawn; pawned article,3
失業,しつぎょう,unemployment; losing one's job,3
実験,じっけん,experiment; experimentation,3
実現,じつげん,implementation (e.g. of a system); materialization,3
実行,じっこう,execution (e.g. of a plan); carrying out,3
実際,じっさい,reality; actuality,3
実施,じっし,enforcement; implementation,3
じっと,じっと,"motionlessly (e.g. stand, wait); (be) still",3
実に,じつに,really; truly,3
実は,じつは,as a matter of fact; by the way,3
失望,しつぼう,disappointment; despair,3
支店,してん,branch office; branch store,3
指導,しどう,guidance; leadership,3
自動,じどう,automatic; intransitive verb,3
品,しな,court rank; level,3
支配,しはい,rule; domination,3
芝居,しばい,play; drama,3
しばしば,しばしば,often; again and again,3
芝生,しばふ,lawn; grass,3
支払,しはらい,payment,3
支払う,しはらう,to pay,3
死亡,しぼう,death; dying,3
資本,しほん,funds; capital,3
しまい,（終わり）,sisters; end,3
姉妹,しまい,sisters,3
しまう,（終わる）,to finish; to stop,3
しまった,（感）,darn it!; darn!,3
自慢,じまん,"pride (in one's achievements, possessions, etc.); self-praise",3
事務,じむ,office work; clerical work,3
示す,しめす,to (take out and) show; to demonstrate,3
占める,しめる,to occupy; to hold,3
下,しも,"lowness (of degree, value, etc.); inferiority",3
霜,しも,frost; white hair,3
じゃあ,じゃあ,then; well,3
借金,しゃっきん,debt; loan,3
しゃべる,しゃべる,to talk; to chat,3
邪魔,じゃま,hindrance; obstacle,3
週,しゅう,week,3
州,しゅう,"state (of the US, Australia, India, Germany, etc.); province (e.g. of Canada)",3
十,じゅう,ten; 10,3
銃,じゅう,gun; firearm,3
周囲,しゅうい,surroundings; environs,3
収穫,しゅうかく,harvest; crop,3
週間,しゅうかん,week,3
宗教,しゅうきょう,religion; religious affiliation,3
重視,じゅうし,regarding as important; attaching importance to,3
就職,しゅうしょく,finding employment; getting a job,3
ジュース,ジュース,deuce; juice,3
修正,しゅうせい,amendment; correction,3
渋滞,じゅうたい,(traffic) congestion; traffic jam,3
重大,じゅうだい,serious; important,3
住宅,じゅうたく,residence; housing,3
集団,しゅうだん,group; mass,3
集中,しゅうちゅう,concentration (on a task); focusing one's attention,3
収入,しゅうにゅう,income; earnings,3
住民,じゅうみん,inhabitant; resident,3
重要,じゅうよう,important; essential,3
修理,しゅうり,repair; mending,3
主義,しゅぎ,doctrine; rule,3
宿泊,しゅくはく,accommodation; lodging,3
手術,しゅじゅつ,surgery; operation,3
首相,しゅしょう,"prime minister; chancellor (Germany, Austria, etc.)",3
手段,しゅだん,means; way,3
主張,しゅちょう,claim; insistence,3
出身,しゅっしん,"one's origin (e.g. city, country, parentage, school)",3
出席,しゅっせき,attendance; presence,3
出発,しゅっぱつ,departure; leaving,3
出版,しゅっぱん,publication,3
首都,しゅと,capital (city); metropolis,3
主婦,しゅふ,housewife; mistress (of the house),3
主要,しゅよう,chief; main,3
需要,じゅよう,demand; need,3
種類,しゅるい,variety; kind,3
順,じゅん,order; turn,3
瞬間,しゅんかん,moment; instant,3
順調,じゅんちょう,favourable; favorable,3
順番,じゅんばん,order; turn,3
準備,じゅんび,preparation; arrangements,3
使用,しよう,use; application,3
小,しょう,smallness; small item,3
章,しょう,chapter; section,3
賞,しょう,prize; award,3
上,じょう,above; over,3
障害,しょうがい,obstacle; impediment,3
奨学金,しょうがくきん,scholarship; stipend,3
乗客,じょうきゃく,passenger,3
上京,じょうきょう,going (up) to the capital; going to Tokyo,3
状況,じょうきょう,state of affairs; situation,3
条件,じょうけん,condition; term,3
正午,しょうご,noon; midday,3
正直,しょうじき,honest; frank,3
常識,じょうしき,common sense; good sense,3
少女,しょうじょ,(young) girl; maiden,3
少々,しょうしょう,a little; a bit,3
症状,しょうじょう,symptoms; condition (of a patient),3
生じる,しょうじる,to produce; to yield,3
招待,しょうたい,invitation,3
状態,じょうたい,state; condition,3
上達,じょうたつ,"improvement (e.g. in skill, ability); advance",3
冗談,じょうだん,joke; jest,3
承知,しょうち,knowledge; awareness,3
上等,じょうとう,superior; first-class,3
衝突,しょうとつ,collision; crash,3
商人,しょうにん,merchant; trader,3
承認,しょうにん,recognition; acknowledgement,3
少年,しょうねん,boy; juvenile,3
商売,しょうばい,trade; business,3
消費,しょうひ,consumption; expenditure,3
商品,しょうひん,commodity; article of commerce,3
消防,しょうぼう,fire fighting; fire department,3
情報,じょうほう,information; news,3
証明,しょうめい,proof; testimony,3
女王,じょおう,queen; female champion,3
職,しょく,agency (government department between a ministry and a bureau under the ritsuryō system); job,3
職業,しょくぎょう,occupation; profession,3
食事,しょくじ,"meal (e.g. lunch, dinner); diet",3
食卓,しょくたく,dining table,3
食品,しょくひん,food; food products,3
植物,しょくぶつ,plant; vegetation,3
食物,しょくもつ,food; foodstuff,3
食欲,しょくよく,appetite (for food),3
食料,しょくりょう,food,3
食糧,しょくりょう,food (esp. staple food such as rice or wheat); provisions,3
書斎,しょさい,study; library,3
女子,じょし,girl; vagina,3
助手,じょしゅ,helper; assistant,3
徐々に,じょじょに,gradually; steadily,3
署名,しょめい,signature; autograph,3
書物,しょもつ,book; volume,3
女優,じょゆう,actress; female actor,3
処理,しょり,processing; dealing with,3
書類,しょるい,document; papers,3
知らせ,しらせ,news; word,3
尻,しり,ass; arse,3
印,しるし,stamp; seal,3
城,しろ,castle (in place names); castle,3
進学,しんがく,"advancing to the next stage of education; going on to (high school, college, etc.)",3
神経,しんけい,nerve; nerves,3
真剣,しんけん,serious; earnest,3
信仰,しんこう,(religious) faith; belief,3
信号,しんごう,signal; signalling,3
人工,じんこう,artificial; man-made,3
深刻,しんこく,serious; severe,3
診察,しんさつ,medical examination; checkup,3
人種,じんしゅ,race (of people); type of person,3
信じる,しんじる,to believe; to believe in,3
人生,じんせい,(one's) life,3
親戚,しんせき,relative; relation,3
新鮮,しんせん,fresh,3
心臓,しんぞう,heart; guts,3
身体,しんたい,body; physical system,3
身長,しんちょう,height (of a person); stature,3
慎重,しんちょう,careful; cautious,3
心配,しんぱい,worry; concern,3
審判,しんぱん,judgement; judgment,3
人物,じんぶつ,person; character,3
進歩,しんぽ,progress; advance,3
親友,しんゆう,close friend; bosom friend,3
信用,しんよう,confidence; trust,3
信頼,しんらい,trust (in); confidence,3
心理,しんり,state of mind; mentality,3
人類,じんるい,mankind; humanity,3
巣,す,nest; rookery,3
図,ず,drawing; picture,3
水準,すいじゅん,level; standard,3
推薦,すいせん,recommendation; referral,3
スイッチ,スイッチ,switch; points,3
随分,ずいぶん,very; extremely,3
睡眠,すいみん,sleep,3
数,すう,often; again and again,3
数字,すうじ,numeral; digit,3
スープ,スープ,(Western) soup,3
末,すえ,top end; tip,3
姿,すがた,figure; form,3
スキー,スキー,skiing; ski,3
空く,すく,to become less crowded; to thin out,3
救う,すくう,to rescue (someone); to save,3
優れる,すぐれる,to be better (than); to be superior,3
スケート,スケート,skating (esp. ice); skate,3
すごい,すごい,terrible; dreadful,3
少しも,すこしも,(not) at all; (not) a bit,3
過ごす,すごす,to spend (time); to pass,3
筋,すじ,muscle; tendon,3
進める,すすめる,to advance; to move forward,3
勧める,すすめる,to recommend (someone to do); to advise,3
スター,スター,"star (actor, athlete, etc.); celebrity",3
スタイル,スタイル,(one's) figure; build,3
スタンド,スタンド,stands; bleachers,3
頭痛,ずつう,headache,3
ずっと,ずっと,continuously; the whole time,3
すてき,すてき,lovely; wonderful,3
既に,すでに,already; previously,3
すなわち,すなわち,that is (to say); namely,3
素晴らし,すばらしい,wonderful; splendid,3
スピーチ,スピーチ,speech,3
全て,すべて,everything; all,3
済ませる,すませる,to finish; to make an end of,3
角,すみ,angle; square,3
すみませ,（感）,,3
為る,する,to do; to carry out,3
すると,すると,(and) then; and,3
鋭い,するどい,"sharp (knife, claws, etc.); pointed",3
背,せい,back; reverse,3
正,せい,exactly; precisely,3
生,せい,life; living,3
性,せい,nature; disposition,3
所為,せい,act; deed,3
税,ぜい,tax,3
性格,せいかく,character (of a person); personality,3
正確,せいかく,accurate; correct,3
世紀,せいき,century; era,3
請求,せいきゅう,claim; demand,3
税金,ぜいきん,tax; duty,3
清潔,せいけつ,clean; hygienic,3
制限,せいげん,restriction; restraint,3
成功,せいこう,success; achievement,3
生産,せいさん,live birth; production,3
正式,せいしき,formal; official,3
精神,せいしん,mind; spirit,3
成人,せいじん,adult; grown-up,3
精々,せいぜい,at the most; at best,3
成績,せいせき,results; record,3
製造,せいぞう,manufacture; production,3
贅沢,ぜいたく,luxury; extravagance,3
成長,せいちょう,growth; development,3
制度,せいど,system; institution,3
青年,せいねん,youth; young man,3
製品,せいひん,manufactured goods; finished goods,3
政府,せいふ,government; administration,3
生物,せいぶつ,living thing; organism,3
生命,せいめい,life; existence,3
整理,せいり,sorting; arrangement,3
咳,せき,cough; coughing,3
石炭,せきたん,coal,3
責任,せきにん,duty; responsibility (incl. supervision of staff),3
石油,せきゆ,oil; petroleum,3
世間,せけん,world; society,3
説,せつ,theory; doctrine,3
積極的,せっきょくてき,positive; assertive,3
設計,せっけい,plan; design,3
絶対,ぜったい,absolutely; definitely,3
セット,セット,set (of things); combo,3
設備,せつび,equipment; facilities,3
絶滅,ぜつめつ,extinction; extermination,3
節約,せつやく,economising; saving,3
是非,ぜひ,certainly; without fail,3
責める,せめる,to condemn; to blame,3
世話,せわ,care; looking after,3
善,ぜん,good; goodness,3
全,ぜん,all; whole,3
全員,ぜんいん,all members; all hands,3
専攻,せんこう,major subject; special study,3
全国,ぜんこく,the whole country,3
先日,せんじつ,the other day; a few days ago,3
前者,ぜんしゃ,the former; the first,3
選手,せんしゅ,player (of a sport); athlete,3
前進,ぜんしん,advance; moving forward,3
全然,ぜんぜん,(not) at all; (not) in the slightest,3
センター,センター,centre; center,3
全体,ぜんたい,whole; entirety,3
選択,せんたく,choice; selection,3
そう,そう,appearing that; seeming that,3
象,ぞう,form; shape,3
騒音,そうおん,noise; din,3
増加,ぞうか,increase; rise,3
操作,そうさ,operation; management,3
掃除,そうじ,cleaning; sweeping,3
想像,そうぞう,imagination; supposition,3
相続,そうぞく,succession; inheritance,3
相談,そうだん,consultation; discussion,3
装置,そうち,equipment; device,3
相当,そうとう,"corresponding to (in meaning, function, etc.); being equivalent to",3
速度,そくど,speed; velocity,3
そこ,そこ,there (place relatively near listener); there (place just mentioned),3
底,そこ,"base (logarithmic, exponential, number system); radix",3
そこで,そこで,so; accordingly,3
組織,そしき,organization; organisation,3
そして,そして,and; and then,3
注ぐ,そそぐ,"to pour (into a vessel); to fill (a cup, bowl, etc.) with",3
育つ,そだつ,to be raised (e.g. child); to be brought up,3
そっくり,そっくり,all; altogether,3
そっと,そっと,softly; gently,3
袖,そで,"sleeve; wing (of a stage, desk, gate, etc.)",3
備える,そなえる,to furnish with; to equip with,3
その,その,that; the,3
そのうち,そのうち,before very long; soon,3
そのまま,そのまま,without change; as is,3
側,そば,first principle of the Eight Principles of Yong; tiny dash or speck,3
ソファー,ソファー,sofa; couch,3
粗末,そまつ,crude; rough,3
それ,（接。感）,that; it,3
それぞれ,それぞれ,each; respectively,3
それでも,それでも,but (still); and yet,3
それと,それと,and then; in addition to that,3
それとも,それとも,or; or else,3
損,そん,loss; damage,3
損害,そんがい,damage; injury,3
尊敬,そんけい,respect; esteem,3
存在,そんざい,existence; being,3
尊重,そんちょう,respect; esteem,3
田,た,rice field,3
他,た,another place; some other place,3
対,たい,versus; against,3
大,だい,large; big,3
台,だい,Taiwan; stand,3
題,だい,title; subject,3
体育,たいいく,physical education; PE,3
体温,たいおん,body temperature,3
大会,たいかい,mass meeting; convention,3
大気,たいき,atmosphere; air,3
代金,だいきん,price; cost,3
退屈,たいくつ,tedious; boring,3
滞在,たいざい,stay; sojourn,3
大使,たいし,ambassador,3
大した,たいした,considerable; great,3
対象,たいしょう,"target; object (of worship, study, etc.)",3
大臣,だいじん,minister (of government); noble,3
対する,たいする,to face (each other); to be facing,3
大戦,たいせん,great war; great battle,3
大抵,たいてい,mostly; ordinarily,3
態度,たいど,attitude; manner,3
大統領,だいとうりょう,president (of a country); big man,3
大半,たいはん,majority; more than half,3
代表,だいひょう,representation; representative,3
大部分,だいぶぶん,most part; greater part,3
タイプライター,タイプライター,typewriter,3
大変,たいへん,very; greatly,3
逮捕,たいほ,arrest; apprehension,3
ダイヤ,ダイヤ,(railway) schedule; timetable,3
太陽,たいよう,Sun,3
平ら,たいら,plain; plateau,3
代理,だいり,representation; agency,3
大陸,たいりく,continent; continental Asia (esp. mainland China),3
倒す,たおす,to knock down; to knock over,3
タオル,タオル,towel,3
だが,だが,but; however,3
互い,たがい,each other; one another,3
宝,たから,treasure,3
だから,だから,so; therefore,3
宅,たく,house; home,3
だけど,だけど,but; however,3
確かめる,たしかめる,to make sure; to check,3
多少,たしょう,a little; some,3
助ける,たすける,to save; to rescue,3
ただ,ただ,straight; direct,3
唯,ただ,ordinary; common,3
戦い,たたかい,battle; war,3
戦う,たたかう,to make war (on); to wage war (against),3
叩く,たたく,to dust; to remove dust,3
直ちに,ただちに,at once; immediately,3
立ち上が,たちあがる,to stand up; to get up,3
立場,たちば,stopping place for horse-drawn carriages and rickshaws (Edo period); highway resting place,3
経つ,たつ,to pass (of time); to elapse,3
達する,たっする,to reach; to get to,3
唯,たった,ordinary; common,3
だって,だって,after all; because,3
たっぷり,たっぷり,plentifully; amply,3
縦,たて,even if; the vertical,3
たとえ,たとえ,example; simile,3
谷,たに,valley; ravine,3
他人,たにん,another person; other people,3
種,たね,cause; seed,3
束,たば,"lattice; counter for large bundles (e.g. 10 sheafs of rice, 200 sheets of calligraphy paper, 20 whistling arrows, 100 fish)",3
度,たび,"time (three times, each time, etc.); times",3
旅,たび,500-man battalion (Zhou dynasty Chinese army); travel,3
たびたび,たびたび,often; again and again,3
多分,たぶん,probably; likely,3
玉,たま,ball; sphere,3
球,たま,"ball (for sport, games, etc.); kemari",3
弾,たま,"counter for parts, stages, installments, etc. (of a story, series, project, campaign, etc.); counter for bullets",3
偶,たま,occasional; infrequent,3
偶々,たまたま,by chance; by accident,3
たまらない,たまらない,intolerable; unbearable,3
黙る,だまる,to be silent; to say nothing,3
駄目,だめ,no good; not serving its purpose,3
試し,ためし,trial; test,3
試す,ためす,to try (out); to have a try (at),3
便り,たより,news; tidings,3
頼る,たよる,to rely on; to depend on,3
誰か,だれか,someone; somebody,3
段,だん,variable measure of fabric (28.8 cm in width); for kimonos: at least 10 m in length,3
単位,たんい,"unit (e.g. meters, grams, etc.); denomination",3
単語,たんご,word; vocabulary,3
男子,だんし,boy; man,3
単純,たんじゅん,simple; plain,3
誕生,たんじょう,birth (of a person); nativity,3
ダンス,ダンス,dance; dancing,3
団体,だんたい,group; party,3
担当,たんとう,"being in charge (of an area of responsibility); being responsible (for a work role, etc.)",3
単なる,たんなる,mere; simple,3
単に,たんに,simply; merely,3
地,ち,ground; land,3
地位,ちい,(social) position; status,3
地域,ちいき,area; region,3
チーズ,チーズ,cheese; tee (piping),3
チーム,チーム,team,3
知恵,ちえ,wisdom; wit,3
地下,ちか,underground; below the ground,3
違い,ちがい,difference; distinction,3
違いない,ちがいない,sure; no mistaking it,3
近頃,ちかごろ,lately; recently,3
地球,ちきゅう,Earth; the globe,3
地区,ちく,district; area,3
遅刻,ちこく,lateness; tardiness,3
知事,ちじ,prefectural governor,3
知識,ちしき,knowledge; information,3
父親,ちちおや,father,3
知能,ちのう,intelligence; intellect,3
地平線,ちへいせん,horizon (related to land),3
地方,ちほう,person in charge of music (in a Japanese dance performance); person singing ballads (in noh),3
茶,ちゃ,tea; tea plant (Camellia sinensis),3
チャンス,チャンス,chance; opportunity,3
ちゃんと,ちゃんと,diligently; seriously,3
中,ちゅう,(all) through (e.g. the night); throughout (e.g. the year),3
注,ちゅう,annotation; explanatory note,3
中央,ちゅうおう,centre; center,3
中学,ちゅうがく,junior high school; middle school,3
中古,ちゅうこ,used; second-hand,3
中止,ちゅうし,interruption; discontinuance,3
駐車,ちゅうしゃ,parking (a vehicle),3
昼食,ちゅうしょく,lunch; midday meal,3
中心,ちゅうしん,center; centre,3
注目,ちゅうもく,notice; attention,3
注文,ちゅうもん,annotation; explanatory note,3
長期,ちょうき,long-term,3
調査,ちょうさ,investigation; examination,3
調子,ちょうし,tune; tone,3
頂上,ちょうじょう,top; summit,3
ちょうだい,ちょうだい,curtained sleeping platform in shinden-style residences (used by people of high rank); assisting town official (Edo period),3
貯金,ちょきん,putting money aside; savings,3
直接,ちょくせつ,direct; immediate,3
著者,ちょしゃ,author (usu. of a particular book); writer,3
遂に,ついに,finally; in the end,3
通過,つうか,"passing through (a tunnel, station, town, etc.); passing by (e.g. of a typhoon)",3
通学,つうがく,commuting to school; school commute,3
通行,つうこう,passage (of people or vehicles); passing (through),3
通じる,つうじる,to be open (to traffic); to lead to,3
通信,つうしん,correspondence; communication,3
捕まる,つかまる,to be caught; to be arrested,3
掴む,つかむ,to seize; to catch,3
疲れ,つかれ,weariness (from); fatigue,3
月,つき,Monday; Moon,3
付き合い,つきあい,association; socializing,3
次々,つぎつぎ,in succession; one by one,3
就く,つく,"to take (seat, position, course, office, etc.); to assume",3
注ぐ,つぐ,"to pour (into a vessel); to fill (a cup, bowl, etc.) with",3
付ける,つける,to attach; to join,3
土,つち,Saturday; earth,3
続き,つづき,"continuation; rest (of the story, work, etc.)",3
包み,つつみ,bundle; package,3
勤め,つとめ,service; duty,3
務め,つとめ,service; duty,3
繋ぐ,つなぐ,to connect; to link together,3
常に,つねに,always; constantly,3
翼,つばさ,"wing; Chinese ""Wings"" constellation (one of the 28 mansions)",3
つまり,つまり,that is to say; that is,3
罪,つみ,crime; sin,3
詰める,つめる,to stuff into; to jam,3
積もる,つもる,to pile up; to accumulate,3
梅雨,つゆ,"(East Asian) rainy season (in Japan, usu. from early June to mid-July); rain during the rainy season",3
辛い,つらい,difficult to ... (physically or emotionally); hard to ...,3
釣,つり,fishing; angling,3
連れ,つれ,in the company of; accompanied by ...,3
で,で,and; (and) then,3
出会い,であい,meeting; rendezvous,3
出会う,であう,to meet (by chance); to come across,3
提案,ていあん,proposal; proposition,3
定期,ていき,fixed period; fixed term,3
抵抗,ていこう,resistance; opposition,3
提出,ていしゅつ,"presentation (of documents); submission (of an application, report, etc.)",3
程度,ていど,degree; amount,3
停留所,ていりゅうじょ,"stop (bus, tram, etc.); station",3
デート,デート,date (with someone); (social) outing (for two),3
敵,てき,rival; opponent,3
出来事,できごと,occurrence; happening,3
適する,てきする,to fit; to suit,3
適切,てきせつ,appropriate; suitable,3
適度,てきど,moderate (degree); proper (amount),3
適用,てきよう,"application (of a rule, law, method, etc.)",3
できる,（可能。出現。,to be out of; to have no more at hand,3
発生）,発生）,,3
出来るだ,できるだけ,as much as one can; as much as possible,3
できれば,できれば,if possible,3
手品,てじな,magic (illusion); conjuring,3
ですから,ですから,so; therefore,3
鉄,てつ,iron (Fe); steel,3
哲学,てつがく,philosophy,3
手伝い,てつだい,helper; assistant,3
徹底,てってい,thoroughness; completeness,3
鉄道,てつどう,railroad; railway,3
徹夜,てつや,staying up all night,3
では,では,then; well,3
手間,てま,time; labour,3
でも,でも,but; however,3
デモ,デモ,demonstration; protest,3
典型,てんけい,type; pattern,3
天候,てんこう,weather,3
電子,でんし,electron; electronic,3
テント,テント,tent,3
伝統,でんとう,tradition; convention,3
天然,てんねん,nature; spontaneity,3
度,ど,"time (three times, each time, etc.); times",3
問い,とい,question; query,3
党,とう,party (political); person who is fond of,3
塔,とう,tower; steeple,3
どう,（接。副）,"""as above"" mark; how",3
答案,とうあん,examination paper; examination script,3
同一,どういつ,identical; same,3
どうか,どうか,bronze dagger-axe; assimilation,3
当時,とうじ,at that time; in those days,3
動詞,どうし,verb,3
同時,どうじ,same time; simultaneous,3
どうしても,どうしても,by all means; at any cost,3
到着,とうちゃく,arrival,3
道徳,どうとく,morals; morality,3
投票,とうひょう,voting; ballot,3
同様,どうよう,same; similar,3
同僚,どうりょう,coworker; co-worker,3
道路,どうろ,road; highway,3
十,とお,ten; 10,3
通す,とおす,to let pass; to allow through,3
通り,とおり,street; road,3
通り過ぎ,とおりすぎる,to go past; to pass,3
都会,とかい,city; Tokyo Metropolitan Assembly,3
時,とき,time for ...; time to ...,3
解く,とく,to untie; to unfasten,3
毒,どく,poison; toxicant,3
得意,とくい,satisfaction; pride,3
読書,どくしょ,reading (books),3
独身,どくしん,unmarried; single,3
特徴,とくちょう,feature; trait,3
独特,どくとく,peculiarity; uniqueness,3
独立,どくりつ,independence; self-reliance,3
解ける,とける,to be solved; to be worked out,3
どこか,どこか,somewhere; in some respects,3
ところが,ところが,even so; however,3
ところで,ところで,by the way; incidentally,3
登山,とざん,mountain climbing; mountaineering,3
都市,とし,town; city,3
年月,としつき,months and years,3
図書,としょ,books,3
年寄,としより,old person; elderly person,3
閉じる,とじる,"to close (e.g. book, eyes, meeting, etc.); to shut",3
途端,とたん,"just (now, at the moment, etc.); just as",3
土地,とち,plot of land; lot,3
突然,とつぜん,abrupt; sudden,3
トップ,トップ,top; top position,3
届く,とどく,to reach; to touch,3
とにかく,とにかく,anyway; anyhow,3
飛ばす,とばす,to let fly; to make fly,3
飛び出す,とびだす,to jump out; to leap out,3
留める,とめる,to stop; to turn off,3
友,とも,friend; affection (for siblings),3
共に,ともに,together; jointly,3
土曜,どよう,Saturday,3
虎,とら,tiger (Panthera tigris); drunkard,3
ドライブ,ドライブ,drive; trip by car,3
トラック,トラック,"(running) track; track (on a CD, record, etc.)",3
ドラマ,ドラマ,(non-documentary) television series; TV drama,3
トランプ,トランプ,(Western) playing cards,3
取り上げ,とりあげる,adoption; acceptance,3
努力,どりょく,effort; exertion,3
どれ,どれ,which (of three or more); well,3
ドレス,ドレス,dress,3
取れる,とれる,"to come off (of a button, handle, lid, etc.); to go away (of a fever, pain, swelling, etc.)",3
泥,どろ,mud; (wet) dirt,3
とん,（1000,tap; knock,3
とんでもない,とんでもない,unthinkable; unexpected,3
どんな,どんな,what kind of; what sort of,3
どんなに,どんなに,how; how much,3
トンネル,トンネル,tunnel; to tunnel (through a potential barrier),3
名,な,"counter for people (usu. seating, reservations and such); first name",3
内容,ないよう,contents; content,3
なお,なお,still; yet,3
仲,なか,broker; brokerage,3
流す,ながす,to drain; to pour,3
なかなか,なかなか,very; considerably,3
半ば,なかば,middle; halfway,3
仲間,なかま,samurai's attendant; footman,3
眺め,ながめ,scene; view,3
眺める,ながめる,to look at; to gaze at,3
流れ,ながれ,flow (of a fluid or gas); stream,3
流れる,ながれる,"to stream; to flow (liquid, time, etc.)",3
無し,なし,without; unacceptable,3
なぜなら,なぜなら,because; the reason is,3
謎,なぞ,riddle; puzzle,3
納得,なっとく,consent; agreement,3
等,など,pluralizing suffix; or so,3
七,なな,seven,3
何,なに,what; how many,3
何,なん,what; how many,3
何か,なにか,something; some,3
なにも,なにも,(not) anything; (nothing) at all,3
鍋,なべ,pan; pot,3
生,なま,life; living,3
怠ける,なまける,to be lazy; to be idle,3
波,なみ,Poland; counter for waves (of a repeated occurrence),3
涙,なみだ,tear; tears,3
悩む,なやむ,to be worried; to be troubled,3
為る,なる,to do; to carry out,3
成る,なる,to become; to get,3
縄,なわ,rope; cord,3
何で,なんで,why?; what for?,3
何でも,なんでも,any; anything,3
何とか,なんとか,something; something or other,3
似合う,にあう,to suit; to match,3
匂い,におい,smell; scent,3
苦手,にがて,poor (at); weak (in),3
握る,にぎる,to clasp; to grasp,3
日,にち,Sunday; nth day (of the month),3
日常,にちじょう,everyday; daily,3
日曜,にちよう,Sunday,3
日光,にっこう,sunlight; sunshine,3
日中,にっちゅう,daytime; broad daylight,3
にっこり,にっこり,sweetly (smiling); broadly (grinning),3
日本,にっぽん,Japan,3
日本,にほん,Japan,3
入院,にゅういん,hospitalization; hospitalisation,3
入学,にゅうがく,admission (to a school or university); entrance,3
入場,にゅうじょう,entrance; entering,3
人気,にんき,prevailing mood of a locality; emotional climate of a district,3
人間,にんげん,the world; human being,3
抜く,ぬく,to pull out; to draw out,3
抜ける,ぬける,to come out; to fall out,3
布,ぬの,unit of measurement for cloth breadth (30-38 cm); Hawaii,3
濡れる,ぬれる,to get wet,3
ね,（感）,price; cost,3
根,ね,stick-to-itiveness; perseverance,3
値,ね,level; value,3
願い,ねがい,desire; wish,3
願う,ねがう,to desire; to wish,3
鼠,ねずみ,mouse; rat,3
値段,ねだん,price; cost,3
熱心,ねっしん,zealous; enthusiastic,3
熱帯,ねったい,tropics,3
熱中,ねっちゅう,being enthusiastic about; being wild about,3
年間,ねんかん,(period of) a year; during the era (of),3
年月,ねんげつ,months and years,3
年中,ねんじゅう,middle of a year; whole year,3
年代,ねんだい,age; era,3
年齢,ねんれい,age; years,3
野,の,plain; field,3
能,のう,talent; gift,3
農家,のうか,farmer; farming family,3
農業,のうぎょう,agriculture; farming,3
農民,のうみん,farmer; peasant,3
能力,のうりょく,low-ranking priest who does manual labour at a temple; male temple employee,3
ノー,（no）,no; without,3
軒,のき,"counter for buildings (esp. houses); suffix for a pen name, stage name, etc.",3
残す,のこす,to leave (behind); to leave (undone),3
残り,のこり,remainder; remnant,3
乗せる,のせる,to place on (something); to give (someone) a ride,3
除く,のぞく,to remove; to get rid of,3
望み,のぞみ,wish; desire,3
望む,のぞむ,to desire; to want,3
後,のち,after; rear,3
ノック,ノック,knock; knocking,3
喉,のど,fish; counter for fish,3
伸ばす,のばす,"to grow long (e.g. hair, nails); to lengthen",3
伸びる,のびる,to stretch; to extend,3
述べる,のべる,to state; to express,3
昇る,のぼる,to ascend; to go up,3
のんびり,のんびり,at leisure; in a relaxed manner,3
場,ば,place; spot,3
はあ,（感）,yes; indeed,3
パーセント,パーセント,percent; per cent,3
はい,（感）,embryo; germ (e.g. wheat germ),3
灰,はい,ash; ashes,3
梅雨,ばいう,"(East Asian) rainy season (in Japan, usu. from early June to mid-July); rain during the rainy season",3
バイオリン,バイオリン,violin,3
ハイキング,ハイキング,hiking,3
配達,はいたつ,delivery,3
パイプ,パイプ,pipe; tube,3
俳優,はいゆう,actor; actress,3
パイロット,パイロット,pilot,3
墓,はか,grave; gravesite,3
馬鹿,ばか,idiot; moron,3
博士,はかせ,doctor; PhD,3
計る,はかる,to measure; to weigh,3
履く,はく,"to put on (lower-body clothing, e.g. pants, skirt, footwear); to wear",3
吐く,はく,to vomit; to throw up,3
拍手,はくしゅ,clapping hands; applause,3
莫大,ばくだい,vast; huge,3
爆発,ばくはつ,explosion; detonation,3
博物館,はくぶつかん,museum,3
激しい,はげしい,violent; furious,3
はさみ,はさみ,clip; pincer,3
破産,はさん,bankruptcy; insolvency,3
端,はし,fraction; odd sum,3
始まり,はじまり,origin; beginning,3
パス,パス,"path (of a file, directory, etc.); path (in vector graphics)",3
外す,はずす,to remove; to take off,3
パスポート,パスポート,passport,3
旗,はた,flag; pataka (banner),3
肌,はだ,skin; body (in the context of intimate bodily contact),3
裸,はだか,nakedness; nudity,3
畑,はたけ,"field (for growing wheat, fruit, vegetables, etc.); cultivated land",3
二十,はたち,twenty; 20,3
働き,はたらき,work; labor,3
バッグ,バッグ,bag,3
発見,はっけん,discovery; detection,3
発行,はっこう,"publication (of a newspaper, magazine, book, etc.); issue",3
発車,はっしゃ,"departure (of a train, car, etc.); starting",3
罰する,ばっする,to punish; to penalize,3
発達,はったつ,development; growth,3
ばったり,ばったり,with a clash; with a thud,3
発展,はってん,development; growth,3
発表,はっぴょう,announcement; publication,3
発明,はつめい,invention; intelligent,3
話し合う,はなしあう,to discuss; to talk together,3
離す,はなす,to separate; to part,3
放す,はなす,to release; to let go,3
離れる,はなれる,to be separated; to be apart,3
羽,はね,fifth degree (of the Japanese and Chinese pentatonic scale); feather,3
幅,はば,unit of measurement for cloth breadth (30-38 cm); scroll,3
母親,ははおや,mother,3
省く,はぶく,to omit; to leave out,3
場面,ばめん,scene; setting,3
腹,はら,abdomen; belly,3
原,はら,original; primitive,3
針,はり,needle; pin,3
張る,はる,to be prominently ...; to be persistently ...,3
番,ばん,pair (esp. of mated animals); brace,3
バン,バン,value-added network; VAN,3
範囲,はんい,extent; scope,3
反抗,はんこう,opposition; resistance,3
犯罪,はんざい,crime; offence,3
ハンサム,ハンサム,handsome,3
判断,はんだん,judgment; judgement,3
犯人,はんにん,offender; criminal,3
販売,はんばい,sale; sales,3
灯,ひ,light (esp. as a religious offering); lamp,3
ビール,ビール,beer,3
被害,ひがい,(suffering) damage; injury,3
比較,ひかく,comparison,3
轢く,ひく,to run over (with a vehicle); to knock down,3
ピクニック,ピクニック,picnic; outing,3
悲劇,ひげき,tragedy; tragic drama,3
飛行,ひこう,flying without hindrance; flight,3
膝,ひざ,knee; lap,3
非常,ひじょう,emergency; extreme,3
美人,びじん,beautiful woman; (a) beauty,3
額,ひたい,(picture) frame; framed picture,3
びっくり,びっくり,to be surprised; to be amazed,3
日付,ひづけ,date; dating,3
必死,ひっし,frantic; frenetic,3
ぴったり,ぴったり,tightly; closely,3
引っ張る,ひっぱる,to pull; to draw,3
否定,ひてい,denial; negation,3
ビデオ,ビデオ,video (esp. a televised image); videotape,3
一言,ひとこと,single word; a few words,3
人込み,ひとごみ,crowd of people,3
等しい,ひとしい,equal; identical,3
独り,ひとり,one person; being alone,3
一人一人,ひとりひとり,each (person); individually,3
批判,ひはん,criticism; judgement,3
批評,ひひょう,criticism; critique,3
秘密,ひみつ,secret; secrecy,3
微妙,びみょう,unspeakably wonderful; sublime,3
紐,ひも,string; cord,3
費用,ひよう,cost; expense,3
表,ひょう,surface; face (i.e. the visible side of an object),3
秒,びょう,second (unit of time); arc second,3
評価,ひょうか,valuation; appraisal,3
表現,ひょうげん,expression; representation,3
表情,ひょうじょう,facial expression; countenance,3
平等,びょうどう,equality; impartiality,3
評判,ひょうばん,reputation; (public) estimation,3
表面,ひょうめん,"front side (of a piece of paper, coin, medal, etc.); obverse",3
広がる,ひろがる,to spread (out); to extend,3
品,ひん,court rank; level,3
瓶,びん,jar or vase with a long narrow neck; earthenware pot,3
便,びん,flight (e.g. airline flight); trip (e.g. train trip),3
ピン,ピン,ping; counter for dot tiles,3
不,ふ,un-; non-,3
不,ぶ,un-; non-,3
無,ぶ,un-; non-,3
分,ぶ,"minute (unit of time); fun (one tenth of a monme, 5.787 grains)",3
不安,ふあん,anxiety; uneasiness,3
風景,ふうけい,scenery; scene,3
夫婦,ふうふ,married couple; husband and wife,3
笛,ふえ,flute; fife,3
不可,ふか,wrong; bad,3
武器,ぶき,weapon; arms,3
服装,ふくそう,attire; dress,3
含む,ふくむ,to contain; to comprise,3
袋,ふくろ,counter for things inside a bag; bag,3
不幸,ふこう,unhappiness; sorrow,3
節,ふし,"space between two nodes (on bamboo, etc.); season",3
無事,ぶじ,safety; security,3
不思議,ふしぎ,wonderful; marvelous,3
不自由,ふじゆう,discomfort; inconvenience,3
夫人,ふじん,wife; Mrs,3
婦人,ふじん,woman; lady,3
不正,ふせい,injustice; unfairness,3
防ぐ,ふせぐ,to defend against; to protect against,3
不足,ふそく,insufficiency; deficiency,3
舞台,ぶたい,"stage (of a theatre, concert hall, etc.); stage performance",3
双子,ふたご,twins; twin,3
再び,ふたたび,again; once more,3
普段,ふだん,usual; normal,3
縁,ふち,"edge (of a river, woods, etc.); shoulder (of a road)",3
打つ,ぶつ,to hit; to strike,3
物価,ぶっか,prices of commodities; prices (in general),3
物質,ぶっしつ,material; substance,3
物理,ぶつり,laws of nature; physical laws,3
筆,ふで,writing brush; paintbrush,3
ふと,（副）,Buddha; stupa,3
船,ふね,ship; boat,3
部分,ぶぶん,portion; section,3
不平,ふへい,discontent; dissatisfaction,3
不満,ふまん,dissatisfaction; discontent,3
プラス,プラス,plus; addition,3
プラン,プラン,plan; scheme,3
不利,ふり,disadvantage; handicap,3
振る,ふる,to wave; to shake,3
震える,ふるえる,to shiver; to shake,3
ブレーキ,ブレーキ,"brake; (a) stop (to a development, behavior, etc.)",3
触れる,ふれる,to touch; to feel,3
風呂,ふろ,bath; bathing,3
プロ,プロ,professional; pro,3
分,ぶん,"minute (unit of time); fun (one tenth of a monme, 5.787 grains)",3
文,ぶん,mon; letter,3
雰囲気,ふんいき,atmosphere; mood,3
分析,ぶんせき,analysis,3
文明,ぶんめい,civilization; civilisation,3
分野,ぶんや,field; sphere,3
塀,へい,wall; fence,3
平均,へいきん,average; mean,3
平和,へいわ,"concealed winning hand consisting of chows, a pair that isn't a value pair, and an open wait; peace",3
別に,べつに,(not) particularly; (not) especially,3
減らす,へらす,to abate; to decrease,3
減る,へる,to decrease (in size or number); to diminish,3
ベルト,ベルト,belt (worn around the waist); (machine) belt,3
変化,へんか,change; variation,3
ペンキ,ペンキ,paint,3
勉強,べんきょう,study; diligence,3
変更,へんこう,change; modification,3
ベンチ,ベンチ,bench,3
弁当,べんとう,bento,3
方,ほう,Sirs; Mesdames,3
法,ほう,rule; law,3
棒,ぼう,pole; rod,3
冒険,ぼうけん,adventure; venture,3
方向,ほうこう,direction; orientation,3
報告,ほうこく,report; information,3
宝石,ほうせき,gem; jewel,3
放送,ほうそう,broadcasting; broadcast,3
豊富,ほうふ,abundant; plentiful,3
方法,ほうほう,method; way,3
方々,ほうぼう,people; (all) persons,3
訪問,ほうもん,call; visit,3
吠える,ほえる,to bark; to howl,3
ボーイ,ボーイ,boy; bellboy,3
ボート,ボート,boat; rowboat,3
ホーム,ホーム,platform; home,3
ボール,ボール,ball; ball (pitch delivered outside the strike zone),3
他,ほか,another place; some other place,3
外,ほか,outside ...; beyond ...,3
誇り,ほこり,pride; boast,3
埃,ほこり,one ten-billionth; Egypt,3
保証,ほしょう,guarantee; security,3
保存,ほぞん,preservation; conservation,3
程,ほど,extent; degree,3
歩道,ほどう,footpath; walkway,3
仏,ほとけ,France; Buddha,3
骨,ほね,knack; skill,3
炎,ほのお,-itis (indicating an inflammatory disease); flame,3
頬,ほほ,cheek (of the face); face,3
頬,ほお,cheek (of the face); face,3
ほぼ,ほぼ,almost; nearly,3
微笑む,ほほえむ,to smile,3
褒める,ほめる,to praise; to commend,3
濠,ほり,Australia; moat,3
本当,ほんと,truth; reality,3
本当,ほんとう,truth; reality,3
本人,ほんにん,the person in question; the person themselves,3
本物,ほんもの,genuine article; real thing,3
ぼんやり,ぼんやり,dimly; faintly,3
間,ま,interval; period of time,3
まあ,まあ,"just (e.g. ""just wait here""); come now",3
マーケット,マーケット,market,3
マイク,マイク,mike; mic,3
迷子,まいご,lost child; lost person,3
任せる,まかせる,"to leave (a matter, decision, etc. to someone); to entrust (to someone)",3
幕,まく,curtain; act (in a play),3
負け,まけ,defeat; loss,3
孫,まご,descendant (usu. of a certain generation); lineage,3
まさか,まさか,by no means; never!,3
まさに,まさに,just (about to); on the point of,3
真面目,まじめ,one's true character; one's true self,3
増す,ます,to increase; to grow,3
先ず,まず,first (of all); firstly,3
貧しい,まずしい,poor; needy,3
マスター,マスター,to master (a skill); proprietor,3
ますます,ますます,increasingly; more and more,3
又,また,again; once more,3
未だ,まだ,still; as yet,3
街,まち,street; quarter,3
間違い,まちがい,mistake; error,3
松,まつ,pine tree (Pinus spp.); highest (of a three-tier ranking system),3
真っ赤,まっか,bright red; deep red,3
真っ直ぐ,まっすぐ,straight (ahead); direct,3
全く,まったく,really; truly,3
祭,まつり,festival; feast,3
学ぶ,まなぶ,to learn; to study,3
真似,まね,imitating; copying,3
招く,まねく,to invite; to ask,3
ママ,ママ,mom; mommy,3
豆,まめ,"legume (esp. edible legumes or their seeds, e.g. beans, peas, pulses); bean",3
守る,まもる,to protect; to guard,3
丸,まる,fishball; meatball,3
円,まる,yen (currency of Japan); circle,3
丸い,まるい,round; circular,3
まるで,まるで,as if; as though,3
回す,まわす,to turn; to rotate,3
回り,まわり,rotation; making the rounds,3
万一,まんいち,(unlikely event of) emergency; the worst(-case scenario),3
満足,まんぞく,satisfaction; contentment,3
身,み,one's body; one's person,3
実,み,seed (of a fruit); pit,3
見送り,みおくり,seeing (someone) off; send-off,3
味方,みかた,friend; ally,3
見事,みごと,splendid; magnificent,3
ミス,ミス,mistake; error,3
満ちる,みちる,to fill; to become full (of),3
密,みつ,dense; thick,3
認める,みとめる,to write (e.g. a letter); to draw up (a document),3
皆,みんな,everyone; everybody,3
見舞い,みまい,visit (to someone affected by illness or misfortune); call,3
土産,みやげ,local specialty or souvenir bought as a gift while travelling; present brought by a visitor,3
都,みやこ,"capital (esp. Kyoto, Japan's former capital); seat of government",3
妙,みょう,strange; weird,3
明後日,みょうごにち,day after tomorrow; wrong (e.g. direction),3
未来,みらい,(distant) future; future existence,3
魅力,みりょく,charm; fascination,3
見る,みる,to see; to look,3
ミルク,ミルク,milk; infant formula,3
無,む,un-; non-,3
向かい,むかい,facing; opposite,3
迎え,むかえ,meeting; greeting,3
向く,むく,"to turn toward; to look (up, down, etc.)",3
向ける,むける,to turn (towards); to face,3
無視,むし,disregarding; ignoring,3
虫歯,むしば,tooth decay; decayed tooth,3
寧ろ,むしろ,rather; better,3
結ぶ,むすぶ,to tie; to bind,3
無駄,むだ,futility; waste,3
夢中,むちゅう,absorbed in; immersed in,3
胸,むね,chest; breast,3
無料,むりょう,free (of charge); gratuitous,3
芽,め,sprout; shoot,3
明確,めいかく,clear; precise,3
命じる,めいじる,to order; to command,3
名人,めいじん,master; expert,3
命令,めいれい,order; command,3
迷惑,めいわく,trouble; bother,3
飯,めし,cooked rice; meal,3
滅多に,めったに,rarely; seldom,3
メモ,メモ,note; memo,3
面,めん,looking like a ...; acting as if a ...,3
綿,めん,cotton; cotton plant (Gossypium spp.),3
免許,めんきょ,license; licence,3
面倒,めんどう,trouble; bother,3
メンバー,メンバー,member; participant,3
申し込む,もうしこむ,to apply for; to make an application,3
申し訳,もうしわけ,apology; excuse,3
毛布,もうふ,blanket,3
燃える,もえる,to burn; to get fired up,3
目的,もくてき,purpose; goal,3
目標,もくひょう,mark (for quick identification or recognition); sign,3
木曜,もくよう,Thursday,3
文字,もじ,letter (of an alphabet); character,3
文字,もんじ,letter (of an alphabet); character,3
もしも,もしも,if; in case,3
持ち上げ,もちあげる,to elevate; to raise,3
用いる,もちいる,to use; to make use of,3
勿論,もちろん,of course; certainly,3
最も,もっとも,most; extremely,3
尤も,もっとも,most; extremely,3
元,もと,unknown (e.g. in an equation); element (of a set),3
基,もと,group; (free) radical,3
素,もと,one's nature; one's feelings,3
戻す,もどす,to put back; to return,3
基づく,もとづく,to be based (on); to be founded (on),3
求める,もとめる,to want; to wish for,3
者,もの,person; -er,3
物音,ものおと,noise; sound,3
物語,ものがたり,story; tale,3
物事,ものごと,things; everything,3
模様,もよう,pattern; figure,3
貰う,もらう,to receive; to take,3
文句,もんく,complaint; grumbling,3
やがて,やがて,before long; soon,3
役,やく,war; campaign,3
約,やく,approximately; about,3
訳,やく,"translation; version (e.g. ""English version"")",3
役割,やくわり,part; assigning (allotment of) parts,3
家賃,やちん,rent,3
厄介,やっかい,trouble; burden,3
宿,やど,lodging; relay station,3
雇う,やとう,to employ; to hire,3
屋根,やね,roof,3
やはり,やはり,as expected; sure enough,3
破る,やぶる,to tear; to rip,3
辞める,やめる,to resign; to retire,3
やや,やや,oh!; oh my!,3
唯一,ゆいいつ,only; sole,3
勇気,ゆうき,courage; bravery,3
有効,ゆうこう,valid; effective,3
優秀,ゆうしゅう,superior; excellent,3
優勝,ゆうしょう,overall victory; championship,3
友情,ゆうじょう,friendship; fellowship,3
友人,ゆうじん,friend,3
有能,ゆうのう,able; capable,3
郵便,ゆうびん,mail service; postal service,3
夕べ,ゆうべ,evening; evening (of a special event),3
ユーモア,ユーモア,humor; humour,3
有利,ゆうり,advantageous; favourable,3
床,ゆか,counter for beds; bed,3
愉快,ゆかい,pleasant; delightful,3
輸出,ゆしゅつ,export; exportation,3
譲る,ゆずる,to hand over; to transfer,3
豊か,ゆたか,abundant; plentiful,3
ゆっくり,ゆっくり,slowly; unhurriedly,3
輸入,ゆにゅう,import; importation,3
許す,ゆるす,to permit; to allow,3
夜,よ,counter for nights; night,3
夜明け,よあけ,dawn; daybreak,3
様,よう,precedent; example,3
酔う,よう,to get drunk; to become intoxicated,3
容易,ようい,easy; simple,3
陽気,ようき,cheerful; jovial,3
要求,ようきゅう,demand; firm request,3
用心,ようじん,care; precaution,3
様子,ようす,state (of affairs); situation,3
要するに,ようするに,in short; in a word,3
要素,ようそ,component; factor,3
要点,ようてん,gist; main point,3
曜日,ようび,day of the week,3
ヨーロッパ,ヨーロッパ,Europe,3
予期,よき,expectation; anticipation,3
横切る,よこぎる,to cross (e.g. road); to traverse,3
予算,よさん,estimate (of costs); budget,3
止す,よす,to stop in the midst of; to leave undone,3
予測,よそく,prediction; estimation,3
ヨット,ヨット,yacht (esp. a sailing boat with one mast); sailing boat,3
夜中,よなか,all night; the whole night,3
世の中,よのなか,society; the world,3
余分,よぶん,extra; excess,3
予報,よほう,forecast; prediction,3
予防,よぼう,prevention; protection (against),3
読み,よみ,"reading; reading (of a kanji, esp. kun reading)",3
嫁,よめ,bride; (one's) daughter-in-law,3
余裕,よゆう,surplus; margin,3
より,より,pushing back one's opponent while locked in close quarters; having a tendency towards,3
よると,よると,,3
喜び,よろこび,joy; delight,3
宜しい,よろしい,good; OK,3
よろしく,（感）,best regards; please remember me,3
四,よん,four; 4,3
来,らい,"next (year, spring, etc.); coming",3
ライター,ライター,lighter; writer,3
楽,らく,comfort; ease,3
ラケット,ラケット,racket; paddle (in table-tennis),3
利益,りえき,profit; gains,3
理解,りかい,understanding; comprehension,3
陸,りく,satisfactory; decent,3
利口,りこう,clever; intelligent,3
離婚,りこん,divorce,3
理想,りそう,ideal; ideals,3
率,りつ,rate; ratio,3
立派,りっぱ,splendid; fine,3
留学,りゅうがく,studying abroad; (temporarily) studying at another school (to learn a specific skill),3
流行,りゅうこう,fashion; fad,3
量,りょう,progress; quantity,3
両替,りょうがえ,change; money exchange,3
料金,りょうきん,fee; charge,3
例,れい,precedent; example,3
礼,れい,thanks; gratitude,3
礼儀,れいぎ,manners; courtesy,3
冷静,れいせい,calmness; composure,3
列,れつ,row; line,3
列車,れっしゃ,train; railway train,3
レポート,レポート,report; paper,3
練習,れんしゅう,practice; training,3
連想,れんそう,association (of ideas); being reminded (of something),3
連続,れんぞく,continuation; succession,3
老人,ろうじん,old person; senior citizen,3
労働,ろうどう,labor; labour,3
ロケット,ロケット,rocket; locket,3
論じる,ろんじる,to discuss; to talk about,3
論争,ろんそう,dispute; controversy,3
論文,ろんぶん,thesis; essay,3
輪,わ,counter for wheels and flowers; ring,3
ワイン,ワイン,wine,3
わがまま,わがまま,selfish; egoist,3
別れ,わかれ,parting (of people); separation,3
脇,わき,armpit; under one's arm,3
分ける,わける,to divide (into); to split (into),3
わざと,わざと,on purpose; deliberately,3
僅か,わずか,a little; a few,3
綿,わた,cotton; cotton plant (Gossypium spp.),3
話題,わだい,topic; subject,3
笑い,わらい,laugh; laughter,3
割る,わる,to divide; to cut,3
悪口,わるくち,(verbal) abuse; name-calling,3
我々,われわれ,we,3
湾,わん,bay; gulf,3
あ,あ,sub-; second-rate,4
ああ,ああ,like that; so,4
あいさつ,あいさつ,greeting; greetings,4
間,あいだ,interval; period of time,4
合う,あう,to come together; to merge,4
あかちゃん,あかちゃん,baby; infant,4
上る,あがる,to rise; to go up,4
赤ん坊,あかんぼう,baby; infant,4
空く,あく,to become less crowded; to thin out,4
アクセサリー,アクセサリー,accessory (fashion); jewelry,4
あげる,あげる,to deep-fry; to make deep-fried food,4
浅い,あさい,shallow; superficial,4
味,あじ,"(sense of) taste; counter for kinds of food, drink or medicine",4
アジア,アジア,Asia,4
明日,あす,tomorrow; near future,4
遊び,あそび,amusement; diversion (to pass time),4
集る,あつまる,to gather; to collect,4
集める,あつめる,to collect; to assemble,4
アナウンサー,アナウンサー,announcer; presenter,4
アフリカ,アフリカ,Africa,4
アメリカ,アメリカ,(United States of) America; United States,4
謝る,あやまる,to apologize (apologise); to refuse,4
アルコール,アルコール,alcohol; alcoholic drink,4
アルバイト,アルバイト,part-time job; side job,4
安心,あんしん,peace of mind; relief,4
安全,あんぜん,safety; security,4
あんな,あんな,that sort of; that kind of,4
案内,あんない,guidance; leading (the way),4
以下,いか,not exceeding ...; not more than ...,4
以外,いがい,excluding; except (for),4
医学,いがく,medicine; medical science,4
生きる,いきる,to live; to exist,4
意見,いけん,opinion; view,4
石,いし,"counter for jewels in a watch; counter for transistors, diodes, etc. in an electronic product",4
いじめる,いじめる,to ill-treat; to bully,4
以上,いじょう,not less than ...; ... and over,4
急ぐ,いそぐ,to hurry; to rush,4
致す,いたす,to do,4
いただく,いただく,to receive; to get,4
一度,いちど,once; one time,4
一生懸命,いっしょうけんめい,very hard; with utmost effort,4
いっぱい,いっぱい,one defeat; one cup (of),4
糸,いと,thread; 0.0001,4
以内,いない,within; inside of,4
田舎,いなか,country; country home,4
祈る,いのる,to pray; to say a prayer,4
いらっしゃる,いらっしゃる,to come; to go,4
植える,うえる,to plant; to grow,4
うかがう,うかがう,to peep (through); to peek,4
受付,うけつけ,reception (desk); information desk,4
受ける,うける,to receive; to get,4
動く,うごく,to move; to stir,4
うそ,うそ,lie; fib,4
うち,うち,one's house; one's home,4
打つ,うつ,to hit; to strike,4
美しい,うつくしい,beautiful; pretty,4
写す,うつす,to copy; to duplicate,4
移る,うつる,"to move (to another place or state); to change (e.g. of state, affiliation, scenery, etc.)",4
腕,うで,arm; upper arm,4
うまい,うまい,skillful; skilful,4
裏,うら,in (e.g. secret); with (e.g. success),4
売り場,うりば,selling area; counter,4
うれしい,うれしい,happy; glad,4
うん,うん,yes; yeah,4
運転,うんてん,operation (of a machine); running,4
運転手,うんてんしゅ,driver; chauffeur,4
運動,うんどう,exercise; physical training,4
エスカレーター,エスカレーター,escalator,4
枝,えだ,"counter for long, thin things (i.e. swords); branch",4
選ぶ,えらぶ,to choose; to select,4
遠慮,えんりょ,reserve; constraint,4
おいでになる,おいでになる,to be; to come,4
お祝い,おいわい,congratulation; congratulations,4
オートバイ,オートバイ,motorcycle; motorbike,4
おかげ,おかげ,grace (of God); benevolence (of Buddha),4
おかしい,おかしい,funny; amusing,4
億,おく,"hundred million; 100,000,000",4
屋上,おくじょう,rooftop,4
贈り物,おくりもの,present; gift,4
送る,おくる,to send; to dispatch,4
遅れる,おくれる,to be late; to be delayed,4
起す,おこす,to raise; to raise up,4
行う,おこなう,to perform; to do,4
怒る,おこる,to get angry; to get mad,4
押し入れ,おしいれ,"closet (built into the wall, usu. with sliding doors); (built-in) wardrobe",4
お嬢さん,おじょうさん,(another's) daughter; young lady,4
お宅,おたく,your house; your home,4
落る,おちる,to fall; to drop,4
おっしゃる,おっしゃる,to say; to speak,4
夫,おっと,male; manly,4
おつり,おつり,change (for a purchase); toilet splashback,4
音,おと,sound; noise,4
落す,おとす,to drop; to lose,4
踊り,おどり,dance,4
踊る,おどる,to dance (orig. a hopping dance); to be manipulated,4
驚く,おどろく,to be surprised; to be taken aback,4
お祭り,おまつり,festival; feast,4
お見舞い,おみまい,visit (to someone affected by illness or misfortune); call,4
お土産,おみやげ,local specialty or souvenir bought as a gift while traveling (travelling); present brought by a visitor,4
思い出す,おもいだす,to recall; to remember,4
思う,おもう,to think; to consider,4
おもちゃ,おもちゃ,toy; (person or thing treated as a) plaything,4
表,おもて,surface; face (i.e. the visible side of an object),4
親,おや,intimacy; closeness,4
下りる,おりる,to descend (e.g. a mountain); to go down,4
折る,おる,to break; to fracture,4
お礼,おれい,thanks; gratitude,4
折れる,おれる,to break; to be broken,4
終わり,おわり,end; ending,4
カーテン,カーテン,curtain; curtains,4
海岸,かいがん,seashore; coast,4
会議,かいぎ,meeting; conference,4
会議室,かいぎしつ,conference room; council room,4
会場,かいじょう,assembly hall; meeting place,4
会話,かいわ,conversation; talk,4
帰り,かえり,return; coming back,4
変える,かえる,to change; to alter,4
科学,かがく,science; to think about scientifically,4
鏡,かがみ,mirror; looking-glass,4
掛ける,かける,"to hang up (e.g. a coat, a picture on the wall); to let hang",4
飾る,かざる,to decorate; to ornament,4
火事,かじ,fire; conflagration,4
ガス,ガス,gas (as a fuel); gas (state of matter),4
ガソリン,ガソリン,gasoline; petrol,4
ガソリンスタンド,ガソリンスタンド,gas station; petrol station,4
堅,かたい,strength; solidity,4
硬,かたい,hardness,4
固い,かたい,hard; solid,4
形,かたち,shape; form,4
片付ける,かたづける,to put in order; to tidy up,4
課長,かちょう,section manager; section chief,4
勝つ,かつ,to win; to gain victory,4
かっこう,かっこう,blastocoel; blastocoele,4
家内,かない,(my) wife; inside the home,4
悲しい,かなしい,sad; miserable,4
必ず,かならず,always; without exception,4
お・金持ち,かねもち,rich person; wealthy person,4
お・金持ち,おかねもち,rich person; wealthy person,4
彼女,かのじょ,she; her,4
壁,かべ,wall; partition,4
かまう,かまう,to mind; to care about,4
髪,かみ,(a) hair; hair (on the head),4
噛む,かむ,to chew (strongly); to bite,4
通う,かよう,to go to and from (a place); to go back and forth between,4
ガラス,ガラス,glass; pane,4
彼,かれ,that; that thing,4
彼ら,かれら,those; they,4
乾く,かわく,to get dry,4
代わり,かわり,substitute for ...; substitute,4
変わる,かわる,to change; to be transformed,4
考える,かんがえる,"to think (about, of); to think over",4
関係,かんけい,relation; relationship,4
看護婦,かんごふ,(female) nurse,4
簡単,かんたん,simple; easy,4
気,き,-like nature; -like disposition,4
機会,きかい,chance; opportunity,4
危険,きけん,danger; peril,4
聞こえる,きこえる,to be heard; to be audible,4
汽車,きしゃ,steam locomotive; steam train,4
技術,ぎじゅつ,technology; engineering,4
季節,きせつ,season; time of year,4
規則,きそく,rule; regulation,4
きっと,きっと,surely; undoubtedly,4
絹,きぬ,silk,4
厳しい,きびしい,stern; grave,4
気分,きぶん,feeling; mood,4
決る,きまる,to dig out; to gouge out,4
君,きみ,suffix appended to someone else's family members; you,4
決める,きめる,to decide; to choose,4
気持ち,きもち,feeling; sensation,4
着物,きもの,something to wear; clothes,4
客,きゃく,visitor from afar; guest,4
急,きゅう,sudden; abrupt,4
急行,きゅうこう,hurrying (to somewhere); rushing,4
教育,きょういく,education; schooling,4
教会,きょうかい,church; congregation,4
競争,きょうそう,competition; contest,4
興味,きょうみ,interest (in something); curiosity (about something),4
近所,きんじょ,neighbourhood; neighborhood,4
具合,ぐあい,condition; state,4
空気,くうき,air; atmosphere,4
空港,くうこう,airport,4
草,くさ,draft; rough copy,4
くださる,くださる,to give; to confer,4
首,くび,office; official,4
雲,くも,cloud,4
比べる,くらべる,to compare; to make a comparison (between),4
くれる,くれる,to give; to let (one) have,4
暮れる,くれる,to get dark; to grow dark,4
君,くん,suffix appended to someone else's family members; you,4
毛,け,one-thousandth; 0.03 mm (one-thousandth of a sun),4
計画,けいかく,plan; project,4
経験,けいけん,experience,4
経済,けいざい,economy; economics,4
警察,けいさつ,police; police officer,4
ケーキ,ケーキ,cake,4
けが,けが,injury; wound,4
景色,けしき,scenery; scene,4
消しゴム,けしゴム,eraser; rubber,4
下宿,げしゅく,boarding; lodging,4
決して,けっして,(not) ever; (not) by any means,4
けれど,けれど,but; however,4
けれど,けれども,but; however,4
けれども,けれど,but; however,4
けれども,けれども,but; however,4
原因,げんいん,cause; origin,4
けんか,けんか,saponification; conversion to soap,4
研究,けんきゅう,research; study,4
研究室,けんきゅうしつ,laboratory; seminar room,4
見物,けんぶつ,sightseeing; watching,4
子,こ,child (esp. a boy); viscount,4
こう,こう,in this way; like this,4
郊外,こうがい,suburb; residential area on the outskirt of a city,4
講義,こうぎ,lecture,4
工業,こうぎょう,(manufacturing) industry,4
高校,こうこう,senior high school; high school,4
高校生,こうこうせい,senior high school student,4
工場,こうじょう,factory; plant,4
校長,こうちょう,principal; head teacher,4
交通,こうつう,traffic; transportation,4
講堂,こうどう,auditorium; lecture hall,4
高等学校,こうとうがっこう,senior high school; high school,4
公務員,こうむいん,public employee; government employee,4
国際,こくさい,international; diplomatic intercourse,4
心,こころ,mind; heart,4
御主人,ごしゅじん,your husband; her husband,4
故障,こしょう,fault; trouble,4
ご存じ,ごぞんじ,knowing; being aware (of),4
答,こたえ,answer; reply,4
ごちそう,ごちそう,treat (esp. food and drink); entertainment,4
こと,こと,difference (from one another); different thing,4
小鳥,ことり,small bird; little bird,4
このあいだ,このあいだ,the other day; lately,4
このごろ,このごろ,these days; nowadays,4
細かい,こまかい,small; fine,4
ごみ,ごみ,"five flavors (sweet, salty, spicy, sour, bitter); five palates",4
込む,こむ,to be crowded; to be packed,4
米,こめ,metre (unit of length); meter,4
ごらんになる,ごらんになる,to see; to look,4
これから,これから,from now on; after this,4
怖い,こわい,scary; frightening,4
壊す,こわす,to break; to destroy,4
壊れる,こわれる,to be broken; to break,4
コンサート,コンサート,concert,4
今度,こんど,this time; now,4
コンピュータ,コンピュータ,computer,4
コンピュータ,コンピューター,computer,4
コンピューター,コンピュータ,computer,4
コンピューター,コンピューター,computer,4
今夜,こんや,this evening; tonight,4
最近,さいきん,recently; lately,4
最後,さいご,end; conclusion,4
最初,さいしょ,beginning; outset,4
坂,さか,slope; incline,4
探す,さがす,to search for; to look for,4
下る,さがる,to come down; to go down,4
盛ん,さかん,prosperous; flourishing,4
下げる,さげる,to hang; to suspend,4
差し上げる,さしあげる,to lift up; to hold up,4
さっき,さっき,a short while ago; a moment ago,4
寂しい,さびしい,lonely; lonesome,4
さ来月,さらいげつ,month after next,4
さ来週,さらいしゅう,week after next,4
サラダ,サラダ,salad,4
騒ぐ,さわぐ,to make noise; to make racket,4
触る,さわる,to touch; to feel,4
産業,さんぎょう,industry; livelihood,4
サンダル,サンダル,sandal,4
サンドイッチ,サンドイッチ,sandwich,4
残念,ざんねん,regrettable; unfortunate,4
市,し,market; fair,4
字,じ,"Chinese courtesy name (name formerly given to adult Chinese men, used in place of their given name in formal situations); nickname",4
試合,しあい,match; game,4
仕方,しかた,way; method,4
しかる,しかる,to scold; to chide,4
試験,しけん,examination; exam,4
事故,じこ,accident; incident,4
地震,じしん,earthquake,4
時代,じだい,period; epoch,4
下着,したぎ,underwear; undergarment,4
支度,したく,preparation; arrangements,4
しっかり,しっかり,tightly (holding on); firmly,4
失敗,しっぱい,failure; mistake,4
辞典,じてん,dictionary; lexicon,4
品物,しなもの,article; item,4
しばらく,しばらく,for a moment; for a minute,4
島,しま,Island; insula,4
市民,しみん,citizen (of a country); citizenry,4
事務所,じむしょ,office,4
社会,しゃかい,society; public,4
社長,しゃちょう,company president; manager,4
じゃま,じゃま,hindrance; obstacle,4
ジャム,ジャム,jam,4
自由,じゆう,freedom; liberty,4
習慣,しゅうかん,habit; (social) custom,4
住所,じゅうしょ,"address (of a home, business, etc.); residence",4
柔道,じゅうどう,judo,4
十分,じゅうぶん,ten minutes; enough,4
出席,しゅっせき,attendance; presence,4
出発,しゅっぱつ,departure; leaving,4
趣味,しゅみ,hobby; pastime,4
準備,じゅんび,preparation; arrangements,4
紹介,しょうかい,introduction; presentation,4
小学校,しょうがっこう,primary school; elementary school,4
小説,しょうせつ,novel; story,4
招待,しょうたい,invitation,4
承知,しょうち,knowledge; awareness,4
将来,しょうらい,future; (future) prospects,4
食事,しょくじ,"meal (e.g. lunch, dinner); diet",4
食料品,しょくりょうひん,foodstuff; groceries,4
女性,じょせい,woman; female,4
知らせる,しらせる,to notify; to advise,4
調べる,しらべる,to examine; to look up,4
人口,じんこう,population; common talk,4
神社,じんじゃ,Shinto shrine,4
親切,しんせつ,kind; gentle,4
心配,しんぱい,worry; concern,4
新聞社,しんぶんしゃ,newspaper company,4
水泳,すいえい,swimming,4
水道,すいどう,water supply; water service,4
ずいぶん,ずいぶん,very; extremely,4
数学,すうがく,mathematics,4
スーツ,スーツ,suit (clothing); suit,4
スーツケース,スーツケース,suitcase,4
過ぎる,すぎる,to go by; to cross,4
すく,すく,to comb (out); to card,4
スクリーン,スクリーン,screen,4
凄い,すごい,terrible; dreadful,4
進む,すすむ,to advance; to go forward,4
すっかり,すっかり,all; completely,4
すっと,すっと,straight; quickly,4
ステーキ,ステーキ,steak,4
捨てる,すてる,to throw away; to cast away,4
ステレオ,ステレオ,"stereo (sound); stereo (player, set)",4
砂,すな,sand; grit,4
すばらしい,すばらしい,wonderful; splendid,4
滑る,すべる,to slide; to glide,4
隅,すみ,corner; nook,4
済む,すむ,to finish; to end,4
すり,すり,repair; mending,4
すると,すると,(and) then; and,4
生活,せいかつ,life; living,4
生産,せいさん,live birth; production,4
政治,せいじ,politics; government,4
西洋,せいよう,the West; the Occident,4
世界,せかい,the world; society,4
席,せき,"seat; location (of a gathering, etc.)",4
説明,せつめい,explanation; exposition,4
背中,せなか,back (of the body),4
ぜひ,ぜひ,certainly; without fail,4
世話,せわ,care; looking after,4
線,せん,line; stripe,4
ぜんぜん,ぜんぜん,gradually; by degrees,4
戦争,せんそう,war; fighting,4
先輩,せんぱい,"senior (at school, work, etc.); superior",4
そう,そう,appearing that; seeming that,4
相談,そうだん,consultation; discussion,4
育てる,そだてる,to raise; to rear,4
卒業,そつぎょう,graduation; completion (of a course),4
祖父,そふ,grandfather; old man,4
ソフト,ソフト,soft; software,4
祖母,そぼ,grandmother,4
それで,それで,so; therefore,4
それに,それに,besides; in addition,4
それほど,それほど,to that degree; to that extent,4
そろそろ,そろそろ,soon; before long,4
そんな,そんな,such; that sort of,4
そんなに,そんなに,so much; so,4
退院,たいいん,leaving hospital; discharge from hospital,4
大学生,だいがくせい,university student; college student,4
大事,だいじ,serious matter; major incident,4
大体,だいたい,generally; on the whole,4
たいてい,たいてい,mostly; ordinarily,4
タイプ,タイプ,type; kind,4
大分,だいぶ,"Ōita (city, prefecture); considerably",4
台風,たいふう,typhoon; hurricane,4
倒れる,たおれる,"to fall (over, down); to collapse",4
だから,だから,so; therefore,4
確か,たしか,sure; certain,4
足す,たす,to add (numbers); to add (something),4
訪ねる,たずねる,to visit; to call on,4
尋ねる,たずねる,to ask; to enquire,4
正しい,ただしい,right; correct,4
畳,たたみ,folding paper-case; kimono wrapping paper,4
立てる,たてる,to stand up; to put up,4
建てる,たてる,to build; to construct,4
例えば,たとえば,for example; for instance,4
棚,たな,shelf; ledge,4
楽しみ,たのしみ,enjoyment; pleasure,4
楽む,たのしむ,to enjoy; to take pleasure in,4
たまに,たまに,occasionally; once in a while,4
為,ため,to do; good,4
だめ,だめ,no good; not serving its purpose,4
足りる,たりる,to be sufficient; to be enough,4
男性,だんせい,man; male,4
暖房,だんぼう,(indoor) heating,4
血,ち,blood; ancestry,4
チェック,チェック,check (pattern); plaid,4
力,ちから,force; strength,4
ちっとも,ちっとも,(not) at all; (not) a bit,4
ちゃん,ちゃん,suffix for familiar person; father,4
注意,ちゅうい,attention; notice,4
中学校,ちゅうがっこう,junior high school; middle school,4
注射,ちゅうしゃ,injection; jab,4
駐車場,ちゅうしゃじょう,parking lot; car park,4
地理,ちり,geography,4
捕まえる,つかまえる,to catch; to capture,4
つき,つき,Japanese zelkova (Zelkova serrata); concerning,4
付く,つく,"to become (a state, condition, etc.); to be attached",4
漬ける,つける,to soak (in); to steep,4
都合,つごう,circumstances; condition,4
伝える,つたえる,to convey; to report,4
続く,つづく,to continue; to last,4
続ける,つづける,to continue; to keep up,4
包む,つつむ,to wrap up (in); to roll up (in),4
妻,つま,female; smaller (of the two),4
つもり,つもり,intention; plan,4
釣る,つる,to fish; to angle,4
連れる,つれる,to take (someone) with one; to bring along,4
丁寧,ていねい,polite; courteous,4
テキスト,テキスト,text; textbook,4
適当,てきとう,suitable; proper,4
できるだけ,できるだけ,as much as one can; as much as possible,4
手伝う,てつだう,to help; to assist,4
テニス,テニス,tennis,4
手袋,てぶくろ,glove; mitten,4
寺,てら,counter for temples; temple (Buddhist),4
点,てん,dot; point,4
店員,てんいん,employee (of a store); shop assistant,4
天気予報,てんきよほう,weather forecast; weather report,4
電灯,でんとう,electric light,4
電報,でんぽう,telegram,4
展覧会,てんらんかい,exhibition,4
都,と,"capital (esp. Kyoto, Japan's former capital); seat of government",4
道具,どうぐ,tool; implement,4
とうとう,とうとう,beating (of drums); rushing (water),4
動物園,どうぶつえん,zoo; zoological gardens,4
遠く,とおく,far away; distant place,4
通る,とおる,to go by; to go past,4
特に,とくに,particularly; especially,4
特別,とくべつ,special; particular,4
とこや,とこや,barbershop; barber shop,4
途中,とちゅう,on the way; en route,4
特急,とっきゅう,limited express (train for which a limited-express ticket is required); limited express (train making a limited no. of stops),4
届ける,とどける,to deliver; to forward,4
泊まる,とまる,to stay at (e.g. hotel); to be docked,4
止める,とめる,to stop; to turn off,4
取り替える,とりかえる,to exchange; to swap,4
泥棒,どろぼう,thief; burglar,4
どんどん,どんどん,drumming (noise); beating,4
直す,なおす,to repair; to mend,4
直る,なおる,to get mended; to be repaired,4
治る,なおる,to get better; to get well,4
中々,なかなか,very; considerably,4
泣く,なく,to cry; to shed tears,4
無くなる,なくなる,to be lost (e.g. luggage); to be missing,4
亡くなる,なくなる,to die; to pass away,4
投げる,なげる,to throw; to hurl,4
なさる,なさる,to do,4
鳴る,なる,to sound; to ring,4
なるべく,なるべく,as (much) as possible; as (much) as one can,4
なるほど,なるほど,I see; that's right,4
慣れる,なれる,to get used to; to grow accustomed to,4
におい,におい,smell; scent,4
苦い,にがい,bitter,4
二階建て,にかいだて,two-storied building,4
逃げる,にげる,to run away; to flee,4
日記,にっき,diary; journal,4
入院,にゅういん,hospitalization; hospitalisation,4
入学,にゅうがく,admission (to a school or university); entrance,4
似る,にる,to resemble; to look like,4
人形,にんぎょう,human figure; human form,4
盗む,ぬすむ,to steal; to plagiarize,4
塗る,ぬる,to cover (with); to smear,4
ぬれる,ぬれる,to get wet,4
ねだん,ねだん,price; cost,4
熱,ねつ,fever; heat,4
ねっしん,ねっしん,zealous; enthusiastic,4
寝坊,ねぼう,sleeping in late; oversleeping,4
眠い,ねむい,sleepy; drowsy,4
眠る,ねむる,to sleep; to die,4
残る,のこる,to remain; to be left,4
のど,のど,tranquil; calm,4
乗り換える,のりかえる,"to transfer (trains); to change (bus, train)",4
乗り物,のりもの,vehicle; conveyance,4
葉,は,"counter for leaves, pieces of paper, etc.; counter for boats",4
場合,ばあい,case; occasion,4
パート,パート,part; part-timer,4
倍,ばい,double; twice (as much),4
拝見,はいけん,seeing; looking at,4
歯医者,はいしゃ,dentist,4
運ぶ,はこぶ,to carry; to transport,4
始める,はじめる,to start; to begin,4
場所,ばしょ,place; location,4
はず,はず,purging croton (Croton tiglium); should (be),4
恥ずかしい,はずかしい,embarrassing; embarrassed,4
パソコン,パソコン,personal computer; PC,4
発音,はつおん,pronunciation; production of sound,4
はっきり,はっきり,clearly; plainly,4
花見,はなみ,cherry blossom viewing; flower viewing,4
林,はやし,wood; woods,4
払う,はらう,"to pay (e.g. money, bill); to brush off",4
番組,ばんぐみ,program (e.g. TV); programme,4
反対,はんたい,opposition; resistance,4
ハンドバッグ,ハンドバッグ,handbag; purse,4
日,ひ,Sunday; nth day (of the month),4
火,ひ,Tuesday; fire (second of the five elements),4
ピアノ,ピアノ,piano (instrument); piano (dynamic),4
冷える,ひえる,to grow cold; to get chilly,4
光,ひかり,light; illumination,4
光る,ひかる,to shine; to glitter,4
引き出し,ひきだし,drawer; withdrawal (of money from an account),4
引き出す,ひきだす,to pull out; to take out,4
ひげ,ひげ,self-abasement; self-depreciation,4
飛行場,ひこうじょう,airfield; airport,4
久しぶり,ひさしぶり,a long time (since the last time); first in a long time,4
美術館,びじゅつかん,art museum; art gallery,4
非常に,ひじょうに,very; extremely,4
びっくり,びっくり,to be surprised; to be amazed,4
引っ越す,ひっこす,to move (house); to change residence,4
必要,ひつよう,necessary; needed,4
ひどい,ひどい,cruel; heartless,4
開く,ひらく,to open; to undo,4
ビル,ビル,bill; check,4
昼間,ひるま,daytime; during the day,4
昼休み,ひるやすみ,lunch break; noon recess,4
拾う,ひろう,to pick up; to gather,4
ファックス,ファックス,fax; facsimile,4
増える,ふえる,to increase; to multiply,4
深い,ふかい,deep; profound,4
複雑,ふくざつ,complex; complicated,4
復習,ふくしゅう,review (of learned material); revision,4
部長,ぶちょう,"head (chief, director) of a section or department; head of a (school) club",4
普通,ふつう,normal; ordinary,4
ぶどう,ぶどう,inhuman; immoral,4
太る,ふとる,to put on weight; to gain weight,4
布団,ふとん,futon; round cushion used for Zen meditation (traditionally made of woven bulrush leaves),4
舟,ふね,ship; boat,4
不便,ふべん,inconvenience; inexpediency,4
踏む,ふむ,to step on; to tread on,4
降り出す,ふりだす,to begin to rain; to begin to snow,4
プレゼント,プレゼント,present; gift,4
文化,ぶんか,culture; civilization,4
文学,ぶんがく,literature,4
文法,ぶんぽう,grammar,4
別,べつ,lord (hereditary title for imperial descendants in outlying regions); distinction,4
ベル,ベル,bell; bel (unit),4
変,へん,strange; odd,4
返事,へんじ,reply; answer,4
貿易,ぼうえき,(foreign) trade; (international) commerce,4
放送,ほうそう,broadcasting; broadcast,4
法律,ほうりつ,law; legislation,4
僕,ぼく,I; me,4
星,ほし,"Chinese ""star"" constellation (one of the 28 mansions); Singapore",4
ほど,ほど,extent; degree,4
ほとんど,ほとんど,almost; nearly,4
ほめる,ほめる,to praise; to commend,4
翻訳,ほんやく,translation; deciphering,4
参る,まいる,to go; to come,4
負ける,まける,to lose; to be defeated,4
まじめ,まじめ,serious; earnest,4
まず,まず,to mix; to stir,4
または,または,or; either ... or ...,4
間違える,まちがえる,to make a mistake (in); to commit an error,4
間に合う,まにあう,"to be in time (for); to serve (suit, meet) the purpose",4
周り,まわり,circumference; girth,4
回る,まわる,to go around; to make a circle around,4
漫画,まんが,cartoon; comic,4
真中,まんなか,middle; centre,4
見える,みえる,to have an audience; to meet,4
湖,みずうみ,lake (in place names); lake,4
味噌,みそ,"miso; innards (from crabs, shrimps, etc.) resembling miso",4
見つかる,みつかる,to be found; to be discovered,4
見つける,みつける,to find; to discover,4
皆,みな,everyone; everybody,4
港,みなと,harbour; harbor,4
向かう,むかう,to face; to go towards,4
迎える,むかえる,to go out to meet; to receive,4
昔,むかし,the old days; the past,4
虫,むし,insect; bug,4
息子,むすこ,son; penis,4
娘,むすめ,unmarried woman; Miss,4
無理,むり,unreasonable; unnatural,4
召し上がる,めしあがる,to eat; to drink,4
珍しい,めずらしい,rare; uncommon,4
申し上げる,もうしあげる,to say; to tell,4
申す,もうす,to say; to be called,4
もうすぐ,もうすぐ,soon; shortly,4
もし,もし,excuse me! (when calling out to someone); if,4
もちろん,もちろん,of course; certainly,4
もっとも,もっとも,most; extremely,4
戻る,もどる,to turn back (e.g. half-way); to return,4
木綿,もめん,"string made of cut steamed, soaked mulberry bark fibers; cotton (material)",4
もらう,もらう,to receive; to take,4
森,もり,forest; shrine grove,4
焼く,やく,to burn; to roast,4
約束,やくそく,promise; agreement,4
役に立つ,やくにたつ,to be helpful; to be useful,4
焼ける,やける,to burn; to burn down,4
優しい,やさしい,tender; kind,4
痩せる,やせる,to become thin; to lose weight,4
やっと,やっと,at last; finally,4
やはり,やはり,as expected; sure enough,4
やはり,やっぱり,as expected; sure enough,4
やっぱり,やはり,as expected; sure enough,4
やっぱり,やっぱり,as expected; sure enough,4
止む,やむ,to cease; to stop,4
止める,やめる,to stop; to turn off,4
柔らかい,やわらかい,soft; tender,4
湯,ゆ,soup; hot water,4
輸出,ゆしゅつ,export; exportation,4
輸入,ゆにゅう,import; importation,4
指,ゆび,between (e.g. two people); face to face,4
指輪,ゆびわ,(finger) ring,4
夢,ゆめ,dream; hope,4
揺れる,ゆれる,to shake; to sway,4
用,よう,business; task,4
用意,ようい,preparation; arrangements,4
用事,ようじ,business; things to do,4
汚れる,よごれる,to be violated; to be corrupted,4
予習,よしゅう,preparation for a lesson,4
予定,よてい,plans; arrangement,4
予約,よやく,reservation; appointment,4
寄る,よる,to approach; to draw near,4
喜ぶ,よろこぶ,to be delighted; to be glad,4
よろしい,よろしい,good; OK,4
理由,りゆう,reason; grounds,4
利用,りよう,use; utilization,4
両方,りょうほう,both; both sides,4
旅館,りょかん,ryokan; traditional Japanese inn,4
留守,るす,absence; being away from home,4
冷房,れいぼう,air conditioning; air cooling,4
歴史,れきし,history,4
レジ,レジ,(cash) register; checkout (counter),4
レポート,レポート,report; paper,4
レポート,リポート,report; paper,4
リポート,レポート,report; paper,4
リポート,リポート,report; paper,4
連絡,れんらく,contacting; (making) contact,4
ワープロ,ワープロ,word processor,4
沸かす,わかす,to boil; to heat (a liquid),4
別れる,わかれる,to part (usu. of people); to part from,4
沸く,わく,to grow hot (e.g. water); to boil,4
訳,わけ,"translation; version (e.g. ""English version"")",4
忘れ物,わすれもの,lost article; thing left behind,4
笑う,わらう,to laugh; to smile,4
割合,わりあい,rate; ratio,4
割れる,われる,to break; to be smashed,4
泳ぎ方,およぎかた,way of swimming,4
会う,あう,to meet; to encounter,5
青,あお,blue; azure,5
青い,あおい,blue; azure,5
赤,あか,red; crimson,5
赤い,あかい,red; crimson,5
明い,あかるい,light; bright,5
秋,あき,time; hour,5
開く,あく,to open; to undo,5
開ける,あける,to open (e.g. one's robe); to bare (e.g. one's chest),5
上げる,あげる,to raise; to elevate,5
朝,あさ,morning; breakfast,5
朝御飯,あさごはん,breakfast,5
あさって,あさって,day after tomorrow; wrong (e.g. direction),5
足,あし,"counter for pairs of socks, shoes, etc.; foot",5
明日,あした,tomorrow; near future,5
あそこ,あそこ,there; over there,5
遊ぶ,あそぶ,to grow wild; to run to waste,5
暖かい,あたたかい,warm; mild,5
頭,あたま,top of ...; head of ...,5
新しい,あたらしい,new; novel,5
あちら,あちら,that way; that direction,5
暑い,あつい,hot; warm,5
熱い,あつい,"hot (to the touch); passionate (feelings, etc.)",5
厚い,あつい,thick; deep,5
あっち,あっち,that way; that direction,5
後,あと,after; rear,5
あなた,あなた,you; dear,5
兄,あに,you; Mr,5
姉,あね,honorific suffix used after the name of a woman of equal or higher status; older sister,5
あの,あの,that; those,5
あの,あの,that; those,5
アパート,アパート,apartment building; apartment block,5
あびる,あびる,to dash over oneself (e.g. water); to take (e.g. shower),5
危ない,あぶない,dangerous; risky,5
甘い,あまい,sweet-tasting; sweet,5
あまり,あまり,remainder; remnant,5
雨,あめ,rain; rainy day,5
飴,あめ,(hard) candy; toffee,5
洗う,あらう,to wash; to cleanse,5
ある,ある,to be; to exist,5
歩く,あるく,to walk,5
あれ,あれ,that; that thing,5
いい,いい,having fun; rejoicing,5
いい,よい,having fun; rejoicing,5
よい,いい,evening; early night hours,5
よい,よい,evening; early night hours,5
いいえ,いいえ,no; you're welcome,5
言う,いう,to say; to utter,5
家,いえ,shop; store,5
いかが,いかが,how; in what way,5
行く,いく,to go; to move (towards),5
いくつ,いくつ,how many; how old,5
いくら,いくら,how much; something over,5
池,いけ,pond,5
医者,いしゃ,doctor; physician,5
いす,いす,chair; seat,5
忙しい,いそがしい,busy; hectic,5
痛い,いたい,painful; sore,5
一,いち,one; 1,5
一日,いちにち,first day of the month; first ten days of the lunar month,5
いちばん,いちばん,number one; first,5
いつ,いつ,when; at what time,5
五日,いつか,5th day of the month; five days,5
一緒,いっしょ,(doing) together; one lump,5
五つ,いつつ,five; five years of age,5
いつも,いつも,always; all the time,5
犬,いぬ,dog (Canis (lupus) familiaris); canine,5
今,いま,now; the present time,5
意味,いみ,meaning; significance,5
妹,いもうと,darling (woman); dear,5
嫌,いや,disliking; not wanting,5
入口,いりぐち,entrance; entry,5
居る,いる,to be (of animate objects); to exist,5
要る,いる,to be needed; to be necessary,5
入れる,いれる,to put in; to let in,5
色,いろ,counter for colours; rupa (form),5
いろいろ,いろいろ,various; a variety of,5
上,うえ,above; over,5
後ろ,うしろ,back; behind,5
薄い,うすい,thin (of an object); pale,5
歌,うた,song; singing,5
歌う,うたう,"to sing; to sing of (love, beauty, etc.) in a poem",5
生まれる,うまれる,to be born,5
海,うみ,sea; ocean,5
売る,うる,to sell; to betray,5
煩い,うるさい,noisy; loud,5
上着,うわぎ,coat; jacket,5
絵,え,picture; drawing,5
映画,えいが,movie; film,5
映画館,えいがかん,movie theatre; movie theater,5
英語,えいご,English (language),5
ええ,ええ,yes; that is correct,5
駅,えき,railway station; train station,5
エレベーター,エレベーター,elevator; lift,5
鉛筆,えんぴつ,(wooden) pencil,5
おいしい,おいしい,good(-tasting); nice,5
多い,おおい,many; numerous,5
大きい,おおきい,big; large,5
大きな,おおきな,big; large,5
大勢,おおぜい,crowd of people; great number of people,5
お母さん,おかあさん,mother; mom,5
お菓子,おかし,confections; sweets,5
お金,おかね,money,5
起きる,おきる,to get up; to rise,5
置く,おく,to put; to place,5
奥さん,おくさん,wife; your wife,5
お酒,おさけ,alcohol; sake,5
お皿,おさら,plate; dish,5
伯父,おじいさん,uncle (one's father's older brother); uncle,5
叔父,おじいさん,uncle (one's father's younger brother); uncle,5
教える,おしえる,to teach; to instruct,5
伯父,おじさん,uncle (one's father's older brother); uncle,5
叔父,おじさん,uncle (one's father's younger brother); uncle,5
押す,おす,to push; to thrust,5
遅い,おそい,slow; late,5
お茶,おちゃ,tea (esp. green or barley); tea break,5
お手洗い,おてあらい,toilet; restroom,5
お父さん,おとうさん,father; dad,5
弟,おとうと,younger sibling; younger brother (of an older brother),5
男,おとこ,man; boy,5
男の子,おとこのこ,man; boy,5
一昨日,おととい,day before yesterday,5
一昨年,おととし,year before last,5
大人,おとな,adult; exalted person,5
おなか,おなか,belly; abdomen,5
同じ,おなじ,same; identical,5
お兄さん,おにいさん,older brother; elder brother,5
お姉さん,おねえさん,older sister; elder sister,5
おばあさん,おばあさん,grandmother; old woman,5
伯母さん,おばさん,aunt,5
叔母さん,おばさん,aunt,5
お風呂,おふろ,bath,5
お弁当,おべんとう,bento,5
覚える,おぼえる,to memorize; to memorise,5
おまわりさん,おまわりさん,police officer,5
重い,おもい,heavy; weighty,5
おもしろい,おもしろい,interesting; fascinating,5
泳ぐ,およぐ,to swim; to struggle through (a crowd),5
降りる,おりる,to descend (e.g. a mountain); to go down,5
終る,おわる,to end; to come to an end,5
音楽,おんがく,music,5
女,おんな,female; smaller (of the two),5
女の子,おんなのこ,woman; girl,5
外国,がいこく,foreign country,5
外国人,がいこくじん,foreigner; foreign citizen,5
会社,かいしゃ,company; corporation,5
階段,かいだん,stairs; stairway,5
買い物,かいもの,shopping; purchased goods,5
買う,かう,to buy; to purchase,5
返す,かえす,to return (something); to restore,5
帰る,かえる,to return; to come home,5
かかる,かかる,such; like this,5
かぎ,かぎ,"woman who earns her living by entertaining with song, dance and playing the shamisen; geisha who sings at parties",5
書く,かく,to write; to compose,5
学生,がくせい,Heian-period student of government administration; Buddhist scholar,5
かける,かける,"to suspend between two points; to build (a bridge, etc.)",5
傘,かさ,umbrella; parasol,5
貸す,かす,to lend; to loan,5
風,かぜ,swing; shake,5
風邪,かぜ,(common) cold; influenza,5
家族,かぞく,family,5
方,かた,Sirs; Mesdames,5
学校,がっこう,school,5
カップ,カップ,"cup (drinking vessel, measure, brassiere, prize, etc.)",5
家庭,かてい,home; household,5
角,かど,angle; square,5
かばん,かばん,going off duty; bag,5
花瓶,かびん,vase used to hold flower offerings (often made of gilded copper); (flower) vase,5
紙,かみ,newspaper; paper,5
カメラ,カメラ,camera,5
火曜日,かようび,Tuesday,5
辛い,からい,difficult to ... (physically or emotionally); hard to ...,5
体,からだ,body; torso,5
借りる,かりる,to borrow; to rent,5
軽い,かるい,"light (i.e. not heavy); feeling light (i.e. offering little resistance, moving easily)",5
カレー,カレー,curry (esp. Japanese curry); rice and curry,5
カレンダー,カレンダー,calendar; calender (machine for flattening things),5
川,かわ,river; stream,5
河,かわ,discarded tiles; discards,5
かわいい,かわいい,cute; adorable,5
漢字,かんじ,kanji; Chinese character,5
木,き,Thursday; wood (first of the five elements),5
黄色,きいろ,yellow; amber,5
黄色い,きいろい,yellow; high-pitched (voice),5
消える,きえる,to disappear; to vanish,5
聞く,きく,to hear; to listen (e.g. to music),5
北,きた,north wind tile; winning hand with a pung (or kong) of north wind tiles,5
ギター,ギター,guitar,5
汚い,きたない,dirty; filthy,5
喫茶店,きっさてん,coffee shop; tearoom,5
切手,きって,stamp (postage); merchandise certificate,5
切符,きっぷ,ticket,5
昨日,きのう,yesterday,5
九,きゅう,nine; 9,5
九,く,nine; 9,5
牛肉,ぎゅうにく,beef,5
牛乳,ぎゅうにゅう,(cow's) milk,5
今日,きょう,today; this day,5
教室,きょうしつ,classroom; lecture room,5
兄弟,きょうだい,older and younger brothers; brothers,5
去年,きょねん,last year,5
嫌い,きらい,dislike; hatred,5
切る,きる,to cut; to cut through,5
着る,きる,to wear (from the shoulders down); to put on,5
きれい,きれい,pretty; lovely,5
キロ,キロ,kilo-; 1000,5
キロ,キログラム,kilo-; 1000,5
キログラム,キロ,kilogram; kilogramme,5
キログラム,キログラム,kilogram; kilogramme,5
キロ,キロ,kilo-; 1000,5
キロ,キロメートル,kilo-; 1000,5
キロメートル,キロ,kilometer; kilometre,5
キロメートル,キロメートル,kilometer; kilometre,5
銀行,ぎんこう,bank; banking institution,5
金曜日,きんようび,Friday,5
薬,くすり,dope; narcotic,5
ください,ください,please (give me); please (do for me),5
果物,くだもの,fruit,5
口,くち,mouth; speech,5
靴,くつ,shoe; shoes,5
靴下,くつした,socks; sock,5
国,くに,country; state,5
曇り,くもり,cloudiness; cloudy weather,5
曇る,くもる,to get cloudy; to cloud over,5
暗い,くらい,dark; gloomy,5
クラス,クラス,class,5
グラム,グラム,gram; gramme,5
来る,くる,to come (spatially or temporally); to approach,5
車,くるま,car; vehicle,5
黒,くろ,black; black stone,5
黒い,くろい,black; dark,5
警官,けいかん,police officer; policeman,5
今朝,けさ,this morning,5
消す,けす,to erase; to rub out,5
結構,けっこう,splendid; nice,5
結婚,けっこん,marriage,5
月曜日,げつようび,Monday,5
玄関,げんかん,entrance; front door,5
元気,げんき,lively; full of spirit,5
五,ご,five; 5,5
公園,こうえん,(public) park,5
交差点,こうさてん,crossing; intersection,5
紅茶,こうちゃ,black tea,5
交番,こうばん,police box; koban,5
声,こえ,voice; sound,5
コート,コート,"court (e.g. tennis, basketball, volleyball); coat",5
コーヒー,コーヒー,coffee,5
ここ,ここ,here; this place,5
午後,ごご,afternoon; p.m.,5
九日,ここのか,9th day of the month; nine days,5
九つ,ここのつ,nine; nine years of age,5
午前,ごぜん,morning; a.m.,5
答える,こたえる,to answer; to reply,5
こちら,こちら,this way; this direction,5
こっち,こっち,this way; this direction,5
コップ,コップ,cop; police officer,5
今年,ことし,this year,5
言葉,ことば,language; dialect,5
子供,こども,child; children,5
この,この,nine; 9,5
御飯,ごはん,steamed rice as an offering to a god; cooked rice,5
コピーする,コピーする,copy; photocopy,5
困る,こまる,to be troubled; to have difficulty,5
これ,これ,hey; oi,5
今月,こんげつ,this month,5
今週,こんしゅう,this week,5
こんな,こんな,this sort of; this kind of,5
今晩,こんばん,tonight; this evening,5
さあ,さあ,come (on); come now,5
財布,さいふ,wallet; purse,5
魚,さかな,fish,5
先,さき,a short while ago; a moment ago,5
咲く,さく,to bloom; to flower,5
作文,さくぶん,writing (poetry); composing,5
差す,さす,to shine; to be visible,5
雑誌,ざっし,magazine; journal,5
砂糖,さとう,sugar,5
寒い,さむい,cold (e.g. weather); uninteresting (esp. joke),5
さ来年,さらいねん,year after next,5
三,さん,three; 3,5
散歩,さんぽする,walk; stroll,5
四,し,four; 4,5
四,よん,four; 4,5
塩,しお,"salt (e.g. sodium chloride, calcium sulfate, etc.); chloride",5
しかし,しかし,prostitute; harlot,5
時間,じかん,time; hour,5
仕事,しごと,work; job,5
辞書,じしょ,dictionary; lexicon,5
静か,しずか,quiet; silent,5
下,した,"lowness (of degree, value, etc.); inferiority",5
七,しち,seven,5
七,なな,seven,5
質問,しつもん,question; inquiry,5
自転車,じてんしゃ,bicycle; bike,5
自動車,じどうしゃ,car; automobile,5
死ぬ,しぬ,to die; to pass away,5
字引,じびき,dictionary,5
自分,じぶん,myself; yourself,5
閉まる,しまる,to be shut; to close,5
閉める,しめる,to close; to shut,5
締める,しめる,to tie; to fasten,5
じゃ,じゃ,then; well,5
じゃ,じゃあ,then; well,5
じゃあ,じゃ,then; well,5
じゃあ,じゃあ,then; well,5
写真,しゃしん,photograph; photo,5
シャツ,シャツ,shirt (undergarment); undershirt,5
シャワー,シャワー,shower,5
十,じゅう とお,ten; 10,5
授業,じゅぎょう,lesson; class,5
宿題,しゅくだい,homework; assignment,5
上手,じょうず,skillful; skilled,5
丈夫,じょうぶ,healthy; robust,5
しょうゆ,しょうゆ,soy sauce; soya sauce,5
食堂,しょくどう,dining hall (at a temple); dining room,5
知る,しる,to know; to be aware (of),5
白,しろ,white; unseasoned,5
白い,しろい,white; blank (e.g. paper),5
新聞,しんぶん,newspaper,5
水曜日,すいようび,Wednesday,5
吸う,すう,to breathe in; to inhale,5
スカート,スカート,skirt,5
好き,すき,love of; affection for,5
少ない,すくない,few; little,5
すぐに,すぐに,immediately; right away,5
少し,すこし,a little; a bit,5
涼しい,すずしい,cool; refreshing,5
ストーブ,ストーブ,(room) heater; stove,5
スプーン,スプーン,spoon; spoon lure,5
スポーツ,スポーツ,sport; sports,5
ズボン,ズボン,trousers; pants,5
住む,すむ,to live (of humans); to reside,5
スリッパ,スリッパ,slipper; slippers,5
する,する,to do; to carry out,5
座る,すわる,to sit (down); to have a seat,5
背,せ,back; reverse,5
生徒,せいと,pupil; student,5
セーター,セーター,sweater; jumper,5
せっけん,せっけん,small amount of silk (i.e. only one foot of cloth); unimportant painting,5
背広,せびろ,business suit,5
狭い,せまい,narrow; confined,5
ゼロ,ゼロ,zero; 0,5
千,せん,"thousand; 1,000",5
先月,せんげつ,last month,5
先週,せんしゅう,last week; the week before,5
先生,せんせい,man; boy,5
洗濯,せんたく,washing; laundry,5
全部,ぜんぶ,all; entire,5
掃除,そうじする,cleaning; sweeping,5
そうして,そうして,and; like that,5
そうして,そして,and; like that,5
そして,そうして,and; and then,5
そして,そして,and; and then,5
そこ,そこ,there (place relatively near listener); there (place just mentioned),5
そちら,そちら,that way; that direction,5
そっち,そっち,that way; that direction,5
外,そと,outside ...; beyond ...,5
その,その,that; the,5
そば,そば,buckwheat (Fagopyrum esculentum); soba,5
空,そら,empty air; sky,5
それ,それ,that; it,5
それから,それから,and then; after that,5
それでは,それでは,"well, ...; right, ...",5
大学,だいがく,university; college,5
大使館,たいしかん,embassy,5
大丈夫,だいじょうぶ,great man; fine figure of a man,5
大好き,だいすき,liking very much; loving (something or someone),5
大切,たいせつ,important; significant,5
台所,だいどころ,kitchen; financial situation,5
たいへん,たいへん,very; greatly,5
たいへん,たいへん,very; greatly,5
高い,たかい,high; tall,5
たくさん,たくさん,a lot; lots,5
タクシー,タクシー,taxi,5
出す,だす,to take out; to get out,5
立つ,たつ,to stand (up); to rise,5
たて,たて,central; main,5
建物,たてもの,building,5
楽しい,たのしい,enjoyable; fun,5
頼む,たのむ,to request; to beg,5
たばこ,たばこ,tobacco; cigarette,5
たぶん,たぶん,knowing about many things; having wide knowledge,5
食べ物,たべもの,food,5
食べる,たべる,to eat; to live on (e.g. a salary),5
卵,たまご,egg; eggshell,5
誰,だれ,who,5
誰,だれか,who,5
誕生日,たんじょうび,birthday,5
だんだん,だんだん,thank you; gradually,5
小さい,ちいさい,small; little,5
小さな,ちいさな,small; little,5
近い,ちかい,near; close,5
違う,ちがう,to differ; to be different,5
近く,ちかく,near; neighbourhood,5
地下鉄,ちかてつ,subway; metro,5
地図,ちず,map; atlas,5
茶色,ちゃいろ,brown; light brown,5
ちゃわん,ちゃわん,rice bowl; tea cup,5
ちょうど,ちょうど,consistency; exactly,5
ちょっと,ちょっと,a little; a bit,5
一日,ついたち,first day of the month; first ten days of the lunar month,5
使う,つかう,"to use (a tool, method, etc.); to make use of",5
疲れる,つかれる,to get tired; to tire,5
次,つぎ,next; following,5
着く,つく,to arrive at; to reach,5
机,つくえ,desk,5
作る,つくる,to make; to produce,5
つける,つける,to follow (someone); to shadow,5
勤める,つとめる,to work (for); to be employed (at),5
つまらない,つまらない,dull; uninteresting,5
冷たい,つめたい,cold (to the touch); chilly,5
強い,つよい,tough; stiff,5
手,て,hand; arm,5
テープ,テープ,tape,5
テーブル,テーブル,table,5
テープレコーダー,テープレコーダー,tape recorder,5
出かける,でかける,to go out (e.g. on an excursion or outing); to leave,5
手紙,てがみ,letter; note,5
できる,できる,to be out of; to have no more at hand,5
出口,でぐち,exit; way out,5
テスト,テスト,"test (of ability, knowledge, etc.); exam",5
では,では,then; well,5
デパート,デパート,department store; department,5
でも,でも,but; however,5
出る,でる,to leave; to exit,5
テレビ,テレビ,television; TV,5
天気,てんき,weather; fair weather,5
電気,でんき,electricity; (electric) light,5
電車,でんしゃ,train; electric train,5
電話,でんわ,telephone call; phone call,5
戸,と,door (esp. Japanese-style); shutter,5
ドア,ドア,door,5
トイレ,トイレ,toilet; restroom,5
どう,どう,"""as above"" mark; how",5
どうして,どうして,how; in what way,5
どうぞ,どうぞ,please; kindly,5
動物,どうぶつ,animal,5
どうも,どうも,thank you; thanks,5
遠い,とおい,far; distant,5
十日,とおか,10th day of the month; ten days,5
時々,ときどき,sometimes; occasionally,5
時計,とけい,clock; watch,5
どこ,どこ,where; what place,5
所,ところ,"counter for places (offices, facilities, stations); place",5
年,とし,"year; counter for years (e.g. of an era), grades (e.g. school)",5
図書館,としょかん,library,5
どちら,どちら,which way; which direction,5
どっち,どっち,which way; which direction,5
とても,とても,very; awfully,5
どなた,どなた,who,5
隣,となり,next (to); adjoining,5
どの,どの,Mr.; Mrs.,5
飛ぶ,とぶ,to fly; to soar,5
止まる,とまる,to remain; to abide,5
友達,ともだち,friend; companion,5
土曜日,どようび,Saturday,5
鳥,とり,bird; bird meat (esp. chicken meat),5
とり肉,とりにく,chicken meat; fowl,5
取る,とる,to take; to pick up,5
撮る,とる,to take (a photograph); to record (audio or video),5
どれ,どれ,which (of three or more); well,5
ナイフ,ナイフ,knife,5
中,なか,(all) through (e.g. the night); throughout (e.g. the year),5
長い,ながい,"long (distance, length); long (time)",5
鳴く,なく,to make sound (of an animal); to call,5
無くす,なくす,to lose (something); to get rid of,5
なぜ,なぜ,why; how,5
夏,なつ,Xia dynasty (of China; ca. 2070-1600 BCE; possibly mythological); Hsia dynasty,5
夏休み,なつやすみ,summer vacation; summer holiday,5
など,など,et cetera; etc.,5
七つ,ななつ,seven; seven years of age,5
七日,なのか,7th day of the month; seven days,5
名前,なまえ,name; given name,5
習う,ならう,to take lessons in; to be taught,5
並ぶ,ならぶ,to line up; to stand in a line,5
並べる,ならべる,to line up; to set up,5
なる,なる,that is in; who is called,5
何,なん,what; how many,5
何,なに,what; how many,5
二,に,two; 2,5
賑やか,にぎやか,bustling; busy,5
肉,にく,flesh (esp. of an animal); meat,5
西,にし,Spain; west wind tile,5
日曜日,にちようび,Sunday,5
荷物,にもつ,luggage; baggage,5
ニュース,ニュース,news,5
庭,にわ,garden; yard,5
脱ぐ,ぬぐ,"to take off (clothes, shoes, etc.); to undress",5
温い,ぬるい,lukewarm; tepid,5
ネクタイ,ネクタイ,tie; necktie,5
猫,ねこ,"cat; cat (esp. the domestic cat, Felis catus)",5
寝る,ねる,to sleep (lying down); to go to bed,5
ノート,ノート,notebook; copy-book,5
登る,のぼる,to ascend; to go up,5
飲み物,のみもの,drink; beverage,5
飲む,のむ,to drink; to swallow,5
乗る,のる,"to get on (train, plane, bus, ship, etc.); to get in",5
歯,は,tooth; age,5
パーティー,パーティー,"party (social gathering); party (group of people participating in an activity, esp. mountain climbing)",5
はい,はい,embryo; germ (e.g. wheat germ),5
灰皿,はいざら,ashtray,5
入る,はいる,to enter; to go in,5
葉書,はがき,postcard; memo,5
はく,はく,Yin energy; spirit,5
箱,はこ,box; case,5
橋,はし,pons; pons Varolii,5
はし,はし,stairs; stairs at the front of a noh stage,5
始まる,はじまる,to begin; to start,5
初め,はじめ,"first doing of ... (ever, in one's life, in the new year, etc.); beginning",5
始め,はじめ,beginning; start,5
初めて,はじめて,for the first time; only after ... is it ...,5
走る,はしる,to run; to run (of a vehicle),5
バス,バス,bath; bass,5
バター,バター,butter,5
二十歳,はたち,twenty years; 20 years old,5
働く,はたらく,to work; to labor,5
八,はち,eight; 8,5
二十日,はつか,20th day of the month; 20 days,5
花,はな,flower; blossom,5
鼻,はな,nose,5
話,はなし,"counter for stories, episodes of TV series, etc.; talk",5
話す,はなす,to talk; to speak,5
早い,はやい,fast; quick,5
速い,はやい,fast; quick,5
春,はる,spring; springtime,5
貼る,はる,to stick; to paste,5
晴れ,はれ,clear weather; fine weather,5
晴れる,はれる,to clear up; to clear away,5
半,はん,half; semi-,5
晩,ばん,evening; night,5
パン,パン,Pan (god); pan,5
ハンカチ,ハンカチ,handkerchief,5
番号,ばんごう,number; series of digits,5
晩御飯,ばんごはん,dinner; evening meal,5
半分,はんぶん,half; half minute,5
東,ひがし,east wind tile; winning hand with a pung (or kong) of east wind tiles,5
引く,ひく,to pull; to tug,5
弾く,ひく,to flip; to snap,5
低い,ひくい,"low (rank, degree, value, content, quality, etc.); low (position)",5
飛行機,ひこうき,airplane; aeroplane,5
左,ひだり,left (esp. in vertical Japanese writing); the following,5
人,ひと,counter for people; -ian (e.g. Italian),5
一つ,ひとつ,one; for one thing,5
一月,ひとつき,January; first month of the lunar calendar,5
一人,ひとり,one person; being alone,5
暇,ひま,(spare) time; free time,5
百,ひゃく,hundred; 100,5
病院,びょういん,hospital; clinic,5
病気,びょうき,feeling ill; sensation of illness,5
昼,ひる,noon; midday,5
昼御飯,ひるごはん,lunch; midday meal,5
広い,ひろい,spacious; vast,5
フィルム,フィルム,film,5
封筒,ふうとう,envelope,5
プール,プール,(swimming) pool; pool (cue sport),5
フォーク,フォーク,folk (esp. music); folk song,5
吹く,ふく,to blow (of the wind); to blow (one's breath),5
服,ふく,mourning clothes; mourning,5
二つ,ふたつ,two,5
豚肉,ぶたにく,pork,5
二人,ふたり,two persons; two people,5
二日,ふつか,2nd day of the month; two days,5
太い,ふとい,fat; thick,5
冬,ふゆ,winter,5
降る,ふる,to descend; to go down,5
古い,ふるい,old; aged,5
ふろ,ふろ,portable stove used for tea ceremonies during the summer; bath,5
文章,ぶんしょう,writing; composition,5
ページ,ページ,page; nth page,5
下手,へた,humble position; inferior,5
ベッド,ベッド,bed,5
ペット,ペット,pet; trumpet,5
部屋,へや,room; chamber,5
辺,へん,surrounding area; vicinity,5
ペン,ペン,pen,5
勉強,べんきょうする,study; diligence,5
便利,べんり,convenient; handy,5
帽子,ぼうし,hat; cap,5
ボールペン,ボールペン,ball-point pen,5
ほか,ほか,another place; some other place,5
ポケット,ポケット,pocket,5
欲しい,ほしい,wanting (to have); desiring,5
ポスト,ポスト,postbox; mailbox,5
細い,ほそい,small; fine,5
ボタン,ボタン,button (clothing); push-button,5
ホテル,ホテル,hotel,5
本,ほん,origin; source,5
本棚,ほんだな,bookshelves; bookshelf,5
ほんとう,ほんとう,main branch of a family; truth,5
毎朝,まいあさ,every morning,5
毎月,まいげつ,every month; each month,5
毎月,まいつき,every month; each month,5
毎週,まいしゅう,every week,5
毎日,まいにち,every day; daily,5
毎年,まいねん,every year; yearly,5
毎年,まいとし,every year; yearly,5
毎晩,まいばん,every night,5
前,まえ,point; tip,5
曲る,まがる,to bend; to curve,5
まずい,まずい,bad(-tasting); unpalatable,5
また,また,vowel (in the Siddham script); groin,5
まだ,まだ,still; as yet,5
町,まち,town; block,5
待つ,まつ,to wait; to await,5
まっすぐ,まっすぐ,straight (ahead); direct,5
マッチ,マッチ,match (for lighting a fire); match (contest),5
窓,まど,window,5
丸い,まるい,round; circular,5
円い,まるい,round; circular,5
万,まん,completely; absolutely,5
万年筆,まんねんひつ,fountain pen,5
磨く,みがく,to polish; to shine,5
右,みぎ,right; right-hand side,5
短い,みじかい,short; brief,5
水,みず,Wednesday; shaved ice (served with flavored syrup),5
店,みせ,merchant's home; rented home,5
見せる,みせる,to show; to display,5
道,みち,road; path,5
三日,みっか,3rd day of the month; three days,5
三つ,みっつ,three; three years of age,5
緑,みどり,green; greenery,5
皆さん,みなさん,all; everyone,5
南,みなみ,south wind tile; winning hand with a pung (or kong) of south wind tiles,5
耳,みみ,ear; hearing,5
見る 観る,みる,to go around; to look after (often medically),5
みんな,みんな,everyone; everybody,5
六日,むいか,6th day of the month; six days,5
向こう,むこう,opposite side; other side,5
難しい,むずかしい,difficult; hard,5
六つ,むっつ,six; six years of age,5
村,むら,village,5
目,め,eye; eyeball,5
メートル,メートル,metre (unit of length); meter,5
眼鏡,めがね,glasses; eyeglasses,5
もう,もう,greatly energetic; ferocious,5
もう一度,もういちど,once more; again,5
木曜日,もくようび,Thursday,5
持つ,もつ,to hold (in one's hand); to take,5
もっと,もっと,(some) more; even more,5
物,もの,stock; products,5
門,もん,gate; door,5
問題,もんだい,question (e.g. on a test); problem,5
八百屋,やおや,greengrocer; fruit and vegetable shop,5
野菜,やさい,vegetable; marijuana,5
易しい,やさしい,easy; plain,5
安い,やすい,cheap; inexpensive,5
休み,やすみ,rest; recess,5
休む,やすむ,to be absent; to take a day off,5
八つ,やっつ,eight; eight years of age,5
山,やま,Mt.; Mount,5
やる,やる,to perform; to play,5
夕方,ゆうがた,early evening (usu. from 3pm to 6pm); dusk,5
夕飯,ゆうはん,evening meal; dinner,5
郵便局,ゆうびんきょく,post office,5
昨夜,ゆうべ,last night; yesterday evening,5
有名,ゆうめい,famous; well-known,5
雪,ゆき,snow; snowfall,5
行く,ゆく,to go; to move (towards),5
ゆっくりと,ゆっくりと,,5
八日,ようか,8th day of the month; eight days,5
洋服,ようふく,Western-style clothes (cf. traditional Japanese clothes),5
よく,よく,the following; next,5
横,よこ,horizontal (as opposed to vertical); side-to-side (as opposed to front-to-back),5
四日,よっか,4th day of the month; four days,5
四つ,よっつ,four; 4,5
呼ぶ,よぶ,to call out (to); to call,5
読む,よむ,to read; to recite (e.g. a sutra),5
夜,よる,counter for nights; night,5
弱い,よわい,weak; frail,5
来月,らいげつ,next month,5
来週,らいしゅう,next week,5
来年,らいねん,next year,5
ラジオ,ラジオ,radio,5
ラジカセ,ラジカセ,radio-cassette player,5
ラジオカセット,ラジオカセット,radio-cassette; tape recorder,5
りっぱ,りっぱ,establishing and refuting (a doctrine); splendid,5
留学生,りゅうがくせい,overseas student; exchange student,5
両親,りょうしん,parents; both parents,5
料理,りょうり,cooking; cookery,5
旅行,りょこう,travel; trip,5
零,れい,zero; 0,5
冷蔵庫,れいぞうこ,refrigerator; fridge,5
レコード,レコード,(phonograph) record; record (esp. in sports),5
レストラン,レストラン,restaurant (esp. Western-style),5
練習,れんしゅうする,practice; training,5
廊下,ろうか,corridor; hallway,5
六,ろく,six; 6,5
ワイシャツ,ワイシャツ,(formal) shirt; dress shirt,5
若い,わかい,young; youthful,5
分かる,わかる,to understand; to comprehend,5
忘れる,わすれる,to forget; to leave carelessly,5
私,わたくし,I; me,5
私,わたし,I; me,5
渡す,わたす,to ferry across (e.g. a river); to carry across,5
渡る,わたる,to cross over; to go across,5
悪い,わるい,bad; poor,5
より,より,pushing back one's opponent while locked in close quarters; having a tendency towards,5
より,ほう,pushing back one's opponent while locked in close quarters; having a tendency towards,5
ほう,より,round-necked robe worn by members of nobility and the imperial court; bract,5
ほう,ほう,round-necked robe worn by members of nobility and the imperial court; bract,5
