jmdict_seq,kana,kanji,waller_definition,jlpt_level
1565440,ああ,嗚呼,"Ah!, Oh!, Alas!",N1
1400800,あい,相,"together, mutually, fellow",N1
1401310,あいかわらず,相変わらず,"as ever, as usual, the same",N1
1575660,あいそ,愛想,"civility, courtesy, compliments, sociability, graces",N1
1401100,あいたい,相対,"confrontation, facing, between ourselves, no third party, tete-a-tete",N1
1215660,あいだがら,間柄,relation(ship),N1
1575670,あいぞう,愛憎,likes and dislikes,N1
1284670,あいま,合間,interval,N1
1212850,あえて,敢えて,"dare (to do), challenge (to do)",N1
1238780,あおぐ,仰ぐ,"to look up (to), to respect, to depend on, to ask for, to seek, to revere, to drink, to take",N1
1277420,あか,垢,"dirt, filth",N1
1149680,あか,亜科,"suborder, subfamily",N1
1582390,あかがね,銅,copper,N1
1351580,あかし,証,"proof, evidence",N1
1383440,あかじ,赤字,"deficit, go in the red",N1
1532220,あかす,明かす,"to pass, spend, to reveal, to divulge",N1
1383260,あかちゃん,赤ちゃん,"baby, infant",N1
1000225,あからさま,明白,"obvious, overt, plainly, frankly",N1
1383280,あからむ,赤らむ,"to become red, to redden, to blush",N1
1532350,あかるい,明るい,"bright, cheerful",N1
1352190,あがり,上がり,"1. slope, advance income, crop yield, ascent, rise, advance, death, spinning, completion, stop, finish, after",N1
1352290,あがる,上がる,"to enter, to go up, to rise, to climb up, to advance, to appreciate, to be promoted, to improve, to call on,",N1
1580270,あきうど,商人,"trader, shopkeeper, merchant",N1
1676080,あきま,空間,"vacancy, room for rent or lease",N1
1436720,あきらめ,諦め,"resignation, acceptance, consolation",N1
1515580,あきれる,呆れる,"to be amazed, to be shocked",N1
1151230,あく,悪,"evil, wickedness",N1
1201960,あく,灰汁,puckery juice,N1
1000260,あくどい,悪どい,"1. gaudy, showy, excessive, 2. vicious",N1
1575770,あくび,悪日,unlucky day,N1
1532250,あくる,明くる,"next, following",N1
1453800,あこがれ,憧れ,"yearning, longing, aspiration",N1
1207560,あご,顎,chin,N1
1524290,あさ,麻,"flax, linen, hemp",N1
1584640,あさって,明後日,day after tomorrow,N1
1428410,あさねぼう,朝寝坊,"oversleeping, late riser",N1
1390810,あさましい,浅ましい,"wretched, miserable, shameful, mean, despicable, abject",N1
1315120,あざ,字,section of village,N1
1225420,あざむく,欺く,to deceive,N1
1392500,あざやか,鮮やか,"vivid, clear, brilliant",N1
1565610,あざわらう,あざ笑う,"to sneer at, to ridicule",N1
1527000,あじわい,味わい,"flavour, meaning, significance",N1
1447430,あずま,東,"east, Eastern Japan",N1
1350780,あせる,焦る,"to be in a hurry, to be impatient",N1
1000320,あそこ,彼処,"1. (uk) there, over there, that place, 2. (X) (col) genitals",N1
1581630,あたい,値,"value, price, cost, worth, merit",N1
1609040,あたいする,値する,"to be worth, to deserve, to merit",N1
1311125,あたし,私,I (fem),N1
1448780,あたり,当たり,"hit, success, reaching the mark, per ..., vicinity, neighborhood",N1
1448800,あたりまえ,当たり前,"usual, common, ordinary, natural, reasonable, obvious",N1
1581400,あだびと,他人,"another person, unrelated person, outsider, stranger",N1
1612620,あちこち,彼方此方,here and there,N1
1483185,あちら,彼方,"1. there, yonder, that",N1
1612620,あちらこちら,彼方此方,here and there,N1
1151470,あっか,悪化,"deterioration, growing worse, aggravation, degeneration, corruption",N1
1515600,あっけない,呆気ない,"not enough, too quick (short long etc.)",N1
2862924,あっこう,悪口,"abuse, insult, slander, evil speaking",N1
1000360,あっさり,,"easily, readily, quickly",N1
1153310,あっぱく,圧迫,"pressure, coercion, oppression",N1
1153430,あつかい,扱い,"treatment, service",N1
1333550,あつまる,集まる,"to gather, to collect, to assemble",N1
1572680,あつらえる,誂える,"to give an order, to place an order",N1
1153340,あつりょく,圧力,"stress, pressure",N1
1448820,あて,当て,"object, aim, end, hopes, expectations",N1
1448820,あて,宛,addressed to,N1
1448890,あてじ,当て字,"phonetic-equivalent character, substitute character",N1
1448930,あてはまる,当てはまる,to apply (a rule),N1
1586530,あてはめる,当てはめる,"to apply, to adapt",N1
1153480,あてる,宛てる,to address,N1
1383690,あとつぎ,跡継ぎ,"heir, successor",N1
1269500,あとまわし,後回し,"putting off, postponing",N1
1223615,あなた,貴女,"you, lady",N1
1000420,あの,彼の,that over there,N1
1167610,あふれる,溢れる,"to flood, to overflow, to brim over",N1
1538630,あぶらえ,油絵,oil painting,N1
1568910,あぶる,炙る,to scorch,N1
1000470,あべこべ,,"contrary, opposite, inverse",N1
1213440,あまえる,甘える,"to behave like a spoiled child, to fawn on",N1
1213510,あまくち,甘口,"sweet flavour, mildness, flattery, stupidity",N1
1171940,あまぐ,雨具,rain gear,N1
1438200,あまつ,天津,"heavenly, imperial",N1
1534380,あみ,網,"net, network",N1
1582090,あめつち,天地,"heaven and earth, the universe, nature, top and bottom, realm, sphere, world",N1
1400010,あやつる,操る,"to manipulate, to operate, to pull strings",N1
1000510,あやふや,,"uncertain, vague, ambiguous",N1
1218410,あやぶむ,危ぶむ,"to fear, to have misgivings, to be doubtful, to mistrust",N1
1196010,あやまち,過ち,"fault, error, indiscretion",N1
1271300,あやまる,誤る,to make a mistake,N1
1514330,あゆみ,歩み,walking,N1
1514360,あゆむ,歩む,"to walk, to go on foot",N1
1000520,あら,,"oh, ah, saw-edged perch (Niphon spinosus)",N1
1542860,あらかじめ,予め,"beforehand, in advance, previously",N1
1281480,あらす,荒らす,"to lay waste, to devastate, to damage, to invade, to break into",N1
1396970,あらすじ,粗筋,"outline, summary",N1
1400560,あらそい,争い,"dispute, strife, quarrel, dissension, conflict, rivalry, contest",N1
1200730,あらたまる,改まる,to be renewed,N1
1281470,あらっぽい,荒っぽい,"rough, rude",N1
1586780,あらゆる,凡ゆる,"all, every",N1
1574100,あられ,霰,"kind of cookie, cartoon character",N1
1610550,あらわれ,現われ,"embodiment, materialization",N1
1263510,あらわれる,現われる,"to appear, to come in sight, to become visible, to come out, to embody, to materialize, to express oneself",N1
1586820,ありがとう,有難う,Thank you,N1
1541060,ありさま,有様,"state, condition, circumstances, the way things are or should be, truth",N1
1541000,ありのまま,有りのまま,"the truth, fact, as it is, frankly",N1
1586840,ある,或る,"a certain..., some...",N1
1586850,あるいは,或いは,"or, possibly",N1
1612650,あれこれ,彼此,"one thing or another, this and that, this or that",N1
1284460,あわす,合わす,"to join together, to face, to unite, to be opposite, to combine, to connect, to add up, to mix, to match, to",N1
1284470,あわせ,合わせ,"joint together, opposite, facing",N1
1278810,あわただしい,慌ただしい,"busy, hurried, confused, flurried",N1
1278830,あわてる,慌てる,to become confused (disconcerted disorganized),N1
1154520,あんさつ,暗殺,assassination,N1
1154540,あんざん,暗算,mental arithmetic,N1
1154550,あんじ,暗示,"hint, suggestion",N1
1154780,あんじる,案じる,"to be anxious, to ponder",N1
1153910,あんせい,安静,rest,N1
1154790,あんのじょう,案の定,"sure enough, as usual",N1
1584930,あんまり,余り,"not very (this form only used as adverb), not much, remainder, rest, remnant, surplus, balance, excess, rema",N1
,い,依,depending on,N1
2252790,い,伊,"that one, Italy",N1
1583250,いいえ,,"no, nay, yes, well",N1
1277440,いいかげん,いい加減,"moderate, right, random, not thorough, vague, irresponsible, halfhearted",N1
1587030,いいわけ,言い訳,"excuse, explanation",N1
1192030,いえで,家出,"running away from home, leaving home",N1
1191990,いえぬし,家主,landlord,N1
2845606,いかが,如何,"how, in what way",N1
1587070,いかす,生かす,"to revive, to resuscitate, to make use of",N1
1585060,いかずち,雷,thunder,N1
1466970,いかに,如何に,"how?, in what way?, how much?, however, whatever",N1
1000660,いかにも,如何にも,"indeed, really, phrase meaning agreement",N1
1445670,いかり,怒り,"anger, hatred",N1
2859682,いかる,怒る,"to get angry, to be angry",N1
1585360,いがむ,歪む,"to warp, to swerve, to deflect, to be crooked, to be distorted, to be bent, to incline, to slant, to be perv",N1
1372410,いき,粋,"chic, style, purity, essence",N1
1160500,いきがい,域外,outside the area,N1
1156450,いきごむ,意気込む,to be enthusiastic about,N1
1251120,いきさつ,経緯,"1. details, whole story, sequence of events, particulars, how it started, how things got this way, 2. c",N1
1578800,いきちがい,行き違い,"misunderstanding, estrangement, disagreement, crossing without meeting, going astray",N1
1282000,いきなり,行き成り,suddenly,N1
1157580,いぎ,異議,"objection, dissent, protest",N1
1587140,いくさ,軍,"war, battle, campaign, fight",N1
1587140,いくさ,戦,"war, battle, campaign, fight",N1
1587150,いくせい,育成,"rearing, training, nurture, cultivation, promotion",N1
1220040,いくた,幾多,"many, numerous",N1
1587190,いける,活ける,to arrange (flowers),N1
1157640,いけん,異見,"different opinion, objection",N1
1587200,いこう,意向,"intention, idea, inclination",N1
1158240,いこう,移行,switching over to,N1
1000750,いざ,,"now, come (now), well, crucial moment",N1
1702990,いしぶみ,碑,stone monument bearing an inscription,N1
1158760,いしょう,衣装,"clothing, costume, outfit, garment, dress",N1
1156720,いじ,意地,"disposition, spirit, willpower, obstinacy, backbone, appetite",N1
1195140,いじめる,苛める,"to tease, to torment, to persecute, to chastise",N1
1158280,いじゅう,移住,"migration, immigration",N1
1560700,いじる,弄る,"to touch, to tamper with",N1
1566210,いずれ,何れ,"where, which, who, anyway, anyhow, at any rate",N1
1157860,いせい,異性,the opposite sex,N1
1159380,いせき,遺跡,historic ruins (remains relics),N1
1155650,いぜん,依然,"still, as yet",N1
1575870,いそん,依存,"dependence, dependent, reliance",N1
1156160,いたく,委託,"consign (goods (for sale) to a firm), entrust (person with something), commit",N1
1430200,いただき,頂,"(top of) head, summit, spire",N1
1410800,いただきます,戴きます,expression of gratitude before meals,N1
1311850,いたって,至って,"very much, exceedingly, extremely",N1
1432710,いたむ,痛む,"to hurt, to feel a pain, to be injured",N1
1432720,いためる,痛める,"to hurt, to injure, to cause pain, to worry, to bother, to afflict, to be grieved over",N1
1568920,いためる,炒める,to stir-fry,N1
1560240,いたわる,労る,"to pity, to sympathize with, to console, to care for, to be kind to",N1
1587310,いち,位地,"place, situation, position, location",N1
1587320,いちいち,一々,"one by one, separately",N1
1161390,いちがいに,一概に,"unconditionally, as a rule",N1
1727890,いちげん,一見,"unfamiliar, never before met",N1
1575990,いちげん,一言,single word,N1
1576260,いちじつ,一日,"1. one day, 2. first of month",N1
2859332,いちじょう,一定,"fixed, settled, definite, uniform, regularized, defined, standardized, certain, prescribed",N1
1427070,いちじるしい,著しい,"remarkable, considerable",N1
1165340,いちどう,一同,"all present, all concerned, all of us",N1
1576150,いちにん,一人,one person,N1
1166180,いちぶ,一部,"1. one copy e.g. of a document, 2. a part, partly, some",N1
1166200,いちぶぶん,一部分,a part,N1
1166400,いちべつ,一別,parting,N1
1166870,いちめん,一面,"one side, one phase, front page, the other hand, the whole surface",N1
2810460,いちもく,一目,"a glance, a look, a glimpse",N1
1167130,いちよう,一様,"uniformity, evenness, similarity, equality, impartiality",N1
1167250,いちりつ,一律,"evenness, uniformity, monotony, equality",N1
1167450,いちれん,一連,"a series, a chain, a ream (of paper)",N1
1161470,いっかつ,一括,"all together, batch, one lump, one bundle, summing up",N1
1161720,いっき,一気,drink!(said repeatedly as a party cheer),N1
1609220,いっきょに,一挙に,"at a stroke, with a single swoop",N1
1164170,いっさい,一切,"all, everything, without exception, the whole, entirely, absolutely",N1
1163580,いっしん,一心,"one mind, wholeheartedness, the whole heart",N1
2613280,いっそ,,"rather, sooner, might as well",N1
1164570,いったい,一帯,"a region, a zone, the whole place",N1
1165660,いっぱい,一敗,one defeat,N1
1166420,いっぺん,一変,"complete change, about-face",N1
1577130,いつでも,何時でも,"(at) any time, always, at all times, never (neg), whenever",N1
1188850,いつのまにか,何時の間にか,"before one knows, unnoticed, unawares",N1
1188880,いつまでも,何時までも,"forever, for good, eternally, as long as one likes, indefinitely",N1
1156690,いと,意図,"intention, aim, design",N1
1173420,いとなむ,営む,"to carry on (e.g. in ceremony), to run a business",N1
2858986,いとま,暇,"free time, leisure, leave, spare time, farewell",N1
1157970,いどう,異動,a change,N1
1428230,いどむ,挑む,"to challenge, to contend for, to make love to",N1
1167850,いなびかり,稲光,(flash of) lightning,N1
1265040,いにしえ,古,"antiquity, ancient times",N1
1222760,いのり,祈り,"prayer, supplication",N1
1575480,いびき,鼾,snoring,N1
1289150,いまさら,今更,"now, at this late hour",N1
1527110,いまだ,未だ,"as yet, hitherto, not yet (neg)",N1
1158440,いみん,移民,"emigration, immigration, emigrant, immigrant",N1
1587620,いやいや,厭々,"unwillingly, grudgingly, shaking head in refusal (to children)",N1
1482660,いやしい,卑しい,"greedy, vulgar, shabby, humble, base, mean, vile",N1
1000910,いやに,嫌に,"awfully, terribly",N1
1257270,いやらしい,厭らしい,"detestable, disagreeable",N1
1587670,いよいよ,愈々,"more and more, all the more, increasingly, at last, beyond doubt",N1
1587690,いよく,意欲,"will, desire, ambition",N1
1587700,いらいら,苛々,"getting nervous, irritation",N1
1582820,いりくち,入口,"entrance, gate, approach, mouth",N1
1158830,いりょう,衣料,clothing,N1
1587770,いりょく,威力,"power, might, authority, influence",N1
1465580,いる,入る,"to get in, to go in, to come in, to flow into, to set, to set in",N1
1613280,いるい,衣類,"clothes, clothing, garments",N1
1587850,いろいろ,色々,various,N1
1158150,いろん,異論,"different opinion, objection",N1
1343150,いわゆる,所謂,"the so-called, so to speak",N1
1168050,いん,印,"seal, stamp, mark, print",N1
1168610,いん,員,member,N1
1168120,いんかん,印鑑,"stamp, seal",N1
1170280,いんき,陰気,"gloom, melancholy",N1
1170690,いんきょ,隠居,"retirement, retired person",N1
1352700,うえした,上下,"high and low, up and down, unloading and loading, praising and blaming",N1
1497430,うかぶ,浮かぶ,"to float, to rise to surface, to come to mind",N1
1329580,うかる,受かる,to pass (examination),N1
2797680,うがい,含嗽,"gargle, rinse mouth",N1
1329660,うけいれ,受け入れ,"receiving, acceptance",N1
1329670,うけいれる,受け入れる,"to accept, to receive",N1
1329600,うけつぐ,受け継ぐ,"to inherit, to succeed, to take over",N1
1329690,うけつける,受け付ける,"to be accepted, to receive (an application)",N1
1329630,うけとめる,受け止める,"to catch, to stop the blow, to react to, to take",N1
1329770,うけとり,受け取り,receipt,N1
1329860,うけみ,受身,"passive, passive voice",N1
1451180,うごき,動き,"movement, activity, trend, development, change",N1
1428620,うしお,潮,tide,N1
1311010,うじ,氏,family name,N1
1172310,うず,渦,swirl,N1
1584340,うずまる,埋まる,"to be buried, to be surrounded, to overflow, to be filled",N1
1172460,うそつき,嘘つき,"liar (sometimes said with not much seriousness), fibber",N1
1588140,うちあわせ,打ち合わせ,"business meeting, previous arrangement, appointment",N1
1588150,うちあわせる,打ち合わせる,"to knock together, to arrange",N1
1408720,うちきる,打ち切る,"to stop, to abort, to discontinue, to close",N1
1588200,うちけし,打ち消し,"negation, denial, negative",N1
1581440,うちこむ,打ち込む,"to drive in (e.g. nail stake), to devote oneself to, to shoot into, to smash, to throw into, to cast int",N1
1419250,うちわ,団扇,fan,N1
1459360,うちわけ,内訳,"the items, breakdown, classification",N1
1397710,うったえ,訴え,"lawsuit, complaint",N1
1568430,うっとうしい,鬱陶しい,"gloomy, depressing",N1
1321790,うつし,写し,"copy, duplicate, facsimile, transcript",N1
1588340,うつろ,空ろ,"blank, cavity, hollow, empty (space)",N1
1218880,うつわ,器,"bowl, vessel, container",N1
1172100,うてん,雨天,rainy weather,N1
1562890,うでまえ,腕前,"ability, skill, facility",N1
1574470,うどん,饂飩,noodles (Japanese),N1
1403760,うながす,促す,"to urge, to press, to suggest, to demand, to stimulate, to quicken, to incite, to invite (attention to)",N1
1565300,うなる,唸る,"to groan, to moan, to roar, to howl, to growl, to hum, to buzz, to sough",N1
1317730,うぬぼれ,自惚れ,"pretension, conceit, hubris",N1
1310460,うまい,甘い,delicious,N1
1378770,うまれつき,生まれつき,"by nature, by birth, native",N1
1201830,うみじ,海路,sea route,N1
1588410,うむ,産む,"to give birth, to deliver, to produce",N1
1524520,うめこむ,埋め込む,to bury,N1
1473500,うめぼし,梅干,dried plum,N1
1525230,うら,末,"top end, tip",N1
1550620,うらがえし,裏返し,"inside out, upside down",N1
1588530,うりだし,売り出し,(bargain) sale,N1
1473860,うりだす,売り出す,"to put on sale, to market, to become popular",N1
1341790,うるおう,潤う,"to be moist, to be damp, to get wet, to profit by, to be watered, to receive benefits, to favor, to charm, t",N1
1481920,うるさい,五月蝿い,"noisy, loud, fussy",N1
1588590,うれゆき,売れ行き,sales,N1
1497450,うわき,浮気,"flighty, fickle, wanton, unfaithful",N1
1580400,うわて,上手,"1. upper part, upper stream, left side (of a stage), 2. skillful (only in comparisons), dexterity (on",N1
1352770,うわまわる,上回る,to exceed,N1
1357260,うわる,植わる,to be planted,N1
1172690,うんえい,運営,"management, administration, operation",N1
1001110,うんざり,,"tedious, boring, being fed up with",N1
1588620,うんそう,運送,"shipping, marine transportation",N1
1172820,うんちん,運賃,"freight rates, shipping expenses, fare",N1
1588630,うんぬん,云々,"and so on, and so forth, comment",N1
1173010,うんぱん,運搬,"transport, carriage",N1
1173030,うんめい,運命,fate,N1
1173050,うんゆ,運輸,transportation,N1
1173090,うんよう,運用,"making use of, application, investment, practical use",N1
1198160,え,会,understanding,N1
1335730,え,重,"-fold, -ply",N1
1001130,えい,鱝,ray (fish),N1
1173780,えいしゃ,映写,projection,N1
1174530,えいじ,英字,English letter (character),N1
1174790,えいせい,衛生,"health, hygiene, sanitation, medical",N1
1173800,えいぞう,映像,"reflection, image",N1
1174680,えいゆう,英雄,"hero, great man",N1
1174970,えき,液,"liquid, fluid",N1
1537960,えき,役,"war, campaign, battle",N1
1175380,えつらん,閲覧,"inspection, reading",N1
1205760,えもの,獲物,"game, spoils, trophy",N1
1588750,えり,襟,"neck, collar, lapel, neckband",N1
1177490,えん,縁,"chance, fate, destiny, relation, bonds, connection, karma",N1
2847901,えん,塩,salt,N1
1615260,えん,艶,"charming, fascinating, voluptuous",N1
2854424,えん,園,garden (esp. man-made),N1
1576570,えんかつ,円滑,"harmony, smoothness",N1
1177630,えんがわ,縁側,"veranda, porch, balcony, open corridor",N1
1176740,えんがん,沿岸,"coast, shore",N1
1566060,えんきょく,婉曲,"euphemistic, circumlocution, roundabout, indirect, insinuating",N1
1176930,えんしゅう,演習,"practice, exercises, manoeuvers",N1
1176950,えんしゅつ,演出,"production (e.g. play), direction",N1
1176780,えんじる,演じる,"to perform (a play), to play (a part), to act (a part), to commit (a blunder)",N1
1176790,えんずる,演ずる,"to perform, to play",N1
1176750,えんせん,沿線,along railway line,N1
1177650,えんだん,縁談,"marriage proposal, engagement",N1
1178340,えんぽう,遠方,"long way, distant place",N1
1176200,えんまん,円満,"perfection, harmony, peace, smoothness, completeness, satisfaction, integrity",N1
1485770,お,尾,"tail, ridge",N1
,お,於,"at, in, on",N1
1179140,おい,甥,nephew,N1
1432330,おいこむ,追い込む,"to herd, to corner, to drive",N1
1486650,おいしい,美味しい,"delicious, tasty",N1
1432350,おいだす,追い出す,"to expel, to drive out",N1
1178920,おいて,於いて,"at, in, on",N1
1001180,おいでになる,お出でになる,to be,N1
1560990,おいる,老いる,"to age, to grow old",N1
1497930,おう,負う,"to bear, to owe",N1
1179880,おうきゅう,応急,emergency,N1
1181860,おうごん,黄金,gold,N1
1576760,おうしょく,黄色,yellow,N1
1180030,おうぼ,応募,"subscription, application",N1
2853873,おおい,,hey!,N1
1415020,おおかた,大方,"perhaps, almost all, majority",N1
1414980,おおがら,大柄,"large build, large pattern",N1
1588890,おおげさ,大げさ,"grandiose, exaggerated",N1
2833293,おおごと,大事,"important, valuable, serious matter",N1
1412950,おおざっぱ,大ざっぱ,"rough (as in not precise), broad, sketchy",N1
1413490,おおすじ,大筋,"outline, summary",N1
1413510,おおぞら,大空,"heaven, firmament, the sky",N1
1414870,おおはば,大幅,"full width, large scale, drastic",N1
1414210,おおみず,大水,flood,N1
1273170,おおやけ,公,"official, public, formal, open, governmental",N1
1001640,おかげ,お蔭,"(your) backing, assistance",N1
1270220,おかげさまで,お蔭様で,"Thanks to god, thanks to you",N1
1190860,おかしい,可笑しい,"strange, funny, amusing, ridiculous",N1
1481550,おかす,犯す,"to commit, to perpetrate, to violate, to rape",N1
1359800,おかす,侵す,"to invade, to raid, to trespass, to violate, to intrude on",N1
1588930,おかず,お菜,"side dish, accompaniment for rice dishes",N1
1182790,おくびょう,臆病,"cowardice, timidity",N1
1422000,おくらす,遅らす,"to retard, to delay",N1
1422020,おくれ,遅れ,"delay, lag",N1
1223660,おこす,起こす,"to raise, to cause, to wake someone",N1
1589050,おこない,行い,"deed, conduct, behavior, action, asceticism",N1
1262520,おごそか,厳か,"austere, majestic, dignified, stately, awful, impressive",N1
2857913,おごる,傲る,to be proud,N1
2647190,おさ,長,"chief, head",N1
1589080,おさえる,押さえる,"to stop, to restrain, to seize, to repress, to suppress, to press down",N1
1002280,おさきに,お先に,"before, ahead, previously",N1
1330490,おさまる,収まる,"to be obtained, to end, to settle into, to fit into, to be settled, to be paid, to be delivered",N1
1330490,おさまる,納まる,"to be obtained, to end, to settle into, to fit into, to be settled, to be paid, to be delivered",N1
1316820,おさまる,治まる,"to be at peace, to clamp down, to lessen (storm terror anger)",N1
1001960,おさん,お産,(giving) birth,N1
1236890,おしえ,教え,"teachings, precept, lesson, doctrine",N1
1180260,おしこむ,押し込む,"to push into, to crowd into",N1
1382300,おしむ,惜しむ,"to be frugal, to value, to regret",N1
1002450,おしゃべり,お喋り,"chattering, talk, idle talk, chat, chitchat, gossip, chatty, talkative, chatterbox, blabbermouth",N1
1002770,おしゃれ,お洒落,"smartly dressed, someone smartly dressed, fashion-conscious",N1
1180190,おしよせる,押し寄せる,"to push aside, to advance on",N1
1002320,おじいさん,お祖父さん,"grandfather, male senior-citizen",N1
1002050,おじゃまします,お邪魔します,Excuse me for disturbing (interrupting) you,N1
1589190,おす,雄,male (animal),N1
1002250,おせじ,お世辞,"flattery, compliment",N1
1333330,おそう,襲う,to attack,N1
1421990,おそくとも,遅くとも,at the latest,N1
1236650,おそらく,恐らく,perhaps,N1
1236660,おそれ,恐れ,"fear, horror",N1
1236680,おそれいる,恐れ入る,"to be filled with awe, to feel small, to be amazed, to be surprised, to be disconcerted, to be sorry, to b",N1
1002390,おだいじに,お大事に,Take care of yourself,N1
1391600,おだてる,煽てる,"to stir up, to instigate, to flatter",N1
1548570,おちこむ,落ち込む,"to fall into, to feel down (sad)",N1
1548590,おちつき,落ち着き,"calm, composure",N1
1585070,おちば,落ち葉,"fallen leaves, leaf litter, defoliation, shedding leaves",N1
1548550,おちる,落ちる,"to fail (e.g. exam), to fall down, to drop",N1
1001330,おっかない,,"frightening, huge",N1
1238840,おっしゃる,仰っしゃる,"to say, to speak, to tell, to talk",N1
1182940,おつ,乙,"1. strange, quaint, stylish, chic, spicy, queer, witty, tasty, romantic, 2. 2nd in rank, second sign of the",N1
1001980,おつかい,お使い,errand,N1
1002080,おてあげ,お手上げ,"all over, given in, given up hope, bring to knees",N1
1002100,おてあらい,御手洗い,"toilet, restroom, lavatory, bathroom (US)",N1
2837087,おと,弟,younger brother,N1
1589260,おとす,落とす,"to drop, to lose, to let fall",N1
1518080,おとずれる,訪れる,to visit,N1
1414190,おとなしい,大人しい,"obedient, docile, quiet",N1
2855480,おとめ,少女,"daughter, young lady, virgin, maiden, little girl",N1
1001810,おとも,お供,"attendant, companion",N1
1372430,おとろえる,衰える,"to become weak, to decline, to wear, to abate, to decay, to wither, to waste away",N1
1001400,おどおど,,"coweringly, hesitantly",N1
1578070,おどかす,脅かす,"to threaten, to coerce",N1
1238070,おどす,脅す,"to threaten, to menace",N1
1238660,おどろき,驚き,"surprise, astonishment, wonder",N1
1451740,おないどし,同い年,of the same age,N1
2858064,おなご,女子,"woman, girl",N1
1001720,おねがいします,お願いします,please,N1
2826190,おのおの,各,"each, every, either, respectively, severally",N1
1317330,おのずから,自ずから,"naturally, as a matter of course",N1
1612820,おはよう,お早う,Good morning,N1
1002330,おばあさん,お祖母さん,"grandmother, female senior-citizen",N1
1236630,おびえる,怯える,"to become frightened, to have a nightmare",N1
1565840,おびただしい,夥しい,"abundantly, innumerably",N1
1410430,おびる,帯びる,"to wear, to carry, to be entrusted, to have, to take on, to have a trace of, to be tinged with",N1
1206040,おぼえ,覚え,"memory, sense, experience",N1
1694410,おまけ,御負け,"1. a discount, a prize, 2. something additional, bonus, an extra, 3. an exaggeration",N1
1002120,おまわりさん,お巡りさん,policeman (friendly term),N1
1001790,おみや,お宮,Shinto shrine,N1
1270830,おむつ,お襁褓,"diaper, nappy",N1
1584680,おも,面,face,N1
1309380,おもいつき,思い付き,"plan, idea, suggestion",N1
1533580,おもしろい,面白い,"interesting, amusing",N1
1217070,おもちゃ,玩具,toy,N1
1589400,おもなる,重なる,"main, principal, important",N1
1328960,おもむき,趣,"meaning, tenor, gist, effect, appearance, taste, grace, charm, refinement",N1
1498190,おもむく,赴く,"to go, to proceed, to repair to, to become",N1
1336770,おもやく,重役,"heavy responsibilities, director",N1
1335940,おもんじる,重んじる,"to respect, to honor, to esteem, to prize",N1
1335950,おもんずる,重んずる,"to honor, to respect, to esteem, to prize",N1
1612680,おやすみ,お休み,"holiday, absence, rest, Good night",N1
1589430,おやつ,お八つ,"1. (uk) between meal snack, afternoon refreshment, afternoon tea, 2. mid-day snack",N1
1523450,およそ,凡そ,"about, roughly, as a rule, approximately",N1
1228140,および,及び,"and, as well as",N1
1228170,およぶ,及ぶ,"to reach, to come up to, to amount to, to befall, to happen to, to extend, to match, to equal",N1
1929820,おり,織,"weave, weaving, woven item",N1
1568410,おり,檻,"cage, pen, jail cell",N1
1385900,おりかえす,折り返す,"to turn up, to fold back",N1
1357450,おりもの,織物,"textile, fabric",N1
1357420,おる,織る,to weave,N1
1576870,おれ,俺,I (ego) (boastful first-person pronoun),N1
1245100,おろか,愚か,"foolish, stupid",N1
1396630,おろそか,疎か,"neglect, negligence, carelessness",N1
1589600,おわる,終わる,"to finish, to close",N1
1576910,ねいろ,音色,"tone color, tone quality, timbre, synthesizer patch",N1
1589620,おんわ,温和,"gentle, mild, moderate",N1
,か,仮,"tentative, provisional",N1
1192680,か,科,"department, section",N1
2220320,か,個,article counter,N1
1184480,かい,下位,"low rank, subordinate, lower order (e.g. byte)",N1
1203020,かい,階,"-floor (counter), stories",N1
1200760,かいあく,改悪,"deterioration, changing for the worse",N1
1201230,かいうん,海運,"maritime, marine transportation",N1
1200780,かいかく,改革,"reform, reformation, innovation",N1
1203130,かいがら,貝殻,shell,N1
1203040,かいきゅう,階級,"class, rank, grade",N1
1201320,かいきょう,海峡,channel,N1
1198500,かいけん,会見,"interview, audience",N1
1198060,かいご,介護,nursing,N1
1202710,かいさい,開催,"holding a meeting, open an exhibition",N1
1199470,かいしゅう,回収,"collection, recovery",N1
1200880,かいしゅう,改修,"repair, improvement",N1
1200280,かいじゅう,怪獣,monster,N1
1199030,かいじょ,解除,"cancellation, rescinding, release, calling off",N1
1199610,かいそう,回送,forwarding,N1
1203080,かいそう,階層,"class, level, stratum, hierarchy",N1
1202830,かいたく,開拓,"reclamation (of wasteland), cultivation, pioneer",N1
1198760,かいだん,会談,"conversation, conference, discussion, interview",N1
1201040,かいてい,改定,reform,N1
1201060,かいてい,改訂,revision,N1
1204650,かいどう,街道,highway,N1
1198110,かいにゅう,介入,intervention,N1
1202880,かいはつ,開発,"development, exploitation",N1
1201700,かいばつ,海抜,height above sea level,N1
1198130,かいほう,介抱,"nursing, looking after",N1
1199270,かいぼう,解剖,"dissection, autopsy",N1
1199800,かいらん,回覧,circulation,N1
1201820,かいりゅう,海流,ocean current,N1
1201140,かいりょう,改良,"improvement, reform",N1
1199830,かいろ,回路,circuit (electric),N1
1267870,かえりみる,顧みる,"to look back, to turn around, to review",N1
2836356,かえりみる,省みる,to reflect,N1
1512150,かえる,返る,"to return, to come back, to go back",N1
1217850,かおつき,顔付き,"(outward) looks, features, face, countenance, expression",N1
1250600,かかげる,掲げる,"to publish, to print, to carry (an article), to put up, to hang out, to hoist, to fly (a sail), to float (a",N1
1573310,かかと,踵,(shoe) heel,N1
1589840,かかり,係り,"official, duty, person in charge",N1
1195750,かがい,課外,extracurricular,N1
1589970,かきとり,書き取り,dictation,N1
1343780,かきとる,書き取る,"to write down, to take dictation, to take notes",N1
1399880,かきまわす,掻き回す,"to stir up, to churn, to ransack, to disturb",N1
1253900,かく,欠く,"to lack, to break, to crack, to chip",N1
1206100,かく,角,"1. angle, 2. bishop (shogi)",N1
1205510,かく,核,"nucleus, kernel",N1
1205270,かく,格,"status, character, case",N1
1189710,かく,佳句,beautiful passage of literature,N1
1197050,かく,画,stroke,N1
1205340,かくさ,格差,"qualitative difference, disparity",N1
1205180,かくさん,拡散,"scattering, diffusion",N1
1205040,かくしゅ,各種,"every kind, all sorts",N1
1607110,かくしゅう,隔週,every other week,N1
1205870,かくしん,確信,"conviction, confidence",N1
1206470,かくしん,革新,"reform, innovation",N1
1205880,かくてい,確定,"definition (math), decision, settlement",N1
1205750,かくとく,獲得,"acquisition, possession",N1
1205920,かくほ,確保,"guarantee, ensure, maintain, insure, secure",N1
1206500,かくめい,革命,revolution,N1
1206030,かくりつ,確立,establishment,N1
1590040,かけ,賭け,"betting, gambling, a gamble",N1
1207600,かけ,掛け,credit,N1
1244800,かけあし,駆け足,"running fast, double time",N1
1191910,かけい,家計,"household economy, family finances",N1
1244710,かけっこ,駆けっこ,(foot) race,N1
1570710,かける,翔る,"to run (race esp. horse), to gallop, to canter",N1
1244720,かける,駆ける,"to run (race esp. horse), to gallop, to canter",N1
1444840,かける,賭ける,"to wager, to bet, to risk, to stake, to gamble",N1
1194480,かげつ,ヶ月,#NAME?,N1
1190120,かこう,加工,"manufacturing, processing, treatment",N1
1186980,かごう,化合,chemical combination,N1
1372890,かさばる,嵩張る,"to be bulky, to be unwieldy, to grow voluminous",N1
1372880,かさむ,嵩む,"to pile up, to increase",N1
1583710,かざぐるま,風車,"1. windmill, 2. pinwheel",N1
1002790,かしこまりました,畏まりました,certainly!,N1
2764440,かしゃ,華奢,"luxury, pomp, delicate, slender, gorgeous",N1
1590250,かしょ,箇所,"passage, place, point, part",N1
2859761,かしょう,火傷,"burn, scald",N1
1590280,かじょうがき,箇条書き,"itemized form, itemization",N1
1610640,かじる,噛る,"to chew, to bite (at), to gnaw, to nibble, to munch, to crunch, to have a smattering of",N1
1590290,かすか,微か,"faint, dim, weak, indistinct, hazy, poor, wretched",N1
1196520,かすむ,霞む,"to grow hazy, to be misty",N1
1186740,かする,化する,"to change into, to convert into, to transform, to be reduced, to influence, to improve (someone)",N1
1636530,かする,擦る,"to touch lightly, to take a percentage (from)",N1
1194060,かせい,火星,Mars (planet),N1
1187210,かせき,化石,"fossil, petrifaction, fossilization",N1
1193520,かせん,河川,rivers,N1
1187250,かせん,化繊,synthetic fibres,N1
1196220,かそ,過疎,depopulation,N1
1196230,かた,過多,"excess, superabundance",N1
1582640,かたい,難い,"difficult, hard",N1
1590350,かたおもい,片思い,unrequited love,N1
1577915,かたき,敵,"enemy, rival",N1
1222250,かたぎ,気質,"spirit, character, trait, temperament, disposition",N1
1511640,かたこと,片言,"a smattering, talk like a baby, speak haltingly",N1
1511780,かたづけ,片付け,"tidying up, finishing",N1
1578210,かたぶく,傾く,"to incline toward, to slant, to lurch, to heel over, to be disposed to, to trend toward, to be prone to, to",N1
1249420,かたむける,傾ける,"to incline, to list, to bend, to lean, to tip, to tilt, to slant, to concentrate on, to ruin (a country), to",N1
1266570,かためる,固める,"to harden, to freeze, to fortify",N1
1590420,かたよる,偏る,"to be one-sided, to incline, to be partial, to be prejudiced, to lean, to be biased",N1
1590440,かたわら,傍ら,"beside(s), while, nearby",N1
1195820,かだい,課題,"subject, theme, task",N1
1590460,かだん,花壇,flower bed,N1
1192240,かちく,家畜,"domestic animals, livestock, cattle",N1
1197170,かっき,画期,epoch-making,N1
1208410,かっぱつ,活発,"vigor, active",N1
1208840,かつ,且つ,"yet, and",N1
,かつ,割,"divide, cut, halve, separate, split, rip, break, crack, smash, dilute",N1
1581210,かつて,嘗て,"once, ever",N1
1584800,かど,門,gate,N1
1208870,かなう,叶う,to come true (wish),N1
1208880,かなえる,叶える,to grant (request wish),N1
1779760,かなづち,金槌,"1. (iron) hammer, 2. punishment",N1
1682400,かなぼう,鉄棒,"iron rod, crowbar, horizontal bar (gymnastics)",N1
1590560,かなり,可成,"considerably, fairly, quite",N1
1190430,かにゅう,加入,"becoming a member, joining, entry, admission, subscription, affiliation, adherence, signing",N1
1578130,かねぐら,金庫,"safe, vault, treasury, provider of funds",N1
2826481,かねごと,予言,"prediction, promise, prognostication",N1
1542850,かねて,兼ねて,simultaneously,N1
1186150,かばん,下番,going off duty,N1
1195610,かび,華美,"pomp, splendor, gaudiness",N1
1194890,かふん,花粉,pollen,N1
1208970,かぶしき,株式,stock (company),N1
1222350,かぶれる,気触れる,"to react to, to be influenced by, to go overboard for",N1
1195930,かへい,貨幣,"money, currency, coinage",N1
1279690,かまえ,構え,"posture, pose, style",N1
1279700,かまえる,構える,to set up,N1
1190570,かみ,加味,"seasoning, flavoring",N1
1209200,かみきる,噛み切る,"to bite off, to gnaw through",N1
1196460,かみつ,過密,crowded,N1
1491110,かめ,瓶,earthenware pot,N1
1002970,かもしれない,かも知れない,"may, might, perhaps, may be, possibly",N1
1209350,かゆ,粥,(rice) gruel,N1
1569570,かゆい,痒い,"itchy, itching",N1
1567650,からかう,揶揄う,"to ridicule, to tease, to banter with, to make fun of",N1
1409140,からだ,身体,the body,N1
1409680,からだつき,体付き,"body build, figure",N1
1548520,からむ,絡む,"to entangle, to entwine",N1
1323540,かり,借り,"borrowing, debt, loan",N1
1186520,かり,下吏,lower official,N1
1590710,カルタ,加留多,(pt:) (n) playing cards (pt: carta),N1
1568740,かれる,涸れる,"to dry up, to run out",N1
1196490,かろう,過労,"overwork, strain",N1
1365870,かろうじて,辛うじて,"barely, narrowly, just manage to do st",N1
1581310,かわ,側,"side, row, surroundings, part, (watch) case",N1
1577200,かわいい,可愛い,"pretty, cute, lovely, charming, dear, darling, pet",N1
1190730,かわいがる,可愛がる,"to love, to be affectionate",N1
1590740,かわいそう,可哀想,"poor, pitiable, pathetic",N1
1190740,かわいらしい,可愛らしい,"lovely, sweet",N1
1590750,かわす,交わす,"to exchange (messages), to dodge, to parry, to avoid, to turn aside",N1
1590820,かわる,代わる,"to take the place of, to relieve, to be substituted for, to be exchanged, to change places with, to take",N1
1590830,かわるがわる,代わる代わる,alternately,N1
,かん,乾,"heaven, emperor",N1
1577650,かん,管,"pipe, tube",N1
1577640,かん,幹,(tree) trunk,N1
1577620,かん,冠,"crown, diadem, first, best, peerless, cap, naming, designating, initiating on coming of age, top character ra",N1
1214770,かん,観,"look, appearance, spectacle",N1
1929870,かん,館,"house, hall, building, hotel, inn, guesthouse",N1
1214270,かんい,簡易,"simplicity, easiness, quasi-",N1
1212310,かんがい,感慨,"strong feelings, deep emotion",N1
2866134,かんき,寒気,"cold, frost, chill",N1
1214290,かんけつ,簡潔,"brevity, conciseness, simplicity",N1
1215130,かんげん,還元,"resolution, reduction, return to origins",N1
1210570,かんこう,刊行,"publication, issue",N1
1212680,かんこう,慣行,"customary practice, habit, traditional event",N1
1210970,かんこく,勧告,"advice, counsel, remonstrance, recommendation",N1
1213810,かんご,看護,"nursing, (army) nurse",N1
1213150,かんご,漢語,"Chinese word, Sino-Japanese word",N1
1212820,かんさん,換算,"conversion, change, exchange",N1
1213680,かんし,監視,"observation, guarding, inspection, surveillance",N1
1212700,かんしゅう,慣習,usual (historical) custom,N1
1214930,かんしゅう,観衆,"spectators, onlookers, members of the audience",N1
1212050,かんしょう,干渉,"interference, intervention",N1
1212440,かんしょく,感触,"sense of touch, feeling, sensation",N1
1590870,かんじん,肝心,"essential, fundamental, crucial, vital, main",N1
1213000,かんせい,歓声,"cheer, shout of joy",N1
1212470,かんせん,感染,"infection, contagion",N1
1212140,かんせん,幹線,"main line, trunk line",N1
1215930,かんぜい,関税,"customs, duty, tariff",N1
1214300,かんそ,簡素,"simplicity, plain",N1
1215000,かんてん,観点,point of view,N1
1212550,かんど,感度,"sensitivity, severity (quake)",N1
1212170,かんぶ,幹部,"management, (executive) staff, leaders",N1
1210870,かんべん,勘弁,"pardon, forgiveness, forbearance",N1
1590970,かんぺき,完璧,"perfection, completeness, flawless",N1
1212620,かんむりょう,感無量,"deep feeling, inexpressible feeling, filled with emotion",N1
1211120,かんゆう,勧誘,"invitation, solicitation, canvassing, inducement, persuasion, encouragement",N1
1216050,かんよ,関与,"participation, taking part in, participating in, being concerned in",N1
1212720,かんよう,慣用,"common, customary",N1
1211970,かんよう,寛容,"forbearance, tolerance, generosity",N1
1215040,かんらん,観覧,viewing,N1
1211860,かんりょう,官僚,"bureaucrat, bureaucracy",N1
1212750,かんれい,慣例,"custom, precedent, of convention",N1
1215160,かんれき,還暦,60th birthday,N1
1215110,かんろく,貫禄,"presence, dignity",N1
1214530,かんわ,緩和,"relief, mitigation",N1
,がい,蓋,"cover, lid, cap",N1
1204570,がい,街,"~street, ~quarters",N1
1203410,がいか,外貨,"imported goods, foreign money",N1
1203460,がいかん,外観,"appearance, exterior, facade",N1
1203940,がいしょう,外相,Foreign Minister,N1
1609490,がいする,害する,"to injure, to damage, to harm, to kill, to hinder",N1
1204470,がいせつ,概説,"general statement, outline",N1
1204700,がいとう,該当,"corresponding, answering to, coming under",N1
1204640,がいとう,街頭,in the street,N1
1204480,がいねん,概念,"general idea, concept, notion",N1
1204240,がいらい,外来,"imported, outpatient clinic",N1
1204510,がいりゃく,概略,"outline, summary, gist, in brief",N1
1206720,がくげい,学芸,"arts and sciences, liberal arts",N1
1206760,がくし,学士,university graduate,N1
1206950,がくせつ,学説,theory,N1
1207490,がくふ,楽譜,score (music),N1
1207200,がくれき,学歴,academic background,N1
1204380,がけ,崖,cliff,N1
1197950,がち,雅致,"artistry, good taste, elegance, grace",N1
1003190,がっくり,,heartbroken,N1
1284870,がっしょう,合唱,"chorus, singing in a chorus",N1
1003200,がっしり,,"firmly, solidly, tough",N1
1285100,がっち,合致,"agreement, concurrence, conforming to",N1
1003210,がっちり,,"solidly built, tightly, shrewd, calculating",N1
1609580,がっぴ,月日,(the) date,N1
1578970,がっぺい,合併,"combination, union, amalgamation, consolidation, merger, coalition, fusion, annexation, affiliation, incorpor",N1
1631750,がる,,feel,N1
1581310,がわ,側,"side, row, surroundings, part, (watch) case",N1
1217110,がん,癌,cancer,N1
1217150,がんか,眼科,ophthalmology,N1
1217180,がんきゅう,眼球,eyeball,N1
2862467,がんきょう,眼鏡,"spectacles, glasses",N1
1217680,がんこ,頑固,"stubbornness, obstinacy",N1
1218050,がんしょ,願書,written application or petition,N1
1217690,がんじょう,頑丈,"solid, firm, stout, burly, strong, sturdy",N1
1217360,がんせき,岩石,rock,N1
1261020,がんねん,元年,first year (of a specific reign),N1
1577800,がんぶつ,贋物,"imitation, counterfeit, forgery, sham",N1
1261080,がんらい,元来,"originally, primarily, essentially, logically, naturally",N1
1378440,き,生,"pure, undiluted, raw, crude",N1
1220540,き,期,"period, time",N1
1218150,きかく,企画,"planning, project",N1
1222970,きかく,規格,"standard, norm",N1
1423080,きかざる,着飾る,to dress up,N1
1218910,きかん,器官,"organ (of body), instrument",N1
1222810,きかん,季刊,quarterly (e.g. magazine),N1
1218440,きがい,危害,"injury, harm, danger",N1
1222120,きがね,気兼ね,"hesitance, diffidence, feeling constraint, fear of troubling someone, having scruples about doing someth",N1
1222110,きがる,気軽,"cheerful, buoyant, lighthearted",N1
1218450,きき,危機,crisis,N1
1505790,ききとり,聞き取り,listening comprehension,N1
1591070,ききめ,効き目,"effect, virtue, efficacy, impression",N1
1221310,ききょう,帰京,returning to Tokyo,N1
1219020,ききん,基金,"fund, foundation",N1
1220670,きけん,棄権,"abstain from voting, renunciation of a right",N1
1218810,きげき,喜劇,"comedy, funny show",N1
1591140,きげん,起源,"origin, beginning, rise",N1
1220940,きこう,機構,"mechanism, organization",N1
1220350,きこん,既婚,"marriage, married",N1
1223230,きさい,記載,"mention, entry",N1
1222310,きざ,気障,"affectation, conceit, snobbery",N1
1591160,きざし,兆し,"signs, omen, symptoms",N1
1573440,きしむ,軋む,"to jar, to creak, to grate",N1
1222270,きしょう,気象,"weather, climate",N1
1220610,きじつ,期日,"fixed date, settlement date",N1
1223280,きじゅつ,記述,"describing, descriptor",N1
1219410,きすう,奇数,odd number,N1
1422140,きずく,築く,"to build, to pile up, to amass",N1
1591240,きずつく,傷付く,"to be hurt, to be wounded, to get injured",N1
1223010,きせい,規制,regulation,N1
1222730,きせん,汽船,steamship,N1
1577730,きそう,寄贈,"donation, presentation",N1
1223550,きぞく,貴族,"noble, aristocrat",N1
1419120,きたえる,鍛える,"to forge, to drill, to temper, to train, to discipline",N1
1591270,きたる,来る,"to come, to arrive, to be due to, to be next, to be forthcoming",N1
1222670,きだて,気立て,"disposition, nature",N1
1003390,きちっと,,"exactly, perfectly",N1
1564360,きちょうめん,几帳面,"methodical, punctual, steady",N1
1591290,きっかけ,切っ掛け,"chance, start, cue, excuse, motive, impetus, occasion",N1
1003410,きっかり,,"exactly, precisely",N1
1226430,きっさ,喫茶,"tea drinking, tea house",N1
1003420,きっちり,,"precisely, tightly",N1
1003430,きっと,屹度,"1. (uk) surely, undoubtedly, certainly, without fail, 2. sternly, severely",N1
1003440,きっぱり,,"clearly, plainly, distinctly",N1
1223060,きてい,規定,"regulation, provisions",N1
1223860,きてん,起点,starting point,N1
1223980,きどう,軌道,"orbit, railroad track",N1
2397580,きのえ,甲,"1st in rank, first sign of the Chinese calendar, shell, instep, grade A",N1
1222510,きはい,気配,"indication, market trend, worry",N1
1591390,きはん,規範,"model, standard, pattern, norm, criterion, example",N1
1222540,きひん,気品,aroma,N1
1222580,きふう,気風,"character, traits, ethos",N1
1223930,きふく,起伏,undulation,N1
1223090,きぼ,規模,"scale, scope, plan, structure",N1
1591410,きまぐれ,気まぐれ,"whim, caprice, whimsy, fickle, moody, uneven temper",N1
1379150,きまじめ,生真面目,"too serious, person who is too serious, honesty, sincerity",N1
1220620,きまつ,期末,end of term,N1
1254160,きまりわるい,決まり悪い,"feeling awkward, being ashamed",N1
1591420,きまる,決まる,"to be decided, to be settled, to look good in (clothes)",N1
1223430,きめい,記名,"signature, register",N1
1226830,きゃくしょく,脚色,dramatization (e.g. film),N1
1226880,きゃくほん,脚本,scenario,N1
1226690,きゃっかん,客観,objective,N1
1223110,きやく,規約,"agreement, rules, code",N1
1229070,きゅうえん,救援,"relief, rescue, reinforcement",N1
1227660,きゅうがく,休学,"temporary absence from school, suspension",N1
1230040,きゅうきょく,究極,"ultimate, final, eventual",N1
1230080,きゅうくつ,窮屈,"narrow, tight, stiff, rigid, uneasy, formal, constrained",N1
1229950,きゅうこん,球根,(plant) bulb,N1
1229150,きゅうさい,救済,"relief, aid, rescue, salvation, help",N1
1230250,きゅうしょく,給食,"school lunch, providing a meal",N1
1230240,きゅうじ,給仕,"office boy (girl), page, waiter",N1
1227890,きゅうせん,休戦,"truce, armistice",N1
1231060,きゅうち,旧知,"old friend, old friendship",N1
1228470,きゅうでん,宮殿,palace,N1
1230120,きゅうぼう,窮乏,poverty,N1
1227320,きゅうりょう,丘陵,hill,N1
1578040,とも,共,"both, neither (neg), all, and, as well as, including, with, together with, plural ending",N1
1233550,きょうする,供する,"offer, present, submit, serve (a meal), supply",N1
1238700,きょうい,驚異,"wonder, miracle",N1
1236980,きょういん,教員,teaching staff,N1
1237010,きょうか,教科,"subject, curriculum",N1
1235550,きょうかい,協会,"association, society, organization",N1
1234370,きょうかん,共感,"sympathy, response",N1
1234350,きょうがく,共学,coeducation,N1
1235570,きょうぎ,協議,"conference, consultation, discussion, negotiation",N1
1237080,きょうくん,教訓,"lesson, precept, moral instruction",N1
1236000,きょうぐう,境遇,"environment, circumstances",N1
1236270,きょうこう,強行,"forcing, enforcement",N1
1236250,きょうこう,強硬,"firm, vigorous, unbending, unyielding, strong, stubborn",N1
1235440,きょうさく,凶作,"bad harvest, poor crop",N1
1234430,きょうさん,共産,communism,N1
1237110,きょうざい,教材,teaching materials,N1
1237170,きょうしゅう,教習,"training, instruction",N1
1238500,きょうしゅう,郷愁,"nostalgia, homesickness",N1
1237220,きょうしょく,教職,"teaching certificate, the teaching profession",N1
1233280,きょうじゅ,享受,"reception, acceptance, enjoyment, being given",N1
1238180,きょうじる,興じる,"to amuse oneself, to make merry",N1
1236350,きょうせい,強制,"obligation, coercion, compulsion, enforcement",N1
1578050,きょうそん,共存,coexistence,N1
1579490,きょうだい,姉妹,sisters,N1
1235700,きょうちょう,協調,"co-operation, conciliation, harmony, firm (market) tone",N1
1235730,きょうてい,協定,"arrangement, pact, agreement",N1
1238110,きょうはく,脅迫,"threat, menace, coercion, terrorism",N1
1235190,きょうめい,共鳴,"resonance, sympathy",N1
1238540,きょうり,郷里,"birth-place, home town",N1
1236620,きょうれつ,強烈,"strong, intense, severe",N1
1630190,きょうわ,共和,"republicanism, cooperation",N1
1239700,きょく,曲,"tune, piece of music",N1
1239600,きょくげん,局限,"limit, localize",N1
1240380,きょくたん,極端,"extreme, extremity",N1
1231810,きょじゅう,居住,residence,N1
1232390,きょぜつ,拒絶,"refusal, rejection",N1
1232410,きょひ,拒否,"denial, veto, rejection, refusal",N1
1232910,きょよう,許容,"permission, pardon",N1
1232920,きょり,距離,"distance, range",N1
1219810,きよ,寄与,"contribution, service",N1
1378180,きよらか,清らか,"clean, pure, chaste",N1
1222010,きらく,気楽,"at ease, comfortable",N1
1570480,きらびやか,煌びやか,"gorgeous, gaudy, dazzling, gay",N1
1383800,きり,切り,"limits, end, bounds, period, place to leave off, closing sentence, all there is, only, since",N1
1240710,きり,桐,paulownia tree,N1
1591780,きりかえる,切り替える,"to change, to exchange, to convert, to renew, to throw a switch, to replace, to switch over",N1
1222680,きりゅう,気流,atmospheric current,N1
1591900,きれい,奇麗,"pretty, clean, nice, tidy, beautiful, fair",N1
1591930,きれめ,切れ目,"break, pause, gap, end, rift, interruption, cut, section, notch, incision, end (of a task)",N1
1296290,きわ,際,"edge, brink, verge, side",N1
1534870,きわた,木綿,cotton,N1
1240200,きわめて,極めて,"exceedingly, extremely",N1
1592000,きんきん,僅々,"a little, small quantity",N1
1242220,きんがん,近眼,"nearsightedness, shortsightedness, myopia",N1
1241850,きんきゅう,緊急,"urgent, pressing, emergency",N1
1578110,きんきん,近々,"nearness, before long",N1
1242290,きんこう,近郊,"suburbs, outskirts",N1
1241270,きんこう,均衡,"equilibrium, balance",N1
1242320,きんし,近視,shortsightedness,N1
1241470,きんじる,禁じる,to prohibit,N1
1241480,きんずる,禁ずる,"to forbid, to suppress",N1
1241060,きんべん,勤勉,"industry, diligence",N1
1241070,きんむ,勤務,"service, duty, work",N1
1241660,きんもつ,禁物,"taboo, forbidden thing",N1
1241160,きんろう,勤労,"labor, exertion, diligent service",N1
1226010,ぎあん,議案,legislative bill,N1
1225010,ぎきょく,戯曲,"play, drama",N1
1226050,ぎけつ,議決,"resolution, decision, vote",N1
1226090,ぎじどう,議事堂,Diet building,N1
1225450,ぎせい,犠牲,sacrifice,N1
1224580,ぎぞう,偽造,"forgery, falsification, fabrication, counterfeiting",N1
1226130,ぎだい,議題,"topic of discussion, agenda",N1
1225230,ぎのう,技能,"technical skill, ability, capacity",N1
1227170,ぎゃくてん,逆転,"(sudden) change, reversal, turn-around, coming from behind (baseball)",N1
1281690,ぎょう,行,"line, row, verse",N1
1239440,ぎょうしゃ,業者,"trader, merchant",N1
1282010,ぎょうせい,行政,administration,N1
1239460,ぎょうせき,業績,"achievement, performance, results, work, contribution",N1
1239540,ぎょうむ,業務,"business, affairs, duties, work",N1
1921990,ぎょく,玉,king (shogi),N1
1233050,ぎょせん,漁船,fishing boat,N1
1233060,ぎょそん,漁村,fishing village,N1
1225920,ぎり,義理,"duty, sense of duty, honor, decency, courtesy, debt of gratitude, social obligation",N1
1225680,ぎわく,疑惑,"doubt, misgivings, distrust, suspicion",N1
1243390,ぎんみ,吟味,"testing, scrutiny, careful investigation",N1
1244080,く,区,"ward, district, section",N1
1358110,くいちがう,食い違う,"to cross each other, to run counter to, to differ, to clash, to go awry",N1
1246000,くうふく,空腹,hunger,N1
1592110,くかく,区画,"division, section, compartment, boundary, area, block",N1
1244120,くかん,区間,section (of track etc),N1
1251950,くき,茎,stalk,N1
1244180,くぎり,区切り,"an end, a stop, punctuation",N1
1609710,くぐる,潜る,"1. to drive, to pass through, 2. to evade, to hide, 3. to dive (into or under water), to go undergro",N1
1594850,くさぐさ,種々,variety,N1
1003710,くしゃみ,嚏,sneeze,N1
1577950,くじ,旧事,"past events, bygones",N1
1570370,くじびき,籤引,"lottery, drawn lot",N1
1003730,くすぐったい,擽ぐったい,ticklish,N1
1003810,くたびれる,草臥れる,"to get tired, to wear out",N1
1184360,くだらない,下らない,"good-for-nothing, stupid, trivial, worthless",N1
1255930,くだん,件,"example, precedent, the usual, the said, the above-mentioned, (man) in question",N1
1275720,くちずさむ,口ずさむ,"to hum something, to sing to oneself",N1
1565560,くちばし,嘴,"beak, bill",N1
1229310,くちる,朽ちる,to rot,N1
1003840,くっきり,,"distinctly, clearly, boldly",N1
1246620,くっせつ,屈折,"bending, indentation, refraction",N1
1003860,くっつく,くっ付く,"to adhere to, to keep close to",N1
1003870,くっつける,くっ付ける,to attach,N1
1501490,くつがえす,覆す,"to overturn, to upset, to overthrow, to undermine",N1
1572760,くどい,諄い,"verbose, importunate, heavy (taste)",N1
1286320,くにざかい,国境,national or state border,N1
1329280,くびかざり,首飾り,necklace,N1
1329440,くびわ,首輪,"necklace, choker",N1
1592290,くみあわせ,組み合わせ,combination,N1
1397480,くみあわせる,組み合わせる,"to join together, to combine, to join up",N1
1397510,くみこむ,組み込む,"to insert, to include, to cut in (printing)",N1
1592380,くら,蔵,"warehouse, cellar, magazine, granary, godown, depository, treasury, elevator",N1
1244360,くるしめる,苦しめる,"to torment, to harass, to inflict pain",N1
2831360,くるむ,包む,"to be engulfed in, to be enveloped by, to wrap up, to tuck in, to pack, to do up, to cover with, to dress i",N1
1269140,くれぐれも,呉れ呉れも,"repeatedly, sincerely, earnestly",N1
1263430,くろうと,玄人,"expert, professional, geisha, prostitute",N1
1287710,くろじ,黒字,balance (figure) in the black,N1
1247290,くんしゅ,君主,"ruler, monarch",N1
1245170,ぐち,愚痴,"idle complaint, grumble",N1
1004080,ぐっと,,"firmly, fast, much, more",N1
1154340,ぐらい,,approximately,N1
1247490,ぐん,群,group (math),N1
1247830,ぐんかん,軍艦,"warship, battleship",N1
1592515,ぐんしゅう,群集,"(social) group, crowd, throng, mob, multitude",N1
1248080,ぐんじ,軍事,military affairs,N1
1248870,ぐんび,軍備,"armaments, military preparations",N1
1248970,ぐんぷく,軍服,military or naval uniform,N1
1249610,けい,刑,"penalty, sentence, punishment",N1
2210780,けい,頃,"time, about, toward, approximately (time)",N1
,けい,傾,"lean, incline",N1
1251000,けい,系,"system, lineage, group",N1
1251250,けいか,経過,"passage, expiration, progress",N1
1252600,けいかい,軽快,"rhythmical (e.g. melody), casual (e.g. dress), light, nimble",N1
1252310,けいかい,警戒,"warning, admonition, vigilance",N1
1252130,けいき,計器,"meter, gauge",N1
1250180,けいき,契機,"opportunity, chance",N1
1250740,けいぐ,敬具,Sincerely yours,N1
1252680,けいげん,軽減,abatement,N1
1250610,けいさい,掲載,appearance (e.g. article in paper),N1
1249500,けいしゃ,傾斜,"inclination, slant, slope, bevel, list, dip",N1
1250360,けいせい,形成,formation,N1
1250350,けいせい,形勢,"condition, situation, prospects",N1
1252910,けいそつ,軽率,"rash, thoughtless, careless, hasty",N1
1250680,けいたい,携帯,carrying something,N1
1250390,けいたい,形態,"form, shape, figure",N1
1249780,けいばつ,刑罰,"judgement, penalty, punishment",N1
1251640,けいひ,経費,"expenses, cost, outlay",N1
1252510,けいぶ,警部,police inspector,N1
1252860,けいべつ,軽蔑,"scorn, disdain",N1
1251690,けいれき,経歴,"personal history, career",N1
1251700,けいろ,経路,"course, route, channel",N1
1178960,けがす,汚す,"to disgrace, to dishonour",N1
1178980,けがらわしい,汚らわしい,"filthy, unfair",N1
1178990,けがれ,汚れ,"uncleanness, impurity, disgrace",N1
1179000,けがれる,汚れる,"to get dirty, to become dirty",N1
1335590,けだもの,獣,"beast, brute",N1
2234080,けち,吝嗇,"stinginess, miser, miserliness, skinflint, tightwad, niggard, pinching pennies",N1
1254710,けっかく,結核,"tuberculosis, tubercule",N1
1255180,けっかん,血管,blood vessel,N1
1254250,けっこう,決行,"doing (with resolve), carrying out (i.e. a plan)",N1
1254290,けっさん,決算,"balance sheet, settlement of accounts",N1
1254320,けっしょう,決勝,"decision of a contest, finals (in sports)",N1
1254870,けっしょう,結晶,"crystal, crystallization",N1
1254900,けっせい,結成,formation,N1
1254930,けっそく,結束,"union, unity",N1
2836694,けつ,傑,excellence,N1
1254220,けつい,決意,"decision, determination",N1
1254240,けつぎ,決議,"resolution, vote, decision",N1
1254770,けつごう,結合,"combination, union",N1
1254370,けつだん,決断,"decision, determination",N1
1254100,けつぼう,欠乏,"want, shortage, famine",N1
1333440,けとばす,蹴飛ばす,"to kick away, to kick off, to kick (someone), to refuse, to reject",N1
1573120,けなす,貶す,to speak ill of,N1
1177200,けむたい,煙たい,"smoky, feeling awkward",N1
1177220,けむる,煙る,to smoke (e.g. fire),N1
1192530,けらい,家来,"retainer, retinue, servant",N1
1257080,けん,圏,"sphere, circle, range",N1
1258080,けん,権,"authority, the right (to do something)",N1
1258090,けんい,権威,"authority, power, influence",N1
1578300,けんぎょう,兼業,"side line, second business",N1
1258130,けんげん,権限,"power, authority, jurisdiction",N1
1256300,けんざい,健在,"in good health, well",N1
1257690,けんしょう,懸賞,"offering prizes, winning, reward",N1
1257930,けんじ,検事,public prosecutor,N1
1256360,けんぜん,健全,"health, soundness, wholesome",N1
1259870,けんち,見地,point of view,N1
1260320,けんめい,賢明,"wisdom, intelligence, prudence",N1
1256010,けんやく,倹約,"thrift, economy, frugality",N1
1256720,けんよう,兼用,"multi-use, combined use, combination, serving two purposes",N1
1258220,けんりょく,権力,"power, authority, influence",N1
1253450,げきだん,劇団,"troupe, theatrical company",N1
1253760,げきれい,激励,encouragement,N1
1255690,げっしゃ,月謝,monthly tuition fee,N1
1004250,げっそり,,"being disheartened, losing weight",N1
1255800,げっぷ,月賦,monthly installment,N1
1186540,げり,下痢,diarrhoea,N1
1261130,げん,原,"original, primitive, primary, fundamental, raw",N1
1261310,げんけい,原形,"original form, base form",N1
1263630,げんこう,現行,"present, current, in operation",N1
1261450,げんさく,原作,original work,N1
1261570,げんし,原子,atom,N1
1260870,げんしゅ,元首,"ruler, sovereign",N1
1261850,げんしょ,原書,original document,N1
1263210,げんしょう,減少,"decrease, reduction, decline",N1
1263760,げんじょう,現場,"actual spot, scene, scene of the crime",N1
1592840,げんそ,元素,chemical element,N1
1262070,げんそく,原則,"principle, general rule",N1
1263800,げんぞう,現像,developing (film),N1
1263860,げんち,現地,"actual place, local",N1
1264670,げんてい,限定,"limit, restriction",N1
1262160,げんてん,原点,"origin (coordinates), starting point",N1
1262150,げんてん,原典,original (text),N1
1263290,げんてん,減点,"subtract, give a demerit",N1
1262220,げんばく,原爆,atomic bomb,N1
1262340,げんぶん,原文,"the text, original",N1
1262830,げんみつ,厳密,"strict, close",N1
1262430,げんゆ,原油,crude oil,N1
1264580,げんろん,言論,discussion,N1
1267110,こ,故,the late (deceased),N1
1659920,こ,戸,counter for houses,N1
1307770,こ,児,"child, the young of animals",N1
,きょ,巨,"big, large, great",N1
1609750,こいする,恋する,"to fall in love with, to love",N1
1280050,こう,溝,"10^38, hundred undecillion (American), hundred sextillion (British)",N1
2259610,こう,校,"-school, proof",N1
1277530,こうい,好意,"good will, favor, courtesy",N1
1281830,こうい,行為,"act, deed, conduct",N1
1281840,こういん,行員,bank clerk,N1
1271710,こうえき,交易,"trade, commerce",N1
1273280,こうえん,公演,public performance,N1
1269510,こうかい,後悔,"regret, repentance",N1
1273370,こうかい,公開,presenting to the public,N1
1281250,こうかい,航海,"sail, voyage",N1
1278010,こうがく,工学,engineering,N1
1280380,こうきょ,皇居,Imperial Palace,N1
1277620,こうきょう,好況,"prosperous conditions, healthy economy",N1
1278860,こうぎ,抗議,"protest, objection",N1
1282560,こうぎょう,鉱業,mining industry,N1
1238240,こうぎょう,興業,industrial enterprise,N1
1283490,こうげん,高原,"tableland, plateau",N1
1569020,こうこう,煌々,"brilliantly, brightly",N1
1281120,こうこがく,考古学,archaeology,N1
1271940,こうご,交互,"mutual, reciprocal, alternate",N1
1278100,こうさく,工作,"work, construction, handicraft, maneuvering",N1
1280970,こうさく,耕作,"cultivation, farming",N1
1282570,こうざん,鉱山,mine (ore),N1
1282290,こうしゅう,講習,"short course, training",N1
1272110,こうしょう,交渉,"negotiations, discussions, connection",N1
1283610,こうしょう,高尚,"high, noble, refined, advanced",N1
1281980,こうしん,行進,"march, parade",N1
1283050,こうしんりょう,香辛料,spices,N1
1276310,こうじゅつ,口述,verbal statement,N1
1279080,こうじょ,控除,"subsidy, deduction",N1
1277250,こうじょう,向上,"elevation, rise, improvement, advancement, progress",N1
1282890,こうすい,降水,"rainfall, precipitation",N1
1279930,こうずい,洪水,flood,N1
1274190,こうぜん,公然,"open (e.g. secret), public, official",N1
1278950,こうそう,抗争,"dispute, resistance",N1
1279780,こうそう,構想,"plan, plot, idea, conception",N1
1279000,こうそく,拘束,"restriction, restraint",N1
1269880,こうたい,後退,"retreat, backspace (BS)",N1
1273050,こうたく,光沢,"brilliance, polish, lustre, glossy finish (of photographs)",N1
1274280,こうだん,公団,public corporation,N1
1277730,こうちょう,好調,"favourable, promising, satisfactory, in good shape",N1
1276710,こうとう,口頭,oral,N1
1282350,こうどく,講読,"reading, translation",N1
1282420,こうどく,購読,subscription (e.g. magazine),N1
1282440,こうにゅう,購入,"purchase, buy",N1
1274450,こうにん,公認,"official recognition, authorization, licence, accreditation",N1
1273110,こうねつひ,光熱費,cost of fuel and light,N1
1281620,こうはい,荒廃,ruin,N1
1282470,こうばい,購買,"purchase, buy",N1
1277780,こうひょう,好評,"popularity, favorable reputation",N1
1272520,こうふ,交付,"delivering, furnishing (with copies)",N1
1282940,こうふく,降伏,"capitulation, surrender, submission",N1
1238380,こうふん,興奮,"excitement, stimulation, agitation, arousal",N1
1274680,こうぼ,公募,"public appeal, public contribution",N1
1278340,こうみょう,巧妙,"ingenious, skillful, clever, deft",N1
1274940,こうよう,公用,"government business, public use, public expense",N1
1593050,こうり,小売,retail,N1
1275210,こうりつ,効率,efficiency,N1
1275000,こうりつ,公立,public (institution),N1
1348770,こがら,小柄,short (build),N1
1348410,こぎって,小切手,"cheque, check",N1
1286590,こくさん,国産,domestic products,N1
1286860,こくてい,国定,"state-sponsored, national",N1
1286890,こくど,国土,realm,N1
1286060,こくはく,告白,"confession, acknowledgement",N1
1287030,こくぼう,国防,national defence,N1
1287170,こくゆう,国有,national ownership,N1
1287210,こくれん,国連,"U.N., United Nations",N1
1400530,こぐ,漕ぐ,"to row, to scull, to pedal",N1
1350750,こげちゃ,焦げ茶,black tea,N1
1593190,ここ,個々,"individual, one by one",N1
1593190,ここ,箇箇,"individual, separate",N1
1360820,ここち,心地,"feeling, sensation, mood",N1
1360910,こころえ,心得,"knowledge, information",N1
1360500,こころがけ,心掛け,"readiness, intention, aim",N1
1360610,こころがける,心掛ける,"to bear in mind, to aim to do",N1
1309050,こころざし,志,"will, intention, motive",N1
1309060,こころざす,志す,"to plan, to intend, to aspire to, to set aims (sights on)",N1
1360640,こころづよい,心強い,"heartening, reassuring",N1
1360680,こころぼそい,心細い,"helpless, forlorn, hopeless, unpromising, lonely, discouraging, disheartening",N1
1312270,こころみ,試み,"trial, experiment",N1
1312280,こころみる,試みる,"to try, to test",N1
1199970,こころよい,快い,"pleasant, agreeable",N1
1239000,こごらす,凝らす,"to freeze, to congeal",N1
1239060,こごる,凝る,"to congeal, to freeze",N1
1567390,こしらえる,拵える,"to make, to manufacture",N1
1266810,こじ,孤児,orphan,N1
1567270,こじれる,拗れる,"to get complicated, to grow worse",N1
1267190,こじん,故人,"the deceased, old friend",N1
1349980,こずえ,梢,treetop,N1
1264960,こせい,個性,"individuality, personality, idiosyncrasy",N1
1267030,こせき,戸籍,"census, family register",N1
1348470,こぜに,小銭,"coins, small change",N1
1266640,こたい,固体,solid (body),N1
1449530,こたえ,答え,"answer, response",N1
2827352,こたえる,堪える,"to bear, to stand, to endure, to put up with, to support, to withstand, to resist, to brave, to be fit for, t",N1
1194360,こたつ,火燵,"table with heater, (orig) charcoal brazier in a floor well",N1
1265760,こだい,古代,ancient times,N1
1004480,こだわる,拘る,"to fuss over, to be particular about, to be concerned about",N1
1267820,こちょう,誇張,exaggeration,N1
1208660,こっけい,滑稽,"funny, humorous, comical, laughable, ridiculous, joking",N1
1286380,こっこう,国交,diplomatic relations,N1
1288710,こっとうひん,骨董品,curio,N1
1288540,こつ,骨,"knack, skill",N1
1266650,こてい,固定,fixation,N1
1314240,ことがら,事柄,"matter, thing, affair, circumstance",N1
1004570,ことごとく,悉く,"altogether, entirely",N1
1264510,ことづて,言伝,"declaration, hearsay",N1
1328650,ことに,殊に,"especially, above all",N1
2773660,ことによると,事によると,depending on the circumstances,N1
1266850,こどく,孤独,"isolation, loneliness, solitude",N1
1593360,こなごな,粉々,in very small pieces,N1
1004690,このあいだ,この間,"the other day, lately, recently",N1
1004710,このごろ,この頃,recently,N1
1277490,このましい,好ましい,"nice, likeable, desirable",N1
1265000,こべつ,個別,particular case,N1
1557640,こぼす,零す,to spill,N1
1295550,こまやか,細やか,friendly,N1
2849867,こむ,混む,to be crowded,N1
1288790,こめる,込める,"to include, to put into",N1
1593430,こもる,篭る,"to seclude oneself, to be confined in, to be implied, to be stuffy",N1
1266730,こゆう,固有,"characteristic, tradition, peculiar, inherent, eigen-",N1
1267860,こよう,雇用,"employment (long term), hire",N1
1557950,こよみ,暦,"calendar, almanac",N1
2827352,こらえる,堪える,"to bear, to stand, to endure, to put up with, to support, to withstand, to resist, to brave, to be fit for, t",N1
1266860,こりつ,孤立,"isolation, helplessness",N1
1428190,こりる,懲りる,"to learn by experience, to be disgusted with",N1
1628530,これ,此れ,this,N1
1004830,これら,此れ等,these,N1
2177300,こん,魂,"soul, spirit",N1
1290110,こんき,根気,"patience, perseverance, energy",N1
1290120,こんきょ,根拠,"basis, foundation",N1
1290330,こんけつ,混血,"mixed race, mixed parentage",N1
1289980,こんちゅう,昆虫,"insect, bug",N1
1290260,こんてい,根底,"root, basis, foundation",N1
1290480,こんどう,混同,"confusion, mixing, merger",N1
1289400,こんにちは,今日は,"hello, good day (daytime greeting id)",N1
1289480,こんばんは,今晩は,good evening,N1
2848289,こんぽん,根本,"origin, source, foundation, root, base, principle",N1
1270190,ご,御,"go-, honourable",N1
1271260,ごい,語彙,"vocabulary, glossary",N1
1956270,ごう,濠,moat,N1
1239320,ごう,業,"Buddhist karma, actions committed in a former life",N1
1284220,ごう,号,"number, issue",N1
1284550,ごうい,合意,"agreement, consent, mutual understanding",N1
1284700,ごうぎ,合議,"consultation, conference",N1
1799670,ごうぎ,強気,"great, grand",N1
1284940,ごうせい,合成,"synthesis, composition, synthetic, composite, mixed, combined, compound",N1
1271510,ごえい,護衛,"guard, convoy, escort",N1
1271060,ごく,語句,"words, phrases",N1
1240250,ごくらく,極楽,paradise,N1
1005030,ごくろうさま,ご苦労様,Thank you very much for your....,N1
1271090,ごげん,語源,"word root, word derivation, etymology",N1
1271320,ごさ,誤差,error,N1
1612690,ございます,ご座います,"to be (polite), to exist",N1
1593590,ごちそう,ご馳走,"feast, treating (someone)",N1
1270520,ごちそうさま,ご馳走さま,feast,N1
1524640,ごと,毎,each respectively,N1
1270890,ごばん,碁盤,Go board,N1
1270650,ごぶさた,ご無沙汰,not writing or contacting for a while,N1
1271480,ごまかす,誤魔化す,"to deceive, to falsify, to misrepresent",N1
1270690,ごめんください,御免ください,May I come in?,N1
1270680,ごめんなさい,御免なさい,"I beg your pardon, excuse me",N1
1270770,ごらんなさい,御覧なさい,"(please) look, (please) try to do",N1
,さ,佐,help,N1
1292290,さい,再,"re-, again, repeated",N1
1291340,さい,差異,"difference, disparity",N1
1294940,さい,歳,#NAME?,N1
1292390,さいかい,再会,"another meeting, meeting again, reunion",N1
1295100,さいがい,災害,"calamity, disaster, misfortune",N1
1295590,さいきん,細菌,"bacillus, bacterium, germ",N1
1295610,さいく,細工,"work, craftsmanship, tactics, trick",N1
1294750,さいくつ,採掘,mining,N1
1294760,さいけつ,採決,"vote, roll call",N1
1292590,さいけん,再建,"rebuilding, reconstruction, rehabilitation",N1
1292640,さいげん,再現,"reappearance, reproduction, return, revival",N1
1294780,さいさん,採算,profit,N1
1294810,さいしゅう,採集,"collecting, gathering",N1
1292960,さいせい,再生,"playback, regeneration, resuscitation, return to life, rebirth, reincarnation, narrow escape, reclamation, r",N1
1294160,さいぜん,最善,the very best,N1
1294830,さいたく,採択,"adoption, selection, choice",N1
1293410,さいはつ,再発,"return, relapse, reoccurrence",N1
1294910,さいばい,栽培,cultivation,N1
1295740,さいぼう,細胞,cell (biology),N1
1294890,さいよう,採用,"use, adopt",N1
1323290,さえぎる,遮る,"to interrupt, to intercept, to obstruct",N1
1565710,さえずる,囀る,"to sing, to chirp, to twitter",N1
1297050,さえる,冴える,"to be clear, to be serene, to be cold, to be skillful",N1
1214060,さお,竿,"rod, pole (e.g. for drying laundry)",N1
1173860,さかえる,栄える,"to prosper, to flourish",N1
1472630,さかずき,杯,wine cups,N1
1227250,さかだち,逆立ち,"handstand, headstand",N1
1397830,さかのぼる,逆上る,"to go back, to go upstream, to make retroactive",N1
1379730,さかる,盛る,"to prosper, to flourish, to copulate (animals)",N1
1291370,さがく,差額,"balance, difference, margin",N1
1184160,さがる,下がる,"to hang down, to abate, to retire, to fall, to step back",N1
1576030,さきおととい,一昨昨日,two days before yesterday,N1
1387280,さきに,先に,"before, earlier than, ahead, beyond, away, previously, recently",N1
1291690,さぎ,詐欺,"fraud, swindle",N1
1297240,さく,作,"a work, a harvest",N1
1298260,さく,策,"plan, policy",N1
1298250,さく,柵,"fence, paling",N1
1298110,さくげん,削減,"cut, reduction, curtailment",N1
1298420,さくご,錯誤,mistake,N1
1297800,さくせん,作戦,"military or naval operations, tactics, strategy",N1
1297940,さくぶつ,作物,literary work,N1
1235890,さけび,叫び,"shout, scream, outcry",N1
1558610,さける,裂ける,"to split, to tear, to burst",N1
1516430,ささげる,捧げる,"to lift up, to give, to offer, to consecrate, to devote, to sacrifice, to dedicate",N1
1291140,さしかかる,差し掛かる,"to come near to, to approach",N1
1309850,さしず,指図,"instruction, mandate",N1
1291230,さしだす,差し出す,"to present, to submit, to tender, to hold out",N1
1291180,さしつかえる,差し支える,"to interfere, to hinder, to become impeded",N1
1291100,さしひく,差し引く,to deduct,N1
1593790,さじ,些事,"something small or petty, trifle",N1
1330280,さずける,授ける,"to grant, to award, to teach",N1
1565620,さぞ,嘸,"I am sure, certainly, no doubt",N1
1435370,さだまる,定まる,"to become settled, to be fixed",N1
1435380,さだめる,定める,"to decide, to establish, to determine",N1
1298400,さっかく,錯覚,"optical illusion, hallucination",N1
1581270,さっきゅう,早急,urgent,N1
1298740,さっする,察する,"to guess, to sense, to presume, to judge, to sympathize with",N1
1005200,さっと,颯っと,"quickly, suddenly",N1
1298520,さつ,冊,counter for books,N1
1299100,さつじん,殺人,murder,N1
1585460,さて,偖,"well, now, then",N1
1270850,さとる,悟る,"to attain enlightenment, to perceive, to understand, to discern",N1
1363780,しんじつ,真実,"truth, reality",N1
1295940,さばく,裁く,to judge,N1
1593820,さび,錆び,rust (colour),N1
1394760,さほど,左程,"(not) very, (not) much",N1
1545790,さま,様,"Mr. or Mrs., manner, kind, appearance",N1
1579450,さみせん,三味線,"three-stringed Japanese guitar, shamisen",N1
1314780,さむらい,侍,"Samurai, warrior",N1
1394700,さも,然も,"with gusto, with satisfaction",N1
1298000,さよう,作用,"action, operation, effect, function",N1
1291050,さようなら,左様なら,good-bye,N1
1593870,さらう,拐う,"to carry off, to run away with, to kidnap, to abduct",N1
1399520,さわやか,爽やか,"fresh, refreshing, invigorating, clear, fluent, eloquent",N1
1352050,さわる,障る,"to hinder, to interfere with, to affect, to do one harm, to be harmful to",N1
1304260,さん,酸,acid,N1
1005340,さん,,Mr or Mrs,N1
1304290,さんか,酸化,oxidation,N1
1302780,さんがく,山岳,mountains,N1
1303760,さんきゅう,産休,maternity leave,N1
1303650,さんきょう,桟橋,"wharf, bridge, jetty, pier",N1
1302210,さんぎいん,参議院,House of Councillors,N1
1303790,さんご,産後,"postpartum, after childbirth",N1
1303810,さんしゅつ,産出,"yield, produce",N1
1302410,さんしょう,参照,"reference, consultation, consultation",N1
1302440,さんじょう,参上,"calling on, visiting",N1
1304240,さんび,賛美,"praise, adoration, glorification",N1
1303850,さんふじんか,産婦人科,maternity and gynecology department,N1
1303870,さんぶつ,産物,"product, result, fruit",N1
1303150,さんぷく,山腹,"hillside, mountainside",N1
1303190,さんみゃく,山脈,mountain range,N1
1296770,ざい,財,"fortune, riches",N1
1296810,ざいげん,財源,"source of funds, resources, finances",N1
1296470,ざいこ,在庫,"stockpile, stock",N1
1296830,ざいせい,財政,"economy, financial affairs",N1
1291920,ざだんかい,座談会,"symposium, round-table discussion",N1
1299290,ざっか,雑貨,"miscellaneous goods, general goods, sundries",N1
1299240,ざつ,雑,"rough, crude",N1
1299480,ざつだん,雑談,"chatting, idle talk",N1
1299560,ざつぼく,雑木,"various kinds of small trees, assorted trees",N1
1638190,ざひょう,座標,coordinate(s),N1
1304570,ざんきん,残金,remaining money,N1
1304600,ざんこく,残酷,"cruelty, harshness",N1
1304590,ざんだか,残高,"(bank) balance, remainder",N1
1310720,し,死,"death, decease",N1
2542020,し,秭,"10^24 (kanji is JIS X 0212 kuten 4906), septillion (American), quadrillion (British)",N1
1579580,じ,次,"order, sequence, times, next, below",N1
1305120,しあがり,仕上がり,"finish, end, completion",N1
1594040,しあげ,仕上げ,"end, finishing touches, being finished",N1
1305140,しあげる,仕上げる,"to finish up, to complete",N1
1594050,しあさって,明々後日,two days after tomorrow,N1
1312980,しいく,飼育,"breeding, raising, rearing",N1
1236080,しいて,強いて,by force,N1
1236100,しいる,強いる,"to force, to compel, to coerce",N1
1305310,しいれる,仕入れる,"to lay in stock, to replenish stock, to procure",N1
1631970,しーん,,"silent (as the grave), (deathly) quiet",N1
1313110,しか,歯科,dentistry,N1
1312690,しかく,資格,"qualifications, requirements, capabilities",N1
1312010,しかく,視覚,"sense of sight, vision",N1
1594100,しかけ,仕掛け,"device, trick, mechanism, gadget, (small) scale, half finished, commencement, set up, challenge",N1
1304820,しかける,仕掛ける,"to commence, to lay (mines), to set (traps), to wage (war), to challenge",N1
1506000,しかしながら,然しながら,"nevertheless, however",N1
1506050,しかも,而も,"moreover, furthermore, nevertheless, and yet",N1
1308190,しがい,市街,"urban areas, the streets, town, city",N1
1309700,しき,指揮,"command, direction",N1
1357720,しきさい,色彩,"colour, hue, tints",N1
1319090,しきじょう,式場,"ceremonial hall, place of ceremony (e.g. marriage)",N1
1594160,しきたり,為来り,customs,N1
1005480,しきりに,頻りに,"frequently, repeatedly, incessantly, eagerly",N1
1305180,しきる,仕切る,"to partition, to divide, to mark off, to settle accounts, to toe the mark",N1
1312700,しきん,資金,"funds, capital",N1
1579510,しぎょう,施行,"1. execution, enforcing, carrying out",N1
1005500,しくじる,,"to fail, to fall through, to blunder",N1
1594180,しくみ,仕組み,"devising, plan, plot, contrivance, construction, arrangement",N1
1310810,しけい,死刑,"death penalty, capital punishment",N1
1320420,しける,湿気る,"to be damp, to be moist",N1
1309530,しこう,思考,thought,N1
1309110,しこう,志向,"intention, aim",N1
1565500,しこう,嗜好,"taste, liking, preference",N1
1312040,しさつ,視察,"inspection, observation",N1
1312750,しさん,資産,"property, fortune, means, assets",N1
1306540,ししゅう,刺繍,embroidery,N1
1310150,しじ,支持,"support, maintenance",N1
1309800,しじ,指示,"indication, instruction, directions",N1
1437210,しずく,雫,drop (of water),N1
1431680,しずめる,沈める,"to sink, to submerge",N1
1310410,しせつ,施設,"institution, establishment, facility, (army) engineer",N1
1307980,しそく,子息,son,N1
1514910,したう,慕う,"to yearn for, to miss, to adore, to love dearly",N1
1185450,したごころ,下心,"secret intention, motive",N1
1365070,したしむ,親しむ,"to be intimate with, to befriend",N1
1185970,したしらべ,下調べ,"preliminary investigation, preparation",N1
1185920,したじ,下地,"groundwork, foundation, inclination, aptitude, elementary knowledge of, grounding in, prearrangement, spade",N1
1467520,したためる,認める,to write up,N1
1305560,したてる,仕立てる,"to tailor, to make, to prepare, to train, to send (a messenger)",N1
1185180,したどり,下取り,"trade in, part exchange",N1
1184580,したび,下火,"burning low, waning, declining",N1
1319820,しっかく,失格,"disqualification, elimination, incapacity (legal)",N1
1594400,しっかり,確り,"firmly, tightly, reliable, level-headed, steady",N1
1320710,しっそ,質素,"simplicity, modesty, frugality",N1
1320080,しっちょう,失調,lack of harmony,N1
1320280,しっと,嫉妬,jealousy,N1
1358800,しっぽ,尻尾,tail (animal),N1
1320300,しつ,室,room,N1
1320680,しつぎ,質疑,question,N1
1573410,しつけ,躾,"home discipline, training, upbringing, breeding",N1
1305350,しつける,仕付ける,"to be used to a job, to begin to do, to baste, to tack, to plant",N1
1309940,してき,指摘,"pointing out, identification",N1
1312130,してん,視点,"opinion, point of view, visual point",N1
1158680,しなびる,萎びる,"to wilt, to fade",N1
1566110,しなやか,,"supple, flexible, elastic",N1
1566370,しにょう,屎尿,"excreta, raw sewage, human waste, night soil",N1
1554200,しのぐ,凌ぐ,"to outdo, to surpass, to endure, to keep out (rain), to stave off, to tide over, to pull through, to defy, t",N1
1307610,しはつ,始発,first train,N1
1321610,しば,芝,"lawn, sod, turf",N1
1005580,しばしば,屡,"often, again and again, frequently",N1
1304420,しばらく,暫く,little while,N1
1569620,しびれる,痺れる,"to become numb, to go to sleep (i.e. a limb)",N1
1335540,しぶい,渋い,"1. tasteful (clothing), cool, an aura of refined masculinity, 2. astringent, sullen, bitter (taste), 3",N1
1311380,しぶつ,私物,"private property, personal effects",N1
1005590,しぶとい,,"tenacious, stubborn",N1
1306680,しほう,司法,administration of justice,N1
1311820,しぼう,脂肪,"fat, grease, blubber",N1
1309140,しぼう,志望,"wish, desire, ambition",N1
1427460,しぼむ,萎む,"to wither, to fade (away), to shrivel, to wilt",N1
1594530,しまい,仕舞,"end, termination, informal (Noh play)",N1
1307620,しまつ,始末,"management, dealing, settlement, cleaning up afterwards",N1
1005610,しみじみ,,"keenly, deeply, heartily",N1
1391120,しみる,染みる,"to pierce, to permeate",N1
1306160,しめい,使命,"mission, errand, message",N1
1594590,しめきり,締め切り,"closing, cut-off, end, deadline, Closed, No Entrance",N1
1521390,しもべ,僕,"manservant, servant (of God)",N1
1322860,しゃこう,社交,"social life, social intercourse",N1
1323050,しゃぜつ,謝絶,refusal,N1
1322900,しゃたく,社宅,company owned house,N1
1005650,しゃっくり,吃逆,"hiccough, hiccup",N1
1427510,しゃべる,喋る,"to talk, to chat, to chatter",N1
1322470,しゃめん,斜面,"slope, slanting surface, bevel",N1
1568630,しゃらく,洒落,"frank, open-hearted",N1
1568670,しゃれる,洒落る,"to joke, to play on words, to dress stylishly",N1
1312140,しや,視野,"field of vision, outlook",N1
1328810,しゅ,種,"kind, variety, species",N1
1333240,しゅう,衆,"masses, great number, the people",N1
1331020,しゅう,周,"circuit, lap, circumference, vicinity, Chou (dynasty)",N1
1330500,しゅうえき,収益,"earnings, proceeds, returns",N1
1331950,しゅうがく,修学,learning,N1
1331090,しゅうき,周期,"cycle, period",N1
1333260,しゅうぎいん,衆議院,"Lower House, House of Representatives",N1
1331590,しゅうぎょう,就業,"employment, starting work",N1
2650010,しゅぎょう,修行,"pursuit of knowledge, studying, learning, training, ascetic practice, discipline",N1
1333640,しゅうけい,集計,"totalization, aggregate",N1
1333340,しゅうげき,襲撃,"attack, charge, raid",N1
1330640,しゅうし,収支,income and expenditure,N1
1332820,しゅうし,終始,"beginning and end, from beginning to end, doing a thing from beginning to end",N1
1332020,しゅうし,修士,Masters degree program,N1
1594720,しゅうしゅう,収集,"gathering up, collection, accumulation",N1
1332070,しゅうしょく,修飾,"ornamentation, embellishment, decoration, adornment, polish up (writing), modification (gram)",N1
1332980,しゅうじつ,終日,all day,N1
1594740,しゅうじゃく,執着,"attachment, adhesion, tenacity",N1
1330880,しゅうよう,収容,"accommodation, reception, seating, housing, custody, admission, entering (in a dictionary)",N1
1332450,しゅうりょう,修了,completion (of a course),N1
1327130,しゅえい,守衛,"security guard, doorkeeper",N1
1325050,しゅえん,主演,"starring, playing the leading part",N1
1325180,しゅかん,主観,"subjectivity, subject, ego",N1
1337410,しゅくが,祝賀,"celebration, congratulations",N1
1337330,しゅくめい,宿命,"fate, destiny, predestination",N1
1325360,しゅけん,主権,"sovereignty, supremacy, dominion",N1
1327540,しゅげい,手芸,handicrafts,N1
1325450,しゅさい,主催,"organization, sponsorship",N1
1327020,しゅざい,取材,"choice of subject, collecting data",N1
1328990,しゅし,趣旨,"object, meaning",N1
1325640,しゅしょく,主食,staple food,N1
1325680,しゅじんこう,主人公,"protagonist, main character, hero(ine) (of a story), head of household",N1
1325840,しゅたい,主体,"subject, main constituent",N1
1325870,しゅだい,主題,"subject, theme, motif",N1
1338750,しゅっけつ,出血,"bleeding, haemorrhage",N1
1339010,しゅっさん,出産,"(child)birth, delivery, production (of goods)",N1
1339150,しゅっしゃ,出社,arrival (in a country at work etc.),N1
1580050,しゅっしょう,出生,birth,N1
1339340,しゅっせ,出世,"promotion, successful career, eminence",N1
1340180,しゅっぴ,出費,"expenses, disbursements",N1
1340190,しゅっぴん,出品,"exhibit, display",N1
1338290,しゅつえん,出演,"performance, stage appearance",N1
1339620,しゅつだい,出題,proposing a question,N1
1339880,しゅつどう,出動,"sailing, marching, going out",N1
1325980,しゅどう,主導,main leadership,N1
1326040,しゅにん,主任,"person in charge, responsible official",N1
1329360,しゅのう,首脳,"head, brains",N1
1327180,しゅび,守備,defense,N1
1328380,しゅほう,手法,technique,N1
1311390,しゆう,私有,private ownership,N1
1344210,しょ,諸,"various, many, several",N1
1472860,しょう,背負う,"to be burdened with, to carry on back or shoulder",N1
1351820,しょう,象,phenomenon,N1
1351000,しょう,症,illness,N1
,しょう,傷,"wound, injury, hurt, cut, gash, bruise, scratch, scar, weak point",N1
1346570,しょう,商,quotient,N1
1350190,しょうきょ,消去,"elimination, erasing, dying out, melting away",N1
1351510,しょうげき,衝撃,"shock, crash, impact, ballistic",N1
1351640,しょうげん,証言,"evidence, testimony",N1
1351600,しょうこ,証拠,"evidence, proof",N1
1580310,しょうこう,消耗,"exhaustion, consumption",N1
1350920,しょうごう,照合,"collation, comparison",N1
1351760,しょうさい,詳細,"detail, particulars",N1
1349780,しょうしん,昇進,promotion,N1
1349070,しょうすう,少数,"minority, few",N1
1351250,しょうする,称する,"to pretend, to take the name of, to feign, to purport",N1
1350250,しょうそく,消息,"news, letter, circumstances",N1
1349470,しょうだく,承諾,"consent, acquiescence, agreement",N1
1351900,しょうちょう,象徴,symbol,N1
1348200,しょうにか,小児科,pediatrics,N1
1351660,しょうにん,証人,witness,N1
1350990,しょうめい,照明,illumination,N1
1346240,しょうり,勝利,"victory, triumph, conquest, success, win",N1
1347550,しょうれい,奨励,"encouragement, promotion, message, address",N1
1357490,しょくいん,職員,"staff member, personnel",N1
1357350,しょくみんち,植民地,colony,N1
1357580,しょくむ,職務,professional duties,N1
1344230,しょくん,諸君,"Gentlemen!, Ladies!",N1
1343210,しょざい,所在,whereabouts,N1
1598730,しょしょ,所々,"here and there, some parts (of something)",N1
1343250,しょじ,所持,"possession, owning",N1
1343310,しょぞく,所属,"attached to, belong to",N1
1342470,しょち,処置,treatment,N1
1005710,しょっちゅう,,"always, constantly",N1
1343350,しょてい,所定,"fixed, prescribed",N1
1343360,しょとく,所得,"income, earnings",N1
1343030,しょはん,初版,first edition,N1
1342480,しょばつ,処罰,punishment,N1
1344140,しょひょう,書評,book review,N1
1342490,しょぶん,処分,"disposal, dealing, punishment",N1
1343560,しょみん,庶民,"masses, common people",N1
1343590,しょむ,庶務,general affairs,N1
1311410,しよう,私用,"personal use, private business",N1
1305500,しよう,仕様,"way, method, resource, remedy, (technical) specification",N1
1306280,しようにん,使用人,"employee, servant",N1
1429050,しらべ,調べ,"preparation, investigation, inspection",N1
1595070,しりあい,知り合い,acquaintance,N1
1595084,しりぞく,退く,"to retreat, to recede, to withdraw",N1
1411260,しりぞける,退ける,"to repel, to drive away",N1
1223140,しるす,記す,"to note, to write down",N1
1310060,しれい,指令,"orders, instructions, directive",N1
1411560,しろ,代,"price, materials, substitution",N1
1569740,しわ,皺,"wrinkles, creases",N1
1361480,しん,新,new,N1
1366000,しんか,進化,"evolution, progress",N1
1442480,しんがり,殿,"rear, rear unit guard",N1
1360360,しんぎ,審議,deliberation,N1
1366060,しんこう,進行,advance,N1
1361750,しんこう,新興,"rising, developing, emergent",N1
1361380,しんこう,振興,"promotion, encouragement",N1
1363100,しんこく,申告,"report, statement, filing a return, notification",N1
1361820,しんこん,新婚,newly-wed,N1
1360380,しんさ,審査,"judging, inspection, examination, investigation",N1
1364950,しんし,紳士,gentleman,N1
1366080,しんしゅつ,進出,"advance, step forward",N1
1359340,しんじゃ,信者,"believer, adherent, devotee, Christian",N1
1363810,しんじゅ,真珠,pearl,N1
1360840,しんじゅう,心中,"double suicide, lovers suicide",N1
1360720,しんじょう,心情,mentality,N1
1361960,しんじん,新人,"new face, newcomer",N1
1364730,しんせい,神聖,"holiness, sacredness, dignity",N1
1365260,しんぜん,親善,friendship,N1
1364110,しんそう,真相,"truth, real situation",N1
1362160,しんちく,新築,"new building, new construction",N1
1366150,しんてい,進呈,presentation,N1
1366160,しんてん,進展,"progress, development",N1
1364770,しんでん,神殿,"temple, sacred place",N1
1366170,しんど,進度,progress,N1
1361420,しんどう,振動,"oscillation, vibration",N1
1362270,しんにゅうせい,新入生,"freshman, first-year student",N1
1359500,しんにん,信任,"trust, confidence, credence",N1
1360410,しんばん,審判,"refereeing, trial, judgement, umpire, referee",N1
1364830,しんぴ,神秘,mystery,N1
1365930,しんぼう,辛抱,"patience, endurance",N1
1364400,しんり,真理,truth,N1
1595200,しんりゃく,侵略,"aggression, invasion, raid",N1
1365500,しんりょう,診療,"medical examination and treatment, diagnosis",N1
1366200,しんろ,進路,"course, route",N1
1317490,じかく,自覚,self-conscious,N1
2796690,じかた,地方,"area, locality, district, region, the coast",N1
1317460,じが,自我,"self, the ego",N1
1316990,じき,磁気,magnetism,N1
1316980,じき,磁器,"porcelain, china",N1
1313670,じぎょう,事業,"project, enterprise, business, industry, operations",N1
1421030,じぎょう,地形,"terrain, geographical features, topography",N1
1319180,じく,軸,"axis, stem, shaft, axle",N1
1317580,じこ,自己,"self, oneself",N1
1313910,じこう,事項,"matter, item, facts",N1
1316230,じこくひょう,時刻表,"table, diagram, chart, timetable, schedule",N1
1421090,じごく,地獄,hell,N1
1316240,じさ,時差,time difference,N1
1317750,じざい,自在,"freely, at will",N1
1317860,じしゅ,自主,"independence, autonomy",N1
1317890,じしゅ,自首,"surrender, give oneself up",N1
1318980,じしょく,辞職,resignation,N1
1317970,じしん,自信,self-confidence,N1
1314050,じぜん,事前,"prior, beforehand, in advance",N1
1318220,じそんしん,自尊心,"self-respect, conceit",N1
1315810,じぞく,持続,continuation,N1
1315200,じたい,字体,"type, font, lettering",N1
1318990,じたい,辞退,refusal,N1
1005860,じっくり,,"deliberately, carefully",N1
1321170,じっしつ,実質,"substance, essence",N1
1321260,じっせん,実践,"practice, put into practice",N1
1321360,じったい,実態,"truth, fact",N1
1321410,じっぴ,実費,"actual expense, cost price",N1
1335070,じっぷん,十分,10 minutes,N1
1320800,じつ,実,"truth, reality, sincerity, fidelity, kindness, faith, substance, essence",N1
1320950,じつぎょうか,実業家,"industrialist, businessman",N1
1595260,じつじょう,実情,"real condition, actual circumstances, actual state of affairs",N1
1318270,じてん,自転,"rotation, spin",N1
1318390,じどうし,自動詞,intransitive verb (no direct obj),N1
1421150,じぬし,地主,landlord,N1
1317310,じびか,耳鼻科,otolaryngology,N1
1421060,じもと,地元,local,N1
1324510,じゃく,弱,"weakness, the weak, little less then",N1
1324330,じゃっかん,若干,"some, few, number of",N1
1291660,じゃり,砂利,"gravel, ballast, pebbles",N1
1005970,じゃんけん,じゃん拳,rock-scissors-paper game,N1
1333910,じゅう,住,"dwelling, living",N1
1335250,じゅうぎょういん,従業員,"employee, worker",N1
1335320,じゅうじ,従事,"engaging, pursuing, following",N1
1334340,じゅうじつ,充実,"fullness, completion, perfection, substantiality, enrichment",N1
1334750,じゅうじろ,十字路,crossroads,N1
1335480,じゅうなん,柔軟,"flexible, lithe",N1
1579980,じゅうふく,重複,"duplication, repetition, overlapping, redundancy, restoration",N1
1579990,じゅうほう,重宝,"priceless treasure, convenience, usefulness",N1
1335400,じゅうらい,従来,"up to now, so far, traditional",N1
1337780,じゅく,塾,"coaching school, lessons",N1
1330400,じゅもく,樹木,"trees and shrubs, arbour",N1
1330410,じゅりつ,樹立,"establish, create",N1
1341540,じゅんきゅう,準急,local express (train slower than an express),N1
1341510,じゅんじる,準じる,"to follow, to conform, to apply to",N1
1341520,じゅんずる,準ずる,"to apply correspondingly, to correspond to, to be proportionate to, to conform to",N1
1344360,じょ,助,"help, rescue, assistant",N1
1356210,じょう,情,"feelings, emotion, passion",N1
1356740,じょう,畳,#NAME?,N1
1156390,じょう,尉,"jailer, old man, rank, company officer",N1
1355930,じょう,嬢,young woman,N1
1356690,じょう,状,shape,N1
1352590,じょうい,上位,"superior (rank not class), higher order (e.g. byte), host computer (of connected device)",N1
1352670,じょうえん,上演,performance (e.g. music),N1
1355720,じょうか,城下,land near the castle,N1
1580490,じょうかく,乗客,passenger,N1
1353020,じょうくう,上空,"sky, the skies, high-altitude sky, upper air",N1
1353260,じょうし,上司,"superior authorities, boss",N1
1580510,じょうしょ,情緒,"emotion, feeling",N1
1353450,じょうしょう,上昇,"rising, ascending, climbing",N1
1356320,じょうせい,情勢,"state of things, condition, situation",N1
1356330,じょうねつ,情熱,"passion, enthusiasm, zeal",N1
1580485,じょうふ,丈夫,"1. hero, gentleman, warrior, manly person, 2. good health, robustness, strong, solid, durable",N1
1357050,じょうほ,譲歩,"concession, conciliation, compromise",N1
1356580,じょうやく,条約,"treaty, pact",N1
1354480,じょうりく,上陸,"landing, disembarkation",N1
1356970,じょうりゅう,蒸留,distillation,N1
1345650,じょがい,除外,"exception, exclusion",N1
1580230,じょげん,助言,"advice, suggestion",N1
1345590,じょこう,徐行,going slowly,N1
1345130,じょし,女史,Ms.,N1
1344630,じょし,助詞,"particle, postposition",N1
1344750,じょどうし,助動詞,auxiliary verb,N1
1318880,じりつ,自立,"independence, self-reliance",N1
1366410,じん,人,"man, person, people",N1
1366730,じんかく,人格,"personality, character, individuality",N1
1367760,じんざい,人材,man of talent,N1
1370160,じんそく,迅速,"quick, fast, rapid, swift, prompt",N1
1368670,じんたい,人体,human body,N1
1369280,じんみん,人民,"people, public",N1
1580760,じんもく,人目,"glimpse, public gaze",N1
1371390,すいき,水気,"1. moisture, dampness, vapor, 2. dropsy, edema",N1
1371460,すいげん,水源,"source of river, fountainhead",N1
1371140,すいしん,推進,"propulsion, driving force",N1
1371760,すいせん,水洗,flushing,N1
1370790,すいそう,吹奏,playing wind instruments,N1
1371200,すいそく,推測,"guess, conjecture",N1
1371890,すいでん,水田,(water-filled) paddy field,N1
1371220,すいり,推理,"reasoning, inference, mystery or detective genre (movie novel etc.)",N1
1373050,すうし,数詞,numeral,N1
1372870,すうはい,崇拝,"worship, adoration, admiration, cult",N1
1373500,すえつける,据え付ける,"to install, to equip, to mount",N1
1373480,すえる,据える,"to set (table), to lay (foundation), to place (gun), to apply (moxa)",N1
1595560,すがすがしい,清々しい,"fresh, refreshing",N1
1195960,すぎ,過ぎ,"past, after",N1
1229030,すくい,救い,"help, aid, relief",N1
1226200,すくう,掬う,"to scoop, to ladle out",N1
1595610,すくなくとも,少なくとも,at least,N1
1430610,すぐ,直ぐ,"immediately, soon, easily, right (near), honest, upright",N1
1256110,すこやか,健やか,"vigorous, healthy, sound",N1
1581550,すすぐ,濯ぐ,"to rinse, to wash out",N1
1365960,すすみ,進み,progress,N1
1210900,すすめ,勧め,"recommendation, advice, encouragement",N1
1373610,すそ,裾,"(trouser) cuff, (skirt) hem, cut edge of a hairdo, foot of mountain",N1
1472020,すたれる,廃れる,"to go out of use, to become obsolete, to die out, to go out of fashion",N1
1304280,すっぱい,酸っぱい,"sour, acid",N1
1397350,すてき,素敵,"lovely, dreamy, beautiful, great, fantastic, superb, cool, capital",N1
1404100,すなわち,即ち,"that is, namely, i.e.",N1
1006180,すばしこい,,"nimble, smart, quick",N1
1397310,すばやい,素早い,"fast, quick, prompt, agile",N1
1295030,すます,済ます,"to finish, to get it over with, to settle, to conclude, to pay back",N1
1373650,すます,澄ます,"to clear, to make clear, to be unruffled, to look unconcerned, to look demure, look prim, put on airs",N1
1610020,すまない,済まない,sorry (phrase),N1
1295060,すみません,済みません,"sorry, excuse me",N1
2837102,すめらぎ,天皇,Emperor of Japan,N1
1657910,すり,刷り,printing,N1
1581900,する,剃る,to shave,N1
1298930,すれちがい,擦れ違い,chance encounter,N1
1595920,すれちがう,すれ違う,"to pass by one another, to disagree, to miss each other",N1
1595930,すれる,擦れる,"to rub, to chafe, to wear, to become sophisticated",N1
1006320,すんなり,,"pass with no objection, slim, slender",N1
1595940,ずうずうしい,図々しい,"impudent, shameless",N1
1006400,ずばり,,"decisively, decidedly, once and for all, unreservedly, frankly",N1
1006410,ずぶぬれ,ずぶ濡れ,"soaked, dripping wet",N1
1006430,ずらっと,,"in a line, in a row",N1
1006440,ずるずる,,"sound or act of dragging, loose, inconclusive but unwanted situation, trailingly",N1
1006450,ずれ,,"gap, slippage",N1
1374620,せい,制,"system, organization, imperial command, laws, regulation, control, government, suppression, restraint, holdin",N1
1380580,せい,製,"-made, make",N1
1378800,せいいく,生育,"growth, development, breeding",N1
1375650,せいか,成果,"results, fruits",N1
1376740,せいかい,正解,"correct, right, correct interpretation (answer solution)",N1
1376850,せいき,正規,"regular, legal, formal, established, legitimate",N1
1376910,せいぎ,正義,"justice, right, righteousness, correct meaning",N1
1378920,せいけい,生計,"livelihood, living",N1
1375930,せいけん,政権,"administration, political power",N1
1379900,せいこう,精巧,"elaborate, delicate, exquisite",N1
1374800,せいさい,制裁,"restraint, sanctions, punishment",N1
1375950,せいさく,政策,"political measures, policy",N1
1378210,せいさん,清算,"liquidation, settlement",N1
1376360,せいざ,星座,constellation,N1
1379060,せいし,生死,life and death,N1
1381870,せいし,静止,"stillness, repose, standing still",N1
1381550,せいしゅん,青春,"youth, springtime of life, adolescent",N1
1380340,せいしょ,聖書,"Bible, scriptures",N1
1381180,せいじつ,誠実,"sincere, honest, faithful",N1
1375730,せいじゅく,成熟,"maturity, ripeness",N1
1378230,せいじゅん,清純,"purity, innocence",N1
1377390,せいじょう,正常,"normalcy, normality, normal",N1
1374630,せいする,制する,"to control, to command, to get the better of",N1
1376200,せいぜん,整然,"orderly, regular, well-organized, trim, accurate",N1
1379810,せいそう,盛装,"be dressed up, wear rich clothes",N1
1379820,せいだい,盛大,"grand, prosperous, magnificent",N1
1378350,せいだく,清濁,"good and evil, purity and impurity",N1
1374870,せいてい,制定,"enactment, establishment, creation",N1
1381940,せいてき,静的,static,N1
1380720,せいてつ,製鉄,iron manufacture,N1
1376550,せいてん,晴天,fine weather,N1
1377660,せいとう,正当,"just, justifiable, right, due, proper, equitable, reasonable, legitimate, lawful",N1
1375830,せいねん,成年,"majority, adult age",N1
1374940,せいふく,制服,uniform,N1
1375230,せいふく,征服,"conquest, subjugation, overcoming",N1
1380810,せいほう,製法,"manufacturing method, recipe, formula",N1
1380190,せいみつ,精密,"precise, exact, detailed, minute, close",N1
1380540,せいめい,声明,"declaration, statement, proclamation",N1
1375210,せいめい,姓名,full name,N1
1374970,せいやく,制約,"limitation, restriction, condition, constraints",N1
1379580,せいり,生理,"physiology, menses",N1
1375150,せいりょく,勢力,"influence, power, might, strength, potency, force, energy",N1
1376300,せいれつ,整列,"stand in a row, form a line",N1
1228580,せかす,急かす,"to hurry, to urge on",N1
1585440,せがれ,伜,"son, my son",N1
1383230,せきむ,責務,"duty, obligation",N1
1374060,せじ,世辞,"flattery, compliment",N1
1374170,せたい,世帯,household,N1
1374190,せだい,世代,"generation, the world, the age",N1
1384980,せっかい,切開,"clearing (land), opening up, cutting through",N1
1385450,せっしょく,接触,"touch, contact",N1
1386050,せっち,設置,"establishment, institution",N1
1385960,せっちゅう,折衷,"compromise, cross, blending, eclecticism",N1
1386060,せってい,設定,"establishment, creation",N1
1386440,せっとく,説得,persuasion,N1
1386140,せつ,節,"node, section, occasion, time",N1
1385050,せつじつ,切実,"compelling, serious, severe, acute, earnest, pressing, urgent",N1
1385510,せつぞくし,接続詞,conjunction,N1
1383770,せつない,切ない,"painful, trying, oppressive, suffocating",N1
1386090,せつりつ,設立,"establishment, foundation, institution",N1
1279120,せめ,攻め,"attack, offence",N1
1606150,せろん,世論,public opinion,N1
1387100,せん,仙,"hermit, wizard",N1
1392570,ぜん,前,before,N1
1391890,せんい,繊維,"fibre, fiber, textile",N1
1392190,せんきょ,選挙,election,N1
1389660,せんきょう,宣教,religious mission,N1
1389680,せんげん,宣言,"declaration, proclamation, announcement",N1
1387640,せんこう,先行,"preceding, going first",N1
1392240,せんこう,選考,"selection, screening",N1
1390230,せんさい,戦災,war damage,N1
1389790,せんしゅう,専修,specialization,N1
1390280,せんじゅつ,戦術,tactics,N1
1391330,せんすい,潜水,diving,N1
1596200,せんせんげつ,先先月,month before last,N1
1888910,せんせんしゅう,先先週,week before last,N1
1388080,せんだい,先代,"family predecessor, previous age, previous generation",N1
1388100,せんだって,先だって,"recently, the other day",N1
1388150,せんちゃく,先着,first arrival,N1
1388200,せんてんてき,先天的,"a priori, inborn, innate, inherent, congenital, hereditary",N1
1390420,せんとう,戦闘,"battle, fight, combat",N1
1391360,せんにゅう,潜入,"infiltration, sneaking in",N1
1392080,せんぱく,船舶,ship,N1
1596240,せんよう,専用,"exclusive use, personal use",N1
1389610,せんりょう,占領,"occupation, capture, possession, have a room to oneself",N1
1390660,せんりょく,戦力,war potential,N1
1382190,ぜいむしょ,税務署,tax office,N1
1374510,ぜせい,是正,"correction, revision",N1
1386940,ぜっぱん,絶版,out of print,N1
1386960,ぜつぼう,絶望,"despair, hopelessness",N1
1610700,ぜひとも,是非とも,by all means (with sense of not taking no for an answer),N1
1396490,ぜん,膳,"(small) table, tray, meal",N1
1396420,ぜん,禅,Zen (Buddhism),N1
1394940,ぜんかい,全快,complete recovery of health,N1
1395560,ぜんせい,全盛,height of prosperity,N1
1393680,ぜんてい,前提,"preamble, premise, reason, prerequisite",N1
1393750,ぜんと,前途,"future prospects, outlook, the journey ahead",N1
1396240,ぜんめつ,全滅,annihilation,N1
1394560,ぜんりょう,善良,"goodness, excellence, virtue",N1
1394190,ぜんれい,前例,precedent,N1
1398030,そう,僧,"monk, priest",N1
1176700,そう,沿う,"to run along, to follow",N1
1440810,そう,添う,"to accompany, to become married, to comply with",N1
1401470,そう,総,"whole, all, general, gross",N1
1400840,そうおう,相応,"suitability, fitness",N1
1401490,そうかい,総会,general meeting,N1
1398320,そうかん,創刊,"launching (e.g. newspaper), first issue",N1
1402750,そうきん,送金,"remittance, sending money",N1
1402550,そうこう,走行,"running a wheeled vehicle (e.g. car), traveling",N1
1596380,そうごう,総合,"synthesis, coordination, putting together, integration, composite",N1
1399660,そうさ,捜査,"search (esp. in criminal investigations), investigation",N1
1399690,そうさく,捜索,"search (esp. for someone or something missing), investigation",N1
1612860,そうして,然うして,"and, like that",N1
1402340,そうしょく,装飾,ornament,N1
1400080,そうじゅう,操縦,"management, handling, control, manipulation",N1
1398560,そうぞう,創造,creation,N1
1399430,そうだい,壮大,"magnificent, grand, majestic, splendid",N1
1403080,そうどう,騒動,"strife, riot, rebellion",N1
1402900,そうなん,遭難,"disaster, shipwreck, accident",N1
1401070,そうば,相場,"market price, speculation, estimation",N1
1402400,そうび,装備,equipment,N1
1398640,そうりつ,創立,"establishment, founding, organization",N1
1596490,そえる,添える,"to add to, to attach, to append, to accompany, to garnish, to imitate, to annex",N1
1404190,そくざに,即座に,"immediately, right away",N1
1403780,そくしん,促進,"promotion, acceleration, encouragement, facilitation, spurring on",N1
1404090,そくする,即する,"to conform to, to agree with, to be adapted to, to be based on",N1
1404510,そくばく,束縛,"restraint, shackles, restriction, confinement, binding",N1
1404040,そくめん,側面,"side, flank, sidelight, lateral",N1
1406090,そこで,其処で,"so (conj), accordingly, now, then, thereupon",N1
1596510,そこなう,損なう,"to harm, to hurt, to injure, to damage, to fail in doing",N1
1006720,そこら,其処ら,"everywhere, somewhere, approximately, that area, around there",N1
1397220,そざい,素材,"raw materials, subject matter",N1
1397820,そし,阻止,"obstruction, check, hindrance, prevention, interdiction",N1
1006730,そして,然して,and,N1
1397740,そしょう,訴訟,"litigation, lawsuit",N1
1160520,そだち,育ち,"breeding, growth",N1
1396530,そち,措置,"measure, step",N1
1006780,そちら,其方,"over there, the other",N1
1596550,そっけない,素っ気ない,"cold, short, curt, blunt",N1
1596570,そっちょく,率直,"frankness, candour, openheartedness",N1
1204110,そっぽ,外方,look (or turn) the other way,N1
1485650,そなえつける,備え付ける,"to provide, to furnish, to equip, to install",N1
1596640,そなわる,備わる,"to be furnished with, to be endowed with, to possess, to be among, to be one of, to be possessed of",N1
1176240,その,園,"garden, park, plantation",N1
1006880,そのうえ,その上,"in addition, furthermore",N1
1006930,そのうち,その内,"eventually, sooner or later, of the previously mentioned",N1
1006850,そのため,その為,"hence, for that reason",N1
1006900,そのほか,その外,"besides, in addition, the rest",N1
1406030,そのまま,其の儘,"without change, as it is (i.e. now)",N1
1570770,そびえる,聳える,"to rise, to tower, to soar",N1
1397390,そぼく,素朴,"simplicity, artlessness, naivete",N1
1391100,そまる,染まる,to dye,N1
1472680,そむく,背く,"to run counter to, to go against, to disobey, to infringe",N1
1391160,そめる,染める,"to dye, to colour",N1
1167650,そらす,逸らす,"to turn away, to avert",N1
1480110,そり,反り,"warp, curvature, curve, arch",N1
1006970,それ,其れ,"it, that",N1
1006980,それから,其れから,"and then, after that",N1
1007000,それで,其れで,"and (conj), thereupon, because of that",N1
1406050,それでは,,"in that situation, well then ...",N1
1406060,それでも,其れでも,"but (still), and yet, nevertheless, even so, notwithstanding",N1
1007010,それとも,其れとも,"or, or else",N1
1007040,それに,其れに,"besides, moreover",N1
1007060,それほど,其れ程,"to that degree, extent",N1
1406080,それゆえ,其れ故,"therefore, for that reason, so",N1
1406100,そろい,揃い,"set, suit, uniform",N1
1406750,そんしつ,損失,loss,N1
1406190,そんぞく,存続,"duration, continuance",N1
1610080,ぞい,沿い,along,N1
1403110,ぞう,像,"statue, image, figure, picture, portrait",N1
1403190,ぞうきょう,増強,"augment, reinforce, increase",N1
1403520,ぞうしょう,蔵相,Minister of Finance,N1
1403270,ぞうしん,増進,"promoting, increase, advance",N1
1007170,ぞんざい,,"rude, careless, slovenly",N1
1406940,たい,他意,"ill will, malice, another intention, secret purpose, ulterior motive, fickleness, double-mindedness",N1
1409840,たいおう,対応,"interaction, correspondence, coping with, dealing with",N1
1411320,たいか,退化,"degeneration, retrogression",N1
1409310,たいかく,体格,"physique, constitution",N1
1413230,たいがい,大概,"in general, mainly",N1
1411340,たいがく,退学,dropping out of school,N1
1413500,たいきん,大金,great cost,N1
1410610,たいぐう,待遇,"treatment, reception",N1
1410000,たいけつ,対決,"confrontation, showdown",N1
1409420,たいけん,体験,personal experience,N1
1410020,たいこう,対抗,"opposition, antagonism",N1
1409820,たいして,対して,"for, in regard to, per",N1
1414050,たいしゅう,大衆,general public,N1
1410070,たいしょ,対処,"deal with, cope",N1
1411420,たいしょく,退職,retirement (from office),N1
1411390,たいじ,退治,extermination,N1
1410770,たいせい,態勢,"attitude, conditions, preparations",N1
1410230,たいだん,対談,"talk, dialogue, conversation",N1
1410250,たいとう,対等,equivalent,N1
1410940,たいのう,滞納,"non-payment, default",N1
1410260,たいひ,対比,"contrast, comparison",N1
1414830,たいぶ,大部,"most (e.g. most part), greater, fairly, a good deal, much",N1
1655340,たいへん,対辺,(geometrical) opposite side,N1
1410650,たいぼう,待望,expectant waiting,N1
1410740,たいまん,怠慢,"negligence, procrastination, carelessness",N1
1410270,たいめん,対面,"interview, meeting",N1
1409760,たいりょく,体力,physical strength,N1
1410300,たいわ,対話,"interactive, interaction, conversation, dialogue",N1
1211310,たえる,耐える,"to bear, to endure",N1
1386710,たえる,絶える,"to die out, to peter out, to become extinct",N1
1211310,たえる,堪える,"to bear, to stand, to endure, to put up with, to support, to withstand, to resist, to brave, to be fit for, t",N1
1633260,たか,高,"quantity, amount, volume, number, amount of money",N1
1283220,たかまる,高まる,"to rise, to swell, to be promoted",N1
1504680,たきび,焚火,(open) fire,N1
1415870,たくさん,沢山,"many, a lot, much",N1
1573650,たくましい,逞しい,"burly, strong, sturdy",N1
1278290,たくみ,巧み,"skill, cleverness",N1
1596870,たぐい,類,a kind,N1
1354600,たけ,丈,"height, stature, length, measure, all (one has)",N1
1404680,たしざん,足し算,addition,N1
1407870,たすうけつ,多数決,majority rule,N1
1344390,たすけ,助け,assistance,N1
1250660,たずさわる,携わる,"to participate, to take part",N1
1489240,ただよう,漂う,"to drift about, to float, to hang in air",N1
1216210,たち,館,"1. mansion, small castle",N1
1551810,たちかた,立方,dancing (geisha),N1
1288480,たちまち,忽ち,"at once, in a moment, suddenly, all at once",N1
1551300,たちよる,立ち寄る,"to stop by, to drop in for a short visit",N1
1416240,たっしゃ,達者,"skillful, in good health",N1
1416260,たっせい,達成,achievement,N1
1598620,たっとい,尊い,"precious, valuable, priceless, noble, exalted, sacred",N1
1598620,たっとい,貴い,"precious, valuable, priceless, noble, exalted, sacred",N1
1598640,たっとぶ,尊ぶ,"to value, to prize, to esteem",N1
1597030,たつ,絶つ,"to sever, to cut off, to suppress, to abstain (from)",N1
1341840,たて,盾,"shield, buckler, escutcheon, pretext",N1
1597110,たてまえ,建前,"face, official stance, public position or attitude (as opposed to private thoughts)",N1
1584070,たてまつる,奉る,"to offer, to present, to revere, to do respectfully",N1
1597125,たとえ,仮令,"example, even if, if, though, although",N1
1407290,たどうし,他動詞,transitive verb (direct obj),N1
1416680,たどりつく,辿り着く,"to grope along to, to struggle on to, to arrive somewhere after a struggle",N1
1416690,たどる,辿る,"to follow (road), to pursue (course), to follow up",N1
1580300,たなごころ,掌,the palm,N1
1207270,たのしむ,楽しむ,to enjoy oneself,N1
1610270,たのみ,頼み,"request, favor, reliance, dependence",N1
1597150,たばこ,煙草,"(pt:) (n) (uk) tobacco (pt: tabaco), cigarettes",N1
1597160,たびたび,度々,"often, repeatedly, frequently",N1
1407370,たほう,他方,"another side, different direction, (on) the other hand",N1
1408040,たぼう,多忙,"busy, pressure of work",N1
1230220,たまう,給う,"to receive, to grant",N1
1634500,たまに,偶に,"occasionally, once in a while",N1
1211340,たまらない,堪らない,"intolerable, unbearable, unendurable",N1
1552620,たまり,溜まり,"collected things, gathering place, arrears",N1
1312860,たまわる,賜る,"to grant, to bestow",N1
2713240,ためし,例,"instance, example, case, precedent, experience, custom, usage, parallel, illustration",N1
1573390,ためらう,躊躇う,to hesitate,N1
1513250,たもつ,保つ,"to keep, to preserve, to hold, to retain, to maintain, to support, to sustain, to last, to endure, to keep we",N1
1545360,たやすい,容易い,"easy, simple, light",N1
1408100,たよう,多様,"diversity, variety",N1
1421570,たるみ,弛み,"slack, slackening, dullness, letdown",N1
1421580,たるむ,弛む,"to slacken, to loosen, to relax",N1
1370860,たれ,,adjectival suffix for a person,N1
1370870,たれる,垂れる,"to hang, to droop, to drop, to lower, to pull down, to dangle, to sag, to drip, to ooze, to trickle, to leave",N1
1891990,たん,歎,"grief, sigh, lamentation",N1
1480050,たん,反,"roll of cloth (c. 10 yds.), .245 acres, 300 tsubo",N1
1417100,たんいつ,単一,"single, simple, sole, individual, unitory",N1
1418630,たんか,短歌,"tanka, 31-syllable Japanese poem",N1
1418150,たんか,担架,"stretcher, litter",N1
1418670,たんき,短気,quick temper,N1
1597250,たんけん,探検,"exploration, expedition",N1
1418740,たんしゅく,短縮,"shortening, abbreviation, reduction",N1
1418990,たんす,箪笥,chest of drawers,N1
1418570,たんそ,炭素,carbon (C),N1
1418780,たんだい,短大,junior college,N1
1417760,たんちょう,単調,"monotony, monotone, dullness",N1
1417780,たんどく,単独,"sole, independence, single, solo (flight)",N1
1418810,たんぱ,短波,short wave,N1
1419070,たんぱくしつ,蛋白質,protein,N1
1415260,だい,第,ordinal,N1
1414500,だいたん,大胆,"bold, daring, audacious",N1
1412770,だいなし,台無し,"mess, spoiled, (come to) nothing",N1
1415010,だいべん,大便,"feces, excrement, shit",N1
1412300,だいべん,代弁,"pay by proxy, act for another, speak for another",N1
1412760,だいほん,台本,"libretto, scenario",N1
1412360,だいよう,代用,substitution,N1
1408850,だかい,打開,break in the deadlock,N1
1408510,だきょう,妥協,"compromise, giving in",N1
1007340,だけ,丈,"only, just, as",N1
1408530,だけつ,妥結,agreement,N1
1408870,だげき,打撃,"1. blow, shock, strike, damage, 2. batting (baseball)",N1
1409040,ださく,駄作,"poor work, rubbish",N1
1416520,だっしゅつ,脱出,escape,N1
1416420,だっする,脱する,"to escape from, to get out",N1
1416570,だったい,脱退,secession,N1
1007430,だぶだぶ,,"loose, baggy",N1
1574550,だます,騙す,"to trick, to cheat, to deceive",N1
1007480,だらけ,,implying (negatively) that something is full of e.g. mistakes,N1
1007520,だるい,怠い,"sluggish, feel heavy, languid, dull",N1
1419320,だん,壇,"1. platform, podium, rostrum, 2. (arch) mandala",N1
1419230,だんけつ,団結,"unity, union, combination",N1
1419590,だんげん,断言,"declaration, affirmation",N1
1419690,だんぜん,断然,"firmly, absolutely, definitely",N1
1597350,だんだん,段々,"gradually, by degrees",N1
1418410,だんな,旦那,"master (of house), husband (informal)",N1
1419810,だんめん,断面,cross section,N1
1419530,だんりょく,弾力,"elasticity, flexibility",N1
1316840,ちあん,治安,public order,N1
1242170,ちかづく,近付く,"to approach, to get near, to get acquainted with, to get closer",N1
1158890,ちがえる,違える,to change,N1
1250160,ちぎる,契る,"to pledge, to promise, to swear",N1
1422180,ちくさん,畜産,animal husbandry,N1
1422200,ちくしょう,畜生,"beast, brute, damn",N1
1422440,ちくせき,蓄積,"accumulation, accumulate, store",N1
1420630,ちせい,知性,intelligence,N1
1464980,ちち,乳,"milk, breast, loop",N1
1497690,ちちはは,父母,"father and mother, parents",N1
1337540,ちぢまる,縮まる,"to be shortened, to be contracted, to shrink",N1
1422540,ちっそく,窒息,suffocation,N1
1007560,ちっとも,些とも,not at all (neg. verb),N1
1422520,ちつじょ,秩序,"order, regularity, system, method",N1
1420650,ちてき,知的,intellectual,N1
1956680,ちょ,著,"counter for suits of clothing, arriving at ..",N1
1597470,ちゃく,着,"counter for suits of clothing, arriving at ..",N1
1423060,ちゃくしゅ,着手,"embarkation, launch",N1
1423090,ちゃくしょく,着色,"colouring, coloring",N1
1423130,ちゃくせき,着席,"sit down, seat",N1
1423260,ちゃくもく,着目,attention,N1
1423280,ちゃくりく,着陸,"landing, alighting, touch down",N1
1423030,ちゃっこう,着工,start of (construction) work,N1
1422600,ちゃのま,茶の間,living room (Japanese style),N1
1422610,ちゃのゆ,茶の湯,tea ceremony,N1
1007620,ちやほや,,"pamper, make a fuss of, spoil",N1
1581710,ちゅうかん,昼間,"daytime, during the day",N1
1426110,ちゅうがえり,宙返り,"somersault, looping-the-loop",N1
1424040,ちゅうけい,中継,"relay, hook-up",N1
1426140,ちゅうこく,忠告,"advice, warning",N1
1581690,ちゅうし,中指,middle finger,N1
1424500,ちゅうしょう,中傷,"slander, libel, defamation",N1
1012210,ちゅうじつ,忠実,"fidelity, faithfulness",N1
1424660,ちゅうすう,中枢,"centre, pivot, mainstay, nucleus, backbone, central figure, pillar, key man",N1
1426220,ちゅうせん,抽選,"lottery, raffle, drawing (of lots)",N1
1424900,ちゅうだん,中断,"interruption, suspension, break",N1
1425430,ちゅうっぱら,中っ腹,"irritated, offended",N1
1425160,ちゅうどく,中毒,poisoning,N1
1425960,ちゅうにん,仲人,"go-between, matchmaker",N1
1426410,ちゅうはん,昼飯,"lunch, midday meal",N1
1425540,ちゅうりつ,中立,neutrality,N1
1425670,ちゅうわ,中和,"neutralize, counteract",N1
1428960,ちょう,腸,"guts, bowels, intestines",N1
1429010,ちょう,蝶,butterfly,N1
1429340,ちょう,超,"super-, ultra-, hyper-",N1
1427590,ちょう,庁,government office,N1
1429080,ちょういん,調印,"signature, sign, sealing",N1
1428880,ちょうかく,聴覚,the sense of hearing,N1
1429820,ちょうかん,長官,"chief, (government) secretary",N1
1428890,ちょうこう,聴講,"lecture attendance, auditing",N1
1428110,ちょうしゅう,徴収,"collection, levy",N1
1428920,ちょうしんき,聴診器,stethoscope,N1
1428240,ちょうせん,挑戦,"challenge, defiance",N1
1610340,ちょうだい,長大,"very long, great length",N1
1429260,ちょうてい,調停,"arbitration, conciliation, mediation",N1
1427340,ちょうど,恰度,"just, right, exactly",N1
1430110,ちょうへん,長編,long (e.g. novel film),N1
1427420,ちょうめ,丁目,"district of a town, city block (of irregular size)",N1
1429310,ちょうり,調理,cooking,N1
1429330,ちょうわ,調和,harmony,N1
1007790,ちょくちょく,,"often, frequently, now and then, occasionally",N1
1431540,ちょくめん,直面,confrontation,N1
1427140,ちょしょ,著書,"literary work, book",N1
1597700,ちょちく,貯蓄,savings,N1
1430850,ちょっかん,直感,intuition,N1
1163940,ちょっと,一寸,"(ateji) (adv int) (uk) just a minute, a short time, a while, just a little, somewhat, easily, readily, rath",N1
1427150,ちょめい,著名,"well-known, noted, celebrated",N1
1007920,ちらっと,,"at a glance, by accident",N1
1369920,ちりとり,塵取り,dustpan,N1
1316890,ちりょう,治療,medical treatment,N1
1431990,ちんぎん,賃金,wages,N1
1431790,ちんでん,沈殿,"precipitation, settlement",N1
1431800,ちんぼつ,沈没,"sinking, foundering",N1
1431810,ちんもく,沈黙,"silence, reticence",N1
1432210,ちんれつ,陳列,"exhibition, display, show",N1
1432480,ついきゅう,追及,"gaining on, carrying out, solving (crime)",N1
1432560,ついせき,追跡,pursuit,N1
1316390,ついで,次いで,"next, secondly, subsequently",N1
1432670,ついほう,追放,"exile, banishment",N1
1484600,ついやす,費やす,"to spend, to devote, to waste",N1
1432240,ついらく,墜落,"falling, crashing",N1
1432840,つう,通,"connoisseur, counter for letters",N1
1432760,つうかん,痛感,"feeling keenly, fully realizing",N1
1433280,つうじょう,通常,"common, general, usually",N1
1432790,つうせつ,痛切,"keen, acute",N1
1356620,つえ,杖,cane,N1
1305720,つかい,遣い,"mission, simple task, doing",N1
1305900,つかいみち,使い道,use,N1
1304760,つかえる,仕える,"to serve, to work for",N1
1306630,つかさどる,司る,"to rule, to govern, to administer",N1
1404490,つかのま,束の間,"moment, brief time, brief, transient",N1
1583630,つき,付き,"attached to, impression, sociality, appearance, furnished with, under, to",N1
1597790,つきあう,付き合う,"to associate with, to keep company with, to get on with",N1
1255810,つきなみ,月並み,"every month, common",N1
1370070,つきる,尽きる,"to be used up, to be run out, to be exhausted, to be consumed, to come to an end",N1
1251860,つぎめ,継ぎ目,"a joint, joining point",N1
1444150,つく,吐く,"1. to breathe, 2. to tell (lies), 3. to vomit, to disgorge",N1
1370090,つくす,尽くす,"to exhaust, to run out, to serve (a person), to befriend",N1
1297250,つくり,作り,"make-up, sliced raw fish",N1
1297250,つくり,造り,"make up, structure, physique",N1
1396480,つくろう,繕う,"to mend, to repair, to fix, to patch up, to darn, to tidy up, to adjust, to trim",N1
1385340,つぐ,接ぐ,"to join, to piece together, to set (bones), to graft (trees)",N1
1251750,つぐ,継ぐ,to succeed,N1
1495790,つけくわえる,付け加える,to add one thing to another,N1
1285990,つげる,告げる,to inform,N1
1433730,つじつま,辻褄,"coherence, consistency",N1
1610410,つっぱる,突っ張る,"to support, to become stiff, to become taut, to thrust (ones opponent), to stick to (ones opinion), to in",N1
1449590,つつ,筒,"pipe, tube",N1
1456895,つつく,突く,"1. to thrust, to strike, to attack, 2. to poke, to nudge, to pick at",N1
1598000,つつしむ,慎む,"to be careful, to be chaste or discreet, to abstain or refrain",N1
2545840,つてこと,伝言,"verbal message, rumor, word",N1
1582180,でんごん,伝言,"verbal message, rumor, word",N1
1240800,つとまる,勤まる,"to be fit for, to be equal to, to function properly",N1
1240910,つとめさき,勤め先,place of work,N1
1445110,つとめて,努めて,"make an effort!, work hard!",N1
1432220,つなみ,津波,"tsunami, tidal wave",N1
1567230,つねる,抓る,to pinch,N1
1514800,つのる,募る,"to invite, to solicit help participation etc",N1
1408410,つば,唾,"saliva, sputum",N1
1565120,つぶやく,呟く,"to mutter, to murmur",N1
1585820,つぶる,瞑る,to close the eyes,N1
1433870,つぼ,壷,"tsubo jar, pot, vase",N1
1571800,つぼみ,蕾,"bud, flower bud",N1
1573400,つまずく,躓く,"to stumble, to trip",N1
1598080,つまむ,摘む,"to pinch, to hold, to pick up",N1
1008190,つまらない,詰らない,"insignificant, boring, trifling",N1
1610430,つまり,詰まり,"in short, in brief, in other words, that is to say, in the long run, after all, blockade, stuffing, ultimate",N1
1560070,つゆ,露,dew,N1
1236130,つよまる,強まる,"to get strong, to gain strength",N1
1236150,つよめる,強める,"to strengthen, to emphasize",N1
1559240,つらなる,連なる,"to extend, to stretch out, to stand in a row",N1
1215070,つらぬく,貫く,to go through,N1
1559250,つらねる,連ねる,"to link, to join, to put together",N1
1434040,つり,釣り,"fishing, angling",N1
1773770,つりかわ,吊り革,strap,N1
1434090,つりがね,釣鐘,hanging bell,N1
1433980,つるす,吊るす,to hang,N1
1598240,てあて,手当て,"allowance, compensation, treatment, medical care",N1
1409160,てい,体,"appearance, air, condition, state, form",N1
1436360,ていきょう,提供,"offer, tender, program sponsoring, furnishing",N1
1435530,ていぎ,定義,definition,N1
1436380,ていけい,提携,"cooperation, tie-up, joint business, link-up",N1
1409480,ていさい,体裁,"decency, style, form, appearance, show, get-up, format",N1
1436480,ていし,梯子,"ladder, stairs",N1
1435650,ていしょく,定食,"set meal, special (of the day)",N1
1436400,ていじ,提示,"presentation, exhibit, suggest, citation",N1
1436710,ていせい,訂正,"correction, revision",N1
1435010,ていたい,停滞,"stagnation, tie-up, congestion, retention, accumulation, falling into arrears",N1
1436820,ていたく,邸宅,"mansion, residence",N1
1435740,ていねん,定年,retirement age,N1
1435350,ていぼう,堤防,"bank, weir",N1
1328120,ておくれ,手遅れ,"too late, belated treatment",N1
1327970,てかず,手数,"number of moves, trouble",N1
1598300,てがかり,手掛かり,"contact, trail, scent, on hand, hand hold, clue, key",N1
1327390,てがける,手掛ける,"to handle, to manage, to work with, to rear, to look after, to have experience with",N1
1327530,てがる,手軽,"easy, simple, informal, offhand, cheap",N1
1437260,てき,的,"-like, typical",N1
1437350,てきおう,適応,"adaptation, accommodation, conformity",N1
1437380,てきぎ,適宜,suitability,N1
1437410,てきせい,適性,aptitude,N1
1327690,てぎわ,手際,"performance, skill, tact",N1
1327810,てじゅん,手順,"process, procedure, protocol",N1
1327900,てじょう,手錠,"handcuffs, manacles",N1
1327490,てぢか,手近,"near, handy, familiar",N1
1008290,てっきり,,"surely, certainly, beyond doubt",N1
1437880,てっこう,鉄鋼,iron and steel,N1
1598340,てっする,徹する,"to sink in, to penetrate, to devote oneself, to believe in, to go through, to do intently and exclusively",N1
1779480,てっぺん,鉄片,iron scraps,N1
1328260,てはい,手配,"arrangement, search (by police)",N1
1328290,てはず,手筈,"arrangement, plan, programme",N1
1598410,てびき,手引き,"guidance, guide, introduction",N1
1328390,てほん,手本,"model, pattern",N1
1327380,てまわし,手回し,"preparations, arrangements",N1
1327560,てもと,手元,"on hand, at hand, at home",N1
1350850,てりかえす,照り返す,"to reflect, to throw back light",N1
1328340,てわけ,手分け,division of labour,N1
1582125,てん,店,"store, shop, establishment",N1
1441440,てんか,点火,"ignition, lighting, set fire to",N1
1441070,てんかい,転回,"revolution, rotation",N1
1441080,てんかん,転換,"convert, divert",N1
1441100,てんきょ,転居,"moving, changing residence",N1
1441120,てんきん,転勤,"transfer, transmission",N1
1441540,てんけん,点検,"inspection, examination, checking",N1
1441140,てんこう,転校,change schools,N1
1439080,てんごく,天国,"paradise, heaven, Kingdom of Heaven",N1
1439090,てんさい,天才,"genius, prodigy, natural gift",N1
1439110,てんさい,天災,"natural calamity, disaster",N1
1440610,てんじ,展示,"exhibition, display",N1
1438340,てんじょう,天井,"ceiling, ceiling price",N1
1441040,てんじる,転じる,"to turn, to shift, to alter, to distract",N1
1441690,てんせん,点線,"dotted line, perforated line",N1
1439740,てんたい,天体,heavenly body,N1
1704220,てんてん,転転,"rolling about, moving from place to place, being passed around repeatedly",N1
1008320,てんで,,"(not) at all, altogether, entirely",N1
1441320,てんにん,転任,change of post,N1
1440640,てんぼう,展望,"view, outlook, prospect",N1
1441370,てんらく,転落,"fall, degradation, slump",N1
1598530,であう,出合う,"to meet by chance, to come across, to happen to encounter, to hold a rendezvous, to have a date",N1
1598540,でいりぐち,出入り口,exit and entrance,N1
1008370,でかい,,huge,N1
1580150,できもの,出来物,"able man, tumour, growth, boil, ulcer, abcess, rash, pimple",N1
1339500,できる,出切る,"to be out of, to have no more at hand",N1
1337950,でくわす,出くわす,"to happen to meet, to come across",N1
1339630,でたらめ,出鱈目,"irresponsible utterance, nonsense, nonsensical, random, haphazard, unsystematic",N1
1339740,でなおし,出直し,"adjustment, touch up",N1
1442740,でんえん,田園,"country, rural districts",N1
1443220,でんげん,電源,"source of electricity, power (button on TV etc.)",N1
1442100,でんせつ,伝説,"tradition, legend, folklore",N1
1443570,でんせん,電線,electric line,N1
1442240,でんたつ,伝達,"transmission (e.g. news), communication, delivery",N1
1442450,でんらい,伝来,"ancestral, hereditary, imported, transmitted, handed down",N1
1008490,と,,"1. if (conjunction), 2. promoted pawn (shogi) (abbr)",N1
1535960,といあわせる,問い合わせる,"to enquire, to seek information",N1
1584790,といや,問屋,wholesale store,N1
1536000,とう,問う,"to ask, to question, to charge (i.e. with a crime), to accuse, without regard to (neg)",N1
1448340,とう,棟,"place, section, building",N1
1582305,とう,等,"et cetera, etc., and the like",N1
1450610,とうき,陶器,"pottery, ceramics",N1
1449410,とうきゅう,等級,"grade, class",N1
1449960,とうぎ,討議,"debate, discussion",N1
1444760,とうこう,登校,attendance (at school),N1
1449760,とうごう,統合,"integration, unification, synthesis",N1
1445890,とうさん,倒産,"(corporate) bankruptcy, insolvency",N1
1447230,とうし,投資,investment,N1
1449790,とうじ,統治,"rule, reign, government, governing",N1
1449820,とうせい,統制,"regulation, control",N1
1449180,とうせん,当選,"being elected, winning the prize",N1
1450450,とうそう,逃走,"flight, desertion, escape",N1
1449840,とうそつ,統率,"command, lead, generalship, leadership",N1
1449860,とうたつ,到達,"reaching, attaining, arrival",N1
1449880,とうてい,到底,(cannot) possibly,N1
2857308,とうとう,丁々,"clashing of swords, felling of trees, ringing of an ax",N1
1447300,とうにゅう,投入,"throw, investment, making (an electrical circuit)",N1
1449120,とうにん,当人,"the one concerned, the said person",N1
1450470,とうぼう,逃亡,escape,N1
1446150,とうみん,冬眠,"hibernation, winter sleep",N1
1444810,とうろく,登録,"registration, register, entry, record",N1
1449980,とうろん,討論,"debate, discussion",N1
1177830,とおざかる,遠ざかる,to go far off,N1
1177930,とおまわり,遠回り,"detour, roundabout way",N1
1432940,とおりかかる,通りかかる,to happen to pass by,N1
1444050,とかく,兎角,"anyhow, anyway, somehow or other, generally speaking, in any case, this and that, many, be apt to",N1
1565100,とがめる,咎める,"to blame, to find fault, to take someone to task, to aggravate (an injury)",N1
1598670,ときおり,時折,sometimes,N1
1598690,とぎれる,跡切れる,"to pause, to be interrupted",N1
1386420,とく,説く,"to explain, to advocate, to preach, to persuade",N1
1454740,とくぎ,特技,special skill,N1
1454920,とくさん,特産,"specialty, special product",N1
1455060,とくしゅう,特集,"feature (e.g. newspaper), special edition, report",N1
1454590,とくてん,得点,"score, points made, marks obtained, runs",N1
1455230,とくは,特派,"send specially, special envoy",N1
1455370,とくゆう,特有,"characteristic (of), peculiar (to)",N1
1598700,とぐ,研ぐ,"to sharpen, to grind, to scour, to hone, to polish, to wash (rice)",N1
1598710,とげ,刺,"thorn, splinter, spine, biting words",N1
1372620,とげる,遂げる,"to accomplish, to achieve, to carry out",N1
1349370,とこ,床,"bed, sickbed, alcove, padding",N1
1008570,ところが,所が,"however, while, even if",N1
1343110,ところで,所で,"by the way, even if, no matter what",N1
1468660,としごろ,年頃,"age, marriageable age, age of puberty, adolescence, for some years",N1
1598750,としより,年寄り,"old people, the aged",N1
1267060,とじまり,戸締り,"closing up, fastening the doors",N1
1444870,とじょう,途上,"en route, half way",N1
1433770,とじる,綴じる,"to bind, to file",N1
1444900,とだえる,途絶える,"to stop, to cease, to come to an end",N1
1454780,とっきょ,特許,"special permission, patent",N1
1320570,とっくに,疾っくに,"long ago, already, a long time ago",N1
1454870,とっけん,特権,"privilege, special right",N1
1565170,とっさ,咄嗟,"moment, instant",N1
1598780,とって,取っ手,"handle, grip, knob",N1
1457100,とっぱ,突破,"breaking through, breakthrough, penetration",N1
1457090,とつじょ,突如,"suddenly, all of a sudden",N1
1008630,とても,迚も,"very, awfully, exceedingly",N1
1376140,ととのえる,整える,"to put in order, to get ready, to arrange, to adjust",N1
1598810,とどけ,届け,"report, notification, registration",N1
1410920,とどこおる,滞る,"to stagnate, to be delayed",N1
2657130,とどまる,止まる,to be limited to,N1
1598820,とどめる,留める,"to stop, to cease, to put an end to",N1
1598820,とどめる,止める,"to stop, to cease, to put an end to",N1
1347490,となえる,唱える,"to recite, to chant, to call upon",N1
1443990,とにかく,兎に角,"anyhow, at any rate, anyway, somehow or other, generally speaking, in any case",N1
1442650,とのさま,殿様,feudal lord,N1
2546060,とばり,帳,curtain,N1
1483380,とびら,扉,"door, opening",N1
1444510,とほ,徒歩,"walking, going on foot",N1
1584130,とぼしい,乏しい,"meagre, scarce, limited, destitute, hard up, scanty, poor",N1
1496730,とみ,富,"wealth, fortune",N1
1496740,とむ,富む,"to be rich, to become rich",N1
1444010,ともかく,兎も角,"anyhow, anyway, somehow or other, generally speaking, in any case",N1
1234340,ともかせぎ,共稼ぎ,"working together, (husband and wife) earning a living together",N1
2850328,ともしび,灯,light,N1
1478370,ともなう,伴う,"to accompany, to bring with, to be accompanied by, to be involved in",N1
1234760,ともばたらき,共働き,dual income,N1
1598960,とらえる,捕らえる,"to seize, to grasp, to capture, to arrest",N1
1598980,とりあえず,取りあえず,"at once, first of all, for the time being",N1
1598990,とりあつかい,取り扱い,"treatment, service, handling, management",N1
1326540,とりあつかう,取り扱う,"to treat, to handle, to deal in",N1
1430280,とりい,鳥居,torii (Shinto shrine archway),N1
1599020,とりかえ,取り替え,"swap, exchange",N1
1326820,とりくむ,取り組む,"to tackle, to wrestle with, to engage in a bout, to come to grips with",N1
1599070,とりしまり,取り締まり,"control, management, supervision",N1
1326860,とりしまる,取り締まる,"to manage, to control, to supervise",N1
1326840,とりしらべる,取り調べる,"to investigate, to examine",N1
1326960,とりたてる,取り立てる,"to collect, to extort, to appoint, to promote",N1
1326760,とりつぐ,取り次ぐ,"to act as an agent for, to announce (someone), to convey (a message)",N1
1326780,とりのぞく,取り除く,"to remove, to take away, to set apart",N1
1599120,とりひき,取り引き,"transactions, dealings, business",N1
1326610,とりまく,取り巻く,"to surround, to circle, to enclose",N1
1326730,とりまぜる,取り混ぜる,"to mix, to put together",N1
1326940,とりもどす,取り戻す,"to take back, to regain",N1
1326620,とりよせる,取り寄せる,"to order, to send away for",N1
1599150,とりわけ,取り分け,"especially, above all",N1
1599170,とろける,蕩ける,to be enchanted with,N1
1008770,とんだ,,"terrible, awful, serious, preposterous, absolutely not",N1
1454010,どう,胴,"trunk, body, frame",N1
,どう,働,"work, labor",N1
1451730,どう,同,"the same, the said, ibid.",N1
1451850,どうい,同意,"agreement, consent, same meaning, same opinion, approval",N1
1451260,どういん,動員,mobilization,N1
1452020,どうかん,同感,"agreement, same opinion, same feeling, sympathy, concurrence",N1
1451310,どうき,動機,"motive, incentive",N1
1452110,どうきゅう,同級,"the same grade, same class",N1
1452130,どうきょ,同居,living together,N1
1451330,どうこう,動向,"trend, tendency, movement, attitude",N1
1452400,どうし,同士,"fellow, companion, comrade",N1
1452410,どうし,同志,"same mind, comrade, kindred soul",N1
1466940,どうして,如何して,"why?, for what reason, how, in what way, for what purpose, what for",N1
1466950,どうしても,如何しても,"by all means, at any cost, no matter what, after all, in the long run, cravingly, at any rate, surely",N1
1452720,どうじょう,同情,"sympathy, compassion, sympathize, pity, feel for",N1
1454220,どうじょう,道場,"dojo, hall used for martial arts training, mandala",N1
1008960,どうぞよろしく,どうぞ宜しく,pleased to meet you,N1
1453120,どうちょう,同調,"sympathy, agree with, alignment, tuning",N1
1451440,どうてき,動的,"dynamic, kinetic",N1
1453190,どうとう,同等,"equality, equal, same rights, same rank",N1
1599260,どうどう,堂々,"magnificent, grand, impressive",N1
1008990,どうにか,,"in some way or other, one way or another",N1
1453790,どうにゅう,導入,"introduction, bringing in, leading in",N1
1453340,どうふう,同封,enclosure (e.g. in a letter),N1
1599290,どうめい,同盟,"alliance, union, league",N1
1009020,どうやら,,"it seems like, somehow or other",N1
1451630,どうよう,動揺,"disturbance, unrest, shaking, trembling, pitching, rolling, oscillation, agitation, excitement, commotion",N1
1451660,どうりょく,動力,"power, motive power, dynamic force",N1
1455800,どくさい,独裁,"dictatorship, despotism",N1
1456400,どくしゃ,読者,reader,N1
1455810,どくじ,独自,"original, peculiar, characteristic",N1
1455870,どくせん,独占,monopoly,N1
1455920,どくそう,独創,originality,N1
1577140,どこ,何処,"where, what place",N1
1189000,どこか,何処か,"somewhere, anywhere, in some respects",N1
1702340,どさん,土産,product of the land,N1
1445450,どだい,土台,"foundation, base, basis",N1
1189360,どちら,何方,"which, who",N1
1445370,どて,土手,"embankment, bank",N1
1189370,どなた,何方,who?,N1
1445740,どなる,怒鳴る,"to shout, to yell",N1
1445550,どひょう,土俵,arena,N1
1445570,どぼく,土木,public works,N1
1009290,どれ,何れ,"well, now, let me see, which (of three or more)",N1
1188630,どれどれ,何れ何れ,which (emphatic),N1
1445240,どわすれ,度忘れ,"lapse of memory, forget for a moment",N1
1457600,どんかん,鈍感,"thickheadedness, stolidity",N1
1457910,ないかく,内閣,"cabinet, (government) ministry",N1
1469810,ないし,乃至,"from...to, between...and, or",N1
1458740,ないぞう,内臓,"internal organs, intestines, viscera",N1
1459030,ないぶ,内部,"interior, inside, internal",N1
1459460,ないらん,内乱,"civil war, insurrection, rebellion, domestic conflict",N1
1459500,ないりく,内陸,inland,N1
1490470,なえ,苗,rice seedling,N1
1349300,なお,尚,"furthermore, still, yet, more, still more, greater, further, less",N1
1349320,なおさら,尚更,"all the more, still less",N1
1424990,なかほど,中程,"middle, midway",N1
1552100,ながし,流し,sink,N1
1599440,ながなが,長々,"long, drawn-out, very long",N1
1181390,なぐる,殴る,"to strike, to hit",N1
1418090,なげく,嘆く,"to sigh, to lament, to grieve",N1
1447040,なげだす,投げ出す,"to throw down, to abandon, to sacrifice, to throw out",N1
1561940,なごやか,和やか,"mild, calm, gentle, quiet, harmonious",N1
1531530,なごり,名残,"remains, traces, memory",N1
1356220,なさけ,情け,"sympathy, compassion",N1
1599490,なさけぶかい,情け深い,"tender-hearted, compassionate",N1
1157090,なさる,為さる,to do,N1
1226560,なじる,詰る,"to rebuke, to scold, to tell off",N1
1577120,なぜ,何故,"why, how",N1
1009410,なぜなら,何故なら,because,N1
1531490,なだかい,名高い,"famous, celebrated, well-known",N1
1386690,なだれ,雪崩,avalanche,N1
1200510,なつく,懐く,to become emotionally attached,N1
1531790,なづける,名付ける,to name (someone),N1
1599570,なにげない,何気ない,"casual, unconcerned",N1
1188330,なにしろ,何しろ,"at any rate, anyhow, anyway, in any case",N1
1189140,なにとぞ,何卒,please,N1
1188490,なにも,何も,nothing,N1
1188530,なにより,何より,"most, best",N1
1579630,なぬか,七日,"seven days, the seventh day (of the month)",N1
1531510,なふだ,名札,"name plate, name tag",N1
1379110,なまぐさい,生臭い,"smelling of fish or blood, fish or meat",N1
1378810,なまぬるい,生温い,"lukewarm, halfhearted",N1
1379160,なまみ,生身,"living flesh, flesh and blood, the quick",N1
1178500,なまり,鉛,lead (the metal),N1
1582440,なまる,鈍る,"to become less capable, to grow dull, to become blunt, to weaken",N1
1599620,なみ,並み,"average, medium, common, ordinary",N1
1208560,なめらか,滑らか,"smoothness, glassiness",N1
1571320,なめる,嘗める,"to lick, to taste, to experience, to make fun of, to make light of, to put down, to treat with contempt",N1
1469830,なやましい,悩ましい,"seductive, melancholy, languid",N1
1469840,なやます,悩ます,"to afflict, to torment, to harass, to molest",N1
1469850,なやみ,悩み,"trouble(s), worry, distress, anguish, agony, problem",N1
1642720,ならし,均し,"equilibrium, balance, average, mean",N1
1212650,ならす,慣らす,to accustom,N1
1212650,ならす,馴らす,"to domesticate, to tame",N1
1508350,ならびに,並びに,and,N1
1375600,なりたつ,成り立つ,"to conclude, to consist of, to be practical (logical feasible viable), to hold true",N1
1375630,なるたけ,成る丈,"as much as possible, if possible",N1
1375620,なるべく,成るべく,as much as possible,N1
1212660,なれ,慣れ,"practice, experience",N1
1459780,なれなれしい,馴れ馴れしい,over-familiar,N1
1460830,なん,難,"difficulty, hardships, defect",N1
,なん,南,south,N1
1009500,なんか,,"things like ..., or something like that .. (often derogatory)",N1
1188350,なんだか,何だか,"a little, somewhat, somehow",N1
1188360,なんだかんだ,何だかんだ,something or other,N1
1188370,なんて,何て,"how...!, what...!",N1
1188410,なんと,何と,"what, how, whatever",N1
1599730,なんとなく,何となく,"somehow or other, for some reason or another",N1
1188690,なんとも,何とも,"nothing (with neg. verb), quite, not a bit",N1
1188460,なんなり,何なり,"any, anything, whatever",N1
1195250,に,荷,"load, baggage, cargo",N1
1314700,にかよう,似通う,to resemble closely,N1
1533600,にきび,面皰,"pimple, acne",N1
1463500,にぎわう,賑わう,"to prosper, to flourish, to do thriving business, to be crowded with people",N1
1403390,にくい,悪い,"hateful, abominable, poor-looking",N1
1403400,にくしみ,憎しみ,hatred,N1
1463640,にくしん,肉親,"blood relationship, blood relative",N1
1463650,にくたい,肉体,"the body, the flesh",N1
1450390,にげだす,逃げ出す,"to run away, to escape from",N1
1381010,にしび,西日,westering sun,N1
1568800,にじむ,滲む,"to run, to blur, to spread, to blot, to ooze",N1
1464870,にちや,日夜,"day and night, always",N1
1464310,にっとう,日当,daily allowance,N1
1195270,にづくり,荷造り,"packing, baling, crating",N1
1599900,になう,担う,"to carry on shoulder, to bear (burden), to shoulder (gun)",N1
1582670,ににん,二人,"two persons, two people, pair, couple",N1
1612900,にもかかわらず,にも拘らず,"in spite of, nevertheless",N1
1466290,にゅうしゅ,入手,"obtaining, coming to hand",N1
1466330,にゅうしょう,入賞,winning a prize or place (in a contest),N1
1466820,にゅうよく,入浴,"bathe, bathing",N1
1467040,にょう,尿,urine,N1
1599920,にわか,俄か,"sudden, abrupt, unexpected, improvised, offhand",N1
1467550,にんしき,認識,"recognition, cognizance",N1
1467350,にんしん,妊娠,"conception, pregnancy",N1
1368180,にんじょう,人情,"humanity, empathy, kindness, sympathy, human nature, common sense, customs and manners",N1
1467260,にんむ,任務,"duty, function, office, mission, task",N1
1467280,にんめい,任命,"appointment, nomination, ordination, commission, designation",N1
1478120,ぬかす,抜かす,"to omit, to leave out",N1
1478220,ぬけだす,抜け出す,"to slip out, to sneak away, to excel",N1
1448400,ぬすみ,盗み,stealing,N1
1350010,ぬま,沼,"swamp, bog, pond, lake",N1
2859162,ね,音,"sound, note",N1
1420340,ねうち,値打ち,"value, worth, price, dignity",N1
1359970,ねかせる,寝かせる,"to put to bed, to lay down, to ferment",N1
1585010,ねじ,捻子,"screw, helix, spiral",N1
1009890,ねじまわし,ねじ回し,screwdriver,N1
1600150,ねじれる,捻じれる,"to twist, to wrench, to screw",N1
2863070,ねず,鼠,"1. mouse, rat, 2. dark gray, slate color",N1
1444380,ねたむ,妬む,"to be jealous, to be envious",N1
1236410,ねだる,強請る,"to tease, to coax, to solicit, to demand",N1
1467960,ねっとう,熱湯,boiling water,N1
1467760,ねつい,熱意,"zeal, enthusiasm",N1
1468010,ねつりょう,熱量,temperature,N1
1469670,ねばり,粘り,"stickyness, viscosity",N1
1469700,ねばる,粘る,"to be sticky, to be adhesive, to persevere, to persist, to stick to",N1
1600190,ねびき,値引き,"price reduction, discount",N1
1290090,ねまわし,根回し,making necessary arrangements,N1
1529360,ねむたい,眠たい,sleepy,N1
1559140,ねる,練る,"to knead, to work over, to polish up",N1
1469320,ねん,念,"sense, idea, thought, feeling, desire, concern, attention, care",N1
1468370,ねんかん,年鑑,yearbook,N1
1468650,ねんごう,年号,"name of an era, year number",N1
1469640,ねんしょう,燃焼,"burning, combustion",N1
1468900,ねんせい,年生,"pupil in .... year, student in .... year",N1
1469030,ねんちょう,年長,seniority,N1
1469660,ねんりょう,燃料,fuel,N1
1469260,ねんりん,年輪,annual tree ring,N1
1470380,のう,脳,"brain, memory",N1
1470680,のうこう,農耕,"farming, agriculture",N1
1470720,のうじょう,農場,farm (agriculture),N1
1470740,のうち,農地,agricultural land,N1
1470090,のうにゅう,納入,"payment, supply",N1
1450430,のがす,逃す,"to let loose, to set free, to let escape",N1
1450440,のがれる,逃れる,to escape,N1
1260380,のきなみ,軒並み,row of houses,N1
1232930,のこぎり,鋸,saw,N1
1519610,のぞましい,望ましい,"desirable, hoped for",N1
1555560,のぞむ,臨む,"to look out on, to face, to deal with, to attend (function)",N1
1354700,のっとる,乗っ取る,"to capture, to occupy, to usurp",N1
1429840,のどか,長閑,"tranquil, calm, quiet",N1
1471520,ののしる,罵る,"to speak ill of, to abuse",N1
1176380,のべ,延べ,"futures, credit (buying), stretching, total",N1
1600400,のみこむ,飲み込む,"to gulp down, to swallow deeply, to understand, to take in, to catch on to, to learn, to digest",N1
1600460,のりかえ,乗り換え,transfer (trains buses etc.),N1
1354910,のりこむ,乗り込む,"to board, to embark on, to get into (a car), to ship (passengers), to man (a ship), to help (someone) int",N1
1369820,は,刃,edge (of a sword),N1
1471120,は,派,"clique, faction, school",N1
1470910,はあく,把握,"grasp, catch, understanding",N1
1472870,はい,肺,lung,N1
1472030,はいき,廃棄,"annullment, disposal, abandon, scrap, discarding, repeal",N1
1473030,はいきゅう,配給,distribution (eg. films rice),N1
1473060,はいぐうしゃ,配偶者,"spouse, wife, husband",N1
1472260,はいけい,拝啓,Dear (so and so),N1
1472720,はいけい,背景,"background, scenery, setting, circumstance",N1
1472730,はいご,背後,"back, rear",N1
1472100,はいし,廃止,"abolition, repeal",N1
1472280,はいしゃく,拝借,borrowing,N1
1472370,はいじょ,排除,"exclusion, removal, rejection",N1
1472380,はいすい,排水,drainage,N1
1472560,はいせん,敗戦,"defeat, losing a war",N1
1473150,はいち,配置,"arrangement (of resources), disposition",N1
1473190,はいふ,配布,distribution,N1
1473200,はいぶん,配分,"distribution, allotment",N1
1473210,はいりょ,配慮,"consideration, concern, forethought",N1
1473220,はいれつ,配列,"arrangement, array (programming)",N1
1600620,はえる,映える,"to shine, to look attractive, to look pretty",N1
1471250,はかい,破壊,destruction,N1
1584040,はかち,墓地,"cemetery, graveyard",N1
1430570,はかどる,捗る,"to make progress, to move right ahead (with the work), to advance",N1
1600630,はかない,果ない,"fleeting, transient, short-lived, momentary, vain, fickle, miserable, empty, ephemeral",N1
1312650,はかる,諮る,"to consult with, to confer",N1
1600660,はかる,図る,"to plot, to attempt, to plan, to take in, to deceive, to devise, to design, to refer A to B",N1
1600670,はがす,剥がす,"to tear off, to peel off, to rip off, to strip off, to skin, to flay, to disrobe, to deprive of, to detach, t",N1
1471300,はき,破棄,"revocation, annulment, breaking (e.g. treaty)",N1
1919550,はく,泊,counter for nights of a stay,N1
1475730,はくがい,迫害,persecution,N1
1475590,はくじゃく,薄弱,"feebleness, weakness, weak",N1
1475230,はくじょう,白状,confession,N1
1582990,はぐ,剥ぐ,"to tear off, to peel off, to rip off, to strip off, to skin, to flay, to disrobe, to deprive of",N1
1471130,はけん,派遣,"dispatch, send",N1
1557350,はげます,励ます,"to encourage, to cheer, to raise (the voice)",N1
1557390,はげむ,励む,"to be zealous, to brace oneself, to endeavour, to strive, to make an effort",N1
1474390,はげる,剥げる,"to come off, to be worn off, to fade, to discolor",N1
1426480,はしら,柱,"pillar, post",N1
1237440,はしわたし,橋渡し,"bridge building, mediation",N1
1421590,はじ,恥,"shame, embarrassment",N1
1419360,はじく,弾く,"to flip, to snap",N1
1625780,はじめまして,始めまして,"How do you do?, I am glad to meet you",N1
1421600,はじらう,恥じらう,"to feel shy, to be bashful, to blush",N1
1421610,はじる,恥じる,to feel ashamed,N1
1559200,はす,蓮,lotus,N1
1419400,はずむ,弾む,"to spring, to bound, to bounce, to be stimulated, to be encouraged, to get lively, to treat oneself to, to",N1
1471380,はそん,破損,damage,N1
1220760,はた,機,loom,N1
1600780,はたして,果たして,"as was expected, really",N1
1192850,はたす,果たす,"to accomplish, to fulfill, to carry out, to achieve",N1
1547660,はだし,裸足,barefoot,N1
1517860,はちみつ,蜂蜜,honey,N1
1477290,はっくつ,発掘,"excavation, exhumation",N1
1477620,はっせい,発生,"outbreak, spring forth, occurrence, incidence, origin",N1
1583130,はっそく,発足,"starting, inauguration",N1
1342530,はつ,初,"first, new",N1
1477120,はつ,発,"departure, beginning, counter for gunshots",N1
1477140,はついく,発育,"(physical) growth, development",N1
1477190,はつが,発芽,burgeoning,N1
1477350,はつげん,発言,"utterance, speech, proposal",N1
1477870,はつびょう,発病,attack (disease),N1
1342770,はつみみ,初耳,something heard for the first time,N1
1192860,はて,果て,"the end, the extremity, the limit(s), the result",N1
1192910,はてる,果てる,"to end, to be finished, to be exhausted, to die, to perish",N1
1600910,はなしあい,話し合い,"discussion, conference",N1
1370000,はなはだ,甚だ,"very, greatly, exceedingly",N1
1600960,はなばなしい,華々しい,"brilliant, magnificent, spectacular",N1
1194520,はなびら,花びら,(flower) petal,N1
1600990,はなやか,華やか,"gay, showy, brilliant, gorgeous, florid",N1
1397800,はばむ,阻む,"to keep someone from doing, to stop, to prevent, to check, to hinder, to obstruct, to oppose, to thwart",N1
1490710,はま,浜,"beach, seashore",N1
1490720,はまべ,浜辺,"beach, foreshore",N1
1601030,はまる,填まる,"to get into, to go into, to fit, to be fit for, to suit, to fall into, to plunge into, to be deceived, to be",N1
1601040,はみがき,歯磨,"dentifrice, toothpaste",N1
1566420,はめる,填める,"to get in, to insert, to put on, to make love",N1
1378760,はやす,生やす,"to grow, to cultivate, to wear beard",N1
1601080,はやめる,早める,"to hasten, to quicken, to expedite, to precipitate, to accelerate",N1
2834093,はやり,流行,"fashionable, fad, in vogue, prevailing",N1
1501290,はらだち,腹立ち,anger,N1
1261150,はらっぱ,原っぱ,"open field, empty lot, plain",N1
1427820,はりがみ,張り紙,"paper patch, paper backing, poster",N1
1546930,はるか,遥か,"far, far-away, distant, remote, far off",N1
1471470,はれつ,破裂,"explosion, rupture, break off",N1
1328910,はれる,腫れる,"to swell (from inflammation), to become swollen",N1
1481640,はん,班,"group, party, section (mil)",N1
1478440,はん,判,"seal, stamp, monogram signature, judgment",N1
1481480,はん,版,edition,N1
1481670,はんえい,繁栄,"prospering, prosperity, thriving, flourishing",N1
1480260,はんかん,反感,"antipathy, revolt, animosity",N1
1481510,はんが,版画,art print,N1
1480310,はんきょう,反響,"echo, reverberation, repercussion, reaction, influence",N1
1478520,はんけつ,判決,"judicial decision, judgement, sentence, decree",N1
1480340,はんげき,反撃,"counterattack, counteroffensive, counterblow",N1
1480420,はんしゃ,反射,"reflection, reverberation",N1
1481700,はんしょく,繁殖,"breed, multiply, increase, propagation",N1
1481710,はんじょう,繁盛,"prosperity, flourishing, thriving",N1
1480080,はんする,反する,"to be inconsistent with, to oppose, to contradict, to transgress, to rebel",N1
1478660,はんてい,判定,"judgement, decision, award, verdict",N1
1480210,はんのう,反応,"reaction, response",N1
1479640,はんぱ,半端,"remnant, fragment, incomplete set, fraction, odd sum, incompleteness",N1
1480890,はんぱつ,反発,"repelling, rebound, recover, oppose",N1
1481090,はんらん,反乱,"insurrection, mutiny, rebellion, revolt, uprising",N1
1481420,はんらん,氾濫,"overflowing, flood",N1
1575400,ばいきん,黴菌,"bacteria, germ(s)",N1
1474110,ばいしょう,賠償,"reparations, indemnity, compensation",N1
1473340,ばいりつ,倍率,"diameter, magnification",N1
1471740,ばかばかしい,馬鹿馬鹿しい,stupid,N1
1612910,ばからしい,馬鹿らしい,absurd,N1
1475790,ばくぜん,漠然,"obscure, vague, equivocal",N1
1475870,ばくだん,爆弾,bomb,N1
1475900,ばくは,爆破,"blast, explosion, blow up",N1
1601280,ばくろ,暴露,"disclosure, exposure, revelation",N1
1186710,ばける,化ける,"to appear in disguise, to take the form of, to change for the worse",N1
1478050,ばち,罰,"(divine) punishment, curse, retribution",N1
,ばつ,伐,"strike, attack, punish",N1
1010300,ばてる,,"to be exhausted, to be worn out",N1
1099490,ばね,発条,spring (e.g. coil leaf),N1
1601320,ばらまく,散蒔く,"to disseminate, to scatter, to give money freely",N1
1478440,ばん,判,size (of paper or books),N1
1525750,ばん,万,"many, all",N1
1584500,ばんじん,万人,"all people, everybody, 10000 people",N1
1584530,ばんのう,万能,"all-purpose, almighty, omnipotent",N1
1482410,ばんめ,番目,cardinal number suffix,N1
1484710,ひ,非,"faulty-, non-",N1
1484590,ひ,費,"cost, expense",N1
1010470,ひいては,延いては,"not only...but also, in addition to, consequently",N1
1601430,ひかえしつ,控室,waiting room,N1
1279060,ひかえる,控える,"to draw in, to hold back, to make notes, to be temperate in",N1
1483240,ひかん,悲観,"pessimism, disappointment",N1
1583370,ひき,匹,"head, small animal counter, roll of cloth",N1
1601480,ひきあげる,引き上げる,"to withdraw, to leave, to pull out, to retire",N1
1551210,ひきいる,率いる,"to lead, to spearhead (a group), to command (troops)",N1
1601520,ひきうける,引き受ける,"to undertake, to take up, to take over, to be responsible for, to guarantee, to contract (disease)",N1
1168880,ひきおこす,引き起こす,to cause,N1
1601600,ひきさげる,引き下げる,"to pull down, to lower, to reduce, to withdraw",N1
1169000,ひきずる,引きずる,"to seduce, to drag along, to pull, to prolong, to support",N1
1168960,ひきとる,引き取る,"to take charge of, to take over, to retire to a private place",N1
1169120,ひきわけ,引き分け,"a draw (in competition), tie game",N1
1482980,ひけつ,否決,"rejection, negation, voting down",N1
1484870,ひこう,非行,"delinquency, misconduct",N1
1464070,ひごろ,日頃,"normally, habitually",N1
1227340,ひさしい,久しい,"long, long-continued, old (story)",N1
1227370,ひさしぶり,久し振り,after a long time,N1
1483290,ひさん,悲惨,misery,N1
1484060,ひしょ,秘書,(private) secretary,N1
1483640,ひじゅう,比重,specific gravity,N1
1612520,ひそか,密か,"secret, private, surreptitious",N1
1362560,ひたす,浸す,"to soak, to dip, to drench",N1
1010530,ひたすら,一向,earnestly,N1
1601860,ひだりきき,左利き,"left-handedness, sake drinker, left-hander",N1
1169430,ひっかく,引っ掻く,to scratch,N1
1169360,ひっかける,引っ掛ける,"1. to hang (something) on (something), to throw on (clothes), 2. to hook, to catch, to trap, to ensnar",N1
1487510,ひっしゅう,必修,required (subject),N1
1487250,ひってき,匹敵,"comparing with, match, rival, equal",N1
1527090,ひつじ,未,eighth sign of Chinese zodiac (The Ram 1pm-3pm south-southwest June),N1
1487570,ひつぜん,必然,"inevitable, necessary",N1
1164390,ひといき,一息,"puffy, a breath, a pause, an effort",N1
1601920,ひとえ,単,"one layer, single",N1
1369200,ひとがら,人柄,"personality, character, personal appearance, gentility",N1
1162570,ひところ,一頃,"once, some time ago",N1
1367960,ひとじち,人質,"hostage, prisoner",N1
1575970,ひとすじ,一筋,"a line, earnestly, blindly, straightforwardly",N1
1601990,ひとまず,一まず,"for the present, once, in outline",N1
1455660,ひとりでに,一人でに,"by itself, automatically, naturally",N1
1602060,ひどい,酷い,"cruel, awful, severe, very bad, serious, terrible, heavy, violent",N1
1464140,ひどり,日取り,"fixed date, appointed day",N1
2847628,ひな,雛,"young bird, chick, doll",N1
1464050,ひなた,日向,"sunny place, in the sun",N1
1483410,ひなん,非難,"blame, attack, criticism",N1
1484660,ひなん,避難,"taking refuge, finding shelter",N1
1463780,ひのまる,日の丸,the Japanese flag,N1
1193760,ひばな,火花,spark,N1
1602120,ひび,日々,"every day, daily, day after day",N1
1483350,ひめい,悲鳴,"shriek, scream",N1
1602190,ひゃっかじてん,百科事典,encyclopedia,N1
1602190,ひゃっかじてん,百科辞典,encyclopedia,N1
1556760,ひやかす,冷やかす,"to banter, to make fun of, to jeer at, to cool, to refrigerate",N1
1602220,ひやけ,日焼け,sunburn,N1
1489320,ひょう,票,"label, ballot, ticket, sign",N1
1488680,ひょうご,標語,"motto, slogan, catchword",N1
1010640,ひょっと,,"possibly, accidentally",N1
1506900,ひらたい,平たい,"flat, even, level, simple, plain",N1
1483680,ひりつ,比率,"ratio, proportion, percentage",N1
1484310,ひりょう,肥料,"manure, fertilizer",N1
1483700,ひれい,比例,proportion,N1
1483780,ひろう,疲労,"fatigue, weariness",N1
1278450,ひろまる,広まる,"to spread, to be propagated",N1
1490830,ひんこん,貧困,"poverty, lack",N1
1490580,ひんしつ,品質,quality,N1
1490620,ひんしゅ,品種,"brand, kind, description",N1
1490850,ひんじゃく,貧弱,"poor, meagre, insubstantial",N1
1491050,ひんぱん,頻繁,frequency,N1
1486350,び,美,beauty,N1
1485990,びしょう,微笑,smile,N1
1486440,びじゅつ,美術,"art, fine arts",N1
1226360,びっくり,吃驚,"be surprised, be amazed, be frightened, astonishment",N1
1010760,びっしょり,,"wet through, drenched",N1
1490140,びょうしゃ,描写,"depiction, description, portrayal",N1
1010790,びり,,"last on the list, at the bottom",N1
1486200,びりょう,微量,"minuscule amount, extremely small quantity",N1
1491070,びんかん,敏感,"sensibility, susceptibility, sensitive (to), well attuned to",N1
1490900,びんぼう,貧乏,"poverty, destitute, poor",N1
1514290,ふ,歩,pawn (in chess or shogi),N1
1491210,ふい,不意,"sudden, abrupt, unexpected, unforeseen",N1
1499580,ふう,封,seal,N1
1499650,ふうさ,封鎖,"blockade, freezing (funds)",N1
1499890,ふうしゅう,風習,custom,N1
1499960,ふうぞく,風俗,"1. manners, customs, 2. sex service, sex industry",N1
1500020,ふうど,風土,"natural features, topography, climate, spiritual features",N1
1491400,ふかけつ,不可欠,"indispensable, essential",N1
1362680,ふかめる,深める,"to deepen, to heighten, to intensify",N1
1491910,ふきつ,不吉,"ominous, sinister, bad luck, ill omen, inauspiciousness",N1
1491950,ふきょう,不況,"recession, depression, slump",N1
1496850,ふきん,布巾,"tea-towel, dish cloth",N1
1501020,ふく,福,good fortune,N1
1500740,ふっきゅう,復旧,"restoration, restitution, rehabilitation",N1
1501320,ふくごう,複合,"composite, complex",N1
1501060,ふくし,福祉,"welfare, well-being",N1
1501520,ふくめん,覆面,"mask, veil, disguise",N1
1602550,ふくれる,膨れる,"to get cross, to get sulky, to swell (out), to expand, to be inflated, to distend, to bulge",N1
1492120,ふけいき,不景気,"business recession, hard times, depression, gloom, sullenness, cheerlessness",N1
1561010,ふける,老ける,to age,N1
1496860,ふこく,布告,"edict, ordinance, proclamation",N1
1496780,ふごう,富豪,"wealthy person, millionaire",N1
1498080,ふさい,負債,"debt, liabilities",N1
1400850,ふさわしい,相応しい,appropriate,N1
1492460,ふざい,不在,absence,N1
1498100,ふしょう,負傷,"injury, wound",N1
1493120,ふしん,不審,"incomplete understanding, doubt, question, distrust, suspicion, strangeness, infidelity",N1
1493150,ふしん,不振,"dullness, depression, slump, stagnation",N1
1492810,ふじゅん,不順,"irregularity, unseasonableness",N1
1602700,ふぞく,付属,"attached, belonging, affiliated, annexed, associated, subordinate, incidental, dependent, auxiliary",N1
1498130,ふたん,負担,"burden, charge, responsibility",N1
1493840,ふちょう,不調,"bad condition, not to work out (ie a deal), disagreement, break-off, disorder, slump, out of form",N1
1500700,ふっかつ,復活,"revival (e.g. musical), restoration",N1
1500750,ふっこう,復興,"revival, renaissance, reconstruction",N1
1501720,ふっとう,沸騰,"boiling, seething",N1
1501740,ふつ,仏,French,N1
1494120,ふとう,不当,"injustice, impropriety, unreasonableness, undeservedness, unfair, invalid",N1
1494220,ふどうさん,不動産,real estate,N1
1498200,ふにん,赴任,(proceeding to) new appointment,N1
1497870,ふはい,腐敗,"decay, depravity",N1
1494640,ふひょう,不評,"bad reputation, disgrace, unpopularity",N1
1602810,ふびん,不便,"pity, compassion",N1
1494700,ふふく,不服,"dissatisfaction, discontent, disapproval, objection, complaint, protest, disagreement",N1
1602820,ふへん,普遍,"universality, ubiquity, omnipresence",N1
1450110,ふまえる,踏まえる,"to be based on, to have origin in",N1
1505080,ふみ,文,"letter, writings",N1
1495060,ふめい,不明,"unknown, obscure, indistinct, uncertain, ambiguous, ignorant, lack of wisdom, anonymous, unidentified",N1
1496990,ふよう,扶養,"support, maintenance",N1
1361130,ふり,振り,"pretence, show, appearance",N1
1602990,ふりだし,振り出し,"outset, starting point, drawing or issuing (draft)",N1
1495290,ふりょう,不良,"badness, delinquent, inferiority, failure",N1
1497580,ふりょく,浮力,"buoyancy, floating power",N1
1366330,ふるわせる,震わせる,"to be shaking, to be trembling",N1
1603100,ふろく,付録,"appendix, supplement",N1
1502840,ふん,分,minute,N1
1504650,ふんがい,憤慨,"indignation, resentment",N1
1505050,ふんしつ,紛失,losing something,N1
1504600,ふんしゅつ,噴出,"spewing, gushing, spouting, eruption, effusion",N1
1505060,ふんそう,紛争,"dispute, trouble, strife",N1
1011100,ふんだん,,"plentiful, abundant, lavish",N1
1504750,ふんとう,奮闘,"hard struggle, strenuous effort",N1
1504880,ふんまつ,粉末,fine powder,N1
1499290,ぶ,部,"department, part, category, counter for copies of a newspaper or magazine",N1
1499350,ぶか,部下,subordinate person,N1
1011130,ぶかぶか,,"too big, baggy",N1
1498260,ぶじょく,侮辱,"insult, contempt, slight",N1
1498740,ぶそう,武装,"arms, armament, armed",N1
1583240,ぶち,斑,"spots, speckles, mottles",N1
1502540,ぶっし,物資,"goods, materials",N1
1502680,ぶったい,物体,"body, object",N1
1502450,ぶつぎ,物議,public discussion (criticism),N1
2742080,ぶつける,打付ける,"to knock, to run into, to nail on, to strike hard, to hit and attack",N1
1502190,ぶつぞう,仏像,Buddhist image (statue),N1
1530750,ぶなん,無難,"safety, security",N1
1499540,ぶもん,部門,"class, group, category, department, field, branch",N1
1011250,ぶらさげる,ぶら下げる,"to hang, to suspend, to dangle, to swing",N1
1011230,ぶらぶら,,"dangle heavily, swing, sway to and fro, aimlessly, idly, lazily, loiter, loaf, be idle, stroll idly",N1
1499000,ぶりょく,武力,"armed might, military power, the sword, force",N1
1531060,ぶれい,無礼,"impolite, rude",N1
1505150,ぶんかざい,文化財,"cultural assets, cultural property",N1
1503390,ぶんぎょう,分業,"division of labor, specialization, assembly-line production",N1
1505370,ぶんご,文語,"written language, literary language",N1
1503580,ぶんさん,分散,"dispersion, decentralization, variance (statistics)",N1
1503630,ぶんし,分子,"numerator, molecule",N1
1583840,ぶんしょ,文書,"document, writing, letter, note, records, archives",N1
1503950,ぶんたん,分担,"apportionment, sharing",N1
1504090,ぶんぱい,分配,"division, sharing",N1
1504310,ぶんぼ,分母,denominator,N1
1504370,ぶんり,分離,"separation, detachment, segregation, isolation",N1
1504510,ぶんれつ,分裂,"split, division, break up",N1
1506320,へいき,兵器,"arms, weapons, ordinance",N1
1508660,へいこう,閉口,shut mouth,N1
2835826,へいこう,平行,"(going) side by side, concurrent, abreast, at the same time, occurring together, parallel, parallelism",N1
1508670,へいさ,閉鎖,"closing, closure, shutdown, lockout, unsociable",N1
1506420,へいし,兵士,soldier,N1
1507420,へいじょう,平常,"normal, usual",N1
1507850,へいほう,平方,"square (e.g. metre), square",N1
1508530,へいれつ,並列,"arrangement, parallel, abreast",N1
1573590,へきえき,辟易,"wince, shrink back, succumbing to, being frightened, disconcerted",N1
1206340,へだたる,隔たる,to be distant,N1
1603220,へりくだる,謙る,to deprecate oneself and praise the listener,N1
1251110,へる,経る,"to pass, to elapse, to experience",N1
1511870,へん,編,"compilation, editing, completed poem, book, part of book",N1
1510310,へん,偏,"side, left radical of a character, inclining, inclining toward, biased",N1
1510940,へんかく,変革,"change, reform, revolution, upheaval, (the) Reformation",N1
1512170,へんかん,返還,"return, restoration",N1
1510380,へんけん,偏見,"prejudice, narrow view",N1
1512210,へんさい,返済,repayment,N1
1511260,へんせん,変遷,"change, transition, vicissitudes",N1
1512290,へんとう,返答,reply,N1
1511450,へんどう,変動,"change, fluctuation",N1
1512760,べんかい,弁解,"explanation, justification, defence, excuse",N1
1512480,べんぎ,便宜,"convenience, accommodation, advantage, expedience",N1
1512830,べんご,弁護,"defense, pleading, advocacy",N1
1512980,べんしょう,弁償,"next word, compensation, reparation, indemnity, reimbursement",N1
1513170,べんろん,弁論,"discussion, debate, argument",N1
1011540,ぺこぺこ,,"fawn, be very hungry",N1
1514780,ほ,穂,"ear (of plant), head (of plant)",N1
1513290,ほいく,保育,"nursing, nurturing, rearing, lactation, suckling",N1
,ほう,倣,"imitate, follow, emulate",N1
1517160,ほうあん,法案,bill (law),N1
1516280,ほうかい,崩壊,"collapse, decay (physics), crumbling, breaking down, caving in",N1
1517230,ほうがく,法学,"law, jurisprudence",N1
1516580,ほうき,放棄,"abandonment, renunciation, abdication (responsibility right)",N1
1748510,ほうき,宝器,"treasured article or vessel, outstanding individual",N1
1499620,ほうけん,封建,feudalistic,N1
1518150,ほうさく,豊作,"abundant harvest, bumper crop",N1
1517020,ほうさく,方策,"plan, policy",N1
1515950,ほうし,奉仕,"attendance, service",N1
1517030,ほうしき,方式,"form, method, system",N1
1516600,ほうしゃ,放射,"radiation, emission",N1
1516690,ほうしゃのう,放射能,radioactivity,N1
1515700,ほうしゅう,報酬,"remuneration, recompense, reward, toll",N1
1516710,ほうしゅつ,放出,"release, emit",N1
1515650,ほうじる,報じる,"to inform, to report",N1
1515660,ほうずる,報ずる,"to inform, to report",N1
1516780,ほうち,放置,"leave as is, leave to chance, leave alone, neglect",N1
1517400,ほうてい,法廷,courtroom,N1
1515730,ほうどう,報道,"information, report",N1
1518050,ほうび,褒美,"reward, prize",N1
1402130,ほうむる,葬る,"to bury, to inter, to entomb, to consign to oblivion, to shelve",N1
1516500,ほうりこむ,放り込む,to throw into,N1
1516510,ほうりだす,放り出す,"to throw out, to fire, to expel, to give up, to abandon, to neglect",N1
1518350,ほうわ,飽和,saturation,N1
1513310,ほおん,保温,"retaining warmth, keeping heat in, heat insulation",N1
1514160,ほかく,捕獲,"capture, seizure",N1
1513320,ほかん,保管,"charge, custody, safekeeping, deposit, storage",N1
1514510,ほきゅう,補給,"supply, supplying, replenishment",N1
1514530,ほきょう,補強,"compensation, reinforcement",N1
1513440,ほけん,保険,"insurance, guarantee",N1
1514180,ほげい,捕鯨,"whaling, whale fishing",N1
1267760,ほこる,誇る,"to boast of, to be proud of",N1
1419000,ほころびる,綻びる,"to come apart at the seams, to begin to open, to smile broadly",N1
1513530,ほご,保護,"care, protection, shelter, guardianship, favor, patronage",N1
1209620,ほし,乾,"dried, cured",N1
1210150,ほしもの,干し物,dried washing (clothes),N1
1513750,ほしゅ,保守,"conservative, maintaining",N1
1603500,ほしょう,保障,"guarantee, security, assurance, pledge, warranty",N1
1514650,ほしょう,補償,"compensation, reparation",N1
1514580,ほじゅう,補充,"supplementation, supplement, replenishment, replenishing",N1
1514590,ほじょ,補助,"assistance, support, aid, auxiliary",N1
1514070,ほそう,舗装,"pavement, road surface",N1
1514700,ほそく,補足,"supplement, complement",N1
1477470,ほっさ,発作,"fit, spasm",N1
1011660,ほっと,,feel relieved,N1
1520630,ほっぺた,頬っぺた,cheek,N1
2842190,ほとり,辺り,"(in the) neighbourhood, vicinity, nearby",N1
1522050,ほとんど,殆ど,"mostly, almost",N1
1198900,ほどく,解く,to unfasten,N1
1310370,ほどこす,施す,"to donate, to give, to conduct, to apply, to perform",N1
1603540,ほぼ,保母,day care worker in a kindergarten nursery school etc.,N1
1514000,ほよう,保養,"health preservation, recuperation, recreation",N1
1690070,ほり,捕吏,constable,N1
1514260,ほりょ,捕虜,prisoner (of war),N1
1603610,ほろびる,滅びる,"to be ruined, to go under, to perish, to be destroyed",N1
1603620,ほろぼす,滅ぼす,"to destroy, to overthrow, to wreck, to ruin",N1
1522310,ほんかく,本格,"propriety, fundamental rules",N1
1522350,ほんかん,本館,main building,N1
1522370,ほんき,本気,"seriousness, truth, sanctity",N1
1522620,ほんしつ,本質,"essence, true nature, reality",N1
1522950,ほんたい,本体,"substance, real form, object of worship",N1
1522250,ほんね,本音,"real intention, motive",N1
1011740,ほんの,本の,"mere, only, just",N1
1523130,ほんのう,本能,instinct,N1
1522690,ほんば,本場,"home, habitat, center, best place, genuine",N1
1584270,ほんぶん,本文,"text (of document), body (of letter)",N1
1523240,ほんみょう,本名,real name,N1
1576460,ぼう,卯,fourth sign of Chinese zodiac (The Hare 5am-7am east February),N1
1520200,ぼうえい,防衛,"defense, protection, self-defense",N1
1520260,ぼうか,防火,"fire prevention, fire fighting, fire proof",N1
1519130,ぼうがい,妨害,"disturbance, obstruction, hindrance, jamming, interference",N1
1519930,ぼうせき,紡績,spinning,N1
1515610,ぼうぜん,呆然,"dumbfounded, overcome with surprise, in blank amazement",N1
1520010,ぼうちょう,膨脹,"expansion, swelling, increase, growth",N1
1519860,ぼうとう,冒頭,"beginning, start, outset",N1
1519520,ぼうどう,暴動,"insurrection, rebellion, revolt, riot, uprising",N1
1519540,ぼうふう,暴風,"storm, windstorm, gale",N1
1519590,ぼうりょく,暴力,violence,N1
1514810,ぼきん,募金,"fund-raising, collection of funds",N1
1521770,ぼくし,牧師,"pastor, minister, clergyman",N1
1515040,ぼこう,母校,alma mater,N1
1521990,ぼっしゅう,没収,forfeited,N1
1603720,ぼっちゃん,坊ちゃん,son (of others),N1
1011840,ぼつぼつ,,"gradually, here and there, spots, pimples",N1
1522040,ぼつらく,没落,"ruin, fall, collapse",N1
1011850,ぼやく,,"to grumble, to complain",N1
1011860,ぼやける,,"to become dim, to become blurred",N1
1524610,まい,枚,counter for flat objects (e.g. sheets of paper),N1
1524560,まいぞう,埋蔵,"buried property, treasure trove",N1
1499100,まう,舞う,"to dance, to flutter about, to revolve",N1
1363940,まうえ,真上,"just above, right overhead",N1
1603780,まえうり,前売り,"advance sale, booking",N1
1393630,まえおき,前置き,"preface, introduction",N1
1603820,まえもって,前もって,"in advance, beforehand, previously",N1
1467130,まかす,任す,"to entrust, to leave to a person",N1
1497950,まかす,負かす,to defeat,N1
1562510,まかなう,賄う,"to give board to, to provide meals, to pay",N1
1239730,まがる,曲がる,"to turn, to bend",N1
1211140,まき,巻,volume,N1
1504990,まぎらわしい,紛らわしい,"confusing, misleading, equivocal, ambiguous",N1
1505010,まぎれる,紛れる,"to be diverted, to slip into",N1
1524850,まく,膜,"membrane, film",N1
1257800,まくる,捲る,verb suffix to indicate reckless abandon to the activity,N1
1363970,まこころ,真心,"sincerity, devotion",N1
1580555,まこと,誠,"truth, faith, fidelity, sincerity, trust, confidence, reliance, devotion",N1
1381160,まことに,真に,"truly, actually, really",N1
1012100,まごつく,間誤付く,"to be confused, to be flustered",N1
1376620,まさしく,正しく,"surely, no doubt, evidently",N1
1376640,まさに,正に,"correctly, surely",N1
1603910,まさる,勝る,"to excel, to surpass, to outrival",N1
1611600,まし,増し,"extra, additional, less objectionable, better, preferable",N1
1363460,ました,真下,"right under, directly below",N1
1237470,まして,況して,"still more, still less (with neg. verb), to say nothing of, not to mention",N1
1271660,まじえる,交える,"to mix, to converse with, to cross (swords)",N1
1271700,まじわる,交わる,"to cross, to intersect, to associate with, to mingle with, to interest, to join",N1
1603940,ますい,麻酔,anaesthesia,N1
1603950,ますます,益々,"increasingly, more and more",N1
1267460,また,股,"groin, crotch, thigh",N1
1603970,またがる,跨がる,"to extend over or into, to straddle",N1
1267830,またぐ,跨ぐ,to straddle,N1
1580190,またたき,瞬き,"wink, twinkling (of stars), flicker (of light)",N1
1410510,まちあわせ,待ち合わせ,appointment,N1
1611610,まちがう,間違う,"to make a mistake, to be incorrect, to be mistaken",N1
1410480,まちどおしい,待ち遠しい,looking forward to,N1
1410580,まちのぞむ,待ち望む,"to look anxiously for, to wait eagerly for",N1
1604010,まちまち,区々,"1. several, various, divergent, conflicting, different, diverse, 2. trivial",N1
1604040,まっき,末期,"closing years (period days), last stage",N1
1363280,まっぷたつ,真っ二つ,in two equal parts,N1
1437270,まと,的,"mark, target",N1
1440910,まとまり,纏まり,"conclusion, settlement, consistency",N1
1440920,まとめ,纏め,"settlement, conclusion",N1
1584670,まぬかれる,免れる,"to escape from, to be rescued from, to avoid, to evade, to avert, to elude, to be exempted, to be relieved",N1
1349570,まねき,招き,invitation,N1
1604160,まひ,麻痺,"paralysis, palsy, numbness, stupor",N1
1569790,まぶしい,眩しい,"dazzling, radiant",N1
1569920,まぶた,目蓋,eyelid,N1
1604170,まま,間々,"occasionally, frequently",N1
1215290,まもなく,間もなく,"soon, before long, in a short time",N1
1486270,まゆ,眉,eyebrow,N1
1226280,まり,鞠,ball,N1
1216410,まるごと,丸ごと,"in its entirety, whole, wholly",N1
1216270,まるっきり,丸っきり,"completely, perfectly, just as if",N1
1216280,まるで,丸で,"quite, entirely, completely, at all, as if, as though, so to speak",N1
1604260,まるまる,丸々,completely,N1
1216300,まるめる,丸める,"to make round, to round off, to roll up, to curl up, to seduce, to cajole, to explain away",N1
1526770,まんげつ,満月,full moon,N1
1526820,まんじょう,満場,"unanimous, whole audience",N1
1363350,まんまえ,真ん前,"right in front, under the nose",N1
1363330,まんまるい,真ん丸い,perfectly circular,N1
1579350,み,三,(num) three,N1
1259550,みあい,見合い,formal marriage interview,N1
1259570,みあわせる,見合わせる,"to exchange glances, to postpone, to suspend operations, to refrain from performing an action",N1
1260140,みおとす,見落とす,"to overlook, to fail to notice",N1
1527190,みかい,未開,"savage land, backward region, uncivilized",N1
1527020,みかく,味覚,"taste, palate, sense of taste",N1
1604430,みかける,見掛ける,"to (happen to) see, to notice, to catch sight of",N1
1301340,みかづき,三日月,"new moon, crescent moon",N1
1260070,みかた,見方,viewpoint,N1
1259500,みぐるしい,見苦しい,"unsightly, ugly",N1
1604480,みこみ,見込み,"hope, prospects, expectation",N1
1527480,みこん,未婚,unmarried,N1
1303280,みじめ,惨め,miserable,N1
1527560,みじゅく,未熟,"inexperience, unripeness, raw, unskilled, immature, inexperienced",N1
1486050,みじん,微塵,"particle, atom",N1
1259180,みすぼらしい,見すぼらしい,"shabby, seedy",N1
1259200,みせびらかす,見せびらかす,"to show off, to flaunt",N1
1259240,みせもの,見せ物,"show, exhibition",N1
1526670,みたす,満たす,"to satisfy, to ingratiate, to fill, to fulfill",N1
1548930,みだす,乱す,"to throw out of order, to disarrange, to disturb",N1
1548940,みだれる,乱れる,"to get confused, to be disordered, to be disturbed",N1
1527770,みち,未知,not yet known,N1
1453680,みちびく,導く,"to be guided, to be shown",N1
1365650,みぢか,身近,"near oneself, close to one, familiar",N1
1528280,みっしゅう,密集,"crowd, close formation, dense",N1
1528290,みっせつ,密接,"related, connected, close, intimate",N1
1259250,みっともない,見っともない,"shameful, indecent",N1
1647880,みつ,蜜,"nectar, honey",N1
1528320,みつど,密度,density,N1
1604590,みつもり,見積り,"estimation, quotation",N1
1527830,みてい,未定,"not yet fixed, undecided, pending",N1
1604610,みとおし,見通し,"perspective, unobstructed view, outlook, forecast, prospect, insight",N1
1263360,みなもと,源,"source, origin",N1
1365570,みなり,身なり,personal appearance,N1
1516250,みね,峰,"peak, ridge",N1
1604670,みのがす,見逃す,"to miss, to overlook, to leave at large",N1
1259770,みはらし,見晴らし,view,N1
1365720,みぶり,身振り,gesture,N1
1604690,みまい,見舞,"enquiry, expression of sympathy, expression of concern",N1
1528440,みゃく,脈,pulse,N1
1528130,みれん,未練,"lingering affection, attachment, regret(s), reluctance",N1
1259920,みわたす,見渡す,"to look out over, to survey (scene), to take an extensive view of",N1
1528790,みんしゅ,民主,"democratic, the head of the nation",N1
1528950,みんしゅく,民宿,private home providing lodging for travelers,N1
1604740,みんぞく,民族,"people, race, nation, racial customs, folk customs",N1
1604745,みんぞく,民俗,"people, race, nation, racial customs, folk customs",N1
1585310,む,六,(num) six,N1
1529610,むいみ,無意味,"nonsense, no meaning",N1
1277040,むき,向き,"direction, situation, exposure, aspect, suitability",N1
1529940,むくち,無口,reticence,N1
1277090,むけ,向け,"for ~, oriented towards ~",N1
1531160,むこ,婿,son-in-law,N1
1529930,むこう,無効,"invalid, no effect, unavailable",N1
1529860,むごん,無言,silence,N1
1568540,むしる,毟る,"to pluck, to pick, to tear",N1
1530080,むじゃき,無邪気,"innocence, simple-mindedness",N1
1254610,むすび,結び,"ending, conclusion, union",N1
1254630,むすびつき,結び付き,"connection, relation",N1
1254640,むすびつく,結び付く,"to be connected or related, to join together",N1
1254650,むすびつける,結び付ける,"to combine, to join, to tie on, to attach with a knot",N1
1530380,むせん,無線,"wireless, radio",N1
1530520,むだづかい,無駄遣い,"waste money on, squander money on, flog a dead horse",N1
1530600,むだん,無断,"without permission, without notice",N1
1530630,むち,無知,ignorance,N1
1530670,むちゃ,無茶,"absurd, unreasonable, excessive, rash, absurdity, nonsense",N1
1530680,むちゃくちゃ,無茶苦茶,"confused, jumbled, mixed up, unreasonable",N1
1245370,むなしい,空しい,"vacant, futile, vain, void, empty, ineffective, lifeless",N1
1530770,むねん,無念,"chagrin, regret",N1
1530780,むのう,無能,"inefficiency, incompetence",N1
1529590,むやみに,無闇に,"unreasonably, absurdly, recklessly, indiscreetly, at random",N1
1530940,むよう,無用,"useless, futility, needlessness, unnecessariness",N1
1247500,むらがる,群がる,"to swarm, to gather",N1
1531080,むろん,無論,"of course, naturally",N1
1531520,めいさん,名産,noted product,N1
1531620,めいしょう,名称,name,N1
1532090,めいちゅう,命中,a hit,N1
1531830,めいぼ,名簿,register of names,N1
1531870,めいよ,名誉,"honor, credit, prestige",N1
1532620,めいりょう,明瞭,clarity,N1
1532640,めいろう,明朗,"bright, clear, cheerful",N1
1535680,めかた,目方,weight,N1
1250470,めぐみ,恵み,blessing,N1
1250480,めぐむ,恵む,"to bless, to show mercy to",N1
1604930,めざましい,目覚しい,"brilliant, splendid, striking, remarkable",N1
1535350,めざめる,目覚める,to wake up,N1
1346450,めす,召す,"to call, to send for, to put on, to wear, to take (a bath), to ride in, to buy, to eat, to drink, to catch (a",N1
1312880,めす,雌,female (animal),N1
1533000,めちゃくちゃ,滅茶苦茶,"absurd, unreasonable, excessive, messed up, spoiled, wreaked",N1
1535670,めつき,目付き,"look, expression of the eyes, eyes",N1
1533030,めつぼう,滅亡,"downfall, ruin, collapse, destruction",N1
1608630,めでたい,愛でたい,auspicious,N1
1569810,めまい,目眩,"dizziness, giddiness",N1
1605030,めもり,目盛,"scale, gradations",N1
1533440,めんかい,面会,interview,N1
1533200,めんじょ,免除,"exemption, exoneration, discharge",N1
1533400,めんする,面する,"to face on, to look out on to",N1
1533590,めんぼく,面目,"face, honour, reputation, prestige, dignity, credit",N1
1386000,もうける,設ける,"to create, to establish",N1
1363010,もうしいれる,申し入れる,"to propose, to suggest",N1
1605140,もうしこみ,申し込み,"application, entry, request, subscription, offer, proposal, overture, challenge",N1
1362920,もうしで,申出,"proposal, request, claim, report, notice",N1
1362930,もうしでる,申し出る,"to report to, to tell, to suggest, to submit, to request, to make an offer, to come forward with informati",N1
1363030,もうしぶん,申し分,"objection, shortcomings",N1
1534280,もうてん,盲点,blind spot,N1
1534100,もうれつ,猛烈,"violent, vehement, rage",N1
1012490,もがく,藻掻く,"to struggle, to wriggle, to be impatient",N1
1535710,もくろく,目録,"catalogue, catalog, list",N1
1535730,もくろみ,目論見,"a plan, a scheme, a project, a program, intention, goal",N1
1533650,もけい,模型,"model, dummy, maquette",N1
1533660,もさく,模索,groping (for),N1
1012500,もし,若し,"if, in case, supposing",N1
1012510,もしかしたら,若しかしたら,"perhaps, maybe, by some chance",N1
1012520,もしかして,若しかして,"perhaps, possibly",N1
1012530,もしかすると,若しかすると,"perhaps, maybe, by some chance",N1
1324320,もしくは,若しくは,"or, otherwise",N1
1612050,もしも,若しも,if,N1
1573190,もたらす,齎らす,"to bring, to take, to bring about",N1
1564380,もたれる,凭れる,"to lean against, to lean on, to recline on, to lie heavy (on the stomach)",N1
1612060,もち,持ち,"1. hold, charge, keep possession, in charge, 2. wear, durability, life, draw, 3. usage (suff)",N1
1315630,もちきり,持ち切り,"hot topic, talk of the town",N1
1605250,もったいない,物体ない,"too good, more than one deserves, wasteful, sacrilegious, unworthy of",N1
1155020,もって,以て,"with, by, by means of, because, in view of",N1
1389740,もっぱら,専ら,"wholly, solely, entirely",N1
1315740,もてなす,持て成す,"to entertain, to make welcome",N1
1315730,もてる,持てる,"to be well liked, to be popular",N1
2219600,もとい,基,basis,N1
1502690,ものおき,物置き,storeroom,N1
1502500,ものずき,物好き,curiosity,N1
1502650,ものたりない,物足りない,"unsatisfied, unsatisfactory",N1
1294170,もはや,最早,"already, now",N1
1533690,もはん,模範,"exemplar, exemplification, exemplum, model, example",N1
1533700,もほう,模倣,"imitation, copying",N1
1567630,もめる,揉める,"to disagree, to dispute",N1
1605310,もも,腿,"thigh, femur",N1
1292160,もよおす,催す,"to hold (a meeting), to give (a dinner), to feel, to show signs of, to develop symptoms of, to feel (sick",N1
1605320,もらす,漏らす,"to let leak, to reveal",N1
1379690,もりあがる,盛り上がる,"to rouse, to swell, to rise",N1
1560840,もる,漏る,"to leak, to run out",N1
1605330,もれる,漏れる,"to leak out, to escape, to come through, to shine through, to filter out, to be omitted",N1
1382220,もろい,脆い,"brittle, fragile, tender-hearted",N1
1012710,もろに,諸に,"completely, all the way",N1
1634040,もん,問,"problem, question",N1
1537760,や,矢,arrow,N1
1579220,かな,哉,question mark,N1
1211380,やかましい,喧しい,"noisy, strict, fussy",N1
1537270,やがい,野外,"fields, outskirts, open air, suburbs",N1
1012730,やがて,軈て,"before long, soon, at length",N1
1584820,やぎょう,夜行,"walking around at night, night train, night travel",N1
1538040,やくしょく,役職,"post, managerial position, official position",N1
1538090,やくだつ,役立つ,"to be useful, to be helpful, to serve the purpose",N1
1538030,やくば,役場,town hall,N1
1536660,やぐ,夜具,bedding,N1
1539020,やさ,優,"gentle, affectionate",N1
1605460,やしき,屋敷,mansion,N1
1547090,やしなう,養う,"to rear, to maintain, to cultivate",N1
1322660,やしろ,社,Shinto shrine,N1
1537430,やしん,野心,"ambition, aspiration, designs, treachery",N1
1156990,やすい,易い,easy,N1
1153680,やすっぽい,安っぽい,"cheap-looking, tawdry, insignificant",N1
1227570,やすめる,休める,"to rest, to suspend, to give relief",N1
1537470,やせい,野生,wild,N1
1537780,やたら,矢鱈,"randomly, recklessly, blindly",N1
1584830,やちゅう,夜中,"all night, the whole night",N1
1445630,やっこ,奴,"servant, fellow",N1
1612950,やっつける,やっ付ける,to beat,N1
1012810,やっぱり,矢っ張り,"also, as I thought, still, in spite of, absolutely",N1
1537580,やとう,野党,opposition party,N1
1490160,やまい,病,"illness, disease",N1
1154910,やみ,闇,"darkness, the dark, black-marketeering, dark, shady, illegal",N1
1490210,やむ,病む,"to fall ill, to be ill",N1
1612100,やむをえない,止むを得ない,"cannot be helped, unavoidable",N1
1570120,やや,稍,"a little, partially, somewhat, a short time, a while",N1
1012870,ややこしい,,"puzzling, tangled, complicated, complex",N1
1260440,やりとおす,遣り通す,"to carry through, to achieve, to complete",N1
1260430,やりとげる,やり遂げる,to accomplish,N1
1561960,やわらげる,和らげる,"to soften, to moderate, to relieve",N1
1539100,ゆうい,優位,"predominance, ascendancy, superiority",N1
1605640,ゆううつ,憂鬱,"depression, melancholy, dejection, gloom",N1
1541120,ゆうえき,有益,"beneficial, profitable",N1
1539120,ゆうえつ,優越,"supremacy, predominance, being superior to",N1
1539730,ゆうかん,勇敢,"bravery, heroism, gallantry",N1
1541180,ゆうき,有機,organic,N1
1542770,ゆうぐれ,夕暮れ,"evening, (evening) twilight",N1
1542600,ゆうし,融資,"financing, loan",N1
1540950,ゆうする,有する,"to own, to be endowed with",N1
1584900,ゆうずう,融通,"lending (money), accommodation, adaptability, versatility, finance",N1
1539340,ゆうせい,優勢,"superiority, superior power, predominance, preponderance",N1
1539390,ゆうせん,優先,"preference, priority",N1
1542020,ゆうどう,誘導,"guidance, leading, induction, introduction, incitement, inducement",N1
1539560,ゆうび,優美,"grace, refinement, elegance",N1
1541600,ゆうぼう,有望,"good prospects, full of hope, promising",N1
1542310,ゆうぼく,遊牧,nomadism,N1
1542720,ゆうやけ,夕焼け,sunset,N1
1541710,ゆうりょく,有力,"1. influence, prominence, 2. potent",N1
1540590,ゆうれい,幽霊,"ghost, specter, apparition, phantom",N1
1542040,ゆうわく,誘惑,"temptation, allurement, lure",N1
1545600,ゆさぶる,揺さぶる,"to shake, to jolt, to rock, to swing",N1
1571470,ゆでる,茹でる,to boil,N1
1013070,ゆとり,,"reserve, affluence, room, time (to spare)",N1
1309790,ゆびさす,指差す,to point at,N1
1228490,ゆみ,弓,bow (and arrow),N1
1545630,ゆらぐ,揺らぐ,"to swing, to sway, to shake, to tremble",N1
1214430,ゆるむ,緩む,"to become loose, to slacken",N1
1214440,ゆるめる,緩める,"to loosen, to slow down",N1
1214450,ゆるやか,緩やか,lenient,N1
1605810,よ,世,"world, society, age, generation",N1
1605820,よい,好い,good,N1
1546670,よういん,要因,"primary factor, main cause",N1
1546100,ようえき,溶液,solution (liquid),N1
1546250,ようけん,用件,business,N1
1605847,ようご,養護,"protection, nursing, protective care",N1
1546290,ようし,用紙,blank form,N1
1545830,ようしき,様式,"style, form, pattern",N1
1546610,ようする,要する,"to demand, to require, to take",N1
1546780,ようせい,要請,"claim, demand, request, application",N1
1547190,ようせい,養成,"training, development",N1
1545840,ようそう,様相,aspect,N1
1546400,ようひん,用品,"articles, supplies, parts",N1
1546010,ようふう,洋風,western style,N1
1546410,ようほう,用法,"directions, rules of use",N1
1546830,ようぼう,要望,"demand for, request",N1
1543980,よか,余暇,"leisure, leisure time, spare time",N1
1542910,よかん,予感,"presentiment, premonition",N1
1544040,よきょう,余興,"side show, entertainment",N1
1545020,よきん,預金,"deposit, bank account",N1
1547270,よくあつ,抑圧,"check, restraint, oppression, suppression",N1
1547460,よくしつ,浴室,"bathroom, bath",N1
1547290,よくせい,抑制,suppression,N1
1547380,よくふかい,欲深い,greedy,N1
1547410,よくぼう,欲望,"desire, appetite",N1
1013140,よこす,寄越す,"to send, to forward",N1
1180740,よこづな,横綱,sumo grand champion,N1
1152820,よし,葦,"reed, bulrush",N1
1581170,よしあし,善し悪し,"good or bad, merits or demerits, quality, suitability",N1
1543130,よそう,予想,"expectation, anticipation, prediction, forecast",N1
1544190,よそみ,余所見,"looking away, looking aside",N1
1544380,よち,余地,"place, room, margin, scope",N1
1605970,よって,依って,"therefore, consequently, accordingly, because of",N1
1605980,よほど,余程,"very, greatly, much, to a large extent, quite",N1
2830551,よっぽど,余っ程,"very, greatly, much, to a large extent, quite",N1
1544870,よとう,与党,"government party, (ruling) party in power, government",N1
1266330,よびとめる,呼び止める,"to challenge, to call somebody to halt",N1
1606000,よふかし,夜更かし,"staying up late, keeping late hours, sitting up late at night, nighthawk",N1
1606010,よふけ,夜更け,late at night,N1
1456260,よみあげる,読み上げる,"to read out loud (and clearly), to call a roll",N1
1606110,よりかかる,寄り掛かる,"to lean against, to recline on, to lean on, to rely on",N1
1324580,よわまる,弱まる,"to abate, to weaken, to be emaciated, to be dejected, to be perplexed",N1
1324590,よわめる,弱める,to weaken,N1
1324650,よわる,弱る,"to weaken, to be troubled, to be downcast, to be emaciated, to be dejected, to be perplexed, to impair",N1
1585050,らいじょう,来場,attendance,N1
1548890,らくのう,酪農,dairy (farm),N1
1548650,らっか,落下,"fall, drop, come down",N1
1207310,らっかん,楽観,optimism,N1
1549120,らんよう,濫用,"abuse, misuse, misappropriation, using to excess",N1
1606240,りくつ,理屈,"theory, reason",N1
1758380,りこん,利根,intelligence,N1
1549560,りし,利子,interest (bank),N1
1549580,りじゅん,利潤,"profit, returns",N1
1550010,りせい,理性,"reason, sense",N1
1549600,りそく,利息,interest (bank),N1
1551740,りったい,立体,solid body,N1
1551840,りっぽう,立法,"legislation, lawmaking",N1
1549620,りてん,利点,"advantage, point in favor",N1
1551990,りゃくご,略語,"abbreviation, acronym",N1
1606250,りゃくだつ,略奪,"pillage, plunder, looting, robbery",N1
1552090,りゅう,流,"styleof, method of, manner of",N1
1552440,りゅうつう,流通,"circulation of money or goods, flow of water or air, distribution",N1
1553290,りょう,了,"finish, completion, understanding",N1
1554270,りょう,料,"material, charge, rate, fee",N1
1554720,りょういき,領域,"area, domain, territory, field, region, regime",N1
1553310,りょうかい,了解,"comprehension, consent, understanding, roger (on the radio)",N1
1612270,りょうかい,領海,territorial waters,N1
1553520,りょうきょく,両極,"both extremities, north and south poles, positive and negative poles",N1
1554550,りょうこう,良好,"favorable, satisfactory",N1
1554570,りょうしき,良識,good sense,N1
1554580,りょうしつ,良質,"good quality, superior quality",N1
1606280,りょうしょう,了承,"acknowledgement, understanding (e.g. please be understanding of the mess during our renovation)",N1
1554590,りょうしん,良心,conscience,N1
1554780,りょうち,領地,"territory, dominion",N1
1554790,りょうど,領土,"dominion, territory, possession",N1
1554110,りょうりつ,両立,"compatibility, coexistence, standing together",N1
1553140,りょかく,旅客,passenger (transport),N1
1553160,りょけん,旅券,passport,N1
1549810,りれき,履歴,"personal history, background, career, log",N1
1550160,りろん,理論,theory,N1
1555700,りん,輪,counter for wheels and flowers,N1
1555470,りんぎょう,林業,forestry,N1
1556100,るいじ,類似,analogous,N1
1556120,るいすい,類推,analogy,N1
1556980,れいこく,冷酷,"cruelty, coldheartedness, relentless, ruthless",N1
1557100,れいぞう,冷蔵,"cold storage, refrigeration",N1
1557150,れいたん,冷淡,"coolness, indifference",N1
1558800,れんあい,恋愛,"love, love-making, passion, emotion, affections",N1
1559380,れんきゅう,連休,consecutive holidays,N1
1559720,れんじつ,連日,"every day, prolonged",N1
1559700,れんじゅう,連中,"colleagues, company, a lot",N1
1559660,れんたい,連帯,solidarity,N1
1559790,れんぽう,連邦,"commonwealth, federation of states",N1
1559870,れんめい,連盟,"league, union, alliance",N1
1561120,ろうすい,老衰,"senility, senile decay",N1
1560730,ろうどく,朗読,"reading aloud, recitation",N1
1560800,ろうひ,浪費,"waste, extravagance",N1
1560650,ろうりょく,労力,"labour, effort, toil, trouble",N1
1612330,ろくな,碌な,"satisfactory, decent",N1
1570040,ろくに,碌に,"well, enough, sufficient",N1
1560120,ろこつ,露骨,"1. frank, blunt, plain, outspoken, 2. conspicuous, open, 3. broad, suggestive",N1
1561660,ろんぎ,論議,discussion,N1
1561850,ろんり,論理,logic,N1
1561920,わ,和,"sum, harmony, peace",N1
1197020,わがまま,我がまま,"selfishness, egoism, wilfulness, disobedience, whim",N1
1562610,わく,枠,"frame, slide",N1
1562600,わくせい,惑星,planet,N1
1225090,わざ,技,"art, technique",N1
1410760,わざと,態と,on purpose,N1
1606710,わざわざ,態々,"expressly, specially, doing something especially rather than incidentally",N1
1481940,わずらわしい,煩わしい,"troublesome, annoying, complicated",N1
1444650,わたりどり,渡り鳥,"migratory bird, bird of passage",N1
1562670,わび,詫び,apology,N1
1562180,わふう,和風,Japanese style,N1
1562200,わぶん,和文,"Japanese text, sentence in Japanese",N1
1562710,わら,藁,straw,N1
1612360,わりあいに,割合に,comparatively,N1
1606820,わりあて,割り当て,"allotment, assignment, allocation, quota, rationing",N1
1606870,わりこむ,割り込む,"to cut in, to thrust oneself into, to wedge oneself in, to muscle in on, to interrupt, to disturb",N1
1606880,わりざん,割り算,division (math),N1
1606950,わりびき,割引き,"discount, reduction, rebate, tenths discounted",N1
1151840,わるもの,悪者,"bad fellow, rascal, ruffian, scoundrel",N1
1015290,アクセル,,accelerator,N1
1016610,アップ,,up,N1
1018260,アプローチ,,approach (in golf),N1
1018550,アマチュア,,amateur,N1
1019060,アラブ,,Arab,N1
1019210,アルカリ,亜爾加里,alkali,N1
1019620,アルミ,,"aluminum (Al), aluminium",N1
1019840,アワー,,hour,N1
1019940,アンケート,,"(fr:) (n) questionnaire (fr: enquete), survey",N1
1019950,アンコール,,encore,N1
1021010,イエス,,"Jesus, yes",N1
1022840,インターチェンジ,,interchange,N1
1022850,インターナショナル,,international,N1
1022990,インターフォン,,intercom,N1
1023410,インテリ,,"egghead, intelligentsia",N1
1024190,インフォメーション,,information,N1
1024430,インフレ,,inflation,N1
1025690,ウェートレス,,waitress,N1
1027510,エアメール,,air mail,N1
1030350,エレガント,,elegant,N1
1030910,エンジニア,,engineer,N1
1031600,オーケー,ＯＫ,OK,N1
1032100,オートマチック,,automatic,N1
1032990,オープン,,open,N1
1035550,オリエンテーション,,orientation,N1
1035860,オレンジ,,an orange,N1
1036080,オンライン,,on-line,N1
1036580,カーペット,,carpet,N1
1037070,カクテル,,cocktail,N1
1037630,カット,,"cut, cutting",N1
1037790,カテゴリー,,category,N1
1038320,カムバック,,comeback,N1
1038390,カメラマン,,cameraman,N1
1039000,カルテ,,(de:) (n) clinical records (de: Karte),N1
1039490,カンニング,,"cunning, cheat",N1
1039900,ガイド,,tour guide,N1
1039920,ガイドブック,,guidebook,N1
1040530,ガレージ,,garage (at house),N1
1041530,キャッチ,,catch,N1
1041980,キャリア,,"career, career government employee",N1
1043470,クイズ,,quiz,N1
1243910,クラブ,,"club, crab",N1
1045280,クレーン,,crane,N1
1046610,グラフ,,graph,N1
1047480,グレー,,"grey, gray",N1
1048550,ゲスト,,guest,N1
1049110,コーナー,,corner,N1
1050720,コマーシャル,,a commercial,N1
1050980,コミュニケーション,,communication,N1
1051230,コメント,,comment,N1
1052410,コンタクト,,"contact, contact lens",N1
1052590,コンテスト,,contest,N1
1052780,コントラスト,,contrast,N1
1052830,コントロール,,control,N1
1053130,コンパス,,compass,N1
1055520,サイクル,,cycle,N1
1055780,サイズ,,size,N1
1057580,サボる,,"to be truant, to be idle, to sabotage by slowness",N1
1058250,サンキュー,,thank you,N1
1058420,サンタクロース,,Santa Claus,N1
1059450,シート,,"seat, sheet",N1
1060300,システム,,system,N1
1060610,シック,,chic,N1
1060830,シナリオ,,scenario,N1
1062240,ショー,,show,N1
1062660,ショック,,shock,N1
1064050,ジーパン,Ｇパン,"jeans (lit: jeans pants), dungarees",N1
1065290,ジャズ,,jazz,N1
1065840,ジャンパー,,"jacket, jumper",N1
1065860,ジャンプ,,jump,N1
1065880,ジャンボ,,jumbo,N1
1065920,ジャンル,,genre,N1
1069590,スタジオ,,studio,N1
1070050,スチーム,,steam,N1
1071180,ストライキ,,strike,N1
1071490,ストレス,,stress,N1
1071540,ストロー,,straw,N1
1071600,ストロボ,,"stroboscope (lit: strobo), strobe lamp, stroboscopic lamp",N1
1072310,スピード,,speed,N1
1072690,スプリング,,spring,N1
1072810,スペース,,space,N1
1073250,スポーツカー,,sports car,N1
1073780,スラックス,,slacks,N1
1074330,セール,,sale,N1
1074490,セクション,,section,N1
1074570,セックス,,sexual intercourse,N1
1074930,セレモニー,,ceremony,N1
1075000,センス,,good sense (for music style tact etc.),N1
1075190,ゼリー,,"1. jelly, 2. Jerry",N1
1075270,ソース,,source,N1
1075420,ソックス,,socks,N1
1075630,ソロ,,solo,N1
1075900,タイトル,,title,N1
1075920,タイピスト,,typist,N1
1075990,タイマー,,timer,N1
1076000,タイミング,,timing,N1
1076010,タイム,,time,N1
1076090,タイムリー,,"timely, run-batted-in (baseball), RBI",N1
1076120,タイヤ,,"tire, tyre",N1
1076130,タイル,,tile,N1
1076460,タレント,,"talent, star, personality",N1
1076470,タワー,,tower,N1
1076650,ダース,打,dozen,N1
1076980,ダウン,,down,N1
1077100,ダブる,,"to coincide (fall on the same day), to have two of something, to repeat a school year after failing",N1
1077290,ダンプ,,dump,N1
1077370,チームワーク,,teamwork,N1
1077650,チェンジ,,change,N1
1077890,チャイム,,chime,N1
1077960,チャンネル,,a channel,N1
1079110,ティッシュペーパー,,tissue paper,N1
1080460,テレックス,,"telex, teletypewriter exchange",N1
1081190,データ,,data,N1
1082810,デコレーション,,decoration,N1
1082850,デザート,,dessert,N1
1082900,デザイン,,design,N1
1083290,デッサン,,(fr:) (n) rough sketch (fr: dessin),N1
1084080,デモンストレーション,,demonstration,N1
1084780,トーン,,tone,N1
1085920,トラブル,,trouble (sometimes used as a verb),N1
1086180,トランジスター,,transistor,N1
1088450,ドライ,,dry,N1
1088480,ドライクリーニング,,dry cleaning,N1
1088560,ドライバー,,"driver, screwdriver",N1
1088590,ドライブイン,,drive in,N1
1089070,ドリル,,drill,N1
1089740,ナイター,,"game under lights (e.g. baseball) (lit: nighter), night game",N1
1090630,ナプキン,,napkin,N1
1090840,ナンセンス,,nonsense,N1
1091340,ニュー,,new,N1
1092110,ニュアンス,,nuance,N1
1092770,ネガ,,(photographic) negative,N1
1093780,ノイローゼ,,(de:) (n) neurosis (de: Neurose),N1
1096430,ハンガー,,"hangar, (coat) hanger, hunger",N1
1096970,バー,,bar,N1
1099110,バッジ,,badge,N1
1099230,バット,,"bat, vat",N1
1101430,パジャマ,,"pajamas, pyjamas",N1
1101660,パチンコ,,pachinko (Japanese pinball),N1
1101950,パトカー,,patrol car,N1
1103110,パンク,,"1. (abbr) puncture, bursting, 2. punk",N1
1104300,ヒント,,hint,N1
2843940,ビールス,,virus,N1
1104780,ビジネス,,business,N1
1107700,ファイト,,fight,N1
1107800,ファイル,,file,N1
1108540,ファン,,"fan, fun",N1
1109330,フィルター,,(camera) filter,N1
1109980,フェリー,,ferry,N1
1110340,フォーム,,"foam, form",N1
1112990,フロント,,front,N1
1113130,ブーツ,,boots,N1
1113160,ブーム,,boom,N1
1113300,ブザー,,buzzer,N1
1114310,ブルー,,blue,N1
1119210,ベース,,"base, bass",N1
1119530,ベスト,,"best, vest",N1
1119560,ベストセラー,,best-seller,N1
1120690,ペア,,"pair, pear",N1
1121630,ホース,,hose,N1
1122130,ホール,,"hall, hole",N1
1123670,ボイコット,,boycott,N1
1124390,ボルト,,"volt, bolt",N1
1124650,ポーズ,,pause,N1
1124860,ポイント,,point,N1
1125060,ポジション,,position,N1
1125290,ポット,,pot,N1
1126040,ポンプ,,pump,N1
1126140,マーク,,mark,N1
1127900,マスコミ,,mass communication,N1
1128360,マッサージ,,massage,N1
1130830,ミスプリント,,misprint,N1
1130880,ミセス,,Mrs.,N1
1131680,ミュージック,,music,N1
1132190,ムード,,mood,N1
1132420,メーカー,,maker,N1
1133570,メッセージ,,message,N1
1133620,メディア,,media,N1
1134150,メロディー,,melody,N1
1135150,モーテル,,motel,N1
1135430,モニター,,(computer) monitor,N1
1136400,ヤング,,young,N1
1137120,ユニーク,,unique,N1
1137430,ユニフォーム,,uniform,N1
1137820,ライス,,rice,N1
1139720,ラベル,,label,N1
1140360,ランプ,,"lamp, ramp, headlight, light",N1
1143590,ルーズ,,loose,N1
1143920,ルール,,rule,N1
1144380,レース,,"race, lace",N1
1144790,レギュラー,,regular,N1
1144860,レクリエーション,,recreation,N1
1145510,レッスン,,lesson,N1
1145590,レディー,,lady,N1
1145720,レバー,,"lever, liver",N1
1146110,レンジ,,"range, stove",N1
1146160,レンタカー,,hire car (lit: rent-a-car),N1
1146230,レントゲン,,X-ray (lit: Roentgen),N1
1146750,ロープ,,rope,N1
1146810,ローマじ,ローマ字,"romanization, Roman letters",N1
1148010,ロマンチック,,romantic,N1
1149070,ワット,,watt,N1
1401310,あいかわらず,,"as ever,as usual,the same",N2
1014210,アイデア,,idea,N2
1014210,アイディア,,idea,N2
1567920,あいまい,曖昧,"vague,ambiguous",N2
1198180,あう,遭う,"to meet,to encounter (undesirable nuance)",N2
1609000,あおぐ,扇ぐ,"to fan,to flap",N2
1381760,あおじろい,青白い,"pale,pallid",N2
1383310,あかんぼう,,baby,N2
1609010,あき,明き,"room,time to spare,emptiness",N2
1515580,あきれる,,"to be amazed,to be shocked",N2
1015310,アクセント,,accent,N2
1254010,あくび,欠伸,yawn,N2
1518320,あくまで,飽くまで,"to the end,to the last,stubbornly",N2
1532300,あけがた,明け方,dawn,N2
2864817,あげる,揚げる,"to lift,to fry",N2
2864818,あげる,挙げる,"to raise,to fly",N2
1453810,あこがれる,憧れる,"to long for,to yearn after,to admire",N2
1581330,あしあと,足跡,footprints,N2
1527010,あじわう,味わう,"to taste,to savor,to relish",N2
1544970,あずかる,預かる,"to keep in custody,to receive on deposit,to take charge of",N2
1586430,あたたまる,暖まる,"to warm up,to get warm",N2
1586440,あたためる,暖める,"to warm,to heat",N2
1448800,あたりまえ,,"usual,common,ordinary",N2
1612620,あちらこちら,,here and there,N2
1275330,あつかましい,厚かましい,"impudent,shameless,brazen",N2
1153080,あっしゅく,圧縮,"compression,condensation,pressure",N2
1586520,あてな,宛名,"address,direction",N2
1448930,あてはまる,,"to be applicable,to come under (a category),to fulfill",N2
1586530,あてはめる,,"to apply,to adapt",N2
1519340,あばれる,暴れる,"to act violently,to rage,to struggle,to be riotous",N2
1311750,あぶら,脂,"fat,tallow,lard",N2
1568910,あぶる,,to scorch,N2
1167610,あふれる,,"to flood,to overflow,to brim over",N2
1171970,あまど,雨戸,sliding storm door,N2
1213470,あまやかす,甘やかす,"to pamper,to spoil",N2
1543910,あまる,余る,"to remain,to be left over,to be in excess,to be too many",N2
1586670,あみもの,編物,"knitting,web",N2
1511950,あむ,編む,to knit,N2
1218360,あやうい,危うい,"dangerous,critical,grave",N2
1586700,あやしい,怪しい,"suspicious,dubious,doubtful",N2
1281450,あらい,荒い,"rough,rude,wild",N2
1396910,あらい,粗い,"coarse,rough",N2
1396970,あらすじ,,"outline,summary",N2
1400620,あらそう,争う,"to dispute,to argue,to be at variance,to compete",N2
1200740,あらためて,改めて,"another time,again,over again,anew,formally",N2
1200750,あらためる,改める,"to change,to alter,to reform,to revise",N2
1427080,あらわす,著す,"to write,to publish",N2
1541560,ありがたい,有難い,"grateful,thankful,welcome,appreciated,evoking gratitude",N2
1296400,ある,在る,"to live,to be",N2
1612650,あれこれ,,"one thing or another,this and that,this or that",N2
1278810,あわただしい,,"busy,hurried,confused,flurried",N2
1278830,あわてる,,to become confused,N2
1153720,あんい,安易,easy-going,N2
1154820,あんがい,案外,unexpectedly,N2
1020410,アンテナ,,antenna,N2
1264080,いいだす,言い出す,"to start talking,to speak,to tell,to propose,to suggest,to break the ice",N2
1264230,いいつける,言い付ける,"to tell,to tell on (someone),to order",N2
1156520,いぎ,意義,"meaning,significance",N2
1609130,いきいき,生き生き,"vividly,lively",N2
1282000,いきなり,,"(uk) abruptly,suddenly,all of a sudden,without warning",N2
1160630,いくじ,育児,"childcare,nursing,upbringing",N2
1220060,いくぶん,幾分,somewhat,N2
1587180,いけばな,生け花,(1) flower arrangement,N2
1155100,いご,以後,"after this,from now on,hereafter,thereafter",N2
1155110,いこう,以降,"on and after,hereafter,thereafter",N2
1021220,イコール,,equal,N2
1539660,いさましい,勇ましい,"brave,valiant,gallant,courageous",N2
1158780,いしょくじゅう,衣食住,"necessities of life (food, clothing, etc.)",N2
1156740,いじわる,意地悪,"malicious,ill-tempered,unkind",N2
1587320,いちいち,,"one by one,separately",N2
1161170,いちおう,一応,"once,tentatively,in outline,for the time being",N2
1164690,いちだん,一段,"greater,more,further,still more",N2
1167270,いちりゅう,一流,"first class,top grade,foremost,top-notch",N2
1585390,いつ,佚,"be lost,peace,hide,mistake,beautiful,in turn",N2
1576050,いっさくじつ,一昨日,day before yesterday,N2
1576060,いっさくねん,一昨年,year before last,N2
1164040,いっせい,一斉,"simultaneous,all at once",N2
1164650,いったん,一旦,"once,for a moment,one morning,temporarily",N2
1164950,いってい,一定,"fixed,settled,definite",N2
2088750,いってらっしゃい,,,N2
2149180,いってまいります,,,N2
1188850,いつのまにか,,"before one knows,unnoticed,unawares",N2
1158390,いてん,移転,"moving,transfer,demise",N2
1160330,いど,井戸,water well,N2
1158490,いど,緯度,latitude (nav.),N2
1335310,いとこ,従姉妹,cousin (female),N2
1156320,いばる,威張る,"to be proud,to swagger",N2
1609260,いやがる,嫌がる,"to hate,to dislike",N2
1587670,いよいよ,,"more and more,all the more,increasingly,at last,beyond doubt",N2
1391500,いる,煎る,"to parch,to fry",N2
1391500,いる,炒る,,N2
1587840,いれもの,入れ物,"container,case,receptacle",N2
2856157,インキ,,ink,N2
1023100,インタビュー,,interview,N2
1169720,いんりょく,引力,gravity,N2
1024950,ウーマン,,woman,N2
1025010,ウール,,wool,N2
1025690,ウエートレス,,waitress,N2
1587970,うえき,植木,"garden shrubs,trees,potted plant",N2
1224080,うえる,飢える,to starve,N2
1497430,うかぶ,浮ぶ,"to float,to rise to surface,to come to mind",N2
1497360,うかべる,浮かべる,"to float,to express,to look (sad, glad)",N2
1497420,うく,浮く,"to float,to become merry,to become loose",N2
1349440,うけたまわる,承る,"(hum) to hear,to be told,to know",N2
1329770,うけとり,受取,receipt,N2
1329640,うけもつ,受け持つ,to take (be in) charge of,N2
1475530,うすぐらい,薄暗い,"dim,gloomy",N2
1475500,うすめる,薄める,"to dilute,to water down",N2
1588140,うちあわせ,打合せ,"business meeting,previous arrangement,appointment",N2
1609310,うちけす,打ち消す,"to deny,to negate,to contradict",N2
1478010,うつ,討つ,"to attack,to avenge",N2
1001010,うっかり,,"carelessly,thoughtlessly,inadvertently",N2
1588330,うつす,映す,"to project,to reflect,to cast (shadow)",N2
1321820,うつる,写る,"to be photographed,to be projected",N2
1173710,うつる,映る,"to be reflected,to harmonize with,to come out (photo)",N2
1574470,うどん,,noodles (Japanese),N2
1541610,うむ,有無,"yes or no,existence,flag indicator (comp),presence or absence marker",N2
1524500,うめる,埋める,"to bury,to fill up,to fill (a seat, a vacant position)",N2
1250700,うやまう,敬う,"to show respect,to honour",N2
1550630,うらがえす,裏返す,"to turn inside out,to turn (something) over",N2
1550270,うらぐち,裏口,"backdoor,rear entrance",N2
1389430,うらなう,占う,"to forecast,to predict",N2
1289740,うらみ,恨み,resentment,N2
1289780,うらむ,恨む,"to curse,to feel bitter",N2
1391940,うらやましい,羨ましい,"envious,enviable",N2
1391950,うらやむ,羨む,to envy,N2
1588500,うりあげ,売上,"amount sold,proceeds",N2
1473870,うりきれ,売り切れ,sold-out,N2
1473880,うりきれる,売り切れる,to be sold out,N2
1588590,うれゆき,売行き,sales,N2
1001060,うろうろ,,"loiteringly,aimless wandering",N2
1172710,うんが,運河,"canal,waterway",N2
2007420,うんと,,"a great deal,very much",N2
1174620,えいぶん,英文,sentence in English,N2
1174720,えいわ,英和,English-Japanese (e.g. dictionary),N2
1001150,ええと,,"let me see,well,er....",N2
1175030,えきたい,液体,"liquid,fluid",N2
1028990,エチケット,,etiquette,N2
1202290,えのぐ,絵の具,"colors,paints",N2
1029760,エプロン,,apron,N2
1155780,えらい,偉い,"great,celebrated,eminent,terrible,awful,famous,remarkable,excellent",N2
1176320,えんかい,宴会,"party,banquet",N2
1176260,えんげい,園芸,"horticulture,gardening",N2
1176860,えんげき,演劇,play (theatrical),N2
1175860,えんしゅう,円周,circumference,N2
1178260,えんそく,遠足,"trip,hike,picnic",N2
1176510,えんちょう,延長,"extension,elongation,prolongation,lengthening",N2
1177320,えんとつ,煙突,chimney,N2
1608720,おいかける,追い掛ける,"to chase or run after someone,to run down,to pursue",N2
1432280,おいこす,追い越す,"to pass (e.g. car),to outdistance,to outstrip",N2
1033900,オイル,,"oil,engine oil,kerosene",N2
1179840,おうえん,応援,"aid,assistance,help,reinforcement",N2
1181560,おうじょ,王女,princess,N2
1609380,おうずる,応ずる,"to answer,to respond,to meet,to satisfy,to accept",N2
1179930,おうせつ,応接,reception,N2
1179980,おうたい,応対,"receiving,dealing with",N2
1179760,おうふく,往復,"(col) round trip,coming and going,return ticket",N2
1609390,おうべい,欧米,"Europe and America,the West",N2
1180060,おうよう,応用,"application,put to practical use",N2
1031610,オーケストラ,,orchestra,N2
1412950,おおざっぱ,,"rough (not precise),broad,sketchy",N2
1414570,おおどおり,大通り,main street,N2
1032180,オートメーション,,automation,N2
1032880,オーバーコート,,,N2
1415050,おおよそ,大凡,"about,roughly,as a rule,approximately",N2
1612780,おかえり,お帰り,"return,welcome",N2
2411600,おかけください,,,N2
1270220,おかげさまで,,"Thanks to god,thanks to you",N2
1588930,おかず,,"side dish,accompaniment for rice dishes",N2
1472230,おがむ,拝む,"to worship,to beg,to make a supplication",N2
1612800,おかわり,お代わり,"second helping,another cup",N2
1514460,おぎなう,補う,to compensate for,N2
2167510,おきのどくに,,,N2
1182680,おくがい,屋外,outdoors,N2
1179330,おくさん,,"(hon) wife,your wife,madam",N2
1402640,おくりがな,送り仮名,part of word written in kana,N2
2847540,げんきでね,元気でね,,N2
1410710,おこたる,怠る,"to neglect,to be off guard,to be feeling better",N2
1589080,おさえる,押える,"to stop,to restrain,to seize,to repress,to suppress,to press down",N2
1002280,おさきに,,"before,ahead,previously",N2
1589090,おさめる,納める,"to obtain,to reap,to pay,to supply,to accept",N2
1316830,おさめる,治める,"(1) to govern,to manage,(2) to subdue",N2
1382280,おしい,惜しい,"regrettable,disappointing,precious",N2
1002030,おじぎ,御辞儀,bow,N2
2261490,おじさん,伯父さん,"middle-aged gentleman,uncle",N2
2261490,おじさん,小父さん,"middle-aged gentleman,uncle",N2
2261490,おじさん,叔父さん,"middle-aged gentleman,uncle",N2
1002770,おしゃれ,,"smartly dressed,someone smartly dressed,fashion-conscious",N2
1002050,おじゃまします,,Excuse me for disturbing you,N2
1236940,おそわる,教わる,to be taught,N2
1002390,おだいじに,,Take care of yourself,N2
1589220,おちつく,落着く,"to calm down,to settle down",N2
1693840,みたらし,御手洗,font of purifying water placed at entrance of shrine,N2
1338475,おでかけ,お出掛け,,N2
1002110,おてつだいさん,お手伝いさん,maid,N2
1578070,おどかす,,"to threaten,to coerce",N2
1589250,おとしもの,落し物,lost property,N2
1576050,おととい,,day before yesterday,N2
1576060,おととし,,year before last,N2
1414190,おとなしい,,"obedient,docile,quiet",N2
1238650,おどろかす,驚かす,"to surprise,to frighten,to create a stir",N2
1001720,おねがいします,,please,N2
2826190,おのおの,各々,"each,every,either,respectively,severally",N2
2261500,おばさん,叔母さん,"(1) aunt,(2) middle-aged lady",N2
1612820,おはよう,,(abbr) Good morning,N2
1001950,おまいり,お参り,"worship,shrine visit",N2
2149640,おまたせしました,,Sorry to have kept you waiting,N2
1002360,おまちどおさま,,Sorry to have kept you waiting,N2
1647360,おめでたい,,"happy event,matter for congratulation,auspicious event,pregnancy",N2
1610630,おもいがけない,思い掛けない,"unexpected,casual",N2
1309230,おもいこむ,思い込む,"to be under impression that,to be convinced that",N2
1309310,おもいっきり,思いっ切り,,N2
1589330,おもいつく,思い付く,"to think of,to hit upon",N2
1335780,おもたい,重たい,"heavy,massive,serious",N2
1612680,おやすみ,,"(1) holiday,absence,rest,(2) (exp) Good night",N2
1589430,おやつ,,"(1) between meal snack,afternoon refreshment",N2
1365190,おやゆび,親指,thumb,N2
1035780,オルガン,,organ,N2
1183050,おろす,卸す,"to sell wholesale,grated (vegetables)",N2
1183140,おんけい,恩恵,"grace,favor,blessing,benefit",N2
1183390,おんしつ,温室,greenhouse,N2
1183450,おんせん,温泉,"spa,hot spring,onsen",N2
1183470,おんたい,温帯,temperate zone,N2
1270530,おんちゅう,御中,"and Company,Messrs.",N2
1344980,おんなのひと,女の人,woman,N2
1196540,か,蚊,mosquito,N2
1036560,カーブ,,"(1) curve,(2) curve ball (baseball)",N2
1203100,かい,貝,"shell,shellfish",N2
1202560,かいかい,開会,opening of a meeting,N2
1589660,かいかん,会館,"meeting hall,assembly hall",N2
1200840,かいさつ,改札,examination of tickets,N2
1199000,かいさん,解散,"breakup,dissolution",N2
1201520,かいすいよく,海水浴,"sea bathing,seawater bath",N2
1199510,かいすう,回数,"number of times,frequency",N2
1199520,かいすうけん,回数券,book of tickets,N2
1200930,かいせい,改正,"revision,amendment,alteration",N2
1200060,かいせい,快晴,good weather,N2
1199080,かいせつ,解説,"explanation,commentary",N2
1201000,かいぞう,改造,"(1) remodeling,(2) modding (comp)",N2
1202850,かいつう,開通,"opening,open",N2
1199640,かいてん,回転,"rotation,revolution,turning",N2
1199160,かいとう,解答,"answer,solution",N2
1199680,かいとう,回答,"reply,answer",N2
1204070,がいぶ,外部,"the outside,external",N2
1199250,かいほう,解放,"release,liberation,emancipation",N2
1202950,かいほう,開放,"open,throw open,liberalization",N2
1201790,かいよう,海洋,ocean,N2
1204520,がいろん,概論,"intro,outline,general remarks",N2
1221240,かえす,帰す,to send back,N2
1226610,かえって,却って,"on the contrary,rather,all the more,instead",N2
1589780,かえる,代える,"to exchange,to interchange,to substitute,to replace",N2
1512150,かえる,反る,"to warp,to be warped,to curve",N2
1191780,かおく,家屋,"house,building",N2
1589880,かかわる,係わる,"to concern oneself in,to have to do with,to affect,to influence,to stick to (opinions)",N2
1589960,かきとめ,書留,"writing down,putting on record,recording,making a note of,registration (of mail)",N2
1589970,かきとり,書取,dictation,N2
1204800,かきね,垣根,hedge,N2
1399970,かく,掻く,"to scratch,to perspire",N2
1565480,かぐ,嗅ぐ,"to sniff,to smell",N2
1193130,かくう,架空,"aerial,overhead,fiction,fanciful",N2
1205010,かくじ,各自,"individual,each",N2
1205190,かくじゅう,拡充,expansion,N2
1206870,がくじゅつ,学術,"science,learning,scholarship",N2
1205100,かくち,各地,"every place,various places",N2
1205220,かくちょう,拡張,"expansion,extension,enlargement,escape (ESC)",N2
1206190,かくど,角度,angle,N2
1207030,がくねん,学年,"year in school,grade in school",N2
1207080,がくぶ,学部,"department of a university,undergraduate",N2
1205490,かくべつ,格別,exceptional,N2
1205950,かくりつ,確率,probability,N2
1207180,がくりょく,学力,"scholarship,knowledge,literary ability",N2
1590080,かけざん,掛け算,multiplication,N2
1190810,かけつ,可決,"approval,adoption (e.g. motion, bill),passage",N2
1193860,かこう,火口,"a burner,origin of a fire",N2
1184940,かこう,下降,"downward,descent,fall,drop,subsidence",N2
1335800,かさなる,重なる,"to be piled up,lie on top of one another,overlap each other",N2
1335830,かさねる,重ねる,"to pile up,to put something on another,to heap up,to add,to repeat",N2
1357160,かざり,飾り,decoration,N2
1193910,かざん,火山,volcano,N2
1002790,かしこまりました,,certainly!,N2
1590240,かしだし,貸し出し,"lending,loaning",N2
1196120,かしつ,過失,"error,blunder,accident",N2
1192940,かじつ,果実,"fruit,nut,berry.",N2
1609530,かしま,貸間,room to let,N2
1411170,かしや,貸家,house for rent,N2
1590250,かしょ,個所,"passage,place,point,part",N2
1196170,かじょう,過剰,"excess,over-",N2
1610640,かじる,,"to chew,to bite (at),to gnaw,to nibble",N2
1195790,かぜい,課税,taxation,N2
1185640,かせん,下線,"underline,underscore",N2
1037400,カセット,,cassette (tape),N2
1190370,かそく,加速,acceleration,N2
1190390,かそくど,加速度,acceleration,N2
1511600,かたかな,片仮名,katakana,N2
1511770,かたづく,片付く,"to put in order,to dispose of,to solve",N2
1590410,かたまり,塊,"lump,mass,clod,cluster",N2
1266550,かたまる,固まる,"to harden,to solidify,to become firm,to become certain",N2
1511760,かたみち,片道,one-way (trip),N2
1578210,かたむく,傾く,"to incline toward,to slant,to lurch",N2
1590420,かたよる,片寄る,"to be one-sided,to incline,to be partial",N2
1206590,がっか,学科,"study subject,course of study",N2
1206610,がっかい,学会,"scientific society,academic meeting",N2
1207340,がっき,楽器,musical instrument,N2
1206680,がっきゅう,学級,grade in school,N2
1418140,かつぐ,担ぐ,"to shoulder,to carry on shoulder",N2
1208240,かっこ,括弧,"parenthesis,brackets",N2
1208300,かつじ,活字,printing type,N2
1208450,かつやく,活躍,activity,N2
1208480,かつりょく,活力,"vitality,energy",N2
1187870,かてい,仮定,"assumption,supposition,hypothesis",N2
1196270,かてい,過程,process,N2
1195850,かてい,課程,"course,curriculum",N2
1590540,かな,仮名,"(n) alias,pseudonym,pen name",N2
1188100,かなづかい,仮名遣い,"kana orthography,syllabary spelling",N2
1352030,かね,鐘,"bell,chime",N2
1190470,かねつ,加熱,heating,N2
1256520,かねる,兼ねる,"to hold (position),to serve,to be unable",N2
1037960,カバー,,cover (ex. book),N2
1196380,かはんすう,過半数,majority,N2
1484320,かぶせる,被せる,to cover (with something),N2
1209080,かま,釜,"iron pot,kettle",N2
1609610,かみくず,紙屑,wastepaper,N2
1364920,かみさま,神様,god,N2
1435180,かみそり,剃刀,razor,N2
1040350,ガム,,chewing gum,N2
1195890,かもつ,貨物,"cargo,freight",N2
1569570,かゆい,,"itchy,itching",N2
1193450,かよう,歌謡,"song,ballad",N2
1205740,から,殻,"shell,husk,hull,chaff",N2
1038500,カラー,,"collar,color,colour",N2
1567650,からかう,,"to ridicule,to tease,to banter with,to make fun of",N2
1245380,からっぽ,空っぽ,"empty,vacant,hollow",N2
1590710,かるた,,(n) playing cards (pt: carta),N2
1267220,かれる,枯れる,"to wither,to die (plant),to be blasted (plant)",N2
1039300,カロリー,,calorie,N2
1190730,かわいがる,,"to love,to be affectionate",N2
1209630,かわかす,乾かす,"to dry (clothes, etc.),to desiccate",N2
1208520,かわく,渇く,to be thirsty,N2
1157330,かわせ,為替,"money order,exchange",N2
1209580,かわら,瓦,roof tile,N2
1590820,かわる,代る,"(v5r,vi) to take the place of,to relieve,to be substituted for",N2
1215380,かんかく,間隔,"space,interval,SPC",N2
1212780,かんき,換気,ventilation,N2
1212360,かんげき,感激,"deep emotion,impression,inspiration",N2
1215910,かんさい,関西,,N2
1215200,かんしょう,鑑賞,appreciation,N2
1609650,かんずる,感ずる,"to feel,to sense",N2
1215520,かんせつ,間接,"indirection,indirectness",N2
1209920,かんそう,乾燥,"dry,arid,insipid,dehydrated",N2
1212480,かんそう,感想,"impressions,thoughts",N2
1214980,かんそく,観測,observation,N2
1210460,かんたい,寒帯,frigid zone,N2
1211730,かんちょう,官庁,"government office,authorities",N2
1210620,かんちがい,勘違い,"misunderstanding,wrong guess",N2
1214560,かんづめ,缶詰,"packing (in cans),canning,canned goods,tin can",N2
1210100,かんでんち,乾電池,"dry cell,battery",N2
1216010,かんとう,関東,"eastern half of Japan, including Tokyo",N2
1215010,かんねん,観念,"(1) idea,notion,conception,(2) sense (e.g. of duty)",N2
1590950,かんぱい,乾杯,toast (drink),N2
1213990,かんばん,看板,"sign,signboard,doorplate,poster",N2
1214030,かんびょう,看病,nursing (a patient),N2
1577620,かんむり,冠,"crown,diadem,first,best",N2
1213260,かんわ,漢和,Chinese Character-Japanese (e.g. dictionary),N2
1221880,きあつ,気圧,atmospheric pressure,N2
1220810,きかい,器械,instrument,N2
1423160,きがえ,着替え,"changing clothes,change of clothes",N2
1220880,きかんしゃ,機関車,"locomotive,engine",N2
1591080,ききん,飢饉,famine,N2
1218920,きぐ,器具,utensil,N2
1220560,きげん,期限,"term,period",N2
1223210,きごう,記号,"symbol,code",N2
1285890,きざむ,刻む,"to mince,to carve,to engrave",N2
1224700,ぎしき,儀式,"ceremony,rite,ritual,service",N2
1591210,きじゅん,基準,"standard,basis,criteria,norm",N2
1591210,きじゅん,規準,"standard,basis,criteria,norm",N2
1223820,きしょう,起床,"rising,getting out of bed",N2
1422990,きせる,着せる,to put on clothes,N2
1219060,きそ,基礎,"foundation,basis",N2
1222460,きたい,気体,"vapour,gas",N2
1219110,きち,基地,base,N2
1591290,きっかけ,,"chance,start,cue,excuse",N2
1003590,ぎっしり,,"tightly,fully",N2
1219170,きばん,基盤,"foundation,basis",N2
1226760,きゃくせき,客席,guest seating,N2
1226710,きゃくま,客間,"parlor,guest room",N2
1043150,ギャング,,gang,N2
1042150,キャンパス,,campus,N2
1227700,きゅうぎょう,休業,"closed (e.g. store),business suspended,shutdown,holiday",N2
1227780,きゅうこう,休講,lecture cancelled,N2
1227940,きゅうそく,休息,"rest,relief,relaxation",N2
1230350,きゅうよ,給与,"allowance,grant,supply",N2
1228100,きゅうよう,休養,"rest,break,recreation",N2
1378140,きよい,清い,"clear,pure,noble",N2
1236200,きょうか,強化,"strengthen,intensify,reinforce,solidify",N2
1235960,きょうかい,境界,boundary,N2
1281930,ぎょうじ,行事,"event,function",N2
1236740,きょうしゅく,恐縮,"shame,very kind of you,sorry to trouble",N2
1237370,きょうよう,教養,"culture,education,refinement,cultivation",N2
1282220,ぎょうれつ,行列,"(1) line,procession,(2) matrix (math)",N2
1232990,ぎょぎょう,漁業,fishing (industry),N2
1239970,きょくせん,曲線,curve,N2
1223120,きりつ,規律,"order,rules,law",N2
1304400,きる,斬る,"(v5r) to behead,to murder",N2
1591990,きをつける,気を付ける,"to be careful,to pay attention,to take care",N2
1242750,きんぎょ,金魚,goldfish,N2
1244090,くいき,区域,"limits,boundary,domain,zone,sphere,territory",N2
1246250,ぐうすう,偶数,even number,N2
1245730,くうそう,空想,"daydream,fantasy,fancy,vision",N2
1245790,くうちゅう,空中,"sky,air",N2
1043310,クーラー,,"cooler,air conditioner",N2
1436840,くぎ,釘,nail,N2
1592130,くぎる,区切る,"to punctuate,to cut off,to mark off,to stop,to put an end to",N2
1246490,くし,櫛,comb,N2
1003710,くしゃみ,,sneeze,N2
1244520,くじょう,苦情,"complaint,troubles,objection",N2
1244530,くしん,苦心,"pain,trouble",N2
1246510,くず,屑,"waste,scrap",N2
1516260,くずす,崩す,"to destroy,to pull down,to make change (money)",N2
1538250,くすりゆび,薬指,ring finger,N2
1516270,くずれる,崩れる,"to collapse,to crumble",N2
1295170,くだく,砕く,"to break,to smash",N2
1295190,くだける,砕ける,"to break,to be broken",N2
1003810,くたびれる,,"to get tired,to wear out",N2
1184360,くだらない,,"good-for-nothing,stupid,trivial,worthless",N2
1184450,くだる,下る,"to get down,to descend",N2
1359940,くちびる,唇,lips,N2
1276110,くちべに,口紅,lipstick,N2
1003860,くっつく,,"to adhere to,to keep close to",N2
1003870,くっつける,,to attach,N2
1572760,くどい,,"verbose,importunate,heavy (taste)",N2
1244050,くとうてん,句読点,punctuation marks,N2
1472990,くばる,配る,"to distribute,to deliver",N2
1278220,くふう,工夫,"labourer,worker",N2
1244230,くぶん,区分,"division,section,classification",N2
1592290,くみあわせ,組合せ,combination,N2
1397580,くみたてる,組み立てる,"to assemble,to set up,to construct",N2
1229610,くむ,汲む,"(1) to draw (water),to dip,to scoop,to pump",N2
1324210,くむ,酌む,to serve sake,N2
1592350,くやしい,悔しい,"regrettable,mortifying,vexing",N2
1200450,くやむ,悔やむ,to mourn,N2
1044440,クリーニング,,"cleaning,dry cleaning,laundry service",N2
2831360,くるむ,,"to be engulfed in,to be enveloped by,to wrap up",N2
1269140,くれぐれも,,"repeatedly,sincerely,earnestly",N2
1609730,くわえる,咥える,,N2
1249230,ぐん,郡,"country,district",N2
1250990,けいこ,稽古,"practice,training,study",N2
1250750,けいご,敬語,"honorific,term of respect",N2
1592540,けいこうとう,蛍光灯,"fluorescent lamp,person who is slow to react",N2
1250310,けいしき,形式,"form,formality,format,math expression",N2
1251810,けいぞく,継続,continuation,N2
1533860,けいと,毛糸,knitting wool,N2
1251630,けいど,経度,longitude,N2
1251030,けいとう,系統,"system,family line,geological formation",N2
1253130,げいのう,芸能,"public entertainment,accomplishments,attainments",N2
1234210,けいば,競馬,horse racing,N2
1252490,けいび,警備,"defense,guard,policing,security",N2
1250430,けいようし,形容詞,true adjective,N2
1250450,けいようどうし,形容動詞,"adjectival noun,quasi-adjective",N2
1203380,げか,外科,surgical department,N2
1533930,けがわ,毛皮,"fur,skin,pelt",N2
1253690,げきぞう,激増,sudden increase,N2
1185170,げしゃ,下車,"alighting,getting off",N2
1185330,げじゅん,下旬,month (last third of),N2
1185510,げすい,下水,"drainage,sewage,ditch,gutter,sewerage",N2
1298090,けずる,削る,"to cut down little by little,to take a percentage",N2
1253800,けた,桁,"column,beam,digit",N2
1185780,げた,下駄,"geta (Japanese footwear),wooden clogs",N2
1255110,けつあつ,血圧,blood pressure,N2
1255120,けつえき,血液,blood,N2
1255560,げっきゅう,月給,monthly salary,N2
1253840,けっさく,傑作,"masterpiece,best work,boner,blunder",N2
1255840,げつまつ,月末,end of the month,N2
1222510,けはい,気配,"indication,market trend,worry",N2
1186230,げひん,下品,"vulgarity,meanness,indecency,coarseness",N2
1177190,けむい,煙い,smoky,N2
1333400,ける,蹴る,to kick,N2
1260530,けわしい,険しい,"inaccessible place,sharp eyes",N2
1259440,けんがく,見学,"inspection,study by observation,field trip",N2
1260190,けんきょ,謙虚,"modesty,humility",N2
1261340,げんこう,原稿,"manuscript,copy",N2
1261470,げんさん,原産,"place of origin,habitat",N2
1261500,げんし,原始,"origin,primeval",N2
1258660,けんしゅう,研修,training,N2
1262660,げんじゅう,厳重,"strict,rigour,severe,firm",N2
1260240,けんそん,謙遜,"humble,humility,modesty",N2
1258880,けんちょう,県庁,prefectural office,N2
1264690,げんど,限度,"limit,bounds",N2
1263500,げんに,現に,"actually,really",N2
1260660,けんびきょう,顕微鏡,microscope,N2
1262460,げんり,原理,"principle,theory,fundamental truth",N2
1262490,げんりょう,原料,raw materials,N2
1270870,ご,碁,Go (board game of capturing territory),N2
1558760,こいしい,恋しい,"(1) dear,beloved,darling,(2) yearned for",N2
1592920,こう,請う,"to ask,to request",N2
1277980,こういん,工員,factory worker,N2
1236170,ごういん,強引,"overbearing,coercive,pushy,forcible,high-handed",N2
1273420,こうがい,公害,"public nuisance,pollution",N2
1283400,こうきゅう,高級,"high class,high grade",N2
1273510,こうきょう,公共,"public,community,public service,society,communal",N2
1278090,こうげい,工芸,industrial arts,N2
1277880,こうこう,孝行,filial piety,N2
1271970,こうさ,交差,cross,N2
1282280,こうし,講師,lecturer,N2
1278130,こうじ,工事,construction work,N2
1273820,こうしき,公式,"formula,formality,official",N2
1276220,こうじつ,口実,excuse,N2
2008040,こうして,,thus,N2
1279540,こうしゃ,校舎,school building,N2
1273900,こうしゅう,公衆,the public,N2
1283060,こうすい,香水,perfume,N2
1274120,こうせい,公正,"justice,fairness,impartiality",N2
1275070,こうせき,功績,"achievements,merit,meritorious service,meritorious deed",N2
1273030,こうせん,光線,"beam,light ray",N2
1283690,こうそう,高層,upper,N2
1279790,こうぞう,構造,"structure,construction",N2
1592990,こうたい,交替,"alternation,change,relief,relay,shift",N2
1280990,こうち,耕地,arable land,N2
1272320,こうつうきかん,交通機関,transportation facilities,N2
1279600,こうてい,校庭,campus,N2
1281180,こうてい,肯定,"positive,affirmation",N2
1283830,こうど,高度,"altitude,height,advanced",N2
1283850,こうとう,高等,"high class,high grade",N2
1285140,ごうどう,合同,"combination,incorporation,union,amalgamation",N2
1270010,こうはい,後輩,junior (at work or school),N2
1274550,こうひょう,公表,"official announcement,proclamation",N2
1282650,こうぶつ,鉱物,mineral,N2
1274810,こうむ,公務,"official business,public business",N2
1283000,こうもく,項目,item,N2
1578780,こうよう,紅葉,(1) (Japanese) maple,N2
1285330,ごうり,合理,rational,N2
1272580,こうりゅう,交流,"alternating current,intercourse,(cultural) exchange,intermingling",N2
1285390,ごうりゅう,合流,"confluence,union,linking up,merge",N2
1275250,こうりょく,効力,"effect,efficacy,validity,potency",N2
1593070,こえる,超える,"to exceed,to cross over,to cross",N2
1048830,コース,,course,N2
1049340,コーラス,,chorus,N2
1350710,こがす,焦がす,"to burn,to scorch,to singe,to char",N2
1286160,こくおう,国王,king,N2
1286780,こくせき,国籍,nationality,N2
1287180,こくりつ,国立,national,N2
1005030,ごくろうさま,,Thank you very much for your....,N2
1350730,こげる,焦げる,"to burn,to be burned",N2
1446180,こごえる,凍える,"to freeze,to be chilled,to be frozen",N2
1360890,こころあたり,心当たり,"having some knowledge of,happening to know",N2
1360920,こころえる,心得る,"to be informed,to have thorough knowledge",N2
1288370,こしかけ,腰掛け,"seat,bench",N2
1288350,こしかける,腰掛ける,to sit (down),N2
1268300,ごじゅうおん,五十音,the Japanese syllabary,N2
1267600,こしょう,胡椒,pepper,N2
1567390,こしらえる,,"to make,to manufacture",N2
1175300,こす,超す,"to cross,to pass,to tide over",N2
1298910,こする,擦る,"to rub,to chafe,to file,to frost (glass),to strike (match)",N2
1264980,こたい,個体,an individual,N2
1593590,ごちそう,御馳走,"feast,treating (someone)",N2
1270520,ごちそうさま,,feast,N2
1004510,こちらこそ,,it is I who should say so,N2
1348030,こづかい,小遣い,"personal expenses,pocket money,spending money,incidental expenses,allowance",N2
1050310,コック,,"(1) cook (nl:),(2) tap,spigot,faucet,cock",N2
1004520,こっそり,,"stealthily,secretly",N2
1265860,こてん,古典,"old book,classics,classic",N2
1241450,こと,琴,Koto (Japanese harp),N2
1593330,ことづける,言付ける,"to send word,to send a message",N2
1264560,ことばづかい,言葉遣い,"speech,expression,wording",N2
1004610,こないだ,,"the other day,lately,recently",N2
1270650,ごぶさた,御無沙汰,not writing or contacting for a while,N2
1557640,こぼす,,to spill,N2
1557650,こぼれる,零れる,"to overflow,to spill",N2
1054570,ゴム,,"gum,rubber,eraser",N2
1270670,ごめん,御免,"your pardon,declining (something),dismissal,permission",N2
1270690,ごめんください,,May I come in?,N2
1348170,こゆび,小指,little finger,N2
2827352,こらえる,,"to bear,to stand,to endure,to put up with",N2
1269290,ごらく,娯楽,"pleasure,amusement",N2
1270760,ごらん,御覧,"(hon) look,inspection,try",N2
1051540,コレクション,,"(1) collection,(2) correction",N2
1440980,ころがす,転がす,to roll,N2
1441000,ころがる,転がる,"to roll,to tumble",N2
1290590,こん,紺,"navy blue,deep blue",N2
1051840,コンクール,,contest (fr: concours),N2
1051860,コンクリート,,concrete,N2
1290360,こんごう,混合,"mixing,mixture",N2
1052330,コンセント,,"(1) consent,(2) concentric",N2
1258500,こんだて,献立,"menu,program,schedule",N2
1289480,こんばんは,,good evening,N2
1054850,サークル,,"circle,sports club (i.e. at a company)",N2
1296440,ざいがく,在学,(enrolled) in school,N2
1292760,さいさん,再三,"again and again,repeatedly",N2
1295310,さいじつ,祭日,"national holiday,festival day",N2
1292200,さいそく,催促,"request,demand,claim,urge (action),press for",N2
1294850,さいてん,採点,"marking,grading,looking over",N2
1295110,さいなん,災難,"calamity,misfortune",N2
1296200,さいほう,裁縫,sewing,N2
1296660,ざいもく,材木,"lumber,timber",N2
1056150,サイレン,,siren,N2
1226970,さかさ,逆さ,"reverse,inversion,upside down",N2
1593650,さかさま,逆様,"inversion,upside down",N2
1593670,さがす,捜す,"to search,to seek,to look for",N2
1397830,さかのぼる,遡る,"to go back,to go upstream,to make retroactive",N2
1329110,さかば,酒場,"bar,bar-room",N2
1576030,さきおととい,,two days before yesterday,N2
1388170,さきほど,先程,some time ago,N2
1207730,さく,裂く,"to tear,to split",N2
1298320,さくいん,索引,"index,indices",N2
1297710,さくしゃ,作者,"author,authoress",N2
1298120,さくじょ,削除,"elimination,cancellation,deletion,erasure",N2
1297760,さくせい,作成,"frame,draw up,make,producing",N2
1297790,さくせい,作製,manufacture,N2
1418260,さぐる,探る,"to search,to look for,to sound out",N2
1565670,ささやく,囁く,"to whisper,to murmur",N2
1306390,ささる,刺さる,"to stick,to be stuck",N2
1585630,さじ,匙,spoon,N2
1291990,ざしき,座敷,tatami room,N2
1593780,さしつかえ,差し支え,"hindrance,impediment",N2
1291090,さしひき,差し引き,"deduction,subtraction,balance,ebb and flow,rise and fall",N2
1306570,さしみ,刺身,sliced raw fish,N2
1306470,さす,刺す,"to pierce,to stab,to prick,to thrust",N2
1399830,さす,挿す,"to insert,to put in,to graft,to wear in belt",N2
1609820,さす,注す,"to pour (drink),to serve (drinks)",N2
1322170,さす,射す,"to shine,to strike",N2
1552390,さすが,流石,"clever,adept,good,expectations,as one would expect",N2
1298800,さつえい,撮影,photographing,N2
1299280,ざつおん,雑音,"noise (jarring, grating)",N2
1005190,さっさと,,quickly,N2
1400300,さっそく,早速,"at once,immediately,without delay,promptly",N2
1593820,さび,錆,rust (colour),N2
1299640,さびる,錆びる,"to rust,to become rusty",N2
1291980,ざぶとん,座布団,cushion (Japanese),N2
1556740,さます,冷ます,"to cool,to dampen,to let cool",N2
1519120,さまたげる,妨げる,"to disturb,to prevent",N2
1556750,さめる,冷める,"to become cool,to wear off,to abate,to subside",N2
1291050,さようなら,,good-bye,N2
1293640,さらいげつ,再来月,month after next,N2
1293650,さらいしゅう,再来週,week after next,N2
1293660,さらいねん,再来年,year after next,N2
1057960,サラリーマン,,"salary man,company employee",N2
1403000,さわがしい,騒がしい,noisy,N2
1399520,さわやか,,"fresh,refreshing,invigorating",N2
1299970,さんかく,三角,"triangle,triangular",N2
1303930,さんすう,算数,arithmetic,N2
1304330,さんせい,酸性,acidity,N2
1303820,さんち,産地,producing area,N2
1058760,サンプル,,sample,N2
1303230,さんりん,山林,"mountain forest,mountains and forest",N2
1305130,しあがる,仕上がる,to be finished,N2
1594050,しあさって,,two days after tomorrow,N2
1059300,シーズン,,season (sporting),N2
1059400,シーツ,,sheet,N2
1315250,じいん,寺院,temple,N2
1631970,しいん,,"silent (as the grave),(deathly) quiet",N2
1317400,じえい,自衛,self-defense,N2
1609860,しおからい,塩辛い,salty (taste),N2
1306640,しかい,司会,chairmanship,N2
1307090,しかく,四角,square,N2
1307100,しかくい,四角い,square,N2
1315960,じかんわり,時間割,"timetable,schedule",N2
1307130,しき,四季,four seasons,N2
1497060,しきち,敷地,site,N2
1311900,しきゅう,至急,"urgent,pressing",N2
1497020,しく,敷く,"to spread out,to lay out",N2
1533740,しげる,茂る,"to grow thick,to luxuriate,to be luxurious",N2
1315790,じさん,持参,"bringing,taking,carrying",N2
1317080,じしゃく,磁石,magnet,N2
1307250,ししゃごにゅう,四捨五入,rounding up (fractions),N2
1307570,しじゅう,始終,"continuously,from beginning to end",N2
1317900,じしゅう,自習,self-study,N2
1594270,しずまる,静まる,"to quieten down,to calm down,to subside",N2
1307740,しせい,姿勢,"attitude,posture",N2
1318110,しぜんかがく,自然科学,natural science,N2
1316290,じそく,時速,speed (per hour),N2
1307990,しそん,子孫,"descendants,posterity,offspring",N2
1310920,したい,死体,corpse,N2
1185370,したがき,下書き,"rough copy,draft",N2
1185940,したまち,下町,"Shitamachi,lower parts of town",N2
1317810,じち,自治,"self-government,autonomy",N2
1320920,じっかん,実感,"feelings (actual, true)",N2
1320410,しっけ,湿気,"moisture,humidity,dampness",N2
1320410,しっき,湿気,"moisture,humidity,dampness",N2
1005550,しつこい,,"insistent,obstinate",N2
1321200,じっしゅう,実習,"practice,training",N2
1321240,じっせき,実績,"achievements,actual results",N2
1320490,しつど,湿度,level of humidity,N2
1319710,しっぴつ,執筆,writing,N2
1321430,じつぶつ,実物,"real thing,original",N2
1358800,しっぽ,,tail (animal),N2
1321480,じつよう,実用,"practical use,utility",N2
1321530,じつりょく,実力,"merit,efficiency,arms,force",N2
1321560,じつれい,実例,"example,illustration",N2
1320250,しつれん,失恋,"disappointed love,broken heart,unrequited love,be lovelorn",N2
1309910,してい,指定,"designation,specification,assignment,pointing at",N2
1311340,してつ,私鉄,private railway,N2
1315060,じどう,児童,"children,juvenile",N2
1476050,しばる,縛る,"to tie,to bind",N2
1421420,じばん,地盤,(the) ground,N2
1569620,しびれる,,"to become numb,to go to sleep (i.e., a limb)",N2
1311600,しへい,紙幣,"paper money,notes,bills",N2
1427460,しぼむ,,"to wither,to fade (away),to shrivel,to wilt",N2
1594520,しぼる,絞る,"to press,to wring,to squeeze",N2
1321670,しま,縞,stripe,N2
1421490,じみ,地味,"plain,simple",N2
1005610,しみじみ,,"keenly,deeply,heartily",N2
1311060,しめい,氏名,"full name,identity",N2
1594590,しめきり,締切,"closing,cut-off,end,deadline,Closed,No Entrance",N2
1594600,しめきる,締め切る,to shut up,N2
1320390,しめる,湿る,"to be wet,to become wet,to be damp",N2
1064980,ジャーナリスト,,journalist,N2
1322720,しゃかいかがく,社会科学,social science,N2
1005630,しゃがむ,,to squat,N2
1323370,じゃぐち,蛇口,"faucet,tap",N2
1324870,じゃくてん,弱点,"weak point,weakness",N2
1323120,しゃこ,車庫,"garage,car shed",N2
1323170,しゃしょう,車掌,(train) conductor,N2
1322120,しゃせい,写生,"sketching,drawing from nature",N2
1322890,しゃせつ,社説,"editorial,leading article",N2
1005650,しゃっくり,,"hiccough,hiccup",N2
1061440,シャッター,,shutter,N2
1005670,しゃぶる,,"to suck,to chew",N2
1323280,しゃりん,車輪,(car) wheel,N2
1568640,しゃれ,洒落,"joke,pun,witticism",N2
1005970,じゃんけん,,(n) rock-scissors-paper game,N2
1333600,しゅうかい,集会,"meeting,assembly",N2
2841455,じゅうきょ,住居,"dwelling,house,residence,address",N2
1333620,しゅうきん,集金,money collection,N2
1333680,しゅうごう,集合,"gathering,assembly,meeting,set (math)",N2
1333110,しゅうじ,習字,penmanship,N2
1332170,しゅうぜん,修繕,"repair,mending",N2
1595360,じゅうたい,重体,"seriously ill,serious condition,critical state",N2
1595370,じゅうたん,絨毯,carpet,N2
1332950,しゅうてん,終点,"terminus,last stop (e.g train)",N2
1336570,じゅうてん,重点,"important point,lay stress on,colon,emphasis",N2
1331780,しゅうにん,就任,"inauguration,assumption of office",N2
1331300,しゅうへん,周辺,"circumference,outskirts,environs,(computer) peripheral",N2
1336770,じゅうやく,重役,"director,high executive",N2
1333040,しゅうりょう,終了,"end,close,termination",N2
1336900,じゅうりょう,重量,"(1) weight,(2) heavyweight boxer",N2
1336980,じゅうりょく,重力,gravity,N2
1337830,じゅくご,熟語,"idiom,idiomatic phrase,kanji compound",N2
1337500,しゅくじつ,祝日,national holiday,N2
1337630,しゅくしょう,縮小,"reduction,curtailment",N2
1329740,じゅけん,受験,taking an examination,N2
1325420,しゅご,主語,(gram) subject,N2
1338600,しゅっきん,出勤,"going to work,at work",N2
1340840,じゅつご,述語,predicate,N2
1339660,しゅっちょう,出張,"official tour,business trip",N2
1330240,じゅみょう,寿命,life span,N2
1326290,しゅやく,主役,"leading part,leading actor (actress)",N2
1330090,じゅわき,受話器,(telephone) receiver,N2
1341340,じゅんかん,循環,"circulation,rotation,cycle",N2
1342110,じゅんさ,巡査,"police,policeman",N2
1342230,じゅんじゅん,順々,"in order,in turn",N2
1342340,じゅんじょ,順序,"order,sequence,procedure",N2
1341910,じゅんじょう,純情,"pure heart,naivete,self-sacrificing devotion",N2
1341930,じゅんすい,純粋,"pure,true,genuine,unmixed",N2
1350140,しょうか,消化,digestion,N2
1347880,しょうがくせい,小学生,grade school student,N2
1305510,しょうがない,,,N2
1347640,しょうぎ,将棋,Japanese chess,N2
1356930,じょうき,蒸気,"steam,vapour",N2
1435520,じょうぎ,定規,(measuring) ruler,N2
1352930,じょうきゅう,上級,"advanced level,high grade,senior",N2
1346740,しょうぎょう,商業,"commerce,trade,business",N2
1350220,しょうきょくてき,消極的,passive,N2
1351930,しょうきん,賞金,"prize,monetary award",N2
1352710,じょうげ,上下,"high and low,up and down,unloading and loading,praising and blaming",N2
1352090,しょうじ,障子,paper sliding door,N2
1347080,しょうしゃ,商社,"trading company,firm",N2
1355270,じょうしゃ,乗車,"taking a train,entraining",N2
1353410,じょうじゅん,上旬,first 10 days of month,N2
1378660,しょうずる,生ずる,"to cause,to arise,to be generated",N2
1348370,しょうすう,小数,"fraction (part of),decimal",N2
1347180,しょうてん,商店,"shop,business firm",N2
1350810,しょうてん,焦点,"focus,point",N2
1350270,しょうどく,消毒,"disinfection,sterilization",N2
1346220,しょうはい,勝敗,"victory or defeat,issue (of battle)",N2
1356960,じょうはつ,蒸発,"evaporation,unexplained disappearance",N2
1351960,しょうひん,賞品,"prize,trophy",N2
1346230,しょうぶ,勝負,"victory or defeat,match,contest,game,bout",N2
1580280,しょうべん,小便,"(col) urine,piss",N2
1350370,しょうぼうしょ,消防署,fire station,N2
1377980,しょうみ,正味,net (weight),N2
1378030,しょうめん,正面,"the front,honesty",N2
1580310,しょうもう,消耗,"exhaustion,consumption",N2
1595020,しょうゆ,醤油,soy sauce,N2
1351120,しょうりゃく,省略,"omission,abbreviation,abridgment",N2
1342710,しょきゅう,初級,elementary level,N2
1344550,じょきょうじゅ,助教授,assistant professor,N2
1358410,しょくえん,食塩,table salt,N2
1357550,しょくにん,職人,"worker,mechanic,artisan,craftsman",N2
1342820,しょじゅん,初旬,first 10 days of the month,N2
1344090,しょせき,書籍,"book,publication",N2
1358430,しょっき,食器,tableware,N2
1062820,ショップ,,a shop,N2
1344120,しょてん,書店,bookshop,N2
1344130,しょどう,書道,calligraphy,N2
1583050,しらが,白髪,"white or grey hair,trendy hair bleaching",N2
1595070,しりあい,知合い,acquaintance,N2
1062910,シリーズ,,series,N2
1311420,しりつ,私立,private (establishment),N2
1312820,しりょう,資料,"materials,data",N2
1335520,しる,汁,"juice,sap,soup,broth",N2
1397270,しろうと,素人,"amateur,novice",N2
1595120,しん,芯,"core,heart,wick,marrow",N2
1361590,しんかんせん,新幹線,"bullet train (very high speed),shinkansen",N2
1363600,しんくう,真空,"vacuum,hollow,empty",N2
1359070,しんずる,信ずる,"to believe,to believe in,to place trust in",N2
1360750,しんしん,心身,mind and body,N2
1363130,しんせい,申請,"application,request,petition",N2
1368580,じんぞう,人造,"man-made,synthetic,artificial",N2
1580570,しんだい,寝台,"bed,couch",N2
1365480,しんだん,診断,diagnosis,N2
1359850,しんにゅう,侵入,"penetration,invasion,raid,aggression,trespass",N2
1369140,じんぶんかがく,人文科学,"social sciences,humanities",N2
1369400,じんめい,人命,(human) life,N2
1362810,しんや,深夜,late at night,N2
1362530,しんりん,森林,"forest,woods",N2
1365420,しんるい,親類,"relation,kin",N2
1366280,しんろ,針路,"course,direction,compass bearing",N2
1364940,しんわ,神話,"myth,legend",N2
1370270,す,酢,vinegar,N2
1609990,すいさん,水産,"marine products,fisheries",N2
1372350,すいじ,炊事,"cooking,culinary arts",N2
1371660,すいじょうき,水蒸気,"water vapour,steam",N2
1371780,すいそ,水素,hydrogen,N2
1370980,すいちょく,垂直,"vertical,perpendicular",N2
1371210,すいてい,推定,"presumption,assumption,estimation",N2
1371880,すいてき,水滴,drop of water,N2
1371910,すいとう,水筒,"canteen,flask,water bottle",N2
1372790,ずいひつ,随筆,"essays,miscellaneous writings",N2
1372010,すいぶん,水分,moisture,N2
1372040,すいへい,水平,"water level,horizon",N2
1372060,すいへいせん,水平線,horizon,N2
1372180,すいよう,水曜,Wednesday,N2
1595940,ずうずうしい,,"impudent,shameless",N2
1006380,ずうっと,,,N2
1584380,すえっこ,末っ子,youngest child,N2
1067480,スカーフ,,scarf,N2
1370370,ずかん,図鑑,picture book,N2
1373520,すぎ,杉,Japanese cedar,N2
1277460,すききらい,好き嫌い,"likes and dislikes,taste",N2
1595570,すきずき,好き好き,matter of taste,N2
1450510,すきとおる,透き通る,to be(come) transparent,N2
1253790,すきま,隙間,"crevice,crack,gap,opening",N2
1068230,スクール,,school,N2
1595610,すくなくとも,,at least,N2
1370380,ずけい,図形,figure,N2
1068870,スケジュール,,schedule,N2
1557580,すず,鈴,bell,N2
1554380,すずむ,涼む,"to cool oneself,to cool off,to enjoy evening cool",N2
1069370,スタート,,start,N2
1070220,スチュワーデス,,stewardess,N2
1006120,すっきり,,"shapely,clear,neat",N2
1304280,すっぱい,,"sour,acid",N2
1070320,ステージ,,"(1) stage,(2) performance",N2
1322320,すてる,棄てる,,N2
1071000,ストッキング,,stockings,N2
1071100,ストップ,,stop,N2
1397340,すなお,素直,"obedient,meek,docile,unaffected",N2
1450900,ずのう,頭脳,"head,brains,intellect",N2
1072240,スピーカー,,speaker,N2
1370490,ずひょう,図表,"chart,diagram,graph",N2
1073570,スマート,,"smart,stylish,slim",N2
1595750,すまい,住まい,"dwelling,house,residence,address",N2
1610020,すまない,,sorry (phrase),N2
1521510,すみ,墨,ink,N2
1373680,すむ,澄む,"to clear (e.g. weather),to become transparent",N2
1373680,すむ,清む,,N2
1401360,すもう,相撲,sumo wrestling,N2
1073760,スライド,,slide,N2
1006420,ずらす,,"to put off,to delay",N2
2008600,ずらり,,,N2
1298670,する,刷る,to print,N2
1569240,ずるい,狡い,"sly,cunning",N2
1595920,すれちがう,,"to pass by one another,to disagree",N2
1006460,ずれる,,,N2
1373810,すんぽう,寸法,"measurement,size,dimension",N2
1375190,せい,姓,"surname,family name",N2
1382090,ぜいかん,税関,customs house,N2
1380650,せいさく,製作,"manufacture,production",N2
1374810,せいさく,制作,"work (film, book)",N2
1375390,せいしつ,性質,"nature,property,disposition",N2
1378240,せいしょ,清書,clean copy,N2
1381570,せいしょうねん,青少年,"youth,young person",N2
1376190,せいすう,整数,integer,N2
1378320,せいそう,清掃,cleaning,N2
1379230,せいぞん,生存,"existence,being,survival",N2
1379370,せいちょう,生長,"growth,increment",N2
1376060,せいとう,政党,(member of) political party,N2
1379410,せいねんがっぴ,生年月日,birth date,N2
1375470,せいのう,性能,"ability,efficiency",N2
1376240,せいび,整備,"adjustment,completion,consolidation",N2
1375860,せいぶん,成分,"ingredient,component,composition",N2
1375520,せいべつ,性別,"distinction by sex,sex,gender",N2
1377920,せいほうけい,正方形,square,N2
1378100,せいもん,正門,"main gate,main entrance",N2
1375880,せいりつ,成立,"coming into existence,arrangements,establishment,completion",N2
1381140,せいれき,西暦,"Christian Era,anno domini (A.D.)",N2
1472860,せおう,背負う,"to be burdened with,to carry on back or shoulder",N2
1383560,せきどう,赤道,equator,N2
1596090,せっかく,折角,"with trouble,at great pains,long-awaited",N2
1385370,せっきん,接近,"getting closer,drawing nearer,approaching",N2
1385350,せっする,接する,"to come in contact with,to connect,to attend,to receive",N2
2008620,せっせと,,,N2
1385480,せつぞく,接続,"(1) connection,union,join,link,(2) changing trains",N2
1374400,せともの,瀬戸物,"earthenware,crockery,china",N2
1610700,ぜひとも,,by all means (with sense of not taking no for an answer),N2
1475720,せまる,迫る,"to draw near,to press",N2
1075160,ゼミ,,(n) seminar,N2
1006570,せめて,,"offense,method of attack",N2
1279130,せめる,攻める,"to attack,to assault",N2
1074740,セメント,,cement,N2
1956550,せん,栓,"stopper,cork,stopcock",N2
1392910,ぜんご,前後,"around,throughout,front and back,before and behind,before and after",N2
1390950,せんざい,洗剤,"detergent,washing material",N2
1395340,ぜんしゅう,全集,complete works,N2
1395410,ぜんしん,全身,"the whole body,full-length (portrait)",N2
1390730,せんす,扇子,folding fan,N2
1389810,せんせい,専制,"despotism,autocracy",N2
1596200,せんせんげつ,先々月,month before last,N2
1888910,せんせんしゅう,先々週,,N2
1388030,せんぞ,先祖,ancestor,N2
1388110,せんたん,先端,"pointed end,tip,fine point",N2
1075060,センチ,,"centimeter,centi-,10^-2",N2
1389730,せんでん,宣伝,"propaganda,publicity",N2
1596210,せんとう,先頭,"head,lead,vanguard,first",N2
1396020,ぜんぱん,全般,"(the) whole,universal,wholly,general",N2
1390760,せんぷうき,扇風機,electric fan,N2
1391880,せんろ,線路,"line,track,roadbed",N2
1400820,そうい,相違,"difference,discrepancy,variation",N2
1982210,そういえば,,which reminds me ..,N2
1299370,ぞうきん,雑巾,"house-cloth,dust cloth",N2
1403200,ぞうげん,増減,"increase and decrease,fluctuation",N2
1399120,そうこ,倉庫,"storehouse,warehouse,godown",N2
1596370,そうご,相互,"mutual,reciprocal",N2
1398420,そうさく,創作,"production,literary creation,work",N2
1402160,そうしき,葬式,funeral,N2
1403720,ぞうせん,造船,shipbuilding,N2
1596440,そうぞうしい,騒々しい,"noisy,boisterous",N2
1403310,ぞうだい,増大,enlargement,N2
1006810,そうっと,,,N2
1402850,そうべつ,送別,"farewell,send-off",N2
1402060,ぞうり,草履,"zoori (Japanese footwear),sandals",N2
1401820,そうりだいじん,総理大臣,Prime Minister,N2
1402870,そうりょう,送料,"postage,carriage",N2
1405710,ぞくする,属する,"to belong to,to come under,to be affiliated with,to be subject to",N2
1596730,ぞくぞく,続々,"successively,one after another",N2
1405030,そくたつ,速達,"express,special delivery",N2
1404570,そくてい,測定,measurement,N2
1404590,そくりょう,測量,"measurement,surveying",N2
1405080,そくりょく,速力,speed,N2
1397240,そしつ,素質,"character,qualities,genius",N2
1396820,そせん,祖先,ancestor,N2
1006740,そそっかしい,,"careless,thoughtless",N2
1596570,そっちょく,卒直,"frankness,candour,openheartedness",N2
1244960,そなえる,具える,to be furnished with,N2
1006880,そのうえ,,"in addition,furthermore",N2
2547920,そのころ,,,N2
1006850,そのため,,"hence,for that reason",N2
1006900,そのほか,,otherwise,N2
1238460,そば,蕎麦,soba (buckwheat noodles),N2
1581900,そる,剃る,to shave,N2
2055520,それなのに,,,N2
1576360,それる,逸れる,"to stray (turn) from subject,to get lost,to go astray",N2
1406110,そろう,揃う,"to become complete,to be equal,to be all present,to gather",N2
1406120,そろえる,揃える,"to put things in order,to arrange,to make uniform,to get something ready",N2
1596700,そろばん,算盤,abacus,N2
1406140,ぞんじる,存じる,(hum) to know,N2
1983710,ぞんずる,存ずる,,N2
1406770,そんとく,損得,"loss and gain,advantage and disadvantage",N2
1442840,たんぼ,田ぼ,"paddy field,farm",N2
1415270,だいいち,第一,"first,foremost,# 1",N2
1413250,だいがくいん,大学院,graduate school,N2
1413690,だいく,大工,carpenter,N2
1409390,たいけい,体系,"system,organization",N2
1408280,たいこ,太鼓,"drum,tambourine",N2
1410050,たいさく,対策,"counter-plan,counter-measure",N2
1412970,たいして,大して,"(not so) much,(not) very",N2
1410080,たいしょう,対照,"contrast,antithesis,comparison",N2
1414110,だいしょう,大小,size,N2
1409550,たいせい,体制,"order,system,structure,set-up,organization",N2
1409560,たいせき,体積,"capacity,volume",N2
1414380,たいそう,大層,"very much,exaggerated,very fine",N2
1409580,たいそう,体操,"gymnastics,physical exercises,calisthenics",N2
1414920,だいぶん,大分,"considerably,greatly,a lot",N2
1415090,たいぼく,大木,large tree,N2
1415490,だいめい,題名,title,N2
1412340,だいめいし,代名詞,pronoun,N2
1076120,タイア,,"tire,tyre",N2
1076680,ダイヤグラム,,diagram,N2
1076890,ダイヤモンド,,diamond,N2
1076900,ダイヤル,,dial,N2
1410290,たいりつ,対立,"confrontation,opposition,antagonism",N2
1442810,たうえ,田植え,rice planting,N2
1386700,たえず,絶えず,constantly,N2
1409000,だえん,楕円,ellipse,N2
1283240,たかめる,高める,"to raise,to lift,to boost",N2
1280950,たがやす,耕す,"to till,to plow,to cultivate",N2
1415520,たき,滝,waterfall,N2
1596830,たく,炊く,"to boil,to cook",N2
1596840,たく,焚く,"to burn,to kindle,to build a fire",N2
1596860,たくわえる,蓄える,"to store,to lay in stock",N2
1422230,たけ,竹,"bamboo,middle (of a three-tier ranking system)",N2
1344380,たすかる,助かる,"to be saved,to be rescued,to survive,to be helpful",N2
1416190,ただし,但し,"but,however,provided that",N2
1356780,たたむ,畳む,to fold (clothes),N2
1551350,たちどまる,立ち止まる,"to stop,to halt,to stand still",N2
1288480,たちまち,,"at once,in a moment,suddenly,all at once",N2
1597045,たつ,建つ,"to erect,to be erected,to be built",N2
2857436,たつ,発つ,"to depart (on a plane, train, etc.)",N2
1416560,だっせん,脱線,"derailment,digression",N2
1408540,だとう,妥当,"valid,proper,right,appropriate",N2
1597130,たとえる,例える,"to compare,to liken,to speak figuratively,to illustrate,to use a simile",N2
1548380,たのもしい,頼もしい,"reliable,trustworthy,hopeful,promising",N2
1404920,たび,足袋,"tabi,Japanese socks (with split toe)",N2
1077110,ダブル,,double,N2
1574550,だます,,"to trick,to cheat,to deceive",N2
1552650,たまる,溜まる,"to collect,to gather,to save",N2
1077140,ダム,,dumb,N2
1597190,ためいき,溜息,a sigh,N2
1573390,ためらう,,to hesitate,N2
1552630,ためる,溜める,"to amass,to accumulate",N2
1007500,だらしない,,"slovenly,loose,a slut",N2
1404750,たる,足る,"to be sufficient,to be enough",N2
1419950,だんかい,段階,"gradation,grade,stage",N2
1418640,たんき,短期,short term,N2
1597260,たんこう,炭鉱,"coal mine,coal pit",N2
1418760,たんしょ,短所,"(1) defect,demerit,weak point,(2) disadvantage",N2
1418990,たんす,,chest of drawers,N2
1418460,たんすい,淡水,fresh water,N2
1419660,だんすい,断水,water outage,N2
1417670,たんすう,単数,singular (number),N2
1419300,だんち,団地,multi-unit apartments,N2
1419740,だんてい,断定,"conclusion,decision",N2
1597300,たんぺん,短編,"short (e.g. story, film)",N2
1381210,ちかう,誓う,"to swear,to vow,to take an oath,to pledge",N2
1622630,ちかすい,地下水,underground water,N2
1578110,ちかぢか,近々,"nearness,before long",N2
1242520,ちかづける,近付ける,"to bring near,to put close,to let come near,to associate with",N2
1242230,ちかよる,近寄る,"to approach,to draw near",N2
1554940,ちからづよい,力強い,"reassuring,emboldened",N2
1389020,ちぎる,千切る,"to cut up fine,to pick (fruit)",N2
1421130,ちしつ,地質,geological features,N2
1420620,ちじん,知人,"friend,acquaintance",N2
1421360,ちたい,地帯,"area,zone",N2
1337560,ちぢむ,縮む,"to shrink,to be contracted",N2
1337570,ちぢめる,縮める,"to shorten,to reduce,to boil down,to shrink",N2
1337590,ちぢれる,縮れる,"to be wavy,to be curled",N2
1077740,チップ,,"(1) gratuity,tip,(2) chip",N2
1421380,ちてん,地点,"site,point on a map",N2
1421500,ちめい,地名,place name,N2
1983730,ちゃいろい,茶色い,,N2
1597480,ちゃくちゃく,着々,steadily,N2
1597530,ちゃわん,茶碗,"rice bowl,tea cup,teacup",N2
1423680,ちゅうかん,中間,"middle,midway,interim",N2
1424490,ちゅうじゅん,中旬,second third of a month,N2
1426190,ちゅうしょう,抽象,abstract,N2
1424690,ちゅうせい,中世,"Middle Ages,mediaeval times",N2
1424710,ちゅうせい,中性,"neuter gender,neutral (chem.),indifference,sterility",N2
1425030,ちゅうと,中途,"in the middle,half-way",N2
1425240,ちゅうねん,中年,middle-aged,N2
1429410,ちょうか,超過,"excess,being more than",N2
1427980,ちょうこく,彫刻,"carving,engraving,sculpture",N2
1430030,ちょうしょ,長所,"(1) strong point,merit,(2) advantage",N2
1430040,ちょうじょ,長女,eldest daughter,N2
1429200,ちょうせい,調整,"regulation,adjustment,tuning",N2
1429240,ちょうせつ,調節,"regulation,adjustment,control",N2
1430070,ちょうたん,長短,"length,long and short,+-",N2
1430240,ちょうてん,頂点,"top,summit",N2
1430080,ちょうなん,長男,eldest son,N2
1430130,ちょうほうけい,長方形,"rectangle,oblong",N2
1429290,ちょうみりょう,調味料,"condiment,seasoning",N2
1078240,チョーク,,"chock,chalk",N2
1430930,ちょくご,直後,immediately following,N2
1431310,ちょくせん,直線,straight line,N2
1431330,ちょくぜん,直前,just before,N2
1431440,ちょくつう,直通,direct communication,N2
1431600,ちょくりゅう,直流,direct current,N2
1427220,ちょぞう,貯蔵,"storage,preservation",N2
1430800,ちょっかく,直角,right angle,N2
1597720,ちょっけい,直径,diameter,N2
1303420,ちらかす,散らかす,"to scatter around,to leave untidy",N2
1303430,ちらかる,散らかる,"to be in disorder,to lie scattered around",N2
1303460,ちらす,散らす,"to scatter,to disperse,to distribute",N2
1612710,ちりがみ,塵紙,"tissue paper,toilet paper",N2
1303490,ちる,散る,"to fall,to scatter (e.g. blossoms)",N2
1432460,ついか,追加,"addition,supplement,appendix",N2
1345470,ついで,序で,"opportunity,occasion",N2
1433050,つうか,通貨,currency,N2
1433140,つうきん,通勤,commuting to work,N2
1983740,つうずる,通ずる,,N2
1433470,つうち,通知,"notice,notification",N2
1433490,つうちょう,通帳,passbook,N2
1433560,つうやく,通訳,interpretation,N2
1433570,つうよう,通用,"popular use,circulation",N2
1433600,つうろ,通路,"passage,pathway",N2
1597790,つきあう,付合う,"to associate with,to keep company with,to get on with",N2
1456770,つきあたり,突き当たり,end (e.g. of street),N2
1456780,つきあたる,突き当たる,"to run into,to collide with",N2
1255780,つきひ,月日,"time,years,days",N2
1441400,つく,点く,"to catch fire,(electricity) comes on",N2
1456890,つく,突く,"(1) to thrust,to strike,(2) to poke",N2
1316400,つぐ,次ぐ,"to rank next to,to come after",N2
1597890,つくる,造る,"to make,to create",N2
1495770,つける,着ける,"(1) to attach,to join,to add,to append",N2
1610400,つける,点ける,"to turn on,to switch on,to light up",N2
1433680,つける,浸ける,"to dip in,to soak",N2
1441900,つたわる,伝わる,"to be handed down,to be introduced,to be transmitted",N2
1456940,つっこむ,突っ込む,"to plunge into,to go into deeply",N2
1240825,つとめる,務める,"(1) to serve,to fill a post,to serve under,to work (for)",N2
1240820,つとめる,努める,"(1) to serve,to fill a post,to serve under,to work (for)",N2
1280880,つな,綱,rope,N2
1251870,つながり,繋がり,"connection,link,relationship",N2
1251880,つながる,繋がる,"to be tied together,to be connected to,to be related to",N2
1251910,つなげる,繋げる,to connect,N2
1552890,つぶ,粒,grain,N2
1433820,つぶす,潰す,"to smash,to waste",N2
1433830,つぶれる,潰れる,"to be smashed,to go bankrupt",N2
1573400,つまずく,,"to stumble,to trip",N2
1226480,つまる,詰まる,"to be blocked,to be packed",N2
1382970,つむ,積む,"to pile up,to stack",N2
1433880,つめ,爪,"fingernail or toenail,claw,talon,hoof",N2
1177680,つや,艶,"gloss,glaze",N2
1236230,つよき,強気,"firm,strong",N2
1434050,つりあう,釣り合う,"to balance,to be in harmony,to suit",N2
1434020,つる,吊る,to hang,N2
1433980,つるす,吊す,to hang,N2
1338400,であい,出合い,an encounter,N2
1328020,てあらい,手洗い,"restroom,lavatory,hand-washing",N2
1435400,ていいん,定員,"fixed number of regular personnel,capacity (of boat, etc.)",N2
1435410,ていか,定価,established price,N2
1434250,ていか,低下,"fall,decline,lowering,deterioration",N2
1435510,ていきけん,定期券,"commuter pass,season ticket",N2
1435540,ていきゅうび,定休日,regular holiday,N2
1434920,ていし,停止,"suspension,interruption,stoppage,ban",N2
1434960,ていしゃ,停車,stopping (e.g. train),N2
1435020,ていでん,停電,failure of electricity,N2
1339910,でいり,出入り,"in and out,coming and going,free association,income and expenditure,debits and credit",N2
1598540,でいりぐち,出入口,exit and entrance,N2
1328250,ていれ,手入れ,"repairs,maintenance",N2
1078830,テーマ,,"(n) theme,project,topic (de: Thema)",N2
1598550,でかける,出掛ける,"to depart,to set out,to start,to be going out",N2
1340600,できあがり,出来上がり,"be finished,ready,made for,cut out",N2
1340610,できあがる,出来上がる,"(1) to be finished,to be ready,by definition,(2) to be very drunk",N2
1437290,てきかく,的確,"precise,accurate",N2
1437290,てきかく,適確,"precise,accurate",N2
1327770,てくび,手首,wrist,N2
1582410,でこぼこ,凸凹,"unevenness,roughness,ruggedness",N2
1327660,てごろ,手頃,"moderate,handy",N2
1339630,でたらめ,,"(1) irresponsible utterance,nonsense,nonsensical,(2) random",N2
1598330,てちょう,手帳,notebook,N2
1437820,てっきょう,鉄橋,"railway bridge,iron bridge",N2
1598350,てつづき,手続き,"procedure,(legal) process,formalities",N2
1438010,てっぽう,鉄砲,gun,N2
1080030,テニスコート,,tennis court,N2
1598400,てぬぐい,手拭い,(hand) towel,N2
1328030,てまえ,手前,"before,this side,we,you",N2
1338710,でむかえ,出迎え,"meeting,reception",N2
1338720,でむかえる,出迎える,"to meet,to greet",N2
1350840,てらす,照らす,"to shine on,to illuminate",N2
1350860,てる,照る,to shine,N2
1440600,てんかい,展開,"develop,expansion (opposite of compression)",N2
1441960,でんき,伝記,"biography,life story",N2
1443170,でんきゅう,電球,light bulb,N2
1441660,てんすう,点数,"marks,points,score,runs",N2
1442110,でんせん,伝染,contagion,N2
1443620,でんち,電池,battery,N2
1598460,てんてん,点々,"here and there,little by little",N2
1704220,てんてん,転々,,N2
1443630,でんちゅう,電柱,"telephone pole,telegraph pole,lightpole",N2
1582030,てんのう,天皇,Emperor of Japan,N2
1443720,でんぱ,電波,electro-magnetic wave,N2
1081120,テンポ,,tempo,N2
1443790,でんりゅう,電流,electric current,N2
1443810,でんりょく,電力,electric power,N2
1598590,といあわせ,問い合わせ,"enquiry,ENQ",N2
1582390,どう,銅,copper,N2
1449670,とういつ,統一,"unity,consolidation,uniformity",N2
1452000,どうかく,同格,"the same rank,equality,apposition",N2
1454420,とうげ,峠,"ridge,(mountain) pass,difficult part",N2
1449710,とうけい,統計,"scattering,a scatter,dispersion",N2
1451350,どうさ,動作,"action,movements,motions,bearing,behaviour,manners",N2
1447910,とうざい,東西,"East and West,whole country",N2
1449210,とうじつ,当日,"appointed day,very day",N2
1447270,とうしょ,投書,"letter to the editor,letter from a reader,contribution",N2
1444800,とうじょう,登場,entry (on stage),N2
1008950,どうせ,,"anyhow,in any case,at any rate",N2
1008960,どうぞよろしく,,pleased to meet you,N2
1448730,とうだい,灯台,lighthouse,N2
1448500,とうなん,盗難,"theft,robbery",N2
1449220,とうばん,当番,being on duty,N2
1449510,とうぶん,等分,division into equal parts,N2
1450590,とうめい,透明,"transparency,cleanness",N2
1448760,とうゆ,灯油,"lamp oil,kerosene",N2
1448230,とうよう,東洋,Orient,N2
1454000,どうわ,童話,fairy tale,N2
1432940,とおりかかる,通り掛かる,to happen to pass by,N2
1546040,とかす,溶かす,"to melt,to dissolve",N2
1389970,とがる,尖る,"to taper to a point,to become sharp,to be sour,to look displeased",N2
1009050,どきどき,,"throb,beat (fast)",N2
1546050,とく,溶く,to dissolve (paint),N2
1595080,どく,退く,"(1) to retreat,to recede,to withdraw",N2
1454970,とくしゅ,特殊,"special,unique",N2
1455080,とくしょく,特色,"characteristic,feature",N2
1455200,とくちょう,特長,"forte,merit",N2
1455210,とくてい,特定,"specific,special,particular",N2
1455250,とくばい,特売,special sale,N2
1546090,とけこむ,溶け込む,to melt into,N2
1546070,とける,溶ける,"to melt,to thaw,to fuse,to dissolve",N2
2850084,どける,退ける,"to remove,to take away,to dislodge,to put something out of the way",N2
1349400,とこのま,床の間,alcove,N2
1349410,とこや,床屋,barber,N2
1598730,ところどころ,所々,"here and there,some parts (of something)",N2
1445000,としん,都心,heart (of city),N2
1267050,とだな,戸棚,"cupboard,locker,closet,wardrobe",N2
1320570,とっくに,,"long ago,already,a long time ago",N2
1009210,どっと,,suddenly,N2
1598800,ととのう,整う,"to be prepared,to be in order,to be put in order,to be arranged",N2
2657130,とどまる,留まる,"(1) to be fixed,(2) to abide,to stay (in the one place)",N2
1445740,どなる,,"to shout,to yell",N2
1598890,とびこむ,飛び込む,"to jump in,to leap in,to plunge into,to dive",N2
1429700,とぶ,跳ぶ,"to jump,to fly,to leap",N2
1310620,とまる,留まる,"(1) to be fixed,(2) to abide,to stay (in the one place)",N2
1474860,とめる,泊める,"to give shelter to,to lodge",N2
1444010,ともかく,,"anyhow,anyway,somehow or other,generally speaking,in any case",N2
1598960,とらえる,捕える,"to seize,to grasp,to capture,to arrest",N2
1326880,とりいれる,取り入れる,"to harvest,to take in,to adopt",N2
1326790,とりけす,取り消す,to cancel,N2
1326770,とりだす,取り出す,"to take out,to produce,to pick out",N2
1599160,とる,採る,"(1) to adopt (measure, proposal),(2) to pick (fruit)",N2
1514140,とる,捕る,"to take,to catch (fish),to capture",N2
1087100,トレーニング,,training,N2
1562970,どんぶり,丼,"porcelain bowl,bowl of rice with food on top",N2
1457830,ないか,内科,"internist clinic,internal medicine",N2
1458650,ないせん,内線,"phone extension,indoor wiring,inner line",N2
1089930,ナイロン,,nylon,N2
2856318,なおす,治す,"to cure,to heal,to fix,to correct,to repair",N2
1429750,ながい,永い,"long,lengthy",N2
1426000,なかなおり,仲直り,"reconciliation,make peace with",N2
1610950,ながびく,長引く,"to be prolonged,to drag on",N2
1599430,なかみ,中身,"contents,interior,substance,filling,(sword) blade",N2
1599430,なかみ,中味,"contents,interior,substance,filling,(sword) blade",N2
1581690,なかゆび,中指,middle finger,N2
1426100,なかよし,仲良し,"intimate friend,bosom buddy,chum",N2
1156890,なぐさめる,慰める,"to comfort,to console",N2
2835808,なくす,亡くす,"to lose someone, wife, child, etc",N2
1181390,なぐる,,"to strike,to hit",N2
2861111,なす,為す,"to accomplish,to do",N2
1599500,なぞなぞ,謎謎,"riddle,puzzle,enigma",N2
1632290,なだらか,,,N2
1200490,なつかしい,懐かしい,"dear,desired,missed",N2
1498290,なでる,撫でる,"to brush gently,to stroke",N2
1322400,ななめ,斜め,obliqueness,N2
1188330,なにしろ,,"at any rate,anyhow,anyway,in any case",N2
1599580,なになに,何々,"such and such,What?",N2
1189310,なにぶん,何分,"what minute?,how many minutes?",N2
1378790,なまいき,生意気,"impertinent,saucy,cheeky,conceit,audacious,brazen",N2
1599640,なみき,並木,"roadside tree,row of trees",N2
1599680,ならう,倣う,"to imitate,to follow,to emulate",N2
1532880,ならす,鳴らす,"to ring,to sound,to chime,to beat,to snort (nose)",N2
1611000,なる,生る,to bear fruit,N2
1212670,なれる,馴れる,"to become domesticated,to become tame",N2
1460180,なんきょく,南極,"south pole,Antarctic",N2
1599730,なんとなく,,"somehow or other,for some reason or another",N2
1188690,なんとも,,"nothing (with neg. verb),quite,not a bit",N2
1090860,ナンバー,,number,N2
1460570,なんべい,南米,South America,N2
1460600,なんぼく,南北,south and north,N2
1322490,にえる,煮える,"to boil,to cook,to be cooked",N2
1599780,におう,匂う,"to be fragrant,to smell,to stink",N2
1450320,にがす,逃がす,"to let loose,to set free,to let escape",N2
1403390,にくい,憎い,"hateful,abominable,poor-looking,detestable",N2
1403440,にくむ,憎む,"to hate,to detest",N2
1403450,にくらしい,憎らしい,"odious,hateful",N2
1091130,にこにこ,,,N2
1415960,にごる,濁る,"to become muddy,to get impure",N2
1463740,にじ,虹,rainbow,N2
1464110,にちじ,日時,date and time,N2
1464910,にちようひん,日用品,daily necessities,N2
1463860,にっか,日課,"daily lesson,daily work,daily routine",N2
1464300,にってい,日程,agenda,N2
1582430,にぶい,鈍い,"dull (e.g. a knife),thickheaded,slow (opposite of fast),stupid",N2
1466260,にゅうしゃ,入社,entry to a company,N2
1345420,にょうぼう,女房,wife,N2
1569880,にらむ,睨む,"to glare at,to scowl at,to keep an eye on",N2
1322540,にる,煮る,"to boil,to cook",N2
1599920,にわか,俄,"sudden,abrupt,unexpected,improvised,offhand",N2
1517700,ぬう,縫う,to sew,N2
1467610,ぬらす,濡らす,"to wet,to soak,to dip",N2
1585010,ねじ,,(a) screw,N2
1611090,ねじる,捩る,to twist,N2
1093000,ネックレス,,necklace,N2
1467730,ねっする,熱する,to heat,N2
1360040,ねまき,寝間着,"sleep-wear,nightclothes,pyjamas,nightgown,nightdress",N2
1360040,ねまき,寝巻,"sleep-wear,nightclothes,pyjamas,nightgown,nightdress",N2
1396550,ねらい,狙い,aim,N2
1396590,ねらう,狙う,to aim at,N2
1469050,ねんど,年度,"year,fiscal year,school year,term",N2
1470710,のうさんぶつ,農産物,agricultural produce,N2
1470730,のうそん,農村,"agricultural community,farm village,rural",N2
1469970,のうど,濃度,"concentration,brightness",N2
1470780,のうやく,農薬,agricultural chemicals,N2
1470330,のうりつ,能率,efficiency,N2
1232930,のこぎり,,saw,N2
1611130,のこらず,残らず,"all,entirely,completely,without exception",N2
1600270,のせる,載せる,"to place on (something),to take on board,to give a ride",N2
1470840,のぞく,覗く,"to peep in,to look in,to peek in,to stick out",N2
1600290,のばす,延ばす,"to lengthen,to stretch,to reach out,to grow (beard)",N2
1358870,のびる,延びる,to be prolonged,N2
1352510,のぼり,上り,"up-train (going to Tokyo),ascent",N2
1352570,のぼる,上る,"to ascend,to go up,to climb",N2
1267400,のり,糊,"paste,starch",N2
1600460,のりかえ,乗換,"(n) transfer (trains, buses, etc.)",N2
2649690,のる,載る,"to appear (in print),to be recorded",N2
2838553,のろい,鈍い,"dull (e.g. a knife),thickheaded,slow (opposite of fast),stupid",N2
1010040,のろのろ,,"slowly,sluggishly",N2
1600560,のんき,呑気,"carefree,optimistic,careless,reckless,heedless",N2
1201970,はいいろ,灰色,"grey,gray,ashen",N2
1471900,はいく,俳句,haiku poetry,N2
1474040,ばいてん,売店,"shop,stand",N2
1983760,バイバイ,,,N2
1474050,ばいばい,売買,"trade,buying and selling",N2
1474200,はう,這う,"to creep,to crawl",N2
1378490,はえる,生える,"(1) to grow,to spring up,(2) to cut (teeth)",N2
1600670,はがす,剥す,"(v5s) to tear off,to peel off,to rip off",N2
1612910,ばからしい,,absurd,N2
1474220,はかり,秤,"scales,weighing machine",N2
1600650,はかる,量る,"to measure,to weigh,to survey",N2
1600650,はかる,測る,"to measure,to weigh,to survey",N2
1444120,はきけ,吐き気,"nausea,sickness in the stomach",N2
1010090,はきはき,,lucidly,N2
1399760,はく,掃く,"to sweep,to brush,to gather up",N2
1313350,はぐるま,歯車,"gear,cog-wheel",N2
1098340,バケツ,,"bucket,pail",N2
1236840,はさまる,挟まる,"to get between,to be caught in",N2
1600740,はさむ,挟む,"to interpose,to hold between,to insert",N2
1436480,はしご,梯子,"ladder,stairs",N2
1307520,はじめに,始めに,"to begin with,first of all",N2
1307520,はじめに,初めに,,N2
1625780,はじめまして,,"How do you do?,I am glad to meet you",N2
2085880,はす,斜,,N2
1203310,はずれる,外れる,"to be disconnected,to get out of place,to be off,to be out (e.g. of gear)",N2
1101600,パターン,,pattern,N2
1476500,はだぎ,肌着,underwear,N2
1600780,はたして,果して,"as was expected,really",N2
1477090,はち,鉢,"a bowl,a pot",N2
2197150,バツ,ｘ,,N2
1477250,はっき,発揮,"exhibition,demonstration,utilization,display",N2
1098760,バック,,back,N2
1477490,はっしゃ,発射,"firing,shooting,discharge,catapult",N2
1477660,はっそう,発想,"expression (music),conceptualization",N2
1477750,はつでん,発電,generation (e.g. power),N2
1477810,はつばい,発売,sale,N2
1471140,はで,派手,"showy,loud,gay,flashy,gaudy",N2
1600910,はなしあい,話合い,"discussion,conference",N2
1562300,はなしかける,話し掛ける,"to accost a person,to talk (to someone)",N2
1600920,はなしちゅう,話中,"while talking,the line is busy",N2
1370010,はなはだしい,甚だしい,"extreme,excessive,terrible",N2
1194580,はなび,花火,fireworks,N2
1194570,はなよめ,花嫁,bride,N2
1516540,はなれる,放れる,"to leave,to get free,to cut oneself off",N2
1171680,はね,羽根,shuttlecock,N2
1099490,ばね,,"spring (e.g. coil, leaf)",N2
1429620,はねる,跳ねる,"to jump,to leap",N2
1471420,はへん,破片,"fragment,splinter,broken piece",N2
1601040,はみがき,歯磨き,"dentifrice,toothpaste",N2
1566420,はめる,,"(col) to get in,to insert,to put on,to make love",N2
1400240,はやくち,早口,fast-talking,N2
1552310,はやる,流行る,"to flourish,to thrive,to be popular,to come into fashion",N2
1501580,はらいこむ,払い込む,"to deposit,to pay in",N2
1501610,はらいもどす,払い戻す,"to repay,to pay back",N2
1099690,バランス,,balance,N2
1366250,はりがね,針金,wire,N2
1427870,はりきる,張り切る,"to be in high spirits,to be full of vigor",N2
1601160,はんえい,反映,"reflection,influence",N2
1479230,はんけい,半径,radius,N2
1478550,はんこ,判子,seal (used for signature),N2
1601350,ばんざい,万歳,"hurrah, cheers",N2
1478560,はんじ,判事,"judge,judiciary",N2
1480540,はんせい,反省,"reflection,reconsideration,introspection,meditation,contemplation",N2
1482360,ばんち,番地,"house number,address",N2
1103270,パンツ,,underpants,N2
1100240,バンド,,band,N2
1479770,はんとう,半島,peninsula,N2
1096830,ハンドル,,"handle,steering wheel",N2
1601420,ひあたり,日当たり,"exposure to the sun,sunny place",N2
1463920,ひがえり,日帰り,day trip,N2
1483600,ひかくてき,比較的,"comparatively,relatively",N2
1463840,ひかげ,日陰,shadow,N2
1010830,ぴかぴか,,"glitter,sparkle",N2
1601520,ひきうける,引受る,"to undertake,to take up,to take over",N2
1169140,ひきかえす,引返す,"to repeat,to send back,to bring back",N2
1601610,ひきざん,引算,subtraction,N2
1601660,ひきだす,引出す,"to pull out,to take out,to draw out,to withdraw",N2
1601750,ひきとめる,引き止める,"to detain,to check,to restrain",N2
1482710,ひきょう,卑怯,"cowardice,meanness,unfairness",N2
1169120,ひきわけ,引分け,"a draw (in competition),tie game",N2
1601830,ひざし,陽射,"sunlight,rays of the sun",N2
1487380,ひじ,肘,elbow,N2
1106660,ピストル,,pistol,N2
1105160,ビタミン,,vitamin,N2
1010900,ぴたり,,,N2
1169350,ひっかかる,引っ掛かる,"to be caught in,to be stuck in,to be cheated",N2
1487800,ひっき,筆記,"(taking) notes,copying",N2
1601870,ひっくりかえす,引っ繰り返す,"to turn over,to overturn,to knock over,to upset,to turn inside out",N2
1169320,ひっくりかえる,引っ繰り返る,"to be overturned,to be upset,to topple over,to be reversed",N2
1601880,ひっこし,引越し,"moving (dwelling etc.),changing residence",N2
1169390,ひっこむ,引っ込む,"to draw back,to sink,to cave in",N2
1487830,ひっしゃ,筆者,"writer,author",N2
1487500,ひつじゅひん,必需品,"necessities,necessary article,requisite,essential",N2
1601940,ひとさしゆび,人差指,index finger,N2
1164910,ひととおり,一通り,"ordinary,usual,in general,briefly",N2
1368820,ひとどおり,人通り,pedestrian traffic,N2
1601990,ひとまず,,"for the present,once,in outline",N2
1453900,ひとみ,瞳,pupil (of eye),N2
1161830,ひとやすみ,一休み,a rest,N2
1455670,ひとりごと,独り言,"a soliloquy,a monologue,speaking to oneself",N2
1455660,ひとりでに,,"by itself,automatically,naturally",N2
1105580,ビニール,,vinyl,N2
1483900,ひにく,皮肉,"cynicism,sarcasm",N2
1611370,ひにち,日日,"every day,daily,day after day",N2
1469530,ひねる,捻る,"to turn (a switch) on or off,to twist,to puzzle over",N2
1463800,ひのいり,日の入り,sunset,N2
1463790,ひので,日の出,sunrise,N2
1602130,ひびき,響き,"echo,sound,reverberation,noise",N2
1238610,ひびく,響く,to resound,N2
1483920,ひふ,皮膚,skin,N2
1556770,ひやす,冷やす,"to cool,to refrigerate",N2
1602190,ひゃっかじてん,,encyclopedia,N2
1486670,びよう,美容,beauty of figure or form,N2
1489600,ひょうし,表紙,"front cover,binding",N2
1488700,ひょうしき,標識,"sign,mark",N2
1488710,ひょうじゅん,標準,"standard,level",N2
1488820,ひょうほん,標本,"example,specimen",N2
1490080,ひょうろん,評論,"criticism,critique",N2
1507090,ひらがな,平仮名,"hiragana,47 syllables,the cursive syllabary",N2
1106040,ビルディング,,building,N2
1426370,ひるね,昼寝,"nap (at home),siesta",N2
1602370,ひろげる,広げる,"to spread,to extend,to expand,to enlarge",N2
1278440,ひろさ,広さ,extent,N2
1278590,ひろば,広場,plaza,N2
1602380,ひろびろ,広々,"extensive,spacious",N2
1278460,ひろめる,広める,"to broaden,to propagate",N2
1107140,ピンク,,pink,N2
1512640,びんせん,便箋,"writing paper,stationery",N2
1491130,びんづめ,瓶詰,"bottling,bottled",N2
1108160,ファスナー,,"fastener,zipper",N2
1499940,ふうせん,風船,balloon,N2
1491290,ふうん,不運,"unlucky,misfortune,bad luck,fate",N2
1602440,ふえる,殖える,"to increase,to multiply",N2
1362660,ふかまる,深まる,"to deepen,to heighten,to intensify",N2
1491840,ふきそく,不規則,"irregularity,unsteadiness,disorderly",N2
1497110,ふきゅう,普及,"diffusion,spread",N2
1496240,ふきん,付近,"neighbourhood,vicinity,environs",N2
1357240,ふく,拭く,"to wipe,to dry",N2
1500440,ふくし,副詞,adverb,N2
1501390,ふくしゃ,複写,"copy,duplicate",N2
1501400,ふくすう,複数,"plural,multiple",N2
1216890,ふくめる,含める,"to include,to instruct,to make one understand",N2
1519970,ふくらます,膨らます,"to swell,to expand,to inflate,to bulge",N2
1519990,ふくらむ,膨らむ,"to expand,to swell (out),to get big,to become inflated",N2
1492160,ふけつ,不潔,"unclean,dirty,filthy,impure",N2
1279290,ふける,更ける,"to get late,to advance,to wear on",N2
1497710,ふごう,符号,"sign,mark,symbol",N2
1496520,ふさい,夫妻,"man and wife,married couple",N2
1602570,ふさがる,塞がる,"to be plugged up,to be shut up",N2
1602590,ふさぐ,塞ぐ,"to stop up,to close up,to block (up)",N2
1566450,ふざける,,"to romp,to gambol,to frolic,to joke",N2
1672130,ぶさた,無沙汰,neglecting to stay in contact,N2
1583680,ぶし,武士,"warrior,samurai",N2
1499400,ぶしゅ,部首,radical (of a kanji character),N2
1181720,ふすま,襖,sliding screen,N2
1602700,ふぞく,附属,"attached,belonging,affiliated",N2
1204540,ふた,蓋,"cover,lid,cap",N2
1493860,ふつう,不通,"suspension,interruption,stoppage,tie-up,cessation",N2
1011180,ぶつかる,,"to strike,to collide with",N2
2742080,ぶつける,,"to knock,to run into,to nail on,to strike hard,to hit and attack",N2
1502640,ぶっそう,物騒,"dangerous,disturbed,insecure",N2
1011200,ぶつぶつ,,"grumbling,complaining in a small voice",N2
1392100,ふなびん,船便,surface mail (ship),N2
1499480,ぶひん,部品,"parts,accessories",N2
1370780,ふぶき,吹雪,snow storm,N2
1497690,ふぼ,父母,"father and mother,parents",N2
1602840,ふみきり,踏切,"railway crossing,level crossing,starting line,scratch,crossover",N2
1611440,ふもと,麓,"the foot,the bottom,the base (of a mountain)",N2
1602880,ふやす,増やす,"to increase,to add to,to augment",N2
1602880,ふやす,殖やす,"to increase,to add to,to augment",N2
1111160,フライパン,,"fry pan,frying pan",N2
1113650,ブラウス,,blouse,N2
1011250,ぶらさげる,,"to hang,to suspend,to dangle,to swing",N2
1611450,ブラシ,,"brushy,brush",N2
1115670,プラスチック,,plastic,N2
1115820,プラットホーム,,platform,N2
1111640,フリー,,free,N2
1361150,ふりがな,振り仮名,",pronunciation key",N2
1116300,プリント,,"print,handout",N2
1603090,ふるまう,振舞う,"to behave,to conduct oneself,to entertain (vt)",N2
1114910,ブローチ,,brooch,N2
1117080,プログラム,,program,N2
1500150,ふろしき,風呂敷,"wrapping cloth,cloth wrapper",N2
1113060,ふわふわ,,"light,soft",N2
1504560,ふんか,噴火,eruption,N2
1503210,ぶんかい,分解,"analysis,disassembly",N2
1505290,ぶんげい,文芸,"literature,art and literature,belles-lettres",N2
1505330,ぶんけん,文献,"literature,books (reference)",N2
1504610,ふんすい,噴水,water fountain,N2
1503860,ぶんすう,分数,fraction (in math),N2
1505510,ぶんたい,文体,literary style,N2
1504160,ぶんぷ,分布,distribution,N2
1505620,ぶんぼうぐ,文房具,stationery,N2
1505630,ぶんみゃく,文脈,context,N2
1504430,ぶんりょう,分量,"amount,quantity",N2
1504460,ぶんるい,分類,classification,N2
1508600,へいかい,閉会,closure,N2
1507180,へいき,平気,"coolness,calmness,composure,unconcern",N2
1508480,へいこう,並行,"(going) side by side,concurrent,abreast,at the same time",N2
1507720,へいじつ,平日,"weekday,ordinary days",N2
1506590,へいたい,兵隊,"soldier,sailor",N2
1507910,へいぼん,平凡,"common,commonplace,ordinary,mediocre",N2
1508030,へいや,平野,"plain,open field",N2
1179200,へこむ,凹む,"to be dented,to be indented,to yield to,to give,to sink,to collapse,to cave in,to be snubbed",N2
1571170,へそ,臍,"navel,belly-button",N2
1206360,へだてる,隔てる,to be shut out,N2
1509970,べっそう,別荘,"holiday house,villa",N2
1603290,べつべつ,別々,"separately,individually",N2
1119700,ベテラン,,veteran,N2
1118780,ヘリコプター,,helicopter,N2
1603240,へんしゅう,編集,"editing,compilation,editorial (e.g. committee)",N2
1512520,べんじょ,便所,"toilet,lavatory,rest room,latrine,comfort station",N2
1121520,ペンチ,,(abbr) pliers (lit: pinchers),N2
1519650,ぼうえんきょう,望遠鏡,telescope,N2
1516950,ほうがく,方角,"direction,way,compass point",N2
1566500,ほうき,箒,(n) broom,N2
1516980,ほうげん,方言,dialect,N2
1519050,ぼうさん,坊さん,"Buddhist priest,monk",N2
1520380,ぼうし,防止,"prevention,check",N2
1517040,ほうしん,方針,"objective,plan,policy",N2
1515510,ほうそう,包装,"packing,wrapping",N2
1517380,ほうそく,法則,"law,rule",N2
1603360,ほうたい,包帯,"bandage,dressing",N2
1603660,ぼうだい,膨大,"huge,bulky,enormous,extensive,swelling,expansion",N2
1515530,ほうちょう,庖丁,"kitchen knife,carving knife",N2
1517060,ほうていしき,方程式,equation,N2
1520570,ぼうはん,防犯,prevention of crime,N2
1517100,ほうめん,方面,"direction,district,field (e.g., of study)",N2
1519060,ぼうや,坊や,boy,N2
1516530,ほうる,放る,to let go,N2
1123520,ボーナス,,bonus,N2
1560710,ほがらか,朗らか,"brightness,cheerfulness,melodious",N2
1584250,ぼくじょう,牧場,"(1) farm (livestock),(2) pasture land,meadow,grazing land",N2
1521820,ぼくちく,牧畜,stock-farming,N2
1513410,ほけん,保健,"health preservation,hygiene,sanitation",N2
1514830,ぼしゅう,募集,"recruiting,taking applications",N2
1603510,ほす,干す,"to air,to dry,to desiccate,to drain (off),to drink up",N2
1125110,ポスター,,poster,N2
1520890,ほっきょく,北極,North Pole,N2
1603720,ぼっちゃん,坊っちゃん,son (of others),N2
1198900,ほどく,,to unfasten,N2
1522060,ほり,堀,"moat,canal",N2
1246690,ほる,掘る,"to dig,to excavate",N2
1427950,ほる,彫る,"to carve,to engrave,to sculpture,to chisel",N2
1572500,ぼろ,,"rag,scrap,tattered clothes,fault (esp. in a pretense)",N2
1523700,ぼん,盆,"Lantern Festival,Festival of the Dead,tray",N2
1523760,ぼんち,盆地,basin (e.g. between mountains),N2
1523170,ほんぶ,本部,headquarters,N2
1523270,ほんらい,本来,"essentially,naturally,by nature",N2
1012070,まあまあ,,so-so,N2
1524630,まいすう,枚数,the number of flat things,N2
1524710,まいど,毎度,"each time,common service-sector greeting",N2
1126980,マイナス,,minus,N2
1211200,まく,巻く,"to wind,to coil,to roll",N2
2611890,まく,蒔く,to sow (seeds),N2
1303400,まく,撒く,"to scatter,to sprinkle,to sow",N2
1524860,まくら,枕,"pillow,bolster",N2
1239740,まげる,曲げる,"to bend,to crook,to lean",N2
1012110,まごまご,,confused,N2
1523830,まさつ,摩擦,"friction,rubbing,rubdown,chafe",N2
1603920,まざる,混ざる,"to be mixed,to be blended with,to associate with,to mingle with,to join",N2
1603920,まざる,交ざる,"to be mixed,to be blended with,to associate with,to mingle with,to join",N2
1603930,まじる,混じる,"to be mixed,to be blended with,to associate with",N2
1603930,まじる,交じる,"to be mixed,to be blended with,to associate with",N2
1127870,マスク,,mask,N2
1290310,まぜる,混ぜる,"to mix,to stir",N2
1290310,まぜる,交ぜる,"to be mixed,to be blended with",N2
1267830,またぐ,,to straddle,N2
1524990,または,又は,"or,otherwise",N2
1410630,まちあいしつ,待合室,waiting room,N2
1410520,まちあわせる,待ち合わせる,"to rendezvous,to meet at a prearranged place and time",N2
1204580,まちかど,街角,street corner,N2
1363190,まっくら,真っ暗,"total darkness,shortsightedness,pitch dark",N2
1604050,まっくろ,真っ黒,pitch black,N2
1604080,まっさお,真っ青,"deep blue,ghastly pale",N2
1363260,まっさき,真っ先,"the head,the foremost,beginning",N2
1580620,まっしろ,真っ白,pure white,N2
1295250,まつる,祭る,"to deify,to enshrine",N2
1401420,まどぐち,窓口,ticket window,N2
1611640,まとまる,纏まる,"to be collected,to be settled,to be in order",N2
1440930,まとめる,纏める,"to put in order,to collect,to bring to a conclusion",N2
1363760,まねる,真似る,"to mimic,to imitate",N2
1569790,まぶしい,,"dazzling,radiant",N2
1569920,まぶた,,eyelids,N2
1129210,マフラー,,"muffler,scarf",N2
1215290,まもなく,間も無く,"soon,before long,in a short time",N2
1129290,マラソン,,marathon,N2
1604280,まれ,稀,"rare,seldom",N2
1199360,まわりみち,回り道,detour,N2
1526720,まんいん,満員,"full house,no vacancy,sold out",N2
1130040,マンション,,"large apartment,apartment house",N2
1604340,まんてん,満点,perfect score,N2
1259830,みおくる,見送る,"(1) to see off,to farewell,(2) to escort,(3) to let pass",N2
1259370,みおろす,見下ろす,"to overlook,to command a view of,to look down on something",N2
1604420,みかけ,見掛け,outward appearance,N2
1301340,みかづき,三日月,"new moon,crescent moon",N2
1611700,みさき,岬,cape (on coast),N2
1303280,みじめ,,"(arch) sad,pitiful,wretched",N2
1130640,ミシン,,sewing machine,N2
1910260,みせや,店屋,"store,shop",N2
1259710,みだし,見出し,"heading,caption,subtitle,index",N2
1611770,みちじゅん,道順,"itinerary,route",N2
1604550,みつかる,見付かる,"to be found,to be discovered",N2
1604570,みつける,見付ける,"to be familiar,to discover,to detect",N2
1259250,みっともない,,"shameful,indecent",N2
1259900,みなおす,見直す,"to look again,to get a better opinion of",N2
1604650,みなれる,見慣れる,"to become used to seeing,to be familiar with",N2
1333810,みにくい,醜い,ugly,N2
1320850,みのる,実る,"to bear fruit,to ripen",N2
1365810,みぶん,身分,"social position,social status",N2
1260100,みほん,見本,sample,N2
1259990,みまう,見舞う,"to ask after (health),to visit",N2
1528040,みまん,未満,"less than,insufficient",N2
1604730,みょうじ,名字,"surname,family name",N2
1131830,ミリ,,"milli-,10^-3",N2
1365450,みる,診る,to examine (medical),N2
1528630,みんかん,民間,"private,civilian,civil,popular,folk,unofficial",N2
1529270,みんよう,民謡,"folk song,popular song",N2
1604800,むかう,向う,"(v5u) to face,to go towards",N2
1474370,むく,剥く,"to peel,to skin,to pare,to hull",N2
1529880,むげん,無限,infinite,N2
1530650,むじ,無地,"plain,unfigured",N2
1356870,むしあつい,蒸し暑い,"humid,sultry",N2
1531090,むじゅん,矛盾,"contradiction,inconsistency",N2
1356900,むす,蒸す,"to steam,to poultice,to be sultry",N2
1530280,むすう,無数,"countless number,infinite number",N2
1311640,むらさき,紫,"purple colour,violet",N2
1247510,むれ,群れ,"group,crowd,flock,herd",N2
1532940,めい,姪,niece,N2
1531500,めいさく,名作,masterpiece,N2
1531550,めいし,名刺,business card,N2
1531570,めいし,名詞,noun,N2
1531600,めいしょ,名所,famous place,N2
1531970,めいずる,命ずる,"to command,to appoint",N2
1532760,めいしん,迷信,superstition,N2
1531810,めいぶつ,名物,"famous product,special product,speciality",N2
1532810,めいめい,銘々,"each,individual",N2
1535490,めうえ,目上,"superior(s),senior",N2
1132530,メーター,,meter (clock),N2
1611980,めぐまれる,恵まれる,"to be blessed with,to be rich in",N2
1342050,めぐる,巡る,to go around,N2
1535440,めざす,目指す,"to aim at,to have an eye on",N2
1535340,めざまし,目覚し,(abbr) alarm-clock,N2
1535320,めした,目下,"at present,now",N2
1535300,めじるし,目印,"mark,sign,landmark",N2
1535700,めだつ,目立つ,"to be conspicuous,to stand out",N2
1533000,めちゃくちゃ,,"absurd,unreasonable,excessive,messed up,spoiled,wreaked",N2
1012470,めっきり,,remarkably,N2
1608630,めでたい,,"happy,simple soul,propitious,joyous",N2
1133790,メニュー,,menu,N2
1569810,めまい,,"dizziness,giddiness",N2
1535280,めやす,目安,"criterion,aim",N2
1533230,めんぜい,免税,"tax exemption,duty exemption",N2
1533500,めんせき,面積,area,N2
1533510,めんせつ,面接,interview,N2
1533560,めんどうくさい,面倒臭い,"bother to do,tiresome",N2
1534490,もうかる,儲かる,"to be profitable,to yield a profit",N2
1534500,もうける,儲ける,"to get,to earn,to gain,to have (bear, beget) a child",N2
1612040,もうしわけない,申し訳ない,inexcusable,N2
1134480,モーター,,motor,N2
1534660,もくざい,木材,"lumber,timber,wood",N2
1535460,もくじ,目次,table of contents,N2
1609715,もぐる,潜る,"(1) to drive,to pass through,(2) to evade,to hide,(3) to dive (into or under water),to go undergroun",N2
1012510,もしかしたら,,"perhaps,maybe,by some chance",N2
1012530,もしかすると,,"perhaps,maybe,by some chance",N2
1564380,もたれる,,"to lean against,to lean on,to recline on,to lie heavy (on the stomach)",N2
1134990,モダン,,modern,N2
1535790,もち,餅,sticky rice cake,N2
1605250,もったいない,,"too good,more than one deserves,wasteful,sacrilegious,unworthy of",N2
1135270,モデル,,model,N2
1605280,もともと,元々,"originally,by nature,from the start",N2
1502690,ものおき,物置,storage room,N2
1502490,ものがたる,物語る,"to tell,to indicate",N2
1502530,ものさし,物差し,"ruler,measure",N2
1502630,ものすごい,物凄い,"earth-shattering,staggering,to a very great extent",N2
1135680,モノレール,,monorail,N2
2857870,もみじ,紅葉,(1) (Japanese) maple,N2
1567610,もむ,揉む,"to rub,to crumple (up),to wrinkle",N2
1582900,もやす,燃やす,to burn,N2
1292140,もよおし,催し,"event,festivities,function",N2
1379740,もる,盛る,"(1) to serve (food, etc.),(2) to fill up,(3) to prescribe",N2
1536060,もんどう,問答,"questions and answers,dialogue",N2
1211380,やかましい,,"(1) noisy,(2) strict,fussy",N2
1536530,やかん,夜間,"at night,nighttime",N2
1605370,やかん,薬缶,kettle,N2
1538010,やくしゃ,役者,"actor,actress",N2
1538020,やくしょ,役所,"government office,public office",N2
1538350,やくす,訳す,to translate,N2
1538050,やくにん,役人,government official,N2
1538280,やくひん,薬品,"medicine(s),chemical(s)",N2
1538080,やくめ,役目,"duty,business",N2
1577310,やけど,火傷,"burn,scald",N2
1584820,やこう,夜行,"walking around at night,night train,night travel",N2
1537770,やじるし,矢印,directing arrow,N2
1537780,やたら,,"randomly,recklessly,blindly",N2
1538200,やっきょく,薬局,"pharmacy,drugstore",N2
1612950,やっつける,,"to attack (an enemy),to beat,to do away with,to finish off",N2
1191990,やぬし,家主,landlord,N2
1983750,やぶく,破く,,N2
1471210,やぶれる,破れる,"to get torn,to wear out",N2
1612100,やむをえない,,"cannot be helped,unavoidable",N2
1605630,やわらかい,軟らかい,"soft,tender,limp",N2
1542170,ゆうえんち,遊園地,amusement park,N2
1542690,ゆうかん,夕刊,evening paper,N2
1540080,ゆうこう,友好,friendship,N2
1542380,ゆうそう,郵送,mailing,N2
1542820,ゆうだち,夕立,(sudden) evening shower (rain),N2
1542750,ゆうひ,夕日,"(in) the evening sun,setting sun",N2
1605700,ゆうゆう,悠々,"quiet,calm,leisurely",N2
1541690,ゆうりょう,有料,"admission-paid,toll",N2
1584990,ゆかた,浴衣,"bathrobe,informal summer kimono,yukata",N2
1448600,ゆげ,湯気,"steam,vapour",N2
1538810,ゆけつ,輸血,blood transfusion,N2
1538850,ゆそう,輸送,"transport,transportation",N2
1538690,ゆだん,油断,"negligence,unpreparedness",N2
1571470,ゆでる,,to boil,N2
1612130,ゆのみ,湯飲み,teacup,N2
1214410,ゆるい,緩い,"loose,lenient,slow",N2
1546120,ようがん,溶岩,lava,N2
1545370,ようき,容器,"container,vessel",N2
1546270,ようご,用語,"term,terminology",N2
1546770,ようし,要旨,"gist,essentials,summary,fundamentals",N2
1545160,ようじ,幼児,"infant,baby,child",N2
1545420,ようせき,容積,"capacity,volume",N2
1545250,ようち,幼稚,"infancy,childish,infantile",N2
1545260,ようちえん,幼稚園,kindergarten,N2
1546380,ようと,用途,"use,usefulness",N2
1794470,ようひんてん,洋品店,shop which handles Western-style apparel and accessories,N2
1662130,ようぶん,養分,"nourishment,nutrient",N2
1546530,ようもう,羊毛,wool,N2
1394600,ようやく,漸く,"gradually,finally,hardly",N2
1546850,ようりょう,要領,"point,gist,essentials,outline",N2
1547390,よくばり,欲張り,"avarice,covetousness,greed",N2
1544090,よけい,余計,"too much,unnecessary,abundance,surplus,excess,superfluity",N2
1013140,よこす,,"(1) to send,to forward,(2) to hand over (e.g. money)",N2
1178960,よごす,汚す,"(1) to disgrace,to dishonour,(2) to pollute,to contaminate,to soil,to make dirty,to stain",N2
1219560,よせる,寄せる,"to collect,to gather,to add,to put aside",N2
1605940,よそ,余所,"another place,somewhere else,strange parts",N2
1307060,よつかど,四つ角,"four corners,crossroads",N2
1372660,よっぱらい,酔っ払い,drunkard,N2
1543320,よび,予備,"preparation,preliminaries,reserve,spare",N2
1266280,よびかける,呼び掛ける,"to call out to,to accost,to address (crowd),to appeal",N2
1266350,よびだす,呼び出す,"to summon,to call (e.g. phone)",N2
1606020,よみがえる,蘇る,"to be resurrected,to be revived,to be resuscitated,to be rehabilitated",N2
1606140,よろこび,慶び,"(n) (a) joy,(a) delight,rapture,pleasure,gratification,rejoicing,congratulations,felicitations",N2
1218760,よろこぶ,慶ぶ,,N2
1548200,らいにち,来日,"arrival in Japan,coming to Japan,visit to Japan",N2
1548810,らくだい,落第,"failure,dropping out of a class",N2
1139190,ラッシュアワー,,rush hour,N2
1549350,らん,欄,column of text (e.g. as in a newspaper),N2
1140100,ランチ,,"launch,lunch",N2
1140270,ランニング,,"(1) running,(2) tank top",N2
1549100,らんぼう,乱暴,"rude,violent,rough,lawless,unreasonable,reckless",N2
1549900,りか,理科,science,N2
1549500,りがい,利害,"advantages and disadvantages,interest",N2
1141620,リズム,,rhythm,N2
1141870,リットル,,litre,N2
1142880,リボン,,ribbon,N2
1551960,りゃくす,略す,to abbreviate,N2
1552230,りゅういき,流域,(river) basin,N2
1554230,りょう,寮,"hostel,dormitory",N2
1585140,りょうがわ,両側,both sides,N2
1233010,りょうし,漁師,fisherman,N2
1554730,りょうじ,領事,consul,N2
1554750,りょうしゅう,領収,"receipt,voucher",N2
1555610,りんじ,臨時,"temporary,special,extraordinary",N2
1552800,るすばん,留守番,"care-taking,caretaker,house-watching",N2
1556410,れいがい,例外,exception,N2
1557710,れいてん,零点,"zero,no marks",N2
1557170,れいとう,冷凍,"freezing,cold storage,refrigeration",N2
1144700,レインコート,,raincoat,N2
1144860,レクリェーション,,recreation,N2
1145220,レジャー,,leisure,N2
1558390,れっとう,列島,chain of islands,N2
1145910,レベル,,level,N2
1559090,れんが,煉瓦,brick,N2
1559450,れんごう,連合,"union,alliance",N2
1146140,レンズ,,lens,N2
1561240,ろうそく,蝋燭,candle,N2
1146810,ローマじ,,"romanization,Roman letters",N2
1561590,ろくおん,録音,(audio) recording,N2
1147560,ロッカー,,locker,N2
1147800,ロビー,,lobby,N2
1561640,ろんずる,論ずる,"to argue,to discuss,to debate",N2
1561970,わえい,和英,Japanese-English,N2
1606560,わかる,分る,to be understood,N2
1606600,わかれる,分かれる,"to branch off,to diverge from,to fork,to split,to dispense,to scatter,to divide into",N2
1606610,わかわかしい,若々しい,"youthful,young",N2
1606685,わく,湧く,"to boil,to grow hot,to get excited,to gush forth",N2
1606790,わびる,詫びる,to apologize,N2
1562190,わふく,和服,Japanese clothes,N2
1612360,わりあいに,,comparatively,N2
1606880,わりざん,割算,division (math),N2
1983690,わりと,割と,"relatively, comparitively",N2
1606950,わりびき,割引,"discount,reduction,rebate",N2
1562780,わん,椀,"Japanese soup bowl,wooden bowl",N2
1562840,わん,碗,bowl,N2
1149240,ワンピース,,one-piece dress,N2
2394370,あっ,,"Ah!,Oh!",N3
1150410,あい,愛,love,N3
1151120,あいさつ,挨拶,"greeting,salutation",N3
1150860,あいじょう,愛情,"love,affection",N3
1284930,あいず,合図,"sign,signal",N3
1013980,アイスクリーム,,ice cream,N3
1150450,あいする,愛する,to love,N3
1401000,あいて,相手,"companion,partner,company",N3
1379210,あいにく,,"unfortunately,Sorry, but....",N3
1014590,アイロン,,(electric) iron,N3
1014680,アウト,,out,N3
1586210,あかり,明かり,"lamplight,light (in general),brightness",N3
1609010,あき,空き,"room,time to spare,emptiness",N3
1532310,あきらか,明らか,"obvious,evident,clear",N3
1436730,あきらめる,諦める,"to give up,to abandon",N3
1586250,あきる,飽きる,"to get tired of,to lose interest in,to have enough",N3
1152730,あくしゅ,握手,handshake,N3
1152510,あくま,悪魔,"devil,demon,evil spirit",N3
1202450,あける,明ける,"to dawn,to become daylight",N3
1544990,あずける,預ける,"to give into custody,to entrust,to deposit",N3
1213060,あせ,汗,"sweat,perspiration",N3
1544730,あたえる,与える,"to give,to present,to award",N3
1512080,あたり,辺り,"vicinity,nearby",N3
1448810,あたる,当たる,"to be hit,to be successful,to be equivalent to",N3
1612620,あちこち,,here and there,N3
1153440,あつかう,扱う,"to handle,to deal with,to treat",N3
1609050,あつまり,集まり,"gathering,meeting,assembly,collection",N3
1448860,あてる,当てる,"to hit,to apply a patch",N3
1383680,あと,跡,"(1) trace,tracks,mark,sign,(2) remains,ruins,(3) scar",N3
1254480,あな,穴,hole,N3
1547450,あびる,浴びる,"to bathe,to bask in the sun,to shower",N3
1538590,あぶら,油,oil,N3
1584930,あまり,余り,"not very (used as adverb),not much",N3
1271290,あやまり,誤り,error,N3
1586730,あら,粗,"defect,flaw,blemish,weak point",N3
1549340,あらし,嵐,"storm,tempest",N3
1361510,あらた,新た,"new,fresh,novel",N3
1586780,あらゆる,,"all,every",N3
1263490,あらわす,表す,"to express,to show,to reveal",N3
1263490,あらわす,現す,"to show,to indicate,to display",N3
1610550,あらわれ,現れ,"embodiment,materialization",N3
1263510,あらわれる,現れる,"(1) to appear,to come in sight,to become visible,(2) to express oneself",N3
1586820,ありがとう,,"(conj,exp,int) Thank you",N3
1586840,ある,或,"a certain...,some...",N3
1586850,あるいは,,"or,possibly",N3
1019450,アルバム,,album,N3
1517510,あわ,泡,"bubble,foam,froth,head on beer",N3
1284480,あわせる,合わせる,"to join together,to be opposite,to face,to unite",N3
1150110,あわれ,哀れ,"helpless,pity,sorrow,grief",N3
1154770,あん,案,"plan,suffix meaning draft",N3
1586910,あんき,暗記,"memorization,learning by heart",N3
1154120,あんてい,安定,"stability,equilibrium",N3
1981450,あんなに,,"to that extent,to that degree",N3
1584930,あんまり,,"not very,not much,remainder,rest",N3
1158500,い,胃,stomach,N3
1583250,いえ,,TODO same as いいえ?,N3
1156100,いいん,委員,committee member,N3
1587040,ゆう,言う,to say,N3
1156410,いがい,意外,"unexpected,surprising",N3
1578790,いき,行き,going,N3
1578790,ゆき,行き,going,N3
1404320,いき,息,"breath,tone",N3
1375040,いきおい,勢い,"force,vigor,energy,spirit",N3
1378590,いきもの,生き物,"living thing,animal",N3
1219960,いくつ,幾つ,"how many?,how old?",N3
1219980,いくら,幾ら,"how much?,how many?",N3
1000730,いけない,,"must not do,bad,wrong,not good",N3
1159930,いし,医師,"doctor,physician",N3
1156610,いし,意思,"intention,purpose",N3
1156560,いし,意志,"will,volition",N3
1158450,いじ,維持,"maintenance,preservation",N3
1156640,いしき,意識,"consciousness,senses",N3
1157760,いじょう,異常,"strangeness,abnormality,disorder",N3
1157070,いす,椅子,chair,N3
1390780,いずみ,泉,"spring,fountain",N3
1566210,いずれ,,"where,which,who",N3
1155150,いぜん,以前,"ago,since,before,previous",N3
1481350,いた,板,"board,plank",N3
1155920,いだい,偉大,greatness,N3
1584090,いだく,抱く,"(sl) to embrace,to hug,to harbour,to entertain",N3
1151580,いたずら,悪戯,"tease,prank,trick,practical joke",N3
1410800,いただきます,,expression of gratitude before meals,N3
1587290,いただく,頂く,"to receive,to take food or drink (hum)",N3
1587300,いたみ,痛み,"pain,ache,sore,grief,distress",N3
1311870,いたる,至る,"to come,to arrive",N3
1308080,いち,市,"market,fair",N3
1587310,いち,位置,"place,situation,position,location",N3
1576100,いちじ,一時,"moment,time",N3
1609210,いちどに,一度に,all at once,N3
1308300,いちば,市場,(the) market (as a concept),N3
1165970,いちばん,一番,"best,first,number one",N3
1188790,いつか,何時か,"sometime,someday,one day",N3
1575940,いっか,一家,"a house,a home,a family,a household",N3
1163170,いっしゅ,一種,"a species,a kind,a variety",N3
1163340,いっしゅん,一瞬,"a moment,an instant",N3
1576200,いっしょう,一生,"whole life,a lifetime,all through life",N3
1164340,いっそう,一層,"much more,still more,all the more",N3
1164510,いったい,一体,"(1) one object,one body,(2) what on earth?,really?,(3) generally",N3
1164740,いっち,一致,"(1) coincidence,agreement,(2) conformity",N3
1577130,いつでも,,"(at) any time,always,at all times,never (neg)",N3
1165790,いっぱん,一般,"general,liberal,universal,ordinary,average",N3
1166510,いっぽう,一方,"(1) on the other hand,(2) meanwhile,(3) only,simple,in turn",N3
1188880,いつまでも,,"forever,for good,eternally,as long as one likes,indefinitely",N3
1188890,いつも,何時も,"always,usually,every time,never (with neg. verb)",N3
1158400,いどう,移動,"removal,migration,movement",N3
1335290,いとこ,従兄弟,cousin (male),N3
1167820,いね,稲,rice-plant,N3
1231890,いねむり,居眠り,"dozing,nodding off",N3
1531940,いのち,命,"command,decree,life,destiny",N3
1158950,いはん,違反,"violation (of law),transgression,infringement,breach",N3
1158810,いふく,衣服,clothes,N3
1231720,いま,居間,living room (western style),N3
1288940,いまに,今に,"before long,even now",N3
1288950,いまにも,今にも,"at any time,soon",N3
2857380,いや,否,"no,the noes",N3
1155210,いらい,以来,"since,henceforth",N3
1155710,いらい,依頼,"(1) request,commission,dispatch,(2) dependence,trust",N3
1587700,いらいら,,"getting nervous,irritation",N3
1000920,いらっしゃい,,welcome,N3
1160140,いりょう,医療,"medical care,medical treatment",N3
1217270,いわ,岩,"rock,crag",N3
1337370,いわい,祝い,"celebration,festival",N3
1337390,いわう,祝う,"to congratulate,to celebrate",N3
1264380,いわば,言わば,so to speak,N3
1343150,いわゆる,,"the so-called,so to speak",N3
1022210,インク,,ink,N3
1168190,いんさつ,印刷,printing,N3
1168390,いんしょう,印象,impression,N3
1169610,いんたい,引退,retire,N3
1169660,いんよう,引用,"quotation,citation",N3
1025140,ウイスキー,,whisky,N3
1352140,うわ,上,"upper,outer,surface",N3
1578010,うお,魚,fish,N3
1577660,うがい,嗽,"gargle,rinse mouth",N3
1329650,うけとる,受け取る,"to receive,to get,to accept,to take",N3
1451170,うごかす,動かす,"to move,to shift",N3
1443970,うさぎ,兎,"rabbit,hare,cony",N3
1231490,うし,牛,"cattle,cow",N3
1319750,うしなう,失う,"to lose,to part with",N3
1269410,うしろ,後,"afterwards,since then,in the future",N3
1225510,うたがう,疑う,"to doubt,to distrust,to be suspicious of,to suspect",N3
1171300,うちゅう,宇宙,"universe,cosmos,space",N3
1253570,うつ,撃つ,"to attack,to defeat,to destroy",N3
1158160,うつす,移す,"to remove,to transfer,to infect",N3
1397720,うったえる,訴える,"to sue (a person),to resort to,to appeal to",N3
1565300,うなる,,"to groan,to moan",N3
1416340,うばう,奪う,to snatch away,N3
1471560,うま,馬,"(1) horse,(2) promoted bishop (shogi)",N3
1609350,うまれ,生まれ,"birth,birth-place",N3
1473460,うめ,梅,"plum,plum-tree,lowest (of a three-tier ranking system)",N3
1550380,うらぎる,裏切る,"to betray,to turn traitor to,to double-cross",N3
1481920,うるさい,,"noisy,loud,fussy",N3
1219510,うれしい,嬉しい,"happy,glad,pleasant",N3
1473960,うれる,売れる,to be sold,N3
1172590,うわさ,噂,"rumour,report,gossip,common talk",N3
1172610,うん,運,"fortune,luck",N3
1508290,え,柄,"handle,grip",N3
1174070,えいえん,永遠,"eternity,perpetuity,immortality,permanence",N3
1576520,えいきゅう,永久,"eternity,perpetuity,immortality",N3
1173660,えいきょう,影響,"influence,effect",N3
1173430,えいぎょう,営業,"business,trade,management",N3
1174760,えいせい,衛星,satellite,N3
1173990,えいよう,栄養,"nutrition,nourishment",N3
1351400,えがお,笑顔,smiling face,N3
1583460,えがく,描く,"to draw,to paint,to sketch,to depict,to describe",N3
1173340,えさ,餌,"feed,bait",N3
1029430,エネルギー,,(n) energy (de: Energie),N3
1588760,える,得る,"to get,to gain,to win",N3
1454500,うる,得る,"to get,to gain,to win",N3
1175570,えん,円,"circle,money",N3
1176430,えんき,延期,"postponement,adjournment",N3
1176820,えんぎ,演技,"acting,performance",N3
1176660,えんじょ,援助,"assistance,aid,support",N3
1030950,エンジン,,engine,N3
1176960,えんぜつ,演説,"speech,address",N3
1607520,えんそう,演奏,musical performance,N3
2826528,お,御,honourable,N3
1643510,おい,老い,"old age,old person,the old,the aged",N3
1588810,おいつく,追い付く,"to overtake,to catch up (with)",N3
1629200,おう,王,"king,ruler,sovereign,monarch",N3
1432410,おう,追う,"to chase,to run after",N3
1181700,おうさま,王様,king,N3
1181500,おうじ,王子,prince,N3
1179830,おうじる,応じる,"to respond,to satisfy,to accept,to comply with,to apply for",N3
1180900,おうだん,横断,crossing,N3
1332760,おえる,終える,to finish,N3
1412880,おおいに,大いに,"very,much,greatly",N3
1588840,おおう,覆う,"to cover,to hide,to conceal,to wrap,to disguise",N3
1032390,オーバー,,"(1) overcoat,(2) over",N3
1413140,おおや,大家,"rich family,distinguished family",N3
1588920,おか,丘,"hill,height,knoll,rising ground",N3
1182500,おき,沖,open sea,N3
1179320,おく,奥,"interior,inner part",N3
1403550,おくる,贈る,"to send,to give to,to award to,to confer on",N3
1223680,おこる,起こる,"to occur,to happen",N3
1545110,おさない,幼い,"very young,childish",N3
1589090,おさめる,収める,"to obtain,to reap,to pay,to supply,to accept",N3
1002450,おしゃべり,,"chattering,talk,idle talk",N3
1179040,おせん,汚染,"pollution,contamination",N3
1236650,おそらく,,perhaps,N3
1589200,おそれる,恐れる,"to fear,to be afraid of",N3
1236690,おそろしい,恐ろしい,"terrible,dreadful",N3
1979930,おたがい,お互い,"mutual,reciprocal,each other",N3
1183590,おだやか,穏やか,"calm,gentle,quiet",N3
1420020,おとこのひと,男の人,man,N3
1558400,おとる,劣る,"to fall behind,to be inferior to",N3
1002610,おなか,お腹,stomach,N3
1224190,おに,鬼,"ogre,demon,it (i.e., in a game of tag)",N3
1410410,おび,帯,"band (e.g. conduction, valence)",N3
1660100,おひる,お昼,"lunch,noon",N3
1034660,オフィス,,office,N3
1437560,おぼれる,溺れる,"to be drowned,to indulge in",N3
1002290,おまえ,,"(fam) you (sing),presence (of a high personage)",N3
1270700,おめでとう,お目出度う,"Congratulations!,an auspicious occasion!",N3
1535140,おめにかかる,お目に掛かる,,N3
1589340,おもいで,思い出,"memories,recollections,reminiscence",N3
1324990,おもに,主に,"mainly,primarily",N3
1309460,おもわず,思わず,"unintentional,spontaneous",N3
1001560,おや,,parents,N3
1613570,およぎ,泳ぎ,swimming,N3
1523450,およそ,,"about,roughly,as a rule,approximately",N3
1228180,およぼす,及ぼす,"to exert,to cause,to exercise",N3
1577985,おる,居る,"to be (animate),to be,to exist",N3
1589580,おろす,下す,"to lower,to let go down",N3
1589580,おろす,降ろす,"to take down,to launch,to drop",N3
1589590,おわり,終,the end,N3
2859161,おん,音,"sound,note",N3
1183090,おん,恩,"favour,obligation,debt of gratitude",N3
1183480,おんだん,温暖,warmth,N3
1183510,おんど,温度,temperature,N3
1190710,か,可,passable,N3
1195710,か,課,counter for chapters (of a book),N3
1036170,カー,,car,N3
1036400,カード,,"card,curd",N3
1198170,かい,会,"meeting,assembly,party,association,club",N3
1199330,かい,回,counter for occurrences,N3
1204330,がい,害,"injury,harm,evil influence,damage",N3
1198230,かいいん,会員,"member,the membership",N3
1202300,かいが,絵画,picture,N3
1201260,かいがい,海外,"foreign,abroad,overseas",N3
1198430,かいけい,会計,"account,finance,accountant",N3
1198960,かいけつ,解決,"settlement,solution,resolution",N3
1198530,かいごう,会合,"meeting,assembly",N3
1203540,がいこう,外交,diplomacy,N3
1202760,かいし,開始,"start,commencement,beginning",N3
1199010,かいしゃく,解釈,"explanation,interpretation",N3
1203800,がいしゅつ,外出,"outing,going out",N3
1200960,かいぜん,改善,"betterment,improvement",N3
1200120,かいてき,快適,"pleasant,agreeable,comfortable",N3
1199720,かいふく,回復,"recovery (from illness),improvement,rehabilitation,restoration",N3
1312970,かう,飼う,"to keep,to raise,to feed",N3
1589780,かえる,替える,"to exchange,to interchange,to substitute,to replace",N3
1589780,かえる,換える,"to exchange,to interchange,to substitute,to replace",N3
1589820,かおり,香り,"aroma,fragrance,scent,smell",N3
1197120,がか,画家,"painter,artist",N3
1516310,かかえる,抱える,to hold or carry under or in the arms,N3
1189500,かかく,価格,"price,value,cost",N3
1186760,かがく,化学,chemistry,N3
1224020,かがやく,輝く,"to shine,to glitter,to sparkle",N3
1589840,かかり,係,"official,duty,person in charge",N3
1609500,かかる,罹る,to suffer from,N3
1264640,かぎる,限る,"to restrict,to limit,to confine",N3
1583460,かく,描く,"to draw,to paint,to sketch,to depict,to describe",N3
1191870,かぐ,家具,furniture,N3
1955900,がく,学,"learning,scholarship,erudition,knowledge",N3
1207500,がく,額,"forehead,brow",N3
1206080,かくご,覚悟,"resolution,resignation,readiness,preparedness",N3
1205830,かくじつ,確実,"certainty,reliability,soundness",N3
1206800,がくしゃ,学者,scholar,N3
1206820,がくしゅう,学習,"study,learning",N3
1170650,かくす,隠す,"to hide,to conceal",N3
1205200,かくだい,拡大,"magnification,enlargement",N3
1205900,かくにん,確認,"affirmation,confirmation",N3
1207130,がくもん,学問,"scholarship,study,learning",N3
1170660,かくれる,隠れる,"to hide,to be hidden,to conceal oneself,to disappear",N3
1590145,かげ,影,"shade,shadow,other side",N3
1590150,かげ,陰,"shade,shadow,other side",N3
1253920,かける,欠ける,to be lacking,N3
1190080,かげん,加減,"addition and subtraction,allowance for",N3
1196030,かこ,過去,"the past,bygone days,the previous",N3
1590200,かご,籠,"basket,cage",N3
1155980,かこむ,囲む,"to surround,to encircle",N3
1193880,かさい,火災,"conflagration,fire",N3
1411110,かし,貸し,"loan,lending",N3
1195670,かし,菓子,pastry,N3
1191980,かじ,家事,"housework,domestic chores",N3
1260260,かしこい,賢い,"wise,clever,smart",N3
1193290,かしゅ,歌手,singer,N3
1580820,かず,数,"number,figure",N3
1194450,かせぐ,稼ぐ,"to earn income,to labor",N3
1372900,かぞえる,数える,to count,N3
1250090,かた,型,"mold,model,style,shape,data-type",N3
1258950,かた,肩,shoulder,N3
1584100,かたがた,方々,"persons,this and that,here and there,everywhere",N3
1446420,かたな,刀,"sword,saber,knife,engraving tool",N3
1270990,かたる,語る,"to talk,to tell,to recite",N3
1609560,かち,勝ち,"win,victory",N3
1189600,かち,価値,"value,worth,merit",N3
1003170,がっかり,,"feel disappointed,be dejected,lose heart",N3
1208270,かっき,活気,"energy,liveliness",N3
1206650,がっき,学期,term (school),N3
1208360,かつどう,活動,"action,activity",N3
1208460,かつよう,活用,"conjugation,practical use",N3
1483200,かなしむ,悲しむ,"to be sad,to mourn for,to regret",N3
1487410,かならずしも,必ずしも,"(not) always,(not) necessarily,(not) all,(not) entirely",N3
1590560,かなり,,"considerably,fairly,quite",N3
1242590,かね,金,"(1) gold,(2) gold general (shogi) (abbr)",N3
1191060,かのう,可能,"possible,practicable,feasible",N3
1208920,かぶ,株,"share,stock,stump (of tree)",N3
1484330,かぶる,被る,to suffer,N3
1279680,かまう,構う,"to mind,to care about,to be concerned about",N3
1196970,がまん,我慢,"patience,endurance,perseverance",N3
1352150,かみ,上,"(1) first volume,(2) superior quality,(3) governmental",N3
1364440,かみ,神,god,N3
1585060,かみなり,雷,thunder,N3
1477960,かみのけ,髪の毛,hair (head),N3
1590600,かもく,科目,"(school) subject,curriculum,course",N3
1002970,かもしれない,,"may,might,perhaps,may be,possibly",N3
1194280,かよう,火曜,(abbr) Tuesday,N3
1245280,から,空,sky,N3
1508300,がら,柄,"hilt (of a sword),haft (of a dagger),handgrip",N3
1209540,かる,刈る,"to cut (hair),to mow (grass),to harvest",N3
1483090,かれら,彼等,they (usually male),N3
1483800,かわ,皮,"skin,hide,leather,fur,pelt,bark,shell",N3
1483805,かわ,革,leather,N3
1590740,かわいそう,,"poor,pitiable,pathetic",N3
1190740,かわいらしい,,"lovely,sweet",N3
1214540,かん,缶,"can,tin",N3
1210590,かん,勘,"perception,intuition,the sixth sense",N3
1281000,かんがえ,考え,"thinking,thought,ideas,intention",N3
1212330,かんかく,感覚,"sense,sensation",N3
1214810,かんきゃく,観客,"audience,spectator(s)",N3
1213280,かんきょう,環境,"environment,circumstance",N3
1212960,かんげい,歓迎,"welcome,reception",N3
1214840,かんこう,観光,sightseeing,N3
1214900,かんさつ,観察,"observation,survey",N3
1212250,かんじ,感じ,"feeling,sense,impression",N3
1212380,かんしゃ,感謝,"thanks,gratitude",N3
1212210,かんじゃ,患者,a patient,N3
1210750,かんじょう,勘定,"calculation,counting,consideration",N3
1212410,かんじょう,感情,"emotion(s),feeling(s),sentiment",N3
1212260,かんじる,感じる,"to feel,to sense,to experience",N3
1212450,かんしん,感心,"admiration,Well done!",N3
1215870,かんしん,関心,"concern,interest",N3
1215790,かんする,関する,"to concern,to be related",N3
1211490,かんせい,完成,"(1) complete,completion,(2) perfection,accomplishment",N3
1211510,かんぜん,完全,"perfection,completeness",N3
1212570,かんどう,感動,"being deeply moved,excitement,impression,deep emotion",N3
1213720,かんとく,監督,"supervision,control,superintendence",N3
1214200,かんり,管理,"control,management (e.g. of a business)",N3
1211630,かんりょう,完了,"completion,conclusion",N3
1216060,かんれん,関連,"relation,connection,relevance",N3
1226020,ぎいん,議員,"member of the Diet, congress or parliament",N3
1223150,きおく,記憶,"memory,recollection,remembrance",N3
1221950,きおん,気温,temperature,N3
1220810,きかい,機械,"machine,mechanism",N3
1226040,ぎかい,議会,"Diet,congress,parliament",N3
1220550,きかん,期間,"period,term",N3
1220870,きかん,機関,"organ,mechanism,facility,engine",N3
1218190,きぎょう,企業,"enterprise,undertaking",N3
1591100,きく,効く,to be effective,N3
1220930,きげん,機嫌,"humour,temper,mood",N3
1222170,きこう,気候,climate,N3
1217040,きし,岸,"bank,coast,shore",N3
1379330,きじ,生地,birthplace,N3
1223240,きじ,記事,"article,news story,report,account",N3
1225110,ぎし,技師,"engineer,technician",N3
1223250,きしゃ,記者,reporter,N3
1580260,きず,傷,"wound,injury,hurt,cut",N3
1220570,きたい,期待,"expectation,anticipation,hope",N3
1221430,きたく,帰宅,returning home,N3
1223520,きちょう,貴重,"precious,valuable",N3
1226140,ぎちょう,議長,chairman,N3
1003400,きちんと,,"precisely,accurately",N3
1003450,きつい,,"tight,close,intense",N3
1591330,きづく,気付く,"to notice,to recognize,to become aware of",N3
1221740,きにいる,気に入る,"to be pleased with,to suit",N3
1223330,きにゅう,記入,"entry,filling in of forms",N3
1223340,きねん,記念,"commemoration,memory",N3
1221130,きのう,機能,"function,faculty",N3
1221770,きのどく,気の毒,"pitiful,a pity",N3
1591400,きふ,寄付,"contribution,donation",N3
1219910,きぼう,希望,"hope,wish,aspiration",N3
1219190,きほん,基本,"foundation,basis,standard",N3
1609660,きまり,決まり,"settlement,conclusion,regulation,rule",N3
1222640,きみ,気味,"-like,-looking,-looked",N3
1219490,きみょう,奇妙,"strange,queer,curious",N3
1225900,ぎむ,義務,"duty,obligation,responsibility",N3
1225630,ぎもん,疑問,"question,problem,doubt,guess",N3
1226960,ぎゃく,逆,"reverse,opposite",N3
1041850,キャプテン,,captain,N3
1042200,キャンプ,,camp,N3
1230380,きゅう,旧,ex-,N3
1919590,きゅう,級,"class, grade, rank,school class, grade",N3
1229880,きゅう,球,"globe,sphere,ball",N3
1227610,きゅうか,休暇,"holiday,day off,furlough",N3
1227720,きゅうけい,休憩,"rest,break,recess,intermission",N3
1228680,きゅうげき,急激,"sudden,precipitous,radical",N3
1228330,きゅうしゅう,吸収,"absorption,suction,attraction",N3
1229200,きゅうじょ,救助,"relief,aid,rescue",N3
1228890,きゅうそく,急速,rapid (e.g. progress),N3
2269050,きゅうに,急に,,N3
1230360,きゅうりょう,給料,"salary,wages",N3
1218960,きよう,器用,"skillful,handy",N3
1237020,きょうかしょ,教科書,text book,N3
1234080,きょうぎ,競技,"game,match,contest",N3
1281890,ぎょうぎ,行儀,manners,N3
1233630,きょうきゅう,供給,"supply,provision",N3
1237130,きょうし,教師,teacher (classroom),N3
1237160,きょうじゅ,教授,"teaching,instruction,professor",N3
1236470,きょうちょう,強調,"emphasis,stress,stressed point",N3
1234700,きょうつう,共通,"commonness,community",N3
1591660,きょうどう,共同,"cooperation,association,collaboration,joint",N3
1236750,きょうふ,恐怖,"be afraid,dread,dismay,terror",N3
1591720,きょうりょく,協力,"cooperation,collaboration",N3
1236600,きょうりょく,強力,"herculean strength,mountain carrier-guide",N3
1232880,きょか,許可,"permission,approval",N3
1239560,きょく,局,"court lady,lady in waiting",N3
1232180,きょだい,巨大,"huge,gigantic,enormous",N3
1257250,きらう,嫌う,"to hate,to dislike,to loathe",N3
1531110,きり,霧,"fog,mist",N3
1384840,きれ,切れ,"cloth,piece,cut,chop",N3
1384860,きれる,切れる,"(1) to cut well,to be sharp,(2) to break (off)",N3
1223440,きろく,記録,"record,minutes,document",N3
1226160,ぎろん,議論,"argument,discussion,dispute",N3
1242600,きん,金,"(1) gold,(2) gold general (shogi) (abbr)",N3
1595090,ぎん,銀,"(1) silver,silver coin,silver paint",N3
1241490,きんえん,禁煙,No Smoking!,N3
1242700,きんがく,金額,amount of money,N3
1242850,きんこ,金庫,"safe,vault,treasury,provider of funds",N3
1241550,きんし,禁止,"prohibition,ban",N3
1243020,きんせん,金銭,"money,cash",N3
1243040,きんぞく,金属,metal,N3
1242420,きんだい,近代,present day,N3
1241880,きんちょう,緊張,"tension,mental strain,nervousness",N3
1241810,きんにく,筋肉,"muscle,sinew",N3
1243290,きんゆう,金融,"monetary circulation,credit situation",N3
1243310,きんよう,金曜,(abbr) Friday,N3
1243940,く,句,sentence,N3
1592100,くう,食う,(male) (vulg) to eat,N3
1246270,ぐうぜん,偶然,"(by) chance,unexpectedly,suddenly",N3
1333150,くさい,臭い,"odour,scent,smell,stench",N3
1291730,くさり,鎖,chain,N3
1497800,くさる,腐る,"to rot,to go bad",N3
1509350,くせ,癖,"a habit (often a bad habit),peculiarity",N3
1577650,くだ,管,"pipe,tube",N3
1245020,ぐたい,具体,"concrete,tangible,material",N3
1184280,くださる,下さる,"(hon) to give,to confer",N3
1184370,くだり,下り,down-train (going away from Tokyo),N3
1244560,くつう,苦痛,"pain,agony",N3
1004060,ぐっすり,,"sound asleep,fast asleep",N3
1244250,くべつ,区別,"distinction,differentiation,classification",N3
1397450,くみ,組,"class,group,team,set",N3
1397620,くみあい,組合,"association,union",N3
1397590,くむ,組む,to put together,N3
1592340,くもり,曇,"cloudiness,cloudy weather,shadow",N3
1155400,くらい,位,"grade,rank,about",N3
1514930,くらし,暮らし,"living,livelihood,subsistence,circumstances",N3
1044020,クラシック,,classic(s),N3
1514940,くらす,暮らす,"to live,to get along",N3
1046430,グラス,,"(1) glass,(2) grass",N3
1046840,グランド,,"gland,grand,(electrical) ground",N3
1044480,クリーム,,cream,N3
1247030,くりかえす,繰り返す,"to repeat,to do something over again",N3
1044830,クリスマス,,Christmas,N3
1237510,くるう,狂う,"to go mad,to get out of order",N3
1047300,グループ,,group,N3
1244320,くるしい,苦しい,"painful,difficult",N3
1244350,くるしむ,苦しむ,"to suffer,to groan,to be worried",N3
1514950,くれ,暮れ,"year end,sunset,nightfall,end",N3
1244680,くろう,苦労,"troubles,hardships",N3
1189960,くわえる,加える,"to append,to sum up,to add (up)",N3
1351730,くわしい,詳しい,"knowing very well,detailed,full,accurate",N3
1189980,くわわる,加わる,"to join in,to accede to,to increase,to gain in (influence)",N3
1956150,くん,訓,native Japanese reading of a Chinese character,N3
1247660,ぐん,軍,"army,force,troops",N3
1248710,ぐんたい,軍隊,"army,troops",N3
1247470,くんれん,訓練,"practice,training",N3
2080200,げ,下,"under,below,beneath",N3
1252050,けい,計,plan,N3
1250720,けいい,敬意,"respect,honour",N3
1251130,けいえい,経営,"management,administration",N3
1250830,けいき,景気,"condition,state,business (condition)",N3
1249470,けいこう,傾向,"tendency,trend,inclination",N3
1252360,けいこく,警告,"warning,advice",N3
1252140,けいさん,計算,"calculation,reckoning",N3
1250620,けいじ,掲示,"notice,bulletin",N3
1249660,けいじ,刑事,"criminal case,(police) detective",N3
1253060,げいじゅつ,芸術,"(fine) art,the arts",N3
1250190,けいやく,契約,"contract,compact,agreement",N3
1251670,けいゆ,経由,"go by the way,via",N3
1047880,ケース,,case,N3
1048400,ゲーム,,game,N3
1253310,げき,劇,"drama,play",N3
1253410,げきじょう,劇場,"theatre,playhouse",N3
1577040,けしょう,化粧,make-up (cosmetic),N3
2234080,けち,,"stinginess,miser,miserliness",N3
1254690,けっか,結果,"result,consequence",N3
1253950,けっかん,欠陥,"defect,fault,deficiency",N3
1254730,けっきょく,結局,"after all,eventually",N3
1254340,けっしん,決心,"determination,resolution",N3
1254020,けっせき,欠席,"absence,non-attendance",N3
1254380,けってい,決定,"decision,determination",N3
1254050,けってん,欠点,"faults,defect,weakness",N3
1255880,げつよう,月曜,Monday,N3
1255020,けつろん,結論,conclusion,N3
1177180,けむり,煙,"smoke,fumes",N3
1256730,けん,券,"ticket,coupon,bond,certificate",N3
1258810,けん,県,prefecture,N3
2078590,けん,軒,eaves,N3
1259390,けんかい,見解,"opinion,point of view",N3
1264650,げんかい,限界,"limit,bound",N3
1263550,げんきん,現金,"cash,ready money,mercenary,self-interested",N3
1264420,げんご,言語,language,N3
1256170,けんこう,健康,"health,sound,wholesome",N3
1257890,けんさ,検査,"inspection (e.g. customs, factory),examination",N3
1263650,げんざい,現在,"present,up to now,nowadays,modern times,current",N3
1263710,げんじつ,現実,reality,N3
1263750,げんしょう,現象,phenomenon,N3
1263770,げんじょう,現状,"present condition,existing state,status quo",N3
1257420,けんせつ,建設,"construction,establishment",N3
1263810,げんだい,現代,"nowadays,modern times,present-day",N3
1257500,けんちく,建築,"construction,architecture",N3
1259930,けんとう,見当,"be found,aim,estimate,guess,approx",N3
1258000,けんとう,検討,"consideration,examination,investigation,study,scrutiny",N3
1263760,げんば,現場,"actual spot,scene,scene of the crime",N3
1257590,けんぽう,憲法,constitution,N3
1258200,けんり,権利,"right,privilege",N3
2147630,ご,後,"afterwards,since then,in the future",N3
1270910,ご,語,"language,word",N3
1558670,こい,恋,"love,tender passion",N3
1469890,こい,濃い,"thick (as of color, liquid),dense,strong",N3
1558920,こいびと,恋人,"lover,sweetheart",N3
1592930,こううん,幸運,"good luck,fortune",N3
1282240,こうえん,講演,"lecture,address",N3
1275130,こうか,効果,"effect,effectiveness,efficacy,result",N3
1280530,こうか,硬貨,coin,N3
1283300,こうか,高価,high price,N3
1285520,ごうか,豪華,"wonderful,gorgeous,splendor,pomp,extravagance",N3
1284600,ごうかく,合格,"success,passing (e.g. exam),eligibility",N3
1271750,こうかん,交換,"exchange,interchange,reciprocity",N3
1281270,こうくう,航空,"aviation,flying",N3
1272950,こうけい,光景,"scene,spectacle",N3
1284740,ごうけい,合計,"sum total,total amount",N3
1279170,こうげき,攻撃,"attack,strike,offensive,criticism,censure",N3
1282410,こうけん,貢献,"contribution,services",N3
1278510,こうこく,広告,advertisement,N3
1271990,こうさい,交際,"company,friendship,association,society,acquaintance",N3
1269720,こうしゃ,後者,the latter,N3
1578700,こうば,工場,"factory,plant,mill,workshop",N3
1279730,こうせい,構成,"organization,composition",N3
1283700,こうそく,高速,"high speed,high gear",N3
1282100,こうどう,行動,"action,conduct,behaviour,mobilization",N3
1236500,ごうとう,強盗,"robbery,burglary",N3
1278400,こうふく,幸福,"happiness,blessedness",N3
1274640,こうへい,公平,"fairness,impartial,justice",N3
1272730,こうほ,候補,candidacy,N3
1281170,こうりょ,考慮,"consideration,taking into account",N3
1593070,こえる,越える,"to exceed,to cross over,to cross",N3
1048910,コーチ,,coach,N3
1049010,コード,,"code,cord,chord",N3
1488840,こおり,氷,"ice,hail",N3
1593100,こおる,凍る,"to freeze,to be frozen over,to congeal",N3
1054230,ゴール,,goal,N3
1271310,ごかい,誤解,misunderstanding,N3
1271010,ごがく,語学,language study,N3
1266470,こきゅう,呼吸,"breath,respiration",N3
2853884,こきょう,故郷,"home town,birthplace,old village,historic village",N3
1240180,ごく,極,"quite,very",N3
1286370,こくご,国語,national language,N3
1288080,こくばん,黒板,blackboard,N3
1285790,こくふく,克服,"subjugation,conquest",N3
1287070,こくみん,国民,"national,people,citizen",N3
1287280,こくもつ,穀物,"grain,cereal,corn",N3
1288340,こし,腰,hip,N3
1264770,こじん,個人,"individual,private person,personal,private",N3
1175300,こす,越す,to go over (e.g. with audience),N3
1286170,こっか,国家,"state,country,nation",N3
1286240,こっかい,国会,"National Diet,parliament,congress",N3
1286320,こっきょう,国境,national or state border,N3
1288640,こっせつ,骨折,bone fracture,N3
1593290,こづつみ,小包,"parcel,package",N3
1313580,こと,事,"thing,matter,fact,circumstances",N3
1157510,ことなる,異なる,"to differ,to vary,to disagree",N3
1264600,ことわざ,諺,"proverb,maxim",N3
1419570,ことわる,断る,"to refuse,to decline,to dismiss",N3
1504770,こな,粉,"flour,meal,powder",N3
1277500,このみ,好み,"liking,taste,choice",N3
1277520,このむ,好む,"to like,to prefer",N3
1348630,こむぎ,小麦,wheat,N3
1270680,ごめんなさい,,"I beg your pardon,excuse me",N3
1347830,こや,小屋,"hut,cabin,shed,(animal) pen",N3
1004830,これら,,these,N3
1579080,ころ,頃,"time,about,toward,approximately (time)",N3
1299030,ころす,殺す,to kill,N3
1582130,ころぶ,転ぶ,"to fall down,to fall over",N3
1289070,こんかい,今回,"now,this time,lately",N3
1289140,こんご,今後,"from now on,hereafter",N3
1290390,こんざつ,混雑,"confusion,congestion",N3
1004890,こんなに,,"so,like this,in this way",N3
1289620,こんなん,困難,"difficulty,distress",N3
1579110,こんにち,今日,"today,this day",N3
1289400,こんにちは,,"hello,good day (daytime greeting, id)",N3
1289710,こんやく,婚約,"engagement,betrothal",N3
1290560,こんらん,混乱,"disorder,chaos,confusion,mayhem",N3
1291070,さ,差,"difference,variation",N3
1055000,サービス,,"(1) service,support system,(2) goods or services without charge",N3
1296300,さい,際,"on the occasion of,circumstances",N3
1293850,さいこう,最高,"highest,supreme,the most",N3
1296820,ざいさん,財産,"property,fortune,assets",N3
1293940,さいしゅう,最終,"last,final,closing",N3
1579210,さいちゅう,最中,in the middle of,N3
1294220,さいてい,最低,"least,lowest,worst",N3
1294630,さいのう,才能,"talent,ability",N3
1296120,さいばん,裁判,"trial,judgement",N3
1296670,ざいりょう,材料,"ingredients,material",N3
1278380,さいわい,幸い,"happiness,blessedness",N3
1056230,サイン,,"(1) autograph,(2) sign,(3) sine",N3
1235950,さかい,境,"border,boundary,mental state",N3
1226990,さからう,逆らう,"to go against,to oppose,to disobey,to defy",N3
1379640,さかり,盛り,"helping,serving",N3
1297540,さぎょう,作業,"work,operation,manufacturing,fatigue duty",N3
1298200,さく,昨,"last (year),yesterday",N3
1297910,さくひん,作品,"work,opus,performance,production",N3
1297950,さくもつ,作物,"produce (e.g. agricultural),crops",N3
1593710,さくら,桜,"cherry blossom,cherry tree",N3
1329010,さけ,酒,"alcohol,sake",N3
1235910,さけぶ,叫ぶ,"to shout,to cry",N3
1583260,さける,避ける,"(1) to avoid (physical contact ),(2) to ward off,to avert",N3
1310090,ささえる,支える,"to be blocked,to choke,to be obstructed",N3
1309670,さす,指す,"to point,to put up umbrella,to play",N3
1291880,ざせき,座席,seat,N3
1541900,さそう,誘う,"(1) to invite,to ask,(2) to tempt,to lure,to induce",N3
1298960,さつ,札,"(1) token,label,(2) ticket,(3) charm",N3
1297510,さっか,作家,"author,writer,novelist,artist",N3
1297650,さっきょく,作曲,"composition,setting (of music)",N3
1005390,ざっと,,"roughly,in round numbers",N3
1005210,さっぱり,,"feeling refreshed,feeling relieved,neat,trimmed",N3
1585460,さて,,"well,now,then",N3
1593800,さばく,砂漠,desert,N3
1291410,さべつ,差別,"discrimination,distinction,differentiation",N3
1297980,さほう,作法,"manners,etiquette,propriety",N3
1593830,さまざま,様々,"varied,various",N3
1206060,さます,覚ます,to awaken,N3
1206070,さめる,覚める,"to wake,to wake up",N3
1290810,さゆう,左右,"(1) left and right,(2) influence,control,domination",N3
1299680,さら,皿,"plate,dish",N3
1279310,さらに,更に,"furthermore,again,after all,more and more,moreover",N3
1231650,さる,去る,"to leave,to go away",N3
1177390,さる,猿,monkey,N3
1403020,さわぎ,騒ぎ,"uproar,disturbance",N3
1302090,さんか,参加,participation,N3
1302280,さんこう,参考,"reference,consultation",N3
1304200,さんせい,賛成,"approval,agreement,support,favour",N3
1304350,さんそ,酸素,oxygen,N3
2101130,し,氏,"family name,lineage,birth",N3
1929950,し,詩,"poem,verse of poetry",N3
1594060,しあわせ,幸せ,"happiness,good fortune,luck,blessing",N3
1064120,ジーンズ,,jeans,N3
1064250,ジェットき,ジェット機,jet aeroplane,N3
1430690,じかに,直に,"immediately,readily,directly",N3
1506050,しかも,,"moreover,furthermore,nevertheless,and yet",N3
1319580,しかる,叱る,to scold,N3
1319060,しき,式,"equation,formula,ceremony",N3
1581790,じき,直,"earnestly,immediately,exactly",N3
1316040,じき,時期,"time,season,period",N3
1310130,しきゅう,支給,"payment,allowance",N3
1005480,しきりに,,"frequently,repeatedly,incessantly,eagerly",N3
1594190,しげき,刺激,"stimulus,impetus,incentive",N3
1312720,しげん,資源,resources,N3
1313830,じけん,事件,"event,affair,incident",N3
1316220,じこく,時刻,"instant,time,moment",N3
1317770,じさつ,自殺,suicide,N3
1313960,じじつ,事実,"fact,truth,reality",N3
1310180,ししゅつ,支出,"expenditure,expenses",N3
1314010,じじょう,事情,"circumstances,consideration,conditions,situation,reasons",N3
1312220,しじん,詩人,poet,N3
1318000,じしん,自身,"by oneself,personally",N3
1431670,しずむ,沈む,"to sink,to feel depressed",N3
1318090,しぜん,自然,"nature,spontaneous",N3
1309560,しそう,思想,"thought,idea",N3
1387010,した,舌,tongue,N3
1316680,しだい,次第,"(1) order,precedence,(2) circumstances,(3) immediate(ly)",N3
1595240,じたい,事態,"situation,present state of affairs",N3
1335210,したがう,従う,"to abide (by the rules),to obey,to follow,to accompany",N3
1335230,したがって,従って,"therefore,consequently,in accordance with",N3
1365050,したしい,親しい,"intimate,close (e.g. friend)",N3
1320640,しつ,質,"quality,nature (of person)",N3
1319860,しつぎょう,失業,unemployment,N3
1320970,じっけん,実験,experiment,N3
1321020,じつげん,実現,"implementation,materialization,realization",N3
1321040,じっこう,実行,"practice,performance,execution (e.g. program),realization",N3
1321110,じっさい,実際,"practical,actual condition,status quo",N3
1321140,じっし,実施,"enforcement,enact,put into practice,carry out,operation",N3
1005870,じっと,,"fixedly,firmly,patiently,quietly",N3
2820720,じつに,実に,"indeed,truly,surely",N3
1320830,じつは,実は,"as a matter of fact,by the way",N3
1320170,しつぼう,失望,"disappointment,despair",N3
1310230,してん,支店,branch store (office),N3
1309950,しどう,指導,"leadership,guidance,coaching",N3
1318340,じどう,自動,"automatic,self-motion",N3
1583470,しな,品,"thing,article,goods,dignity,article (goods),counter for meal courses",N3
1310270,しはい,支配,"rule,control,direction",N3
1321630,しばい,芝居,"play,drama",N3
2179090,しばしば,,"often,again and again,frequently",N3
1321650,しばふ,芝生,lawn,N3
1594480,しはらい,支払,payment,N3
1310300,しはらう,支払う,to pay,N3
1310950,しぼう,死亡,"death,mortality",N3
1312780,しほん,資本,"funds,capital",N3
1594530,しまい,仕舞い,sisters,N3
1579490,しまい,姉妹,sisters,N3
1305380,しまう,仕舞う,"to finish,to close,to do something completely",N3
1005600,しまった,仕舞った,Damn it!,N3
1318680,じまん,自慢,"pride,boast",N3
1314270,じむ,事務,"business,office work",N3
1317110,しめす,示す,"to denote,to show,to point out,to indicate",N3
1389460,しめる,占める,"(1) to comprise,to account for,to make up (of),(2) to hold,to occupy",N3
2080210,しも,下,"under,below,beneath",N3
1402930,しも,霜,frost,N3
1323940,しゃっきん,借金,"debt,loan,liabilities",N3
1427510,しゃべる,,"to talk,to chat,to chatter",N3
1323500,じゃま,邪魔,"hindrance,intrusion",N3
1333450,しゅう,週,week,N3
1331840,しゅう,州,sandbank,N3
1337000,じゅう,銃,gun,N3
1331030,しゅうい,周囲,"surroundings,circumference,environs",N3
1330510,しゅうかく,収穫,"harvest,crop,ingathering",N3
1333500,しゅうかん,週間,"week,weekly",N3
1331400,しゅうきょう,宗教,religion,N3
1336260,じゅうし,重視,"importance,stress,serious consideration",N3
1331670,しゅうしょく,就職,"finding employment,inauguration",N3
1065950,ジュース,,"juice,soft drink,deuce",N3
1332130,しゅうせい,修正,"amendment,correction,revision,modification",N3
1335570,じゅうたい,渋滞,"congestion (e.g. traffic),delay,stagnation",N3
1336500,じゅうだい,重大,"serious,important,grave,weighty",N3
1334150,じゅうたく,住宅,"resident,housing",N3
1333730,しゅうだん,集団,"group,mass",N3
1333750,しゅうちゅう,集中,"concentration,focusing the mind",N3
1330790,しゅうにゅう,収入,"income,receipts,revenue",N3
1334210,じゅうみん,住民,"citizens,inhabitants,residents,population",N3
1336820,じゅうよう,重要,"important,momentous,essential,principal,major",N3
1332400,しゅうり,修理,"repairing,mending",N3
1325260,しゅぎ,主義,"doctrine,rule,principle",N3
1337300,しゅくはく,宿泊,lodging,N3
1327790,しゅじゅつ,手術,surgical operation,N3
1329300,しゅしょう,首相,Prime Minister,N3
1328110,しゅだん,手段,"means,way,measure",N3
1325910,しゅちょう,主張,"claim,request,insistence,assertion",N3
1339260,しゅっしん,出身,"graduate from,come from",N3
1340030,しゅっぱん,出版,publication,N3
1329340,しゅと,首都,capital city,N3
1326160,しゅふ,主婦,"housewife,mistress",N3
1326320,しゅよう,主要,"chief,main,principal,major",N3
1330450,じゅよう,需要,"demand,request",N3
1328890,しゅるい,種類,"variety,kind,type",N3
1342220,じゅん,順,"order,turn",N3
1341210,しゅんかん,瞬間,"moment,second,instant",N3
1342380,じゅんちょう,順調,"favourable,doing well,O.K.,all right",N3
1342390,じゅんばん,順番,"turn (in line),order of things",N3
1306200,しよう,使用,"use,application,employment,utilization",N3
2083540,しょう,小,,N3
1351270,しょう,章,"(1) chapter,section,(2) medal",N3
1351910,しょう,賞,"prize,award",N3
1352170,じょう,上,"(1) first volume,(2) superior quality,(3) governmental",N3
1352060,しょうがい,障害,"obstacle,impediment (fault),damage",N3
1347530,しょうがくきん,奨学金,scholarship,N3
1580490,じょうきゃく,乗客,passenger,N3
1352980,じょうきょう,上京,proceeding to the capital (Tokyo),N3
1356700,じょうきょう,状況,"state of affairs,situation,circumstances",N3
1356510,じょうけん,条件,"conditions,terms",N3
1377080,しょうご,正午,"noon,mid-day",N3
1377590,しょうじき,正直,"honesty,integrity,frankness",N3
1356000,じょうしき,常識,common sense,N3
1580290,しょうじょ,少女,"daughter,young lady,virgin,maiden,little girl",N3
1594930,しょうしょう,少々,"just a minute,small quantity",N3
1351030,しょうじょう,症状,"symptoms,condition",N3
1378650,しょうじる,生じる,"to produce,to yield,to result from,to arise,to be generated",N3
1356730,じょうたい,状態,"condition,situation,circumstances,state",N3
1353850,じょうたつ,上達,"improvement,advance,progress",N3
1355540,じょうだん,冗談,"jest,joke",N3
1354030,じょうとう,上等,"superiority,first class,very good",N3
1351560,しょうとつ,衝突,"collision,conflict",N3
1580270,しょうにん,商人,"trader,shopkeeper,merchant",N3
1349520,しょうにん,承認,"recognition,acknowledgement,approval,consent,agreement",N3
1349170,しょうねん,少年,"boys,juveniles",N3
1347200,しょうばい,商売,"trade,business,commerce,transaction,occupation",N3
1350290,しょうひ,消費,"consumption,expenditure",N3
1347310,しょうひん,商品,"commodity,article of commerce,goods,stock,merchandise",N3
1350340,しょうぼう,消防,"fire fighting,fire department",N3
1356370,じょうほう,情報,"information,(military) intelligence",N3
1351680,しょうめい,証明,"proof,verification",N3
1345020,じょおう,女王,queen,N3
1357480,しょく,職,employment,N3
1357510,しょくぎょう,職業,"occupation,business",N3
1358530,しょくたく,食卓,dining table,N3
1358600,しょくひん,食品,"commodity,foodstuff",N3
1357300,しょくぶつ,植物,"plant,vegetation",N3
1358620,しょくもつ,食物,"food,foodstuff",N3
1358660,しょくよく,食欲,appetite (for food),N3
1358670,しょくりょう,食料,food,N3
1358690,しょくりょう,食糧,"provisions,rations",N3
1344030,しょさい,書斎,study,N3
1345140,じょし,女子,"woman,girl",N3
1344650,じょしゅ,助手,"helper,helpmeet,assistant,tutor",N3
1595480,じょじょに,徐々に,"slowly,little by little,gradually,steadily,quietly",N3
1343640,しょめい,署名,signature,N3
1344150,しょもつ,書物,books,N3
1345430,じょゆう,女優,actress,N3
1342510,しょり,処理,"processing,dealing with,treatment,disposition,disposal",N3
1344200,しょるい,書類,"documents,official papers",N3
1420400,しらせ,知らせ,notice,N3
1358760,しり,尻,"buttocks,bottom",N3
1168060,しるし,印,"(1) mark,(2) symbol,(3) evidence",N3
1355710,しろ,城,castle,N3
1366010,しんがく,進学,going on to university,N3
1364520,しんけい,神経,"nerve,sensitivity",N3
1363650,しんけん,真剣,"seriousness,earnestness",N3
1359150,しんこう,信仰,"(religious) faith,belief,creed",N3
1359240,しんごう,信号,"traffic lights,signal,semaphore",N3
1367380,じんこう,人工,"artificial,manmade,human work,human skill,artificiality",N3
1362730,しんこく,深刻,serious,N3
1365460,しんさつ,診察,medical examination,N3
1368020,じんしゅ,人種,race (of people),N3
1359040,しんじる,信じる,"to believe,to place trust in",N3
1368370,じんせい,人生,(human) life (i.e. conception to death),N3
1365230,しんせき,親戚,relative,N3
1362100,しんせん,新鮮,fresh,N3
1360770,しんぞう,心臓,heart,N3
2830705,しんたい,身体,the body,N3
1365770,しんちょう,身長,"height (of body),stature",N3
1361110,しんちょう,慎重,"discretion,prudence",N3
1360410,しんぱん,審判,"refereeing,trial,judgement,umpire,referee",N3
1369070,じんぶつ,人物,"character,personality,person,man,personage,talented man",N3
1366190,しんぽ,進歩,"progress,development",N3
1365410,しんゆう,親友,"close friend,buddy",N3
1359620,しんよう,信用,"confidence,dependence,credit,faith",N3
1359730,しんらい,信頼,"reliance,trust,confidence",N3
1361000,しんり,心理,mentality,N3
1369530,じんるい,人類,"mankind,humanity",N3
1400390,す,巣,"nest,rookery,breeding place,beehive,cobweb",N3
1370320,ず,図,"figure (e.g. Fig 1),drawing,picture,illustration",N3
1371610,すいじゅん,水準,"(1) water level,(2) level,standard",N3
1371170,すいせん,推薦,recommendation,N3
1067210,スイッチ,,switch,N3
1372800,ずいぶん,随分,extremely,N3
1372370,すいみん,睡眠,sleep,N3
1580825,すう,数,"number,figure",N3
1373060,すうじ,数字,"numeral,figure",N3
1067040,スープ,,(Western) soup,N3
1525250,すえ,末,"the end of,powder",N3
1307710,すがた,姿,"figure,shape,appearance",N3
1067770,スキー,,skiing,N3
1229060,すくう,救う,"to rescue from,to help out of",N3
1539080,すぐれる,優れる,"to surpass,to outstrip,to excel",N3
1068770,スケート,,"skate(s),skating",N3
1374550,すごい,,"terrible,dreadful,terrific,amazing,great",N3
1348900,すこしも,少しも,"anything of,not one bit",N3
1196000,すごす,過ごす,"to pass,to spend,to go through,to tide over",N3
1241750,すじ,筋,"muscle,string,line",N3
1365990,すすめる,進める,"to advance,to promote,to hasten",N3
1595680,すすめる,勧める,"to recommend,to advise,to encourage,to offer (wine)",N3
1069210,スター,,star,N3
1069520,スタイル,,style,N3
1069930,スタンド,,stand,N3
1450890,ずつう,頭痛,headache,N3
1006380,ずっと,,"consecutively,throughout,a lot",N3
1397350,すてき,,"lovely,dreamy,beautiful,great",N3
1220310,すでに,既に,"already,too late",N3
1404100,すなわち,,"that is,namely,i.e.",N3
1397300,すばらしい,素晴らしい,"wonderful,splendid,magnificent",N3
1072260,スピーチ,,speech,N3
1595730,すべて,全て,"all,the whole,entirely,in general,wholly",N3
1295040,すませる,済ませる,to be finished,N3
1246440,すみ,角,horn,N3
1295060,すみません,,"sorry,excuse me",N3
1174890,するどい,鋭い,"pointed,sharp",N3
1472650,せい,背,"height,stature",N3
1376590,せい,正,"(logical) true,regular",N3
2088240,せい,生,"(1) draft (beer),(2) raw,unprocessed",N3
1375260,せい,性,"sex,gender",N3
1610040,せい,所為,"cause,reason,fault",N3
2081570,ぜい,税,,N3
1375290,せいかく,性格,"character,personality",N3
1376760,せいかく,正確,"accurate,punctuality,exactness,authenticity,veracity",N3
1373990,せいき,世紀,"century,era",N3
1381320,せいきゅう,請求,"claim,demand,application,request",N3
1382100,ぜいきん,税金,"tax,duty",N3
1378200,せいけつ,清潔,clean,N3
1374700,せいげん,制限,"restriction,restraint,limitation",N3
1375690,せいこう,成功,"success,hit",N3
1377290,せいしき,正式,"due form,official,formality",N3
1379950,せいしん,精神,"mind,soul,heart,spirit,intention",N3
1375740,せいじん,成人,adult,N3
1596050,せいぜい,精々,"at the most,at best,to the utmost,as much (far) as possible",N3
1375760,せいせき,成績,"results,record",N3
1380690,せいぞう,製造,"manufacture,production",N3
1573150,ぜいたく,贅沢,"luxury,extravagance",N3
1375790,せいちょう,成長,"growth,grow to adulthood",N3
1374880,せいど,制度,"system,institution,organization",N3
1381750,せいねん,青年,"youth,young man",N3
1380760,せいひん,製品,"manufactured goods,finished goods",N3
1376070,せいふ,政府,"government,administration",N3
1379430,せいぶつ,生物,raw food,N3
1379530,せいめい,生命,"life,existence",N3
1376250,せいり,整理,"sorting,arrangement,adjustment,regulation",N3
1204300,せき,咳,cough,N3
1382700,せきたん,石炭,coal,N3
1383180,せきにん,責任,"duty,responsibility",N3
1382830,せきゆ,石油,"oil,petroleum,kerosene",N3
1373970,せけん,世間,"world,society",N3
1386370,せつ,説,theory,N3
1383030,せっきょくてき,積極的,"positive,active,proactive",N3
1386020,せっけい,設計,"plan,design",N3
1386840,ぜったい,絶対,"absolute,unconditional,absoluteness",N3
1074600,セット,,set,N3
1386070,せつび,設備,"equipment,device,facilities,installation",N3
1386990,ぜつめつ,絶滅,"destruction,extinction",N3
1386350,せつやく,節約,"economising,saving",N3
1374530,ぜひ,是非,"certainly,without fail",N3
1383160,せめる,責める,"to condemn,to blame,to criticize",N3
1394250,ぜん,善,"good,goodness,right,virtue",N3
1394770,ぜん,全,"all,whole,entire,complete,overall,pan",N3
1394840,ぜんいん,全員,"all members (unanimity),all hands,the whole crew",N3
1389780,せんこう,専攻,"major subject,special study",N3
1581180,ぜんこく,全国,"country-wide,nation-wide,whole country,national",N3
1388300,せんじつ,先日,"the other day,a few days ago",N3
1393090,ぜんしゃ,前者,the former,N3
1392250,せんしゅ,選手,"(1) player (in game),(2) team",N3
1393350,ぜんしん,前進,"advance,drive,progress",N3
1075040,センター,,a center,N3
1395660,ぜんたい,全体,"whole,entirety,whatever (is the matter)",N3
1392290,せんたく,選択,"selection,choice",N3
2137720,そう,然う,so,N3
1351830,ぞう,象,elephant,N3
1403060,そうおん,騒音,noise,N3
1403160,ぞうか,増加,"increase,addition",N3
1400050,そうさ,操作,"operation,management,processing",N3
1399610,そうぞう,想像,"imagination,guess",N3
1401090,そうぞく,相続,"succession,inheritance",N3
1402360,そうち,装置,"equipment,installation,apparatus",N3
1401240,そうとう,相当,"suitable,fair,tolerable,proper",N3
1405050,そくど,速度,"speed,velocity,rate",N3
1436050,そこ,底,"bottom,sole",N3
1406090,そこで,,"so (conj),accordingly,now,then,thereupon",N3
1397630,そしき,組織,"(1) organization,(2) structure,construction,(3) tissue,(4) system",N3
1581730,そそぐ,注ぐ,"to pour (into),to irrigate,to pay,to fill,to feed (e.g. a fire)",N3
1160540,そだつ,育つ,"to raise (child),to be brought up,to grow (up)",N3
1006790,そっくり,,"all,altogether,entirely,be just like,the splitting image of",N3
1006810,そっと,,face of the earth,N3
1406000,そで,袖,sleeve,N3
1244960,そなえる,備える,"to furnish,to provide for,to equip,to install",N3
1006930,そのうち,,"eventually,sooner or later,of the previously mentioned",N3
1406030,そのまま,,"without change,as it is (i.e. now)",N3
1075480,ソファー,,"sofa,couch",N3
1397100,そまつ,粗末,"crude,rough,plain,humble",N3
1596690,それぞれ,,"each,every,either,respectively,severally",N3
1406060,それでも,,"but (still),and yet,nevertheless,even so,notwithstanding",N3
2396190,それと,,,N3
1007010,それとも,,"or,or else",N3
1406660,そん,損,"loss,disadvantage",N3
1406710,そんがい,損害,"damage,injury,loss",N3
1406400,そんけい,尊敬,"respect,esteem,reverence,honour",N3
1406150,そんざい,存在,"existence,being",N3
1406460,そんちょう,尊重,"respect,esteem,regard",N3
1442730,た,田,rice field,N3
1949190,た,他,other (esp. places and things),N3
1409800,たい,対,"pair,couple,set",N3
2082450,だい,大,,N3
1412560,だい,台,"stand,rack,table,support",N3
1415470,だい,題,"title,subject,theme,topic",N3
1409200,たいいく,体育,"physical education,gymnastics,athletics",N3
1409250,たいおん,体温,temperature (body),N3
1413180,たいかい,大会,"convention,tournament,mass meeting,rally",N3
1413330,たいき,大気,atmosphere,N3
1411790,だいきん,代金,"price,payment,cost,charge",N3
1596750,たいくつ,退屈,"tedium,boredom",N3
1410930,たいざい,滞在,"stay,sojourn",N3
1413880,たいし,大使,ambassador,N3
1412960,たいした,大した,"considerable,great,important,significant,a big deal",N3
1410120,たいしょう,対象,"target,object (of worship, study, etc),subject (of taxation, etc)",N3
1414160,だいじん,大臣,cabinet minister,N3
1610160,たいする,対する,"to face,to confront,to oppose",N3
1414360,たいせん,大戦,"great war,great battle",N3
1410780,たいど,態度,"attitude,manner",N3
1414650,だいとうりょう,大統領,"president,chief executive",N3
1414790,たいはん,大半,"majority,mostly,generally",N3
1412170,だいひょう,代表,"representative,representation,delegation,type,example,model",N3
1414850,だいぶぶん,大部分,"most part,greater part,majority",N3
1075960,タイプライター,,typewriter,N3
1411470,たいほ,逮捕,"arrest,apprehension,capture",N3
1076860,ダイヤ,,"(1) dyer,(2) diagram,(3) (railway) schedule,(4) diamond",N3
1408370,たいよう,太陽,"sun,solar",N3
1506930,たいら,平ら,"flatness,level,smooth,calm,plain",N3
1412400,だいり,代理,"representation,agency,proxy,deputy,agent",N3
1415150,たいりく,大陸,continent,N3
1445770,たおす,倒す,"to throw down,to beat,to bring down,to blow down",N3
1076170,タオル,,(hand) towel,N3
2055530,だが,,,N3
1268770,たがい,互い,"mutual,reciprocal",N3
1516160,たから,宝,treasure,N3
1415750,たく,宅,"house,home,husband",N3
1007370,だけど,,however,N3
1205780,たしかめる,確かめる,to ascertain,N3
1407810,たしょう,多少,"more or less,somewhat,a little,some",N3
1344410,たすける,助ける,"to help,to save,to rescue",N3
1538900,ただ,只,"free of charge,mere,only",N3
1538900,ただ,唯,"free of charge,mere,sole,only,usual,common",N3
1596950,たたかい,戦い,"battle,fight,struggle,conflict",N3
1596960,たたかう,戦う,"to fight,to battle,to combat",N3
1416170,たたく,叩く,"to strike,to clap,to dust,to beat",N3
1430670,ただちに,直ちに,"at once,immediately,directly,in person",N3
1551370,たちあがる,立ち上がる,to stand up,N3
1551710,たちば,立場,"standpoint,position,situation",N3
1251100,たつ,経つ,"to pass,to lapse",N3
1416230,たっする,達する,"to reach,to get to",N3
1007230,たった,,"free of charge,mere,sole,only,usual,common",N3
2643970,だって,,"but,because,even,also,too",N3
1007240,たっぷり,,"full,in plenty,ample",N3
1597120,たとえ,例え,"simile,metaphor,allegory",N3
1581590,たに,谷,valley,N3
1581400,たにん,他人,"another person,unrelated person,outsider,stranger",N3
1328820,たね,種,"(1) seed,(2) material,(3) cause,source",N3
1404450,たば,束,"handbreadth,bundle",N3
1445150,たび,度,counter for occurrences,N3
1553120,たび,旅,"travel,trip,journey",N3
1597160,たびたび,,"often,repeatedly,frequently",N3
1240530,たま,玉,"ball,sphere,coin",N3
1240530,たま,球,"globe,sphere,ball",N3
1240530,たま,弾,"bullet,shot,shell",N3
2068840,たま,偶,"even number,couple,man and wife,friend",N3
1597180,たまたま,偶々,"casually,unexpectedly,accidentally,by chance",N3
1211340,たまらない,,"intolerable,unbearable,unendurable",N3
1534930,だまる,黙る,to be silent,N3
1409110,だめ,駄目,"useless,no good,hopeless",N3
1312250,ためし,試し,"trial,test",N3
1312260,ためす,試す,"to attempt,to test",N3
1512410,たより,便り,"news,tidings,information,correspondence,letter",N3
1597200,たよる,頼る,"to rely on,to have recourse to,to depend on",N3
1633690,だん,段,"step,stair,flight of steps,grade,rank,level",N3
1417040,たんい,単位,"unit,denomination,credit (in school)",N3
1417330,たんご,単語,"word,vocabulary,(usually) single-character word",N3
1420070,だんし,男子,"youth,young man",N3
1417550,たんじゅん,単純,simplicity,N3
1419080,たんじょう,誕生,birth,N3
1077250,ダンス,,dance,N3
1419270,だんたい,団体,"organization,association",N3
1418160,たんとう,担当,(in) charge,N3
1417020,たんなる,単なる,"mere,simple,sheer",N3
1417030,たんに,単に,"simply,merely,only,solely",N3
1420730,ち,地,earth,N3
1420780,ちい,地位,"(social) position,status",N3
1420800,ちいき,地域,"area,region",N3
1077330,チーズ,,cheese,N3
1077360,チーム,,team,N3
1420530,ちえ,知恵,"wisdom,wit,sagacity,sense,intelligence,advice",N3
1420840,ちか,地下,"basement,underground",N3
1158870,ちがい,違い,"difference,discrepancy",N3
1610740,ちがいない,違いない,"(phrase) sure,no mistaking it,for certain",N3
1242300,ちかごろ,近頃,"lately,recently,nowadays",N3
1420970,ちきゅう,地球,the earth,N3
1421020,ちく,地区,"district,section,sector",N3
1422050,ちこく,遅刻,"lateness,late coming",N3
1420580,ちじ,知事,prefectural governor,N3
1420590,ちしき,知識,"knowledge,information",N3
1497680,ちちおや,父親,father,N3
1420680,ちのう,知能,"intelligence,brains",N3
1421440,ちへいせん,地平線,horizon,N3
1421450,ちほう,地方,"area,locality,district,region,the coast",N3
1422570,ちゃ,茶,tea,N3
1078040,チャンス,,"chance,opportunity",N3
1007720,ちゃんと,,"perfectly,properly,exactly",N3
1620400,ちゅう,中,"inside,middle,among",N3
1426520,ちゅう,注,"annotation,explanatory note",N3
1423430,ちゅうおう,中央,"centre,central,center,middle",N3
1423640,ちゅうがく,中学,"middle school,junior high school",N3
1424150,ちゅうこ,中古,"(1) used,second-hand,old",N3
1424410,ちゅうし,中止,"suspension,stoppage,discontinuance,interruption",N3
1426910,ちゅうしゃ,駐車,parking (e.g. car),N3
1602330,ちゅうしょく,昼食,"lunch,midday meal",N3
1424550,ちゅうしん,中心,"center,core,heart,pivot,emphasis,balance",N3
1426670,ちゅうもく,注目,"notice,attention,observation",N3
1426650,ちゅうもん,注文,"order,request",N3
1429850,ちょうき,長期,long time period,N3
1429120,ちょうさ,調査,"investigation,examination,inquiry,survey",N3
1429170,ちょうし,調子,"tune,tone,key",N3
1430220,ちょうじょう,頂上,"top,summit,peak",N3
1430230,ちょうだい,頂戴,"(1) please do for me (preceded by -te),(2) reception,being given,get",N3
1427170,ちょきん,貯金,(bank) savings,N3
1431110,ちょくせつ,直接,"direct,immediate,personal,firsthand",N3
1427110,ちょしゃ,著者,"author,writer",N3
1372630,ついに,遂に,"finally,at last",N3
1433070,つうか,通過,"passage through,passing",N3
1433090,つうがく,通学,commuting to school,N3
1433180,つうこう,通行,"passage,passing",N3
1432880,つうじる,通じる,"to run to,to lead to,to communicate,to understand",N3
1433330,つうしん,通信,"correspondence,communication,news,signal",N3
1514110,つかまる,捕まる,"to be caught,to be arrested",N3
1433650,つかむ,掴む,"to seize,to catch,to grasp",N3
1483730,つかれ,疲れ,"tiredness,fatigue",N3
1495640,つきあい,付き合い,"association,socializing,fellowship",N3
1597850,つぎつぎ,次々,"in succession,one by one",N3
1331530,つく,就く,"to settle in (place),to take (seat, position),to study (under teacher)",N3
2145240,つぐ,注ぐ,"to pour (into),to irrigate,to pay",N3
1445270,つち,土,"earth,soil",N3
1894690,つづき,続き,"sequel,continuation",N3
1515340,つつみ,包み,"bundle,package,parcel,bale",N3
1240810,つとめ,勤め,"(1) service,duty,business,responsibility,task,(2) Buddhist religious services",N3
1240810,つとめ,務め,"(1) service,duty,(2) Buddhist religious services",N3
1251900,つなぐ,繋ぐ,"to tie,to fasten,to connect,to transfer (phone call)",N3
1355970,つねに,常に,"always,constantly",N3
1547530,つばさ,翼,wings,N3
1610430,つまり,,"in short,in brief,in other words",N3
1296680,つみ,罪,"crime,fault,indiscretion",N3
1226510,つめる,詰める,"to pack,to shorten,to work out (details)",N3
1382990,つもる,積もる,to pile up,N3
1582960,つゆ,梅雨,"rainy season,rain during the rainy season",N3
1365860,つらい,辛い,"painful,heart-breaking",N3
1434040,つり,釣,,N3
1559260,つれ,連れ,"companion,company",N3
1896380,で,出,"outflow,coming (going) out,graduate (of)",N3
1338400,であい,出会い,"meeting,rendezvous,encounter",N3
1598530,であう,出会う,"to meet by chance,to come across,to happen to encounter",N3
1436320,ていあん,提案,"proposal,proposition,suggestion",N3
1435490,ていき,定期,fixed term,N3
1436260,ていこう,抵抗,"electrical resistance,resistance,opposition",N3
1436410,ていしゅつ,提出,"presentation,submission,filing",N3
1436540,ていど,程度,"degree,amount,grade,standard,of the order of (following a number)",N3
1435080,ていりゅうじょ,停留所,bus or tram stop,N3
1081430,デート,,"date,go on a date",N3
1582000,てき,敵,"enemy,rival",N3
1340570,できごと,出来事,"incident,affair,happening,event",N3
1437340,てきする,適する,"to fit,to suit",N3
1437430,てきせつ,適切,"pertinent,appropriate,adequate,relevance",N3
1437440,てきど,適度,moderate,N3
1437500,てきよう,適用,applying,N3
1340460,できるだけ,出来るだけ,if at all possible,N3
2825960,できれば,,,N3
1328310,てじな,手品,"sleight of hand,conjuring trick,magic,juggling",N3
1008430,ですから,,therefore,N3
1437780,てつ,鉄,iron,N3
1437610,てつがく,哲学,philosophy,N3
1328170,てつだい,手伝い,"help,helper,assistant",N3
1437670,てってい,徹底,"thoroughness,completeness",N3
1437960,てつどう,鉄道,railroad,N3
1437700,てつや,徹夜,"all night,all night vigil,sleepless night",N3
1327410,てま,手間,"time,labour",N3
1084000,デモ,,"(abbr) demo,demonstration",N3
1438080,てんけい,典型,"type,pattern,archetypal",N3
1438970,てんこう,天候,weather,N3
1443320,でんし,電子,electron,N3
1081040,テント,,tent,N3
1442260,でんとう,伝統,"tradition,convention",N3
1439580,てんねん,天然,"nature,spontaneity",N3
1445160,ど,度,counter for occurrences,N3
1535930,とい,問い,"question,query",N3
1445980,とう,党,party (political),N3
1446740,とう,塔,"tower,pagoda",N3
2252690,ド,,"child,servant,foolishness",N3
1449550,とうあん,答案,"examination paper,examination script",N3
1451900,どういつ,同一,"identity,sameness,similarity",N3
1632200,どうか,,copper coin,N3
1449090,とうじ,当時,"at that time,in those days",N3
1451380,どうし,動詞,verb,N3
1452500,どうじ,同時,"simultaneous(ly),concurrent,same time,synchronous",N3
1466950,どうしても,,"by all means,at any cost,no matter what",N3
1449870,とうちゃく,到着,arrival,N3
1454240,どうとく,道徳,morals,N3
1447320,とうひょう,投票,"voting,poll",N3
1453550,どうよう,同様,"identical,equal to,same (kind),like",N3
1453580,どうりょう,同僚,"coworker,colleague,associate",N3
1454290,どうろ,道路,"road,highway",N3
1432900,とおす,通す,"to let pass,to overlook,to continue",N3
1432920,とおり,通り,"in accordance with ~,following ~,~ Street,~ Avenue",N3
1432980,とおりすぎる,通り過ぎる,"to pass,to pass through",N3
1444970,とかい,都会,city,N3
1315840,とき,時,"(1) time,hour,(2) occasion,moment",N3
1198890,とく,解く,to unfasten,N3
1455500,どく,毒,"poison,toxicant",N3
1454510,とくい,得意,"pride,triumph,prosperity",N3
1456420,どくしょ,読書,reading,N3
1455850,どくしん,独身,"bachelorhood,single,unmarried,celibate",N3
1455170,とくちょう,特徴,"feature,characteristic",N3
1456010,どくとく,独特,"peculiarity,uniqueness,characteristic",N3
1456040,どくりつ,独立,"independence (e.g. Ind. Day),self-support",N3
1198910,とける,解ける,"to come untied,to come apart",N3
1189000,どこか,,"somewhere,anywhere",N3
1008570,ところが,,"however,while,even if",N3
1343110,ところで,,"by the way,even if,no matter what",N3
1444780,とざん,登山,mountain-climbing,N3
1444990,とし,都市,"town,city,municipal,urban",N3
1582870,としつき,年月,months and years,N3
1370410,としょ,図書,books,N3
1598750,としより,年寄,"old people,the aged",N3
1508550,とじる,閉じる,"to close (e.g. book, eyes),to shut",N3
1610870,とたん,途端,"just (now, at the moment, etc.)",N3
1445470,とち,土地,"plot of land,lot,soil",N3
1457040,とつぜん,突然,"abruptly,suddenly,unexpectedly,all at once",N3
1085030,トップ,,top,N3
1457200,とどく,届く,to reach,N3
1443990,とにかく,,"anyhow,at any rate,anyway,somehow or other,generally speaking,in any case",N3
1485230,とばす,飛ばす,"to skip over,to omit",N3
1485350,とびだす,飛び出す,"to jump out,to rush out,to fly out",N3
1310670,とめる,留める,"to fasten,to turn off,to detain",N3
1539980,とも,友,"friend,companion,pal",N3
1234260,ともに,共に,"sharing with,participate in",N3
1445580,どよう,土曜,Saturday,N3
1267610,とら,虎,tiger,N3
1088580,ドライブ,,"drive,trip by car,driving",N3
1085760,トラック,,"(1) truck,(2) (running) track",N3
1088830,ドラマ,,drama,N3
1086410,トランプ,,playing cards (lit: trump),N3
1326800,とりあげる,取り上げる,"to take up,to pick up,to disqualify,to confiscate,to deprive",N3
1445130,どりょく,努力,"great effort,exertion,endeavour,effort",N3
1089280,ドレス,,dress,N3
1326990,とれる,取れる,"to come off,to be taken off,to be removed",N3
1436900,どろ,泥,mud,N3
1457320,トン,屯,1000 ton,N3
1008790,とんでもない,,"unexpected,offensive,What a thing to say!,No way!",N3
1009330,どんな,,"what,what kind of",N3
1009340,どんなに,,"how,how much",N3
1087630,トンネル,,tunnel,N3
1531330,な,名,"name,reputation",N3
1459400,ないよう,内容,"subject,contents,matter,substance,detail,import",N3
1430580,なお,直,"straight,mischief,ordinary,common",N3
1425710,なか,仲,"relation,relationship",N3
1552120,ながす,流す,"to drain,to float,to shed (blood, tears),to cruise (e.g. taxi)",N3
1599420,なかなか,,"very,considerably,easily",N3
1478780,なかば,半ば,"middle,half,semi,halfway,partly",N3
1425790,なかま,仲間,"company,fellow,colleague,associate",N3
1610960,ながめ,眺め,"scene,view,prospect,outlook",N3
1428830,ながめる,眺める,"to view,to gaze at",N3
1552130,ながれ,流れ,"stream,current",N3
1552140,ながれる,流れる,"to stream,to flow,to run (ink),to be washed away",N3
1529560,なし,無し,without,N3
1009410,なぜなら,,because,N3
1459690,なぞ,謎,"riddle,puzzle,enigma",N3
1470080,なっとく,納得,"consent,assent,understanding",N3
1582300,など,等,"et cetera,etc.,and the like",N3
1188270,なにか,何か,something,N3
1188490,なにも,,nothing,N3
1459720,なべ,鍋,"saucepan,pot",N3
1378450,なま,生,"(1) draft (beer),(2) raw,unprocessed",N3
1410660,なまける,怠ける,"to be idle,to neglect",N3
1470970,なみ,波,wave,N3
1555930,なみだ,涙,tear,N3
1469870,なやむ,悩む,"to be worried,to be troubled",N3
1375610,なる,為る,"to change,to be of use,to reach to",N3
1375610,なる,成る,to become,N3
1459830,なわ,縄,"rope,hemp",N3
1611020,なんで,何で,"Why?,What for?",N3
1611030,なんでも,何でも,"by all means,everything",N3
1188420,なんとか,何とか,"somehow,anyhow,one way or another",N3
1314680,にあう,似合う,"to suit,to match,to become,to be like",N3
1599760,におい,匂い,"odour,scent,smell,stench",N3
1244470,にがて,苦手,"poor (at),weak (in),dislike (of)",N3
1152720,にぎる,握る,"to grasp,to seize,to mould sushi",N3
2083100,にち,日,"sun,sunshine,day",N3
1464180,にちじょう,日常,"ordinary,regular,everyday,usual",N3
1464880,にちよう,日曜,Sunday,N3
1464030,にっこう,日光,sunlight,N3
1464250,にっちゅう,日中,"daytime,broad daylight",N3
1632320,にっこり,,"smile sweetly,smile,grin",N3
1582710,にほん,日本,Japan,N3
1582710,にっぽん,日本,Japan,N3
1466360,にゅうじょう,入場,"entrance,admission,entering",N3
1367010,にんき,人気,sign of life,N3
1366770,にんげん,人間,"human being,man,person",N3
1478190,ぬく,抜く,"to extract,to omit,to surpass,to draw out,to unplug",N3
1478200,ぬける,抜ける,"to come out,to fall out,to be omitted",N3
1496840,ぬの,布,cloth,N3
1467620,ぬれる,濡れる,to get wet,N3
2836242,ね,値,"value,price,cost",N3
1290020,ね,根,root,N3
1217900,ねがい,願い,"desire,wish,request",N3
1217950,ねがう,願う,"to desire,to wish,to request",N3
1397840,ねずみ,鼠,"(1) mouse,rat,(2) dark gray,slate color",N3
1600160,ねだん,値段,"price,cost",N3
1467910,ねっしん,熱心,"zeal,enthusiasm",N3
1467930,ねったい,熱帯,tropics,N3
1467950,ねっちゅう,熱中,"nuts!,enthusiasm,zeal,mania",N3
1468380,ねんかん,年間,year,N3
1582870,ねんげつ,年月,months and years,N3
1469000,ねんじゅう,年中,"whole year,always,everyday",N3
1468950,ねんだい,年代,"age,era,period,date",N3
1600240,ねんれい,年齢,"age,years",N3
1537250,の,野,field,N3
1470120,のう,能,"being skilled in,nicely,properly",N3
1470620,のうか,農家,"farmer,farm family",N3
1470660,のうぎょう,農業,agriculture,N3
1470770,のうみん,農民,"farmers,peasants",N3
1470370,のうりょく,能力,"ability,faculty",N3
2080530,ノー,,,N3
1260330,のき,軒,eaves,N3
1600260,のこす,残す,"to leave (behind, over),to bequeath,to save,to reserve",N3
1304480,のこり,残り,"remnant,residue,remaining,left-over",N3
1600270,のせる,乗せる,"to place on (something),to take on board,to give a ride",N3
1345640,のぞく,除く,"to remove,to exclude,to except",N3
1519620,のぞみ,望み,"wish,desire,(a) hope",N3
1519630,のぞむ,望む,"to desire,to wish for,to see,to command (a view of)",N3
1269330,のち,後,"afterwards,since then,in the future",N3
1093920,ノック,,"(1) knock,(2) fungo (baseball)",N3
1600290,のばす,伸ばす,"to lengthen,to stretch,to reach out,to grow (beard)",N3
1358870,のびる,伸びる,"to stretch,to extend,to make progress,to grow (beard, body height)",N3
1340820,のべる,述べる,"to state,to express,to mention",N3
1352570,のぼる,昇る,"to arise,to ascend,to go up",N3
1010050,のんびり,,"carefree,at leisure",N3
1355790,ば,場,"place,field (physics)",N3
2069620,はあ,,,N3
1100610,パーセント,,percent,N3
1201860,はい,灰,ash,N3
1582960,ばいう,梅雨,"rainy season,rain during the rainy season",N3
1097740,バイオリン,,violin,N3
1095040,ハイキング,,hiking,N3
1473140,はいたつ,配達,"delivery,distribution",N3
1101120,パイプ,,"(1) pipe,tube,(2) channels, official or otherwise",N3
1471970,はいゆう,俳優,"actor,actress,player,performer",N3
1101260,パイロット,,pilot,N3
1514840,はか,墓,"grave,tomb",N3
1601260,ばか,馬鹿,"fool,idiot,trivial matter,folly",N3
1474620,はかせ,博士,"doctorate,PhD",N3
1600650,はかる,計る,"to measure,to weigh,to survey",N3
2646460,はく,吐く,"(1) to breathe,(2) to tell (lies),(3) to vomit,to disgorge",N3
1474820,はくしゅ,拍手,"clapping hands,applause",N3
1476060,ばくだい,莫大,"enormous,vast",N3
1475910,ばくはつ,爆発,"explosion,detonation,eruption",N3
1474720,はくぶつかん,博物館,museum,N3
1600720,はげしい,激しい,"violent,vehement,intense",N3
1573820,はさみ,鋏,scissors,N3
1471330,はさん,破産,(personal) bankruptcy,N3
1581610,はし,端,"end (e.g. of street),edge,tip,margin,point",N3
1611200,はじまり,始まり,"origin,beginning",N3
1101440,パス,,"path,pass (in games)",N3
1203270,はずす,外す,"to unfasten,to remove",N3
1101510,パスポート,,passport,N3
1220240,はた,旗,flag,N3
1476450,はだ,肌,skin,N3
1547600,はだか,裸,"naked,nude",N3
1476520,はたけ,畑,field,N3
1600790,はたち,二十,"20 years old,20th year",N3
1451040,はたらき,働き,"work,labor",N3
1099100,バッグ,,"bag,bug",N3
1477310,はっけん,発見,"discovery,detection,finding",N3
1477390,はっこう,発行,issue (publications),N3
1477500,はっしゃ,発車,departure of a vehicle,N3
1478080,ばっする,罰する,"to punish,to penalize",N3
1477680,はったつ,発達,"development,growth",N3
1632430,ばったり,,"with a clash (thud),with a bang,plump,flop",N3
1477720,はってん,発展,"development,growth",N3
1477840,はっぴょう,発表,"announcement,publication",N3
1477910,はつめい,発明,invention,N3
1562310,はなしあう,話し合う,"to discuss,to talk together",N3
1550830,はなす,離す,"to part,divide,separate",N3
1516460,はなす,放す,"to separate,to set free",N3
1550840,はなれる,離れる,"to be separated from,to leave,to go away,to be a long way off",N3
1171680,はね,羽,"counter for birds,counter for rabbits",N3
1500880,はば,幅,"width,breadth",N3
1515120,ははおや,母親,mother,N3
1351040,はぶく,省く,"to omit,to eliminate,to curtail,to economize",N3
1355910,ばめん,場面,"scene,setting (e.g. of novel)",N3
1501110,はら,腹,"abdomen,belly,stomach",N3
1261140,はら,原,"field,plain,prairie,tundra,moor,wilderness",N3
1366210,はり,針,"needle,hand (e.g. clock)",N3
1427900,はる,張る,"to stick,to paste",N3
2022640,ばん,番,,N3
1100090,バン,,"bun,van (caravan),VAN (value-added network)",N3
1481890,はんい,範囲,"extent,scope,sphere,range",N3
1480380,はんこう,反抗,"opposition,resistance",N3
1481590,はんざい,犯罪,crime,N3
1096560,ハンサム,,handsome,N3
1478620,はんだん,判断,"judgement,decision",N3
1481630,はんにん,犯人,"offender,criminal",N3
1481800,はんばい,販売,"sale,selling,marketing",N3
1582290,ひ,灯,light,N3
2796520,ビール,,beer,N3
1484350,ひがい,被害,damage,N3
1483560,ひかく,比較,comparison,N3
1612920,ひく,轢く,"to run somebody over (with vehicle),to knock someone down",N3
1106530,ピクニック,,picnic,N3
1483280,ひげき,悲劇,tragedy,N3
1485450,ひこう,飛行,aviation,N3
1487320,ひざ,膝,"knee,lap",N3
1484920,ひじょう,非常,"emergency,extraordinary,unusual",N3
1486530,びじん,美人,beautiful person (woman),N3
1207510,ひたい,額,"forehead,brow",N3
1464340,ひづけ,日付,"date,dating",N3
1601890,ひっし,必死,"inevitable death,desperation,frantic,inevitable result",N3
1010900,ぴったり,,"exactly,neatly,sharp",N3
1601900,ひっぱる,引っ張る,"(1) to pull,to draw,to stretch,to drag,(2) to pull the ball (baseball)",N3
1482990,ひてい,否定,"negation,denial,repudiation",N3
1105360,ビデオ,,video,N3
1575990,ひとこと,一言,single word,N3
1367680,ひとごみ,人込み,crowd of people,N3
1449330,ひとしい,等しい,equal,N3
1576150,ひとり,独り,"alone,unmarried",N3
1612530,ひとりひとり,一人一人,"one by one,each,one at a time",N3
1483420,ひはん,批判,"criticism,judgement,comment",N3
1483440,ひひょう,批評,"criticism,review,commentary",N3
1484150,ひみつ,秘密,"secret,secrecy",N3
1486170,びみょう,微妙,"delicate,subtle",N3
1487970,ひも,紐,"(1) string,cord,(2) pimp",N3
1484620,ひよう,費用,"cost,expense",N3
1489350,ひょう,表,"table (e.g. Tab 1),chart,list",N3
1490430,びょう,秒,second (60th min),N3
1490010,ひょうか,評価,"valuation,estimation,assessment,evaluation",N3
1489510,ひょうげん,表現,"expression,presentation,representation (math)",N3
1489700,ひょうじょう,表情,facial expression,N3
1507670,びょうどう,平等,"equality (a),impartiality,evenness",N3
1490070,ひょうばん,評判,"fame,reputation,popularity,arrant",N3
1489880,ひょうめん,表面,"surface,outside,face,appearance",N3
1602360,ひろがる,広がる,"to spread (out),to extend,to stretch,to reach to,to get around",N3
2648780,ひん,品,"thing,article,goods,dignity,article (goods),counter for meal courses",N3
1491120,びん,瓶,bottle,N3
1512360,びん,便,"way,means",N3
1107060,ピン,,pin,N3
1922780,ふ,不,"un,non,negative prefix",N3
2423740,ぶ,不,"un,non,negative prefix",N3
2423740,ぶ,無,"nothing,naught,nil,zero",N3
1502850,ぶ,分,"dividing,part",N3
1491150,ふあん,不安,"anxiety,uneasiness,insecurity,suspense",N3
1499830,ふうけい,風景,scenery,N3
1583640,ふうふ,夫婦,"married couple,husband and wife",N3
1437310,ふえ,笛,"flute,pipe",N3
1491370,ふか,不可,"wrong,bad,improper,unjustifiable,inadvisable",N3
1498460,ぶき,武器,"weapon,arms,ordinance",N3
1500970,ふくそう,服装,garments,N3
1216880,ふくむ,含む,"to hold in the mouth,to bear in mind",N3
1411070,ふくろ,袋,"bag,sack",N3
1492350,ふこう,不幸,"unhappiness,sorrow,misfortune,disaster,accident,death",N3
1386160,ふし,節,"tune,tone,knot,knob,point",N3
1530030,ぶじ,無事,"safety,peace,quietness",N3
1492570,ふしぎ,不思議,"mystery,curiosity",N3
1492680,ふじゆう,不自由,"discomfort,disability,inconvenience,destitution",N3
1496540,ふじん,夫人,"wife,Mrs,madam",N3
1496670,ふじん,婦人,"woman,female",N3
1493370,ふせい,不正,"injustice,unfairness",N3
1520190,ふせぐ,防ぐ,"to defend (against),to protect,to prevent",N3
1493700,ふそく,不足,"insufficiency,shortage,deficiency,lack,dearth",N3
1499150,ぶたい,舞台,stage (theatre),N3
1398750,ふたご,双子,"twins,a twin",N3
1292300,ふたたび,再び,"again,once more,a second time",N3
1497180,ふだん,普段,"usually,habitually,ordinarily,always",N3
1177500,ふち,縁,"a means, e.g. of living",N3
1408815,ぶつ,打つ,"to hit,to strike",N3
1502430,ぶっか,物価,"prices of commodities,prices (in general)",N3
1502560,ぶっしつ,物質,"material,substance",N3
1502790,ぶつり,物理,physics,N3
1487770,ふで,筆,writing brush,N3
1493240,ふと,不図,"suddenly,casually,accidentally,incidentally,unexpectedly,unintentionally",N3
1602800,ふね,船,"ship,boat,watercraft,shipping,vessel,steamship",N3
1499490,ぶぶん,部分,"portion,section,part",N3
1494790,ふへい,不平,"complaint,discontent,dissatisfaction",N3
1494970,ふまん,不満,"dissatisfaction,displeasure,discontent,complaints,unhappiness",N3
1115630,プラス,,plus,N3
1115900,プラン,,plan,N3
1495220,ふり,不利,"disadvantage,handicap,unfavorable,drawback",N3
1361330,ふる,振る,"(1) to wave,to shake,to swing,(2) to sprinkle,(3) to cast (actor),to allocate (work)",N3
1366310,ふるえる,震える,"to shiver,to shake,to quake",N3
1114640,ブレーキ,,a brake,N3
1357990,ふれる,触れる,"to touch,to be touched,to touch on a subject,to feel,to violate (law, copyright, etc.),to perceive,t",N3
1117030,プロ,,professional,N3
1502860,ぶん,分,"dividing,part,segment",N3
1505090,ぶん,文,sentence,N3
1505070,ふんいき,雰囲気,"atmosphere (e.g. musical),mood,ambience",N3
1503870,ぶんせき,分析,analysis,N3
1505650,ぶんめい,文明,"civilization,culture",N3
1504330,ぶんや,分野,"field,sphere,realm,division,branch",N3
1506870,へい,塀,"wall,fence",N3
1583870,へいきん,平均,"equilibrium,balance,average,mean",N3
1508070,へいわ,平和,"peace,harmony",N3
1509480,べつに,別に,"(not) particularly,nothing",N3
1263110,へらす,減らす,"to abate,to decrease,to diminish,to shorten",N3
1263120,へる,減る,"to decrease (in size or number),to diminish,to abate",N3
1120070,ベルト,,Belt for western clothes,N3
1510890,へんか,変化,"goblin,ghost,apparition,bugbear",N3
1121390,ペンキ,,(n) paint (nl: pek),N3
1511040,へんこう,変更,"change,modification,alteration",N3
1120280,ベンチ,,bench,N3
1513060,べんとう,弁当,box lunch,N3
1517150,ほう,法,Act (law: the X Act),N3
1519750,ぼう,棒,"pole,rod,stick",N3
1519830,ぼうけん,冒険,"risk,venture,adventure",N3
1516990,ほうこう,方向,"direction,course,way",N3
1515670,ほうこく,報告,"report,information",N3
1516220,ほうせき,宝石,"gem,jewel",N3
1518180,ほうふ,豊富,"abundance,wealth,plenty,bounty",N3
1517090,ほうほう,方法,"method,manner,way,means,technique",N3
1584105,ほうぼう,方々,"persons,this and that,here and there,everywhere",N3
1518120,ほうもん,訪問,"call,visit",N3
1603420,ほえる,吠える,"to bark,to bay,to howl,to bellow,to roar,to cry",N3
1123230,ボーイ,,boy,N3
1123440,ボート,,rowing boat,N3
1121740,ホーム,,"(1) platform,(2) home",N3
1123550,ボール,,"ball,bowl",N3
1203260,ほか,他,other (esp. places and things),N3
1203260,ほか,外,"other place,the rest",N3
1267740,ほこり,誇り,pride,N3
1565750,ほこり,埃,dust,N3
1603500,ほしょう,保証,"guarantee,security,assurance,pledge,warranty",N3
1513940,ほぞん,保存,"preservation,conservation,storage,maintenance",N3
1514420,ほどう,歩道,"footpath,walkway,sidewalk",N3
1501760,ほとけ,仏,"Buddha,merciful person,Buddhist image,the dead",N3
1288550,ほね,骨,bone,N3
1177070,ほのお,炎,flame,N3
1584160,ほほ,頬,cheek (of face),N3
1584160,ほお,頬,cheek (of face),N3
1551940,ほぼ,略,"almost,roughly,approximately",N3
1486030,ほほえむ,微笑む,to smile,N3
1603550,ほめる,褒める,"to praise,to admire,to speak well",N3
1522060,ほり,濠,moat,N3
1523060,ほんと,本当,"truth,reality",N3
1522750,ほんにん,本人,the person himself,N3
1523180,ほんもの,本物,genuine article,N3
1011920,ぼんやり,,"absent-minded,block-head,dim,faint,vague",N3
1215240,ま,間,"space,room,time,pause",N3
1012050,まあ,,(female) you might say,N3
1126190,マーケット,,market,N3
1126590,マイク,,mike,N3
1532750,まいご,迷子,lost (stray) child,N3
1467150,まかせる,任せる,"to entrust to another,to leave to",N3
1524750,まく,幕,"curtain,bunting,act (in play)",N3
1497960,まけ,負け,"defeat,loss,losing (a game)",N3
1406230,まご,孫,grandchild,N3
1363540,まさか,,by no means,N3
1376640,まさに,,"correctly,surely",N3
1364360,まじめ,真面目,"diligent,serious,honest",N3
1403120,ます,増す,"to increase,to grow",N3
1490740,まずしい,貧しい,"poor,needy",N3
1127970,マスター,,"proprietor,manager,barowner,master (e.g. arts, science)",N3
1603950,ますます,,"increasingly,more and more",N3
1527110,まだ,未だ,"yet,still,more,besides",N3
1603990,まち,街,"(1) town,(2) street,road",N3
1215320,まちがい,間違い,mistake,N3
1349860,まつ,松,"(1) pine tree,(2) highest (of a three-tier ranking system)",N3
1363250,まっか,真っ赤,"deep red,flushed (of face)",N3
1580600,まっすぐ,真っ直ぐ,"straight (ahead),direct,upright",N3
1394800,まったく,全く,"really,truly,entirely,completely",N3
1604130,まつり,祭,"festival,feast",N3
1206530,まなぶ,学ぶ,"to study (in depth),to learn,to take lessons in",N3
1363740,まね,真似,"mimicry,imitation,behavior,pretense",N3
1349590,まねく,招く,to invite,N3
1129240,ママ,,Mama,N3
1450030,まめ,豆,"beans,peas",N3
1327120,まもる,守る,"to protect,to obey,to guard,to abide (by the rules)",N3
1216250,まる,丸,"circle,full (month),perfection,purity,suffix for ship names",N3
1216250,まる,円,"circle,money",N3
1216280,まるで,,"quite,entirely,completely",N3
1199350,まわす,回す,"to turn,to revolve",N3
2800530,まわり,回り,"circumference,surroundings,circulation",N3
1525780,まんいち,万一,"by some chance,by some possibility,if by any chance,10E4:1 odds",N3
1526860,まんぞく,満足,satisfaction,N3
1365520,み,身,"body,main part,oneself,sword",N3
1320810,み,実,"fruit,nut,seed,content,good result",N3
1259820,みおくり,見送り,"seeing one off,farewell,escort",N3
1527070,みかた,味方,"friend,ally,supporter",N3
1259620,みごと,見事,"splendid,magnificent,beautiful,admirable",N3
1130650,ミス,,"miss (mistake, error, failure),Miss",N3
1604540,みちる,満ちる,"to be full,to rise (tide),to mature,to expire",N3
2014380,みつ,密,,N3
1467530,みとめる,認める,"to recognize,to appreciate,to approve,to admit,to notice",N3
1202150,みんな,皆,"all,everyone,everybody",N3
1604690,みまい,見舞い,"enquiry,expression of sympathy,expression of concern",N3
1445360,みやげ,土産,"present,souvenir",N3
1444950,みやこ,都,capital,N3
1528490,みょう,妙,"strange,unusual",N3
1584640,みょうごにち,明後日,day after tomorrow,N3
1528060,みらい,未来,"future (life, tense)",N3
1528150,みりょく,魅力,"charm,fascination,glamour",N3
1131990,ミルク,,milk,N3
1956960,む,無,"nothing,naught,nil,zero",N3
1604750,むかい,向かい,"facing,opposite,across the street,other side",N3
1253180,むかえ,迎え,"meeting,person sent to pick up an arrival",N3
1277080,むく,向く,to face,N3
1277100,むける,向ける,"to turn towards,to point",N3
1530020,むし,無視,"disregard,ignore",N3
1604850,むしば,虫歯,"cavity,tooth decay,decayed tooth,caries",N3
1604870,むしろ,寧ろ,"rather,better,instead",N3
1254670,むすぶ,結ぶ,"to tie,to bind,to link",N3
1530510,むだ,無駄,"futility,uselessness",N3
1529500,むちゅう,夢中,"daze,(in a) trance,ecstasy,delirium,engrossment",N3
1237820,むね,胸,"breast,chest",N3
1531040,むりょう,無料,"free,no charge",N3
1197710,め,芽,sprout,N3
1532410,めいかく,明確,"clear up,clarify,define",N3
1531950,めいじる,命じる,"to order,to command,to appoint",N3
1531680,めいじん,名人,"master,expert",N3
1532160,めいれい,命令,"order,command,decree,directive,(software) instruction",N3
1532800,めいわく,迷惑,"trouble,bother,annoyance",N3
1482010,めし,飯,"(sl) meals,food",N3
1612000,めったに,滅多に,"rarely (with neg. verb),seldom",N3
1133830,メモ,,memorandum,N3
1584695,めん,面,"face,mug,surface,facial features,mask,face guard,side or facet,corner,page",N3
1533330,めん,綿,"cotton,padding",N3
1533130,めんきょ,免許,"license,permit,licence,certificate",N3
1533550,めんどう,面倒,"trouble,difficulty,care,attention",N3
1134370,メンバー,,member,N3
1362890,もうしこむ,申し込む,"to apply for,to make an application",N3
1363050,もうしわけ,申し訳,"apology,excuse",N3
1533950,もうふ,毛布,blanket,N3
1469570,もえる,燃える,to burn,N3
1535560,もくてき,目的,"purpose,goal,aim,objective,intention",N3
1535650,もくひょう,目標,"mark,objective,target",N3
1534880,もくよう,木曜,Thursday,N3
1505390,もじ,文字,"letter (of alphabet),character",N3
1505390,もんじ,文字,"letter (of alphabet),character",N3
1612050,もしも,,if,N3
1315610,もちあげる,持ち上げる,"to raise,to lift up,to flatter",N3
1546210,もちいる,用いる,"to use,to make use of",N3
1535780,もちろん,勿論,"of course,certainly,naturally",N3
1535810,もっとも,尤も,"quite right,plausible,natural,but then,although",N3
2219590,もと,元,"(1) origin,original,(2) former",N3
1260670,もと,基,basis,N3
1260670,もと,素,prime,N3
1535850,もどす,戻す,"to restore,to put back,to return",N3
1605270,もとづく,基づく,"to be grounded on,to be based on,to be due to,to originate from",N3
1229350,もとめる,求める,"to seek,to request,to demand,to want,to wish for,to search for,to pursue (pleasure),to hunt (a job),",N3
1322990,もの,者,person,N3
1502420,ものおと,物音,sounds,N3
1502480,ものがたり,物語,"tale,story,legend",N3
1502550,ものごと,物事,"things,everything",N3
1533720,もよう,模様,"pattern,figure,design",N3
1535910,もらう,貰う,to receive,N3
1505260,もんく,文句,"phrase,complaint",N3
1012730,やがて,,"before long,soon,at length",N3
1537970,やく,役,"use,service,role,position",N3
1538100,やく,約,"approximately,about,some",N3
2057030,やく,訳,"meaning,reason,circumstances,can be deduced,situation",N3
1538000,やくわり,役割,"part,assigning (allotment of) parts,role,duties",N3
1192270,やちん,家賃,rent,N3
1537820,やっかい,厄介,"trouble,burden,care,bother",N3
1337190,やど,宿,"inn,lodging",N3
1605570,やとう,雇う,"to employ,to hire",N3
1182700,やね,屋根,roof,N3
1471200,やぶる,破る,"to tear,to violate,to defeat,to smash,to destroy",N3
1318950,やめる,辞める,to retire,N3
2771700,やや,,"a little,partially,somewhat,a short time,a while",N3
1538920,ゆいいつ,唯一,"only,sole,unique",N3
1539740,ゆうき,勇気,"courage,bravery,valour,nerve,boldness",N3
1541290,ゆうこう,有効,"validity,availability,effectiveness",N3
1539230,ゆうしゅう,優秀,"superiority,excellence",N3
1539280,ゆうしょう,優勝,"overall victory,championship",N3
1540130,ゆうじょう,友情,"friendship,fellowship",N3
1540150,ゆうじん,友人,friend,N3
1541570,ゆうのう,有能,"able,capable,efficient,skill",N3
1605680,ゆうびん,郵便,"mail,postal service",N3
2863051,ゆうべ,夕べ,evening,N3
1136850,ユーモア,,humor,N3
1605720,ゆうり,有利,"advantageous,better,profitable,lucrative",N3
1349380,ゆか,床,floor,N3
1538560,ゆかい,愉快,"pleasant,happy",N3
1357030,ゆずる,譲る,"to turn over,to assign,to hand over",N3
1518130,ゆたか,豊か,"abundant,wealthy,plentiful,rich",N3
1232870,ゆるす,許す,"to permit,to allow,to approve",N3
1536350,よ,夜,"evening,night",N3
1537150,よあけ,夜明け,"dawn,daybreak",N3
1605840,よう,様,"way,manner,kind",N3
1372650,よう,酔う,"to get drunk,to become intoxicated",N3
1545350,ようい,容易,"easy,simple,plain",N3
1546990,ようき,陽気,"season,weather,cheerfulness",N3
1546680,ようきゅう,要求,"request,demand,requisition",N3
1546310,ようじん,用心,"care,precaution,guarding,caution",N3
1545820,ようす,様子,"aspect,state,appearance",N3
1546620,ようするに,要するに,"in a word,after all,the point is ..,in short ..",N3
1546800,ようそ,要素,element,N3
1546820,ようてん,要点,"gist,main point",N3
1545770,ようび,曜日,day of the week,N3
1137570,ヨーロッパ,,Europe,N3
1542920,よき,予期,"expectation,assume will happen,forecast",N3
1180860,よこぎる,横切る,"to cross (e.g. arms),to traverse",N3
1543000,よさん,予算,"estimate,budget",N3
1310600,よす,止す,"to cease,to abolish,to resign,to give up",N3
1543200,よそく,予測,"prediction,estimation",N3
1137620,ヨット,,yacht,N3
1536930,よなか,夜中,"midnight,dead of night",N3
1373850,よのなか,世の中,"society,the world,the times",N3
1544520,よぶん,余分,"extra,excess,surplus",N3
1543630,よほう,予報,"forecast,prediction",N3
1543660,よぼう,予防,"prevention,precaution,protection against",N3
1456130,よみ,読み,reading,N3
1191680,よめ,嫁,"bride,daughter-in-law",N3
1544590,よゆう,余裕,"surplus,composure,margin,room,time,allowance,scope,rope",N3
1168660,よる,因る,according to,N3
1606140,よろこび,喜び,"(a) joy,(a) delight,rapture,pleasure,gratification,rejoicing,congratulations,felicitations",N3
1224880,よろしい,宜しい,"(hon) good,OK,all right,fine,very well,will do,may,can",N3
1224890,よろしく,宜しく,"well,properly,suitably,best regards,please remember me",N3
1547710,らい,来,",for (10 days),next (year)",N3
1137880,ライター,,"lighter,rider,writer",N3
1207230,らく,楽,"comfort,ease",N3
1138710,ラケット,,"paddle,racket",N3
1549470,りえき,利益,"profits,gains,(political, economic) interest",N3
1549910,りかい,理解,"understanding,comprehension",N3
1550980,りく,陸,six (used in legal documents),N3
1549550,りこう,利口,"clever,shrewd,bright,sharp,wise,intelligent",N3
1550880,りこん,離婚,divorce,N3
1550020,りそう,理想,ideal,N3
1551200,りつ,率,"rate,ratio,proportion,percentage",N3
1552740,りゅうがく,留学,studying abroad,N3
1585110,りゅうこう,流行,"fashionable,fad,in vogue,prevailing",N3
1554640,りょう,量,"quantity,amount,volume,portion (of food)",N3
1553820,りょうがえ,両替,"change,money exchange",N3
1554280,りょうきん,料金,"fee,charge,fare",N3
1585230,れい,例,"instance,example,case",N3
1557450,れい,礼,expression of gratitude,N3
1557470,れいぎ,礼儀,"manners,courtesy,etiquette",N3
1557050,れいせい,冷静,"calm,composure,coolness,serenity",N3
1558330,れつ,列,"queue,line,row",N3
1558370,れっしゃ,列車,train (ordinary),N3
1559600,れんそう,連想,"association (of ideas),suggestion",N3
1559610,れんぞく,連続,"serial,consecutive,continuity,continuing",N3
1561090,ろうじん,老人,"the aged,old person",N3
1606450,ろうどう,労働,"manual labor,toil,work",N3
1147220,ロケット,,"locket,rocket",N3
1561620,ろんじる,論じる,"to argue,to discuss,to debate",N3
1561760,ろんそう,論争,"controversy,dispute",N3
1561840,ろんぶん,論文,"thesis,essay,treatise,paper",N3
1555710,わ,輪,"ring,hoop,circle",N3
1148850,ワイン,,wine,N3
1197020,わがまま,,"selfishness,egoism,wilfulness,disobedience,whim",N3
1509490,わかれ,別れ,"parting,separation,farewell",N3
1562530,わき,脇,side,N3
1503000,わける,分ける,"to divide,to separate",N3
1410760,わざと,,on purpose,N3
1240750,わずか,僅か,"only,merely,a little,small quantity",N3
1533340,わた,綿,"cotton,padding",N3
1562400,わだい,話題,"topic,subject",N3
1351280,わらい,笑い,"laugh,laughter,smile",N3
1208000,わる,割る,"to divide,to cut,to break,to halve",N3
1575730,わるくち,悪口,"abuse,insult,slander,evil speaking",N3
1607050,われわれ,我々,we,N3
1562800,わん,湾,"bay,gulf,inlet",N3
2394370,あ,,Ah,N4
2085080,ああ,,like that,N4
1151120,あいさつ,,to greet,N4
1215230,あいだ,間,a space,N4
1284430,あう,合う,to match,N4
1383260,あかちゃん,,infant,N4
1352290,あがる,上る,to rise,N4
1383310,あかんぼう,赤ん坊,baby,N4
1586270,あく,空く,"to open, to become empty",N4
1015220,アクセサリー,,accessory,N4
1352320,あげる,,to give,N4
1390800,あさい,浅い,"shallow,superficial",N4
1526960,あじ,味,flavour,N4
1015840,アジア,,Asia,N4
1584660,あす,明日,tomorrow,N4
1542070,あそび,遊び,play,N4
1333550,あつまる,集る,to gather,N4
1333560,あつめる,集める,to collect something,N4
1017330,アナウンサー,,announcer,N4
1929050,アフリカ,,Africa,N4
1149830,アメリカ,,America,N4
1323010,あやまる,謝る,to apologize,N4
1019280,アルコール,,alcohol,N4
1019420,アルバイト,,part-time job,N4
1153890,あんしん,安心,relief,N4
1153930,あんぜん,安全,safety,N4
1000590,あんな,,such,N4
1154860,あんない,案内,to guide,N4
1155060,いか,以下,less than,N4
1155090,いがい,以外,with the exception of,N4
1159810,いがく,医学,medical science,N4
1378520,いきる,生きる,to live,N4
1156530,いけん,意見,opinion,N4
1382440,いし,石,stone,N4
1195140,いじめる,,to tease,N4
1155120,いじょう,以上,"more than,this is all",N4
1228650,いそぐ,急ぐ,to hurry,N4
1421900,いたす,致す,(humble) to do,N4
1587290,いただく,,(humble) to receive,N4
1576250,いちど,一度,once,N4
1164010,いっしょうけんめい,一生懸命,with utmost effort,N4
1165670,いっぱい,一杯,full,N4
1311450,いと,糸,thread,N4
1155180,いない,以内,within,N4
1442750,いなか,田舎,countryside,N4
1222770,いのる,祈る,to pray,N4
1000940,いらっしゃる,,"(respectful) to be,to come or to go",N4
1357250,うえる,植える,"to plant,to grow",N4
1305700,うかがう,伺う,to visit,N4
1588060,うけつけ,受付,receipt,N4
1329590,うける,受ける,to take a lesson or test,N4
1451210,うごく,動く,to move,N4
1172400,うそ,嘘,a lie,N4
1457730,うち,内,within,N4
1408810,うつ,打つ,to hit,N4
1486360,うつくしい,美しい,beautiful,N4
1588320,うつす,写す,to copy or photograph,N4
1158210,うつる,移る,to move house or transfer,N4
1562850,うで,腕,arm,N4
1310460,うまい,上手い,delicious,N4
1550190,うら,裏,reverse side,N4
1588550,うりば,売り場,place where things are sold,N4
1219510,うれしい,,glad,N4
1001090,うん,,(informal) yes,N4
1172830,うんてん,運転,to drive,N4
1172870,うんてんしゅ,運転手,driver,N4
1172910,うんどう,運動,to exercise,N4
1028580,エスカレーター,,escalator,N4
1310530,えだ,枝,"branch, twig",N4
1588730,えらぶ,選ぶ,to choose,N4
1178450,えんりょ,遠慮,"to be reserved, to be restrained",N4
1001180,おいでになる,,(respectful) to be,N4
1612770,おいわい,お祝い,congratulation,N4
1032030,オートバイ,,motorcycle,N4
1001640,おかげ,,owing to,N4
1190860,おかしい,,strange or funny,N4
1182620,おく,億,one hundred million,N4
1182710,おくじょう,屋上,rooftop,N4
1589030,おくりもの,贈り物,gift,N4
1402730,おくる,送る,to send,N4
1589040,おくれる,遅れる,to be late,N4
1223660,おこす,起す,to wake,N4
1589060,おこなう,行う,to do,N4
1445690,おこる,怒る,"to get angry,to be angry",N4
1589110,おしいれ,押し入れ,closet,N4
1002170,おじょうさん,お嬢さん,young lady,N4
1002400,おたく,お宅,(polite) your house,N4
1548550,おちる,落る,to fall or drop,N4
1238840,おっしゃる,,(respectful) to say,N4
1496480,おっと,夫,husband,N4
1270550,おつり,,"change from purchase, balance",N4
1576900,おと,音,"sound,note",N4
1589260,おとす,落す,to drop,N4
1546880,おどり,踊り,a dance,N4
1538440,おどる,踊る,to dance,N4
1238680,おどろく,驚く,to be surprised,N4
1604135,おまつり,お祭り,festival,N4
1001870,おみまい,お見舞い,"calling on someone who is ill,enquiry",N4
1002500,おみやげ,お土産,souvenir,N4
1309260,おもいだす,思い出す,to remember,N4
1589350,おもう,思う,"to think,to feel",N4
1217070,おもちゃ,,toy,N4
1489340,おもて,表,the front,N4
1365040,おや,親,parents,N4
1589500,おりる,下りる,to get off,N4
1385910,おる,折る,to break or to fold,N4
1270810,おれい,お礼,expression of gratitude,N4
1385920,おれる,折れる,to break or be folded,N4
1589590,おわり,終わり,the end,N4
1036290,カーテン,,curtain,N4
1201280,かいがん,海岸,coast,N4
1198360,かいぎ,会議,meeting,N4
1198380,かいぎしつ,会議室,meeting room,N4
1198660,かいじょう,会場,assembly hall or meeting place,N4
1198880,かいわ,会話,conversation,N4
1221250,かえり,帰り,return,N4
1510650,かえる,変える,to change,N4
1192700,かがく,科学,science,N4
1238550,かがみ,鏡,mirror,N4
1357210,かざる,飾る,to decorate,N4
1193950,かじ,火事,fire,N4
1040060,ガス,,petrol,N4
1040250,ガソリン,,petrol,N4
1040260,ガソリンスタンド,,petrol station,N4
1257110,かたい,堅い,hard,N4
1257110,かたい,硬い,hard,N4
1257110,かたい,固い,hard,N4
1250220,かたち,形,shape,N4
1511790,かたづける,片付ける,to tidy up,N4
1195840,かちょう,課長,section manager,N4
1346150,かつ,勝つ,to win,N4
1590480,かっこう,格好,appearance,N4
1192420,かない,家内,housewife,N4
1483190,かなしい,悲しい,sad,N4
1487400,かならず,必ず,"certainly,necessarily",N4
2429350,おかねもち,お金持ち,rich man,N4
1242970,かねもち,金持ち,rich man,N4
1483150,かのじょ,彼女,"she,girlfriend",N4
1509290,かべ,壁,wall,N4
1279680,かまう,,to mind,N4
1477950,かみ,髪,hair,N4
1209240,かむ,噛む,"to bite,to chew",N4
1432850,かよう,通う,to commute,N4
1040380,ガラス,,a glass pane,N4
1483070,かれ,彼,"he,boyfriend",N4
1483090,かれら,彼ら,they,N4
1209650,かわく,乾く,to get dry,N4
1590770,かわり,代わり,"substitute,alternate",N4
1510790,かわる,変わる,to change,N4
1281020,かんがえる,考える,to consider,N4
1215810,かんけい,関係,relationship,N4
1213870,かんごふ,看護婦,female nurse,N4
1214330,かんたん,簡単,simple,N4
1221520,き,気,"spirit,mood",N4
1220800,きかい,機会,opportunity,N4
1218560,きけん,危険,danger,N4
1591150,きこえる,聞こえる,to be heard,N4
1222700,きしゃ,汽車,steam train,N4
1225130,ぎじゅつ,技術,"art,technology,skill",N4
1222840,きせつ,季節,season,N4
1223021,きそく,規則,regulations,N4
1003430,きっと,,surely,N4
1258710,きぬ,絹,silk,N4
1262530,きびしい,厳しい,strict,N4
1222590,きぶん,気分,mood,N4
1591420,きまる,決る,to be decided,N4
1247250,きみ,君,(informal) You (used by men towards women),N4
1254180,きめる,決める,to decide,N4
1591430,きもち,気持ち,"feeling,mood",N4
1423240,きもの,着物,kimono,N4
1226630,きゃく,客,"guest,customer",N4
1228560,きゅう,急,"urgent, steep",N4
1228690,きゅうこう,急行,"speedy, express",N4
1236950,きょういく,教育,education,N4
1237030,きょうかい,教会,church,N4
1234140,きょうそう,競争,competition,N4
1238410,きょうみ,興味,an interest,N4
1242350,きんじょ,近所,neighbourhood,N4
1592500,ぐあい,具合,"condition,health",N4
1245470,くうき,空気,"air,atmosphere",N4
1245570,くうこう,空港,airport,N4
1401910,くさ,草,grass,N4
1184280,くださる,,(respectful) to give,N4
1592270,くび,首,neck,N4
1173100,くも,雲,cloud,N4
1483540,くらべる,比べる,to compare,N4
1269130,くれる,呉れる,to give,N4
1514960,くれる,暮れる,"to get dark,to come to an end",N4
1247260,くん,君,suffix for familiar young male,N4
1533820,け,毛,hair or fur,N4
1252090,けいかく,計画,to plan,N4
1251270,けいけん,経験,to experience,N4
1251320,けいざい,経済,"finance,economy",N4
1252390,けいさつ,警察,police,N4
1047860,ケーキ,,cake,N4
1200220,けが,怪我,to injure,N4
1250870,けしき,景色,"scene,landscape",N4
1350080,けしゴム,消しゴム,eraser,N4
1185290,げしゅく,下宿,lodging,N4
1254130,けっして,決して,never,N4
2853889,けれど,,however,N4
2853889,けれども,,however,N4
1261190,げんいん,原因,"cause,source",N4
1257040,けんか,喧嘩,to quarrel,N4
1258520,けんきゅう,研究,research,N4
1258570,けんきゅうしつ,研究室,"study room,laboratory",N4
1260000,けんぶつ,見物,sightseeing,N4
1307770,こ,子,child,N4
1004310,こう,斯う,this way,N4
1282490,こうがい,郊外,outskirts,N4
1282260,こうぎ,講義,lecture,N4
1278040,こうぎょう,工業,the manufacturing industry,N4
1283500,こうこう,高校,high school,N4
1283510,こうこうせい,高校生,high school student,N4
1578700,こうじょう,工場,factory,N4
1279590,こうちょう,校長,headmaster,N4
1272280,こうつう,交通,"traffic,transportation",N4
1282340,こうどう,講堂,auditorium,N4
1283860,こうとうがっこう,高等学校,high school,N4
1274820,こうむいん,公務員,government worker,N4
1286400,こくさい,国際,international,N4
1360480,こころ,心,"core,heart",N4
1270390,ごしゅじん,御主人,(honorable) your husband,N4
1267180,こしょう,故障,to break-down,N4
1593570,ごぞんじ,ご存じ,"knowing,acquaintance",N4
1449530,こたえ,答,response,N4
1593590,ごちそう,,a feast,N4
2524270,こと,,"thing,matter",N4
1348530,ことり,小鳥,small bird,N4
1004690,このあいだ,,"the other day,recently",N4
1004710,このごろ,,"these days,nowadays",N4
1295530,こまかい,細かい,"small, fine",N4
1369900,ごみ,塵,rubbish,N4
1593410,こむ,込む,to be crowded,N4
1508750,こめ,米,uncooked rice,N4
2217040,ごらんになる,,(respectful) to see,N4
1004790,これから,,after this,N4
1593480,こわい,怖い,frightening,N4
1199890,こわす,壊す,to break,N4
1199900,こわれる,壊れる,to be broken,N4
1051970,コンサート,,concert,N4
1289370,こんど,今度,"now,next time",N4
1053350,コンピュータ,,computer,N4
1053350,コンピューター,,computer,N4
1289520,こんや,今夜,tonight,N4
1293780,さいきん,最近,"latest,nowadays",N4
1293810,さいご,最後,"last,end",N4
1293990,さいしょ,最初,"beginning,first",N4
1297110,さか,坂,"slope,hill",N4
1593670,さがす,探す,to look for,N4
1184160,さがる,下る,"to get down,to descend",N4
1379750,さかん,盛ん,"popularity,prosperous",N4
1184170,さげる,下げる,"to hang,to lower,to move back",N4
1291270,さしあげる,差し上げる,(polite) to give,N4
1005180,さっき,先,some time ago,N4
1579720,さびしい,寂しい,lonely,N4
1293640,さらいげつ,さ来月,the month after next,N4
1293650,さらいしゅう,さ来週,the week after next,N4
1057850,サラダ,,salad,N4
1403040,さわぐ,騒ぐ,"to make noise,to be excited",N4
1357980,さわる,触る,to touch,N4
1303770,さんぎょう,産業,industry,N4
1058480,サンダル,,sandal,N4
1058580,サンドイッチ,,sandwich,N4
1304680,ざんねん,残念,disappointment,N4
1308090,し,市,city,N4
1315130,じ,字,character,N4
1312420,しあい,試合,"match,game",N4
1594110,しかた,仕方,method,N4
1394730,しかる,然る,a particular,N4
1312350,しけん,試験,examination,N4
1313850,じこ,事故,accident,N4
1421210,じしん,地震,earthquake,N4
1316300,じだい,時代,era,N4
1185930,したぎ,下着,underwear,N4
1310260,したく,支度,to prepare,N4
1594400,しっかり,,"firmly,steadily",N4
1320140,しっぱい,失敗,"failure,mistake",N4
1595270,じてん,辞典,dictionary,N4
1490670,しなもの,品物,goods,N4
1304420,しばらく,,little while,N4
1446760,しま,島,island,N4
1308690,しみん,市民,citizen,N4
1314400,じむしょ,事務所,office,N4
1322700,しゃかい,社会,"society,public",N4
1322920,しゃちょう,社長,company president,N4
1323500,じゃま,,"hindrance,intrusion",N4
1065680,ジャム,,jam,N4
1318720,じゆう,自由,freedom,N4
1333090,しゅうかん,習慣,"custom,manners",N4
1334080,じゅうしょ,住所,"an address,a residence",N4
1335440,じゅうどう,柔道,judo,N4
1335080,じゅうぶん,十分,enough,N4
1339460,しゅっせき,出席,to attend,N4
1340000,しゅっぱつ,出発,to depart,N4
1329000,しゅみ,趣味,hobby,N4
1341670,じゅんび,準備,to prepare,N4
1351430,しょうかい,紹介,introduction,N4
1347870,しょうがっこう,小学校,elementary school,N4
1348430,しょうせつ,小説,novel,N4
1349610,しょうたい,招待,to invite,N4
1349480,しょうち,承知,to consent,N4
1347710,しょうらい,将来,"future,prospects",N4
1358490,しょくじ,食事,to have a meal,N4
1358680,しょくりょうひん,食料品,groceries,N4
1345250,じょせい,女性,woman,N4
1420410,しらせる,知らせる,to notify,N4
1429060,しらべる,調べる,to investigate,N4
1367300,じんこう,人口,population,N4
1364670,じんじゃ,神社,Shinto shrine,N4
1365250,しんせつ,親切,kindness,N4
1360930,しんぱい,心配,to worry,N4
1362400,しんぶんしゃ,新聞社,newspaper company,N4
1371320,すいえい,水泳,swimming,N4
1371920,すいどう,水道,water supply,N4
1372800,ずいぶん,,extremely,N4
1372980,すうがく,数学,"mathematics,arithmetic",N4
1066680,スーツ,,suit,N4
1066690,スーツケース,,suitcase,N4
1195970,すぎる,過ぎる,to exceed,N4
1586265,すく,空く,to become empty,N4
1068550,スクリーン,,screen,N4
1374550,すごい,凄い,terrific,N4
1365980,すすむ,進む,to make progress,N4
1006110,すっかり,,completely,N4
1006140,すっと,,"straight,all of a sudden",N4
1070280,ステーキ,,steak,N4
1322320,すてる,捨てる,to throw away,N4
1070650,ステレオ,,stereo,N4
1291500,すな,砂,sand,N4
1397300,すばらしい,,wonderful,N4
1208640,すべる,滑る,"to slide,to slip",N4
1246440,すみ,隅,"corner,nook",N4
1295070,すむ,済む,to finish,N4
1567450,すり,掏摸,pickpocket,N4
1006280,すると,,then,N4
1378860,せいかつ,生活,to live,N4
1378990,せいさん,生産,to produce,N4
1375970,せいじ,政治,"politics,government",N4
1381100,せいよう,西洋,western countries,N4
1373860,せかい,世界,the world,N4
1382250,せき,席,seat,N4
1386460,せつめい,説明,explanation,N4
1472800,せなか,背中,back of the body,N4
1374530,ぜひ,,without fail,N4
1374300,せわ,世話,to look after,N4
1391780,せん,線,line,N4
1395620,ぜんぜん,全然,not entirely (used in a negative sentence),N4
1390360,せんそう,戦争,war,N4
1388410,せんぱい,先輩,senior,N4
1006610,そう,,really,N4
1401210,そうだん,相談,to discuss,N4
1160570,そだてる,育てる,"to rear,to bring up",N4
1405890,そつぎょう,卒業,graduation,N4
1396840,そふ,祖父,grandfather,N4
1075500,ソフト,,soft,N4
1396860,そぼ,祖母,grandmother,N4
1007000,それで,,because of that,N4
1007040,それに,,moreover,N4
1007060,それほど,,to that extent,N4
1345605,そろそろ,,"gradually,soon",N4
1007130,そんな,,that sort of,N4
2008740,そんなに,,"so much,like that",N4
1411300,たいいん,退院,to leave hospital,N4
1413260,だいがくせい,大学生,university student,N4
1413940,だいじ,大事,"important,valuable,serious matter",N4
1414470,だいたい,大体,generally,N4
1414580,たいてい,大抵,usually,N4
1075940,タイプ,,"type,style",N4
1414920,だいぶ,大分,greatly,N4
1596780,たいふう,台風,typhoon,N4
1445790,たおれる,倒れる,to break down,N4
1007310,だから,,"so,therefore",N4
1596930,たしか,確か,definite,N4
1404700,たす,足す,to add a number,N4
1518070,たずねる,訪ねる,to visit,N4
1369940,たずねる,尋ねる,to ask,N4
1376600,ただしい,正しい,correct,N4
1356750,たたみ,畳,Japanese straw mat,N4
1551530,たてる,立てる,to stand something up,N4
1257330,たてる,建てる,to build,N4
1556370,たとえば,例えば,for example,N4
1416700,たな,棚,shelves,N4
1207250,たのしみ,楽しみ,joy,N4
1207270,たのしむ,楽む,to enjoy oneself,N4
1634500,たまに,,occasionally,N4
1157080,ため,為,in order to,N4
1409110,だめ,,no good,N4
1404740,たりる,足りる,to be enough,N4
1420160,だんせい,男性,male,N4
1419860,だんぼう,暖房,heating,N4
1255060,ち,血,blood,N4
1077550,チェック,,to check,N4
1554820,ちから,力,"strength,power",N4
1007560,ちっとも,,not at all (used with a negative verb),N4
1007660,ちゃん,,suffix for familiar female person,N4
1426530,ちゅうい,注意,caution,N4
1423650,ちゅうがっこう,中学校,"junior high school,middle school",N4
1426590,ちゅうしゃ,注射,injection,N4
1426920,ちゅうしゃじょう,駐車場,parking lot,N4
1421540,ちり,地理,geography,N4
1597780,つかまえる,捕まえる,to seize,N4
1255430,つき,月,moon,N4
1495740,つく,付く,to be attached,N4
1433680,つける,漬ける,"to soak,to pickle",N4
1444980,つごう,都合,"circumstances,convenience",N4
1441870,つたえる,伝える,to report,N4
1405790,つづく,続く,to be continued,N4
1405800,つづける,続ける,to continue,N4
1584060,つつむ,包む,to wrap,N4
1294330,つま,妻,(humble) wife,N4
1382980,つもり,積もり,intention,N4
1434120,つる,釣る,to fish,N4
1559290,つれる,連れる,to lead,N4
1427360,ていねい,丁寧,polite,N4
1079290,テキスト,,"text,text book",N4
1437450,てきとう,適当,suitability,N4
1340460,できるだけ,,as much as possible,N4
1328190,てつだう,手伝う,to assist,N4
1080000,テニス,,tennis,N4
1328090,てぶくろ,手袋,glove,N4
1315240,てら,寺,temple,N4
1441390,てん,点,"point,dot",N4
1440670,てんいん,店員,shop assistant,N4
1438770,てんきよほう,天気予報,weather forecast,N4
1443660,でんとう,電灯,electric light,N4
1443760,でんぽう,電報,telegram,N4
1440660,てんらんかい,展覧会,exhibition,N4
1621470,と,都,metropolitan,N4
1454180,どうぐ,道具,"tool,means",N4
1449890,とうとう,到頭,"finally, after all",N4
1451490,どうぶつえん,動物園,zoo,N4
1177820,とおく,遠く,distant,N4
1433030,とおる,通る,to go through,N4
1454670,とくに,特に,"particularly,especially",N4
1455280,とくべつ,特別,special,N4
1349410,とこや,,barber,N4
1582200,とちゅう,途中,on the way,N4
1454750,とっきゅう,特急,limited express train (faster than an express train),N4
1457210,とどける,届ける,to reach,N4
1474850,とまる,泊まる,to lodge at,N4
1310670,とめる,止める,to stop something,N4
1326830,とりかえる,取り替える,to exchange,N4
1599340,どろぼう,泥棒,thief,N4
1009320,どんどん,,more and more,N4
1599390,なおす,直す,"to fix,to repair",N4
2846390,なおる,直る,"to be fixed,to be repaired",N4
1599400,なおる,治る,"to be cured,to heal",N4
1599420,なかなか,中々,considerably,N4
1229840,なく,泣く,to weep,N4
1529550,なくなる,無くなる,"to disappear,to get lost",N4
1518540,なくなる,亡くなる,to die,N4
1447000,なげる,投げる,to throw or cast away,N4
1157090,なさる,,(respectful) to do,N4
1532910,なる,鳴る,to sound,N4
1375620,なるべく,,as much as possible,N4
1375820,なるほど,,now I understand,N4
1212670,なれる,慣れる,to grow accustomed to,N4
1599760,におい,,a smell,N4
1244310,にがい,苦い,bitter,N4
1599800,にかいだて,二階建て,two storied,N4
1450330,にげる,逃げる,to escape,N4
1463930,にっき,日記,journal,N4
1465720,にゅういん,入院,to hospitalise,N4
1465850,にゅうがく,入学,to enter school or university,N4
1314600,にる,似る,to be similar,N4
1367120,にんぎょう,人形,"doll, figure",N4
1448440,ぬすむ,盗む,to steal,N4
1444270,ぬる,塗る,"to paint,to plaster",N4
1467620,ぬれる,,to get wet,N4
1600160,ねだん,,price,N4
1467710,ねつ,熱,fever,N4
1467910,ねっしん,,enthusiasm,N4
1360320,ねぼう,寝坊,sleeping in late,N4
1529330,ねむい,眠い,sleepy,N4
1529390,ねむる,眠る,to sleep,N4
1304510,のこる,残る,to remain,N4
1600280,のど,喉,throat,N4
1600470,のりかえる,乗り換える,to change between buses or trains,N4
1600530,のりもの,乗り物,vehicle,N4
1546550,は,葉,leaf,N4
1355810,ばあい,場合,situation,N4
1100810,パート,,part time,N4
1473230,ばい,倍,double,N4
1472270,はいけん,拝見,(humble) to look at,N4
1313080,はいしゃ,歯医者,dentist,N4
1172660,はこぶ,運ぶ,to transport,N4
1307550,はじめる,始める,to begin,N4
1355850,ばしょ,場所,location,N4
1476430,はず,筈,it should be so,N4
1421630,はずかしい,恥ずかしい,embarrassed,N4
1101570,パソコン,,personal computer,N4
1477170,はつおん,発音,pronunciation,N4
1010150,はっきり,,clearly,N4
1194660,はなみ,花見,cherry-blossom viewing,N4
1555440,はやし,林,"woods,forester",N4
1501620,はらう,払う,to pay,N4
1482340,ばんぐみ,番組,television or radio program,N4
1480670,はんたい,反対,opposition,N4
1096770,ハンドバッグ,,handbag　,N4
1463770,ひ,日,"day, sun",N4
1193610,ひ,火,fire,N4
1106400,ピアノ,,piano,N4
1556630,ひえる,冷える,to grow cold,N4
1272780,ひかり,光,light,N4
1272820,ひかる,光る,"to shine,to glitter",N4
1601650,ひきだし,引き出し,"drawer,drawing out",N4
1601660,ひきだす,引き出す,to withdraw,N4
1601810,ひげ,髭,beard,N4
1485520,ひこうじょう,飛行場,airport,N4
1227370,ひさしぶり,久しぶり,after a long time,N4
1486460,びじゅつかん,美術館,art gallery,N4
1484930,ひじょうに,非常に,extremely,N4
1226360,びっくり,,to be surprised,N4
1169340,ひっこす,引っ越す,to move house,N4
1487660,ひつよう,必要,necessary,N4
1602060,ひどい,,awful,N4
1202440,ひらく,開く,to open an event,N4
1106010,ビル,,building or bill,N4
1581710,ひるま,昼間,"daytime,during the day",N4
1426290,ひるやすみ,昼休み,noon break,N4
1332570,ひろう,拾う,"to pick up,to gather",N4
1108180,ファックス,,fax,N4
1602440,ふえる,増える,to increase,N4
1362640,ふかい,深い,deep,N4
1501350,ふくざつ,複雑,"complexity,complication",N4
1500800,ふくしゅう,復習,revision,N4
1499460,ぶちょう,部長,head of a section,N4
1497190,ふつう,普通,"usually, or a train that stops at every station",N4
1499230,ぶどう,葡萄,grapes,N4
1408220,ふとる,太る,to become fat,N4
1496890,ふとん,布団,"Japanese bedding, futon",N4
1602800,ふね,舟,ship,N4
1494860,ふべん,不便,inconvenience,N4
1450270,ふむ,踏む,to step on,N4
1282770,ふりだす,降り出す,to start to rain,N4
1116840,プレゼント,,present,N4
1505120,ぶんか,文化,culture,N4
1505190,ぶんがく,文学,literature,N4
1505600,ぶんぽう,文法,grammar,N4
1509430,べつ,別,different,N4
1120010,ベル,,bell,N4
1510640,へん,変,strange,N4
1512220,へんじ,返事,reply,N4
1520120,ぼうえき,貿易,trade,N4
1516750,ほうそう,放送,to broadcast,N4
1517480,ほうりつ,法律,law,N4
1521400,ぼく,僕,I (used by males),N4
1376310,ほし,星,star,N4
1436510,ほど,程,extent,N4
1522050,ほとんど,,mostly,N4
1603550,ほめる,,to praise,N4
1523400,ほんやく,翻訳,translation,N4
1302070,まいる,参る,"(humble) to go,to come",N4
1497980,まける,負ける,to lose,N4
1364360,まじめ,,serious,N4
1387240,まず,先ず,first of all,N4
1524990,または,,"or,otherwise",N4
1215330,まちがえる,間違える,to make a mistake,N4
1215260,まにあう,間に合う,to be in time for,N4
1604290,まわり,周り,surroundings,N4
1604300,まわる,回る,to go around,N4
1526920,まんが,漫画,comic,N4
1604350,まんなか,真ん中,middle,N4
1259140,みえる,見える,to be in sight,N4
1267280,みずうみ,湖,lake,N4
1527040,みそ,味噌,bean paste,N4
1604550,みつかる,見つかる,to be discovered,N4
1604570,みつける,見つける,to discover,N4
1202150,みな,皆,everybody,N4
1279990,みなと,港,harbour,N4
1604800,むかう,向かう,to face,N4
1253190,むかえる,迎える,to go out to meet,N4
1382370,むかし,昔,"olden days, former",N4
1426680,むし,虫,insect,N4
1404390,むすこ,息子,(humble) son,N4
1531190,むすめ,娘,(humble) daughter,N4
1530970,むり,無理,impossible,N4
1346370,めしあがる,召し上がる,(polite) to eat,N4
1431850,めずらしい,珍しい,rare,N4
1362950,もうしあげる,申し上げる,"(humble) to say,to tell",N4
1363090,もうす,申す,"(humble) to be called,to say",N4
2015610,もうすぐ,,soon,N4
2607730,もし,,if,N4
1535780,もちろん,,of course,N4
1293700,もっとも,最も,extremely,N4
1535880,もどる,戻る,to turn back,N4
1534870,もめん,木綿,cotton,N4
1535910,もらう,,to receive,N4
1362490,もり,森,forest,N4
1350600,やく,焼く,"to bake,to grill",N4
1538130,やくそく,約束,promise,N4
1537980,やくにたつ,役に立つ,to be helpful,N4
1350610,やける,焼ける,"to burn,to be roasted",N4
1539040,やさしい,優しい,kind,N4
1605510,やせる,痩せる,to become thin,N4
1012800,やっと,,at last,N4
2772770,やはり,,"as I thought,absolutely",N4
1012810,やっぱり,,"as I thought,absolutely",N4
1310640,やむ,止む,to stop,N4
1310680,やめる,止める,to stop,N4
1605630,やわらかい,柔らかい,soft,N4
1448580,ゆ,湯,hot water,N4
1538820,ゆしゅつ,輸出,to export,N4
1538870,ゆにゅう,輸入,to import,N4
1309650,ゆび,指,finger,N4
1310050,ゆびわ,指輪,finger ring,N4
1529410,ゆめ,夢,dream,N4
1545710,ゆれる,揺れる,"to shake,to sway",N4
1546200,よう,用,use,N4
1546220,ようい,用意,preparation,N4
1546300,ようじ,用事,things to do,N4
1179005,よごれる,汚れる,to get dirty,N4
1543070,よしゅう,予習,preparation for a lesson,N4
1543240,よてい,予定,arrangement,N4
1543750,よやく,予約,reservation,N4
1219680,よる,寄る,to visit,N4
1218760,よろこぶ,喜ぶ,to be delighted,N4
1224880,よろしい,,"(respectful) OK,all right",N4
1550140,りゆう,理由,reason,N4
1549660,りよう,利用,utilization,N4
1554010,りょうほう,両方,both sides,N4
1553130,りょかん,旅館,Japanese hotel,N4
1552760,るす,留守,absence,N4
1557290,れいぼう,冷房,air conditioning,N4
1558050,れきし,歴史,history,N4
1145130,レジ,,register,N4
1145990,レポート,,report,N4
1145990,リポート,,report,N4
1559900,れんらく,連絡,contact,N4
1148520,ワープロ,,word processor,N4
1501660,わかす,沸かす,"to boil,to heat",N4
1606590,わかれる,別れる,to separate,N4
1606680,わく,沸く,"to boil, to grow hot,to get excited",N4
1538330,わけ,訳,"meaning,reason",N4
1519230,わすれもの,忘れ物,lost article,N4
1351360,わらう,笑う,"to laugh,to smile",N4
1606810,わりあい,割合,"rate,ratio,percentage",N4
1208020,われる,割れる,to break,N4
2005990,およぎかた,泳ぎ方,way of swimming,N4
1198180,あう,会う,to meet,N5
1381380,あお,青,blue,N5
1381390,あおい,青い,blue,N5
2013900,あか,赤,red,N5
1383240,あかい,赤い,red,N5
1532350,あかるい,明い,bright,N5
1332650,あき,秋,autumn,N5
1586270,あく,開く,"to open, to become open",N5
1202450,あける,開ける,to open,N5
1352320,あげる,上げる,to give,N5
1428280,あさ,朝,morning,N5
1586330,あさごはん,朝御飯,breakfast,N5
1584640,あさって,,day after tomorrow,N5
1404630,あし,足,"foot, leg",N5
1584660,あした,明日,tomorrow,N5
1000320,あそこ,,over there,N5
1542160,あそぶ,遊ぶ,"to play, to make a visit",N5
1586420,あたたかい,暖かい,warm,N5
1582310,あたま,頭,head,N5
1361490,あたらしい,新しい,new,N5
1483185,あちら,,there,N5
1343460,あつい,暑い,hot,N5
1467720,あつい,熱い,hot to the touch,N5
1275320,あつい,厚い,"kind, deep, thick",N5
1483185,あっち,,over there,N5
1269320,あと,後,afterwards,N5
1223615,あなた,貴方,you,N5
1249900,あに,兄,(humble) older brother,N5
1307630,あね,姉,(humble) older sister,N5
1000430,あの,,um...,N5
1017760,アパート,,apartment,N5
1547450,あびる,,"to bathe, to shower",N5
1218380,あぶない,危ない,dangerous,N5
1213400,あまい,甘い,sweet,N5
1584930,あまり,,not very,N5
1171900,あめ,雨,rain,N5
1153520,あめ,飴,candy,N5
1390930,あらう,洗う,to wash,N5
1296400,ある,有る,"to be,to have (used for inanimate objects)",N5
1514320,あるく,歩く,to walk,N5
2847612,あれ,,that,N5
2820690,いい,,good,N5
1605820,よい,良い,good,N5
1583250,いいえ,,no,N5
1587040,いう,言う,to say,N5
1191730,いえ,家,house,N5
2845606,いかが,,how,N5
1578850,いく,行く,to go,N5
1219960,いくつ,,"how many?,how old?",N5
1219980,いくら,,how much?,N5
1421700,いけ,池,pond,N5
1159980,いしゃ,医者,medical doctor,N5
1157070,いす,,chair,N5
1519290,いそがしい,忙しい,"busy, irritated",N5
1432680,いたい,痛い,painful,N5
1160790,いち,一,one,N5
1576260,いちにち,一日,first of the month,N5
1165970,いちばん,,"best, first",N5
1188760,いつ,何時,when,N5
1268570,いつか,五日,"five days, fifth day",N5
1163400,いっしょ,一緒,together,N5
1268070,いつつ,五つ,five,N5
1188890,いつも,,always,N5
1258330,いぬ,犬,dog,N5
1288850,いま,今,now,N5
1156800,いみ,意味,meaning,N5
1524590,いもうと,妹,(humble) younger sister,N5
1587610,いや,嫌,unpleasant,N5
1582820,いりぐち,入口,entrance,N5
1577980,いる,居る,"to be, to have (used for people and animals)",N5
1546640,いる,要る,to need,N5
1465610,いれる,入れる,to put in,N5
1357600,いろ,色,colour,N5
1587850,いろいろ,,various,N5
1352130,うえ,上,on top of,N5
1269410,うしろ,後ろ,behind,N5
1475480,うすい,薄い,"thin,weak",N5
1193180,うた,歌,song,N5
1588120,うたう,歌う,to sing,N5
1378690,うまれる,生まれる,to be born,N5
1201190,うみ,海,sea,N5
1473950,うる,売る,to sell,N5
1481920,うるさい,煩い,"noisy, annoying",N5
1580340,うわぎ,上着,jacket,N5
1202270,え,絵,picture,N5
1173720,えいが,映画,movie,N5
1173750,えいがかん,映画館,cinema,N5
1174420,えいご,英語,English language,N5
1001140,ええ,,yes,N5
1175140,えき,駅,station,N5
1030630,エレベーター,,elevator,N5
1178590,えんぴつ,鉛筆,pencil,N5
1486650,おいしい,,delicious,N5
1407460,おおい,多い,many,N5
1588880,おおきい,大きい,big,N5
1412890,おおきな,大きな,big,N5
1414220,おおぜい,大勢,great number of people,N5
1002650,おかあさん,お母さん,(honorable) mother,N5
1001710,おかし,お菓子,"sweets, candy",N5
1001820,おかね,お金,money,N5
1223640,おきる,起きる,to get up,N5
1421850,おく,置く,to put,N5
1179330,おくさん,奥さん,(honorable) wife,N5
1329015,おさけ,お酒,"alcohol, rice wine",N5
1299685,おさら,お皿,"plate, dish",N5
1002320,おじいさん,,"grandfather, male senior citizen",N5
1236900,おしえる,教える,"to teach, to tell",N5
2261490,おじさん,,"uncle, middle aged gentleman",N5
1180470,おす,押す,"to push, to stamp something",N5
1421970,おそい,遅い,"late, slow",N5
1002430,おちゃ,お茶,green tea,N5
1002100,おてあらい,お手洗い,bathroom,N5
1002590,おとうさん,お父さん,(honorable) father,N5
1581930,おとうと,弟,younger brother,N5
1419990,おとこ,男,Man,N5
1420010,おとこのこ,男の子,Boy,N5
1576050,おととい,一昨日,day before yesterday,N5
1576060,おととし,一昨年,year before last,N5
1414170,おとな,大人,Adult,N5
1002610,おなか,,stomach,N5
1451750,おなじ,同じ,same,N5
1001830,おにいさん,お兄さん,(honorable) older brother,N5
1001990,おねえさん,お姉さん,(honorable) older sister,N5
1002330,おばあさん,,"grandmother, female senior-citizen",N5
2261500,おばさん,伯母さん,Aunt,N5
2220600,おふろ,お風呂,Bath,N5
1513065,おべんとう,お弁当,boxed lunch,N5
1206050,おぼえる,覚える,to remember,N5
1002120,おまわりさん,,friendly term for policeman,N5
1335750,おもい,重い,Heavy,N5
1533580,おもしろい,,Interesting,N5
1174340,およぐ,泳ぐ,to swim,N5
1589500,おりる,降りる,"to get off, to descend",N5
1589600,おわる,終る,to finish,N5
1183720,おんがく,音楽,Music,N5
1344930,おんな,女,Woman,N5
1344970,おんなのこ,女の子,Girl,N5
1203620,がいこく,外国,foreign country,N5
1203650,がいこくじん,外国人,Foreigner,N5
1198550,かいしゃ,会社,Company,N5
1203090,かいだん,階段,Stairs,N5
1589730,かいもの,買い物,Shopping,N5
1473740,かう,買う,to buy,N5
1512130,かえす,返す,to return something,N5
1221270,かえる,帰る,to go back,N5
1207590,かかる,掛かる,to take time or money,N5
1260490,かぎ,鍵,Key,N5
1343950,かく,書く,to write,N5
1206900,がくせい,学生,Student,N5
1207610,かける,掛ける,to call by phone,N5
1301940,かさ,傘,Umbrella,N5
1411160,かす,貸す,to lend,N5
1499720,かぜ,風,Wind,N5
1583720,かぜ,風邪,a cold,N5
1192150,かぞく,家族,Family,N5
1516925,かた,方,"person, way of doing",N5
1206730,がっこう,学校,School,N5
1037670,カップ,,Cup,N5
1192280,かてい,家庭,Household,N5
1206110,かど,角,a corner,N5
1208910,かばん,鞄,"bag, basket",N5
1194870,かびん,花瓶,a vase,N5
1311530,かみ,紙,paper,N5
1038350,カメラ,,camera,N5
1194290,かようび,火曜日,Tuesday,N5
1365850,からい,辛い,Spicy,N5
1409140,からだ,体,Body,N5
1323560,かりる,借りる,to borrow,N5
1252560,かるい,軽い,Light,N5
1039140,カレー,,Curry,N5
1039220,カレンダー,,calendar,N5
1390020,かわ,川,River,N5
1390020,かわ,河,River,N5
1577200,かわいい,,Cute,N5
1213170,かんじ,漢字,Chinese character,N5
1534520,き,木,"tree, wood",N5
1576760,きいろ,黄色,yellow,N5
1182030,きいろい,黄色い,yellow,N5
1350040,きえる,消える,to disappear,N5
1591110,きく,聞く,"to hear, to listen to, to ask",N5
1520670,きた,北,North,N5
1042820,ギター,,Guitar,N5
1178940,きたない,汚い,Dirty,N5
1226440,きっさてん,喫茶店,coffee lounge,N5
1385070,きって,切手,postage stamp,N5
1385170,きっぷ,切符,Ticket,N5
1579260,きのう,昨日,Yesterday,N5
1578150,きゅう,九,Nine,N5
1578150,く,九,Nine,N5
1231580,ぎゅうにく,牛肉,Beef,N5
1231590,ぎゅうにゅう,牛乳,Milk,N5
1579110,きょう,今日,Today,N5
1237150,きょうしつ,教室,Classroom,N5
1249960,きょうだい,兄弟,(humble) siblings,N5
1231690,きょねん,去年,last year,N5
1257240,きらい,嫌い,Hate,N5
1384830,きる,切る,to cut,N5
1423000,きる,着る,to put on from the shoulders down,N5
1591900,きれい,,"pretty, clean",N5
1042610,キロ,,Kilogram,N5
1042620,キログラム,,Kilogram,N5
1042650,キロメートル,,Kilometer,N5
1243490,ぎんこう,銀行,Bank,N5
1243320,きんようび,金曜日,Friday,N5
1538160,くすり,薬,medicine,N5
1184270,ください,,Please,N5
1193060,くだもの,果物,Fruit,N5
1275640,くち,口,"mouth, opening",N5
1246700,くつ,靴,Shoes,N5
1246740,くつした,靴下,Socks,N5
1592250,くに,国,Country,N5
1592340,くもり,曇り,cloudy weather,N5
1457560,くもる,曇る,"to become cloudy, to become dim",N5
1154330,くらい,暗い,Gloomy,N5
1044070,クラス,,Class,N5
1046810,グラム,,Gram,N5
1547720,くる,来る,to come,N5
1323080,くるま,車,"car, vehicle",N5
1287410,くろ,黒,Black,N5
1287420,くろい,黒い,black,N5
1252330,けいかん,警官,policeman,N5
1579100,けさ,今朝,this morning,N5
1350110,けす,消す,"to erase, to turn off power",N5
1254760,けっこう,結構,"splendid, enough",N5
1254790,けっこん,結婚,Marriage,N5
1255890,げつようび,月曜日,Monday,N5
1263400,げんかん,玄関,entry hall,N5
1260720,げんき,元気,"health, vitality",N5
1268060,ご,五,Five,N5
1273270,こうえん,公園,Park,N5
1592970,こうさてん,交差点,intersection,N5
1280770,こうちゃ,紅茶,black tea,N5
1272500,こうばん,交番,police box,N5
1380440,こえ,声,Voice,N5
1049000,コート,,"coat, tennis court",N5
1049180,コーヒー,,Coffee,N5
1288810,ここ,此処,Here,N5
1268990,ごご,午後,afternoon,N5
1243850,ここのか,九日,"nine days, ninth day",N5
1243600,ここのつ,九つ,Nine,N5
1269060,ごぜん,午前,morning,N5
1449540,こたえる,答える,to answer,N5
1004500,こちら,,this person or way,N5
1004500,こっち,此方,this person or way,N5
2846389,コップ,,a glass,N5
1579130,ことし,今年,this year,N5
1264540,ことば,言葉,"word, language",N5
1307850,こども,子供,Child,N5
1582920,この,此の,This,N5
1270590,ごはん,御飯,"cooked rice, meal",N5
1050590,コピー,,to copy,N5
1289590,こまる,困る,to be worried,N5
2216120,これ,,This,N5
1289100,こんげつ,今月,this month,N5
1289220,こんしゅう,今週,this week,N5
1004880,こんな,,Such,N5
1289470,こんばん,今晩,this evening,N5
1005110,さあ,,well…,N5
1296970,さいふ,財布,Wallet,N5
1578010,さかな,魚,Fish,N5
1387210,さき,先,"the future, previous",N5
1297210,さく,咲く,to bloom,N5
1297960,さくぶん,作文,"composition, writing",N5
1291330,さす,差す,"to stretch out hands, to raise an umbrella",N5
1299400,ざっし,雑誌,Magazine,N5
1291600,さとう,砂糖,Sugar,N5
1210360,さむい,寒い,Cold,N5
1293660,さらいねん,さ来年,year after next,N5
1579350,さん,三,Three,N5
1303620,さんぽ,散歩,to stroll,N5
1579470,し,四,Four,N5
1579470,よん,四,Four,N5
1576630,しお,塩,Salt,N5
1505990,しかし,然し,However,N5
1315920,じかん,時間,Time,N5
1304970,しごと,仕事,Job,N5
1318970,じしょ,辞書,Dictionary,N5
1381820,しずか,静か,Quiet,N5
1184140,した,下,Below,N5
1319210,しち,七,Seven,N5
1319210,なな,七,Seven,N5
1320760,しつもん,質問,Question,N5
1318290,じてんしゃ,自転車,Bicycle,N5
1318400,じどうしゃ,自動車,Automobile,N5
1310730,しぬ,死ぬ,to die,N5
1315140,じびき,字引,Dictionary,N5
1318610,じぶん,自分,Oneself,N5
1436560,しまる,閉まる,"to close, to be closed",N5
1508590,しめる,閉める,to close something,N5
1436570,しめる,締める,to tie,N5
1005900,じゃ,,well then…,N5
1005900,じゃあ,,well then…,N5
1321900,しゃしん,写真,photograph,N5
1061520,シャツ,,Shirt,N5
1061820,シャワー,,Shower,N5
1579840,じゅう,十,Ten,N5
1579840,とお,十,Ten,N5
1330290,じゅぎょう,授業,"lesson, class work",N5
1337270,しゅくだい,宿題,homework,N5
1353320,じょうず,上手,Skillful,N5
1580480,じょうぶ,丈夫,"strong, durable",N5
1595020,しょうゆ,,soy sauce,N5
1358550,しょくどう,食堂,dining hall,N5
1420470,しる,知る,to know,N5
1474900,しろ,白,White,N5
1474910,しろい,白い,White,N5
1362360,しんぶん,新聞,newspaper,N5
1372190,すいようび,水曜日,Wednesday,N5
1228260,すう,吸う,"to smoke, to suck",N5
1067470,スカート,,Skirt,N5
1277450,すき,好き,Likeable,N5
1348910,すくない,少ない,a few,N5
1430620,すぐに,,Instantly,N5
1348870,すこし,少し,Few,N5
1554370,すずしい,涼しい,Refreshing,N5
1070790,ストーブ,,Heater,N5
1072590,スプーン,,Spoon,N5
1073210,スポーツ,,Sport,N5
1074260,ズボン,,Trousers,N5
1334040,すむ,住む,to live in,N5
1073900,スリッパ,,Slippers,N5
1157170,する,為る,to do,N5
1291800,すわる,座る,to sit,N5
2147990,せ,背,"height, stature",N5
1379380,せいと,生徒,Pupil,N5
1074270,セーター,,"sweater, jumper",N5
1382590,せっけん,,soap,N5
1472740,せびろ,背広,business suit,N5
1237680,せまい,狭い,Narrow,N5
2839962,ゼロ,,Zero,N5
1388740,せん,千,Thousand,N5
1387500,せんげつ,先月,last month,N5
1387870,せんしゅう,先週,last week,N5
1387990,せんせい,先生,"teacher, doctor",N5
1390980,せんたく,洗濯,Washing,N5
1396130,ぜんぶ,全部,All,N5
1399790,そうじ,掃除,"to clean, to sweep",N5
1612860,そうして,,And,N5
1006730,そして,,And,N5
1006670,そこ,其処,that place,N5
1006780,そちら,,over there,N5
1006780,そっち,,over there,N5
1203250,そと,外,Outside,N5
1006830,その,其の,That,N5
1403830,そば,側,"near, beside",N5
1245290,そら,空,Sky,N5
2216210,それ,,that,N5
1006980,それから,,after that,N5
1406050,それでは,,in that situation,N5
1413240,だいがく,大学,university,N5
1413890,たいしかん,大使館,embassy,N5
1414150,だいじょうぶ,大丈夫,all right,N5
1413660,だいすき,大好き,to be very likeable,N5
1414340,たいせつ,大切,important,N5
1412640,だいどころ,台所,kitchen,N5
1415000,たいへん,大変,difficult situation,N5
1283190,たかい,高い,"tall, expensive",N5
1415870,たくさん,,many,N5
1076190,タクシー,,taxi,N5
1338180,だす,出す,to put out,N5
1597040,たつ,立つ,to stand,N5
1335640,たて,縦,"length,height",N5
1257540,たてもの,建物,building,N5
1207240,たのしい,楽しい,enjoyable,N5
1548370,たのむ,頼む,to ask,N5
1597150,たばこ,,"tobacco,cigarettes",N5
1407980,たぶん,多分,probably,N5
1358340,たべもの,食べ物,food,N5
1358280,たべる,食べる,to eat,N5
1549140,たまご,卵,egg,N5
1416830,だれ,誰,who,N5
1416840,だれか,誰か,somebody,N5
1419110,たんじょうび,誕生日,birthday,N5
2546180,だんだん,,gradually,N5
1347750,ちいさい,小さい,little,N5
2136180,ちいさな,小さな,little,N5
1242130,ちかい,近い,near,N5
1158880,ちがう,違う,to differ,N5
1242160,ちかく,近く,near,N5
1420900,ちかてつ,地下鉄,underground train,N5
1421290,ちず,地図,map,N5
1422720,ちゃいろ,茶色,brown,N5
1597530,ちゃわん,,rice bowl,N5
1427340,ちょうど,丁度,exactly,N5
1163940,ちょっと,,somewhat,N5
2225040,ついたち,一日,first of month,N5
1305990,つかう,使う,to use,N5
1483740,つかれる,疲れる,to get tired,N5
1316380,つぎ,次,next,N5
1422970,つく,着く,to arrive at,N5
1220210,つくえ,机,desk,N5
1597890,つくる,作る,to make,N5
1495770,つける,付ける,to turn on,N5
1240825,つとめる,勤める,to work for someone,N5
1008190,つまらない,,boring,N5
1556730,つめたい,冷たい,cold to the touch,N5
1236070,つよい,強い,powerful,N5
1327190,て,手,hand,N5
1078750,テープ,,tape,N5
1078630,テーブル,,table,N5
1078810,テープレコーダー,,tape recorder,N5
1598550,でかける,出かける,to go out,N5
1327720,てがみ,手紙,letter,N5
1340450,できる,出来る,to be able to,N5
1338850,でぐち,出口,exit,N5
1079760,テスト,,test,N5
1008450,では,,with that...,N5
1083590,デパート,,department store,N5
1008460,でも,,but,N5
1338240,でる,出る,"to appear,to leave",N5
1080510,テレビ,,television,N5
1438690,てんき,天気,weather,N5
1443000,でんき,電気,"electricity,electric light",N5
1443530,でんしゃ,電車,electric train,N5
1443840,でんわ,電話,telephone,N5
1266970,と,戸,Japanese style door,N5
1087820,ドア,,Western style door,N5
1084810,トイレ,,toilet,N5
1008910,どう,如何,"how,in what way",N5
1466940,どうして,,for what reason,N5
1189130,どうぞ,,please,N5
1451470,どうぶつ,動物,animal,N5
1009000,どうも,,thanks,N5
1177800,とおい,遠い,far,N5
1335000,とおか,十日,"ten days,the tenth day",N5
1598680,ときどき,時々,sometimes,N5
1316140,とけい,時計,"watch,clock",N5
1577140,どこ,,where,N5
1343100,ところ,所,place,N5
1468060,とし,年,year,N5
1370420,としょかん,図書館,library,N5
1189360,どちら,,which of two,N5
1189360,どっち,,which,N5
1008630,とても,,very,N5
1189370,どなた,,who,N5
1555830,となり,隣,next door to,N5
1920240,どの,何の,which,N5
1429700,とぶ,飛ぶ,"to fly,to hop",N5
1310620,とまる,止まる,to come to a halt,N5
1540170,ともだち,友達,friend,N5
1445590,どようび,土曜日,Saturday,N5
1430250,とり,鳥,bird,N5
1253020,とりにく,とり肉,chicken meat,N5
1326980,とる,取る,to take something,N5
1298790,とる,撮る,to take a photo or record a film,N5
1009290,どれ,,which (of three or more),N5
1089890,ナイフ,,knife,N5
1423310,なか,中,middle,N5
1429750,ながい,長い,long,N5
1532870,なく,鳴く,"animal noise. to chirp, roar or croak etc.",N5
1529530,なくす,無くす,to lose something,N5
1577120,なぜ,,why,N5
1191320,なつ,夏,summer,N5
1191420,なつやすみ,夏休み,summer holiday,N5
1582300,など,,et cetera,N5
1319220,ななつ,七つ,seven,N5
1579630,なのか,七日,"seven days,the seventh day",N5
1531710,なまえ,名前,name,N5
1333070,ならう,習う,to learn,N5
1508380,ならぶ,並ぶ,"to line up,to stand in a line",N5
1508390,ならべる,並べる,"to line up,to set up",N5
1375610,なる,,to become,N5
2846738,なん,何,what,N5
1577100,なに,何,what,N5
1461140,に,二,two,N5
1463480,にぎやか,賑やか,"bustling,busy",N5
1463520,にく,肉,meat,N5
1380840,にし,西,west,N5
1464900,にちようび,日曜日,Sunday,N5
1195430,にもつ,荷物,luggage,N5
1091500,ニュース,,news,N5
1436130,にわ,庭,garden,N5
1416400,ぬぐ,脱ぐ,to take off clothes,N5
1183300,ぬるい,温い,luke warm,N5
1092820,ネクタイ,,"tie,necktie",N5
1467640,ねこ,猫,cat,N5
1360010,ねる,寝る,"to go to bed,to sleep",N5
1093450,ノート,,"notebook,exercise book",N5
1352570,のぼる,登る,to climb,N5
1600430,のみもの,飲み物,a drink,N5
1169870,のむ,飲む,to drink,N5
1355120,のる,乗る,"to get on,to ride",N5
1313000,は,歯,tooth,N5
1100760,パーティー,,party,N5
1010080,はい,,yes,N5
1201940,はいざら,灰皿,ashtray,N5
1465590,はいる,入る,"to enter,to contain",N5
1546590,はがき,葉書,postcard,N5
1607260,はく,履く,"to wear,to put on trousers",N5
1585650,はこ,箱,box,N5
1237410,はし,橋,bridge,N5
1476410,はし,箸,chopsticks,N5
1307500,はじまる,始まる,to begin,N5
1342540,はじめ,初め,beginning,N5
1342540,はじめ,始め,beginning,N5
1342550,はじめて,初めて,for the first time,N5
1402540,はしる,走る,to run,N5
1098390,バス,,bus,N5
1098620,バター,,butter,N5
1600790,はたち,二十歳,"20 years old,20th year",N5
1451150,はたらく,働く,to work,N5
1583090,はち,八,eight,N5
1600850,はつか,二十日,"twenty days,twentieth",N5
1194500,はな,花,flower,N5
1486720,はな,鼻,nose,N5
1600900,はなし,話,"talk,story",N5
1562350,はなす,話す,to speak,N5
1404975,はやい,早い,early,N5
1404975,はやい,速い,quick,N5
1341000,はる,春,spring,N5
1427900,はる,貼る,to stick,N5
1376460,はれ,晴れ,clear weather,N5
1376470,はれる,晴れる,to be sunny,N5
1478750,はん,半,half,N5
1482110,ばん,晩,evening,N5
1103090,パン,,bread,N5
1096420,ハンカチ,,handkerchief,N5
1482290,ばんごう,番号,number,N5
1601340,ばんごはん,晩御飯,evening meal,N5
1479890,はんぶん,半分,half minute,N5
1447440,ひがし,東,east,N5
1169250,ひく,引く,to pull,N5
1419370,ひく,弾く,"to play an instrument with strings, including piano",N5
1434180,ひくい,低い,"short,low",N5
1485470,ひこうき,飛行機,aeroplane,N5
1290800,ひだり,左,left hand side,N5
1580640,ひと,人,person,N5
1160820,ひとつ,一つ,one,N5
1162130,ひとつき,一月,one month,N5
1576150,ひとり,一人,one person,N5
1577280,ひま,暇,free time,N5
1488000,ひゃく,百,hundred,N5
1490220,びょういん,病院,hospital,N5
1490230,びょうき,病気,illness,N5
1426250,ひる,昼,"noon, daytime",N5
1602340,ひるごはん,昼御飯,midday meal,N5
1278410,ひろい,広い,"spacious,wide",N5
1109380,フィルム,,roll of film,N5
1499690,ふうとう,封筒,envelope,N5
1115150,プール,,swimming pool,N5
1110110,フォーク,,fork,N5
1370760,ふく,吹く,to blow,N5
1500940,ふく,服,clothes,N5
1461160,ふたつ,二つ,two,N5
1457440,ぶたにく,豚肉,pork,N5
1582670,ふたり,二人,two people,N5
1462900,ふつか,二日,"two days, second day of the month",N5
1408180,ふとい,太い,fat,N5
1446070,ふゆ,冬,winter,N5
1282790,ふる,降る,"to fall, e.g. rain or snow",N5
1265070,ふるい,古い,old (not used for people),N5
1500100,ふろ,風呂,bath,N5
1505470,ぶんしょう,文章,"sentence,text",N5
1120410,ページ,,page,N5
1185200,へた,下手,unskillful,N5
1119650,ベッド,,bed,N5
1120990,ペット,,pet,N5
1499320,へや,部屋,room,N5
1512070,へん,辺,area,N5
1121380,ペン,,pen,N5
1512670,べんきょう,勉強,to study,N5
1512610,べんり,便利,"useful, convenient",N5
1519170,ぼうし,帽子,hat,N5
1123590,ボールペン,,ball-point pen,N5
1203260,ほか,,"other, the rest",N5
1124970,ポケット,,pocket,N5
1547330,ほしい,欲しい,want,N5
1125150,ポスト,,post,N5
1295510,ほそい,細い,thin,N5
1182880,ボタン,,button,N5
1122650,ホテル,,hotel,N5
1522150,ほん,本,book,N5
1522980,ほんだな,本棚,bookshelves,N5
1523060,ほんとう,本当,truth,N5
1524700,まいあさ,毎朝,every morning,N5
1584350,まいげつ,毎月,every month,N5
1584350,まいつき,毎月,every month,N5
1524690,まいしゅう,毎週,every week,N5
1524720,まいにち,毎日,every day,N5
1584360,まいねん,毎年,every year,N5
1584360,まいとし,毎年,every year,N5
1524730,まいばん,毎晩,every night,N5
1392580,まえ,前,before,N5
1239730,まがる,曲る,"to turn,to bend",N5
1495000,まずい,不味い,unpleasant,N5
1524930,また,又,"again,and",N5
1527110,まだ,,"yet,still",N5
1603990,まち,町,"town,city",N5
1410590,まつ,待つ,to wait,N5
1580600,まっすぐ,,"straight ahead,direct",N5
2784220,マッチ,,match,N5
1401400,まど,窓,window,N5
1604230,まるい,丸い,"round,circular",N5
1604230,まるい,円い,"round,circular",N5
1584460,まん,万,ten thousand,N5
1526360,まんねんひつ,万年筆,fountain pen,N5
1523940,みがく,磨く,"to brush teeth, to polish",N5
1171010,みぎ,右,right side,N5
1418620,みじかい,短い,short,N5
1371260,みず,水,water,N5
1582120,みせ,店,shop,N5
1259210,みせる,見せる,to show,N5
1454080,みち,道,street,N5
1301330,みっか,三日,"three days, third day of the month",N5
1299740,みっつ,三つ,three,N5
1555300,みどり,緑,green,N5
1202170,みなさん,皆さん,everyone,N5
1459870,みなみ,南,south,N5
1317170,みみ,耳,ear,N5
1259290,みる,見る,"to see, to watch",N5
1259290,みる,観る,"to see, to watch",N5
1202150,みんな,,everyone,N5
1561470,むいか,六日,"six days, sixth day of the month",N5
1277140,むこう,向こう,over there,N5
1460850,むずかしい,難しい,difficult,N5
1585315,むっつ,六つ,six,N5
1406820,むら,村,village,N5
1604890,め,目,eye,N5
1132570,メートル,,metre,N5
1577670,めがね,眼鏡,glasses,N5
1012480,もう,,already,N5
2005860,もういちど,もう一度,again,N5
1534890,もくようび,木曜日,Thursday,N5
1315720,もつ,持つ,to hold,N5
1012620,もっと,,more,N5
1502390,もの,物,thing,N5
1584800,もん,門,gate,N5
1536010,もんだい,問題,problem,N5
1476960,やおや,八百屋,greengrocer,N5
1537370,やさい,野菜,vegetable,N5
1157000,やさしい,易しい,"easy, simple",N5
1153670,やすい,安い,cheap,N5
1227500,やすみ,休み,"rest,holiday",N5
1227560,やすむ,休む,to rest,N5
1583095,やっつ,八つ,eight,N5
1302680,やま,山,mountain,N5
1012980,やる,遣る,to do,N5
1542790,ゆうがた,夕方,evening,N5
1584910,ゆうはん,夕飯,dinner,N5
1542430,ゆうびんきょく,郵便局,post office,N5
1542640,ゆうべ,昨夜,last night,N5
1541620,ゆうめい,有名,famous,N5
1386500,ゆき,雪,snow,N5
1578850,ゆく,行く,to go,N5
1013050,ゆっくり,,slowly,N5
1476920,ようか,八日,"eight days, eighth day of the month",N5
1546020,ようふく,洋服,western-style clothes,N5
1605870,よく,良く,"often, well",N5
1180570,よこ,横,"beside,side,width",N5
1307320,よっか,四日,"four days, fouth day of the month",N5
1307040,よっつ,四つ,four,N5
1266440,よぶ,呼ぶ,"to call out,to invite",N5
1456360,よむ,読む,to read,N5
1536350,よる,夜,"evening,night",N5
1324520,よわい,弱い,weak,N5
1547900,らいげつ,来月,next month,N5
1548010,らいしゅう,来週,next week,N5
1548220,らいねん,来年,next year,N5
1138860,ラジオ,,radio,N5
1138960,ラジカセ,,radio cassette player,N5
1138900,ラジオカセット,,radio cassette player,N5
1551790,りっぱ,立派,splendid,N5
1552750,りゅうがくせい,留学生,overseas student,N5
1602710,りょうしん,両親,both parents,N5
1554310,りょうり,料理,cuisine,N5
1553170,りょこう,旅行,travel,N5
1557630,れい,零,zero,N5
1557110,れいぞうこ,冷蔵庫,refrigerator,N5
1144940,レコード,,record,N5
1145310,レストラン,,restaurant,N5
1559160,れんしゅう,練習,to practice,N5
1560670,ろうか,廊下,corridor,N5
1585310,ろく,六,six,N5
1148640,ワイシャツ,,business shirt,N5
1324300,わかい,若い,young,N5
1606560,わかる,分かる,to be understood,N5
1519210,わすれる,忘れる,to forget,N5
2842390,わたくし,私,"(humble) I,myself",N5
1311110,わたし,私,"I,myself",N5
1444610,わたす,渡す,to hand over,N5
1444680,わたる,渡る,to go across,N5
1151260,わるい,悪い,bad,N5
1013190,より,,Used for comparison.,N5
1516930,ほう,方,Used for comparison.,N5
