word,transliteration,meaning,part_of_speech,root,binyan,cefr_level
לא,l',"No, no, no, no, no, no, no, no, no.",adv,,,A1
זה,zh,That's it.,pron,,,A1
הוא,hv',He's the one.,pron,,,A1
מה,mh,What?,pron,,,A1
גם,gm,Also,adv,,,A1
יש,ysh,There are,verb,,,A1
יותר,yvtr,More,adv,,,A1
רק,rk,Only,adv,,,A1
אין,'yn,There is no,verb,,,A1
אל,'l,I'm not sure.,adv,,,A1
ישראל,yshr'l,Israel is Israel.,propn,,,A1
לו,lv,"If it is, then it is.",adv,,,A1
שלי,shly,My own.,propn,,,A1
כך,chch,This is how it is.,adv,,,A1
הלך,hlch,He went away.,verb,ה-ל-כ,PAAL,A1
שלא,shl',"No, no, no, no. This is the first time.",adv,,,A1
שם,shm,The name,adv,,,A1
אז,'z,So then,adv,,,A1
טוב,tvv,All right,adj,,,A1
כן,chn,Yes,adv,,,A1
עוד,'vd,More and more.,adv,,,A1
מי,my,Who's who?,pron,,,A1
בית,vyt,Home is where the heart is.,noun,,,A1
שלו,shlv,His own.,adv,,,A1

כבר,chvr,It's already,adv,,,A1
דבר,dvr,A word or two.,noun,,,A1
איך,'ych,How?,adv,,,A1
בן,vn,Son of a bitch.,propn,,,A1
למה,lmh,Why?,adv,,,A1
לה,lh,to her.,propn,,,A1
צריך,tzrych,I need to.,verb,,,A1
אותי,'vty,me  me,pron,,,A1
עכשיו,'chshyv,Now  now,adv,,,A1
היום,hyvm,Today is the day.,adv,,,A1
הרבה,hrvh,A lot.,adv,,,A1
יד,yd,hand hand,noun,,,A1
יום,yvm,Day by day.,noun,,,A1
אדם,'dm,Adam is a human being.,noun,,,A1
רצה,rtzh,I want to.,verb,ר-צ-ה,PAAL,A1
אותו,'vtv,It's the same person.,pron,,,A1
מאוד,m'vd,"Very, very much.",adv,,,A1
ביותר,vyvtr,The most common.,adv,,,A1
עשה,'shh,Do it  do it,verb,ע-ש-ה,PAAL,A1
שיש,shysh,There is a possibility that there is a,noun,,,A1
אחר,'chr,Other Other,adj,,,A1
פעם,f'm,Once upon a time,adv,,,A1
כאן,ch'n,"Here, here, here.",adv,,,A1
שנה,shnh,Year  year  year,noun,,,A1
איש,'ysh,A man is a man.,noun,,,A1
אפשר,'fshr,It is possible.,verb,,,A1
ממש,mmsh,Really,adv,,,A1
משהו,mshhv,Something is wrong.,noun,,,A1
אמר,'mr,He said,verb,א-מ-ר,PAAL,A1
זמן,zmn,Time  Time,noun,,,A1
חיים,chyym,Life is life.,propn,,,A1
נראה,nr'h,We'll see.,verb,נ-ר-ה,NIFAL,A1
בה,vh,"In the meantime, I'm going to try to make it work.",adv,,,A1
דרך,drch,Through the way.,noun,,,A1
פה,fh,Here's to you.,adv,,,A1
אולי,'vly,Maybe,adv,,,A1
ידע,yd',Knowledge is knowledge.,verb,י-ד-ע,PAAL,A1
ראש,r'sh,Head to head.,noun,,,A1
בני,vny,My son is a young man.,propn,,,A1
פי,fy,F F F F,propn,,,A1
תמיד,tmyd,Always always always,adv,,,A1
האם,h'm,The mother,adv,,,A1
פשוט,fshvt,It's very simple.,adv,,,A1
אפילו,'fylv,Even then,adv,,,A1
עדיין,'dyyn,Still still.,adv,,,A1
מקום,mkvm,A place,noun,,,A1
ראה,r'h,See also See,verb,ר-א-ה,PAAL,A1
אביב,'vyv,Spring is here.,noun,,,A1
גדול,gdvl,A great big one.,adj,,,A1
הן,hn,They're both.,adv,,,A1
חלק,chlk,Part of it.,noun,,,A1
ספר,sfr,A book,noun,,,A1
רב,rv,Rabbi  Rabbi,verb,,PAAL,A1
נכון,nchvn,That's right,adj,,,A1
קצת,ktzt,Just a little bit.,adv,,,A1
כולם,chvlm,They're all there.,noun,,,A1
קשה,kshh,"It's hard, it's hard.",adj,,,A1
אי,'y,I'm not sure.,adv,,,A1
שוב,shvv,Once again,adv,,,A1
בא,v',Come and see me.,verb,,PAAL,A1
כלל,chll,The rule is,adv,,,A1
לב,lv,heart.,propn,,,A1
מישהו,myshhv,Somebody someone,noun,,,A1
עבודה,'vvdh,A job is a job.,noun,,,A1
הכי,hchy,The best of the best.,adv,,,A1
ניתן,nytn,We can give.,verb,נ-ת-נ,NIFAL,A1
חבר,chvr,A friend is a friend.,noun,,,A1
תודה,tvdh,Thank you Thank you,noun,,,A1
עצמו,'tzmv,himself.,pron,,,A1
שלום,shlvm,Hello,intj,,,A1
ילד,yld,A boy is a boy.,noun,,,A1
יפה,yfh,It's very beautiful.,adj,,,A1
אחרת,'chrt,Differently.,adv,,,A1
די,dy,The ones.,adv,,,A1
קיבל,kyvl,Received received,verb,ק-ב-ל,PIEL,A1
דקה,dkh,One minute.,noun,,,A1
יחד,ychd,Together together together together together together together together together,adv,,,A1
כאילו,ch'ylv,As if,adv,,,A1
כתב,chtv,A newspaper.,noun,,,A1
סוף,svf,"Finally, finally.",noun,,,A1
אהב,'hv,I love you very much.,verb,א-ה-ב,PAAL,A1
בכלל,vchll,at all.,adv,,,A1
בעל,v'l,Husband is a husband.,noun,,,A1
חדש,chdsh,What's new is new.,adj,,,A1
חשוב,chshvv,It is important.,adj,,,A1
ירושלים,yrvshlym,Jerusalem is the city of Jerusalem.,propn,,,A1
בלבד,vlvd,It's just a matter of time before it's done.,adv,,,A1
שונה,shvnh,Different from each other.,adj,,,A1
בת,vt,daughter.,noun,,,A1
הגיע,hgy',It's here.,verb,ג-י-ע,HIFIL,A1
נמצא,nmtz',We've found it.,verb,נ-מ-א,NIFAL,A1
שב,shv,That's what I'm talking about.,verb,,PAAL,A1
צריכה,tzrychh,need to need.,noun,,,A1
הנה,hnh,Here it is.,adv,,,A1
חשב,chshv,He thought.,verb,ח-ש-ב,PAAL,A1
כלום,chlvm,Nothing at all,noun,,,A1
שאת,sh't,What you are.,adv,,,A1
שלכם,shlchm,Yours  Yours,adv,,,A1
יהודי,yhvdy,Jewish,noun,,,A1
מדי,mdy,Too much too soon.,adv,,,A1
חייב,chyyv,Must have.,noun,,,A1
ראשון,r'shvn,First of all.,propn,,,A1
תל,tl,Get out of the way.,propn,,,A1
בעיקר,v'ykr,"Mainly, mainly.",adv,,,A1
נתן,ntn,I'm not going to lie.,verb,נ-ת-נ,PAAL,A1
איפה,'yfh,Where,adv,,,A1
דין,dyn,Dean is the one who made the decision.,noun,,,A1
כסף,chsf,Money is money.,noun,,,A1
משה,mshh,Moshe,propn,,,A1
פחות,fchvt,Less than that.,adv,,,A1
קטן,ktn,A small one.,adj,,,A1
בלתי,vlty,It is impossible.,adv,,,A1
דוד,dvd,Uncle David is the one.,propn,,,A1
ככה,chchh,That's how it is.,adv,,,A1
קשר,kshr,connection.,noun,,,A1
שעה,sh'h,An hour,noun,,,A1
אמא,'m',Mommy is the mother.,noun,,,A1
בר,vr,A bar is a bar.,adj,,,A1
חוק,chvk,The law is the law.,noun,,,A1
ברור,vrvr,It's obvious.,adj,,,A1
הבא,hv',The next step is to make sure that you're ready.,adv,,,A1
לכן,lchn,That's why,adv,,,A1
מצא,mtz',Find the foundation.,verb,מ-צ-א,PAAL,A1
קודם,kvdm,First of all,adv,,,A1
חברה,chvrh,company.,noun,,,A1
יצא,ytz',It's out there.,verb,י-צ-א,PAAL,A1
כלומר,chlvmr,That is to say.,adv,,,A1
מים,mym,Water is water.,noun,,,A1
מערכת,m'rcht,system system system system system system system system system,noun,,,A1
שינה,shynh,Sleeping is the key to success.,verb,ש-נ-ה,PIEL,A1
רבי,rvy,Rabbi,noun,,,A1
רוב,rvv,The majority.,noun,,,A1
הגיד,hgyd,Tell the truth.,verb,ג-י-ד,HIFIL,A1
מעט,m't,Just a little bit.,adv,,,A1
אבא,'v',Dad is my dad.,propn,,,A1
כמובן,chmvvn,"Of course, of course.",adv,,,A1
שר,shr,Ministers of State.,noun,,,A1
אוכל,'vchl,Food,noun,,,A1
הרי,hry,It's the same thing as the rocks.,adv,,,A1
זהו,zhv,That's it,pron,,,A1
כנראה,chnr'h,Probably,adv,,,A1
לפחות,lfchvt,At least,adv,,,A1
הספיק,hsfyk,Enough is enough,verb,ה-ס-ק,PAAL,A1
עולם,'vlm,The whole world.,noun,,,A1
למשל,lmshl,"For example,",adv,,,A1
משחק,mshchk,Playing a game.,noun,,,A1
כוח,chvch,Power is power.,noun,,,A1
למעלה,lm'lh,Upstairs  Upstairs,adv,,,A1
למעשה,lm'shh,In fact actually,adv,,,A1
מחדש,mchdsh,It's been a long time coming.,adv,,,A1
משרד,mshrd,"Office, office.",noun,,,A1
נוסף,nvsf,Another one more,adj,,,A1
עלייה,'lyyh,Growth is a matter of debate.,noun,,,A1
יהודה,yhvdh,Judah,propn,,,A1
יצחק,ytzchk,Isaac was born.,propn,,,A1
עובד,'vvd,It works.,noun,,,A1
ערב,'rv,In the evening.,noun,,,A1
רגע,rg',Wait a minute,noun,,,A1
הבין,hvyn,Understand,verb,ב-י-נ,HIFIL,A1
שבת,shvt,Saturdays are Saturdays.,propn,,,A1
אור,'vr,The light is shining.,noun,,,A1
במיוחד,vmyvchd,Especially special.,adv,,,A1
חוץ,chvtz,Except for that.,noun,,,A1
כלי,chly,Tools and tools.,noun,,,A1
מלא,ml',It's full.,adj,,,A1
נעשה,n'shh,Let's do it now.,verb,נ-ע-ה,NIFAL,A1
עבר,'vr,The past.,verb,,,A1
קרה,krh,It happened.,verb,ק-ר-ה,PAAL,A1
יוסף,yvsf,Joseph,propn,,,A1
יעקב,y'kv,Jacobs is the author of the book.,propn,,,A1
לילה,lylh,night.,noun,,,A1
דיבר,dyvr,He talked.,verb,ד-ב-ר,PIEL,A1
עולה,'vlh,It's going up.,noun,,,A1
חי,chy,He is alive.,verb,,PAAL,A1
ים,ym,the sea.,noun,,,A1
איתי,'yty,With me,propn,,,A1
חודש,chvdsh,Months in a row.,noun,,,A1
כבוד,chvvd,Respect is a matter of respect.,noun,,,A1
מתי,mty,When?,adv,,,A1
פנים,fnym,Face to face.,noun,,,A1
כיום,chyvm,Today is today.,adv,,,A1
לבד,lvd,Alone alone.,adv,,,A1
חזר,chzr,He came back again.,verb,ח-ז-ר,PAAL,A1
קרא,kr',Read and read.,verb,ק-ר-א,PAAL,A1
קל,kl,It's easy.,adj,,,A1
רע,r',Evil is evil.,adj,,,A1
יוצא,yvtz',It's coming out.,adj,,,A1
הביא,hvy',Bring it on.,verb,ב-י-א,HIFIL,A1
למד,lmd,Learn how to learn.,verb,,PAAL,A1
עבד,'vd,He worked hard.,verb,ע-ב-ד,PAAL,A1
מייד,myyd,Immediately,adv,,,A1
מעבר,m'vr,Passing through.,noun,,,A1
מת,mt,Dead,verb,,PAAL,A1
סוג,svg,Type  Type,noun,,,A1
ספק,sfk,Doubts are cast.,noun,,,A1
ארץ,'rtz,The land is the land.,noun,,,A1
מידע,myd',information about the information.,noun,,,A1
מצב,mtzv,The status of the situation.,noun,,,A1
משפט,mshft,A sentence is sentenced.,noun,,,A1
איתו,'ytv,With him  With him,adv,,,A1
דולר,dvlr,A dollar is a dollar.,noun,,,A1
כהן,chhn,Cohen is a member.,propn,,,A1
לפעמים,lf'mym,Sometimes sometimes,adv,,,A1
לקח,lkch,Lesson learned.,verb,,PAAL,A1
מדינה,mdynh,The country is a country.,noun,,,A1
ניסה,nysh,I tried.,verb,נ-ס-ה,PIEL,A1
שלמה,shlmh,The whole thing.,propn,,,A1
אסור,'svr,It is forbidden,adj,,,A1
"ד""ר",dr,"D""r",noun,,,A1
דווקא,dvvk',"In fact, it is.",adv,,,A1
חדשות,chdshvt,News is news.,noun,,,A1
שמע,shm',Listen to me now.,verb,ש-מ-ע,PAAL,A1
מהר,mhr,Fast and fast.,adv,,,A1
מחר,mchr,Tomorrow is the day.,adv,,,A1
עמד,'md,He stood up.,verb,ע-מ-ד,PAAL,A1
משפחה,mshfchh,Family Family,noun,,,A1
פעולה,f'vlh,Action Action,noun,,,A1
שאלה,sh'lh,A question is a question.,noun,,,A1
אלוהים,'lvhym,God is God.,noun,,,A1
גבר,gvr,A man is a man.,noun,,,A1
דומה,dvmh,It's very similar.,adj,,,A1
חשבת,chshvt,Have you thought about it?,noun,,,A1
מדוע,mdv',Why?,adv,,,A1
פרק,frk,Chapter 7 is about to end.,noun,,,A1
אבר,'vr,A member of the family.,noun,,,A1
אה,'h,"I mean, I'm going to have to go to the bathroom.",adv,,,A1
איתך,'ytch,With you  With you,adv,,,A1
אכן,'chn,"Yes, it is.",adv,,,A1
הים,hym,The sea is the sea.,propn,,,A1
הללו,hllv,These are the ones who are responsible.,pron,,,A1
כה,chh,So much so,adv,,,A1
מאוחר,m'vchr,Too late.,adv,,,A1
סיפור,syfvr,A story is a story.,noun,,,A1
עלה,'lh,Get up and go.,verb,ע-ל-ה,PAAL,A1
בוקר,vvkr,In the morning,noun,,,A1
בעיה,v'yh,There is a problem.,noun,,,A1
כדאי,chd'y,It's better to go.,verb,,,A1
אכל,'chl,I'm going to eat.,verb,א-כ-ל,PAAL,A1
מס,ms,"No, no, no. No, no. No, no. No, no.",noun,,,A1
ערך,'rch,Value  Value,noun,,,A1
אהבה,'hvh,Love is love.,noun,,,A1
מינה,mynh,Mina is the only one.,adv,,,A1
קיווה,kyvvh,There is hope.,verb,ק-י-ו,PIEL,A1
מרכז,mrchz,The center of the circle.,noun,,,A1
עונה,'vnh,The season.,noun,,,A1
עניין,'nyyn,Interestingly enough.,noun,,,A1
חיפה,chyfh,Keep an eye out.,propn,,,A1
לבן,lvn,White White,propn,,,A1
השתמש,hshtmsh,Use it,verb,ה-ש-ש,HITPAEL,A1
למקום,lmkvm,A place to a place.,adv,,,A1
דובר,dvvr,The speaker is the speaker.,verb,ד-ב-ר,PUAL,A1
סתם,stm,Just like that.,adv,,,A1
שימוש,shymvsh,Use  Use,noun,,,A1
שיר,shyr,Sing a song,noun,,,A1
אתמול,'tmvl,"Yesterday, yesterday, yesterday.",adv,,,A1
חזק,chzk,Strong and strong.,adj,,,A1
לוי,lvy,"Louis, who is also a lawyer.",propn,,,A1
מיוחד,myvchd,A special one.,adj,,,A1
מר,mr,Mr.,propn,,,A1
עליך,'lych,About you.,adv,,,A1
צורך,tzvrch,Necessity  Necessity,noun,,,A1
קרוב,krvv,Close to home.,adj,,,A1
רוח,rvch,Spirit is the spirit.,noun,,,A1
בטח,vtch,I'm sure you will.,adv,,,A1
הלא,hl',It's not the same.,adv,,,A1
המשיך,hmshych,Keep going.,verb,מ-ש-כ,HIFIL,A1
שמר,shmr,Keep in mind.,verb,ש-מ-ר,PAAL,A1
צוות,tzvvt,Team  Team,noun,,,A1
קצר,ktzr,Short  Short,adj,,,A1
אבי,'vy,My father.,propn,,,A1
אש,'sh,Fire  Fire.,noun,,,A1
הר,hr,The mountain.,noun,,,A1
חסר,chsr,What is missing is what is missing.,adj,,,A1
האמין,h'myn,The believer,verb,א-מ-נ,HIFIL,A1
ממה,mmh,From what?,pron,,,A1
מקרה,mkrh,A case in point.,noun,,,A1
ראשי,r'shy,The main one is,adj,,,A1
אח,'ch,My brother.,noun,,,A1
יורק,yvrk,York City is a city.,propn,,,A1
הכיר,hchyr,The wall of fame.,verb,כ-י-ר,HIFIL,A1
מלחמה,mlchmh,War  War,noun,,,A1
נכנס,nchns,He entered the room.,verb,נ-כ-ס,NIFAL,A1
נשמע,nshm',Sounds good to me.,verb,נ-ש-ע,NIFAL,A1
קיים,kyym,It exists.,adj,,,A1
שמח,shmch,Happy and happy.,adj,,,A1
אבן,'vn,A stone,noun,,,A1
אתר,'tr,Site,noun,,,A1
הוציא,hvtzy',Take it out.,verb,ו-צ-א,HIFIL,A1
למי,lmy,Who's who?,pron,,,A1
מין,myn,Sex is sex.,noun,,,A1
הרגיש,hrgysh,Feel the feeling,verb,ר-ג-ש,HIFIL,A1
סליחה,slychh,I'm sorry about that,intj,,,A1
דם,dm,Blood is blood.,noun,,,A1
כעת,ch't,Now now,adv,,,A1
נפש,nfsh,The soul is the soul.,noun,,,A1
סרט,srt,A movie is a movie.,noun,,,A1
פרס,frs,Prize Prize,propn,,,A1
"צה""ל",tzhl,The C.I.L.,propn,,,A1
תורה,tvrh,The Torah is written.,propn,,,A1
גבוה,gvvh,Very high  Very high,adj,,,A1
מיני,myny,It is a mini-series.,adj,,,A1
ממשלה,mmshlh,government,noun,,,A1
עיר,'yr,City  City,noun,,,A1
אביו,'vyv,His father.,propn,,,A1
אמת,'mt,The truth is the truth.,noun,,,A1
חזרה,chzrh,Back to the drawing board.,noun,,,A1
נשיא,nshy',The president is the president.,noun,,,A1
עין,'yn,The eye is on the ground.,noun,,,A1
שבוע,shvv',A week a week,noun,,,A1
שינוי,shynvy,Change is a change.,noun,,,A1
תוכנית,tvchnyt,The plan is a plan.,noun,,,A1
תמונה,tmvnh,The picture is,noun,,,A1
איזה,'yzh,What kind of,pron,,,A1
אמיתי,'myty,It's real and real.,adj,,,A1
ג'ון,gvn,J'on,propn,,,A1
גורם,gvrm,The cause.,noun,,,A1
הסכם,hschm,The agreement was signed.,noun,,,A1
ועדה,v'dh,The committee is a committee.,noun,,,A1
זכות,zchvt,Right to a right.,noun,,,A1
חד,chd,It's sharp.,adv,,,A1
מאיר,m'yr,Mair,propn,,,A1
מנהל,mnhl,The manager is the manager.,noun,,,A1
התחיל,htchyl,Let's get started.,verb,ת-ח-ל,HIFIL,A1
נקרא,nkr',Let's call it a day.,verb,נ-ק-א,NIFAL,A1
ציון,tzyvn,Zion is a symbol of Zion.,propn,,,A1
קו,kv,Line up the line.,noun,,,A1
שווה,shvvh,It's equal to,adj,,,A1
השבוע,hshvv',This week.,adv,,,A1
נורא,nvr',It's awful.,adj,,,A1
נשאר,nsh'r,Stayed here.,verb,נ-ש-ר,NIFAL,A1
פתח,ftch,Open the door.,verb,פ-ת-ח,PAAL,A1
קורא,kvr',Read the book.,noun,,,A1
גיל,gyl,The age of the child.,noun,,,A1
עזר,'zr,Help me to help you.,verb,ע-ז-ר,PAAL,A1
קנה,knh,Buying and buying.,verb,ק-נ-ה,PAAL,A1
רכב,rchv,Vehicle  Vehicle,noun,,,A1
רמה,rmh,Levels are high.,noun,,,A1
רשת,rsht,The network Network,noun,,,A1
ברוך,vrvch,Congratulations to you.,adj,,,A1
היטב,hytv,Very well.,adv,,,A1
בדק,vdk,Check it out in a minute.,verb,ב-ד-ק,PAAL,A1
שילם,shylm,Payment is paid.,verb,ש-ל-מ,PIEL,A1
עץ,'tz,A tree is a tree.,noun,,,A1
פעילות,f'ylvt,Activity is active.,noun,,,A1
קול,kvl,The voice is heard.,noun,,,A1
שכבר,shchvr,It's already,adv,,,A1
שמחה,shmchh,Joy is joy.,noun,,,A1
תקופה,tkvfh,The period of time,noun,,,A1
אירופ,'yrvf,Europe,noun,,,A1
הודעה,hvd'h,Message is a message.,noun,,,A1
חג,chg,Christmas is a holiday.,noun,,,A1
ישראלי,yshr'ly,I am an Israeli,adj,,,A1
כדור,chdvr,Ball Ball,noun,,,A1
להתחיל,lhtchyl,Start to start.,verb,ח-י-ל,HITPAEL,A1
לחלוטין,lchlvtyn,Absolutely completely,adv,,,A1
יצר,ytzr,It was created.,verb,י-צ-ר,PAAL,A1
נושא,nvsh',The theme is,noun,,,A1
סביב,svyv,Around the world.,adv,,,A1
סיבה,syvh,Reason for a reason.,noun,,,A1
שער,sh'r,Hair is a hair.,noun,,,A1
אמנם,'mnm,"Yes, they are.",adv,,,A1
קבוצה,kvvtzh,Group  Group,noun,,,A1
שרה,shrh,Sarah is the only one.,propn,,,A1
תהליך,thlych,process is a process.,noun,,,A1
איתה,'yth,With her.,adv,,,A1
ארגון,'rgvn,The organization is organized.,noun,,,A1
ברק,vrk,It's a great day to be alive.,propn,,,A1
גן,gn,The Garden of Eden.,noun,,,A1
הא,h',Ha Ha,propn,,,A1
זכר,zchr,The memorial is dedicated to him.,verb,ז-כ-ר,PAAL,A1
חלה,chlh,illness.,verb,ח-ל-ה,PAAL,A1
חוסר,chvsr,Lack of it.,noun,,,A1
חייו,chyyv,his life.,noun,,,A1
יכולת,ychvlt,You could have.,noun,,,A1
השיג,hshyg,The achievements were achieved.,verb,ש-י-ג,HIFIL,A1
מעלה,m'lh,Up and up.,adv,,,A1
מתאים,mt'ym,Suitable to fit.,adj,,,A1
גוף,gvf,body.,noun,,,A1
חדר,chdr,Room  Room,noun,,,A1
כרגע,chrg',Right now.,adv,,,A1
לאומי,l'vmy,national level.,adj,,,A1
בנה,vnh,Her son was born.,verb,ב-נ-ה,PAAL,A1
מנע,mn',Avoid it all.,verb,מ-נ-ע,PAAL,A1
ביקש,vyksh,He asked for it.,verb,ב-ק-ש,PIEL,A1
מעמד,m'md,The quality is good.,noun,,,A1
מקור,mkvr,Source,noun,,,A1
רשות,rshvt,The authorization.,noun,,,A1
שמואל,shmv'l,Samuel is the one.,propn,,,A1
שקל,shkl,It's not that easy.,noun,,,A1
דן,dn,I'm going to tell you something.,propn,,,A1
דעה,d'h,My opinion is clear.,noun,,,A1
חן,chn,It's a great way to get started.,propn,,,A1
מושג,mvshg,The concept is a concept.,noun,,,A1
מראה,mr'h,A mirror is a mirror.,noun,,,A1
משמעות,mshm'vt,Meaning  Meaning,noun,,,A1
סדר,sdr,Order and order.,noun,,,A1
עת,'t,The time is now.,noun,,,A1
צבי,tzvy,A deer is a deer.,propn,,,A1
קפה,kfh,Coffee and coffee.,noun,,,A1
שחור,shchvr,Black is black.,adj,,,A1
שמעון,shm'vn,Simon is the name of the group.,propn,,,A1
תרבות,trvvt,culture culture,noun,,,A1
הבנה,hvnh,Understanding,noun,,,A1
חינוך,chynvch,Education Education,noun,,,A1
יהודית,yhvdyt,Jewish Jewish,propn,,,A1
כנסת,chnst,The entrance is open.,propn,,,A1
לראשונה,lr'shvnh,For the first time,adv,,,A1
שאל,sh'l,He asked the question.,verb,ש-א-ל,PAAL,A1
ישב,yshv,Have a seat.,verb,י-ש-ב,PAAL,A1
מדהה,mdhh,This is a video.,adj,,,A1
מעולה,m'vlh,It's wonderful,adj,,,A1
תלוי,tlvy,Depends on the situation.,adj,,,A1
אוויר,'vvyr,Air is the air.,noun,,,A1
ארוך,'rvch,Long Long,adj,,,A1
חכם,chchm,Wise and wise.,noun,,,A1
טעם,t'm,It tastes good.,noun,,,A1
התמודד,htmvdd,Face it and face it.,verb,מ-ד-ד,HITPAEL,A1
מבית,mvyt,From home,noun,,,A1
מותר,mvtr,It is permissible,verb,,,A1
סימן,symn,The sign,noun,,,A1
ספורט,sfvrt,Sports Sports,noun,,,A1
רצח,rtzch,Murder is a crime.,noun,,,A1
שאר,sh'r,The rest of us.,noun,,,A1
אישי,'yshy,Personally.,adj,,,A1
חשבון,chshvvn,Account  Account,noun,,,A1
ישר,yshr,Straight up,adv,,,A1
כללי,chlly,The general rule.,adj,,,A1
העביר,h'vyr,The transfer is done.,verb,ע-ב-ר,HIFIL,A1
מצרים,mtzrym,Egypt,propn,,,A1
ניסיון,nysyvn,experience experience,noun,,,A1
נקודה,nkvdh,Point of view,noun,,,A1
עורך,'vrch,The editor.,noun,,,A1
צעיר,tz'yr,Young,noun,,,A1
שירות,shyrvt,Service is provided.,noun,,,A1
שלם,shlm,The whole thing.,adj,,,A1
אפשרות,'fshrvt,There is a possibility.,noun,,,A1
דף,df,The page is full of pages.,noun,,,A1
זוג,zvg,A couple is married.,noun,,,A1
יחסית,ychsyt,Relatively,adv,,,A1
ביצע,vytz',Execute the execution.,verb,ב-צ-ע,PIEL,A1
הפך,hfch,It's been turned around.,verb,ה-פ-כ,PAAL,A1
מכירה,mchyrh,Knowledge of each other.,noun,,,A1
מראש,mr'sh,In advance,adv,,,A1
נשק,nshk,Weapons and weapons.,noun,,,A1
סעיף,s'yf,Article of the article,noun,,,A1
פרי,fry,Fruit is fruit.,propn,,,A1
שאף,sh'f,I've never been to any of them.,adv,,,A1
שבין,shvyn,Between the two.,adv,,,A1
שלח,shlch,Send them a message.,verb,,,A1
אגב,'gv,"And by the way, it's a good idea.",adv,,,A1
אדום,'dvm,Red Red,adj,,,A1
ביקורת,vykvrt,Criticism is critical.,noun,,,A1
ברית,vryt,The covenant of the covenant.,noun,,,A1
גרוע,grv',It's worse.,adj,,,A1
היי,hyy,"Hey, hey, hey, hey, hey, hey, hey, hey, hey,",propn,,,A1
זונה,zvnh,A whore.,propn,,,A1
חומר,chvmr,The material.,noun,,,A1
יוף,yvf,"I mean, it's a lot of fun.",noun,,,A1
גרם,grm,A gram is a gram.,verb,ג-ר-מ,PAAL,A1
ישן,yshn,It's a sleeping bag.,verb,י-ש-נ,PAAL,A1
מדיניות,mdynyvt,Policy  Policy,noun,,,A1
מוצא,mvtz',The source is found.,noun,,,A1
מוקדם,mvkdm,It's too early.,adj,,,A1
צדק,tzdk,Justice and justice.,verb,צ-ד-ק,PAAL,A1
רחוק,rchvk,It's a long way off.,adj,,,A1
שדה,shdh,Fields of interest.,noun,,,A1
שיעור,shy'vr,Lesson to be learned.,noun,,,A1
שני,shny,Seconds  Seconds,adj,,,A1
תשובה,tshvvh,The answer is,noun,,,A1
אכפת,'chft,I care about you.,adv,,,A1
דור,dvr,Generations of people.,noun,,,A1
זהב,zhv,Gold is gold.,noun,,,A1
טובה,tvvh,Very good.,noun,,,A1
לאחרונה,l'chrvnh,Recently,adv,,,A1
בחר,vchr,Choose the right one.,verb,ב-ח-ר,PAAL,A1
להלן,lhln,Below is the list.,adv,,,A1
לחץ,lchtz,The pressure is on.,noun,,,A2
מאי,m'y,May is the month of May.,propn,,,A2
מילה,mylh,word for word,noun,,,A2
נגמר,ngmr,It's over.,verb,נ-ג-ר,NIFAL,A2
נעים,n'ym,It's nice to meet you.,propn,,,A2
סיכוי,sychvy,A chance to win.,noun,,,A2
פתאום,ft'vm,All of a sudden,adv,,,A2
טעות,t'vt,A mistake is a mistake.,noun,,,A2
יתר,ytr,The rest of us.,noun,,,A2
הסביר,hsvyr,Explain it to me.,verb,ס-ב-ר,HIFIL,A2
הפסיק,hfsyk,Stop it,verb,פ-ס-ק,HIFIL,A2
מבצע,mvtz',Operation  Operation,noun,,,A2
מחקר,mchkr,Research Research,noun,,,A2
סגן,sgn,Deputy,noun,,,A2
עמוד,'mvd,Page,noun,,,A2
קרן,krn,The radius,noun,,,A2
ראוי,r'vy,He deserves it.,adj,,,A2
שלישי,shlyshy,The third,propn,,,A2
תקווה,tkvvh,There is hope.,noun,,,A2
חוקי,chvky,Legal and legal.,adj,,,A2
יא,y',"Yes, it does.",propn,,,A2
למטה,lmth,Down below.,adv,,,A2
מסוים,msvym,A particular one,adj,,,A2
מעשה,m'shh,action action action.,noun,,,A2
עשוי,'shvy,Made of,adj,,,A2
פרשה,frshh,This is the first episode.,noun,,,A2
ציבור,tzyvvr,public public public,noun,,,A2
רעיון,r'yvn,An idea An idea,noun,,,A2
רקע,rk',Background,noun,,,A2
שכר,shchr,Wages and salaries.,noun,,,A2
שנייה,shnyyh,Seconds Seconds,noun,,,A2
ביטוי,vytvy,The expression,noun,,,A2
חבל,chvl,It's a shame,adv,,,A2
חיה,chyh,An animal is an animal.,verb,ח-י-ה,PAAL,A2
חיל,chyl,The army.,noun,,,A2
טיפול,tyfvl,Treatment Treatment,noun,,,A2
לאט,l't,Slowly and steadily.,adv,,,A2
לאן,l'n,Where to go.,adv,,,A2
פעל,f'l,Take action,verb,פ-ע-ל,PAAL,A2
מוזר,mvzr,It's weird.,adj,,,A2
מושלם,mvshlm,Perfectly perfect Perfectly perfect,adj,,,A2
מצחיק,mtzchyk,It's funny.,adj,,,A2
סמוך,smvch,Nearby,adj,,,A2
עברית,'vryt,Hebrew,propn,,,A2
עסק,'sk,Business is business.,noun,,,A2
צבא,tzv',The army is an army.,noun,,,A2
צד,tzd,Side by side.,noun,,,A2
קבע,kv',Fixed,verb,,,A2
תושב,tvshv,A resident of the city.,noun,,,A2
אופן,'vfn,The way,noun,,,A2
גבי,gvy,My back.,propn,,,A2
האי,h'y,The island is home to the island.,propn,,,A2
הצעה,htz'h,A proposal proposal,noun,,,A2
חולה,chvlh,The patient is sick.,noun,,,A2
חם,chm,It's hot.,adj,,,A2
כולו,chvlv,All of them.,pron,,,A2
כפר,chfr,A village is a village.,noun,,,A2
לגלות,lglvt,to discover.,verb,,,A2
לוח,lvch,Board  Board,noun,,,A2
פגע,fg',The damage was done.,verb,פ-ג-ע,PAAL,A2
מורה,mvrh,Teacher,noun,,,A2
הציע,htzy',The proposal was made.,verb,צ-י-ע,HIFIL,A2
נולד,nvld,Born,verb,נ-ל-ד,NIFAL,A2
נחמד,nchmd,Nice to meet you.,adj,,,A2
נחשב,nchshv,We are counted,verb,נ-ח-ב,NIFAL,A2
סופר,svfr,The author.,noun,,,A2
ראשית,r'shyt,The first one.,adv,,,A2
שיחה,shychh,A conversation is a conversation.,noun,,,A2
תפקיד,tfkyd,The role.,noun,,,A2
תקשורת,tkshvrt,The media,noun,,,A2
ויותר,vyvtr,And more.,adv,,,A2
זכה,zchh,The winner is the winner.,verb,ז-כ-ה,PAAL,A2
חייל,chyyl,Soldier is a soldier.,noun,,,A2
יחסים,ychsym,Relationships with other people.,noun,,,A2
כמוך,chmvch,Just like you.,adv,,,A2
הצליח,htzlych,Successfully managed.,verb,צ-ל-ח,HIFIL,A2
ניו,nyv,New  New,propn,,,A2
נתון,ntvn,The data,noun,,,A2
עזה,'zh,It's a great place to visit.,propn,,,A2
עמוק,'mvk,Deeply deeply,adj,,,A2
אחוז,'chvz,percent of the population.,noun,,,A2
אישית,'yshyt,Personally,adv,,,A2
איתם,'ytm,with them.,adv,,,A2
בידי,vydy,In my hands.,adv,,,A2
בלב,vlv,In the heart.,adv,,,A2
גוריון,gvryvn,Goryon is the name of the game.,propn,,,A2
כיף,chyf,Have fun with it.,noun,,,A2
מחיר,mchyr,Price is right.,noun,,,A2
מרדכי,mrdchy,Mordecai is the one.,propn,,,A2
פיתוח,fytvch,Development and development.,noun,,,A2
פרט,frt,Except for that.,noun,,,A2
קבלה,kvlh,Receipt Receipt,noun,,,A2
שמן,shmn,Fat,noun,,,A2
שקט,shkt,There is silence.,noun,,,A2
תיק,tyk,The case is filed.,noun,,,A2
תנאי,tn'y,Conditional conditions are met.,noun,,,A2
תנועה,tnv'h,Movement and movement.,noun,,,A2
אירוע,'yrv',Event  Event,noun,,,A2
היד,hyd,hand hand.,noun,,,A2
יוסי,yvsy,Usui is a member of the group.,propn,,,A2
חיפש,chyfsh,Searching for a new one.,verb,ח-פ-ש,PIEL,A2
לפנות,lfnvt,Turn around,verb,,,A2
מטר,mtr,The meters.,noun,,,A2
שטח,shtch,The area is flat.,noun,,,A2
אדון,'dvn,"Sir, my lord.",noun,,,A2
אחיו,'chyv,His brother.,propn,,,A2
באר,v'r,In a bar bar.,noun,,,A2
גל,gl,It's the same as the G.L.,propn,,,A2
דניאל,dny'l,Daniel is the author of,propn,,,A2
חופשי,chvfshy,free free,adj,,,A2
איחד,'ychd,together.,verb,א-ח-ד,PAAL,A2
הקים,hkym,Set up the establishment.,verb,ק-י-מ,HIFIL,A2
מוות,mvvt,Death is the result of death.,noun,,,A2
מוזיקה,mvzykh,Music is music.,noun,,,A2
מזון,mzvn,Food Food,noun,,,A2
מעין,m'yn,It's kind of like that.,adv,,,A2
נמוך,nmvch,Low-low low,adj,,,A2
עדיף,'dyf,It's better than that.,adj,,,A2
עלייך,'lyych,About you,adv,,,A2
פרסום,frsvm,Advertising,noun,,,A2
קבוע,kvv',Permanent and permanent.,adj,,,A2
רצון,rtzvn,Willingness is the will.,noun,,,A2
אישור,'yshvr,Approval is required.,noun,,,A2
אמן,'mn,An artist is an artist.,noun,,,A2
בריאות,vry'vt,Health Health,noun,,,A2
גישה,gyshh,The approach,noun,,,A2
חובה,chvvh,Duty is a duty.,noun,,,A2
חשיבות,chshyvvt,The importance of importance,noun,,,A2
לצפות,ltzfvt,Watching and watching.,verb,,,A2
נאמר,n'mr,The saying goes,verb,נ-א-ר,NIFAL,A2
ערוץ,'rvtz,Channel channel,noun,,,A2
פסק,fsk,A decision is made.,noun,,,A2
צילום,tzylvm,Photography is a must.,noun,,,A2
קרב,krv,The battle is over.,noun,,,A2
שמיים,shmyym,The heavens and the earth.,propn,,,A2
שמש,shmsh,The sun is the sun.,noun,,,A2
שניתן,shnytn,To give to be given to be given,adv,,,A2
שרק,shrk,It's just that it's not working.,propn,,,A2
תואר,tv'r,A degree,noun,,,A2
תוצאה,tvtz'h,The result is a result.,noun,,,A2
אבו,'vv,His father.,propn,,,A2
טל,tl,It's not easy.,propn,,,A2
הגן,hgn,The garden.,verb,,HIFIL,A2
הניח,hnych,Lay down your hand.,verb,נ-י-ח,HIFIL,A2
מצוות,mtzvvt,Commandments and commandments.,noun,,,A2
ציפה,tzyfh,Looking forward to it.,verb,צ-פ-ה,PIEL,A2
ענק,'nk,It's huge.,noun,,,A2
פרופסור,frvfsvr,Professor,propn,,,A2
קדימה,kdymh,Let's move on.,adv,,,A2
רוסיה,rvsyh,Russia Russia,propn,,,A2
רחוב,rchvv,Street Street,noun,,,A2
תמיכה,tmychh,Support support,noun,,,A2
אורי,'vry,Auri,propn,,,A2
אלי,'ly,"To me, my God.",propn,,,A2
הגנה,hgnh,Protection is provided.,noun,,,A2
החליט,hchlyt,He decided.,verb,ח-ל-ט,HIFIL,A2
הלכה,hlchh,It's gone.,noun,,,A2
חרא,chr',Shit is shit.,noun,,,A2
טלפון,tlfvn,The phone is a phone.,noun,,,A2
כאמור,ch'mvr,As I said,adv,,,A2
לימוד,lymvd,Learning is learning.,noun,,,A2
היווה,hyvvh,Become a mother.,verb,ה-י-ו,PIEL,A2
מזכיר,mzchyr,The secretary is the secretary.,noun,,,A2
משתמש,mshtmsh,The user is a user.,noun,,,A2
היה,hyh,There was a time when there was a problem.,verb,ה-י-ה,PAAL,A2
נתניהו,ntnyhv,Nehemiah was a prophet.,propn,,,A2
פתרון,ftrvn,The solution is a solution.,noun,,,A2
שבא,shv',who came to me.,propn,,,A2
שליטה,shlyth,Control is the key.,noun,,,A2
אוי,'vy,"Oh, my gosh.",intj,,,A2
"ארה""ב",'rhv,The U.S.A.,propn,,,A2
גרמניה,grmnyh,Germany Germany,propn,,,A2
דת,dt,This is a great book.,noun,,,A2
חברתי,chvrty,My friend.,adj,,,A2
יחס,ychs,Relationships are a thing of the past.,noun,,,A2
יסוד,ysvd,The foundation of the foundation.,noun,,,A2
הוסיף,hvsyf,Added added added,verb,ו-ס-פ,HIFIL,A2
לחם,lchm,Bread is bread.,noun,,,A2
מובן,mvvn,It's understandable,adj,,,A2
מתן,mtn,The gift is a gift.,noun,,,A2
פועל,fv'l,It's working.,noun,,,A2
צבע,tzv',The color of the paint.,noun,,,A2
שלטון,shltvn,The rule of law.,noun,,,A2
אפשרי,'fshry,It's possible possible.,adj,,,A2
החלטה,hchlth,The decision was made.,noun,,,A2
"ז""ל",zl,I'm going to tell you something.,propn,,,A2
כלשהו,chlshhv,Somewhere,pron,,,A2
כרטיס,chrtys,The card,noun,,,A2
החזיר,hchzyr,The pig.,verb,ח-ז-ר,HIFIL,A2
הכין,hchyn,The preparation is done.,verb,כ-י-נ,HIFIL,A2
הראה,hr'h,Show me what's going on.,verb,ר-א-ה,HIFIL,A2
חיכה,chychh,Waiting for you.,verb,ח-כ-ה,PIEL,A2
מנחם,mnchm,It's a comfort to me.,propn,,,A2
ניתוח,nytvch,Surgery is needed.,noun,,,A2
פתוח,ftvch,Open to the public.,adj,,,A2
רגל,rgl,feet.,noun,,,A2
שאי,sh'y,I don't know what it is.,adv,,,A2
שומר,shvmr,Keeper,noun,,,A2
שייך,shyych,It belongs to you.,adj,,,A2
שיכל,shychl,He could.,verb,ש-כ-ל,PAAL,A2
תחילה,tchylh,First of all.,adv,,,A2
תרגום,trgvm,Translate the text into English.,noun,,,A2
אדמה,'dmh,Earth,noun,,,A2
אחראי,'chr'y,responsible responsible,adj,,,A2
אחריות,'chryvt,Responsibilities and responsibilities.,noun,,,A2
איתן,'ytn,I'm not sure about them.,propn,,,A2
אריה,'ryh,The Lion,propn,,,A2
ביטחון,vytchvn,Safety and security.,noun,,,A2
בינתיים,vyntyym,In the meantime,adv,,,A2
דני,dny,Danny,propn,,,A2
טבע,tv',The nature of nature,propn,,,A2
טרם,trm,Not yet,adv,,,A2
"יו""ר",yvr,The President of the United States.,noun,,,A2
ביקר,vykr,Visited by a visitor.,verb,ב-ק-ר,PIEL,A2
עצר,'tzr,Stop the car.,verb,ע-צ-ר,PAAL,A2
מוכר,mvchr,It's a well-known brand.,adj,,,A2
מפתח,mftch,The key is the key.,noun,,,A2
נא,n',"Now, here we are.",propn,,,A2
עזרה,'zrh,Help is needed.,noun,,,A2
עצם,'tzm,A bone is a bone.,noun,,,A2
עתה,'th,Now,adv,,,A2
רחב,rchv,It's very broad.,adj,,,A2
שישי,shyshy,Friday,propn,,,A2
שכתב,shchtv,who wrote,verb,ש-כ-ב,PAAL,A2
תיקון,tykvn,Repaired,noun,,,A2
אילן,'yln,Ilan is the one who made it.,propn,,,A2
אמריקה,'mrykh,The United States of America,propn,,,A2
דירה,dyrh,Apartment is an apartment.,noun,,,A2
החל,hchl,Starting from the beginning.,verb,,HIFIL,A2
יין,yyn,Wine,noun,,,A2
יקר,ykr,It's expensive.,adj,,,A2
כבד,chvd,Heavy weight.,noun,,,A2
כוס,chvs,A cup of wine.,noun,,,A2
הכניס,hchnys,The entrance,verb,כ-נ-ס,HIFIL,A2
מהיר,mhyr,Fast and fast,adj,,,A2
מיום,myvm,From day to day,adv,,,A2
מתנה,mtnh,It's a gift.,noun,,,A2
נוח,nvch,It is convenient.,adj,,,A2
סבא,sv',My grandfather was a great-grandfather.,noun,,,A2
עליכם,'lychm,It's about you,adv,,,A2
פוליטי,fvlyty,Politics is the policy.,adv,,,A2
צרפת,tzrft,France France,propn,,,A2
שאול,sh'vl,The question is: What is the meaning of life?,propn,,,A2
שנא,shn',Hate is a hate crime.,verb,ש-נ-א,PAAL,A2
שיתוף,shytvf,Sharing  Sharing,noun,,,A2
שלב,shlv,Step by step.,noun,,,A2
ביים,vyym,I'm going to be there for you.,propn,,,A2
גמר,gmr,The end is near.,noun,,,A2
דיון,dyvn,The discussion is ongoing.,noun,,,A2
דרום,drvm,South  South,noun,,,A2
דרכו,drchv,Through him.,noun,,,A2
זקן,zkn,Old man,noun,,,A2
חום,chvm,The heat is brown.,noun,,,A2
טען,t'n,It's a great feeling to be here.,verb,ט-ע-נ,PAAL,A2
כאב,ch'v,Pain is pain.,noun,,,A2
כוכב,chvchv,A star is a star.,noun,,,A2
כתבה,chtvh,The article,noun,,,A2
הודה,hvdh,Thank you very much.,verb,ו-ד-ה,HIFIL,A2
מפה,mfh,A map,noun,,,A2
נהג,nhg,The driver of the truck.,noun,,,A2
סיום,syvm,Conclusion,noun,,,A2
סיני,syny,Chinese,propn,,,A2
סקס,sks,Sex is sex.,noun,,,A2
פסח,fsch,A verse from the Bible.,propn,,,A2
קהל,khl,The audience is the audience.,noun,,,A2
רופא,rvf',The doctor is a doctor.,noun,,,A2
אזור,'zvr,Region,noun,,,A2
אמצע,'mtz',The medium.,noun,,,A2
ארוחה,'rvchh,A meal is a meal.,noun,,,A2
בעלה,v'lh,Her husband's wife.,propn,,,A2
דמות,dmvt,The character's character.,noun,,,A2
חינם,chynm,It's free of charge.,adv,,,A2
ידיעה,ydy'h,Knowledge,noun,,,A2
מבנה,mvnh,structure structure,noun,,,A2
מכתב,mchtv,A letter to the editor.,noun,,,A2
מפקד,mfkd,The commander-in-chief.,noun,,,A2
מרכזי,mrchzy,The centerpiece.,adj,,,A2
נקבע,nkv',be determined.,verb,נ-ק-ע,NIFAL,A2
עירייה,'yryyh,Municipality Municipality,noun,,,A2
צו,tzv,Order to order.,noun,,,A2
קיום,kyvm,The existence of existence.,noun,,,A2
רגיל,rgyl,It's normal,adj,,,A2
רכבת,rchvt,The train is a train.,noun,,,A2
רציני,rtzyny,Seriously.,adj,,,A2
שיטה,shyth,The method,noun,,,A2
שירה,shyrh,Poetry and poetry.,noun,,,A2
תא,t',You'll be there.,noun,,,A2
איי,'yy,I'm going to tell you what I'm doing.,propn,,,A2
אמה,'mh,mother.,propn,,,A2
בים,vym,In the sea.,noun,,,A2
בנק,vnk,The bank is a bank.,noun,,,A2
בעלות,v'lvt,owned by the owners.,noun,,,A2
ג'ורג,gvrg,George is the one.,propn,,,A2
גב,gv,Mrs. Brown is here.,noun,,,A2
היכן,hychn,Where Where,adv,,,A2
זר,zr,A foreigner is a foreigner.,noun,,,A2
חשש,chshsh,Fear is fear.,noun,,,A2
יחיד,ychyd,single single,adj,,,A2
הוכיח,hvchych,It's been proven.,verb,ו-כ-ח,HIFIL,A2
הרג,hrg,Killing and killing.,verb,ה-ר-ג,PAAL,A2
שימש,shymsh,Used to be used,verb,ש-מ-ש,PIEL,A2
מבט,mvt,Take a look at this.,noun,,,A2
מיכאל,mych'l,Michael is the one.,propn,,,A2
מצוין,mtzvyn,It's excellent.,adj,,,A2
סיפר,syfr,He told me.,verb,ס-פ-ר,PIEL,A2
עוזר,'vzr,Assistant to the Assistant.,noun,,,A2
עצמי,'tzmy,myself.,adj,,,A2
שרון,shrvn,"Sharon, who is also a member of the Board of Directors.",propn,,,A2
אופי,'vfy,Character,noun,,,A2
הולדת,hvldt,Birthdays and Birthdays,noun,,,A2
השפעה,hshf'h,The influence,noun,,,A2
חופש,chvfsh,Freedom is freedom.,noun,,,A2
טבעי,tv'y,It's natural and natural.,adj,,,A2
כלכלי,chlchly,economically economically,adj,,,A2
איתר,'ytr,Somewhere else.,verb,א-ת-ר,PAAL,A2
החליף,hchlyf,The replacement,verb,ח-ל-פ,HIFIL,A2
מאמר,m'mr,An article from the paper,noun,,,A2
נכתב,nchtv,It is written,verb,נ-כ-ב,NIFAL,A2
עמו,'mv,with him.,adv,,,A2
ערבי,'rvy,Arabic Arabic Arabic Arabic Arabic Arabic Arabic Arabic Arabic,noun,,,A2
פגיעה,fgy'h,Weakness is a vulnerability.,noun,,,A2
צפון,tzfvn,The North.,noun,,,A2
אמו,'mv,his mother.,propn,,,A2
הוצאה,hvtz'h,Spending,noun,,,A2
הלאה,hl'h,Next up,adv,,,A2
חלב,chlv,Milk and milk.,noun,,,A2
יהדות,yhdvt,Judaism is a form of Judaism.,noun,,,A2
לענות,l'nvt,Answer the question.,verb,ע-נ-ת,PAAL,A2
לשון,lshvn,language language,noun,,,A2
משנה,mshnh,It makes a difference.,noun,,,A2
נפלא,nfl',It's wonderful and wonderful.,adj,,,A2
סביר,svyr,It is plausible,adj,,,A2
סי,sy,C C C,propn,,,A2
פרץ,frtz,The French invaded.,propn,,,A2
שי,shy,I'm going to tell you something.,propn,,,A2
ברזל,vrzl,Iron iron,noun,,,A2
חמור,chmvr,The donkey is very serious.,adj,,,A2
חשמל,chshml,electricity,noun,,,A2
יהושע,yhvsh',Joshua is the only one.,propn,,,A2
יחידה,ychydh,Unit of the unit.,noun,,,A2
יפו,yfv,I'm going to try to make it work.,propn,,,A2
כדורגל,chdvrgl,Soccer is the name of the game.,noun,,,A2
כשר,chshr,The power.,noun,,,A2
לבסוף,lvsvf,"Finally, I'm ready.",adv,,,A2
העלה,h'lh,He was raised by his father.,verb,ע-ל-ה,HIFIL,A2
מועצה,mv'tzh,Council Council,noun,,,A2
מידה,mydh,The scale,noun,,,A2
הסכים,hschym,I agreed.,verb,ס-כ-מ,HIFIL,A2
הסתבר,hstvr,It turned out.,verb,ה-ס-ר,HITPAEL,A2
משקל,mshkl,Weight,noun,,,A2
נפל,nfl,We have fallen.,verb,נ-פ-ל,PAAL,A2
צעד,tz'd,Step by step.,noun,,,A2
"ש""ח",shch,"That's right, that's right.",noun,,,A2
אב,'v,The father of the family.,noun,,,A2
אלון,'lvn,Alon,propn,,,A2
גבול,gvvl,The border is the border.,noun,,,A2
ימין,ymyn,Right to right,noun,,,A2
ירד,yrd,Jordan has gone down.,verb,י-ר-ד,PAAL,A2
ישיבה,yshyvh,A meeting is held.,noun,,,A2
כביש,chvysh,Highway,noun,,,A2
כלב,chlv,A dog is a dog.,noun,,,A2
הוריד,hvryd,Take it off.,verb,ו-ר-ד,HIFIL,A2
ויתר,vytr,Leave it alone.,verb,ו-ת-ר,PIEL,A2
ניהל,nyhl,The procedure is simple.,verb,נ-י-ה,PIEL,A2
עזב,'zv,Leave it alone.,verb,ע-ז-ב,PAAL,A2
"מ""ם",mm,I'm going to tell you.,noun,,,A2
גילה,gylh,She discovered it.,verb,ג-ל-ה,PIEL,A2
מוסד,mvsd,The institution is an institution.,noun,,,A2
מחנה,mchnh,Camp,noun,,,A2
מטרה,mtrh,The goal is to achieve the goal.,noun,,,A2
מלון,mlvn,Hotel,noun,,,A2
מצווה,mtzvvh,The commandment is a commandment.,noun,,,A2
נוער,nv'r,Youth  Youth,noun,,,A2
נזק,nzk,Damage to the building.,noun,,,A2
עמדה,'mdh,The position.,noun,,,A2
עתיד,'tyd,The future,noun,,,A2
שעבר,sh'vr,The past,adj,,,A2
תוכן,tvchn,The content is,noun,,,A2
תשומה,tshvmh,The answer is simple.,noun,,,A2
אנגלית,'nglyt,English English,propn,,,A2
ביצוע,vytzv',Performance is achieved.,noun,,,A2
במקביל,vmkvyl,At the same time,adv,,,A2
ג'יימס,gyyms,James is the author of the book.,propn,,,A2
גודל,gvdl,Size  Size,noun,,,A2
הודיע,hvdy',The information is provided.,verb,ו-ד-ע,HIFIL,A2
חלום,chlvm,A dream is a dream.,noun,,,A2
טיסה,tysh,Flight  Flight,noun,,,A2
ביטל,vytl,Cancelled,verb,ב-ט-ל,PIEL,A2
הזמין,hzmyn,Available by invitation.,verb,ז-מ-נ,HIFIL,A2
לשתות,lshtvt,to drink.,verb,ש-ת-ת,PAAL,A2
מועד,mv'd,The date is set.,noun,,,A2
הופיע,hvfy',Appeared Appeared,verb,ו-פ-ע,HIFIL,A2
מסביב,msvyv,Around the world.,adv,,,A2
נודע,nvd',We all know.,verb,נ-ד-ע,NIFAL,A2
עדן,'dn,The Garden of Eden.,propn,,,A2
"ת""א",t',T'a' is the name of the game.,propn,,,A2
אזרח,'zrch,A citizen is a citizen.,noun,,,A2
איסור,'ysvr,Prohibition is prohibited.,noun,,,A2
אמנות,'mnvt,Art is art.,noun,,,A2
גדל,gdl,Growing up.,verb,ג-ד-ל,PAAL,A2
הוה,hvh,And the Lord.,verb,ה-ו-ה,PAAL,A2
יובל,yvvl,The Jubilee is coming.,propn,,,A2
כחול,chchvl,Blue is blue.,adj,,,A2
מועדון,mv'dvn,Club Club,noun,,,A2
מורכב,mvrchv,Complex and complex.,adj,,,A2
מטה,mth,From the bottom up.,noun,,,A2
משטרה,mshtrh,Police officers.,noun,,,A2
נוסע,nvs',The passenger is a passenger.,noun,,,A2
סמל,sml,Sgt. Sgt. Sgt. Sgt. Sgt. Sgt.,noun,,,A2
ספרו,sfrv,Count it down.,propn,,,A2
עדות,'dvt,The evidence is clear.,noun,,,A2
קר,kr,It's cold.,adj,,,A2
קריאה,kry'h,Readings Readings,noun,,,A2
קרקע,krk',Soil Soil,noun,,,A2
אלייך,'lyych,To you,adv,,,A2
דרש,drsh,Requirements are required.,verb,ד-ר-ש,PAAL,A2
טלוויזיה,tlvvyzyh,TV TV,noun,,,A2
יאיר,y'yr,Yair,propn,,,A2
ישיר,yshyr,Directly,adj,,,A2
ישירות,yshyrvt,Directly,adv,,,A2
כאחד,ch'chd,As one,adv,,,A2
דאג,d'g,Worry about it.,verb,ד-א-ג,PAAL,A2
נסע,ns',Let's go on a road trip.,verb,נ-ס-ע,PAAL,A2
מרים,mrym,Mary is the mother of Jesus.,propn,,,A2
ניהול,nyhvl,Management is the key.,noun,,,A2
נס,ns,Miracle is a miracle.,noun,,,A2
עור,'vr,The skin is made of leather.,noun,,,A2
פחד,fchd,Fear is fear.,noun,,,A2
רחל,rchl,Rachel is a woman.,propn,,,A2
רשימה,rshymh,A list list,noun,,,A2
שקר,shkr,It's a lie.,noun,,,A2
תחום,tchvm,The field is,noun,,,A2
תת,tt,The subway is under construction.,adj,,,A2
אחדות,'chdvt,Unity is the unity.,noun,,,A2
אלוף,'lvf,The champion is the champion.,noun,,,A2
גילוי,gylvy,Revelation is the revelation.,noun,,,A2
גמור,gmvr,It's over.,adj,,,A2
דוגמה,dvgmh,Example  example,noun,,,A2
דוקטור,dvktvr,Dr.,noun,,,A2
דיין,dyyn,You're going to be your own.,propn,,,A2
היסטוריה,hystvryh,The story is history.,noun,,,A2
זאב,z'v,Wolves are wolves.,propn,,,A2
זין,zyn,Dick,noun,,,A2
יוצר,yvtzr,the creator.,noun,,,A2
לאף,l'f,Not at all.,adv,,,A2
הציל,htzyl,Saved by the bell.,verb,צ-י-ל,HIFIL,A2
לים,lym,To the sea,propn,,,A2
החזיק,hchzyk,Hold on to your hand.,verb,ח-ז-ק,HIFIL,A2
מסע,ms',The journey is a journey.,noun,,,A2
נדמה,ndmh,It seems to me.,verb,נ-ד-ה,NIFAL,A2
ניכר,nychr,It is well known.,adj,,,A2
סוריה,svryh,Syria is a country.,propn,,,A2
פרויקט,frvykt,Project  Project,noun,,,A2
שן,shn,That's why I'm here.,noun,,,A2
שקרה,shkrh,That's what happened.,propn,,,A2
תלמיד,tlmyd,The student is a student.,noun,,,A2
אורח,'vrch,A guest is invited.,noun,,,A2
גאה,g'h,Pride is the pride.,adj,,,A2
גר,gr,It's gray.,propn,,,A2
הורה,hvrh,Parent  Parent,noun,,,A2
חכמה,chchmh,Smart and smart,noun,,,A2
יצירה,ytzyrh,A work of art.,noun,,,A2
זיהה,zyhh,Identification is required.,verb,ז-י-ה,PIEL,A2
לימודים,lymvdym,The study of education.,noun,,,A2
מחלקה,mchlkh,From department to department.,noun,,,A2
מנהיג,mnhyg,A leader is a leader.,noun,,,A2
נבחר,nvchr,Selected,verb,נ-ב-ר,NIFAL,A2
ניר,nyr,Nir,propn,,,A2
סגל,sgl,Staff members.,propn,,,A2
ספרות,sfrvt,Literature is a matter of debate.,noun,,,A2
עובדה,'vvdh,This is a fact.,noun,,,A2
פול,fvl,Paul is full of it.,propn,,,A2
"ק""ם",km,I'm going to tell you about it.,noun,,,A2
ריח,rych,The smell of it.,noun,,,A2
שאולי,sh'vly,I wonder if it's possible.,propn,,,A2
שכולם,shchvlm,That everyone is,adv,,,A2
שנרא,shnr',Shinnara,verb,ש-נ-א,PUAL,A2
שפה,shfh,The language.,noun,,,A2
שרא,shr',Shra,verb,ש-ר-א,PAAL,A2
תולדה,tvldh,The history of history.,noun,,,A2
בניין,vnyyn,Building  Building,noun,,,A2
דמי,dmy,The price is right.,noun,,,A2
דתי,dty,I'm not sure.,adj,,,A2
חמישי,chmyshy,Thursdays,propn,,,A2
חנה,chnh,Hannah is here.,propn,,,A2
טרור,trvr,Terrorism is a form of terrorism.,noun,,,A2
תיכן,tychn,Get ready for it.,verb,,,A2
הזכיר,hzchyr,Reminds me of the memory.,verb,ז-כ-ר,HIFIL,A2
נלחם,nlchm,Let's fight for it.,verb,נ-ל-מ,NIFAL,A2
הציג,htzyg,The presentation was made.,verb,צ-י-ג,HIFIL,A2
למוות,lmvvt,to death.,adv,,,A2
מזג,mzg,The weather is fine.,noun,,,A2
מטוס,mtvs,Aircraft and aircraft.,noun,,,A2
מייקל,myykl,Michael is the only one.,propn,,,A2
מספר,msfr,Number  Number,noun,,,A2
מפעל,mf'l,Factory,noun,,,A2
נהרג,nhrg,He was killed.,verb,נ-ר-ג,NIFAL,A2
פעיל,f'yl,Active,adj,,,A2
צבאי,tzv'y,Military personnel.,adj,,,A2
ציבורי,tzyvvry,public public,adj,,,A2
רשמי,rshmy,Officially,adj,,,A2
שוק,shvk,Shock market,noun,,,A2
אזרחי,'zrchy,Citizens are citizens.,adj,,,A2
אנא,'n',Please  Please,intj,,,A2
אנטי,'nty,Anti is anti.,adv,,,A2
אריאל,'ry'l,Arial,propn,,,A2
ארצה,'rtzh,I'd like to.,adv,,,A2
באש,v'sh,In the fire.,adv,,,A2
הגען,hg'n,It's the same as the gene.,noun,,,A2
"הנ""ל",hnl,"""We are going to make a decision.",adv,,,A2
חול,chvl,Sand is sand.,noun,,,A2
ידו,ydv,His hand is on his shoulder.,noun,,,A2
הבטיח,hvtych,He promised to make a promise.,verb,ב-ט-ח,HIFIL,A2
השתתף,hshttf,Take part in the event.,verb,ה-ש-פ,HITPAEL,A2
מהבית,mhvyt,From home,adv,,,A2
מזרח,mzrch,east east.,noun,,,A2
מסלול,mslvl,The trail is straight,noun,,,A2
משותף,mshvtf,common,adj,,,A2
משמעותית,mshm'vtyt,Significantly significant.,adv,,,A2
נהדר,nhdr,It's great.,adj,,,A2
קטע,kt',The piece is a piece of cake.,noun,,,A2
רביעי,rvy'y,Wednesday,propn,,,A2
שחקן,shchkn,A player is a player.,noun,,,A2
שעש,sh'sh,That's what we do.,verb,ש-ע-ש,PAAL,A2
שרת,shrt,Servant of the Lord.,propn,,,A2
תחנה,tchnh,Station  station,noun,,,A2
תינוק,tynvk,A baby is born.,noun,,,A2
איראן,'yr'n,Iran,propn,,,A2
אלימות,'lymvt,Violence and violence.,noun,,,A2
אנרגיה,'nrgyh,Energy is energy.,noun,,,A2
אס,'s,S AS,propn,,,A2
אריק,'ryk,Eric,propn,,,A2
ביטול,vytvl,Cancellation of the Order,noun,,,A2
דעת,d't,opinion of the people.,noun,,,A2
הוראה,hvr'h,Teaching  instruction,noun,,,A2
הפה,hfh,The mouth,noun,,,A2
יוני,yvny,June  June,propn,,,A2
כושר,chvshr,Fitness and fitness.,noun,,,A2
לימד,lymd,Teaching is teaching.,verb,י-מ-ד,PIEL,A2
נפתח,nftch,We're going to open up.,verb,נ-פ-ח,NIFAL,A2
סגור,sgvr,Closed Closed,adj,,,A2
סכום,schvm,amount of money,noun,,,A2
עם,'m,With  with,propn,,,A2
פנה,fnh,Turn to me.,verb,פ-נ-ה,PAAL,A2
קיבוץ,kyvvtz,It's a bit of a shock.,noun,,,A2
רפואי,rfv'y,medical care.,adj,,,A2
שולחן,shvlchn,Table  Table,noun,,,A2
תגובה,tgvvh,The reaction is,noun,,,A2
אהרן,'hrn,Aaron,propn,,,A2
אנה,'nh,Anna is the one.,propn,,,A2
גז,gz,The gas station is located nearby.,noun,,,A2
דב,dv,I'm going to tell you a story.,propn,,,A2
דק,dk,I'm going to tell you a story.,noun,,,A2
התנהגות,htnhgvt,Behaviour is the result of behavior.,noun,,,A2
התפתחות,htftchvt,The development of development.,noun,,,A2
חוף,chvf,The beach,noun,,,A2
חלקם,chlkm,Some of them.,noun,,,A2
יולי,yvly,July July,propn,,,A2
ירוק,yrvk,Green,adj,,,A2
כניסה,chnysh,Entrance to the building,noun,,,A2
לבנה,lvnh,White and white.,noun,,,A2
לקרות,lkrvt,to happen.,verb,ק-ר-ת,PAAL,A2
לרבות,lrvvt,Including,adv,,,A2
מבקר,mvkr,A visitor is a visitor.,noun,,,A2
העדיף,h'dyf,The best of the best,verb,ע-ד-פ,HIFIL,A2
נעלם,n'lm,He disappeared.,verb,נ-ע-מ,NIFAL,A2
נקי,nky,Clean up the mess.,adj,,,A2
סרטן,srtn,Cancer is a disease.,noun,,,A2
עדי,'dy,He is my witness.,propn,,,A2
עיצוב,'ytzvv,Design Design,noun,,,A2
פארק,f'rk,The park is a public park.,noun,,,A2
פתיחה,ftychh,The opening is open.,noun,,,A2
צורה,tzvrh,The shape of the shape.,noun,,,A2
ציוד,tzyvd,Equipment and equipment.,noun,,,A2
קצין,ktzyn,Officer,noun,,,A2
רעב,r'v,Hunger and hunger.,noun,,,A2
שוטר,shvtr,Police officer,noun,,,A2
אורך,'vrch,Length:,noun,,,A2
אחותי,'chvty,My sister is my sister.,propn,,,A2
אחרון,'chrvn,The last one,adj,,,A2
איכות,'ychvt,The quality is good.,noun,,,A2
אמון,'mvn,Confidence is the key.,noun,,,A2
אסף,'sf,Gathered together.,propn,,,A2
ביטוח,vytvch,Insurance  Insurance,noun,,,A2
בנייה,vnyyh,Construction is about to begin.,noun,,,A2
ברירה,vryrh,The choice is yours.,noun,,,A2
הון,hvn,The capital is money.,noun,,,A2
ירידה,yrydh,A decrease in the number of people.,noun,,,A2
ישו,yshv,Jesus Christ is the one who is.,propn,,,A2
מסר,msr,message,verb,מ-ס-ר,PAAL,A2
מעורב,m'vrv,Involved,adj,,,A2
נחל,nchl,The river Nile.,noun,,,A2
סבתא,svt',My grandmother's mother.,noun,,,A2
עמוס,'mvs,It's a lot of work.,propn,,,A2
ערבית,'rvyt,Arabic Arabic Arabic Arabic Arabic Arabic Arabic Arabic Arabic,propn,,,A2
צפוי,tzfvy,Predicted,adj,,,A2
רות,rvt,I'm going to tell you something.,propn,,,A2
תחושה,tchvshh,A feeling,noun,,,A2
תחרות,tchrvt,competition.,noun,,,A2
תשלום,tshlvm,Payment is paid.,noun,,,A2
אילת,'ylt,I've been waiting for you.,propn,,,A2
אן,'n,Ann Ann,propn,,,A2
בדיקה,vdykh,Testing is required.,noun,,,A2
בריא,vry',Healthy and healthy.,adj,,,A2
דגם,dgm,The model.,noun,,,A2
זהות,zhvt,Identical to each other.,noun,,,A2
חוזה,chvzh,A contract is signed.,noun,,,A2
טענה,t'nh,A claim is made.,noun,,,A2
כף,chf,It's a lot of fun.,noun,,,A2
לבנון,lvnvn,Lebanon is Lebanon.,propn,,,A2
לפיכך,lfychch,Thus,adv,,,A2
לשום,lshvm,To no one.,adv,,,A2
מגדל,mgdl,The tower is a tower.,noun,,,A2
מזרחי,mzrchy,East of the city.,adj,,,A2
מציאות,mtzy'vt,The reality is real.,noun,,,A2
מקצוע,mktzv',A profession is a profession.,noun,,,A2
מקצועי,mktzv'y,A professional is a professional.,adj,,,A2
מרבית,mrvyt,Most,noun,,,A2
סדרה,sdrh,series series series series series series series series series,noun,,,A2
סוד,svd,A secret is a secret.,noun,,,A2
סך,sch,The total amount,noun,,,A2
רפואה,rfv'h,medicine and medicine.,noun,,,A2
שבט,shvt,The tribe is a tribe.,noun,,,A2
שטות,shtvt,This is nonsense.,noun,,,A2
שקורה,shkvrh,occurring.,noun,,,A2
אמונה,'mvnh,Faith is the key to success.,noun,,,A2
אפריקה,'frykh,Africa Africa,propn,,,A2
גאון,g'vn,A genius is a genius.,propn,,,A2
דלק,dlk,Fuel,noun,,,A2
דלת,dlt,The door is open.,noun,,,A2
היפה,hyfh,She is beautiful.,adv,,,A2
זיכרון,zychrvn,Memory,noun,,,A2
חירום,chyrvm,There is an emergency.,noun,,,A2
כפול,chfvl,Double that.,adj,,,A2
ברח,vrch,Run away and run away.,verb,ב-ר-ח,PAAL,A2
פיתח,fytch,Developed and developed.,verb,פ-ת-ח,PIEL,A2
הוביל,hvvyl,He led the way.,verb,ו-ב-ל,HIFIL,A2
מימון,mymvn,Funding,noun,,,A2
מרי,mry,Mary,propn,,,A2
משפטי,mshfty,legal system legal system,adj,,,A2
התייחס,htyychs,Refer to refer to.,verb,י-ח-ס,HITPAEL,A2
נוצר,nvtzr,It was created.,verb,נ-צ-ר,NIFAL,A2
נייר,nyyr,Paper is paper.,noun,,,A2
ניצחון,nytzchvn,Victory is victory.,noun,,,A2
סיוע,syv',Help is needed.,noun,,,A2
"ע""ש",'sh,"""It's a good thing you're here.",noun,,,A2
עשיר,'shyr,Rich with wealth.,adj,,,A2
קוד,kvd,Code  Code,noun,,,A2
קם,km,"Get up, get up!",verb,,PAAL,A2
רבין,rvyn,Rabin is the name of Rabin.,propn,,,A2
שורה,shvrh,Line,noun,,,A2
שחר,shchr,It's early in the morning.,propn,,,A2
תוקף,tvkf,It's still going strong.,noun,,,A2
תקציב,tktzyv,The budget is a lot of money.,noun,,,A2
גידול,gydvl,Growth of the tumor.,noun,,,A2
הוד,hvd,His Excellency.,propn,,,A2
חמוד,chmvd,"Sweetheart, you're right.",adj,,,A2
חקירה,chkyrh,Investigation is underway.,noun,,,A2
חתיכה,chtychh,What a lovely piece.,noun,,,A2
יוחנן,yvchnn,John the Baptist,propn,,,A2
לאיש,l'ysh,To no one.,adv,,,A2
העניק,h'nyk,He gave generously.,verb,ע-נ-ק,HIFIL,A2
השאיר,hsh'yr,Leave the city.,verb,ש-א-ר,HIFIL,A2
לפה,lfh,Here you go.,adv,,,A2
שלט,shlt,The signage is displayed.,verb,ש-ל-ט,PAAL,A2
מאסר,m'sr,Imprisonment,noun,,,A2
מבחן,mvchn,The test is a test.,noun,,,A2
מגוון,mgvvn,Variety and variety.,noun,,,A2
מכונית,mchvnyt,A car is a car.,noun,,,A2
מערב,m'rv,west west west,noun,,,A2
מצוי,mtzvy,Very well done.,adj,,,A2
משבר,mshvr,A crisis is a crisis.,noun,,,A2
השתנה,hshtnh,It's changed.,verb,ה-ש-ה,HITPAEL,A2
נותר,nvtr,What's left of it.,verb,נ-ת-ר,NIFAL,A2
פורסם,fvrsm,Published,verb,פ-ר-מ,PUAL,A2
פרנק,frnk,Frank is the one.,propn,,,A2
קח,kch,Take it or leave it.,verb,,PAAL,A2
רון,rvn,Ron,propn,,,A2
רשמית,rshmyt,Officially,adv,,,A2
שותף,shvtf,A partner is a partner.,noun,,,A2
אביה,'vyh,Her father.,propn,,,A2
אוטובוס,'vtvvvs,Buses and buses.,noun,,,A2
אינטרנט,'yntrnt,The Internet,noun,,,A2
אמש,'msh,Last night was a nightmare.,adv,,,A2
אנוש,'nvsh,Human beings.,noun,,,A2
גובה,gvvh,The height is high.,noun,,,A2
דגל,dgl,The flag is a flag.,noun,,,A2
דופן,dvfn,Unusual Unusual,noun,,,A2
חלל,chll,Space is available.,noun,,,A2
טקס,tks,The ceremony is ceremonial.,noun,,,A2
הגיש,hgysh,Submit the file.,verb,ג-י-ש,HIFIL,A2
קידם,kydm,Let's move forward.,verb,ק-ד-מ,PIEL,A2
מוחלט,mvchlt,Absolutely complete.,adj,,,A2
מוחמד,mvchmd,Muhammad Muhammad,propn,,,A2
מונה,mvnh,Mona is the name of the monastery.,verb,מ-נ-ה,PUAL,A2
מעוניין,m'vnyyn,Interested,verb,מ-ע-נ,PAAL,A2
תיאר,ty'r,Describe what it is.,verb,ת-א-ר,PIEL,A2
נדבר,ndvr,We'll talk about it later.,verb,נ-ד-ר,PAAL,A2
נוסח,nvsch,The style.,noun,,,A2
נער,n'r,A teenage boy.,noun,,,A2
נפרד,nfrd,We say goodbye to each other.,verb,נ-פ-ד,NIFAL,B1
סיבוב,syvvv,Round the circle.,noun,,,B1
עיקר,'ykr,The main thing is that it's not.,noun,,,B1
פולין,fvlyn,Poland Poland,propn,,,B1
קיץ,kytz,Summer is here.,noun,,,B1
קצב,ktzv,Rate of action.,noun,,,B1
רדי,rdy,Reddy,noun,,,B1
שיא,shy',A record high.,noun,,,B1
תום,tvm,Tom is a man of many talents.,propn,,,B1
תוספת,tvsft,"Additionally, it's a little bit more complicated than that.",noun,,,B1
אהרון,'hrvn,Aaron Aaron,propn,,,B1
אוגוסט,'vgvst,August August,propn,,,B1
אשם,'shm,Guilt is the culprit.,noun,,,B1
ביאליק,vy'lyk,Biallic,propn,,,B1
בירה,vyrh,Beer is beer.,noun,,,B1
התנגדות,htngdvt,resistance to the movement.,noun,,,B1
זמני,zmny,my time,adj,,,B1
חנות,chnvt,Shop  Shop,noun,,,B1
טעה,t'h,It's wrong.,verb,ט-ע-ה,PAAL,B1
יונה,yvnh,Jonah is a prophet.,propn,,,B1
ייצור,yytzvr,Production and production.,noun,,,B1
לאו,l'v,Not at all.,adv,,,B1
השפיע,hshfy',influence,verb,ש-פ-ע,HIFIL,B1
סגר,sgr,Slocked,verb,ס-ג-ר,PAAL,B1
שכח,shchch,Forget about it.,verb,ש-כ-ח,PAAL,B1
מאמן,m'mn,Coach,noun,,,B1
מחזור,mchzvr,Cycle of life.,noun,,,B1
מיכל,mychl,The container is made up of a container.,propn,,,B1
נמשך,nmshch,Continued,verb,נ-מ-כ,NIFAL,B1
נפטר,nftr,Get rid of them.,verb,נ-פ-ר,NIFAL,B1
נשבע,nshv',I swear to God.,verb,נ-ש-ע,NIFAL,B1
סיכון,sychvn,The risk is high.,noun,,,B1
סין,syn,China China,propn,,,B1
עף,'f,Flying in the air.,noun,,,B1
עסקה,'skh,A deal is made.,noun,,,B1
צור,tzvr,It's a great way to get started.,propn,,,B1
רגש,rgsh,Emotions and emotions.,noun,,,B1
שיותר,shyvtr,More than that,adv,,,B1
תיאור,ty'vr,A description of what is going on.,noun,,,B1
אוצר,'vtzr,Treasury,noun,,,B1
איום,'yvm,The threat is real.,noun,,,B1
אישיות,'yshyvt,Personality and personality.,noun,,,B1
אלן,'ln,Alan is the one.,propn,,,B1
גשם,gshm,It's raining,noun,,,B1
דג,dg,Fish is a fish.,noun,,,B1
דיווח,dyvvch,Reporting Reporting,noun,,,B1
הלל,hll,"Hail, Hail, Hail, Hail, Hail, Hail,",propn,,,B1
הנחה,hnchh,The discount.,noun,,,B1
זמנית,zmnyt,Temporary,adv,,,B1
חיבור,chyvvr,Connection,noun,,,B1
חיפוש,chyfvsh,Searching for a search,noun,,,B1
הפעיל,hf'yl,The activator.,verb,פ-ע-ל,HIFIL,B1
הרס,hrs,Destruction of the earth.,verb,ה-ר-ס,PAAL,B1
חקר,chkr,Research has been done.,verb,ח-ק-ר,PAAL,B1
הסתכל,hstchl,Take a look at this.,verb,ה-ס-ל,HITPAEL,B1
מתוק,mtvk,"Sweet, sweet, sweet.",adj,,,B1
נבחרת,nvchrt,The national team.,noun,,,B1
נפגע,nfg',We were hurt.,verb,נ-פ-ע,NIFAL,B1
"ס""מ",sm,"""S"" is a word.",noun,,,B1
"עו""ד",'vd,A lawyer is a lawyer.,noun,,,B1
עידן,'ydn,The era of the era.,propn,,,B1
עליון,'lyvn,Above all else.,adj,,,B1
פשע,fsh',Crime is a crime.,noun,,,B1
קורס,kvrs,Course Course,noun,,,B1
ריק,ryk,It's not like Rick.,noun,,,B1
תרופה,trvfh,The medicine is a medicine.,noun,,,B1
אוקיי,'vkyy,Okay,adv,,,B1
אימון,'ymvn,Training is a must.,noun,,,B1
אמי,'my,My mother's mother.,propn,,,B1
אפרים,'frym,Frogs and toads.,propn,,,B1
אתי,'ty,You're with me.,propn,,,B1
דר,dr,Dr,propn,,,B1
הוכחה,hvchchh,Evidence is evidence.,noun,,,B1
החג,hchg,The holiday season.,adv,,,B1
זהה,zhh,It is the same.,adj,,,B1
חל,chl,It's a part of it.,verb,,PAAL,B1
יכל,ychl,He could.,verb,,,B1
איבד,'yvd,Lost and Found.,verb,א-ב-ד,PIEL,B1
לאל,l'l,"No, not at all.",adv,,,B1
לואיס,lv'ys,Louis,propn,,,B1
ליל,lyl,For the night.,noun,,,B1
רכש,rchsh,The purchase of property.,verb,ר-כ-ש,PAAL,B1
מודע,mvd',Consciously aware.,verb,מ-ד-ע,PUAL,B1
מוסר,mvsr,Morals and morals.,noun,,,B1
מקובל,mkvvl,Acceptable,adj,,,B1
ספרד,sfrd,Spain,propn,,,B1
פגישה,fgyshh,meeting meeting meeting,noun,,,B1
פיטר,fytr,Peter is the one.,propn,,,B1
רחבה,rchvh,wide.,noun,,,B1
רחמים,rchmym,Mercy is the result of compassion.,noun,,,B1
שלפני,shlfny,That's what happened before.,adv,,,B1
תפקידו,tfkydv,His role is to play.,noun,,,B1
אוסף,'vsf,The collection is,noun,,,B1
אליכם,'lychm,to you.,adv,,,B1
ביקור,vykvr,A visit to the city.,noun,,,B1
בריטניה,vrytnyh,Britain Britain,propn,,,B1
גולן,gvln,Gulen is a well-known figure.,propn,,,B1
גוש,gvsh,Gosh,noun,,,B1
גיבור,gyvvr,A hero is a hero.,noun,,,B1
הודו,hvdv,India India,propn,,,B1
היסטורי,hystvry,The story is historical.,adj,,,B1
זוהר,zvhr,Shine brightly.,propn,,,B1
חייה,chyyh,her life.,propn,,,B1
פתר,ftr,The solution is to solve the problem.,verb,פ-ת-ר,PAAL,B1
לרב,lrv,to the Lord.,adv,,,B1
תפס,tfs,Catch the catch.,verb,ת-פ-ס,PAAL,B1
מאבק,m'vk,It's a struggle.,noun,,,B1
מכשיר,mchshyr,The device is a device.,noun,,,B1
משא,msh',Resources are provided.,noun,,,B1
נהנה,nhnh,Have fun with it.,verb,נ-נ-ה,NIFAL,B1
נגע,ng',Touch is the key.,verb,נ-ג-ע,PAAL,B1
נועד,nv'd,It is intended for use.,verb,נ-ע-ד,NIFAL,B1
סם,sm,It's all right.,noun,,,B1
עדין,'dyn,It's very gentle.,adj,,,B1
עיתון,'ytvn,Newspaper,noun,,,B1
פנימה,fnymh,Inside,adv,,,B1
שופט,shvft,Judge,noun,,,B1
שיח,shych,Talk about it.,noun,,,B1
שימה,shymh,She's the one who's got it all figured out.,verb,ש-מ-ה,PAAL,B1
תכנון,tchnvn,Planning for the future.,noun,,,B1
אפל,'fl,The apple.,propn,,,B1
בד,vd,It's all in the book.,noun,,,B1
דפוס,dfvs,The pattern is a pattern.,noun,,,B1
הכרה,hchrh,Recognition is the key.,noun,,,B1
השראה,hshr'h,Inspiration is what inspired me.,noun,,,B1
וב,vv,and,propn,,,B1
ידוע,ydv',Known,adj,,,B1
כב,chv,"As a matter of fact, it's not a bad thing.",propn,,,B1
לך,lch,Go ahead and go.,verb,,PAAL,B1
מאמץ,m'mtz,Effort is needed.,noun,,,B1
מדהים,mdhym,It's incredible.,adj,,,B1
מדויק,mdvyk,Accurate and accurate.,adj,,,B1
מחוז,mchvz,County and county.,noun,,,B1
מחלה,mchlh,illness.,noun,,,B1
מחשבה,mchshvh,thought thought thought,noun,,,B1
משך,mshch,It's been a long time coming.,noun,,,B1
נאמן,n'mn,Faithful,propn,,,B1
נציג,ntzyg,representative of the party.,noun,,,B1
עברי,'vry,I'm going to tell you.,adj,,,B1
עקיבא,'kyv',It's the same as the previous one.,propn,,,B1
פירוש,fyrvsh,It means .,noun,,,B1
פרטי,frty,Private,adj,,,B1
צהריים,tzhryym,Lunch is served at noon.,noun,,,B1
ציור,tzyvr,Painting,noun,,,B1
צר,tzr,I'm sorry about that.,adj,,,B1
ראובן,r'vvn,Ra'u'an is the first.,propn,,,B1
שוקולד,shvkvld,Chocolate,noun,,,B1
שרץ,shrtz,Running away from home.,verb,ש-ר-צ,PAAL,B1
תופעה,tvf'h,This is a phenomenon.,noun,,,B1
אדיר,'dyr,It's wonderful.,adj,,,B1
אנג'לס,'ngls,English is English.,propn,,,B1
בלה,vlh,It's in the middle of nowhere.,propn,,,B1
"דו""ח",dvch,Report to the Board of Directors.,noun,,,B1
השלים,hshlym,The equations.,verb,ש-ל-מ,HIFIL,B1
ירה,yrh,Shooting is a good thing.,verb,י-ר-ה,PAAL,B1
לכי,lchy,Go ahead and go.,adv,,,B1
מהירות,mhyrvt,The speed is very fast.,noun,,,B1
החכים,hchchym,They're waiting.,verb,ח-כ-מ,HIFIL,B1
מנצח,mntzch,The winner is the winner.,verb,מ-נ-ח,PAAL,B1
נוף,nvf,The scenery is beautiful.,noun,,,B1
נעצר,n'tzr,Arrested.,verb,נ-ע-ר,NIFAL,B1
נשא,nsh',We're going to take care of it.,verb,,,B1
"ע""א",'',,noun,,,B1
עונש,'vnsh,Punishment is a punishment.,noun,,,B1
פניו,fnyv,His face.,noun,,,B1
רבקה,rvkh,Rebecca is the only one.,propn,,,B1
רוני,rvny,Ronnie,propn,,,B1
שילוב,shylvv,Combination is a combination.,noun,,,B1
תמר,tmr,The curve is the same as the curve.,propn,,,B1
אופניים,'vfnyym,Bicycles,noun,,,B1
אורן,'vrn,Orn,propn,,,B1
אושר,'vshr,Happiness is happiness.,propn,,,B1
אשדוד,'shdvd,Ashdod is a city.,propn,,,B1
בודד,vvdd,Lonely and lonely.,adj,,,B1
גזר,gzr,The carrots.,noun,,,B1
גיא,gy',It's a great feeling to be here.,propn,,,B1
האח,h'ch,The brotherhood.,propn,,,B1
ירדן,yrdn,Jordan is the only country in the world.,propn,,,B1
ירי,yry,Shots were fired.,noun,,,B1
"כ""כ",chch,As a matter of fact.,adv,,,B1
כולן,chvln,All of them.,noun,,,B1
כמי,chmy,Like who?,pron,,,B1
כתיבה,chtyvh,writing,noun,,,B1
נמנע,nmn',Avoidance is avoided.,verb,נ-מ-ע,NIFAL,B1
לילד,lyld,For the child.,adv,,,B1
עקב,'kv,Following the trail.,verb,ע-ק-ב,PAAL,B1
מכה,mchh,It's not a hit.,noun,,,B1
מסיבה,msyvh,Party for a reason,noun,,,B1
מקסים,mksym,It is charming.,adj,,,B1
מרשים,mrshym,It is impressive.,adj,,,B1
מתח,mtch,I'm going to try to make it work.,noun,,,B1
נמאס,nm's,Tired of it.,verb,נ-מ-ס,NIFAL,B1
סקר,skr,A survey is a survey.,noun,,,B1
עוז,'vz,Oz is the best place to go.,propn,,,B1
עמק,'mk,I'm going to tell you something.,noun,,,B1
עצוב,'tzvv,Sadness is sadness.,adj,,,B1
ער,'r,He is awake.,noun,,,B1
קיר,kyr,The wall wall,noun,,,B1
שאס,sh's,Sasha is a great place to start.,verb,ש-א-ס,PAAL,B1
שיט,shyt,It's a shame.,noun,,,B1
תאריך,t'rych,Date is the date.,noun,,,B1
אוניברסיטה,'vnyvrsyth,The university is a university.,noun,,,B1
איחוד,'ychvd,The union is a union.,noun,,,B1
אייל,'yyl,The Isle of Wight.,propn,,,B1
אלכסנדר,'lchsndr,Alexander was born.,propn,,,B1
אמריקני,'mrykny,American American,adj,,,B1
בל,vl,Bl is the name of the game.,propn,,,B1
הצטרף,htztrf,Please join us.,verb,ה-צ-פ,HITPAEL,B1
זקוק,zkvk,The needy needy needy needy needy needy needy needy need,adj,,,B1
חיינו,chyynv,Our lives.,noun,,,B1
טע,t',It's not easy.,adj,,,B1
יגאל,yg'l,I will be able to do it.,propn,,,B1
העמיד,h'myd,The resilience.,verb,ע-מ-ד,HIFIL,B1
הרים,hrym,The mountains.,verb,ה-ר-מ,PAAL,B1
התקיים,htkyym,existed.,verb,ק-י-י,HITPAEL,B1
למנות,lmnvt,To be cooked.,verb,,,B1
מדד,mdd,The measure.,noun,,,B1
מדע,md',Science is a science.,noun,,,B1
מדעי,md'y,"Scientifically speaking, it's not.",adj,,,B1
מחלוקת,mchlvkt,Disputes arise between the parties.,noun,,,B1
ליווה,lyvvh,Equality is the same.,verb,י-ו-ו,PIEL,B1
"מנכ""ל",mnchl,The CEO of the company.,noun,,,B1
מסורת,msvrt,Tradition is a tradition.,noun,,,B1
מרץ,mrtz,March,propn,,,B1
נגדו,ngdv,against him.,adv,,,B1
נוהג,nvhg,How to behave.,noun,,,B1
סיטי,syty,City City,noun,,,B1
עבירה,'vyrh,Crime,noun,,,B1
פלא,fl',It's a miracle.,noun,,,B1
קום,kvm,"Get up, get up!",noun,,,B1
קרח,krch,The ice is frozen.,noun,,,B1
קשת,ksht,A bow and arrow.,noun,,,B1
ראיה,r'yh,The eye is visible.,noun,,,B1
רושם,rvshm,The impression was made.,noun,,,B1
רעות,r'vt,Evil is evil.,propn,,,B1
תחבורה,tchvvrh,Transportation,noun,,,B1
תקף,tkf,It's going to be an attack.,verb,ת-ק-פ,PAAL,B1
אמיר,'myr,Aamir Khan is a famous actor.,propn,,,B1
אתו,'tv,With him,adv,,,B1
הוחלט,hvchlt,The decision was made.,verb,ו-ח-ט,HUFAL,B1
"חז""ל",chzl,"""It's a great feeling to be here.",propn,,,B1
טקסט,tkst,The text is,noun,,,B1
טראמפ,tr'mf,Trump is the one.,propn,,,B1
יואב,yv'v,Job is a man of faith.,propn,,,B1
בירר,vyrr,Beer is a beer.,verb,ב-ר-ר,PIEL,B1
הבחין,hvchyn,Note the note.,verb,ב-ח-נ,HIFIL,B1
סבל,svl,Suffering is the result of suffering.,verb,ס-ב-ל,PAAL,B1
לעתיד,l'tyd,For the future,adv,,,B1
לקוח,lkvch,The customer is the customer.,noun,,,B1
מגורים,mgvrym,Residences are available.,noun,,,B1
מוח,mvch,The brain is the brain.,noun,,,B1
מומחה,mvmchh,The expert is an expert.,noun,,,B1
מופע,mvf',A show,noun,,,B1
מנוע,mnv',engine.,noun,,,B1
הפחיד,hfchyd,The scary one.,adj,,,B1
נתפס,ntfs,Captured.,verb,נ-ת-ס,NIFAL,B1
סגנון,sgnvn,style style,noun,,,B1
סטודנט,stvdnt,Student student,noun,,,B1
סמך,smch,Confidence  Confidence,noun,,,B1
עצום,'tzvm,It's huge.,adj,,,B1
פרח,frch,A flower is a flower.,noun,,,B1
צפה,tzfh,Look at it.,verb,צ-פ-ה,PAAL,B1
ציוני,tzyvny,Zionist,adj,,,B1
קחה,kchh,Take it or leave it.,verb,ק-ח-ה,PAAL,B1
קרי,kry,It's the same as the Crimean War.,adv,,,B1
רוברט,rvvrt,Robert is the only one.,propn,,,B1
רץ,rtz,Running and running.,verb,,PAAL,B1
שירת,shyrt,Sing a song,verb,ש-ר-ת,PAAL,B1
שתמיד,shtmyd,Always that,adv,,,B1
תימן,tymn,Yemen is a country.,propn,,,B1
תכונה,tchvnh,The feature,noun,,,B1
תעודה,t'vdh,A certificate is issued.,noun,,,B1
אגף,'gf,On the other side.,noun,,,B1
און,'vn,And then there's the story.,propn,,,B1
אסתר,'str,Esther Esther,propn,,,B1
בקר,vkr,Beef and cattle.,noun,,,B1
גג,gg,The roof.,noun,,,B1
גדעון,gd'vn,Gideon is the one.,propn,,,B1
דודו,dvdv,My grandfather was a great-grandfather.,propn,,,B1
היטלר,hytlr,Hitler is the father of Hitler.,propn,,,B1
זכאי,zch'y,entitled to it.,adj,,,B1
חוקר,chvkr,researcher,noun,,,B1
חלוקה,chlvkh,divided up.,noun,,,B1
חתם,chtm,Signed and signed.,verb,ח-ת-מ,PAAL,B1
יונתן,yvntn,Jonathan is the only one.,propn,,,B1
יתרון,ytrvn,The advantage is that it's a good fit.,noun,,,B1
לאמא,l'm',Not to my mother.,propn,,,B1
לונדון,lvndvn,London,propn,,,B1
למשהו,lmshhv,To something.,adv,,,B1
תמך,tmch,Help me to help you.,verb,ת-מ-כ,PAAL,B1
מארק,m'rk,Mark is the one.,propn,,,B1
בוסס,vvss,The boss,verb,ב-ס-ס,PUAL,B1
מודעה,mvd'h,An advert,noun,,,B1
מימי,mymy,My name is Mimi,propn,,,B1
מכונה,mchvnh,machine,noun,,,B1
הכיל,hchyl,It contains .,verb,כ-י-ל,HIFIL,B1
מערך,m'rch,The network.,noun,,,B1
מרטין,mrtyn,Martin is the one.,propn,,,B1
משל,mshl,For example:,noun,,,B1
נפתלי,nftly,I've been waiting for you.,propn,,,B1
נשוי,nshvy,Married,adj,,,B1
סכנה,schnh,Danger is a danger.,noun,,,B1
עמית,'myt,A colleague.,propn,,,B1
ענף,'nf,The industry,noun,,,B1
עצמאי,'tzm'y,Independent and independent.,adj,,,B1
קסם,ksm,Magic is magic.,noun,,,B1
קשור,kshvr,tied together.,adj,,,B1
רומן,rvmn,The novel is a romance.,noun,,,B1
שוויון,shvvyvn,Equality,noun,,,B1
שעון,sh'vn,The clock is on.,noun,,,B1
שעושה,sh'vshh,What does it do?,adv,,,B1
תה,th,Tea is a must-have.,noun,,,B1
אחורה,'chvrh,Back to the drawing board.,adv,,,B1
אלכוהול,'lchvhvl,Alcohol is the main source of alcohol.,noun,,,B1
גברת,gvrt,Mrs.,noun,,,B1
דחה,dchh,It's a dismissal.,verb,ד-ח-ה,PAAL,B1
דרוש,drvsh,Requirements are needed.,adj,,,B1
הופעה,hvf'h,A performance,noun,,,B1
הח,hch,The first one.,noun,,,B1
הנהלה,hnhlh,The management,noun,,,B1
טווח,tvvch,Range  Range,noun,,,B1
יעל,y'l,It's too late.,propn,,,B1
יצאת,ytz't,You went out.,noun,,,B1
כנס,chns,The conference is open to all.,noun,,,B1
הצביע,htzvy',He voted for it.,verb,צ-ב-ע,HIFIL,B1
הקשיב,hkshyv,Listen to me and listen to me.,verb,ק-ש-ב,HIFIL,B1
מנה,mnh,A meal is a meal.,verb,מ-נ-ה,PAAL,B1
מסחר,mschr,Trade and commerce.,noun,,,B1
ציין,tzyyn,Please note,verb,צ-י-י,PIEL,B1
מקומי,mkvmy,Local and local.,adj,,,B1
מרוצה,mrvtzh,She is satisfied.,verb,מ-ר-ה,PAAL,B1
מרחב,mrchv,The space is wide.,noun,,,B1
מרחק,mrchk,Distance is the distance.,noun,,,B1
משימה,mshymh,Mission is a mission.,noun,,,B1
נבע,nv',He swore an oath.,verb,נ-ב-ע,PAAL,B1
נערה,n'rh,A young girl,noun,,,B1
נתניה,ntnyh,Nathaniel is the first.,propn,,,B1
סוס,svs,A horse is a horse.,noun,,,B1
ענה,'nh,She replied.,verb,ע-נ-ה,PAAL,B1
צופה,tzvfh,Look at the viewer.,noun,,,B1
קים,kym,It's the same as Kim.,propn,,,B1
שנית,shnyt,A second time.,adv,,,B1
אבטחה,'vtchh,Security  Security,noun,,,B1
אגודה,'gvdh,The organization.,noun,,,B1
אהוד,'hvd,I love you so much.,propn,,,B1
אומץ,'vmtz,Courage and courage.,noun,,,B1
אוקטובר,'vktvvr,October,propn,,,B1
איטליה,'ytlyh,Italy Italy,propn,,,B1
אלבום,'lvvm,The album was released on vinyl.,noun,,,B1
גוגל,gvgl,Google is the first to do so.,propn,,,B1
חיובי,chyvvy,Positive,adj,,,B1
טו,tv,Do it yourself.,propn,,,B1
כוונה,chvvnh,The intention.,noun,,,B1
לאחור,l'chvr,Back to the drawing board.,adv,,,B1
התעלם,ht'lm,Ignore it all.,verb,ע-ל-מ,HITPAEL,B1
פגש,fgsh,A meeting.,verb,פ-ג-ש,PAAL,B1
צילם,tzylm,The photo is taken.,verb,צ-ל-מ,PIEL,B1
מאושר,m'vshr,Happy and happy,adj,,,B1
מאלה,m'lh,One of these is,adv,,,B1
מגניב,mgnyv,Cool and cool.,adj,,,B1
מכלל,mchll,The college.,adv,,,B1
מרוב,mrvv,Most of the time.,adv,,,B1
נאה,n'h,She is beautiful.,adj,,,B1
נהר,nhr,The river is a river.,noun,,,B1
נחום,nchvm,It's kind of nice.,propn,,,B1
נסיעה,nsy'h,Traveling through the world.,noun,,,B1
נפשי,nfshy,mentally and mentally.,adj,,,B1
סוכר,svchr,Sugar is added to sugar.,noun,,,B1
סופי,svfy,The end is near.,propn,,,B1
"ע""פ",'f,"""From the beginning of time, I've been waiting for you"".",noun,,,B1
צדיק,tzdyk,A righteous man.,noun,,,B1
צמח,tzmch,plant.,noun,,,B1
קולנוע,kvlnv',The cinema,noun,,,B1
קידום,kydvm,Promotion,noun,,,B1
קפטן,kftn,"Captain, the captain.",noun,,,B1
תן,tn,Give it to me,verb,,PAAL,B1
אות,'vt,The sign.,noun,,,B1
אנושי,'nvshy,human.,adj,,,B1
ג'ק,gk,C'c,propn,,,B1
גשר,gshr,Bridge  Bridge,propn,,,B1
דאגה,d'gh,Worrying about it.,noun,,,B1
זיהוי,zyhvy,Identification is required.,noun,,,B1
טור,tvr,Tour  Tour,noun,,,B1
ישי,yshy,I'm going to try to make it.,propn,,,B1
הכנס,hchns,The meeting's income.,verb,ה-כ-ס,HITPAEL,B1
לבש,lvsh,Dress up.,verb,,PAAL,B1
מגע,mg',The touch.,noun,,,B1
מודיעין,mvdy'yn,Intelligence,noun,,,B1
מועמד,mv'md,Candidate is nominated.,noun,,,B1
מור,mvr,"More than anything else, it's worth it.",propn,,,B1
מיעוט,my'vt,A minority of them.,noun,,,B1
עורר,'vrr,It's the trigger.,verb,ע-ר-ר,PIEL,B1
מרק,mrk,Mark,noun,,,B1
משמר,mshmr,The guard.,noun,,,B1
התברר,htvrr,It turned out that,verb,ב-ר-ר,HITPAEL,B1
נאלץ,n'ltz,We were forced to.,verb,נ-א-צ,NIFAL,B1
נחמן,nchmn,He is gracious and merciful.,propn,,,B1
נשמה,nshmh,Soul is the soul.,noun,,,B1
סיים,syym,Finished,verb,ס-י-י,PIEL,B1
סמכות,smchvt,authority  authority,noun,,,B1
ספטמבר,sftmvr,September is the month of September.,propn,,,B1
עופר,'vfr,It's not easy.,propn,,,B1
עמה,'mh,It's the same with her.,adv,,,B1
עש,'sh,It's not easy being green.,noun,,,B1
פטור,ftvr,He was discharged.,noun,,,B1
פנימי,fnymy,The interior of the building.,adj,,,B1
פסטיבל,fstyvl,Festival Festival,noun,,,B1
קדם,kdm,Early times.,adv,,,B1
קוריאה,kvry'h,South Korea,propn,,,B1
קצה,ktzh,End of the line.,noun,,,B1
ראשו,r'shv,Their heads.,propn,,,B1
רוק,rvk,Rock is rock.,noun,,,B1
שבר,shvr,A break in the walls.,noun,,,B1
שחרור,shchrvr,Release,noun,,,B1
שליט,shlyt,The ruler is the ruler.,noun,,,B1
שמירה,shmyrh,Keep an eye on it.,noun,,,B1
שנתי,shnty,I've been here for years.,adj,,,B1
שעוד,sh'vd,There's more to it than that.,adv,,,B1
"אח""כ",'chch,"Then again, I'm going back.",adv,,,B1
אפריל,'fryl,April is the month of April.,propn,,,B1
ארון,'rvn,The Ark of the Covenant,noun,,,B1
באב,v'v,"In the past, there was a gap.",propn,,,B1
בוגר,vvgr,The adults are grown up.,noun,,,B1
בכה,vchh,In tears and tears.,verb,ב-כ-ה,PAAL,B1
גבעה,gv'h,A hill is a hill.,noun,,,B1
גיוס,gyvs,Recruitment is the process.,noun,,,B1
גלעד,gl'd,A ribbon is a ribbon.,propn,,,B1
הוקם,hvkm,Established,verb,ו-ק-מ,HUFAL,B1
היות,hyvt,Because they are.,noun,,,B1
חרב,chrv,The sword is a sword.,noun,,,B1
כיבוש,chyvvsh,The conquest of the country.,noun,,,B1
כרך,chrch,The booklet.,noun,,,B1
הבדיל,hvdyl,The difference is the difference.,verb,ב-ד-ל,HIFIL,B1
הביע,hvy',Be warned.,verb,ב-י-ע,HIFIL,B1
הסיר,hsyr,The pot the pot,verb,ס-י-ר,HIFIL,B1
התקשר,htkshr,Call me when you're ready.,verb,ק-ש-ר,HITPAEL,B1
ייצג,yytzg,It will be represented.,verb,י-צ-ג,PIEL,B1
מלח,mlch,Salt from the sea.,noun,,,B1
העריך,h'rych,What do you value?,verb,ע-ר-כ,HIFIL,B1
מפגש,mfgsh,Meeting with the audience.,noun,,,B1
נזכר,nzchr,Let us remember.,verb,נ-ז-ר,NIFAL,B1
נרחב,nrchv,It's a lot of space.,adj,,,B1
סופית,svfyt,It's finally over.,adv,,,B1
סלע,sl',rock rock rock rock rock rock rock rock rock,noun,,,B1
עיתונאי,'ytvn'y,A journalist is a journalist.,noun,,,B1
עפר,'fr,The clay is clay.,propn,,,B1
פרסם,frsm,Published,verb,פ-ר-מ,PIEL,B1
צפייה,tzfyyh,Watching is watching.,noun,,,B1
קהילה,khylh,The community is a community.,noun,,,B1
קודש,kvdsh,Holy is holy.,noun,,,B1
קווין,kvvyn,Kevin,propn,,,B1
רם,rm,It's the same thing.,propn,,,B1
שתה,shth,A drink is a drink.,verb,ש-ת-ה,PAAL,B1
שים,shym,It's a good idea.,noun,,,B1
תועלת,tv'lt,usefulness.,noun,,,B1
תעופה,t'vfh,Airport Airport,noun,,,B1
אסון,'svn,Disaster is a disaster.,noun,,,B1
ארי,'ry,Ari,propn,,,B1
בול,vvl,The Bulls.,propn,,,B1
בולט,vvlt,Highlighted in bold.,adj,,,B1
ביל,vyl,Bill is a good example of this.,propn,,,B1
בכ,vch,In other words.,adv,,,B1
חברון,chvrvn,A friend is a friend.,propn,,,B1
חפץ,chftz,It's an object.,noun,,,B1
חש,chsh,Feel the feeling.,verb,,PAAL,B1
יאללה,y'llh,"Come on, let's get to it.",adv,,,B1
ידיד,ydyd,A friend is a friend.,noun,,,B1
יקח,ykch,Take this one.,verb,י-ק-ח,PAAL,B1
כלא,chl',Prison is a prison.,noun,,,B1
כץ,chtz,"As a result, the company has been able to expand its business.",propn,,,B1
בחן,vchn,It's a good idea.,verb,ב-ח-נ,PAAL,B1
הגדיר,hgdyr,The setting,verb,ג-ד-ר,HIFIL,B1
מאור,m'vr,The light is shining.,propn,,,B1
מאחור,m'chvr,From the back.,adv,,,B1
מגיל,mgyl,From an early age.,propn,,,B1
מדריך,mdrych,The guide is a guide.,noun,,,B1
מוגבל,mvgvl,restricted restricted,adj,,,B1
מוצלח,mvtzlch,Successful Successful,adj,,,B1
מוצר,mvtzr,Product,noun,,,B1
מושב,mvshv,A seat is a seat.,noun,,,B1
כונה,chvnh,Consciousness,verb,כ-נ-ה,PUAL,B1
מעריב,m'ryv,Southwest.,propn,,,B1
מפי,mfy,From my mouth.,propn,,,B1
מפתיע,mfty',Surprisingly,verb,מ-פ-ע,HIFIL,B1
מתקן,mtkn,The device,noun,,,B1
נדיר,ndyr,It is rare.,adj,,,B1
נדרש,ndrsh,Necessary,verb,נ-ד-ש,NIFAL,B1
נפגש,nfgsh,I'll see you around.,verb,נ-פ-ש,NIFAL,B1
נשלח,nshlch,We will be sent.,verb,נ-ש-ח,NIFAL,B1
סניף,snyf,Branch,noun,,,B1
עברה,'vrh,In the past.,noun,,,B1
עד,'d,up to,noun,,,B1
עיון,'yvn,The eyesight.,noun,,,B1
צומת,tzvmt,At the crossroads,noun,,,B1
קוק,kvk,Cook Cook,propn,,,B1
קרים,krym,The cream is cold.,noun,,,B1
רישיון,ryshyvn,License,noun,,,B1
רמז,rmz,The clue is a clue.,noun,,,B1
רעש,r'sh,Noise and noise.,noun,,,B1
שבי,shvy,Have a seat.,propn,,,B1
שליח,shlych,A messenger is a messenger.,noun,,,B1
שעד,sh'd,That's the end of it.,noun,,,B1
תוכנה,tvchnh,The software,noun,,,B1
תפילה,tfylh,Prayer is a prayer.,noun,,,B1
אנגליה,'nglyh,England England,propn,,,B1
בעמוד,v'mvd,On the page,adv,,,B1
בקו,vkv,I'm in the line.,adv,,,B1
חייך,chyych,Your smile.,verb,ח-י-י,PAAL,B1
טום,tvm,Tom Tom,propn,,,B1
יורה,yvrh,Shoot the gun.,propn,,,B1
כיסוי,chysvy,Coverage,noun,,,B1
כלכלה,chlchlh,Economy is the economy.,noun,,,B1
כתובת,chtvvt,Address,noun,,,B1
הקל,hkl,It's easy to get lost.,verb,,HIFIL,B1
לידה,lydh,The birth of a child.,noun,,,B1
לכת,lcht,Keep going.,noun,,,B1
לעת,l't,From time to time.,noun,,,B1
הלר,hlr,Heller is the author of the book.,verb,ה-ל-ר,PAAL,B1
לתל,ltl,To the end of the day.,propn,,,B1
מיקי,myky,Mickey is the one.,propn,,,B1
מנחה,mnchh,Guided tours are available.,noun,,,B1
צוין,tzvyn,Highlighted.,verb,צ-ו-י,PUAL,B1
המקס,hmks,The Max,propn,,,B1
נעל,n'l,Shoes with shoes.,noun,,,B1
נרצח,nrtzch,We were murdered.,verb,נ-ר-ח,NIFAL,B1
עכו,'chv,I'm going to wait.,propn,,,B1
עיקרון,'ykrvn,Principle of the day,noun,,,B1
פן,fn,I've been waiting for you.,noun,,,B1
קלות,klvt,It's easy.,noun,,,B1
רבע,rv',A quarter,noun,,,B1
רווח,rvvch,Profit from the sale.,noun,,,B1
שיפור,shyfvr,Improvement is needed.,noun,,,B1
תיאטרון,ty'trvn,The theater.,noun,,,B1
רא,r',See also,verb,,PAAL,B1
בין,vyn,Between,adv,,,B1
ג'יי,gyy,G'Jay,propn,,,B1
גנרל,gnrl,The general is the general.,noun,,,B1
"ח""כ",chch,"""This is the time.",noun,,,B1
חזה,chzh,Breast tissue.,noun,,,B1
חריף,chryf,It's very sharp.,adj,,,B1
טרי,try,Fresh and fresh.,propn,,,B1
יציאה,ytzy'h,The exit is the exit.,noun,,,B1
כבש,chvsh,A sheep is a sheep.,verb,כ-ב-ש,PAAL,B1
כיכר,chychr,As a square.,noun,,,B1
לאחת,l'cht,To one of them.,adv,,,B1
לאלה,l'lh,For these,adv,,,B1
להורים,lhvrym,"For parents, it's a good idea.",adv,,,B1
הסתיר,hstyr,Hide and seek.,verb,ס-ת-ר,HIFIL,B1
מיקום,mykvm,Location,noun,,,B1
מסגרת,msgrt,The framework,noun,,,B1
מעניין,m'nyyn,It's interesting,adj,,,B1
משרה,mshrh,A job is a job.,noun,,,B1
נח,nch,Noah's Ark is here.,propn,,,B1
עומר,'vmr,Omar,propn,,,B1
עזרא,'zr',Ezra,propn,,,B1
ענקי,'nky,They're huge.,adj,,,B1
פרופיל,frvfyl,Profile,noun,,,B1
צהוב,tzhvv,Yellow is the color.,adj,,,B1
קריה,kryh,Read it and read it.,noun,,,B1
ראייה,r'yyh,Viewing,noun,,,B1
שאמים,sh'mym,They're the ones who've got it all figured out.,verb,ש-א-מ,PAAL,B1
שידור,shydvr,Broadcasting,noun,,,B1
תקין,tkyn,Correctly,adj,,,B1
אחריה,'chryh,Responsibility for her.,adv,,,B1
אימא,'ym',My mother.,noun,,,B1
אלך,'lch,I'm going to go.,verb,א-ל-כ,PAAL,B1
אמנון,'mnvn,Ammonium is the root of all evil.,propn,,,B1
אצבע,'tzv',A finger is a finger.,noun,,,B1
ארז,'rz,"It's all right, you know.",propn,,,B1
בינה,vynh,Between the two of them.,propn,,,B1
"בית""ר",vytr,The House of Lords.,propn,,,B1
ביתי,vyty,My home is my home.,adj,,,B1
גופו,gvfv,His body.,noun,,,B1
דבש,dvsh,"Honey, honey, honey.",noun,,,B1
דואר,dv'r,Post office,noun,,,B1
דל,dl,I'm going to tell you a story.,adj,,,B1
הומו,hvmv,Gay people are gay.,propn,,,B1
היין,hyyn,The wine,propn,,,B1
זרם,zrm,Current,noun,,,B1
"חב""ד",chvd,Thank you very much.,propn,,,B1
חוב,chvv,Debt and debt.,noun,,,B1
חזון,chzvn,Vision is a vision.,noun,,,B1
חסד,chsd,Mercy is the result of grace.,noun,,,B1
טורקיה,tvrkyh,Turkey,propn,,,B1
טיול,tyvl,Travels  Travels,noun,,,B1
יבש,yvsh,Dry and dry.,adj,,,B1
ימינה,ymynh,To the right.,adv,,,B1
לאי,l'y,I'm not sure what to do.,adv,,,B1
לאנשי,l'nshy,to my people.,noun,,,B1
אישר,'yshr,It's confirmed.,verb,א-ש-ר,PIEL,B1
לגן,lgn,The garden.,propn,,,B1
להקה,lhkh,For a band.,noun,,,B1
השיב,hshyv,The answer is simple.,verb,ש-י-ב,HIFIL,B1
לוחם,lvchm,He is a fighter.,noun,,,B1
לוין,lvyn,Levin is the one.,propn,,,B1
לעוד,l'vd,For more,adv,,,B1
מודל,mvdl,The model,noun,,,B1
מוטב,mvtv,It's better than that.,verb,,,B1
מומלץ,mvmltz,Recommended,verb,מ-מ-צ,PUAL,B1
מילא,myl',I've been through a lot.,verb,מ-ל-א,PIEL,B1
מנשה,mnshh,Manisha is the main source of income.,propn,,,B1
הפריע,hfry',The obstacle is the obstacle.,verb,פ-ר-ע,HIFIL,B1
ריגש,rygsh,It's exciting.,adj,,,B1
נפצע,nftz',Wounded,verb,נ-פ-ע,NIFAL,B1
סיכום,sychvm,Summary,noun,,,B1
עצמאות,'tzm'vt,independence.,noun,,,B1
פיקוח,fykvch,Supervision,noun,,,B1
קדוש,kdvsh,It is holy.,propn,,,B1
קורה,kvrh,It's going to happen.,noun,,,B1
ראשוני,r'shvny,The first first,adj,,,B1
רמי,rmy,Remy,propn,,,B1
רפאל,rf'l,Raphael is a great man.,propn,,,B1
רצוי,rtzvy,It is desirable.,adj,,,B1
שוכל,shvchl,He is able to do so.,verb,ש-כ-ל,PAAL,B1
שמיר,shmyr,I'm going to keep my eye on you.,propn,,,B1
תומך,tvmch,Support for support,noun,,,B1
אליפות,'lyfvt,championships.,noun,,,B1
אלעזר,'l'zr,Lazarus was born.,propn,,,B1
אמין,'myn,Reliable and reliable.,noun,,,B1
אשראי,'shr'y,Credit is what it is.,noun,,,B1
בינון,vynvn,Bananas,noun,,,B1
דורון,dvrvn,Duron,propn,,,B1
החקלאות,hchkl'vt,Agriculture is the field of agriculture.,noun,,,B1
הקלטה,hklth,The tape,noun,,,B1
חומרי,chvmry,The material.,adj,,,B1
חידוש,chydvsh,The invention is new.,noun,,,B1
חיוך,chyvch,A smile is a smile.,noun,,,B1
חלון,chlvn,window window,noun,,,B1
חלילה,chlylh,I'm going to tell you a little bit.,adv,,,B1
חתול,chtvl,A cat is a cat.,noun,,,B1
חתן,chtn,The groom is the bridegroom.,noun,,,B1
יחזקאל,ychzk'l,Ezekiel is the author of the Book of Ezekiel.,propn,,,B1
ינואר,ynv'r,January,propn,,,B1
גייס,gyys,Guy's got a lot to do with it.,verb,ג-י-י,PIEL,B1
העיר,h'yr,The city,verb,ע-י-ר,HIFIL,B1
להר,lhr,On the mountain.,verb,,PAAL,B1
חגג,chgg,The holiday is celebrated.,verb,ח-ג-ג,PAAL,B1
ניקה,nykh,Clean up the mess.,verb,נ-ק-ה,PAAL,B1
מוזמן,mvzmn,You are welcome.,verb,מ-ז-נ,PAAL,B1
סיפק,syfk,Supply,verb,ס-פ-ק,PIEL,B1
משטר,mshtr,A regime of terrorism.,noun,,,B1
משמע,mshm',meaning.,noun,,,B1
נבנה,nvnh,We're going to be built.,verb,נ-ב-ה,NIFAL,B1
סכין,schyn,A knife,noun,,,B1
ספיר,sfyr,Sphere,propn,,,B1
פינה,fynh,The corner.,noun,,,B1
פינוי,fynvy,Evacuation is required.,noun,,,B1
צחוק,tzchvk,Laughing is fun.,noun,,,B1
קובץ,kvvtz,Files,noun,,,B1
שחשוב,shchshvv,that is important.,adj,,,B1
שלל,shll,A lot of people have to say.,noun,,,B1
שלמות,shlmvt,Complete and complete.,noun,,,B1
שנתן,shntn,The one who gave,adv,,,B1
שקש,shksh,It's hard to believe.,verb,ש-ק-ש,PAAL,B1
תרומה,trvmh,Contribution to the Fund,noun,,,B1
בנוי,vnvy,Built to last.,adj,,,B1
ג'ו,gv,J'o is a great place to start.,propn,,,B1
גדי,gdy,I'm going to tell you something.,propn,,,B1
דון,dvn,Don Don is a member.,noun,,,B1
דצמבר,dtzmvr,December is the month of December.,propn,,,B1
זבל,zvl,Garbage is garbage.,noun,,,B1
חווה,chvvh,The farm.,noun,,,B1
חלקית,chlkyt,partially,adv,,,B1
יעיל,y'yl,Effective and efficient.,adj,,,B1
כבן,chvn,"As a kid, I'm going to be a kid.",propn,,,B1
לאה,l'h,"No, not at all.",propn,,,B1
לבכות,lvchvt,Crying and crying.,verb,ב-כ-ת,PAAL,B1
הגדיל,hgdyl,The increase,verb,ג-ד-ל,HIFIL,B1
התגבר,htgvr,He has overcome it.,verb,ג-ב-ר,HITPAEL,B1
חשף,chshf,exposed.,verb,ח-ש-פ,PAAL,B1
לפיה,lfyh,to her.,adv,,,B1
לקהל,lkhl,For the public,adv,,,B1
מחאה,mch'h,Protests were held.,noun,,,B1
מעקב,m'kv,Follow-up,noun,,,B1
מתחילת,mtchylt,You're just starting out.,noun,,,B1
נמסר,nmsr,It was denied.,verb,נ-מ-ר,NIFAL,B1
סומך,svmch,Trust your trust.,noun,,,B1
סירב,syrv,He refused.,verb,ס-ר-ב,PIEL,B1
עילית,'ylyt,You were an elite.,propn,,,B1
עצה,'tzh,Advice is needed.,noun,,,B1
פיקוד,fykvd,Command,noun,,,B1
פרו,frv,Probiotics are used in the treatment of prostate cancer.,propn,,,B1
קילומטר,kylvmtr,The kilometers are  kilometers.,noun,,,B1
רובין,rvvyn,Robin is the one.,propn,,,B1
רוצח,rvtzch,A murderer is a murderer.,noun,,,B1
שיצא,shytz',It's out there.,verb,ש-צ-א,PAAL,B1
תיכון,tychvn,High school,adj,,,B1
תפיסה,tfysh,The catch,noun,,,B1
תקנה,tknh,Buy a copy of it.,noun,,,B1
אובמה,'vvmh,Obama is the one.,propn,,,B1
אימה,'ymh,I'm scared of you.,noun,,,B1
אשכנזי,'shchnzy,I'm going to make a decision.,propn,,,B1
בנט,vnt,I'm going to tell you something about Benet.,propn,,,B1
גבינה,gvynh,Cheese and cheese.,noun,,,B1
דיבור,dyvvr,Speech is the language.,noun,,,B1
דרמה,drmh,Drama is a drama.,noun,,,B1
זול,zvl,Cheaply available.,adj,,,B1
חולון,chvlvn,The living room.,propn,,,B1
חור,chvr,A hole in the ground.,noun,,,B1
חלש,chlsh,Weakness is weakness.,adj,,,B1
חמאס,chm's,Hamas is a terrorist organization.,propn,,,B1
טיל,tyl,The missile was fired.,noun,,,B1
טיפוס,tyfvs,Type of the type.,noun,,,B1
כרגיל,chrgyl,As usual,adv,,,B1
כרמל,chrml,Carmel is the name of the game.,noun,,,B1
לאבא,l'v',Not to my father.,propn,,,B1
לבוש,lvvsh,Clothes and clothing.,noun,,,B1
הטיל,htyl,The missile was launched.,verb,ט-י-ל,HIFIL,B1
לייב,lyyv,Live in the living room.,propn,,,B1
מבוא,mvv',I'm going to come back.,noun,,,B1
הונח,hvnch,The subject matter.,verb,ה-נ-ח,PUAL,B1
מייל,myyl,miles away.,noun,,,B1
מלך,mlch,There is a king.,noun,,,B1
מנגנון,mngnvn,The mechanism is simple.,noun,,,B1
מצלמה,mtzlmh,A camera is a camera.,noun,,,B1
מקיף,mkyf,It is comprehensive.,adj,,,B1
מרן,mrn,Maren,propn,,,B1
משתנה,mshtnh,It's changing.,verb,מ-ש-ה,HITPAEL,B1
מתכת,mtcht,The metallic is made of metal.,noun,,,B1
נאום,n'vm,Speech  Speech,noun,,,B1
נובמבר,nvvmvr,November is the month of November.,propn,,,B1
נורה,nvrh,The light is shining.,verb,נ-ר-ה,NIFAL,B1
ניצח,nytzch,The winner is the winner.,verb,נ-צ-ח,PIEL,B1
סוסי,svsy,Horses and horses.,noun,,,B1
סר,sr,Sr,propn,,,B1
עודד,'vdd,Exaggerated.,propn,,,B1
פייסבוק,fyysvvk,Facebook is the official site of Facebook.,propn,,,B1
צדקה,tzdkh,Charity is a charity.,noun,,,B1
קילוגרם,kylvgrm,Kilograms,noun,,,B1
קבלו,kvlv,Receive and receive.,verb,ק-ב-ו,PIEL,B1
שלג,shlg,Snow has fallen.,noun,,,B1
תהה,thh,Tea is served.,verb,ת-ה-ה,PAAL,B1
אהה,'hh,Ahhhhhhhhhhhhhhhhhhhhhhh,intj,,,B1
אלכס,'lchs,Alex is the one.,propn,,,B1
ארצי,'rtzy,I want to live.,propn,,,B1
אשמה,'shmh,Guilt is the key.,noun,,,B1
"בע""מ",v'm,"In this case, the problem is:",noun,,,B1
ג'ונס,gvns,Jones is the one.,propn,,,B1
גדר,gdr,A fence is a fence.,noun,,,B1
גור,gvr,The Gorgeous Gorge.,propn,,,B1
דהי,dhy,I've been waiting for you.,noun,,,B1
הוריו,hvryv,His parents.,propn,,,B1
התא,ht',It's the same as it ever was.,noun,,,B1
זכוכית,zchvchyt,Glass is glass.,noun,,,B1
חברתיות,chvrtyvt,social and social.,adj,,,B1
חרדי,chrdy,I'm a hard worker.,noun,,,B1
חשיבה,chshyvh,Thinking and thinking.,noun,,,B1
יורו,yvrv,The Euro is the Euro.,propn,,,B1
הרוויח,hrvvych,The profit,verb,ר-ו-ו,HIFIL,B1
הרחיב,hrchyv,The vastness of the world.,verb,ר-ח-ב,HIFIL,B1
זרק,zrk,Throw away the trash.,verb,ז-ר-ק,PAAL,B1
ליותר,lyvtr,More than that.,adv,,,B1
לפנים,lfnym,Face to face,adv,,,B1
מדיני,mdyny,Political and political.,adj,,,B1
מחשב,mchshv,A computer computer,noun,,,B1
מייק,myyk,Mike is the one.,propn,,,B1
מיץ,mytz,Juice is a must.,noun,,,B1
מלאך,ml'ch,An angel is an angel.,noun,,,B1
מנהג,mnhg,The custom is that of the people.,noun,,,B1
מני,mny,Mani is a man.,propn,,,B1
מסכת,mscht,A mask is a mask.,noun,,,B1
משלוח,mshlvch,Delivery is done.,noun,,,B1
משרדי,mshrdy,From my offices,adj,,,B1
נטה,nth,It's clean.,verb,נ-ט-ה,PAAL,B1
נסגר,nsgr,It's closing down.,verb,נ-ס-ר,NIFAL,B1
נע,n',We're going to have to make a decision.,verb,,PAAL,B1
סוכן,svchn,The agent is an agent.,noun,,,B1
סף,sf,Sph,noun,,,B1
סרטון,srtvn,A video,noun,,,B1
עלות,'lvt,Costs are high.,noun,,,B1
פלסטיני,flstyny,Palestinian,noun,,,B1
פרשנות,frshnvt,Explanations are provided.,noun,,,B1
ציר,tzyr,The coat of arms.,noun,,,B1
קולה,kvlh,The Coca-Cola® is now available.,propn,,,B1
ראיון,r'yvn,Interview with the author.,noun,,,B1
רכוש,rchvsh,Property is property.,noun,,,B1
"רש""י",rshy,It's a good idea to write a letter.,propn,,,B1
רשום,rshvm,Registered,adj,,,B1
שנאה,shn'h,Hate is hate.,noun,,,B1
שרשרת,shrshrt,A chain,noun,,,B1
תקיפה,tkyfh,The attack was a surprise.,noun,,,B1
אויב,'vyv,If,noun,,,B1
איל,'yl,I'm going to tell you something.,propn,,,B1
אישום,'yshvm,Charges are charged.,noun,,,B1
אשכול,'shchvl,I'm going to be able to do it.,noun,,,B1
ברי,vry,It's a good idea to have a good time.,propn,,,B1
גורדון,gvrdvn,Gordon is the only one.,propn,,,B1
דיוק,dyvk,The Duke,noun,,,B1
חבורה,chvvrh,A bunch of them.,noun,,,B1
חורף,chvrf,Winter is here.,noun,,,B1
חלקה,chlkh,It's smooth.,propn,,,B1
חנוך,chnvch,Education and education.,propn,,,B1
טיפש,tyfsh,Fools are stupid.,noun,,,B1
יישוב,yyshvv,Resettlement is a must.,noun,,,B1
יסודי,ysvdy,Basic knowledge.,adj,,,B1
כראש,chr'sh,As head of state.,adv,,,B1
לפתע,lft',All of a sudden,adv,,,B1
ריצה,rytzh,Running and running.,verb,ר-צ-ה,PAAL,B1
ממילא,mmyl',"I mean, it's just a matter of time.",adv,,,B1
מנקודת,mnkvdt,From a point of view,noun,,,B1
מסמך,msmch,A document is a document.,noun,,,B1
מקל,mkl,It's easy to get lost.,noun,,,B1
מקלט,mklt,Refuge is a place of refuge.,noun,,,B1
נהיגה,nhygh,Driving a car.,noun,,,B1
נחת,ncht,He landed on the ground.,verb,נ-ח-ת,PAAL,B1
ניסוי,nysvy,The experiment.,noun,,,B1
ניצב,nytzv,We are staying.,noun,,,B1
נמל,nml,Port  Port,noun,,,B1
נשימה,nshymh,Breathing is important.,noun,,,B1
סיור,syvr,Tour,noun,,,B1
סימון,symvn,A sign,propn,,,B1
עובדיה,'vvdyh,Her work is in progress.,propn,,,B1
פליט,flyt,The refugees are fleeing.,noun,,,B1
צינור,tzynvr,The pipe is a pipe.,noun,,,B1
קבר,kvr,The tomb is a tomb.,noun,,,B1
קומה,kvmh,Get up!,noun,,,B1
ריכוז,rychvz,Concentration,noun,,,B1
שאחד,sh'chd,that one,propn,,,B1
שנינו,shnynv,Both of us.,adv,,,B1
תיבה,tyvh,The box.,noun,,,B1
אבק,'vk,Dust from the dust.,noun,,,B1
אחמד,'chmd,Ahmed is the father of the family.,propn,,,B1
אלים,'lym,Violence is not allowed.,noun,,,B1
אף,'f,I'm not sure if it's true.,propn,,,B1
בושה,vvshh,Shame on you.,noun,,,B1
בכביש,vchvysh,On the road,adv,,,B1
דיור,dyvr,Accommodation,noun,,,B1
דרור,drvr,It is necessary.,propn,,,B1
הקלה,hklh,It's a relief.,noun,,,B1
זיהום,zyhvm,Infection is an infection.,noun,,,B1
"זצ""ל",ztzl,It's the first time I've seen it.,propn,,,B1
חוויה,chvvyh,experience experience experience,noun,,,B1
חוש,chvsh,The senses.,noun,,,B1
חיצוני,chytzvny,External to the outside.,adj,,,B1
טבעת,tv't,A ring is a ring.,noun,,,B1
יועץ,yv'tz,Counselor,noun,,,B1
ירק,yrk,The vegetables are green.,noun,,,B1
כראוי,chr'vy,Properly and appropriately.,adv,,,B1
כריס,chrys,Chris,propn,,,B1
כרם,chrm,Karm,noun,,,B1
לבת,lvt,daughter's daughter.,propn,,,B1
התערב,ht'rv,He intervened.,verb,ע-ר-ב,HITPAEL,B1
ליה,lyh,"Leah, you know.",propn,,,B1
ליין,lyyn,Line,propn,,,B1
פרש,frsh,Explain the meaning.,verb,פ-ר-ש,PAAL,B1
שרד,shrd,He survived.,verb,ש-ר-ד,PAAL,B1
מבחר,mvchr,Choose your choice.,noun,,,B1
מורשת,mvrsht,legacy,noun,,,B1
מנוחה,mnvchh,Rest and rest.,noun,,,B1
מניה,mnyh,Shares from the stock market.,noun,,,B1
מעגל,m'gl,A circle is a circle.,noun,,,B1
מענה,m'nh,The answer is simple.,noun,,,B1
מקדש,mkdsh,A temple is a temple.,noun,,,B1
נטל,ntl,The burden of proof is on you.,noun,,,B1
ניצול,nytzvl,Survivor is the one who survives.,noun,,,B1
נכונות,nchvnvt,right right,noun,,,B1
סקוט,skvt,Scott is the first.,propn,,,B1
סתום,stvm,Shut up and shut up.,adj,,,B1
עוצמה,'vtzmh,Power is powerful.,noun,,,B1
עיבוד,'yvvd,Processing is done.,noun,,,B1
פברואר,fvrv'r,February,propn,,,B1
פוטר,fvtr,He was fired.,propn,,,B1
פיזי,fyzy,Physics is a matter of life and death.,adv,,,B1
פרידמן,frydmn,Friedman is the only one.,propn,,,B1
קניון,knyvn,The shopping mall.,noun,,,B1
רמון,rmvn,Ramón is the son of Ramón.,propn,,,B1
שרוב,shrvv,Most of the time.,noun,,,B1
אשקלון,'shklvn,Ashkelon is the name of the city.,propn,,,B1
גרסה,grsh,Version  version,noun,,,B1
דמוקרטי,dmvkrty,democratic,adj,,,B1
הנאה,hn'h,Pleasure is a pleasure.,noun,,,B1
חודשי,chvdshy,Monthly,adj,,,B1
חשוד,chshvd,Suspected  Suspected,noun,,,B1
חתונה,chtvnh,A wedding is a wedding.,noun,,,B1
יער,y'r,The forest.,noun,,,B1
יצור,ytzvr,The creature.,noun,,,B1
כו,chv,"As a matter of fact, it's not.",adv,,,B1
לאמר,l'mr,Not to say,verb,א-מ-ר,PIEL,B1
לעונה,l'vnh,For the season,adv,,,B1
תרם,trm,Donate your money.,verb,ת-ר-מ,PAAL,B1
מוכרח,mvchrch,It's a must.,verb,מ-כ-ח,PAAL,B1
העיד,h'yd,The testimony was made.,verb,ע-י-ד,HIFIL,B1
מקרוב,mkrvv,Close up,adv,,,B1
מריה,mryh,Maria,propn,,,B1
משתתף,mshttf,Participate in the event.,noun,,,B1
נישואין,nyshv'yn,Marriage is not an option.,noun,,,B1
נכשל,nchshl,Failed to succeed.,verb,נ-כ-ל,NIFAL,B1
סנאט,sn't,The Senate.,propn,,,B1
עייף,'yyf,I'm tired and tired.,noun,,,B1
פצצה,ftztzh,A bomb was dropped.,noun,,,B1
קושי,kvshy,Difficulty difficulty,noun,,,B1
קריירה,kryyrh,Career Career,noun,,,B1
רומא,rvm',Rome,propn,,,B1
רן,rn,It's not easy.,propn,,,B1
תור,tvr,The order of succession.,noun,,,B1
אביך,'vych,Your father is your father.,propn,,,B1
אזהרה,'zhrh,Warning: This is a warning.,noun,,,B1
אזי,'zy,"So, then I'm going to go.",adv,,,B1
אמצעי,'mtz'y,The means,noun,,,B1
ארד,'rd,The Earth is full of life.,propn,,,B1
ארתור,'rtvr,Arthur is the author of the book.,propn,,,B1
בקנה,vknh,In a straight line,noun,,,B1
גנב,gnv,A thief is a thief.,noun,,,B1
דלקת,dlkt,Inflammation is common.,noun,,,B1
דמיון,dmyvn,Imagination is similar.,noun,,,B1
ויכוח,vychvch,Arguing with each other.,noun,,,B1
חשיפה,chshyfh,Exposure to exposure.,noun,,,B1
חשמלי,chshmly,electricity.,adj,,,B1
טוני,tvny,Tony is a tonic.,propn,,,B1
טכנולוגיה,tchnvlvgyh,Technology is the technology.,noun,,,B1
הצטרך,htztrch,You'll need the help.,verb,ה-צ-כ,HITPAEL,B1
יקום,ykvm,The universe is full of it.,noun,,,B1
כתר,chtr,A crown is a crown.,noun,,,B1
הפסיד,hfsyd,The loser,verb,פ-ס-ד,HIFIL,B1
ניגן,nygn,Played the game.,verb,נ-ג-נ,PIEL,B1
במהרה,vmhrh,Soon enough,adv,,,B1
מילר,mylr,Miller is the first.,propn,,,B1
מנגד,mngd,On the contrary,adv,,,B1
התגלה,htglh,The discovery was made.,verb,ג-ל-ה,HITPAEL,B1
נוצרי,nvtzry,Christians are Christians.,noun,,,B1
נעמי,n'my,Naomi is the only one.,propn,,,B1
סוכנות,svchnvt,Agency Agency,noun,,,B1
עבורי,'vvry,"For me, it's the same.",adv,,,B1
עוצר,'vtzr,Stop the car.,noun,,,B1
פלילי,flyly,Criminal,adj,,,B1
פס,fs,Pass the word.,noun,,,B1
צפונה,tzfvnh,North to the north.,adv,,,B1
קונה,kvnh,Buyer is buying.,noun,,,B1
קישור,kyshvr,The link,noun,,,B1
רוסי,rvsy,Russian Russian,adj,,,B1
שאמר,sh'mr,He said that he said,verb,ש-א-ר,PAAL,B1
שורש,shvrsh,Root,noun,,,B1
שעל,sh'l,That's right.,verb,ש-ע-ל,PAAL,B1
שק,shk,Checks and balances.,noun,,,B1
אופיר,'vfyr,The Opyr is an opera.,propn,,,B1
אלהים,'lhym,God is God.,noun,,,B1
ביניים,vynyym,intermediate intermediate,noun,,,B1
בס,vs,"Basically, it's all in the name.",noun,,,B1
גבריאל,gvry'l,Gabriel is the only one.,propn,,,B1
גופה,gvfh,The body.,noun,,,B1
דמעה,dm'h,Tears in my eyes.,noun,,,B1
דפוק,dfvk,Fuck you!,adj,,,B1
דרכם,drchm,Through them,adv,,,B1
הכנה,hchnh,The preparation of the meal.,noun,,,B1
הנס,hns,The miracles were performed.,propn,,,B1
התקדמות,htkdmvt,Progress has been made.,noun,,,B1
חדרה,chdrh,His room.,propn,,,B1
כאל,ch'l,As a matter of fact.,adv,,,B1
כותב,chvtv,He writes.,noun,,,B1
כיתה,chyth,Classroom,noun,,,B1
לוק,lvk,Luke is the one.,propn,,,B1
לקיום,lkyvm,to exist.,adv,,,B1
מוזיאון,mvzy'vn,Museum Museum,noun,,,B1
מותק,mvtk,"Sweetie, you're not alone.",noun,,,B1
ממי,mmy,From who?,pron,,,B1
מתמיד,mtmyd,Always and always,adv,,,B1
מתקדם,mtkdm,Progress is being made.,verb,מ-ת-מ,HITPAEL,B1
התקרב,htkrv,Come closer to me.,verb,ק-ר-ב,HITPAEL,B1
נוע,nv',Nooooooooooooooooooooooooooooooooooo,noun,,,B1
נורמלי,nvrmly,It's normal,adj,,,B1
נחש,nchsh,Guess what?,noun,,,B1
נחשף,nchshf,exposed.,verb,נ-ח-פ,NIFAL,B1
נר,nr,Candlelight is the name of the candle.,propn,,,B1
נתיב,ntyv,A pathway is a pathway.,noun,,,B1
סבר,svr,It is clear.,verb,ס-ב-ר,PAAL,B1
סטיבן,styvn,Stephen,propn,,,B1
סל,sl,SL,noun,,,B1
עז,'z,A goat is a goat.,propn,,,B1
פנוי,fnvy,It's free,adj,,,B1
פניה,fnyh,His face.,noun,,,B1
צחק,tzchk,Laughing is the key.,verb,צ-ח-ק,PAAL,B1
קביעה,kvy'h,A decision is made.,noun,,,B1
קץ,ktz,The end is near.,noun,,,B1
ריבלין,ryvlyn,Rivlin is the only one.,propn,,,B1
רעננה,r'nnh,Freshness and freshness.,propn,,,B1
רשם,rshm,Registered to the Register.,verb,ר-ש-מ,PAAL,B1
שיעש,shy'sh,It's time to do something about it.,verb,ש-ע-ש,PAAL,B1
שכבה,shchvh,Lay down.,noun,,,B1
שלילי,shlyly,Negative,adj,,,B1
שראה,shr'h,See also,propn,,,B1
מצצא,mtztz',מצצא from the border.,verb,מ-צ-א,PAAL,B1
תקוה,tkvh,I'll take care of it.,propn,,,B1
אדר,'dr,Adder is the name of the game.,propn,,,B1
אוטומטית,'vtvmtyt,Automatically,adv,,,B1
אליס,'lys,Alice is the only one.,propn,,,B1
בייחוד,vyychvd,"Especially, especially.",adv,,,B1
ג'קסון,gksvn,Jackson is the one.,propn,,,B1
דגש,dgsh,Emphasis is placed on stress.,noun,,,B1
הינה,hynh,There it is.,pron,,,B1
הפרה,hfrh,The cow is a cow.,noun,,,B1
התחלה,htchlh,It's a start.,noun,,,B1
זרע,zr',The seed is the seed.,noun,,,B1
חסיד,chsyd,Hassid,noun,,,B1
חצר,chtzr,Courtyard,noun,,,B1
טס,ts,Ts,verb,,PAAL,B1
ירון,yrvn,Iron and steel.,propn,,,B1
כדורסל,chdvrsl,Basketball is the name of the game.,noun,,,B1
כעס,ch's,Anger is the result of anger.,noun,,,B1
כשל,chshl,Failure to succeed,verb,כ-ש-ל,PAAL,B1
הגיב,hgyv,Answer the question.,verb,ג-י-ב,HIFIL,B1
השקיע,hshky',The investor,verb,ש-ק-ע,HIFIL,B2
ליגה,lygh,League of Legends.,noun,,,B2
מאוהב,m'vhv,In love with a lover.,verb,מ-א-ב,PUAL,B2
מבוגר,mvvgr,The adults are adults.,noun,,,B2
מוסרי,mvsry,Morals and morals.,adj,,,B2
מינוי,mynvy,Appointment,noun,,,B2
משק,mshk,The farm is very small.,noun,,,B2
התאים,ht'ym,The cells are made up of cells.,verb,ה-ת-מ,PIEL,B2
נאות,n'vt,Suitable for all ages.,propn,,,B2
נוי,nvy,New Zealand's first,propn,,,B2
פוטנציאל,fvtntzy'l,Potential,noun,,,B2
צרה,tzrh,There is a problem.,noun,,,B2
קינג,kyng,The King.,propn,,,B2
רישום,ryshvm,Registration is required.,noun,,,B2
שיחק,shychk,Played a game.,verb,ש-ח-ק,PIEL,B2
שעוש,sh'vsh,Bees are made of beans.,adv,,,B2
אומנות,'vmnvt,Art is art.,noun,,,B2
אומנם,'vmnm,"However, they are not.",adv,,,B2
איכשהו,'ychshhv,Somehow,adv,,,B2
איתכם,'ytchm,I am with you.,adv,,,B2
נתך,ntch,I've given it to you.,verb,נ-ת-כ,PAAL,B2
ביישוב,vyyshvv,Back to the house.,adv,,,B2
גביע,gvy',Cup  cup,noun,,,B2
גפן,gfn,It's a bit of a mess.,propn,,,B2
הלו,hlv,"Hello, Hello, Hello, Hello, Hello, Hello, Hello, Hello, Hello,",propn,,,B2
וכ,vch,And then there's the story.,adv,,,B2
טיפה,tyfh,It's very deep.,adv,,,B2
כישלון,chyshlvn,Failure is a failure.,noun,,,B2
כתיב,chtyv,Writing is a way of life.,noun,,,B2
התנהג,htnhg,Behave yourself.,verb,נ-ה-ג,HITPAEL,B2
התפלל,htfll,Pray for them.,verb,פ-ל-ל,HITPAEL,B2
מדור,mdvr,It's a bit of a mess.,noun,,,B2
מדרגה,mdrgh,The level of level,noun,,,B2
מועיל,mv'yl,Useful Useful,adj,,,B2
מלאי,ml'y,The fullness of the story.,noun,,,B2
מפלגה,mflgh,Party Party,noun,,,B2
משמאל,mshm'l,From left to left,adv,,,B2
סביבה,svyvh,The environment.,noun,,,B2
סבלנות,svlnvt,Patience is the key.,noun,,,B2
סוחר,svchr,A merchant is a merchant.,noun,,,B2
עולמי,'vlmy,My world,adj,,,B2
עיראק,'yr'k,Iraq Iraq,propn,,,B2
ערן,'rn,Be careful what you wish for.,propn,,,B2
עשן,'shn,Smoke is coming.,noun,,,B2
פירוק,fyrvk,Disbanded,noun,,,B2
צרפתי,tzrfty,French French,adj,,,B2
רוחני,rvchny,Spiritual,adj,,,B2
רצועה,rtzv'h,The strap is made of leather.,noun,,,B2
שחי,shchy,I'm going to live with it.,noun,,,B2
שפיר,shfyr,The leg is smooth.,propn,,,B2
תאונה,t'vnh,An accident is an accident.,noun,,,B2
אובדן,'vvdn,Loss of weight.,noun,,,B2
אוטו,'vtv,Auto is the name of the game.,propn,,,B2
אונס,'vns,rape is a crime.,noun,,,B2
אופנה,'vfnh,Fashion is in the air.,noun,,,B2
אחלה,'chlh,That's great.,adv,,,B2
אישים,'yshym,The characters are different.,noun,,,B2
דונם,dvnm,They're not going to make it.,noun,,,B2
דופק,dvfk,It's a bit of a shock.,noun,,,B2
הוגן,hvgn,It's fair.,adj,,,B2
הצגה,htzgh,The presentation is a presentation.,noun,,,B2
השתתפות,hshttfvt,Participation in the event.,noun,,,B2
זית,zyt,Olive oil.,noun,,,B2
טהור,thvr,It is pure.,adj,,,B2
יבנה,yvnh,It will be built.,propn,,,B2
יואל,yv'l,Joel is the first to do so.,propn,,,B2
יורם,yvrm,It's a great day.,propn,,,B2
יתרה,ytrh,The rest of it.,adv,,,B2
האשים,h'shym,The accusers.,verb,א-ש-מ,HIFIL,B2
לוס,lvs,Los Angeles is the place to be.,propn,,,B2
לקה,lkh,to the sea.,propn,,,B2
לשוק,lshvk,For the market.,adv,,,B2
מאיה,m'yh,Maya,propn,,,B2
מחבל,mchvl,Terrorists are terrorists.,noun,,,B2
מחסור,mchsvr,The lack of a shortage.,noun,,,B2
מיידי,myydy,Immediately,adv,,,B2
מעכשיו,m'chshyv,From now on,adv,,,B2
התכוון,htchvvn,The meaning of the word,verb,כ-ו-ו,HITPAEL,B2
נשכח,nshchch,We will forget.,verb,נ-ש-ח,NIFAL,B2
סמית,smyt,"Smith, who is also a member of the",propn,,,B2
סער,s'r,The storm.,propn,,,B2
עמותה,'mvth,The Society is a non-profit organization.,noun,,,B2
פאר,f'r,For the sake of clarity.,propn,,,B2
פלוס,flvs,"Plus, there is more to it.",propn,,,B2
צמוד,tzmvd,Close to each other.,adj,,,B2
קווה,kvvh,"There is a ""Kווה"".",noun,,,B2
קיומה,kyvmh,Its existence.,noun,,,B2
שואה,shv'h,The Holocaust was a tragedy.,propn,,,B2
שיקר,shykr,Lying is a lie.,verb,ש-ק-ר,PAAL,B2
שכתוב,shchtvv,who writes,noun,,,B2
שמשהו,shmshhv,That something is wrong.,adv,,,B2
שנכנס,shnchns,Let's get in there.,verb,ש-נ-ס,PUAL,B2
שפשוט,shfshvt,It's just that,adv,,,B2
שקד,shkd,It's a week away.,propn,,,B2
שרוץ,shrvtz,Running in the rain.,noun,,,B2
תביעה,tvy'h,A lawsuit was filed.,noun,,,B2
תיעוד,ty'vd,Documenting it,noun,,,B2
תקע,tk',It's a trap.,verb,ת-ק-ע,PAAL,B2
אד,'d,Ed,noun,,,B2
אויר,'vyr,The air.,noun,,,B2
אוסטרליה,'vstrlyh,Australia is the only country to do so.,propn,,,B2
בבל,vvl,Babylon is the place to be.,propn,,,B2
בוב,vvv,"Bob, you know.",propn,,,B2
בכיס,vchys,It's in my pocket.,adv,,,B2
דחוף,dchvf,It's urgent.,adj,,,B2
זהירות,zhyrvt,Careful with the water.,noun,,,B2
חוט,chvt,A string of threads.,noun,,,B2
חזן,chzn,A knife is a knife.,propn,,,B2
חטא,cht',Sin is a sin.,noun,,,B2
חטיבה,chtyvh,The division,noun,,,B2
טכנית,tchnyt,Technically,adv,,,B2
יציב,ytzyv,stable and stable.,adj,,,B2
ירח,yrch,The moon.,noun,,,B2
לבו,lvv,to his heart.,propn,,,B2
לבלות,lvlvt,Spend some time together.,verb,ב-ל-ת,PAAL,B2
ניגש,nygsh,We're getting close.,verb,נ-ג-ש,PAAL,B2
הדגיש,hdgysh,The emphasis is on the emphasis.,verb,ד-ג-ש,HIFIL,B2
להיום,lhyvm,For today,adv,,,B2
השתלט,hshtlt,It's been adopted.,verb,ה-ש-ט,HITPAEL,B2
ללב,llv,To the heart.,adv,,,B2
לעומק,l'vmk,into the depths,adv,,,B2
לפיד,lfyd,In the middle of the night.,propn,,,B2
רקד,rkd,Dance and dance.,verb,ר-ק-ד,PAAL,B2
תבע,tv',The lawsuit was filed.,verb,ת-ב-ע,PAAL,B2
מגעיל,mg'yl,Abominable and disgusting.,adj,,,B2
מדרום,mdrvm,From the south,adv,,,B2
מוסלמי,mvslmy,Muslims are Muslims.,noun,,,B2
מלאכה,ml'chh,The craft.,noun,,,B2
מסקנה,msknh,Conclusion,noun,,,B2
מעורבות,m'vrvvt,involvement involvement.,noun,,,B2
פיחד,fychd,Fear of death.,verb,פ-ח-ד,PAAL,B2
משטח,mshtch,surface area.,noun,,,B2
משעמם,msh'mm,It's boring.,verb,מ-ש-מ,PUAL,B2
נובל,nvvl,The Nobel Prize is awarded.,noun,,,B2
נקבה,nkvh,Female,noun,,,B2
סגירה,sgyrh,Closure of the building,noun,,,B2
פוליטיקאי,fvlytyk'y,A politician.,noun,,,B2
פוליטיקה,fvlytykh,Politics is politics.,noun,,,B2
פון,fvn,of  of  of  of,propn,,,B2
פיצה,fytzh,Pizza is the name of the game.,noun,,,B2
פנחס,fnchs,I've been waiting for you.,propn,,,B2
פקודה,fkvdh,Order is given.,noun,,,B2
צלם,tzlm,A photographer is a photographer.,noun,,,B2
צרפתית,tzrftyt,French French,propn,,,B2
קלאסי,kl'sy,A classic one.,adj,,,B2
רגיש,rgysh,is sensitive.,adj,,,B2
רועי,rv'y,It is evil.,propn,,,B2
ריבוי,ryvvy,Repeat the process.,noun,,,B2
רכישה,rchyshh,Purchase,noun,,,B2
שודע,shvd',Who knows?,verb,ש-ד-ע,PAAL,B2
שיווק,shyvvk,Marketing is what it's all about.,noun,,,B2
אבינו,'vynv,Our father.,propn,,,B2
אוטומטי,'vtvmty,Automated,adj,,,B2
אומן,'vmn,The artist.,noun,,,B2
אזרחה,'zrchh,Citizenship is the right thing to do.,noun,,,B2
בור,vvr,Bury a hole in the ground.,noun,,,B2
בחג,vchg,"At Christmas, it is a holiday.",adv,,,B2
גרמנית,grmnyt,German,propn,,,B2
התערבות,ht'rvvt,Intervention is the key.,noun,,,B2
זיו,zyv,"It's not just me, it's you.",propn,,,B2
זמר,zmr,A singer and songwriter.,noun,,,B2
חקיקה,chkykh,Legislation is required.,noun,,,B2
חשד,chshd,Suspicion was raised.,noun,,,B2
כספי,chsfy,My money,adj,,,B2
בירך,vyrch,In the thighs.,verb,ב-ר-כ,PAAL,B2
לואי,lv'y,Louis,propn,,,B2
ליאור,ly'vr,Lior,propn,,,B2
לעד,l'd,Forever and ever.,adv,,,B2
מארי,m'ry,Mary,propn,,,B2
הוגדר,hvgdr,It's been a long time coming.,verb,ה-ג-ר,PUAL,B2
מוסף,mvsf,It's a very special place.,adj,,,B2
מחודש,mchvdsh,It's a new month.,adj,,,B2
מישל,myshl,Michelle,propn,,,B2
מלכות,mlchvt,The kingdoms are kingdoms.,noun,,,B2
משאית,msh'yt,Truck,noun,,,B2
נאמנות,n'mnvt,Loyalty is a matter of trust.,noun,,,B2
נכס,nchs,Property,noun,,,B2
נפט,nft,Oil and gas.,noun,,,B2
נשבר,nshvr,We broke up and broke up.,verb,נ-ש-ר,NIFAL,B2
סן,sn,There is a sense of urgency.,propn,,,B2
עירוני,'yrvny,Municipal,propn,,,B2
עסקי,'sky,Business is business.,adj,,,B2
פיצוץ,fytzvtz,The explosion.,noun,,,B2
פקיד,fkyd,The official the official,noun,,,B2
צפת,tzft,You've got a lot of flu.,propn,,,B2
קורבן,kvrvn,Victim,noun,,,B2
קיסר,kysr,Caesar is the emperor.,propn,,,B2
רבנו,rvnv,We're going to have a lot of fun.,propn,,,B2
רובה,rvvh,A rifle is a rifle.,noun,,,B2
ריקוד,rykvd,Dance and dance.,noun,,,B2
רך,rch,Soft and soft.,adj,,,B2
"ש""ס",shs,That's why I'm here.,propn,,,B2
שארית,sh'ryt,The rest of it.,noun,,,B2
שדרה,shdrh,A series of events.,propn,,,B2
שפע,shf',There is plenty of it.,noun,,,B2
תרבותי,trvvty,culture and culture.,adj,,,B2
תתן,ttn,Give it up.,verb,ת-ת-נ,PAAL,B2
אוף,'vf,"Of course, there is no such thing as a free lunch.",propn,,,B2
אידיוט,'ydyvt,You're such an idiot.,noun,,,B2
ארא,'r',ARA is the name of the game.,verb,א-ר-א,PAAL,B2
גדוד,gdvd,The company was founded by a group of soldiers.,noun,,,B2
גלגלים,glglym,wheels,noun,,,B2
גרמני,grmny,German,adj,,,B2
דוב,dvv,A bear is a bear.,noun,,,B2
החלפה,hchlfh,The changeover,noun,,,B2
הנו,hnv,It's not just a matter of time.,pron,,,B2
הצלה,htzlh,Salvation is a matter of life and death.,noun,,,B2
השקעה,hshk'h,investment,noun,,,B2
וייס,vyys,We're going to have to wait.,propn,,,B2
וות,vvt,And then there's the story.,propn,,,B2
זכרון,zchrvn,memory,noun,,,B2
טון,tvn,The tone of the song.,noun,,,B2
טיילור,tyylvr,Taylor is the only one.,propn,,,B2
יוון,yvvn,Greece,propn,,,B2
יומי,yvmy,"Every day, every day.",adj,,,B2
ייחודי,yychvdy,It is unique.,adj,,,B2
יתנו,ytnv,It will be given to you.,verb,י-ת-ו,PAAL,B2
השווה,hshvvh,The equivalent,verb,ש-ו-ו,HIFIL,B2
התחבר,htchvr,Connect with each other.,verb,ח-ב-ר,HITPAEL,B2
התעסק,ht'sk,Be busy with the work.,verb,ע-ס-ק,HITPAEL,B2
לחנות,lchnvt,To the store,adv,,,B2
לרחוב,lrchvv,On the street,adv,,,B2
מהנה,mhnh,It's fun.,adj,,,B2
מודעת,mvd't,consciously aware.,adj,,,B2
מודרני,mvdrny,Modern style,adj,,,B2
מיותר,myvtr,Unnecessary,adj,,,B2
מכוון,mchvvn,Targeted  Targeted,adj,,,B2
כוסה,chvsh,The cup of wrath.,verb,כ-ס-ה,PUAL,B2
הפנה,hfnh,Turn to the other side.,noun,,,B2
מקורי,mkvry,The originals.,adj,,,B2
משיח,mshych,The Messiah,propn,,,B2
התרחש,htrchsh,"It happened, it happened.",verb,ר-ח-ש,HITPAEL,B2
נביא,nvy',The Prophet is a prophet.,noun,,,B2
ניסן,nysn,Nissen,propn,,,B2
נפץ,nftz,The explosion.,noun,,,B2
סוכה,svchh,It's a great experience.,noun,,,B2
סחר,schr,Trade and commerce.,noun,,,B2
עיקרי,'ykry,The main thing is that it's a big deal.,adj,,,B2
עתיק,'tyk,Ancient times,adj,,,B2
צירוף,tzyrvf,A combination of the two.,noun,,,B2
רז,rz,It's the first time I've seen it.,propn,,,B2
ריי,ryy,Ray Ray is the author of the book.,propn,,,B2
רצף,rtzf,sequence of sequences.,noun,,,B2
שור,shvr,The bull is a bull.,noun,,,B2
שותפות,shvtfvt,partnerships,noun,,,B2
שיקום,shykvm,The restoration of the church.,noun,,,B2
שמאלה,shm'lh,Left to the left.,adv,,,B2
שמור,shmvr,Be careful what you wish for.,adj,,,B2
ששון,shshvn,"Sixth, sixth.",propn,,,B2
תחליף,tchlyf,Replace it with a replacement.,noun,,,B2
תענוג,t'nvg,A pleasure to enjoy.,noun,,,B2
אט,'t,AT,adv,,,B2
איגוד,'ygvd,The union is a union.,noun,,,B2
איילון,'yylvn,Aylon,propn,,,B2
אסיה,'syh,Asia Asia,propn,,,B2
גורל,gvrl,Fate is the destiny.,noun,,,B2
גת,gt,The Goths.,propn,,,B2
דיו,dyv,It's a two-way street.,noun,,,B2
הופ,hvf,Hop.,propn,,,B2
המ,hm,The Hammer.,propn,,,B2
העלאה,h'l'h,A raise,noun,,,B2
ז'בוטינסקי,zvvtynsky,Z'Botynsky was born.,propn,,,B2
חביב,chvyv,"Sweetie, sweetie.",adj,,,B2
חומה,chvmh,The wall is brown.,noun,,,B2
חיזוק,chyzvk,Strengthening is the process.,noun,,,B2
יב,yv,I'm going to tell you a story.,propn,,,B2
כידוע,chydv',As a well-known brand,adv,,,B2
לבי,lvy,My heart goes out to you.,propn,,,B2
הפיל,hfyl,The elephant is the elephant.,verb,פ-י-ל,HIFIL,B2
הפיק,hfyk,The producer.,verb,פ-י-ק,HIFIL,B2
התמקד,htmkd,Focus on the focus.,verb,מ-ק-ד,HITPAEL,B2
חסך,chsch,It's a waste of money.,verb,ח-ס-כ,PAAL,B2
מגרש,mgrsh,On the pitch,noun,,,B2
מדיום,mdyvm,Medium,noun,,,B2
מוגן,mvgn,protected,adj,,,B2
מיכה,mychh,Mikey is a big fan.,propn,,,B2
מכסה,mchsh,Coverage is provided.,noun,,,B2
מוקם,mvkm,Location  Location,verb,מ-ק-מ,PUAL,B2
מעיין,m'yyn,From the source,propn,,,B2
מרצה,mrtzh,I'm going to get rid of it.,noun,,,B2
משלחת,mshlcht,a delegation of the expedition.,noun,,,B2
נוכחות,nvchchvt,The presence of the presence.,noun,,,B2
ספור,sfvr,Count the numbers.,adj,,,B2
ענן,'nn,The clouds.,noun,,,B2
פורים,fvrym,Purans are pure.,propn,,,B2
קובי,kvvy,Kobe is the one.,propn,,,B2
רומנטי,rvmnty,Romantic and romantic.,adj,,,B2
שה,shh,The one that is.,adv,,,B2
שעשי,sh'shy,What do you do?,verb,ש-ע-י,PAAL,B2
שריד,shryd,Remains of the remains.,noun,,,B2
שרצית,shrtzyt,What you wanted.,verb,ש-ר-ת,PAAL,B2
תקדים,tkdym,We're ahead of the curve.,noun,,,B2
איטי,'yty,Slowly and steadily.,adj,,,B2
אתגר,'tgr,The challenge is to challenge.,noun,,,B2
גבאי,gv'y,I'm going to go back to the drawing board.,propn,,,B2
גרה,grh,Wherever you live.,propn,,,B2
גרין,gryn,Green,propn,,,B2
דבורה,dvvrh,A bee is a bee.,propn,,,B2
הומור,hvmvr,Humor and humor.,noun,,,B2
היר,hyr,It's not a bad idea.,noun,,,B2
הכח,hchch,Power is power.,noun,,,B2
זז,zz,I'm going to try and get it right.,verb,,PAAL,B2
זלמן,zlmn,Zalmann is a good man.,propn,,,B2
זמין,zmyn,Available,adj,,,B2
זמנו,zmnv,Our time.,noun,,,B2
חופשה,chvfshh,Vacation is a holiday.,noun,,,B2
חרדה,chrdh,Anxiety and anxiety.,noun,,,B2
ידה,ydh,In her hand.,noun,,,B2
ישע,ysh',Isaiah is a prophet.,noun,,,B2
ית,yt,It's going to happen.,propn,,,B2
כהה,chhh,It's dark and dark.,adv,,,B2
כוחה,chvchh,Her power is powerful.,noun,,,B2
גידל,gydl,"Growing up, growing up.",verb,ג-ד-ל,PIEL,B2
השמיד,hshmyd,The destroyer.,verb,ש-מ-ד,HIFIL,B2
לין,lyn,Lin,propn,,,B2
מחק,mchk,It's not a problem for me.,verb,מ-ח-ק,PAAL,B2
מדריד,mdryd,Madrid,propn,,,B2
מוקד,mvkd,Early focus,noun,,,B2
מטבע,mtv',The coin is a coin.,noun,,,B2
מכובד,mchvvd,Respected and respected.,adj,,,B2
כינה,chynh,The name of the name.,noun,,,B2
נווה,nvvh,Noah is the one.,propn,,,B2
נטע,nt',We're going to have to make a decision.,propn,,,B2
ספציפי,sftzyfy,Specific,adj,,,B2
עציון,'tzyvn,The window is open.,propn,,,B2
פו,fv,Puu is the name of the game.,propn,,,B2
פיליפ,fylyf,Philip,propn,,,B2
פרעה,fr'h,Pharaoh's daughter,propn,,,B2
קונג,kvng,Kong Kong is the name of the game.,propn,,,B2
קמפיין,kmfyyn,Campaign,noun,,,B2
רובי,rvvy,Ruby is the name of the game.,propn,,,B2
רלוונטי,rlvvnty,Relevance is important.,adj,,,B2
רשע,rsh',Evil is evil.,noun,,,B2
שאן,sh'n,Shan,noun,,,B2
שכונה,shchvnh,Neighborhood,noun,,,B2
תאגיד,t'gyd,The company.,noun,,,B2
תיירות,tyyrvt,Tourism is the main source of tourism.,noun,,,B2
תלת,tlt,Three of them.,adv,,,B2
תמיר,tmyr,It's worth it.,propn,,,B2
תעשייה,t'shyyh,The industrial sector.,noun,,,B2
תקן,tkn,The standard is set.,noun,,,B2
אכילה,'chylh,Eating food,noun,,,B2
דרומה,drvmh,South of the border.,adv,,,B2
דרישה,dryshh,Requirement,noun,,,B2
הגעה,hg'h,The arrival of the arrival.,verb,ה-ג-ה,PAAL,B2
הולם,hvlm,It's a good fit.,adj,,,B2
היכל,hychl,The Hall of Fame.,noun,,,B2
העמה,h'mh,His people.,noun,,,B2
חזית,chzyt,Front of the line.,noun,,,B2
חיוב,chyvv,The charge is charged.,noun,,,B2
חילוף,chylvf,exchange of information.,noun,,,B2
ידך,ydch,Your hand,noun,,,B2
יחיאל,ychy'l,I'm going to ask you.,propn,,,B2
כיתות,chytvt,Classes are available.,noun,,,B2
כפתור,chftvr,A button is a button.,noun,,,B2
לבר,lvr,A bar and bar.,propn,,,B2
המתין,hmtyn,Waiting for you.,verb,מ-ת-נ,HIFIL,B2
לחג,lchg,for the holiday season.,adv,,,B2
מימש,mymsh,It's really true.,verb,מ-מ-ש,PIEL,B2
מגזין,mgzyn,magazine,noun,,,B2
מחול,mchvl,From the sand.,noun,,,B2
מיטב,mytv,The best of the best.,noun,,,B2
מירי,myry,Myri,propn,,,B2
מלאכי,ml'chy,Angels are my friends.,propn,,,B2
מנהיגות,mnhygvt,leadership.,noun,,,B2
מסחרי,mschry,Commercial and commercial.,adj,,,B2
עונין,'vnyn,They're not the only ones.,verb,ע-נ-נ,PIEL,B2
מעשיו,m'shyv,Do what you do.,noun,,,B2
מקוד,mkvd,It is encoded by code.,noun,,,B2
משוגע,mshvg',It's crazy and crazy.,verb,מ-ש-ע,PUAL,B2
השלה,hshlh,It's the same thing as the other one.,noun,,,B2
משקה,mshkh,A drink,noun,,,B2
נטייה,ntyyh,The tendency is to be inclined.,noun,,,B2
סטיב,styv,Steve is a great writer.,propn,,,B2
עומק,'vmk,The depths are deep.,noun,,,B2
עשור,'shvr,A decade ago.,noun,,,B2
פז,fz,The page is full of pages.,propn,,,B2
פיו,fyv,There's a lot to see.,propn,,,B2
פסוק,fsvk,The verse is a verse.,noun,,,B2
פסל,fsl,The statue is a statue.,noun,,,B2
פרה,frh,The cow is a cow.,propn,,,B2
צ'ארלס,tz'rls,Charles is a man.,propn,,,B2
צמד,tzmd,A pair of shoes.,noun,,,B2
צער,tz'r,Grief is sadness.,noun,,,B2
קיצוני,kytzvny,Extreme in the end.,adj,,,B2
קליפורניה,klyfvrnyh,California California,propn,,,B2
רוס,rvs,Ross is a good one.,propn,,,B2
שבית,shvyt,Home is where the heart is.,noun,,,B2
שיבא,shyv',Shiva is coming.,verb,ש-ב-א,PAAL,B2
שלומי,shlvmy,All day long.,propn,,,B2
שתד,shtd,Drunk driving is a crime.,verb,ש-ת-ד,HIFIL,B2
תומאס,tvm's,Thomas is the only one.,propn,,,B2
תמורה,tmvrh,"In return, he is rewarded.",noun,,,B2
תשתית,tshtyt,The infrastructure of the country.,noun,,,B2
אבנר,'vnr,Abner is the father.,propn,,,B2
אגדה,'gdh,A legend is a legend.,noun,,,B2
אום,'vm,Umm,propn,,,B2
אורז,'vrz,Rice,noun,,,B2
איכותי,'ychvty,The quality is good.,adj,,,B2
אכלה,'chlh,He ate the food.,noun,,,B2
אליזבת,'lyzvt,Elizabeth was born.,propn,,,B2
אם,'m,If,noun,,,B2
אתא,'t',You're the one.,propn,,,B2
בובה,vvvh,A doll is a doll.,noun,,,B2
ביץ,vytz,Bitches,noun,,,B2
גזע,gz',race race,noun,,,B2
חנוכה,chnvchh,It's a great way to learn.,propn,,,B2
חנייה,chnyyh,Parking is available.,noun,,,B2
יעד,y'd,The target is the target.,noun,,,B2
יפן,yfn,Japan,propn,,,B2
לאב,l'v,Not at all.,propn,,,B2
האריך,h'rych,The length of the string.,verb,א-ר-כ,HIFIL,B2
השתחרר,hshtchrr,Release yourself.,verb,ה-ש-ר,HITPAEL,B2
מד,md,It's a great way to get started.,noun,,,B2
מהות,mhvt,The essence of it.,noun,,,B2
חיבר,chyvr,Connected to the world.,noun,,,B2
הסתדר,hstdr,It's all worked out.,verb,ה-ס-ר,HITPAEL,B2
מצה,mtzh,It's not easy.,noun,,,B2
מקסיקו,mksykv,Mexico,propn,,,B2
משורר,mshvrr,A poet and a poet.,noun,,,B2
מתמודד,mtmvdd,The contestant is competing.,verb,מ-ת-ד,HITPAEL,B2
ספינות,sfynvt,ships,noun,,,B2
עוגי,'vgy,Cookies are used for this purpose.,noun,,,B2
פור,fvr,For,noun,,,B2
פיט,fyt,Pete is a bit of a mess.,propn,,,B2
פייר,fyyr,Fair,propn,,,B2
פישר,fyshr,Fischer is the only one.,propn,,,B2
פרידה,frydh,Farewell to you.,noun,,,B2
קלי,kly,Kelly  Kelly,propn,,,B2
רוז,rvz,Rose is a rose.,propn,,,B2
רוחב,rvchv,The width.,noun,,,B2
רוטשילד,rvtshyld,Rothschild,propn,,,B2
ריבית,ryvyt,Interest rates,noun,,,B2
ריצ'רד,rytzrd,Richard is the author of the book.,propn,,,B2
שביל,shvyl,The trail is paved.,noun,,,B2
שכחה,shchchh,Forgetting is a mistake.,verb,ש-כ-ה,PAAL,B2
שליחות,shlychvt,missions missions,noun,,,B2
שמועה,shmv'h,Rumor has it,noun,,,B2
אולמרט,'vlmrt,Ulmert is a great place to start.,propn,,,B2
אמירה,'myrh,The statement was made by Amira.,noun,,,B2
דאז,d'z,This is the first time.,adv,,,B2
הפקה,hfkh,Production is ongoing.,noun,,,B2
זעם,z'm,Anger is the result of anger.,noun,,,B2
זקנה,zknh,An old woman.,noun,,,B2
חגי,chgy,It's a celebration.,propn,,,B2
חולצה,chvltzh,A shirt,noun,,,B2
חולק,chvlk,It is divided into sections.,verb,ח-ל-ק,PAAL,B2
חותם,chvtm,The seal is sealed.,noun,,,B2
חנן,chnn,He begged for help.,propn,,,B2
חצות,chtzvt,midnight,noun,,,B2
כהנא,chhn',Cohen is a hateful person.,propn,,,B2
כוסית,chvsyt,A toast is a toast.,noun,,,B2
לבעל,lv'l,to the husband.,adv,,,B2
לילי,lyly,Lily,propn,,,B2
כיסה,chysh,The pocket.,verb,כ-ס-ה,PIEL,B2
למחר,lmchr,Tomorrow is the day.,adv,,,B2
קישר,kyshr,Kishir,verb,ק-ש-ר,PIEL,B2
מאין,m'yn,From nowhere.,adv,,,B2
מועמדות,mv'mdvt,The candidates are nominated.,noun,,,B2
מלוא,mlv',It's all over the place.,noun,,,B2
מסדר,msdr,The order of things.,noun,,,B2
מסוכן,msvchn,It's dangerous.,adj,,,B2
מעתה,m'th,From now on,adv,,,B2
מפשע,mfsh',Guilty of a crime.,adv,,,B2
מקביל,mkvyl,Parallel to each other.,adj,,,B2
התנגד,htngd,Resist and resist.,verb,נ-ג-ד,HITPAEL,B2
נאסר,n'sr,He was arrested.,verb,נ-א-ר,NIFAL,B2
נחמה,nchmh,Comfort and comfort.,propn,,,B2
נייד,nyyd,Mobile,noun,,,B2
סו,sv,It's the same thing.,propn,,,B2
עוגה,'vgh,A cake is a cake.,noun,,,B2
פוקס,fvks,Fox's name is Fox.,propn,,,B2
פח,fch,It's a little too much.,noun,,,B2
פיל,fyl,An elephant is an elephant.,propn,,,B2
פשרה,fshrh,A compromise is a compromise.,noun,,,B2
ציפור,tzyfvr,A bird is a bird.,noun,,,B2
קנדי,kndy,Canadian,propn,,,B2
קנייה,knyyh,Purchase  Purchase,noun,,,B2
רונן,rvnn,Ronny is a member of the,propn,,,B2
רפי,rfy,Rafi is the main character.,propn,,,B2
שד,shd,It's a hell of a lot.,noun,,,B2
שובר,shvvr,The breaker.,noun,,,B2
שושנה,shvshnh,Six months later.,propn,,,B2
שמלה,shmlh,Dress  dress,noun,,,B2
שמשון,shmshvn,The sun is shining.,propn,,,B2
תומר,tvmr,It's a matter of time before it's over.,propn,,,B2
תפקידה,tfkydh,The role of the role.,noun,,,B2
תרגיל,trgyl,Exercise is what you do.,noun,,,B2
אוקראינה,'vkr'ynh,Ukraine,propn,,,B2
איסוף,'ysvf,Collecting and collecting.,noun,,,B2
איציק,'ytzyk,It's a slow process.,propn,,,B2
איתמר,'ytmr,It's not easy.,propn,,,B2
אפקט,'fkt,Effect,noun,,,B2
בוש,vvsh,Bush.  Bush.,propn,,,B2
בטון,vtvn,Concrete,noun,,,B2
גיבוי,gyvvy,Support for the backup.,noun,,,B2
גלגל,glgl,Wheel  Wheel,noun,,,B2
גרעין,gr'yn,The kernel,noun,,,B2
גרעיני,gr'yny,Nuclear,adj,,,B2
דוח,dvch,Report on the report.,noun,,,B2
דינה,dynh,Dinah is the one.,propn,,,B2
וואלה,vv'lh,"Wow, that's great.",propn,,,B2
זרות,zrvt,Strangers are strangers.,noun,,,B2
חוברת,chvvrt,A newspaper,noun,,,B2
חיוני,chyvny,It is essential.,adj,,,B2
חכה,chchh,Wait for me to tell you.,verb,ח-כ-ה,PAAL,B2
חקלאי,chkl'y,Farmer and farmer.,adj,,,B2
יציבות,ytzyvvt,Stability and stability.,noun,,,B2
כותרת,chvtrt,The title is,noun,,,B2
כינוי,chynvy,A nickname for the family.,noun,,,B2
בישל,vyshl,Cooking and cooking.,verb,ב-ש-ל,PAAL,B2
הבהיר,hvhyr,Clearly,verb,ב-ה-י,HIFIL,B2
הדליק,hdlyk,The lightening.,verb,ד-ל-ק,HIFIL,B2
המציא,hmtzy',The inventor.,verb,מ-צ-א,HIFIL,B2
הפריד,hfryd,The divorce was finalized.,verb,פ-ר-ד,HIFIL,B2
ניחש,nychsh,I'm going to guess.,verb,נ-ח-ש,PIEL,B2
נקט,nkt,Take care of yourself.,verb,נ-ק-ט,PAAL,B2
עישן,'yshn,Smoking is illegal.,verb,ע-ש-נ,PAAL,B2
לשלוש,lshlvsh,Three to three.,adv,,,B2
שפט,shft,Seven of them.,verb,ש-פ-ט,PAAL,B2
מביך,mvych,It's embarrassing.,adj,,,B2
מדרש,mdrsh,from the requirement.,noun,,,B2
מוטי,mvty,"The motto is ""Moti"".",propn,,,B2
מזרחה,mzrchh,East to the east.,adv,,,B2
מערבית,m'rvyt,Western Arabic,adv,,,B2
הרתק,hrtk,It's a bit of a mystery.,verb,ה-ר-ק,PAAL,B2
משאב,msh'v,The resource is,noun,,,B2
משאר,msh'r,The rest of us.,adv,,,B2
נפוץ,nfvtz,Common common,adj,,,B2
סביבו,svyvv,His surroundings.,adv,,,B2
סלט,slt,A salad is a salad.,noun,,,B2
עמם,'mm,They're with us.,adv,,,B2
ערובה,'rvvh,The hostage is a hostage.,noun,,,B2
קרם,krm,The cream is cream.,noun,,,B2
רגוע,rgv',Calm down.,adj,,,B2
רגשי,rgshy,Emotional,adj,,,B2
ריב,ryv,It's a bit of a struggle.,propn,,,B2
שון,shvn,Shawn is a member.,propn,,,B2
שרב,shrv,It's a great feeling to be here.,noun,,,B2
תורגם,tvrgm,Translated from English.,verb,ת-ר-מ,PUAL,B2
אזורי,'zvry,Regional,adj,,,B2
החיך,hchych,He smiled.,verb,ה-ח-כ,PAAL,B2
אסיר,'syr,Prisoner,noun,,,B2
אפי,'fy,AFI,propn,,,B2
בחינה,vchynh,the exam the exam,noun,,,B2
בלוח,vlvch,On a board.,adv,,,B2
גלידה,glydh,Ice cream and ice cream.,noun,,,B2
גס,gs,Gs is a good thing.,noun,,,B2
דונלד,dvnld,Donald Trump is a man.,propn,,,B2
זרוע,zrv',The arm.,noun,,,B2
חלוץ,chlvtz,It's a first step.,noun,,,B2
ידידות,ydydvt,friendships.,noun,,,B2
ייעוץ,yy'vtz,Counselling,noun,,,B2
ימיו,ymyv,It's time for you.,noun,,,B2
לגבר,lgvr,For a man,noun,,,B2
מחד,mchd,From the bottom up.,adv,,,B2
יועד,yv'd,Advised,verb,י-ע-ד,PUAL,B2
נדב,ndv,We're not going to get it.,propn,,,B2
נטען,nt'n,We've got a lot of weight.,verb,נ-ט-נ,NIFAL,B2
נשיקה,nshykh,A kiss is a kiss.,noun,,,B2
סיפורו,syfvrv,The story of the story.,noun,,,B2
עמידה,'mydh,Standing up,noun,,,B2
פעמי,f'my,Frequently.,adj,,,B2
קלינטון,klyntvn,Clinton is the first.,propn,,,B2
קן,kn,Can you believe it?,propn,,,B2
רבה,rvh,"It's a very, very good thing.",verb,ר-ב-ה,PAAL,B2
שומרון,shvmrvn,The Samaritan.,propn,,,B2
שופר,shvfr,The shooter is a superhero.,noun,,,B2
שנותר,shnvtr,What's left of us?,adj,,,B2
תיכף,tychf,Hurry up and go.,adv,,,B2
תלונה,tlvnh,complaint,noun,,,B2
אחיד,'chyd,Uniformity is the same.,adj,,,B2
איוב,'yvv,Job is a good man.,propn,,,B2
אינטרס,'yntrs,The interest rate.,noun,,,B2
אלמנט,'lmnt,The element is the element.,noun,,,B2
אלפא,'lf',Alpha is the alpha.,propn,,,B2
אספקה,'sfkh,Supplies,noun,,,B2
ארכיון,'rchyvn,Archived from the original on,noun,,,B2
אתיופיה,'tyvfyh,Ethiopia is a country.,propn,,,B2
ברשת,vrsht,On the Internet,noun,,,B2
דווח,dvvch,Reportedly.,verb,ד-ו-ו,PUAL,B2
דיכאון,dych'vn,Depression is a form of depression.,noun,,,B2
ודאי,vd'y,Of course it is.,adv,,,B2
חבילה,chvylh,Package,noun,,,B2
חבלה,chvlh,The destruction of the earth.,noun,,,B2
טבריה,tvryh,Tiberias is the place to be.,propn,,,B2
יח,ych,He's going to be a very nice guy.,propn,,,B2
ייצוג,yytzvg,The representation is representative.,noun,,,B2
כשרות,chshrvt,skills and abilities.,noun,,,B2
כת,cht,Sect.,propn,,,B2
אימת,'ymt,The truth is out there.,verb,א-מ-ת,PIEL,B2
הגשים,hgshym,The roots of the story.,verb,ג-ש-מ,HIFIL,B2
הסיק,hsyk,The Sikhs.,verb,ס-י-ק,HIFIL,B2
ליטר,lytr,A liter of water.,noun,,,B2
כיבד,chyvd,As a respected person.,verb,כ-ב-ד,PIEL,B2
לשבוע,lshvv',For a week,adv,,,B2
מובהק,mvvhk,It's very clear.,adj,,,B2
מונית,mvnyt,A taxi is a taxi.,noun,,,B2
מח,mch,A lot of money.,noun,,,B2
מחברה,mchvrh,from the company,noun,,,B2
הטריד,htryd,The Trouble,verb,ט-ר-ד,HIFIL,B2
מקבוצת,mkvvtzt,from a group.,noun,,,B2
מרובה,mrvvh,Many of them.,adv,,,B2
מרכיב,mrchyv,Components of,noun,,,B2
משמרת,mshmrt,From the shift,noun,,,B2
התקדם,htkdm,He made progress.,verb,ק-ד-מ,HITPAEL,B2
נגלה,nglh,We will find out.,verb,נ-ג-ה,PAAL,B2
נערך,n'rch,The event will be held.,verb,נ-ע-כ,NIFAL,B2
נתקל,ntkl,We ran into each other.,verb,נ-ת-ל,NIFAL,B2
ספינה,sfynh,Ship,noun,,,B2
עדכון,'dchvn,Updates are provided,noun,,,B2
עודף,'vdf,Excess is enough.,noun,,,B2
עמיר,'myr,Amir Emir,propn,,,B2
פריז,fryz,Paris is the place to be.,propn,,,B2
פרנסיסקו,frnsyskv,Francisco is the first.,propn,,,B2
רוטב,rvtv,The sauce is salty.,noun,,,B2
רוסית,rvsyt,Russian,propn,,,B2
שיוכל,shyvchl,That he can.,verb,ש-כ-ל,NIFAL,B2
"שליט""א",shlyt',The king is the king.,propn,,,B2
שמנה,shmnh,Fat is what it's all about.,propn,,,B2
תערובת,t'rvvt,A mixture of them.,noun,,,B2
אגם,'gm,A lake is a lake.,noun,,,B2
אדי,'dy,Eddy,propn,,,B2
אהוב,'hvv,Beloved and beloved.,adj,,,B2
אומה,'vmh,A nation is a nation.,noun,,,B2
אחריך,'chrych,Following you.,adv,,,B2
איפור,'yfvr,Make-up and makeup.,noun,,,B2
אפור,'fvr,Gray grey,adj,,,B2
אקדח,'kdch,A gun is a weapon.,noun,,,B2
בילי,vyly,Billy is the one.,propn,,,B2
ביקום,vykvm,In the universe.,noun,,,B2
ברנר,vrnr,Brenner is the only one.,propn,,,B2
ג'ונסון,gvnsvn,Johnson's name is a play on words.,propn,,,B2
ג'ימי,gymy,Jimmy is the one.,propn,,,B2
גד,gd,It's a big deal.,propn,,,B2
גוון,gvvn,Variety is what it's all about.,noun,,,B2
גריי,gryy,Grey,propn,,,B2
הובא,hvv',It's the first time.,verb,ו-ב-א,HUFAL,B2
התאבדות,ht'vdvt,Suicide is suicide.,noun,,,B2
חישוב,chyshvv,Calculations are made.,noun,,,B2
כיבוי,chyvvy,Turn off the power.,noun,,,B2
כנרת,chnrt,You're the one who's been there.,propn,,,B2
כסא,chs',A chair,noun,,,B2
לגבות,lgvvt,Back to the drawing board.,verb,ג-ב-ת,PAAL,B2
לדור,ldvr,For generations to come.,propn,,,B2
נמלט,nmlt,Fugitive is a fugitive.,verb,נ-מ-ט,NIFAL,B2
הרחיק,hrchyk,Keep your distance.,verb,ר-ח-ק,HIFIL,B2
הרשה,hrshh,Permission is granted.,verb,ר-ש-ה,HIFIL,B2
לזוג,lzvg,For the couple.,adv,,,B2
חילל,chyll,It's a different story.,verb,ח-ל-ל,PAAL,B2
קלט,klt,It's a catch,verb,ק-ל-ט,PAAL,B2
תלה,tlh,It's all right.,verb,ת-ל-ה,PAAL,B2
מאגר,m'gr,Warehouse,noun,,,B2
איפשר,'yfshr,It is possible to make it possible.,verb,א-פ-ר,PIEL,B2
מדברי,mdvry,From my words.,noun,,,B2
מוגבלות,mvgvlvt,restrictions limitations,noun,,,B2
ממצרים,mmtzrym,From Egypt,adv,,,B2
מסריח,msrych,It stinks and stinks.,adj,,,B2
מקומיות,mkvmyvt,Local people,noun,,,B2
מרד,mrd,Rebellion is a rebellion.,propn,,,B2
משמעותי,mshm'vty,Significantly significant,adj,,,B2
התקבל,htkvl,Received,verb,ק-ב-ל,HITPAEL,B2
"נדל""ן",ndln,Real estate is a big deal.,noun,,,B2
ניצל,nytzl,He was saved.,verb,נ-צ-ל,PAAL,B2
נפשו,nfshv,their souls.,noun,,,B2
סטה,sth,This is the stage.,propn,,,B2
סכסוך,schsvch,Conflict and conflict.,noun,,,B2
סנט,snt,St. Paul's is a great place to visit.,propn,,,B2
סערה,s'rh,A storm.,noun,,,B2
עדה,'dh,A witness is a witness.,propn,,,B2
עוזי,'vzy,He's going to leave.,propn,,,B2
עמנואל,'mnv'l,Emanuel is the only one.,propn,,,B2
עסוק,'svk,He's been busy.,verb,ע-ס-ק,PAAL,B2
פרצוף,frtzvf,Face to face,noun,,,B2
צל,tzl,The shadow of death.,noun,,,B2
רותם,rvtm,They're still here.,propn,,,B2
שגריר,shgryr,Ambassador to the United States,noun,,,B2
שומן,shvmn,Fat is fat.,noun,,,B2
שיקול,shykvl,Consideration is needed.,noun,,,B2
שעליה,sh'lyh,That should be done.,adv,,,B2
שקשור,shkshvr,Connected to each other.,adj,,,B2
שריפה,shryfh,The fire was extinguished.,noun,,,B2
תבנית,tvnyt,It's a pattern.,noun,,,B2
תירוץ,tyrvtz,An excuse for that.,noun,,,B2
אופציה,'vftzyh,There is an option.,noun,,,B2
אלול,'lvl,All the glory to God.,propn,,,B2
באל,v'l,At the ball.,propn,,,B2
בוגד,vvgd,He is a traitor.,verb,ב-ג-ד,PAAL,B2
בוצע,vvtz',It's been done.,verb,ב-צ-ע,PUAL,B2
חובב,chvvv,My dear friend.,noun,,,B2
חצה,chtzh,Cross the line.,verb,ח-צ-ה,PAAL,B2
חזיר,chzyr,Pig is a pig.,noun,,,B2
חס,chs,He is merciful.,propn,,,B2
יזרעאל,yzr''l,Israel is the land of Israel.,propn,,,B2
יליד,ylyd,Native,noun,,,B2
ינאי,yn'y,I'm going to try to get in.,propn,,,B2
יניב,ynyv,Inib is the name of the game.,propn,,,B2
שיאר,shy'r,I'm still here.,verb,ש-א-ר,PAAL,B2
כמו,chmv,As in .,adv,,,B2
אסר,'sr,Prohibited,verb,א-ס-ר,PAAL,B2
הכריז,hchryz,The announcement was made.,verb,כ-ר-ז,HIFIL,B2
לוד,lvd,LORD,propn,,,B2
מימן,mymn,Hydrogen,verb,מ-מ-נ,PIEL,B2
לנפש,lnfsh,to the soul.,propn,,,B2
נסוג,nsvg,withdrawing.,verb,נ-ס-ג,PAAL,B2
מגילה,mgylh,From the beginning of his life.,noun,,,B2
מופת,mvft,A perfect example.,noun,,,B2
מיטה,myth,The bed.,noun,,,B2
מיי,myy,May may may may may may may may may may may may may may may may may may,propn,,,B2
מילואים,mylv'ym,Reservations are available.,noun,,,B2
מיס,mys,She is Miss Universe.,propn,,,B2
ממושך,mmvshch,It's very long.,adj,,,B2
ממשי,mmshy,It's a real thing.,adj,,,B2
ממשל,mmshl,government.,noun,,,B2
מרקוס,mrkvs,Mark is the author of the book.,propn,,,B2
מתנדב,mtndv,Volunteers are needed.,noun,,,B2
נה,nh,It's the same thing as being in the middle of nowhere.,adv,,,B2
ניס,nys,Nice to meet you.,propn,,,B2
ניצן,nytzn,The clown.,propn,,,B2
סט,st,St St,noun,,,B2
סטריט,stryt,Street Street,propn,,,B2
עט,'t,I'm going to tell you a secret.,noun,,,B2
ענת,'nt,The answer is yes.,propn,,,B2
עצות,'tzvt,Some advice.,noun,,,B2
פרוץ,frvtz,There's a leak,noun,,,B2
קארל,k'rl,Carl is a great man.,propn,,,B2
קולו,kvlv,His voice is heard.,propn,,,B2
קמח,kmch,Flour is flour.,noun,,,B2
ריאל,ry'l,Real Real,propn,,,B2
שבור,shvvr,Broken and broken.,adj,,,B2
שו,shv,It's the first time I've seen it.,propn,,,B2
שוד,shvd,Robbery is a crime.,noun,,,B2
שוחד,shvchd,Corruption is a form of bribery.,noun,,,B2
שיום,shyvm,A day,noun,,,B2
שכלל,shchll,Including,verb,ש-כ-ל,PAAL,B2
תוצרת,tvtzrt,The product is a product.,noun,,,B2
תמים,tmym,He is innocent.,adj,,,B2
אדוארד,'dv'rd,Edward Edward,propn,,,B2
אלברט,'lvrt,Albert is a member.,propn,,,B2
אלקטרוני,'lktrvny,Electronically,adj,,,B2
אר,'r,I'm sure you'll find it useful.,propn,,,B2
ביג,vyg,Bigg is the biggest.,propn,,,B2
בלום,vlvm,A flower,propn,,,B2
בע,v',In the midst of the trouble.,propn,,,B2
ג'י,gy,G'ji,propn,,,B2
דירוג,dyrvg,Rating is rated,noun,,,B2
דמוקרטיה,dmvkrtyh,Democracy is a democracy.,noun,,,B2
התפשטות,htfshtvt,The spread of the disease.,noun,,,B2
חלף,chlf,It's been a while.,verb,ח-ל-פ,PAAL,B2
חסן,chsn,Hassan has been arrested.,propn,,,B2
טק,tk,It's the first time I've seen it.,propn,,,B2
יהונת,yhvnt,This is the first time I've seen it.,noun,,,B2
יישום,yyshvm,application application,noun,,,B2
כמות,chmvt,As a quantity.,noun,,,B2
הזיז,hzyz,It's the movement.,verb,ז-י-ז,HIFIL,B2
הכה,hchh,The dark side.,verb,ה-כ-ה,PAAL,B2
התעורר,ht'vrr,Wake up and be safe.,verb,ע-ר-ר,HITPAEL,B2
רדף,rdf,chase,verb,ר-ד-פ,PAAL,B2
מולי,mvly,My mouth is open.,propn,,,B2
הזיק,hzyk,It's the same old thing.,adj,,,B2
מניעה,mny'h,Prevention is the key to prevention.,noun,,,B2
שוכנע,shvchn',Convinced,verb,ש-כ-ע,PUAL,B2
משפחתי,mshfchty,My family,adj,,,B2
מתישהו,mtyshhv,At some point,adv,,,B2
נאור,n'vr,The light is shining.,propn,,,B2
נוחות,nvchvt,Comfort and comfort.,noun,,,B2
נחמיה,nchmyh,Kindness is a good thing.,propn,,,B2
נסים,nsym,Miracles were performed.,propn,,,B2
סופה,svfh,A storm,noun,,,B2
סיגריה,sygryh,A cigarette is a cigarette.,noun,,,B2
פצוע,ftzv',wounded.,noun,,,B2
קליין,klyyn,It's a small town.,propn,,,B2
קרטר,krtr,The carter.,propn,,,B2
רגישות,rgyshvt,Sensitivity is a factor.,noun,,,B2
רד,rd,Red,propn,,,B2
שכן,shchn,"Yes, it is.",verb,ש-כ-נ,PAAL,B2
שליש,shlysh,A third,noun,,,B2
שלפי,shlfy,Step by step,adv,,,B2
אווירה,'vvyrh,The atmosphere is good.,noun,,,B2
אוזן,'vzn,The ear.,propn,,,B2
אמיץ,'mytz,Courageous,adj,,,B2
אסאד,'s'd,Asad,propn,,,B2
בייבי,vyyvy,Baby  Baby,propn,,,B2
ביף,vyf,Beef is a good thing.,propn,,,B2
בק,vk,In the case of the BEC.,propn,,,B2
דבק,dvk,It's a bit of a stick.,noun,,,B2
דויד,dvyd,David is the only one.,propn,,,B2
הערכה,h'rchh,The evaluation was made.,noun,,,B2
וולטר,vvltr,Walter is the one.,propn,,,B2
חגיגה,chgygh,Celebration of the day.,noun,,,B2
חירות,chyrvt,Freedom is freedom.,noun,,,B2
חמוש,chmvsh,Armed with weapons.,noun,,,B2
חמץ,chmtz,Sour cream,noun,,,B2
חריג,chryg,It is unusual.,adj,,,B2
טוביה,tvvyh,Tobias is the one.,propn,,,B2
טי,ty,T  T  T,propn,,,B2
טים,tym,Tim is the one.,propn,,,B2
טיעון,ty'vn,The argument is that it's a good idea.,noun,,,B2
טכנאי,tchn'y,A technician is a technician.,noun,,,B2
איכל,'ychl,The food is good.,verb,א-כ-ל,PAAL,B2
יומן,yvmn,A diary is a diary.,noun,,,B2
כובע,chvv',Hat hat,noun,,,B2
כימי,chymy,Chemistry is what it is.,adj,,,B2
כיסא,chys',Chair Chair,noun,,,B2
כיפור,chyfvr,Khyber Pakhtunkhwa is a very popular place to visit.,propn,,,B2
כליל,chlyl,It's completely different.,adv,,,B2
כנפיים,chnfyym,Wings are wings.,noun,,,B2
לאשה,l'shh,For the wife.,adv,,,B2
לבנו,lvnv,to his son.,propn,,,B2
הגביר,hgvyr,"Mr. President, this is a great opportunity.",verb,ג-ב-ר,HIFIL,B2
התנצל,htntzl,I apologize for that.,verb,נ-צ-ל,HITPAEL,B2
לורד,lvrd,Lord,propn,,,B2
מו,mv,I'm going to give you a chance.,adv,,,B2
מוכשר,mvchshr,Talented and talented.,adj,,,B2
מונח,mvnch,The term is used interchangeably.,noun,,,B2
הופתע,hvft',Surprised by surprise.,verb,ה-פ-ע,PUAL,B2
מושל,mvshl,The governor is the governor.,noun,,,B2
מיניות,mynyvt,Sexuality is what it's all about.,noun,,,B2
מינימום,mynymvm,A minimum of .,noun,,,B2
מלאה,ml'h,It's full of stuff.,adj,,,B2
מעמדה,m'mdh,Status and status.,noun,,,B2
התקשה,htkshh,It was hard.,verb,ק-ש-ה,HITPAEL,B2
נחלה,nchlh,It's time to rest.,noun,,,B2
נחתם,nchtm,Signed,verb,נ-ח-מ,NIFAL,B2
נסה,nsh,Try it.,verb,נ-ס-ה,PAAL,B2
נסיך,nsych,The prince is a prince.,noun,,,B2
נעדר,n'dr,Missing in action.,verb,נ-ע-ר,NIFAL,B2
נפח,nfch,It's a breath of fresh air.,propn,,,B2
סגול,sgvl,Scully,propn,,,B2
סידור,sydvr,The arrangement,noun,,,B2
סמי,smy,Sami,propn,,,B2
עידוד,'ydvd,Encouragement and encouragement.,noun,,,B2
על,'l,On,noun,,,B2
ען,'n,The answer is:,noun,,,B2
עצבן,'tzvn,Anger is the result of anger.,noun,,,B2
פיצוי,fytzvy,Compensation for the damage.,noun,,,B2
ציונה,tzyvnh,Zion is the city of Zion.,propn,,,B2
שווי,shvvy,The price is equal to the price.,noun,,,B2
תותח,tvtch,The cannon.,noun,,,B2
תם,tm,It's all right.,verb,,PAAL,B2
תפוח,tfvch,The apple.,noun,,,B2
תקלה,tklh,It's a relief.,noun,,,B2
אדע,'d',I'll know.,verb,א-ד-ע,PAAL,B2
אוכלוסייה,'vchlvsyyh,Population is the population.,noun,,,B2
אופק,'vfk,The horizon is the horizon.,propn,,,B2
איינשטיין,'yynshtyyn,Einstein is the author of,propn,,,B2
אייר,'yyr,Air  Air,propn,,,B2
בגדה,vgdh,Betrayal of her.,propn,,,B2
בורא,vvr',The creator.,noun,,,B2
בידוד,vydvd,In solitary confinement.,noun,,,B2
ג'וני,gvny,Johnny is the one.,propn,,,B2
ג'יין,gyyn,J'ein,propn,,,B2
גולדברג,gvldvrg,Goldberg is a very popular tourist destination.,propn,,,B2
הוי,hvy,,propn,,,B2
הועבר,hv'vr,The transmission was made,verb,ו-ע-ר,HUFAL,B2
הילה,hylh,"Hey there, hey there.",propn,,,B2
וילה,vylh,The villa is located in the village.,noun,,,B2
זילנד,zylnd,Zealand,propn,,,B2
חלם,chlm,A dream is a dream.,verb,ח-ל-מ,PAAL,B2
חכי,chchy,Wait a minute.,propn,,,B2
חסידות,chsydvt,It's a great feeling to be in love with each other.,noun,,,B2
חשה,chshh,Feel the need.,verb,ח-ש-ה,PAAL,B2
טייס,tyys,Pilot,noun,,,B2
כיס,chys,A pocket is a pocket.,noun,,,B2
כישרון,chyshrvn,Talented,noun,,,B2
ביטא,vyt',Explain the meaning of the word.,verb,ב-ט-א,PIEL,B2
גבל,gvl,There is a limit.,verb,ג-ב-ל,PAAL,B2
דפק,dfk,Fuck you!,verb,ד-פ-ק,PAAL,B2
הביט,hvyt,Looked at.,verb,ב-י-ט,HIFIL,B2
התפתח,htftch,It has evolved.,verb,פ-ת-ח,HITPAEL,B2
התרחק,htrchk,Stay away from me,verb,ר-ח-ק,HITPAEL,B2
ליבי,lyvy,The heart.,propn,,,B2
לייזר,lyyzr,The laser is used.,propn,,,B2
הכביש,hchvysh,The road the road,verb,ה-כ-ש,PAAL,B2
לנתק,lntk,To be disconnected,verb,נ-ת-ק,PAAL,B2
איים,'yym,I'm not sure.,verb,א-י-י,PIEL,B2
מאפיין,m'fyyn,characteristic of the character.,noun,,,B2
מעבדה,m'vdh,Laboratory,noun,,,B2
מקומה,mkvmh,his place.,noun,,,B2
נבון,nvvn,Wise and wise,propn,,,B2
נדחה,ndchh,Rejected,verb,נ-ד-ה,NIFAL,B2
ניב,nyv,The language of the people.,propn,,,B2
ניק,nyk,"Nick, you know.",propn,,,B2
נמנה,nmnh,It's a good idea.,verb,נ-מ-ה,NIFAL,B2
ספרדית,sfrdyt,Spanish Spanish,propn,,,B2
סקירה,skyrh,The review,noun,,,B2
עבורכם,'vvrchm,For you,adv,,,B2
עיוור,'yvvr,Blindness is the result of blindness.,noun,,,B2
עלית,'lyt,You've got a lot to say.,noun,,,B2
פורום,fvrvm,Forum Forum,noun,,,B2
פורת,fvrt,Four times.,propn,,,B2
צאה,tz'h,She came out.,verb,צ-א-ה,PAAL,B2
קארי,k'ry,Curry is the one.,propn,,,B2
קחי,kchy,Take it from me.,verb,ק-ח-י,PAAL,B2
קלארק,kl'rk,Clark is the one.,propn,,,B2
קנאה,kn'h,Jealousy is the name of the game.,noun,,,B2
שווא,shvv',Black and white.,noun,,,B2
שיכור,shychvr,He was drunk.,adj,,,B2
שימור,shymvr,Keeping up with the Joneses.,noun,,,B2
שף,shf,The chef is the one.,noun,,,B2
תייר,tyyr,Tourists are invited.,noun,,,B2
תעמולה,t'mvlh,Advertising and advertising.,noun,,,B2
אוהד,'vhd,A friend of mine.,propn,,,B2
אוסלו,'vslv,Oslo,propn,,,B2
אוסקר,'vskr,The Oscars,propn,,,B2
אמרי,'mry,Amri is a well-known figure.,propn,,,B2
אנכי,'nchy,I'm going to go.,adv,,,B2
בידור,vydvr,In the entertainment industry.,noun,,,B2
ביטון,vytvn,Biton is a biton.,propn,,,B2
בריכה,vrychh,A swimming pool.,noun,,,B2
ג'ולי,gvly,July,propn,,,B2
גאולה,g'vlh,Redemption is a matter of life and death.,noun,,,B2
גו,gv,I'm sure you'll find a lot of them.,propn,,,B2
גוטמן,gvtmn,Goodman is a good man.,propn,,,B2
גומי,gvmy,Rubber is used for this purpose.,noun,,,B2
גרשון,grshvn,Gershon is the one.,propn,,,B2
דא,d',Thank you very much.,propn,,,B2
דחף,dchf,Push the pressure.,noun,,,B2
דעתה,d'th,Her opinion is that it's a good idea.,noun,,,B2
דפיים,dfyym,Wrists,noun,,,B2
הב,hv,The B.C.,propn,,,B2
הורדה,hvrdh,Downsizing is a big deal.,noun,,,B2
חוג,chvg,A circle of circles.,noun,,,B2
חורבן,chvrvn,It's a mess.,noun,,,B2
טיימס,tyyms,The Times,propn,,,B2
טניס,tnys,Tennis,noun,,,B2
יהלום,yhlvm,The diamond is a diamond.,noun,,,B2
יוזמה,yvzmh,The initiative was launched.,noun,,,B2
יונייטד,yvnyytd,The United States,propn,,,B2
כאיש,ch'ysh,"As a man, he is a man.",noun,,,B2
כול,chvl,The whole thing is.,adv,,,B2
אימץ,'ymtz,Adoption is a process.,verb,א-מ-צ,PIEL,B2
חתך,chtch,The cutting edge.,verb,ח-ת-כ,PAAL,B2
ליווי,lyvvy,Lively  Lively,noun,,,B2
לערוץ,l'rvtz,Running to run.,adv,,,B2
מגמה,mgmh,from the stage.,noun,,,B2
הוזמן,hvzmn,The invitation was received.,verb,ה-ז-נ,PUAL,B2
סייע,syy',Help me to help you.,verb,ס-י-י,HIFIL,B2
מסעדה,ms'dh,restaurant,noun,,,B2
מעשית,m'shyt,Practically possible,adv,,,B2
מצוה,mtzvh,I've been waiting for you.,noun,,,B2
משי,mshy,The silk is silk.,propn,,,B2
נמרץ,nmrtz,We will be enthusiastic.,adj,,,B2
נקמה,nkmh,Revenge is what it is.,noun,,,B2
נרשם,nrshm,Registered,verb,נ-ר-מ,NIFAL,B2
סקסי,sksy,Sexy and sexy.,adj,,,B2
סרן,srn,The commander is the commander.,noun,,,B2
עלוב,'lvv,Poor people.,adj,,,B2
עצב,'tzv,Sadness is the result of sadness.,noun,,,B2
ערפאת,'rf't,You're a wimp.,propn,,,B2
פטירה,ftyrh,She died.,noun,,,B2
פטריק,ftryk,Patrick is the one.,propn,,,B2
פיגוע,fygv',Attack is a threat.,noun,,,B2
קיצור,kytzvr,The shortcut,noun,,,B2
קנדה,kndh,Canada Canada,propn,,,B2
ראסל,r'sl,Russell is the one.,propn,,,B2
רבינוביץ,rvynvvytz,Rabinovich is the only one.,propn,,,B2
רווחה,rvvchh,Well-being,noun,,,B2
שוחרר,shvchrr,Released.,verb,ש-ח-ר,PUAL,B2
הגיג,hgyg,The roofs of the building.,verb,ג-י-ג,HIFIL,B2
שימי,shymy,My name is Shimi,propn,,,B2
שכם,shchm,It's a great way to get started.,propn,,,B2
שליד,shlyd,Next to me,propn,,,B2
תאום,t'vm,A twins are born.,noun,,,B2
אחותה,'chvth,her sister.,propn,,,B2
איור,'yvr,The picture is a good one.,noun,,,B2
אנס,'ns,Rape is a crime.,verb,א-נ-ס,PAAL,B2
אפליה,'flyh,There's a lot of discrimination.,noun,,,B2
גלות,glvt,Exile and exile.,noun,,,B2
גלריה,glryh,Gallery,noun,,,B2
דגן,dgn,Degen,propn,,,B2
דוקא,dvk',Douka is the name of the game.,adv,,,B2
הורשע,hvrsh',He was convicted.,verb,ו-ר-ע,HUFAL,B2
ועידה,v'ydh,and testimony.,propn,,,B2
זוגיה,zvgyh,His search for it.,noun,,,B2
זיקה,zykh,Zeka is the name of the game.,noun,,,B2
חולשה,chvlshh,Weakness and weakness.,noun,,,B2
טראומה,tr'vmh,Trauma is a trauma.,noun,,,B2
יאנג,y'ng,Yang is a young man.,propn,,,B2
יג,yg,"Yes, I know.",propn,,,B2
ידם,ydm,Their hands.,noun,,,B2
יעילות,y'ylvt,Efficiency and effectiveness.,noun,,,B2
כד,chd,"As a matter of fact, I'm not sure.",noun,,,B2
לבנק,lvnk,to the bank.,propn,,,B2
לגמר,lgmr,to the final.,adv,,,B2
הפיץ,hfytz,The pitch is the pitch.,verb,פ-י-צ,HIFIL,B2
התאמן,ht'mn,Practice yourself.,verb,א-מ-נ,HITPAEL,B2
התחמק,htchmk,Stay away from it.,verb,ח-מ-ק,HITPAEL,B2
חפר,chfr,Dig a hole in the ground.,verb,ח-פ-ר,PAAL,B2
ליבו,lyvv,His heart.,propn,,,B2
ללשון,llshvn,to the tongue.,adv,,,B2
"מ""ר",mr,From the beginning of the year.,noun,,,B2
מבטא,mvt',The pronunciation is .,noun,,,B2
הוסמך,hvsmch,The title is authorized,verb,ה-ס-כ,PUAL,B2
הוקדש,hvkdsh,It was consecrated.,verb,ה-ק-ש,PUAL,B2
הזהיר,hzhyr,Warning  Warning,verb,ז-ה-י,HIFIL,B2
מחיים,mchyym,From life,noun,,,B2
ממד,mmd,It's not a bad thing.,noun,,,B2
הסתיים,hstyym,It's over.,verb,ה-ס-מ,HITPAEL,B2
מתל,mtl,He is dead.,adv,,,B2
נוסד,nvsd,Established,verb,נ-ס-ד,NIFAL,B2
ניל,nyl,The Nile River.,propn,,,B2
נפילה,nfylh,Falling down.,noun,,,B2
נצח,ntzch,Forever and ever.,propn,,,B2
עבה,'vh,It's very heavy.,adj,,,B2
עגבני,'gvny,Tomatoes are a must.,noun,,,B2
ערה,'rh,"Wake up, wake up!",propn,,,B2
עריכה,'rychh,editing,noun,,,B2
פיה,fyh,It's a good idea.,propn,,,B2
פער,f'r,The foot,noun,,,B2
צוק,tzvk,I'm going to be a little bit nervous.,propn,,,B2
צמצום,tzmtzvm,Reducing the number of people.,noun,,,B2
קולי,kvly,My voice is very loud.,propn,,,B2
קופר,kvfr,Copper is the only one.,propn,,,B2
קור,kvr,Cooling down.,noun,,,B2
רומי,rvmy,Rome,propn,,,B2
רצי,rtzy,You want to know what you want.,noun,,,B2
שוטף,shvtf,It's a common thread.,adj,,,B2
שכב,shchv,Lie down.,verb,ש-כ-ב,PAAL,B2
שול,shvl,school.,noun,,,B2
שותפה,shvtfh,A partner is a partner.,noun,,,B2
תאם,t'm,It's based on a story.,adj,,,B2
אזכור,'zchvr,I will remember,noun,,,B2
איזון,'yzvn,Balance is the balance.,noun,,,B2
אלדד,'ldd,Eld,propn,,,B2
בבר,vvr,In the bar.,adv,,,B2
ביו,vyv,In the workplace.,propn,,,B2
דייט,dyyt,Date is a date.,noun,,,B2
דרמטי,drmty,Dramatic and dramatic.,adj,,,B2
הונגריה,hvngryh,Hungary Hungary,propn,,,B2
התנהלות,htnhlvt,The behaviour is different.,noun,,,B2
התעללות,ht'llvt,Abuse is a crime.,noun,,,B2
חבריה,chvryh,Her friends are her friends.,noun,,,B2
חוזר,chvzr,I'm going back again.,adj,,,B2
חתימה,chtymh,Signed,noun,,,B2
טכני,tchny,Technical,adj,,,B2
טנק,tnk,The tank is empty.,noun,,,B2
ירושלמי,yrvshlmy,Jerusalem is my home.,propn,,,B2
ירייה,yryyh,Shots were fired.,noun,,,B2
ישוע,yshv',Jesus is Jesus.,propn,,,B2
כבל,chvl,Cable is a wire.,noun,,,B2
לביא,lvy',Bring it to me.,propn,,,B2
הפחית,hfchyt,The can is the can.,verb,פ-ח-ת,HIFIL,B2
להפליא,lhfly',It's amazing how amazing it is.,adv,,,B2
התחרה,htchrh,The competition.,verb,ח-ר-ה,HITPAEL,B2
לחצות,lchtzvt,Cross over to the other side.,verb,ח-צ-ת,PAAL,B2
ליבה,lyvh,The heart.,noun,,,B2
למלון,lmlvn,to the hotel.,adv,,,B2
למשה,lmshh,to Moses.,adv,,,B2
קפץ,kftz,Jump up and down.,verb,ק-פ-צ,PAAL,B2
מוריס,mvrys,Morris,propn,,,B2
חובר,chvvr,Connects,verb,ח-ב-ר,PUAL,B2
מחווה,mchvvh,A tribute to him.,noun,,,B2
חויב,chvyv,It is a duty.,verb,ח-ו-י,PUAL,B2
מניו,mnyv,What's new?,propn,,,B2
מסודר,msvdr,Orderly and orderly.,adj,,,B2
מערבה,m'rvh,North and West.,adv,,,B2
מעריץ,m'rytz,I'm a fan of the show.,noun,,,B2
הקנה,hknh,Buy the channel.,verb,ה-ק-ה,PIEL,B2
מרגלית,mrglyt,A pedestrian is a pedestrian.,propn,,,B2
משמעי,mshm'y,from the audience.,adv,,,B2
נופש,nvfsh,Vacation is a must.,noun,,,B2
נטלי,ntly,Natalie is the one.,propn,,,B2
ניקוי,nykvy,Cleaning up,noun,,,B2
נכנע,nchn',surrendered to them.,verb,נ-כ-ע,NIFAL,B2
נשר,nshr,We're going to get a shot.,noun,,,B2
ספרותי,sfrvty,literary work.,adj,,,B2
עבורה,'vvrh,For her,adv,,,B2
עיתונות,'ytvnvt,Newspapers and newspapers.,noun,,,B2
פלסטיק,flstyk,Plastic is used.,noun,,,B2
פרנסה,frnsh,A livelihood,noun,,,B2
צעק,tz'k,Scream and scream.,verb,צ-ע-ק,PAAL,B2
קומי,kvmy,"Get up, get up!",noun,,,B2
רוזן,rvzn,Countess Rose.,propn,,,B2
רום,rvm,Rome is the place to be.,noun,,,B2
רזה,rzh,It's a very good idea.,adj,,,B2
שאז,sh'z,I'm going to try to make it work.,adv,,,B2
שבח,shvch,Praise is praise.,noun,,,B2
שחייה,shchyyh,His swimming career.,noun,,,B2
שיכול,shychvl,who could.,adj,,,B2
שמותר,shmvtr,It is allowed.,adv,,,B2
תלך,tlch,Go on your way.,verb,ת-ל-כ,PAAL,B2
תעסוקה,t'svkh,employment,noun,,,B2
אבשלום,'vshlvm,Farewell to you.,propn,,,B2
איטלקי,'ytlky,Italian,adj,,,B2
אנדרו,'ndrv,Andrew is the first to do so.,propn,,,B2
אסטרטגיה,'strtgyh,Strategy is a strategy.,noun,,,B2
אסי,'sy,Assi,propn,,,B2
ארגנטינה,'rgntynh,Argentina is a country.,propn,,,B2
בטור,vtvr,In the Tour.,noun,,,B2
ביוב,vyvv,In the workplace.,noun,,,B2
בלוס,vlvs,It's a loss.,propn,,,B2
גמליאל,gmly'l,Gamaliel is the author of this book.,propn,,,B2
דלא,dl',"No, not at all.",propn,,,B2
הוכח,hvchch,Proved to be true.,verb,ו-כ-ח,HUFAL,B2
הולנד,hvlnd,The Netherlands,propn,,,B2
הצלח,htzlch,Successful.,noun,,,B2
חילוק,chylvk,The difference is that there is a difference.,noun,,,B2
חרם,chrm,The snake is a snake.,noun,,,B2
חתום,chtvm,Signed,adj,,,B2
טירוף,tyrvf,Madness is madness.,noun,,,B2
יון,yvn,June is coming up.,propn,,,B2
כבית,chvyt,As a home.,noun,,,B2
כיפה,chyfh,It's a lovely place.,noun,,,B2
"כנ""ל",chnl,"As a matter of fact, it's not.",adv,,,B2
כרמי,chrmy,Karmi,propn,,,B2
לג,lg,to the people.,propn,,,B2
הרגיע,hrgy',Calm down and relax.,verb,ר-ג-ע,HIFIL,B2
לנכון,lnchvn,Right for right,adv,,,B2
מאחרים,m'chrym,From others,adv,,,B2
מהותי,mhvty,The essence of what it is.,adj,,,B2
מותה,mvth,His death.,noun,,,B2
מיל,myl,miles away.,propn,,,B2
מירון,myrvn,Miron is a legendary figure.,propn,,,B2
ממקור,mmkvr,From the source.,noun,,,B2
קומם,kvmm,"Get up, get up!",noun,,,B2
תכנן,tchnn,Have a plan.,verb,ת-כ-נ,PIEL,B2
נגזר,ngzr,It's been taken down.,verb,נ-ג-ר,NIFAL,B2
נון,nvn,Noon,propn,,,B2
נטול,ntvl,It's not empty.,adj,,,B2
נייט,nyyt,Nate is a member of the Knights of Columbus.,propn,,,B2
נשואים,nshv'ym,Married,noun,,,B2
נשמח,nshmch,We will be happy.,verb,נ-ש-ח,PAAL,B2
סאן,s'n,San is the name of San.,propn,,,B2
סיון,syvn,Zion,propn,,,B2
ספציפית,sftzyfyt,Specifically,adv,,,B2
עגנון,'gnvn,Theft is a crime.,propn,,,B2
עדיפות,'dyfvt,Priorities are given.,noun,,,B2
עומס,'vms,Load  Load,noun,,,B2
עכבר,'chvr,A mouse is a mouse.,noun,,,B2
עמך,'mch,With you.,adv,,,B2
פחם,fchm,Coal is coal.,propn,,,B2
פלסטין,flstyn,Palestine,propn,,,B2
צדדי,tzddy,Side by side.,adj,,,B2
צליל,tzlyl,Sound is sound.,noun,,,B2
קבורה,kvvrh,Burial of the deceased.,noun,,,B2
קלף,klf,A card is a card.,noun,,,B2
קנים,knym,I'm going to have to make a decision.,propn,,,B2
קשב,kshv,Listen carefully to what's going on.,noun,,,B2
ריאה,ry'h,Reia is a reia.,noun,,,B2
רקטה,rkth,The rocket.,noun,,,B2
שטרם,shtrm,It's not a dollar.,propn,,,B2
שימושי,shymvshy,Useful and useful.,adj,,,B2
שלכן,shlchn,And then there's the whole thing.,adv,,,B2
שרף,shrf,The sheriff's office.,noun,,,B2
תוכל,tvchl,You can do that.,verb,ת-כ-ל,PAAL,B2
תוצר,tvtzr,The product is a product.,noun,,,B2
תלמוד,tlmvd,You will learn.,noun,,,B2
אביגדור,'vygdvr,Abhigdur is the name of the city.,propn,,,B2
אורה,'vrh,There is a light.,propn,,,B2
איזור,'yzvr,The area is defined as,noun,,,B2
אפוא,'fv',"If so, then it's all right.",adv,,,B2
אקשן,'kshn,Actions are taking place.,noun,,,B2
"בד""כ",vdch,"""It's been a while since I've seen it"".",adv,,,B2
ביתה,vyth,her home.,propn,,,B2
בנין,vnyn,building building,noun,,,B2
בקרה,vkrh,Control of the controls.,noun,,,B2
ג'וניור,gvnyvr,Junior is a young man.,propn,,,B2
ג'ין,gyn,G'in,propn,,,B2
גלוי,glvy,It's obvious.,adj,,,B2
הד,hd,The dead.,propn,,,B2
הועדה,hv'dh,The Committee,noun,,,B2
הז,hz,It's the first time I've seen it.,propn,,,B2
ולט,vlt,And let's see.,propn,,,B2
וירוס,vyrvs,A virus is a virus.,noun,,,B2
חינוכי,chynvchy,Teach me to learn.,adj,,,B2
טקסס,tkss,Texas,propn,,,B2
יפנית,yfnyt,Japanese,propn,,,B2
לאשת,l'sht,to his wife.,noun,,,B2
הכריע,hchry',The decision was made.,verb,כ-ר-ע,HIFIL,B2
כח,chch,Power is power.,verb,,PAAL,B2
מקר,mkr,From the ground up.,verb,מ-ק-ר,PAAL,B2
מבן,mvn,I'm going to be a kid.,propn,,,B2
הוקף,hvkf,It's surrounded.,verb,ה-ק-פ,PUAL,B2
מייסד,myysd,Founded by Maid,noun,,,B2
ממון,mmvn,Money is a lot of money.,noun,,,B2
צייג,tzyyg,Tick it in.,verb,צ-י-י,HIFIL,B2
מקורה,mkvrh,The source is,propn,,,B2
מרוקו,mrvkv,Morocco,propn,,,B2
מרצ,mrtz,Marz is the name of the game.,propn,,,B2
משיכה,mshychh,Attraction is attractive.,noun,,,B2
מתוכן,mtvchn,The content is,adv,,,B2
נהרס,nhrs,The river was destroyed.,verb,נ-ר-ס,NIFAL,B2
נועה,nv'h,Moving forward.,propn,,,B2
נחושת,nchvsht,Determined to do so.,noun,,,B2
נט,nt,Net  Net,propn,,,B2
נכבד,nchvd,Respected and respected.,adj,,,B2
נצרת,ntzrt,You are a Christian.,propn,,,B2
סודי,svdy,A secret.,adj,,,B2
סוכות,svchvt,It's a good thing you've been there.,propn,,,B2
סתיו,styv,Autumn is coming.,propn,,,B2
עזריה,'zryh,It's not easy.,propn,,,B2
עלילה,'lylh,A ruse is a ruse.,noun,,,B2
פוני,fvny,Pony,noun,,,B2
פירוט,fyrvt,Detail  Details,noun,,,B2
ציונות,tzyvnvt,Zionists.,noun,,,B2
קופה,kvfh,The purse is a box.,noun,,,B2
קי,ky,Ki is the name of the game.,propn,,,B2
"קמ""ש",kmsh,"Km""sh",noun,,,B2
קפלן,kfln,Caplon is a man.,propn,,,B2
קרול,krvl,Carol,propn,,,B2
רביעית,rvy'yt,The fourth one.,adj,,,B2
שאמור,sh'mvr,I would say,propn,,,B2
שדווקא,shdvvk',That's right.,adv,,,B2
שידע,shyd',Knowledge is what it is.,verb,ש-ד-ע,PUAL,B2
שלפעמים,shlf'mym,That sometimes,adv,,,B2
שרות,shrvt,Ministry,noun,,,B2
תלמידו,tlmydv,His pupil.,noun,,,B2
אלישע,'lysh',Elijah is the one.,propn,,,B2
אנגלי,'ngly,English English,adj,,,B2
אנטישמיות,'ntyshmyvt,Anti-Semitism is what it is.,noun,,,B2
ארמון,'rmvn,The palace is a palace.,noun,,,B2
באביב,v'vyv,In the spring,adv,,,B2
בניתוח,vnytvch,During the operation.,adv,,,B2
בריטי,vryty,British,adj,,,B2
ג'סטין,gstyn,Justine,propn,,,B2
גולדה,gvldh,Gold is gold.,propn,,,B2
גירוש,gyrvsh,Expulsion from the Church,noun,,,B2
גליל,glyl,The Galilee.,noun,,,B2
דליה,dlyh,Dalia,propn,,,B2
הבקשה,hvkshh,The request the request,noun,,,B2
הוטל,hvtl,The hotel has been cancelled.,verb,ו-ט-ל,HUFAL,B2
הלם,hlm,The shock came.,noun,,,B2
התאחדות,ht'chdvt,The unions are united.,noun,,,B2
ווקר,vvkr,Walker is a walk-in.,propn,,,B2
זווית,zvvyt,The angle of view is equal to the angle of view.,noun,,,B2
חילוץ,chylvtz,Rescue is the answer.,noun,,,B2
חמד,chmd,Sweetie,propn,,,B2
חשק,chshk,Desire is a desire.,noun,,,B2
יבשה,yvshh,The land is dry.,noun,,,B2
יזם,yzm,An entrepreneur is an entrepreneur.,verb,י-ז-מ,PAAL,B2
יקיר,ykyr,"My dear, my dear.",propn,,,B2
לאות,l'vt,There is no sign.,noun,,,B2
בישר,vyshr,Straight to the point.,verb,ב-ש-ר,PIEL,B2
דימה,dymh,Dima,verb,ד-מ-ה,PAAL,B2
התפטר,htftr,Resign from office.,verb,פ-ט-ר,HITPAEL,B2
לכפות,lchfvt,Forcing them to force.,verb,כ-פ-ת,PAAL,B2
מחסה,mchsh,Shelter for the dead.,noun,,,B2
מילוי,mylvy,Fill in the blanks.,noun,,,B2
מרמה,mrmh,From the top of the stairs.,noun,,,B2
נגינה,ngynh,Playing the guitar.,noun,,,B2
נסיבה,nsyvh,Circumstance,noun,,,B2
סופו,svfv,The end is near.,noun,,,B2
סיימון,syymvn,Simon Simon,propn,,,B2
עירום,'yrvm,Naked,noun,,,B2
פיי,fyy,Faye Faye,propn,,,B2
פלדה,fldh,The steel is made of steel.,noun,,,B2
פריצה,frytzh,Breaking and entering.,noun,,,B2
ציטוט,tzytvt,A quote is a quote.,noun,,,B2
צייר,tzyyr,Draw and paint.,noun,,,B2
קיי,kyy,Kay Kay,propn,,,B2
קליטה,klyth,The clue,noun,,,B2
קמרון,kmrvn,Cameroon,propn,,,B2
קרל,krl,Carl is a great man.,propn,,,B2
רגב,rgv,Regb,propn,,,B2
רובוט,rvvvt,The robot is a robot.,noun,,,B2
רובינשטיין,rvvynshtyyn,Rubinstein is the only one.,propn,,,B2
רומניה,rvmnyh,Romania Romania,propn,,,B2
שוורץ,shvvrtz,Swartz is a swartz.,propn,,,B2
שחרר,shchrr,Let go of the free will.,verb,ש-ח-ר,PAAL,B2
שלווה,shlvvh,Peace be with you.,noun,,,B2
שלכל,shlchl,That's all there is to it.,adv,,,B2
שלפיה,shlfyh,That's where it came from.,adv,,,B2
שקית,shkyt,The bag is a bag.,noun,,,B2
שריר,shryr,Muscles are muscles.,noun,,,B2
תאורה,t'vrh,The light is on.,noun,,,B2
תודעה,tvd'h,Consciousness,noun,,,B2
תחתית,tchtyt,The bottom of the bottom.,noun,,,B2
תכשיט,tchshyt,jewelry and jewelry.,noun,,,B2
איבר,'yvr,It's an organ.,noun,,,B2
אמינות,'mynvt,Reliability is important.,noun,,,B2
אצטרך,'tztrch,I'm going to need it.,verb,א-צ-כ,PAAL,B2
אתנו,'tnv,With us,adv,,,B2
גופני,gvfny,Physically,adj,,,B2
הוגש,hvgsh,It has been submitted.,verb,ו-ג-ש,HUFAL,B2
הוספה,hvsfh,The addition of the addition.,noun,,,B2
הותר,hvtr,He was allowed to leave.,verb,ו-ת-ר,HUFAL,B2
זהר,zhr,That's what it's all about.,propn,,,B2
חוה,chvh,Noah is the one.,propn,,,B2
חומצה,chvmtzh,Acidic acid,noun,,,B2
חיסול,chysvl,Extermination is the end of the world.,noun,,,B2
חרק,chrk,insects.,noun,,,B2
חשוך,chshvch,It's dark and dark.,adj,,,B2
טומי,tvmy,Tommy is the one.,propn,,,B2
יהודיה,yhvdyh,Judea,propn,,,B2
ייצא,yytz',It will come out.,verb,י-צ-א,PAAL,B2
יריב,yryv,The opponent's opponent.,noun,,,B2
כיהן,chyhn,It's like being alive.,verb,כ-י-ה,PIEL,B2
להפנות,lhfnvt,To the right of direction.,verb,,,B2
הצדיק,htzdyk,The righteous one.,verb,צ-ד-ק,HIFIL,B2
הקריב,hkryv,The sacrifice is made.,verb,ק-ר-ב,HIFIL,B2
התווכח,htvvchch,Argue with them.,verb,ו-כ-ח,HITPAEL,B2
התרכז,htrchz,Focus on the focus.,verb,ר-כ-ז,HITPAEL,B2
מכלול,mchlvl,From the university to the university.,noun,,,B2
מנצחת,mntzcht,You're winning.,verb,מ-נ-ת,PIEL,B2
מצור,mtzvr,It's all over the place.,noun,,,B2
מציאה,mtzy'h,Finding a way to find it.,noun,,,B2
שילב,shylv,It's a combination of both.,verb,ש-ל-ב,PIEL,B2
משעה,msh'h,From an hour,adv,,,B2
נגן,ngn,Play the game.,noun,,,B2
נגר,ngr,It's not easy.,noun,,,C1
נלקח,nlkch,We were taken away.,verb,נ-ל-ח,NIFAL,C1
נמכר,nmchr,Sold out.,verb,נ-מ-ר,NIFAL,C1
עוף,'vf,The chicken.,noun,,,C1
עיכוב,'ychvv,Delay is a big deal.,noun,,,C1
עימות,'ymvt,Conflict is a conflict.,noun,,,C1
עלילות,'lylvt,Plots and tricks.,noun,,,C1
עמל,'ml,It's a work in progress.,noun,,,C1
פרישה,fryshh,Retirement,noun,,,C1
פרסומת,frsvmt,Advertising,noun,,,C1
קדומים,kdvmym,The ancients,noun,,,C1
קנס,kns,Kens,noun,,,C1
"רמב""ם",rmvm,It's the first time I've seen it.,propn,,,C1
שביתה,shvyth,The room is in the living room.,noun,,,C1
שחורה,shchvrh,She is black.,noun,,,C1
שילה,shylh,Shila,propn,,,C1
שניס,shnys,Nice to meet you.,verb,ש-נ-ס,PAAL,C1
שרצה,shrtzh,who wants to.,propn,,,C1
תיקו,tykv,Keep it straight.,noun,,,C1
תסמונת,tsmvnt,The syndrome is a symptom.,noun,,,C1
תפילין,tfylyn,Tuberculosis is the most common type of diabetes.,noun,,,C1
אוה,'vh,"Oh, my God.",propn,,,C1
איילה,'yylh,I'm going to tell you.,propn,,,C1
גאווה,g'vvh,Pride is the pride.,noun,,,C1
גוי,gvy,Goy,noun,,,C1
גט,gt,I'm not sure.,propn,,,C1
דיוויד,dyvvyd,David,propn,,,C1
דרעי,dr'y,Three of them.,propn,,,C1
היל,hyl,The hill is a hill.,propn,,,C1
זוגי,zvgy,Married couple.,adj,,,C1
חמאה,chm'h,Butter and butter.,noun,,,C1
טיף,tyf,Deep and deep.,noun,,,C1
יהא,yh',It's the same thing.,verb,י-ה-א,PAAL,C1
ילדייה,yldyyh,The girl is a girl.,noun,,,C1
כלבה,chlvh,Bitch bitch.,noun,,,C1
גישר,gyshr,The gateway to the gateway.,verb,ג-ש-ר,PAAL,C1
התיר,htyr,Let's hear it.,verb,ת-י-ר,HIFIL,C1
פירש,fyrsh,The meaning is,verb,פ-ר-ש,PIEL,C1
לתמיד,ltmyd,Forever and ever,adv,,,C1
מג,mg,From the book.,propn,,,C1
ממצא,mmtz',A discovery is made.,noun,,,C1
מניין,mnyyn,Where are you going?,noun,,,C1
מצרי,mtzry,Egyptian,noun,,,C1
מרפי,mrfy,Murphy is the one.,propn,,,C1
משכורת,mshchvrt,salary,noun,,,C1
התבטא,htvt',He expressed his opinion.,verb,ב-ט-א,HITPAEL,C1
נכלל,nchll,Included.,verb,נ-כ-ל,NIFAL,C1
נק,nk,We're going to get it.,noun,,,C1
סבב,svv,It's all right.,verb,ס-ב-ב,PAAL,C1
סוגיה,svgyh,The issue is the issue.,noun,,,C1
סולם,svlm,The ladder,noun,,,C1
סחורה,schvrh,Goods and services.,noun,,,C1
סידני,sydny,Sydney,propn,,,C1
סעיד,s'yd,Said,propn,,,C1
עידו,'ydv,With him.,propn,,,C1
ערבות,'rvvt,The Arab states.,noun,,,C1
פופולרי,fvfvlry,Popular with the public,adj,,,C1
פסיכולוג,fsychvlvg,A psychologist,adj,,,C1
פרחי,frchy,The flower.,noun,,,C1
צץ,tztz,It's the end of the world.,noun,,,C1
קליף,klyf,Cliff is a cliff.,noun,,,C1
קרינה,krynh,Radiation is the radiation.,noun,,,C1
ריאיון,ry'yvn,The interview was conducted by Riyan.,noun,,,C1
רעבה,r'vh,Hunger and hunger.,propn,,,C1
שבן,shvn,It's a good thing that you're a kid.,propn,,,C1
שטר,shtr,A sheet of paper,noun,,,C1
שירו,shyrv,Sing a song.,propn,,,C1
שנהיה,shnhyh,to be what we are.,adv,,,C1
ששום,shshvm,that nothing,adv,,,C1
ששלח,shshlch,Send them a message.,verb,ש-ש-ח,PAAL,C1
שת,sht,Drinking water is important.,verb,,PAAL,C1
תכף,tchf,"In a moment, he'll be back.",adv,,,C1
תקציר,tktzyr,Short summary,noun,,,C1
אוקי,'vky,"All right, all right.",propn,,,C1
אזולא,'zvl',"If I hadn't, then I would.",noun,,,C1
אטום,'tvm,Atomic energy is the power of atoms.,noun,,,C1
אלעד,'l'd,Aladdin is the name of the game.,propn,,,C1
דמו,dmv,It's like the same thing.,propn,,,C1
דקל,dkl,It's easy to see.,propn,,,C1
הוריה,hvryh,The parents are the parents.,noun,,,C1
הזמנה,hzmnh,The invitation was received.,verb,ז-מ-ה,HIFIL,C1
התיישבות,htyyshvvt,The settlement was settled.,noun,,,C1
ויקטוריה,vyktvryh,Victoria is a winner.,propn,,,C1
זן,zn,The genus is endemic.,noun,,,C1
חוקה,chvkh,A constitutional law.,noun,,,C1
חסינות,chsynvt,Immunity is the key to success.,noun,,,C1
חרש,chrsh,The deaf.,noun,,,C1
טיס,tys,This is a tithing.,noun,,,C1
יי,yy,Ye Ye Ye,pron,,,C1
שתנה,shtnh,Drinking water is the key.,verb,ש-ת-ה,NIFAL,C1
כהונה,chhvnh,Priesthood is a way of life.,noun,,,C1
כינוס,chynvs,A kitchen is a place of business.,noun,,,C1
כס,chs,Seat is the seat of power.,noun,,,C1
כפייה,chfyyh,forced to do so.,noun,,,C1
גירש,gyrsh,Girsch,verb,ג-ר-ש,PIEL,C1
לדוד,ldvd,to my uncle.,propn,,,C1
העיף,h'yf,The weather was hot.,verb,ע-י-פ,HIFIL,C1
הרכיב,hrchyv,The component,verb,ר-כ-ב,HIFIL,C1
השתלב,hshtlv,Incorporate,verb,ה-ש-ב,HITPAEL,C1
ליאון,ly'vn,Leon,propn,,,C1
לווה,lvvh,A loan,verb,ו-ו-ה,PIEL,C1
נקם,nkm,Revenge is what it is.,propn,,,C1
רימה,rymh,Rima is the name of the game.,verb,ר-מ-ה,PIEL,C1
שיבח,shyvch,Praise is praise.,verb,ש-ב-ח,PAAL,C1
מועט,mv't,Very few.,adj,,,C1
מילולי,mylvly,Literally,adv,,,C1
מעצם,m'tzm,On its own.,noun,,,C1
מפיק,mfyk,Producer and producer.,noun,,,C1
מצוקה,mtzvkh,distress and distress.,noun,,,C1
הצטיין,htztyyn,It's wonderful,verb,ה-צ-נ,PUAL,C1
מקבל,mkvl,Receiving Receiving,noun,,,C1
מרב,mrv,Mr. and Mrs.,propn,,,C1
מרקו,mrkv,Mark is the author of Mark.,propn,,,C1
משולש,mshvlsh,Triangular,noun,,,C1
שיקף,shykf,A reflection of the world.,verb,ש-ק-פ,PIEL,C1
התנהל,htnhl,It's been a long time coming.,verb,נ-ה-ל,HITPAEL,C1
נאכל,n'chl,Let's eat.,verb,נ-א-ל,NIFAL,C1
נהגה,nhgh,Driving a car.,verb,נ-ג-ה,PAAL,C1
ניקי,nyky,Nicky is the one.,propn,,,C1
נעמה,n'mh,Naomi is the mother of all.,propn,,,C1
סוזן,svzn,Susan is the one.,propn,,,C1
סיר,syr,The pot,noun,,,C1
סעד,s'd,The help is provided.,noun,,,C1
עגול,'gvl,A circle is a circle.,adj,,,C1
עוני,'vny,He was a poor man.,noun,,,C1
ענב,'nv,Grapes are grown.,noun,,,C1
פגם,fgm,There are flaws.,noun,,,C1
פושע,fvsh',A criminal,noun,,,C1
פטיש,ftysh,A hammer is a hammer.,noun,,,C1
פינס,fyns,Finland Finland,propn,,,C1
פלג,flg,Flogs are made of plastic.,noun,,,C1
פקד,fkd,The commander.,noun,,,C1
צאת,tz't,You're out of here.,verb,צ-א-ת,PAAL,C1
צוואר,tzvv'r,Necklace  Necklace  Necklace,noun,,,C1
קידוש,kydvsh,The sanctity of the sanctity.,noun,,,C1
קישורין,kyshvryn,The link is,noun,,,C1
קמא,km',"Come on, you know.",propn,,,C1
קרע,kr',It's cracked.,noun,,,C1
רבא,rv',My father-in-law,propn,,,C1
רח,rch,It's a road to hell.,noun,,,C1
שלק,shlk,It's a slice of life.,verb,ש-ל-ק,PAAL,C1
שקבע,shkv',which is fixed.,verb,ש-ק-ע,PAAL,C1
שתייה,shtyyh,Drinking water is a must.,noun,,,C1
תכוף,tchvf,It's often the case.,adv,,,C1
תלות,tlvt,Depends on the situation.,noun,,,C1
תסריט,tsryt,The script is written.,noun,,,C1
תערוכה,t'rvchh,Exhibition,noun,,,C1
תשוקה,tshvkh,Passion is a passion.,noun,,,C1
אגרוף,'grvf,A punch is a punch.,noun,,,C1
אוליבר,'vlyvr,Oliver is the only one.,propn,,,C1
אופנוע,'vfnv',A motorcycle.,noun,,,C1
אורלי,'vrly,Orly,propn,,,C1
אחסון,'chsvn,Storage of the data.,noun,,,C1
אימוץ,'ymvtz,Adoption is a process of adoption.,noun,,,C1
אירע,'yr',I will act.,verb,א-ר-ע,PIEL,C1
אפליקציה,'flyktzyh,app app,noun,,,C1
אצלה,'tzlh,With her.,adv,,,C1
בלוג,vlvg,I'm going to blog about it.,noun,,,C1
ג'ייסון,gyysvn,Jason is the only one.,propn,,,C1
גאוני,g'vny,The genius is the genius.,adj,,,C1
דבי,dvy,It's the first time in my life that I've ever been in a relationship,propn,,,C1
דיסק,dysk,The disc is a disc.,noun,,,C1
הוצא,hvtz',Get rid of it.,verb,ו-צ-א,HUFAL,C1
וולף,vvlf,Wolf is a wolf.,propn,,,C1
ול,vl,and Val.,propn,,,C1
חקלאות,chkl'vt,Farming is a big part of life.,noun,,,C1
טבח,tvch,The kitchen is the kitchen.,noun,,,C1
טופס,tvfs,The form,noun,,,C1
טיים,tyym,Time is up.,propn,,,C1
טמבל,tmvl,This is stupid.,propn,,,C1
טעימה,t'ymh,The taste is delicious.,noun,,,C1
התברך,htvrch,Blessings to you.,verb,ת-ב-כ,NIFAL,C1
כתם,chtm,A stain on the surface.,noun,,,C1
לברית,lvryt,to the covenant.,noun,,,C1
הקדיש,hkdysh,It's a commitment.,verb,ק-ד-ש,HIFIL,C1
הקטין,hktyn,The youngest child.,verb,ק-ט-נ,HIFIL,C1
לינקול,lynkvl,Lincoln is the only one.,noun,,,C1
למר,lmr,to Mr. Lem.,propn,,,C1
מוגדר,mvgdr,Defined as defined.,verb,מ-ג-ר,PUAL,C1
מוכנה,mvchnh,Ready to go.,noun,,,C1
מטפל,mtfl,A caregiver is a caregiver.,noun,,,C1
מיון,myvn,A lot of attention is paid to it.,noun,,,C1
מל,ml,Mel is a very popular name.,propn,,,C1
מלהיות,mlhyvt,From being  to being,adv,,,C1
מעיל,m'yl,coat,noun,,,C1
פורש,fvrsh,Forsh,verb,פ-ר-ש,PUAL,C1
מקצועיות,mktzv'yvt,Professionalism is a profession.,noun,,,C1
שידר,shydr,Send the message.,verb,ש-ד-ר,PIEL,C1
שוגע,shvg',He is crazy.,verb,ש-ג-ע,PIEL,C1
משולב,mshvlv,Mixed together,verb,מ-ש-ב,PUAL,C1
משמעת,mshm't,Discipline is what it's all about.,noun,,,C1
תוכנן,tvchnn,Planned Planned,verb,ת-כ-נ,PUAL,C1
נהפך,nhfch,It's the other way around.,verb,נ-פ-כ,NIFAL,C1
נוזל,nvzl,Liquid is a liquid.,noun,,,C1
נחוץ,nchvtz,It is necessary.,adj,,,C1
נרצה,nrtzh,We're going to want it.,verb,נ-ר-ה,PAAL,C1
עצומה,'tzvmh,It's huge and huge.,noun,,,C1
עתיקות,'tykvt,Antiquities are ancient.,noun,,,C1
פוטין,fvtyn,Putin is the leader of the Russian Federation.,propn,,,C1
פולחן,fvlchn,Worship is worship.,noun,,,C1
פרדס,frds,The horses.,propn,,,C1
פריט,fryt,Items of the item.,noun,,,C1
צנוע,tznv',Humble and humble.,adj,,,C1
קולונל,kvlvnl,Colonel,noun,,,C1
קין,kyn,Ken,propn,,,C1
קפיצה,kfytzh,Jump up and down.,noun,,,C1
קרבן,krvn,The sacrifice was made.,noun,,,C1
רובן,rvvn,Most of them.,noun,,,C1
רענן,r'nn,Fresh and fresh.,propn,,,C1
שגיא,shgy',Make a mistake.,propn,,,C1
שושן,shvshn,The shrimp is a shrimp.,propn,,,C1
תכלית,tchlyt,Purpose: Purpose.,noun,,,C1
תצפית,ttzfyt,Keep an eye out.,noun,,,C1
אבוד,'vvd,Lost and found.,adj,,,C1
אחינו,'chynv,Our brother.,noun,,,C1
אלמוג,'lmvg,I don't know what to do.,propn,,,C1
אסטרטגי,'strtgy,Strategic and strategic.,adj,,,C1
אשכנז,'shchnz,I'm going to make a decision.,propn,,,C1
בובי,vvvy,Bobby is the one.,propn,,,C1
"בת""א",vt',"""Better than that"".",propn,,,C1
גמל,gml,The camel.,noun,,,C1
דיגיטלי,dygytly,Digitally,adj,,,C1
דניס,dnys,Dennis,propn,,,C1
דפנה,dfnh,I've been waiting for you.,propn,,,C1
הוט,hvt,The heat is on.,propn,,,C1
זכריה,zchryh,Zechariah is the name of the temple.,propn,,,C1
זמרת,zmrt,A singer and songwriter.,noun,,,C1
חילול,chylvl,Dishonesty is blasphemy.,noun,,,C1
חשוף,chshvf,exposed.,adj,,,C1
יורש,yvrsh,Heir to the throne.,noun,,,C1
יריחו,yrychv,The smell of it.,propn,,,C1
כנסיה,chnsyh,church church,noun,,,C1
כפרה,chfrh,"A village, a village.",noun,,,C1
ביסס,vyss,The bison,verb,ב-ס-ס,PIEL,C1
העסיק,h'syk,Be busy with your work.,verb,ע-ס-ק,HIFIL,C1
התכונ,htchvn,Be prepared for this.,verb,כ-ו-נ,HITPAEL,C1
לורן,lvrn,Lauren is the one.,propn,,,C1
ליטא,lyt',Lithuania,propn,,,C1
לימון,lymvn,Lemon is the name of the lemon.,noun,,,C1
לכדור,lchdvr,to the ball.,adv,,,C1
לכול,lchvl,For all of us,adv,,,C1
מחה,mchh,It's a lot of fun.,verb,מ-ח-ה,PAAL,C1
למטוס,lmtvs,To the plane.,adv,,,C1
לפצותו,lftzvtv,to reward him,verb,פ-צ-ו,PIEL,C1
פירט,fyrt,Fits are made of feathers.,verb,פ-ר-ט,PIEL,C1
לקיר,lkyr,To the wall.,adv,,,C1
לשמאל,lshm'l,To the left.,adv,,,C1
מאסטר,m'str,Master Master,propn,,,C1
מוצק,mvtzk,It is solid.,adj,,,C1
מחבר,mchvr,A friend of mine wrote.,noun,,,C1
מיה,myh,What is the meaning of life?,propn,,,C1
ייצר,yytzr,will be produced.,verb,י-צ-ר,PIEL,C1
מינכן,mynchn,Munich is a city.,propn,,,C1
מכללה,mchllh,College College,noun,,,C1
ממשלתי,mmshlty,governmental,adj,,,C1
מנדט,mndt,The mandate is to send a message.,noun,,,C1
מנדל,mndl,Mandela was born.,propn,,,C1
מסור,msvr,Traditionally,adj,,,C1
מערבי,m'rvy,western side.,adj,,,C1
משקף,mshkf,A mirror is a mirror.,noun,,,C1
מתרגם,mtrgm,Translating the text into English.,noun,,,C1
נד,nd,We're not going to stop.,propn,,,C1
נדר,ndr,It's a good idea.,propn,,,C1
נוהל,nvhl,The procedure is simple.,noun,,,C1
ניתוק,nytvk,Disconnected,noun,,,C1
נית,nyt,"It's not just me, it's you.",noun,,,C1
נכה,nchh,Disabled people.,noun,,,C1
נסיכה,nsychh,A princess is a princess.,noun,,,C1
נענה,n'nh,We will be answered.,verb,נ-ע-ה,NIFAL,C1
סנטר,sntr,The center of the heart.,propn,,,C1
עושר,'vshr,Wealthy people.,noun,,,C1
עותק,'vtk,A copy of it.,noun,,,C1
עי,'y,The eye is on the other side.,propn,,,C1
פטר,ftr,Peter is the author of the book.,propn,,,C1
פנינה,fnynh,The pearl.,propn,,,C1
פסול,fsvl,It's a waste of time.,adj,,,C1
צום,tzvm,To the end of the day.,noun,,,C1
צמיחה,tzmychh,growth.,noun,,,C1
קרלוס,krlvs,Carlos,propn,,,C1
רוחו,rvchv,His spirit.,noun,,,C1
ריו,ryv,Rio,propn,,,C1
רימון,rymvn,Rimmon is the name of the game.,propn,,,C1
רעל,r'l,Poison is a poison.,noun,,,C1
"שו""",shv,"""It's the same thing"".",noun,,,C1
שייכות,shyychvt,belongs to,noun,,,C1
שמץ,shmtz,The strawberries.,noun,,,C1
תפילות,tfylvt,Prayers are offered.,noun,,,C1
אגד,'gd,The legendary legend.,propn,,,C1
אהובה,'hvvh,The favorite,propn,,,C1
אחורי,'chvry,The rear end.,adj,,,C1
אילנה,'ylnh,Elena is the one.,propn,,,C1
אנדי,'ndy,Andy is the star of the show.,propn,,,C1
אנשיו,'nshyv,His people.,noun,,,C1
אספר,'sfr,I'm not counting.,verb,א-ס-ר,PAAL,C1
אפרת,'frt,You're a piece of shit.,propn,,,C1
בום,vvm,"Boom, boom, boom!",propn,,,C1
בוסטון,vvstvn,Boston is a city.,propn,,,C1
בלו,vlv,Blue is blue.,propn,,,C1
בלפור,vlfvr,"In Belfort, it is possible.",propn,,,C1
בעור,v'vr,In the skin.,noun,,,C1
ברא,vr',Bra Bra Bra,verb,ב-ר-א,PAAL,C1
גדלה,gdlh,Growing up.,noun,,,C1
גול,gvl,The goal is to score.,propn,,,C1
דום,dvm,Dom Dom,noun,,,C1
הומואים,hvmv'ym,Gay people are gays.,noun,,,C1
חילוני,chylvny,Secular.,adj,,,C1
חנינה,chnynh,Mercy is forgiveness.,noun,,,C1
חץ,chtz,Arrow  Arrow,noun,,,C1
כרב,chrv,It's the first time that I've done it.,noun,,,C1
כרוך,chrvch,Wrap it up.,adj,,,C1
כתוב,chtvv,Written,adj,,,C1
הכשיר,hchshyr,The device,verb,כ-ש-ר,HIFIL,C1
הפתיע,hfty',The surprise.,verb,פ-ת-ע,HIFIL,C1
התלבש,htlvsh,Dress up and dress up.,verb,ל-ב-ש,HITPAEL,C1
חטף,chtf,Kidnapped by the police.,verb,ח-ט-פ,PAAL,C1
לחן,lchn,Humidity is what makes it so.,noun,,,C1
חינך,chynch,Your education.,verb,ח-נ-כ,PIEL,C1
לשווא,lshvv',In vain.,adv,,,C1
האט,h't,He had a lot of fun.,propn,,,C1
מחסום,mchsvm,Blocked,noun,,,C1
מטופל,mtvfl,The patient is a patient.,noun,,,C1
מכריע,mchry',Decisive and decisive.,adj,,,C1
מלצר,mltzr,A waiter is a waiter.,propn,,,C1
הריח,hrych,The smell of it.,verb,ה-ר-ח,PAAL,C1
ניגוד,nygvd,Contradiction is the opposite.,noun,,,C1
נשמר,nshmr,We will be preserved.,verb,נ-ש-ר,NIFAL,C1
סדום,sdvm,Sodom,propn,,,C1
ספירה,sfyrh,The countdown.,noun,,,C1
פולני,fvlny,Polish,adj,,,C1
צעצוע,tz'tzv',A toy is a toy.,noun,,,C1
קטלני,ktlny,It is deadly.,adj,,,C1
קרדיט,krdyt,Credit card,noun,,,C1
ראיין,r'yyn,The interview was conducted by Ryan.,propn,,,C1
רכבה,rchvh,The chariot.,noun,,,C1
שגוי,shgvy,It was a mistake.,adj,,,C1
שהה,shhh,That's the way it is.,verb,ש-ה-ה,PAAL,C1
שחיתות,shchytvt,Corruption is corruption.,noun,,,C1
שכנראה,shchnr'h,It is likely that,adv,,,C1
תהיל,thyl,Praise be to you.,noun,,,C1
תחתון,tchtvn,Underwear,noun,,,C1
תכלה,tchlh,It's been a long time coming.,noun,,,C1
רגם,rgm,It's the same as the original.,verb,ר-ג-מ,PAAL,C1
אבטחת,'vtcht,Security is guaranteed.,noun,,,C1
אביטל,'vytl,Abhittal is the name of the game.,propn,,,C1
אוצרה,'vtzrh,A treasure is a treasure.,noun,,,C1
אימו,'ymv,His mother.,propn,,,C1
בקי,vky,BK,propn,,,C1
בריחה,vrychh,Escape from the city.,noun,,,C1
ג'ף,gf,It's a good idea.,propn,,,C1
ג'רזי,grzy,The jersey is red.,propn,,,C1
גדה,gdh,It's a great place to go.,noun,,,C1
גולד,gvld,Gold is gold.,propn,,,C1
גיבוש,gyvvsh,The formation of the formation.,noun,,,C1
גיטרה,gytrh,Guitar  Guitar,noun,,,C1
גרף,grf,The graph is a graph.,propn,,,C1
הלן,hln,Helen was born.,propn,,,C1
חבילות,chvylvt,Packages are available.,noun,,,C1
חסון,chsvn,It's a good idea.,propn,,,C1
טרמפ,trmf,Take a ride,noun,,,C1
יושב,yvshv,He sat down.,noun,,,C1
יז,yz,It's not easy.,propn,,,C1
לד,ld,To the end of the day.,noun,,,C1
לדת,ldt,to the religion.,noun,,,C1
לוסי,lvsy,Lucy is the one.,propn,,,C1
ליאו,ly'v,Leo,propn,,,C1
לכבות,lchvvt,Turn it off.,verb,כ-ב-ת,PAAL,C1
כינס,chyns,The kitchen is the place to be.,verb,כ-נ-ס,PIEL,C1
ימד,ymd,It's the same size.,verb,י-מ-ד,PAAL,C1
מבוקש,mvvksh,Wanted,adj,,,C1
מולדת,mvldt,His native land.,noun,,,C1
הוצג,hvtzg,The display is displayed.,verb,ה-צ-ג,PUAL,C1
מיזוג,myzvg,A merger is a merger.,noun,,,C1
מיין,myyn,Mine is mine.,propn,,,C1
מעצב,m'tzv,The designer is a designer.,noun,,,C1
מצע,mtz',It's a great feeling to be here.,noun,,,C1
משקיע,mshky',Investor,noun,,,C1
השתלם,hshtlm,It was paid for.,adj,,,C1
התבצע,htvtz',The operation took place.,verb,ב-צ-ע,HITPAEL,C1
נגדי,ngdy,against me.,adv,,,C1
סבבה,svvh,It's a good idea.,adv,,,C1
סטוד,stvd,Study Study,noun,,,C1
סמלי,smly,Symbols are symbolic.,adj,,,C1
סתירה,styrh,Contradiction is a contradiction.,noun,,,C1
עדינה,'dynh,It's very gentle.,adj,,,C1
עו,'v,The law is the law.,propn,,,C1
עפרה,'frh,The clay is clay.,propn,,,C1
עקרונית,'krvnyt,The principle is that it's important to know what's going on.,adv,,,C1
פנסיה,fnsyh,Retirement is a retirement.,noun,,,C1
פסולת,fsvlt,Waste of waste.,noun,,,C1
פרוייקט,frvyykt,Project,noun,,,C1
פרנסיס,frnsys,Francis,propn,,,C1
צה,tzh,I'm going to tell you about the C++ program.,noun,,,C1
ציפייה,tzyfyyh,Expectations are high.,noun,,,C1
קללה,kllh,The curse is upon me.,noun,,,C1
קריטי,kryty,critical critical,adj,,,C1
רוג'ר,rvgr,Rog'r,propn,,,C1
רנה,rnh,It's the first time I've seen it.,propn,,,C1
שביקש,shvyksh,He asks for it.,verb,ש-ב-ש,PIEL,C1
שבעל,shv'l,and that the husband is married.,noun,,,C1
שגיאה,shgy'h,Mistake is a mistake.,noun,,,C1
שטרית,shtryt,The story of a young girl.,propn,,,C1
שיגור,shygvr,Launched,noun,,,C1
שפל,shfl,It's low.,noun,,,C1
תיאום,ty'vm,Coordination is needed.,noun,,,C1
אוהל,'vhl,Tent  Tent,noun,,,C1
אכיפה,'chyfh,I'm going to force it.,noun,,,C1
אלמלא,'lml',"If you don't, you're not going to be satisfied.",adv,,,C1
אלתרמן,'ltrmn,Altherman,propn,,,C1
אמילי,'myly,Emily,propn,,,C1
אשל,'shl,I'm going to try to make it work.,propn,,,C1
בבא,vv',The baby is born.,propn,,,C1
בז,vz,"By the way, it's a good idea.",propn,,,C1
בירור,vyrvr,"Clearly, there is no doubt about it.",noun,,,C1
בישוב,vyshvv,"Once again, we're back together.",adv,,,C1
ברל,vrl,Barrel of oil.,propn,,,C1
ג'ודי,gvdy,Godi,propn,,,C1
גבה,gvh,High up,verb,ג-ב-ה,PAAL,C1
דיל,dyl,Deal with it.,noun,,,C1
דיסני,dysny,Disney's is the first.,propn,,,C1
דמשק,dmshk,Damascus is the place to be.,propn,,,C1
ז'אן,z'n,This is where I'm going.,propn,,,C1
זיין,zyyn,To be and to be.,propn,,,C1
חיבוק,chyvvk,A hug is a hug.,noun,,,C1
חיסון,chysvn,The vaccine is a vaccine.,noun,,,C1
חרס,chrs,The pottery is made of pottery.,noun,,,C1
יוקרה,yvkrh,It's a great place to be.,noun,,,C1
יט,yt,It's the first time I've seen it.,propn,,,C1
כוכבה,chvchvh,A star is a star.,noun,,,C1
לאום,l'vm,to the nation.,noun,,,C1
להב,lhv,The sword is a sword.,propn,,,C1
הפגין,hfgyn,The demonstration.,verb,פ-ג-נ,HIFIL,C1
הציב,htzyv,It's the first time I've seen it.,verb,צ-י-ב,HIFIL,C1
התאבד,ht'vd,He committed suicide.,verb,א-ב-ד,HITPAEL,C1
לחלון,lchlvn,To the window,adv,,,C1
חסם,chsm,A barrier to entry.,verb,ח-ס-מ,PAAL,C1
ניתח,nytch,Try it out.,verb,נ-ת-ח,PIEL,C1
מגדר,mgdr,Gender and gender.,noun,,,C1
מדען,md'n,A scientist.,noun,,,C1
מוחי,mvchy,My brain is full of it.,adj,,,C1
מוניטין,mvnytyn,The reputation of the company.,noun,,,C1
מורשה,mvrshh,The legacy of heritage.,propn,,,C1
מזכירות,mzchyrvt,secretaries secretaries,noun,,,C1
מירב,myrv,Mirib,propn,,,C1
מנוסה,mnvsh,Experience with the project,adj,,,C1
פיגר,fygr,Figure,noun,,,C1
רוכז,rvchz,The focus is on the future.,verb,ר-כ-ז,PUAL,C1
מרוסיה,mrvsyh,From Russia,propn,,,C1
מתושב,mtvshv,It is inhabited.,noun,,,C1
ניקול,nykvl,Nicole is the one.,propn,,,C1
נשי,nshy,Female  Female,adj,,,C1
סבון,svvn,Soap,noun,,,C1
סוציאלי,svtzy'ly,I'm social and I'm social.,adj,,,C1
סיפוק,syfvk,Satisfaction with what you have.,noun,,,C1
סמואל,smv'l,Samuel was a great man.,propn,,,C1
עיתונאית,'ytvn'yt,A journalist is a journalist.,noun,,,C1
עשייה,'shyyh,Making the most of it.,noun,,,C1
פורד,fvrd,Ford Ford,propn,,,C1
קורט,kvrt,Courtesy of the Court of Appeals.,propn,,,C1
קסום,ksvm,Magic is magic.,adj,,,C1
קתרין,ktryn,Catherine is the first.,propn,,,C1
שח,shch,Chess is a game of chess.,noun,,,C1
שיפוץ,shyfvtz,The renovation was completed.,noun,,,C1
שנת,shnt,Year of the year.,verb,ש-נ-ת,PAAL,C1
תירס,tyrs,Corn flour.,noun,,,C1
אודי,'vdy,Audi,propn,,,C1
אורנה,'vrnh,Orna,propn,,,C1
אקדמי,'kdmy,Academic,adj,,,C1
אקספרס,'ksfrs,The Express,propn,,,C1
בוני,vvny,Bonnie is the one.,propn,,,C1
בתיה,vtyh,Her daughter.,propn,,,C1
ג'ורדן,gvrdn,Jordan is the only one.,propn,,,C1
גולדשטיין,gvldshtyyn,Goldstein is the only one.,propn,,,C1
גסה,gsh,It's rough.,adj,,,C1
דחייה,dchyyh,Rejection of the Order,noun,,,C1
דיאלוג,dy'lvg,A dialogue is a conversation.,noun,,,C1
דרגה,drgh,Degree Degree,noun,,,C1
דרומית,drvmyt,South of the border.,adv,,,C1
דרשה,drshh,He preached a sermon.,noun,,,C1
דשא,dsh',The grass.,noun,,,C1
האן,h'n,The Han,propn,,,C1
וורן,vvrn,"Warren, you know.",propn,,,C1
חלקן,chlkn,Some of them,adv,,,C1
כוחם,chvchm,Their power is powerful.,noun,,,C1
כוכבא,chvchv',The star is coming.,propn,,,C1
כתף,chtf,shoulder.,noun,,,C1
הכחיש,hchchysh,Denial is denial.,verb,כ-ח-ש,HIFIL,C1
לוקאס,lvk's,Lucas is the only one.,propn,,,C1
לחות,lchvt,Humidity is a factor.,noun,,,C1
לרבן,lrvn,To the point of being rude.,noun,,,C1
שטף,shtf,It's a lot of work.,verb,ש-ט-פ,PAAL,C1
שפך,shfch,Your lips.,verb,ש-פ-כ,PAAL,C1
שתק,shtk,Shut the fuck up.,verb,ש-ת-ק,PAAL,C1
לתא,lt',into the cell.,verb,,PAAL,C1
מוסקבה,mvskvh,Moscow,propn,,,C1
חילק,chylk,It's a different story.,verb,ח-ל-ק,PIEL,C1
מימוש,mymvsh,Implementation of the plan,noun,,,C1
מכור,mchvr,Addicted to drugs.,noun,,,C1
ממין,mmyn,of the sexes.,propn,,,C1
ממתק,mmtk,From the candy,noun,,,C1
מניע,mny',The motivation is the motivation.,noun,,,C1
מענין,m'nyn,They're interested in you.,adj,,,C1
מעשן,m'shn,Smoking is illegal.,noun,,,C1
מפגין,mfgyn,demonstrating,noun,,,C1
מק,mk,Mac Mac,propn,,,C1
הקדה,hkdh,It's the end of the line.,verb,ה-ק-ה,PIEL,C1
קינא,kyn',Jealousy is the name of the game.,verb,ק-נ-א,PIEL,C1
מרום,mrvm,From the bottom up.,propn,,,C1
התחייב,htchyyv,Commitment is a commitment.,verb,ח-י-י,HITPAEL,C1
נהריה,nhryh,The river is a river.,propn,,,C1
נלמד,nlmd,Let's learn a lesson.,verb,נ-ל-ד,NIFAL,C1
נעורים,n'vrym,Youths,noun,,,C1
נשאל,nsh'l,We will be asked,verb,נ-ש-ל,NIFAL,C1
סוללה,svllh,The battery.,noun,,,C1
סיעה,sy'h,It's about an hour.,noun,,,C1
סקי,sky,Skiing is a must.,propn,,,C1
עיניך,'ynych,Your eyes.,noun,,,C1
עצרת,'tzrt,You have stopped.,noun,,,C1
ערד,'rd,The earth is flat.,propn,,,C1
פנימייה,fnymyyh,The interior of the building.,noun,,,C1
צ'ק,tzk,It's the end of the world.,propn,,,C1
צפונית,tzfvnyt,North of it.,adv,,,C1
קדש,kdsh,Holy shit.,propn,,,C1
קייט,kyyt,Kate is a chain.,propn,,,C1
ראשה,r'shh,The headline is,propn,,,C1
שאב,sh'v,I've been waiting for you.,verb,ש-א-ב,PAAL,C1
שבמקום,shvmkvm,which is in place,adv,,,C1
שחזור,shchzvr,It's a return to form.,noun,,,C1
שיקגו,shykgv,Chicago is the city of Chicago.,propn,,,C1
שלשום,shlshvm,The day before yesterday,adv,,,C1
תג,tg,The answer is simple.,noun,,,C1
תוד,tvd,Thank you very much.,noun,,,C1
יבד,yvd,It's lost.,verb,י-ב-ד,PAAL,C1
אבישי,'vyshy,Abhishek himself.,propn,,,C1
אנ,'n,I'm going to tell you.,adv,,,C1
אשפה,'shfh,Garbage is garbage.,noun,,,C1
בער,v'r,In the heat of the moment.,verb,ב-ע-ר,PAAL,C1
גיורא,gyvr',Gira is a great place to visit.,propn,,,C1
דובי,dvvy,"Dude, you've got to be careful.",propn,,,C1
דיאטה,dy'th,The diet is a diet.,noun,,,C1
הולמס,hvlms,Holmes is the only one.,propn,,,C1
הונאה,hvn'h,Fraud is a fraud.,noun,,,C1
התנצלות,htntzlvt,Apologies are needed.,noun,,,C1
וול,vvl,Wall Street is a great place to be.,propn,,,C1
חדל,chdl,Stop it now.,verb,ח-ד-ל,PAAL,C1
חוסיין,chvsyyn,Hossein is the only one.,propn,,,C1
חוקיות,chvkyvt,The legality of the law.,noun,,,C1
חושך,chvshch,It's dark and dark.,noun,,,C1
חיידק,chyydk,A bacterium is a bacterium.,noun,,,C1
חרות,chrvt,Freedom of speech.,propn,,,C1
חתיכות,chtychvt,Pieces of paper,noun,,,C1
טורניר,tvrnyr,The tournament is open to the public.,noun,,,C1
טסה,tsh,TSA,propn,,,C1
יהב,yhv,יהב,propn,,,C1
יוחאי,yvch'y,John the Baptist.,propn,,,C1
ימית,ymyt,It's the sea.,propn,,,C1
כפוף,chfvf,exposed to,adj,,,C1
לאם,l'm,Not at all.,adv,,,C1
ביטח,vytch,Insurance policy.,adv,,,C1
ליחס,lychs,to the attitude towards them.,verb,י-ח-ס,PAAL,C1
לנהר,lnhr,to the river.,propn,,,C1
לרבים,lrvym,For many people.,adv,,,C1
מאורע,m'vr',Based on a true story.,noun,,,C1
מגבלה,mgvlh,from the restrictions.,noun,,,C1
מוטיבציה,mvtyvtzyh,Motivation is what motivates you.,noun,,,C1
מחויבות,mchvyvvt,Commitment is a commitment.,noun,,,C1
מטבח,mtvch,The kitchen is the kitchen.,noun,,,C1
כירה,chyrh,The city of Cairo.,verb,כ-ר-ה,PAAL,C1
מכשול,mchshvl,an obstacle,noun,,,C1
מנתח,mntch,A surgeon is a surgeon.,noun,,,C1
מפורש,mfvrsh,Explained,adj,,,C1
ציער,tzy'r,A pipe is a pipe.,verb,צ-ע-ר,PAAL,C1
התמחה,htmchh,Specialization is a skill.,verb,מ-ח-ה,HITPAEL,C1
נאם,n'm,Nam is the name of the game.,verb,נ-א-מ,PAAL,C1
נוראי,nvr'y,It's terrible.,adj,,,C1
התראה,htr'h,Beware of this.,verb,ת-ר-ה,NIFAL,C1
סגנית,sgnyt,Deputy secretary,noun,,,C1
סופיה,svfyh,Sophia is a very special person.,propn,,,C1
סיפון,syfvn,Shipboard is the name of the ship.,noun,,,C1
סלח,slch,I'm sorry to hear that.,verb,ס-ל-ח,PAAL,C1
עוול,'vvl,The injustice.,noun,,,C1
עמיחי,'mychy,My friends.,propn,,,C1
עממי,'mmy,My people.,adj,,,C1
פורה,fvrh,Fruit is fruitful.,propn,,,C1
פין,fyn,Finnish,propn,,,C1
פלאש,fl'sh,Flash is a flash.,propn,,,C1
פנאי,fn'y,Recreational activities are provided.,noun,,,C1
פנייה,fnyyh,Turning to God.,noun,,,C1
פרוטוקול,frvtvkvl,The protocol,noun,,,C1
פתק,ftk,A note,noun,,,C1
צ'ארלי,tz'rly,"Charlie, Charlie, Charlie, Charlie, Charlie, Charlie, Charlie, Charlie, Charlie,",propn,,,C1
צ'לסי,tzlsy,Ch'elsey is the one.,propn,,,C1
צוללת,tzvllt,Submarine is a submersible.,noun,,,C1
צח,tzch,It's a bit of a mess.,propn,,,C1
צפיות,tzfyvt,Watching is a good idea.,noun,,,C1
קבץ,kvtz,File,noun,,,C1
קיימא,kyym',Sustainable,propn,,,C1
רבתי,rvty,I've been around.,propn,,,C1
רמלה,rmlh,The Ramla,propn,,,C1
שבסוף,shvsvf,"And finally, at the end of the day.",adv,,,C1
שנהרג,shnhrg,to be killed.,verb,ש-נ-ג,PUAL,C1
שקוף,shkvf,Transparent monkey,adj,,,C1
שתן,shtn,Urinating and urinating.,noun,,,C1
תבל,tvl,You're going to find out.,propn,,,C1
תובע,tvv',Prosecutor's office said:,noun,,,C1
תו,tv,Note to self:,noun,,,C1
תערוכת,t'rvcht,Exhibition,noun,,,C1
אבחנה,'vchnh,I'm going to make a diagnosis.,noun,,,C1
אודה,'vdh,Thank you very much.,intj,,,C1
אווה,'vvh,Ava,propn,,,C1
אוסטריה,'vstryh,Austria,propn,,,C1
איה,'yh,It's the same thing.,propn,,,C1
אלימלך,'lymlch,I am the king of kings.,propn,,,C1
אנדרואיד,'ndrv'yd,It is an Android device.,noun,,,C1
אנתוני,'ntvny,Anthony is a member of the,propn,,,C1
אשאר,'sh'r,I will remain.,verb,א-ש-ר,PAAL,C1
בודאי,vvd'y,"Of course, of course.",adv,,,C1
בלבול,vlvvl,Confusion is what's going on.,noun,,,C1
בשש,vshsh,In the sixth grade.,adv,,,C1
ג'ונה,gvnh,Jonah is the one.,propn,,,C1
גלם,glm,It's raw.,noun,,,C1
גרון,grvn,Throat,noun,,,C1
שדיק,shdyk,It's a great day to be alive.,propn,,,C1
דע,d',De  de is the name of the game.,verb,,PAAL,C1
הווה,hvvh,The present the present,noun,,,C1
השערה,hsh'rh,The hairstyle is different.,noun,,,C1
התפרצות,htfrtzvt,The explosion occurred.,noun,,,C1
חדד,chdd,It's very hard to tell.,propn,,,C1
חמלה,chmlh,Have mercy on me.,noun,,,C1
חסות,chsvt,sponsorships.,noun,,,C1
טונה,tvnh,Tuna is a tonne.,noun,,,C1
יוסיף,yvsyf,Added,propn,,,C1
ייאמן,yy'mn,Yemen is a country.,adj,,,C1
יען,y'n,It's not easy.,verb,י-ע-נ,PAAL,C1
כא,ch',It's a pain in the ass.,adv,,,C1
כנף,chnf,Wings are wings.,noun,,,C1
לבמה,lvmh,On stage,adv,,,C1
המליץ,hmlytz,The recommendation is,verb,מ-ל-צ,HIFIL,C1
התרגל,htrgl,Get used to it.,verb,ר-ג-ל,HITPAEL,C1
לורנס,lvrns,Lawrence,propn,,,C1
לח,lch,Wet and wet.,propn,,,C1
ליאת,ly't,It's a lot of fun.,propn,,,C1
לינה,lynh,Linnaeus was born.,noun,,,C1
עיבד,'yvd,I've been working on it.,verb,ע-ב-ד,PIEL,C1
לקול,lkvl,In a low voice.,noun,,,C1
מאמא,m'm',Mommy is my mommy.,propn,,,C1
מורגן,mvrgn,Morgan is the one.,propn,,,C1
זוהה,zvhh,Identification is the process of identification.,verb,ז-ו-ה,PUAL,C1
מיתר,mytr,Otherwise known.,noun,,,C1
מפרש,mfrsh,The author explains.,noun,,,C1
הקשה,hkshh,The difficulty.,verb,ה-ק-ה,PIEL,C1
מתפלל,mtfll,Praying for you,noun,,,C1
נואש,nv'sh,I'm desperate for it.,adj,,,C1
נפסק,nfsk,We're going to stop.,verb,נ-פ-ק,NIFAL,C1
סיוט,syvt,A nightmare is a nightmare.,noun,,,C1
סיפורה,syfvrh,The story is a story.,noun,,,C1
פטרייה,ftryyh,The fungus is a fungus.,noun,,,C1
פילוסופיה,fylvsvfyh,Philosophy is a philosophy.,noun,,,C1
פנקס,fnks,Punxsux,propn,,,C1
פרויד,frvyd,Freud is the author of,propn,,,C1
צב,tzv,The turtle is a turtle.,noun,,,C1
קש,ksh,It's hard to believe.,propn,,,C1
רוע,rv',Evil is evil.,noun,,,C1
ריגול,rygvl,Espionage is a crime.,noun,,,C1
שחל,shchl,Payment was made.,propn,,,C1
שטוב,shtvv,It's a great home.,adv,,,C1
שממש,shmmsh,Really,adv,,,C1
שקרא,shkr',I'm going to read it.,verb,ש-ק-א,PAAL,C1
תחקיר,tchkyr,Investigate and investigate.,noun,,,C1
תמצית,tmtzyt,An extract from the book.,noun,,,C1
אופייני,'vfyyny,It is typical of me.,adj,,,C1
אליוט,'lyvt,Elliott,propn,,,C1
אפליקני,'flykny,I'm an appliancer.,noun,,,C1
הפר,hfr,It's the first time I've seen it.,propn,,,C1
אקנה,'knh,I'm going to buy it.,noun,,,C1
בונד,vvnd,A bond is a bond.,propn,,,C1
בורג,vvrg,Burghsburg is the name of the town.,propn,,,C1
בלט,vlt,The ballad is a ballad.,propn,,,C1
בנך,vnch,Your son.,propn,,,C1
ג'קי,gky,J'ki,propn,,,C1
גארי,g'ry,Gary,propn,,,C1
גולף,gvlf,Golf is a game of chance.,propn,,,C1
גורן,gvrn,The Gorn,propn,,,C1
גיליון,gylyvn,The booklet is a booklet.,noun,,,C1
גינה,gynh,A garden is a garden.,noun,,,C1
גלילי,glyly,Gally.,propn,,,C1
גרוס,grvs,Gross,propn,,,C1
דייגו,dyygv,Diego is the only one.,propn,,,C1
דכתיב,dchtyv,I've written about it.,propn,,,C1
הקמה,hkmh,The setting up of the establishment.,noun,,,C1
התת,htt,It's a gift.,adj,,,C1
זי,zy,She's a woman.,propn,,,C1
זירה,zyrh,The arena,noun,,,C1
זרימה,zrymh,The flow.,noun,,,C1
חיבה,chyvh,Love and affection.,noun,,,C1
חף,chf,It's not working.,noun,,,C1
חריגה,chrygh,There are exceptions.,noun,,,C1
טרף,trf,A meal is a meal.,noun,,,C1
יערה,y'rh,The forest.,noun,,,C1
יפני,yfny,Japanese,adj,,,C1
כבעל,chv'l,"As a husband, he is a man.",noun,,,C1
העתיק,h'tyk,The old one,verb,ע-ת-ק,HIFIL,C1
עקף,'kf,It's a bit of a fuss.,verb,ע-ק-פ,PAAL,C1
מכול,mchvl,All of them.,adv,,,C1
מעלית,m'lyt,It's an elevator.,noun,,,C1
מקסימום,mksymvm,Maximum is the maximum.,adv,,,C1
מרוץ,mrvtz,A race,noun,,,C1
מרכזיות,mrchzyvt,centralizations,noun,,,C1
משלוש,mshlvsh,Three of them.,noun,,,C1
השתדל,hshtdl,Try your best,verb,ה-ש-ל,HITPAEL,C1
נאשם,n'shm,We are accused of murder.,noun,,,C1
נגיעה,ngy'h,We're getting close.,noun,,,C1
נורית,nvryt,It's a terrible thing to do.,propn,,,C1
ניצלו,nytzlv,He was saved.,verb,,,C1
נתיבה,ntyvh,The pathway,propn,,,C1
"סה""כ",shch,It's the same thing.,adv,,,C1
ספרה,sfrh,The book is a must see.,noun,,,C1
עילה,'ylh,The first word is,noun,,,C1
עלמין,'lmyn,Ellamine is a protein.,noun,,,C1
עקרוני,'krvny,Principles of the Constitution,adj,,,C1
ערעור,'r'vr,Appeal to the Court of Appeal.,noun,,,C1
עשב,'shv,The grass is grass.,noun,,,C1
פסנתר,fsntr,The piano,noun,,,C1
צאן,tz'n,Sheep Chang is the name of the game.,noun,,,C1
צביקה,tzvykh,A little bit of a whisper.,propn,,,C1
צדוק,tzdvk,You were right.,propn,,,C1
ציפי,tzyfy,I'm looking forward to it.,propn,,,C1
צלחת,tzlcht,You've made a plate.,noun,,,C1
קבלן,kvln,The receiver is the receiver.,noun,,,C1
ריד,ryd,Read,propn,,,C1
רפאי,rf'y,Repeat the process.,noun,,,C1
רצוף,rtzvf,It's a continuous process.,adj,,,C1
שבנה,shvnh,The building was constructed.,propn,,,C1
שגרתי,shgrty,My usual routine.,adj,,,C1
שכטר,shchtr,It's a great way to get started.,propn,,,C1
שמיעה,shmy'h,Hearing is the key to success.,noun,,,C1
שנב,shnv,It's not a good idea.,verb,ש-נ-ב,PUAL,C1
שדרש,shdrsh,That's what is needed.,verb,ש-ד-ש,PAAL,C1
שעדיף,sh'dyf,Which is better,adv,,,C1
שתיית,shtyyt,You were drinking.,verb,ש-ת-ת,PAAL,C1
תהלים,thlym,Psalms and Psalms.,noun,,,C1
תושביה,tvshvyh,Its inhabitants.,noun,,,C1
תזונה,tzvnh,Nutrition is what it's all about.,noun,,,C1
תחזית,tchzyt,The forecast.,noun,,,C1
אחיזה,'chyzh,Hold on tightly.,noun,,,C1
איזשהו,'yzshhv,Somewhere,pron,,,C1
איילנד,'yylnd,Island,propn,,,C1
אילון,'ylvn,I'm going to tell you about it.,propn,,,C1
אינץ,'yntz,Inches  Inches,propn,,,C1
אנדרסון,'ndrsvn,Anderson,propn,,,C1
בונוס,vvnvs,This is a bonus,noun,,,C1
בלוק,vlvk,The block is blocked.,noun,,,C1
גלית,glyt,You've found out.,propn,,,C1
גרינברג,grynvrg,Greenberg is the place to be.,propn,,,C1
דורי,dvry,Dory is a great writer.,propn,,,C1
דימוי,dymvy,A picture of him.,noun,,,C1
דמוי,dmvy,It's a bit of a metaphor.,adj,,,C1
דרבי,drvy,The Derby is a very popular event.,noun,,,C1
דרכון,drchvn,Passports and passports.,noun,,,C1
הורוביץ,hvrvvytz,Horowitz,propn,,,C1
התה,hth,The tea.,propn,,,C1
זעיר,z'yr,Small and insignificant.,adj,,,C1
חנון,chnvn,A foolish man.,noun,,,C1
טיפות,tyfvt,Drops of water.,noun,,,C1
יוטיוב,yvtyvv,YouTube is the official site of YouTube.,propn,,,C1
"כ""ץ",chtz,"As a matter of fact, it's not.",propn,,,C1
כבת,chvt,As a star.,propn,,,C1
כופר,chvfr,A ransom is a ransom.,noun,,,C1
כנות,chnvt,Honesty is the key.,noun,,,C1
כתום,chtvm,Orange,adj,,,C1
לאוויר,l'vvyr,In the air.,adv,,,C1
גיבש,gyvsh,It's a recipe.,verb,ג-ב-ש,PIEL,C1
הגביל,hgvyl,The limit is set.,verb,ג-ב-ל,HIFIL,C1
הדפיס,hdfys,The printing press,verb,ד-פ-ס,HIFIL,C1
הקיא,hky',The kiā,verb,ק-י-א,HIFIL,C1
התבונן,htvvnn,Look at yourself.,verb,ב-נ-נ,HITPAEL,C1
ליבוביץ,lyvvvytz,Livovich is the author of the book.,propn,,,C1
ליי,lyy,Lay lay.,propn,,,C1
לימור,lymvr,The limerick.,propn,,,C1
מא,m',From the bottom of the page.,propn,,,C1
האהב,h'hv,Love is the key.,verb,ה-א-ב,PIEL,C1
מאתר,m'tr,From the website,noun,,,C1
מבוסס,mvvss,Based on,adj,,,C1
מדים,mdym,Uniforms and uniforms.,noun,,,C1
מוגז,mvgz,It's a big deal to me.,noun,,,C1
מודאג,mvd'g,Worried about it.,verb,מ-ד-ג,PUAL,C1
מוזס,mvzs,Moses is the one who has the power to make things right.,propn,,,C1
מסירה,msyrh,The ship was delivered.,noun,,,C1
מעוז,m'vz,Courageous and courageous.,propn,,,C1
מקלחת,mklcht,Take a shower.,noun,,,C1
מראשית,mr'shyt,From the very beginning,adv,,,C1
מרגרט,mrgrt,"Margaret, you know.",propn,,,C1
מרתון,mrtvn,The marathon is a marathon.,noun,,,C1
שכנע,shchn',Convinced of it.,verb,ש-כ-ע,HIFIL,C1
נברא,nvr',We were created.,verb,נ-ב-א,NIFAL,C1
נגדה,ngdh,against her.,adv,,,C1
נטילה,ntylh,disposed of.,noun,,,C1
נידון,nydvn,It is discussed here.,verb,נ-ד-נ,NIFAL,C1
סופרמן,svfrmn,Superman is a superhero.,propn,,,C1
סטנלי,stnly,Stanley is the star of the show.,propn,,,C1
סטפן,stfn,Stephen is the author of the book.,propn,,,C1
סמסונג,smsvng,Samsung is a great place to start.,propn,,,C1
עייפות,'yyfvt,Tired and tired.,noun,,,C1
עיירה,'yyrh,"A town, a city.",noun,,,C1
עימו,'ymv,with him.,adv,,,C1
קדום,kdvm,The old one.,adj,,,C1
קומיקס,kvmyks,Comic books.,propn,,,C1
קטגוריה,ktgvryh,Category of category,noun,,,C1
קטיף,ktyf,A little bit of that.,propn,,,C1
רוי,rvy,Roy is the one.,propn,,,C1
רעידה,r'ydh,Earthquake and earthquake.,noun,,,C1
שגב,shgv,The fact that she was pregnant.,propn,,,C1
שממן,shmmn,It's a great place to start.,verb,ש-מ-נ,PAAL,C1
שרואה,shrv'h,I'm looking forward to seeing it.,propn,,,C1
תאר,t'r,The description is clear.,verb,ת-א-ר,PAAL,C1
חזרר,chzrr,He's going back to the drawing board.,verb,ח-ז-ר,PAAL,C1
תעלה,t'lh,Get up there.,noun,,,C1
אופרה,'vfrh,The opera is an opera.,noun,,,C1
איאן,'y'n,IAN,propn,,,C1
אכזבה,'chzvh,Disappointment.,noun,,,C1
אכזרי,'chzry,Cruel and cruel.,adj,,,C1
ארור,'rvr,"Damn it, you know.",noun,,,C1
אשור,'shvr,I'm not sure what to do.,propn,,,C1
בוטל,vvtl,Cancelled,verb,ב-ט-ל,PUAL,C1
בערבות,v'rvvt,Bail on the warranty.,adv,,,C1
בקשה,vkshh,A request is made.,noun,,,C1
גפני,gfny,It's the first time I've seen it.,propn,,,C1
דוגמן,dvgmn,"For example, the model.",noun,,,C1
דמותה,dmvth,The character is characterized by a strong sense of humor.,noun,,,C1
הורדוס,hvrdvs,Herod is the author of the story.,propn,,,C1
חלופי,chlvfy,Alternatively,adj,,,C1
חתיך,chtych,She is beautiful.,noun,,,C1
טדי,tdy,Teddy is the one.,propn,,,C1
טכניקה,tchnykh,The technique is simple.,noun,,,C1
טרום,trvm,Not yet,adv,,,C1
ילין,ylyn,Ylin,propn,,,C1
ירושה,yrvshh,inheritance.,noun,,,C1
ישה,yshh,I'm going to try to get it.,noun,,,C1
אימן,'ymn,The coach is a coach.,verb,א-מ-נ,PIEL,C1
התלונ,htlvn,The complaint was filed.,verb,ל-ו-נ,HITPAEL,C1
לולא,lvl',"Without it, I wouldn't be here.",adv,,,C1
לנדאו,lnd'v,Landow,propn,,,C1
ניסח,nysch,The formula,verb,נ-ס-ח,PIEL,C1
פיקח,fykch,Beware of it.,verb,פ-ק-ח,PIEL,C1
"מ""ג",mg,"From the ""C""",noun,,,C1
הושפע,hvshf',Influenced,verb,ה-ש-ע,PUAL,C1
מחמוד,mchmvd,It's so cute and cute.,propn,,,C1
מט,mt,The metric is the metric of the metric.,propn,,,C1
כיוון,chyvvn,direction,verb,כ-י-ו,HIFIL,C1
מנהר,mnhr,A tunnel is a tunnel.,noun,,,C1
מסוג,msvg,type of type.,noun,,,C1
סימל,syml,The symbol is,verb,ס-מ-ל,PIEL,C1
"מפא""י",mf'y,From the map.,propn,,,C1
מפקח,mfkch,The supervisor,noun,,,C1
מצעד,mtz'd,A marching band.,noun,,,C1
מקצה,mktzh,End of the line.,noun,,,C1
התמשך,htmshch,Continued on.,verb,מ-ש-כ,HITPAEL,C1
נוה,nvh,Noah was a good man.,propn,,,C1
נזיר,nzyr,A monk is a monk.,noun,,,C1
נך,nch,You're going to go.,noun,,,C1
נתנאל,ntn'l,Nathanael was born.,propn,,,C1
סול,svl,Sol,noun,,,C1
ספסל,sfsl,the platform.,noun,,,C1
ספרדי,sfrdy,Spanish Spanish,adj,,,C1
סרטו,srtv,The movie is a movie.,propn,,,C1
עבדאללה,'vd'llh,Abdullah is the father of Islam.,propn,,,C1
עכשו,'chshv,Be present at this time.,adv,,,C1
פגיעות,fgy'vt,Vulnerability is what it is.,noun,,,C1
פנטזיה,fntzyh,This is a fantasy.,noun,,,C1
פסיכולוגיה,fsychvlvgyh,Psychology is a field of study.,noun,,,C1
פרווה,frvvh,Fleece,noun,,,C1
צמר,tzmr,Fleece is the color of the hair.,noun,,,C1
קיין,kyyn,There is no such thing as a no-no.,propn,,,C1
קינן,kynn,Kinnan is a member.,propn,,,C1
קניין,knyyn,Buying property.,noun,,,C1
קפריסין,kfrysyn,Cyprus Cyprus,propn,,,C1
קריסטל,krystl,Crystal,propn,,,C1
רהיט,rhyt,Furniture is provided.,noun,,,C1
רציף,rtzyf,Continuous and continuous.,adj,,,C1
רצפה,rtzfh,Floor floor.,noun,,,C1
שאליה,sh'lyh,Questions to ask her.,adv,,,C1
שהוביל,shhvvyl,The one who led the way,verb,ש-ב-ל,HIFIL,C1
שירא,shyr',Shira is the name of the game.,verb,ש-ר-א,PAAL,C1
שלומית,shlvmyt,The whole world.,propn,,,C1
שמורה,shmvrh,The guard.,noun,,,C1
שעשוע,sh'shv',It's a lot of fun.,noun,,,C1
שקיים,shkyym,that exists.,verb,ש-ק-מ,PAAL,C1
תעשייתי,t'shyyty,Industrial and industrial.,adj,,,C1
אביר,'vyr,The knight is a knight.,noun,,,C1
אגרה,'grh,I'm going to be a little bit nervous.,noun,,,C1
אחוזה,'chvzh,Sisterhood is a sisterhood.,noun,,,C1
אלנבי,'lnvy,I'm an Albanian.,propn,,,C1
אנוכי,'nvchy,I'm selfish.,adj,,,C1
אפשטיין,'fshtyyn,Epstein is the only one.,propn,,,C1
ארצו,'rtzv,His country.,propn,,,C1
בוטה,vvth,Butha is a well-known brand.,adj,,,C1
בון,vvn,Bon is a good example.,propn,,,C1
בוס,vvs,The boss is the boss.,propn,,,C1
בנהר,vnhr,In the river.,propn,,,C1
גרג,grg,It's not like Greg.,propn,,,C1
גרנט,grnt,Grant is a gift.,propn,,,C1
הזם,hzm,The time is now.,noun,,,C1
הניו,hnyv,New Zealand is the newest country in the world.,propn,,,C1
הס,hs,הס הס,propn,,,C1
חבר'ה,chvrh,"Guys, you know what?",noun,,,C1
חולית,chvlyt,It's sandy and sandy.,noun,,,C1
חייזר,chyyzr,A foreigner is a foreigner.,noun,,,C1
חלבון,chlvvn,Protein is a protein.,noun,,,C1
טינה,tynh,Tina is a teenager.,noun,,,C1
ירמיהו,yrmyhv,Jeremiah is a prophet.,propn,,,C1
כילד,chyld,As a child,adv,,,C1
ויגיוס,vygyvs,Vygus,propn,,,C1
נאבק,n'vk,I will fight for it.,verb,נ-א-ק,HITPAEL,C1
להיט,lhyt,Hit by hit.,noun,,,C1
השמיע,hshmy',Listen to the sound.,verb,ש-מ-ע,HIFIL,C1
לוהט,lvht,Look for it.,adj,,,C1
נטש,ntsh,It's not enough.,verb,נ-ט-ש,PIEL,C1
לק,lk,to take a look at it.,propn,,,C1
מאורגן,m'vrgn,Organized by,adj,,,C1
הובטח,hvvtch,It is guaranteed.,verb,ה-ב-ח,PUAL,C1
מותג,mvtg,The brand name.,noun,,,C1
מנחת,mncht,You've got a lot to say.,noun,,,C1
מעבד,m'vd,The processor.,noun,,,C1
מעודד,m'vdd,Encouraged,verb,מ-ע-ד,PIEL,C1
מרוחק,mrvchk,Far away from home.,adj,,,C1
משובח,mshvvch,It's a very clever one.,adj,,,C1
משוחרר,mshvchrr,Released.,verb,מ-ש-ר,PUAL,C1
שיתף,shytf,Share with each other.,verb,ש-ת-פ,PIEL,C1
התבייש,htvyysh,Be ashamed of yourself.,verb,ב-י-י,HITPAEL,C1
התרגש,htrgsh,Get excited about it.,verb,ר-ג-ש,HITPAEL,C1
נבל,nvl,It's not easy.,noun,,,C1
נדפס,ndfs,It will be printed.,verb,נ-ד-ס,NIFAL,C1
ניידת,nyydt,mobility,noun,,,C1
ניקיון,nykyvn,Cleanliness,noun,,,C1
סיד,syd,Sid,propn,,,C1
עבאס,'v's,עבאס,propn,,,C1
עוג,'vg,A cake is a cake.,noun,,,C1
עונג,'vng,It's a pleasure.,noun,,,C1
פאונד,f'vnd,Pound,propn,,,C1
פסגה,fsgh,The summit of the summit.,noun,,,C1
פרא,fr',The question is: What do you think?,noun,,,C1
פרנקל,frnkl,Frankl is a great writer.,propn,,,C1
צחי,tzchy,It's fun to watch.,propn,,,C1
צלב,tzlv,A cross.,noun,,,C1
צלעת,tzl't,The rib cage.,noun,,,C1
קואליציה,kv'lytzyh,Coalition is a coalition.,noun,,,C1
קורן,kvrn,The beam of light.,propn,,,C1
קרבה,krvh,Close up,noun,,,C1
קרס,krs,Crashed,propn,,,C1
ראי,r'y,See also,adv,,,C1
ריטה,ryth,Rita is the author of the book.,propn,,,C1
שככה,shchchh,That's the way it is.,adv,,,C1
שלד,shld,The signage.,noun,,,C1
שלמד,shlmd,Who learned?,verb,ש-ל-ד,PAAL,C1
שפר,shfr,Shrewsbury.,propn,,,C1
שרית,shryt,Shri Shri,propn,,,C1
תחמושת,tchmvsht,Ammunition is provided.,noun,,,C1
תיאוריה,ty'vryh,The theory is that there is no theory.,noun,,,C1
תקוע,tkv',Trapped in a trap.,verb,ת-ק-ע,PAAL,C1
אבטלה,'vtlh,Unemployment is at an all-time high.,noun,,,C1
אדני,'dny,The owner of the property.,propn,,,C1
אדריכלות,'drychlvt,architects.,noun,,,C1
איתור,'ytvr,Detection is required.,noun,,,C1
ארנון,'rnvn,Arnon,propn,,,C1
בוז,vvz,I'm sorry about that.,noun,,,C1
בריאיון,vry'yvn,In the interview.,noun,,,C1
ג'ניפר,gnyfr,Jennifer is the only one.,propn,,,C1
ג'ר,gr,G'r,propn,,,C1
גבורה,gvvrh,Courage and courage.,noun,,,C1
גרפי,grfy,Graphics,adj,,,C1
גרר,grr,The grill is a grill.,noun,,,C1
דיאנה,dy'nh,Diana is the one.,propn,,,C1
דיכוי,dychvy,The oppression of the people.,noun,,,C1
התקפה,htkfh,The attack was a heart attack.,noun,,,C1
וולפסון,vvlfsvn,Wolfson is the only one.,propn,,,C1
חיטה,chyth,Wheat and wheat.,noun,,,C1
חנניה,chnnyh,Ananya,propn,,,C1
טרוריסט,trvryst,A terrorist is a terrorist.,noun,,,C1
יוסטון,yvstvn,Houston,propn,,,C1
ימני,ymny,The right side,adj,,,C1
יתום,ytvm,Orphans are orphans.,noun,,,C1
כומר,chvmr,A priest is a priest.,noun,,,C1
האיר,h'yr,The Iranian government.,verb,א-י-ר,HIFIL,C1
התחשב,htchshv,Be considerate of the situation.,verb,ח-ש-ב,HITPAEL,C1
התייצב,htyytzv,Standing up for yourself.,verb,י-צ-ב,HITPAEL,C1
לונג,lvng,Long Long,propn,,,C1
לטבע,ltv',to nature.,adv,,,C1
לפסח,lfsch,to passing away,adv,,,C1
מבוססות,mvvssvt,Based on,verb,מ-ב-ת,PUAL,C1
מדידה,mdydh,Measurement is a process of measurement.,noun,,,C1
מדף,mdf,The cover is a page.,noun,,,C1
מזבח,mzvch,Altar  Altar,noun,,,C1
"מחו""ל",mchvl,from abroad.,adv,,,C1
מכרז,mchrz,From a preacher.,noun,,,C1
ממס,mms,From the MLS.,propn,,,C1
הסתתר,hsttr,Hide and hide.,verb,ה-ס-ר,HITPAEL,C1
מצר,mtzr,מצר,noun,,,C1
מרובע,mrvv',square square,adj,,,C1
משעשע,msh'sh',It's funny and funny.,adj,,,C1
נגב,ngv,We're going to get a new one.,propn,,,C1
נדון,ndvn,Let's talk about it.,verb,נ-ד-נ,NIFAL,C1
נחקר,nchkr,We will be investigated.,verb,נ-ח-ר,NIFAL,C1
נסיגה,nsygh,Retreat from the military.,noun,,,C1
סוהר,svhr,A prisoner is a prisoner.,noun,,,C1
סתר,str,It's a secret.,verb,ס-ת-ר,PAAL,C1
סטון,stvn,Stone,propn,,,C1
עדנה,'dnh,Heaven is here.,propn,,,C1
עמר,'mr,,propn,,,C1
עתירה,'tyrh,The appeal is answered.,noun,,,C1
"פ""ד",fd,"""F"" is the root of the problem.",noun,,,C1
פג,fg,Peg is the name of the game.,verb,,PAAL,C1
פוסטר,fvstr,A poster is posted.,propn,,,C1
פיזור,fyzvr,The split is over.,noun,,,C1
פציעה,ftzy'h,Injury,noun,,,C1
פרנקלין,frnklyn,Franklin is the only one.,propn,,,C1
צפוף,tzfvf,It's very crowded.,adj,,,C1
קאי,k'y,Kai Kai,propn,,,C1
רוקח,rvkch,Drugs are used.,propn,,,C1
רכיבה,rchyvh,Ride the train.,noun,,,C1
רפורמה,rfvrmh,The Reformation.,noun,,,C1
שגר,shgr,It's a common practice.,verb,ש-ג-ר,PAAL,C1
שדי,shdy,That's right.,propn,,,C1
שורק,shvrk,He's a wimp.,propn,,,C1
שחייב,shchyyv,who is obliged to do so.,verb,ש-ח-ב,PAAL,C1
שכמה,shchmh,A few layers.,adv,,,C1
שלמעשה,shlm'shh,That's actually,adv,,,C1
שקול,shkvl,Consider the following:,adj,,,C1
שריון,shryvn,armor and armor.,noun,,,C1
שתא,sht',The drinking room.,verb,ש-ת-א,PAAL,C1
תיכנן,tychnn,Plan ahead and plan ahead.,verb,ת-כ-נ,PIEL,C1
צטרך,tztrch,You're going to have to cut your throat.,verb,צ-ט-כ,HIFIL,C1
תקינה,tkynh,It's all right.,noun,,,C1
תקרית,tkryt,The incident occurred.,noun,,,C1
אביבי,'vyvy,This is my first time.,propn,,,C1
אדלר,'dlr,Adler is a good example.,propn,,,C1
איכס,'ychs,I'm going to try to get it right.,noun,,,C1
אלפרד,'lfrd,Alfred is the author.,propn,,,C1
אמבטיה,'mvtyh,The bathroom.,noun,,,C1
אקראי,'kr'y,It's random and random.,adj,,,C1
בטחוני,vtchvny,My safety.,adj,,,C1
בינוני,vynvny,The intermediate,adj,,,C1
גבירול,gvyrvl,Ghibiroul is the one.,propn,,,C1
גולדמן,gvldmn,The Goldman is a legend.,propn,,,C1
גולני,gvlny,Gullani is the main character.,propn,,,C1
גלבוע,glvv',square.,propn,,,C1
דלי,dly,Dli,propn,,,C1
הורד,hvrd,The yellow rose.,verb,ה-ר-ד,PAAL,C1
וסט,vst,and West.,propn,,,C1
זבולון,zvvlvn,Zbolon is a good example of this.,propn,,,C1
זהבי,zhvy,My gold.,propn,,,C1
זהיר,zhyr,Be careful,adj,,,C1
זזה,zzh,It's going to happen.,verb,ז-ז-ה,PAAL,C1
זנב,znv,A tail is a tail.,noun,,,C1
חגיגי,chgygy,Celebrate my birthday.,adj,,,C1
חדירה,chdyrh,The penetration of the room.,noun,,,C1
חוצות,chvtzvt,Out of the way,noun,,,C1
טיפוסי,tyfvsy,Typical  typical,adj,,,C1
יידיש,yydysh,Yiddish,propn,,,C1
כג,chg,"As a matter of fact, it's about the size of a box.",propn,,,C1
כרוב,chrvv,It's a lot of work.,noun,,,C1
לאפס,l'fs,to zero.,adv,,,C1
האזין,h'zyn,The ear,verb,ה-א-נ,HITPAEL,C1
נרד,nrd,Get out of the way.,verb,נ-ר-ד,HIFIL,C1
לע,l',To the end of the day.,propn,,,C1
הוערך,hv'rch,It's worth it.,verb,ה-ע-כ,PUAL,C1
מופלא,mvfl',It's wonderful,adj,,,C1
מישור,myshvr,A level playing field.,noun,,,C1
ממציא,mmtzy',from the inventor.,noun,,,C1
מעמיק,m'myk,From the depths,adj,,,C1
מפרק,mfrk,From the ankle to the knee.,noun,,,C1
מתקפה,mtkfh,The attack was carried out.,noun,,,C1
מתת,mtt,You are dead.,propn,,,C1
נוקשה,nvkshh,It's tough.,adj,,,C1
נחשון,nchshvn,A snake is a snake.,propn,,,C1
ניקולס,nykvls,Nichols,propn,,,C1
נישא,nysh',Married to a woman.,verb,נ-ש-א,NIFAL,C1
נלהב,nlhv,Let's be enthusiastic about it.,adj,,,C1
נצר,ntzr,It's not easy.,propn,,,C1
נתגלה,ntglh,We're going to be discovered.,verb,נ-ת-ה,NIFAL,C1
סוער,sv'r,It's a bit of a shock.,adj,,,C1
סירה,syrh,A boat,noun,,,C1
"ע""ע",'',"""It's not easy.",noun,,,C1
עיסוק,'ysvk,A business is a business.,noun,,,C1
עמרם,'mrm,It's all over now.,propn,,,C1
פונקציה,fvnktzyh,function,noun,,,C1
פלון,flvn,The flun,noun,,,C1
פסיכולוגי,fsychvlvgy,psychologists,adj,,,C1
קיסריה,kysryh,Caesar's throne,propn,,,C1
קציר,ktzyr,The harvest is a long one.,propn,,,C1
קשיש,kshysh,Old enough to know better.,noun,,,C1
רבן,rvn,It's a lot of fun.,propn,,,C1
רינה,rynh,Rina,propn,,,C1
רעייה,r'yyh,The river.,noun,,,C1
שבוי,shvvy,Captivity is the result of captivity.,noun,,,C1
שביט,shvyt,A bit of a shock.,propn,,,C1
שבירה,shvyrh,Breaking the crap.,noun,,,C1
שולמית,shvlmyt,The scholarship is open to students.,propn,,,C1
שועל,shv'l,The fox.,noun,,,C1
שטן,shtn,Satan is the devil.,noun,,,C1
שיפוט,shyfvt,Judgment is the right thing to do.,noun,,,C1
שכמו,shchmv,It's like a .,adv,,,C1
שכמוך,shchmvch,That's what you're saying.,adv,,,C1
שמיע,shmy',Listening to the audience,verb,ש-מ-ע,PAAL,C1
שנוי,shnvy,Snow is snowing.,noun,,,C1
ששווה,shshvvh,which is equal to,adj,,,C1
תחייה,tchyyh,The resurrection.,noun,,,C1
תפקוד,tfkvd,Functioning and functioning.,noun,,,C1
אגן,'gn,A bowl is a bowl.,noun,,,C1
אולפן,'vlfn,The studio.,noun,,,C1
איימי,'yymy,Amy,propn,,,C1
בילה,vylh,He spent the night.,verb,ב-ל-ה,PIEL,C1
ביקוש,vykvsh,The demand is high.,noun,,,C1
בלק,vlk,Black is black.,propn,,,C1
בם,vm,They're in the middle of it.,adv,,,C1
בנס,vns,"In other words, it's not.",propn,,,C1
בפח,vfch,In a nutshell.,adv,,,C1
גזענות,gz'nvt,Racism is a problem.,noun,,,C1
דהן,dhn,They're not going to get it.,propn,,,C1
דייב,dyyv,Dave is the one.,propn,,,C1
דילן,dyln,Dylan,propn,,,C1
הוק,hvk,Hooked on the hook.,propn,,,C1
התגברות,htgvrvt,Overcoming the challenges of the past.,noun,,,C1
ויתור,vytvr,The waiver is forbidden.,noun,,,C1
ז'אנר,z'nr,This is a genre.,noun,,,C1
זיוף,zyvf,It's a fake.,noun,,,C1
חימום,chymvm,Warming up.,noun,,,C1
חרוד,chrvd,Carved in stone.,propn,,,C1
יפל,yfl,It's going to fall.,verb,י-פ-ל,PAAL,C1
כור,chvr,It's a great feeling to be here.,noun,,,C1
לאבי,l'vy,To my father.,propn,,,C1
האכיל,h'chyl,The nutritional side effects.,verb,א-כ-ל,HIFIL,C1
לויד,lvyd,Lloyd,propn,,,C1
ליטל,lytl,Little is Little.,propn,,,C1
ייחס,yychs,The comparison is very similar.,verb,י-ח-ס,PIEL,C1
לכנות,lchnvt,As a matter of fact.,verb,כ-נ-ת,PIEL,C1
למוח,lmvch,to the brain.,adv,,,C1
למין,lmyn,The sexes.,adv,,,C1
מבשר,mvshr,Meat from the meat.,noun,,,C1
הוסכם,hvschm,The agreement was reached.,verb,ה-ס-מ,PUAL,C1
הופעל,hvf'l,Hopel is a man.,verb,ה-פ-ל,PUAL,C1
הזהים,hzhym,These are the same ones.,verb,ז-ה-י,HIFIL,C1
מזומן,mzvmn,Cash Cash,noun,,,C1
מיאמי,my'my,Miami is a great place to visit.,propn,,,C1
מלמטה,mlmth,From the bottom up,adv,,,C1
מנוי,mnvy,Subscription is required.,noun,,,C1
מעון,m'vn,From the shelter.,noun,,,C1
מצבה,mtzvh,The situation.,noun,,,C1
הצריך,htzrych,It is necessary.,verb,ה-צ-כ,PIEL,C1
מרגשת,mrgsht,You're excited.,adj,,,C1
ניווט,nyvvt,Navigation is the process of navigation.,noun,,,C1
נמרוד,nmrvd,We're going to be devastated.,propn,,,C1
נעם,n'm,The people.,propn,,,C1
סטיוארט,styv'rt,Stewart,propn,,,C1
סיכם,sychm,Summary,verb,ס-כ-מ,PIEL,C1
פיין,fyyn,Fine,propn,,,C1
פלאפון,fl'fvn,The phone is a smartphone.,noun,,,C1
פראג,fr'g,Prague is the place to be.,propn,,,C1
פרדי,frdy,Freddie is a great man.,propn,,,C1
פרות,frvt,Cows are cows.,noun,,,C1
צמרת,tzmrt,The top of the tower.,noun,,,C1
קובה,kvvh,Cuba,propn,,,C1
קונספט,kvnsft,Concept of the concept.,noun,,,C1
רונית,rvnyt,It's a rough one.,propn,,,C1
שוחט,shvcht,It's a bit of a shock.,propn,,,C1
שטה,shth,It's the first time I've seen it.,noun,,,C1
שביא,shvy',I'm going to bring you something.,verb,ש-ב-א,HIFIL,C1
שיווי,shyvvy,Equalization is the same.,noun,,,C1
שילך,shylch,I'm going to pay for it.,verb,ש-ל-כ,PIEL,C1
שראוי,shr'vy,It's worth it.,adj,,,C1
תאמיני,t'myny,Believe it or not.,propn,,,C1
אברמוביץ,'vrmvvytz,Abramovich was born.,propn,,,C1
אורלינס,'vrlyns,Orléans,propn,,,C1
אזעקה,'z'kh,She was alerted.,noun,,,C1
אלומיניום,'lvmynyvm,Aluminum is used in the production of aluminum.,noun,,,C1
ארלוזורוב,'rlvzvrvv,Arluzurov is the only one.,propn,,,C1
אתכן,'tchn,It's up to you.,adv,,,C1
בוץ,vvtz,The mud is muddy.,noun,,,C1
בוריס,vvrys,Boris Boris,propn,,,C1
בזול,vzvl,It's very cheap.,adv,,,C1
בנם,vnm,Son of theirs.,propn,,,C1
בעט,v't,Bed Bed,verb,ב-ע-ט,PAAL,C1
ג'וזף,gvzf,Joseph is the father of Joseph.,propn,,,C1
גברי,gvry,Male and female.,adj,,,C1
גופם,gvfm,Their bodies.,noun,,,C1
גזית,gzyt,The Gazette.,propn,,,C1
גירושין,gyrvshyn,The divorce was finalized.,noun,,,C1
גלובס,glvvs,Globes,propn,,,C1
דביר,dvyr,I've been waiting for you.,propn,,,C1
דיר,dyr,Dir,propn,,,C1
הבל,hvl,I'm going to tell you the truth.,noun,,,C1
הושלם,hvshlm,It's finished,verb,ו-ש-מ,HUFAL,C1
הותיר,hvtyr,Leave it alone.,verb,ו-ת-ר,HIFIL,C1
הלבוש,hlvvsh,Clothes and clothing.,noun,,,C1
התעלמות,ht'lmvt,The ignorance of it.,noun,,,C1
וודקה,vvdkh,A vodka is a vodka.,noun,,,C1
זנות,znvt,Prostitution is illegal.,noun,,,C1
חיתוך,chytvch,Cutting through.,noun,,,C1
חליפה,chlyfh,Suit,noun,,,C1
חפירה,chfyrh,excavation,noun,,,C1
חרטה,chrth,Regret is a shame.,noun,,,C1
ידיך,ydych,Your hands.,noun,,,C1
יוונית,yvvnyt,Greek,propn,,,C1
כבודה,chvvdh,A tribute to her.,noun,,,C1
כואב,chv'v,It hurts.,adj,,,C1
כובש,chvvsh,The conqueror.,noun,,,C1
כליה,chlyh,The kidneys.,noun,,,C1
הדביק,hdvyk,The sticker is the sticker.,verb,ד-ב-ק,HIFIL,C1
החמיר,hchmyr,It's getting worse.,verb,ח-מ-ר,HIFIL,C1
העניש,h'nysh,The punishment is the punishment.,verb,ע-נ-ש,HIFIL,C1
התגייס,htgyys,Enlist in the army.,verb,ג-י-י,HITPAEL,C1
לכתב,lchtv,To write.,adv,,,C1
עיין,'yyn,Where are you going?,verb,ע-י-י,PIEL,C1
מדליה,mdlyh,medal of honor.,noun,,,C1
הוזכר,hvzchr,It is mentioned,verb,ו-ז-ר,HUFAL,C1
מוט,mvt,The motto is,noun,,,C1
מוסא,mvs',Moses is the author of this book.,propn,,,C1
מחדל,mchdl,I'm going to try and make it work.,noun,,,C1
מחזה,mchzh,A play,noun,,,C1
מיתוס,mytvs,Myth,noun,,,C1
מסירות,msyrvt,Dedications are made.,noun,,,C1
מעצר,m'tzr,Arrested,noun,,,C1
מערכה,m'rchh,The estimate is,noun,,,C1
מעשיות,m'shyvt,Stories and stories.,noun,,,C1
מקים,mkym,I'm going to make a decision.,noun,,,C1
מריו,mryv,Mario,propn,,,C1
משדה,mshdh,From the field,propn,,,C1
מתבקש,mtvksh,Requested,verb,מ-ת-ש,HITPAEL,C1
תקשר,tkshr,Connect with each other.,verb,ת-ק-ר,HITPAEL,C1
נאומו,n'vmv,They're not going to be able to talk.,propn,,,C1
נחיתה,nchyth,The landing.,noun,,,C1
נכדו,nchdv,his grandson.,noun,,,C1
נעימות,n'ymvt,Pleasant and pleasant.,noun,,,C1
נשרף,nshrf,Burned to the ground.,verb,נ-ש-פ,NIFAL,C1
סברה,svrh,The answer is simple.,noun,,,C1
סדנה,sdnh,There is a shop.,noun,,,C1
סודה,svdh,Soda,propn,,,C1
סויה,svyh,Soybeans are made from soybeans.,noun,,,C1
סטאר,st'r,The star is a star.,propn,,,C1
סלון,slvn,The living room,noun,,,C1
סמדר,smdr,Smudder is the name of the game.,propn,,,C1
עמרי,'mry,Emri Emri,propn,,,C1
עשירי,'shyry,The tenth one.,adj,,,C1
פנס,fns,The light is shining.,noun,,,C1
פשט,fsht,It's very simple.,verb,פ-ש-ט,PAAL,C1
צבר,tzvr,A friend of mine.,verb,צ-ב-ר,PAAL,C1
צמיג,tzmyg,Tire and tire.,noun,,,C1
צפיפות,tzfyfvt,densities,noun,,,C1
קלמן,klmn,Klemmann,propn,,,C1
רייצ'ל,ryytzl,Rachel is the one.,propn,,,C1
ריקי,ryky,Ricky is the one.,propn,,,C1
שביעות,shvy'vt,Satisfaction is what it is.,noun,,,C1
שביעי,shvy'y,The seventh.,propn,,,C1
שלפחות,shlfchvt,At least,adv,,,C1
שעלול,sh'lvl,that it may be possible,adj,,,C1
תדיר,tdyr,Frequently.,adv,,,C1
תהילה,thylh,Glory to the Lord.,noun,,,C1
תצוגה,ttzvgh,The exhibition.,noun,,,C1
אהובי,'hvvy,The beloved,propn,,,C1
אירוח,'yrvch,We are the host.,noun,,,C1
איריס,'yrys,Iris is the name of the game.,propn,,,C1
אישתי,'yshty,My wife.,propn,,,C1
אלינור,'lynvr,Eleanor,propn,,,C1
אנימציה,'nymtzyh,The animation is animated.,noun,,,C1
"אש""ף",'shf,I'm going to tell you something.,propn,,,C1
בוי,vvy,"Boy, boy, boy, boy, boy, boy, boy, boy, boy,",propn,,,C1
ברקת,vrkt,You were blessed.,propn,,,C1
גבעתיים,gv'tyym,The hillside.,propn,,,C1
גלעדי,gl'dy,My ribs are red.,propn,,,C1
גניבה,gnyvh,Theft is theft.,noun,,,C1
דיג,dyg,Dig Dig Dig,noun,,,C1
דקר,dkr,It's a good idea to have a drink.,propn,,,C1
השביל,hshvyl,The pathway,noun,,,C1
השכבה,hshchvh,The layering.,noun,,,C1
זוז,zvz,Go ahead and move.,propn,,,C1
זמיר,zmyr,It's a bit more complicated than that.,propn,,,C1
זריז,zryz,Hurry up and move.,adj,,,C1
ח'אן,ch'n,Khan'an,noun,,,C1
חיקוי,chykvy,Impersonation is a way of life.,noun,,,C1
חכמות,chchmvt,Wisdom is the key to success.,noun,,,C1
טיפולי,tyfvly,Therapeutic,adj,,,C1
טרנר,trnr,Turner is the only one.,propn,,,C1
יוגה,yvgh,Yoga is a form of yoga.,noun,,,C1
ישמעאל,yshm''l,I'm going to ask you a question.,propn,,,C1
לבם,lvm,In their hearts.,propn,,,C1
הדיח,hdych,It's the back of the neck.,verb,ד-י-ח,HIFIL,C1
העלים,h'lym,Leaves,verb,ע-ל-מ,HIFIL,C1
התיישב,htyyshv,Sit down and sit down.,verb,י-ש-ב,HITPAEL,C1
התקין,htkyn,It's all right.,verb,ת-ק-נ,HIFIL,C1
ליא,ly',Lian is a man of many talents.,propn,,,C1
לית,lyt,It's not easy.,noun,,,C1
ספג,sfg,Speg is speg.,verb,ס-פ-ג,PAAL,C1
לקיחה,lkychh,Take it easy,noun,,,C1
איחל,'ychl,I wish I hadn't.,verb,א-ח-ל,PIEL,C1
מאכל,m'chl,From the table to the table.,noun,,,C1
מרס,mrs,Mars and Mars.,propn,,,C1
הבלה,hvlh,He spent the rest of the day.,verb,ה-ב-ה,PAAL,C1
מדוייק,mdvyyk,Accurate and accurate.,adj,,,C1
מדלית,mdlyt,You've won a medal.,noun,,,C1
מושלמי,mvshlmy,perfectly perfect.,adj,,,C1
מזוין,mzvyn,Fucking fucking with you.,adj,,,C1
מטייל,mtyyl,Travel is a journey.,noun,,,C1
מילון,mylvn,The dictionary is a dictionary.,noun,,,C1
ממקום,mmkvm,From place to place,noun,,,C1
מסתורי,mstvry,Mystery is mysterious.,adj,,,C1
הרחם,hrchm,The womb is full of compassion.,verb,ה-ר-מ,PAAL,C1
התחלק,htchlk,Divide up the division.,verb,ח-ל-ק,HITPAEL,C1
נבחן,nvchn,We will be tested,verb,נ-ב-נ,NIFAL,C1
נגיף,ngyf,The virus.,noun,,,C1
נוגה,nvgh,It's not the same thing as a no-fly zone.,propn,,,C1
נשם,nshm,The soul is the soul.,verb,נ-ש-מ,PAAL,C1
ננסי,nnsy,Nancy is the one.,propn,,,C1
נספח,nsfch,We're going to be a lot of fun.,noun,,,C1
נקנה,nknh,We're going to buy it.,verb,נ-ק-ה,NIFAL,C1
סטייל,styyl,Style and style.,noun,,,C1
סינה,synh,China,noun,,,C1
עול,'vl,Loaded,noun,,,C1
עינייה,'ynyyh,Her eyes were opened.,noun,,,C1
עמלק,'mlk,Emlak is the name of the game.,propn,,,C1
ערכת,'rcht,A set,noun,,,C1
פולי,fvly,Polly Polly,propn,,,C1
פומבי,fvmvy,publicly,adj,,,C1
פיסה,fysh,Piece by piece,noun,,,C1
פיצול,fytzvl,The division of the world.,noun,,,C1
פלפל,flfl,Peppermint is the name of the pepper.,noun,,,C1
פסטה,fsth,Festa is the first.,noun,,,C1
פעמית,f'myt,Once upon a time,adv,,,C1
צבוע,tzvv',He is a hypocrite.,adj,,,C1
קדישא,kdysh',Kadhisha is dedicated.,propn,,,C1
קיש,kysh,Kish,propn,,,C1
קעקוע,k'kv',A tattoo is a tattoo.,noun,,,C1
קצף,ktzf,It's a shortcut.,noun,,,C1
שבחר,shvchr,who chose to live.,propn,,,C1
שיודע,shyvd',Who knows,verb,ש-ד-ע,PAAL,C1
שיווקי,shyvvky,Shipwreck is the name of the game.,adj,,,C1
שיעל,shy'l,I'm going to tell you something.,verb,ש-ע-ל,PAAL,C1
שקבל,shkvl,that receives,verb,ש-ק-ל,PIEL,C1
שעשוי,sh'shvy,What can be done?,adv,,,C1
שפעת,shf't,The flu.,noun,,,C1
שקמה,shkmh,It is a very high level.,propn,,,C1
תפוז,tfvz,Orange is the name of the game.,noun,,,C1
תרזה,trzh,You're going to get it.,propn,,,C1
אבחון,'vchvn,Diagnosis is made.,noun,,,C1
אגו,'gv,I'm going to tell you.,noun,,,C1
אוכלוסיה,'vchlvsyh,Population is the population.,noun,,,C1
אונליין,'vnlyyn,It's also available online.,noun,,,C1
אורית,'vryt,The light is shining.,propn,,,C1
איבוד,'yvvd,Lost and found.,noun,,,C1
אלטרנטיבה,'ltrntyvh,There is an alternative.,noun,,,C1
אמם,'mm,"Mommy, you know what?",propn,,,C1
אמנותי,'mnvty,artistic works.,adj,,,C1
אנושיות,'nvshyvt,Humanity is humanity.,noun,,,C1
בתוכי,vtvchy,"Inside of me, I feel like I'm going to die.",adv,,,C1
ג'פרי,gfry,J'Frey,propn,,,C1
גמישות,gmyshvt,Flexibility and flexibility.,noun,,,C1
גנטי,gnty,Genetically modified.,adj,,,C1
גרוסמן,grvsmn,Grossman is the only one.,propn,,,C1
דבור,dvvr,A bear is a bear.,noun,,,C1
הוידאו,hvyd'v,This is a video.,propn,,,C1
הוכרז,hvchrz,It has been declared.,verb,ו-כ-ז,HUFAL,C1
הול,hvl,Hall  Hall,propn,,,C1
הולי,hvly,Holly is the Holy One.,propn,,,C1
הורביץ,hvrvytz,Orbitz is the name of the game.,propn,,,C1
הרגה,hrgh,The murder was committed.,verb,ה-ר-ה,PAAL,C1
הוריג,hvryg,The origins of the word are unclear.,verb,ה-ר-ג,PAAL,C1
וואן,vv'n,One of them is the One.,propn,,,C1
ורד,vrd,Pink Red,propn,,,C1
וידוע,vydv',And it's well-known.,adj,,,C1
זהבה,zhvh,This is gold.,propn,,,C1
זוגו,zvgv,A couple of them.,noun,,,C1
טורה,tvrh,The Torah is written.,noun,,,C1
טמן,tmn,The time is now.,verb,ט-מ-נ,PAAL,C1
גימר,gymr,He is a guitarist.,verb,ג-מ-ר,PAAL,C1
יודה,yvdh,Thank you very much.,propn,,,C1
ישעיה,ysh'yh,Isaiah is a prophet.,propn,,,C1
כפפה,chffh,A glove is a glove.,noun,,,C1
כריסטיאן,chrysty'n,Christian is the only one.,propn,,,C1
לאילת,l'ylt,For the elderly.,adv,,,C1
לבך,lvch,In your heart.,propn,,,C1
התגורר,htgvrr,Resident of the city.,verb,ג-ר-ר,HITPAEL,C1
התפשט,htfsht,It's spread out.,verb,פ-ש-ט,HITPAEL,C1
ניחל,nychl,The river flows through it.,verb,נ-ח-ל,PAAL,C1
לר,lr,to the floor.,propn,,,C1
בלבל,vlvl,"Confusingly, it's a mess.",verb,ב-ל-ל,HIFIL,C1
מולד,mvld,Birthdays are here.,noun,,,C1
מוס,mvs,Moss  Moss,propn,,,C1
מושבה,mvshvh,the seat of the government.,noun,,,C1
מלווה,mlvvh,Accompanied,verb,מ-ל-ה,PIEL,C1
מניאק,mny'k,You foolish asshole.,propn,,,C1
מצדה,mtzdh,From her side.,propn,,,C1
ציטט,tzytt,I'm going to quote you.,verb,צ-ט-ט,PIEL,C1
משגיח,mshgych,A watcher,noun,,,C1
שיגע,shyg',It's crazy to be here.,verb,ש-ג-ע,HIFIL,C1
שימח,shymch,May he be happy.,adj,,,C1
מתנגד,mtngd,Opposed to.,noun,,,C1
נגה,ngh,We're not going to stop.,propn,,,C1
סורי,svry,Sury,adj,,,C1
"ע""מ",'m,I'm going to tell you something.,noun,,,C1
עצבני,'tzvny,Angry and angry.,adj,,,C1
פוטבול,fvtvvl,Soccer is the name of the game.,noun,,,C1
פלד,fld,Steel,propn,,,C1
פריחה,frychh,It's the morning of the morning.,noun,,,C1
פריים,fryym,The prime numbers.,noun,,,C1
צעקה,tz'kh,Screaming and screaming.,noun,,,C1
קאסם,k'sm,Kasem is the best of both worlds.,propn,,,C1
קוביות,kvvyvt,The cubes.,noun,,,C1
קיבוצי,kyvvtzy,Kibutsui is the name of the game.,adj,,,C1
קרוז,krvz,Cruise is a cruise.,propn,,,C1
קשוח,kshvch,It's tough.,adj,,,C1
רוזנברג,rvznvrg,Rosenberg is the place to be.,propn,,,C1
רחם,rchm,Mercy is the key.,propn,,,C1
שגרה,shgrh,That's where I live.,noun,,,C1
שובל,shvvl,It's a little bit of a mess.,propn,,,C1
שחיים,shchyym,Life is good.,noun,,,C1
שחרית,shchryt,A friendship is made.,noun,,,C1
שטראוס,shtr'vs,Strauss is the star of the show.,propn,,,C1
שכיר,shchyr,Rented,noun,,,C1
שקיפות,shkyfvt,Transparency,noun,,,C1
שקע,shk',The root of the problem.,noun,,,C1
שראש,shr'sh,The head of the head.,noun,,,C1
שרפה,shrfh,Burning fire.,noun,,,C1
תדמית,tdmyt,The image is representative.,noun,,,C1
תהייה,thyyh,Be yourself.,verb,ת-ה-י,PAAL,C1
אחז,'chz,I'm going back to the drawing board.,verb,א-ח-ז,PAAL,C1
אחרייך,'chryych,Following you.,adv,,,C1
אחרית,'chryt,Responsibility for the job.,noun,,,C1
איטלקית,'ytlkyt,Italian Italian,propn,,,C1
אירון,'yrvn,Iron,noun,,,C1
אלחנן,'lchnn,I beg of you.,propn,,,C1
אלמד,'lmd,I'm going to learn.,verb,א-ל-ד,PAAL,C1
אשלי,'shly,Ashley is the one.,propn,,,C1
באחרונה,v'chrvnh,Lately,adv,,,C1
בוטן,vvtn,The peanut butter.,noun,,,C1
בושם,vvshm,The perfume is made of wood.,noun,,,C1
ביין,vyyn,In wine,propn,,,C1
בננה,vnnh,Bananas are made of banana.,propn,,,C1
ג'אז,g'z,G'az,noun,,,C1
גורלו,gvrlv,His destiny.,noun,,,C1
גרוש,grvsh,The divorce was finalized.,noun,,,C1
הדמעה,hdm'h,Silence of the Lambs.,noun,,,C1
הפגנה,hfgnh,The demonstration was held.,noun,,,C1
השתלה,hshtlh,The transplantation is done.,noun,,,C1
זריקה,zrykh,Injection is the key.,noun,,,C1
חומרה,chvmrh,The harshness of it.,noun,,,C1
חכמת,chchmt,You are wise,noun,,,C1
חשאי,chsh'y,The secret is hidden.,adj,,,C1
תורכי,tvrchy,Turkish,adj,,,C1
טכנולוגי,tchnvlvgy,technological and technological.,adj,,,C1
יזהר,yzhr,Be careful.,propn,,,C1
יפהפ,yfhf,It's beautiful and beautiful.,adj,,,C1
כפל,chfl,A double-headed man.,noun,,,C1
כריתה,chryth,I'm going to read it.,noun,,,C1
לאמור,l'mvr,Let's not say,adv,,,C1
הביס,hvys,The bass is the bass.,verb,ב-י-ס,HIFIL,C1
התאפק,ht'fk,It's a great way to get started.,verb,א-פ-ק,HITPAEL,C1
לכמות,lchmvt,to the amount.,verb,כ-מ-ת,PAAL,C1
לכד,lchd,Trapped in a trap.,verb,,PAAL,C1
מארח,m'rch,The host.,verb,מ-א-ח,PIEL,C1
מואב,mv'v,Moab is a good place to start.,propn,,,C1
מעל,m'l,Above and beyond.,propn,,,C1
מפורט,mfvrt,Detailed and detailed.,verb,מ-פ-ט,PUAL,C1
מפלצת,mfltzt,A monster is a monster.,noun,,,C1
מצופה,mtzvfh,It's been a long time coming.,noun,,,C1
מקורב,mkvrv,Close to home.,adj,,,C1
משגב,mshgv,It's a great place to hang out.,propn,,,C1
מתוחכם,mtvchchm,sophisticated,adj,,,C1
התחתן,htchtn,Get married.,verb,ח-ת-נ,HITPAEL,C1
נאצי,n'tzy,The Nazis.,noun,,,C1
נוסחה,nvschh,The formula is,noun,,,C1
נורמן,nvrmn,Norman,propn,,,C1
נינה,nynh,Nina,propn,,,C1
נסבל,nsvl,We will endure it.,adj,,,C1
נתקע,ntk',We're stuck in the middle of nowhere.,verb,נ-ת-ע,NIFAL,C1
סילבר,sylvr,Silver,propn,,,C1
סינגפור,syngfvr,Singapore is the only country in the world.,propn,,,C1
ספקה,sfkh,Supplier,noun,,,C1
סקרנות,skrnvt,Curiosity is what it's all about.,noun,,,C1
עדר,'dr,The herd is a herd.,noun,,,C1
עטר,'tr,It's all about care.,propn,,,C1
עירית,'yryt,There are twelve cities.,propn,,,C1
עליזה,'lyzh,It's an exciting time.,propn,,,C1
עפולה,'fvlh,The epidemic is known as Ebola.,propn,,,C1
פחדן,fchdn,Cowardly cowards.,noun,,,C1
פליקס,flyks,Felix is the founder of Felix.,propn,,,C1
פקח,fkch,The supervisor is responsible.,noun,,,C1
פרקליט,frklyt,The lawyer,noun,,,C1
קהילתי,khylty,My community.,adj,,,C1
קוצה,kvtzh,A crossroads.,noun,,,C1
קלטת,kltt,A tape recorder.,noun,,,C1
קנט,knt,Kent,propn,,,C1
קרקעי,krk'y,I've been on the ground,noun,,,C1
רו,rv,It's a bit of a shock to me.,propn,,,C1
ריבה,ryvh,There is a rift.,noun,,,C1
שאחרים,sh'chrym,that others,adv,,,C1
שחשב,shchshv,that counts.,verb,ש-ח-ב,PAAL,C1
שיכון,shychvn,A home for the sixth time.,noun,,,C1
שלילה,shlylh,It's a nightmare.,noun,,,C1
שמתאי,shmt'y,who died deservingly.,adj,,,C1
שעיר,sh'yr,The city of hair,noun,,,C1
שפחה,shfchh,It's a bit of a shame.,noun,,,C1
אכלל,'chll,A general rule.,verb,א-כ-ל,PAAL,C1
תמוז,tmvz,It's a little bit of a mess.,propn,,,C1
איזי,'yzy,Isis is an island.,propn,,,C2
אקלים,'klym,Climate is changing.,noun,,,C2
ארסנל,'rsnl,The Arsenal.,propn,,,C2
"ב""ה",vh,B'H,adv,,,C2
דוקטורט,dvktvrt,Doctorate,noun,,,C2
דייוויד,dyyvvyd,David is the only one.,propn,,,C2
הסתה,hsth,The excitement.,noun,,,C2
השבעה,hshv'h,The seven,noun,,,C2
התנגשות,htngshvt,Conflict between the two countries.,noun,,,C2
וא,v',and and .,propn,,,C2
וי,vy,And then there's the whole thing.,noun,,,C2
וינה,vynh,Vienna,propn,,,C2
זאבי,z'vy,A wolf is a wolf.,propn,,,C2
חומוס,chvmvs,It's the same with Homer.,noun,,,C2
חתנו,chtnv,We got married.,propn,,,C2
טומאה,tvm'h,Thomas is the author of the book.,noun,,,C2
טיפוח,tyfvch,Cultivating it.,noun,,,C2
החיה,hchyh,The beast is the beast.,verb,ה-ח-ה,PAAL,C2
יצחקי,ytzchky,You're going to laugh.,propn,,,C2
ירוחם,yrvchm,He is merciful.,propn,,,C2
כושל,chvshl,Failure to do so,adj,,,C2
כחוק,chchvk,As a law,adv,,,C2
כתוביות,chtvvyvt,Letters to the Editor,noun,,,C2
לבנת,lvnt,A white girl.,propn,,,C2
התאהב,ht'hv,Fall in love with each other.,verb,א-ה-ב,HITPAEL,C2
מאוחד,m'vchd,Unique and unique.,adj,,,C2
מוטיב,mvtyv,The motivation for doing so.,noun,,,C2
מורן,mvrn,Moran,propn,,,C2
מטען,mt'n,Charge is charged.,noun,,,C2
מינוס,mynvs,Minus is negative.,noun,,,C2
מנהטן,mnhtn,It's in the middle of Manhattan.,propn,,,C2
מסילה,msylh,The trail is straight.,noun,,,C2
מערה,m'rh,Cave is a cave.,noun,,,C2
מפותח,mfvtch,Developed by the developer.,verb,מ-פ-ח,PUAL,C2
מפקדה,mfkdh,From the command.,noun,,,C2
מקוה,mkvh,from the Makkah.,noun,,,C2
נבלה,nvlh,We're going to be spending time together.,noun,,,C2
ניקוד,nykvd,Nicod,noun,,,C2
נלסון,nlsvn,Nelson is the one.,propn,,,C2
נרדם,nrdm,I fell asleep at night.,verb,נ-ר-מ,NIFAL,C2
סדיר,sdyr,It's a common practice.,adj,,,C2
ספרית,sfryt,The answer is simple.,noun,,,C2
עישון,'yshvn,Smoking is illegal.,noun,,,C2
פגום,fgvm,Damage to the walls.,adj,,,C2
הניך,hnych,How do you do it?,verb,ה-נ-כ,PAAL,C2
קולינס,kvlyns,Collins is the only one.,propn,,,C2
קומדיה,kvmdyh,It's a comedy.,noun,,,C2
קטלוג,ktlvg,The catalogue is complete.,noun,,,C2
רוזנטל,rvzntl,Rosenthal is the name of the game.,propn,,,C2
ריפוי,ryfvy,Healing is the healing.,noun,,,C2
רכות,rchvt,The softness of it.,noun,,,C2
שחקים,shchkym,The sky is clear.,noun,,,C2
שטוח,shtvch,It's flat.,adj,,,C2
שירד,shyrd,Shake it off,verb,ש-ר-ד,PAAL,C2
שעונים,sh'vnym,Watches and watches.,noun,,,C2
שפוי,shfvy,Senses are common sense.,adj,,,C2
שקיה,shkyh,I'm going to take a look at the bag.,noun,,,C2
ששר,shshr,That's right.,propn,,,C2
תובנה,tvvnh,insight into what is going on.,noun,,,C2
תיכוני,tychvny,"I mean, I mean, I mean.",adj,,,C2
תרנגול,trngvl,The chicken.,noun,,,C2
אבקת,'vkt,Powdered powder.,noun,,,C2
אגוז,'gvz,Walnuts and walnuts.,noun,,,C2
אדרי,'dry,"My lord, my lord.",propn,,,C2
אדריכל,'drychl,He is an architect.,noun,,,C2
אובייקטיבי,'vvyyktyvy,Objectively,adj,,,C2
איבה,'yvh,It's a good idea.,noun,,,C2
איזבל,'yzvl,Isabel is the one.,propn,,,C2
אפקטיבי,'fktyvy,Effective,adj,,,C2
ארט,'rt,Art  Art,propn,,,C2
אריסטו,'rystv,Aristotle is the author of this book.,propn,,,C2
ביה,vyh,In the house.,propn,,,C2
בפ,vf,On the page.,propn,,,C2
גבע,gv',A hill is a hill.,propn,,,C2
געגוע,g'gv',The back of the neck.,noun,,,C2
געש,g'sh,It's hot.,noun,,,C2
דיזנגוף,dyzngvf,The dissolving process is called dissolving.,propn,,,C2
דרייק,dryyk,Drake is the one.,propn,,,C2
הועלה,hv'lh,It's the most important thing.,verb,ו-ע-ה,HUFAL,C2
הל,hl,I'm going to tell you something.,propn,,,C2
זיון,zyvn,Fucking,noun,,,C2
חזי,chzy,I'm looking forward to it.,propn,,,C2
חפשי,chfshy,Look for it.,adj,,,C2
טלויזיה,tlvyzyh,TV TV,noun,,,C2
ידידיה,ydydyh,her friends.,propn,,,C2
יוד,yvd,Iod,propn,,,C2
שייג,shyyg,Sheikh Khan is a well-known figure.,verb,ש-י-י,HIFIL,C2
כותנה,chvtnh,Cotton is a good thing.,noun,,,C2
כריסטינה,chrystynh,Christina is the only one.,propn,,,C2
הסדיר,hsdyr,The usual,verb,ס-ד-ר,HIFIL,C2
מגי,mgy,From the bottom of the page.,propn,,,C2
"מו""ם",mvm,I'm going to try to make it work.,noun,,,C2
מזיק,mzyk,Damage to the environment.,noun,,,C2
מינו,mynv,His name is .,propn,,,C2
מיקרו,mykrv,The microwave is a microwave.,noun,,,C2
ממשק,mmshk,The interface.,noun,,,C2
מרפסת,mrfst,On the balcony.,noun,,,C2
מתווה,mtvvh,The medium is,noun,,,C2
נחוש,nchvsh,Determined to do so.,adj,,,C2
נחלק,nchlk,We're going to split up.,verb,נ-ח-ק,NIFAL,C2
נציב,ntzyv,The Commissioner is responsible.,noun,,,C2
נשפך,nshfch,We will pour it out.,verb,נ-ש-כ,NIFAL,C2
נתמן,ntmn,We're going to get a lot of money.,verb,נ-ת-נ,NIFAL,C2
סאונד,s'vnd,Sound,noun,,,C2
סביבי,svyvy,All around me.,adv,,,C2
סוני,svny,SUNY,propn,,,C2
סימפסון,symfsvn,Simpsons is the only one.,propn,,,C2
ספנסר,sfnsr,Spenser is a spinner.,propn,,,C2
עבריין,'vryyn,A convicted felon.,noun,,,C2
עונשו,'vnshv,Punishment was imposed on them.,noun,,,C2
עתידי,'tydy,My future.,adj,,,C2
פורט,fvrt,Port Port,propn,,,C2
פטנט,ftnt,Patented,noun,,,C2
פירס,fyrs,Pierce is a pioneer.,propn,,,C2
פיתרון,fytrvn,The solution,noun,,,C2
פלוגה,flvgh,The company.,noun,,,C2
פרצופים,frtzvfym,Face to face.,noun,,,C2
צ'יפס,tzyfs,Chips are made.,propn,,,C2
צייד,tzyyd,The hunter is a hunter.,noun,,,C2
צלילה,tzlylh,The sound of sound.,noun,,,C2
קולין,kvlyn,Colin is the one.,propn,,,C2
קומץ,kvmtz,A handful of them.,noun,,,C2
קופסה,kvfsh,The box,noun,,,C2
קרבי,krvy,The battle is over.,adj,,,C2
רייס,ryys,Rice is the one.,propn,,,C2
שדבר,shdvr,That's what I'm talking about.,propn,,,C2
שכירות,shchyrvt,Rentals are available.,noun,,,C2
שמוליק,shmvlyk,Shamolik,propn,,,C2
שערה,sh'rh,The hair.,noun,,,C2
"תא""ל",t'l,This is the first time.,noun,,,C2
תאוצה,t'vtzh,Accelerate the speed.,noun,,,C2
תוחלת,tvchlt,It's time to move on.,noun,,,C2
תות,tvt,Fruits are the fruit of life.,propn,,,C2
תלמי,tlmy,This is the name of a student.,propn,,,C2
תמי,tmy,Tammy is a woman.,propn,,,C2
תנור,tnvr,A furnace is a furnace.,noun,,,C2
תפוס,tfvs,Captured.,verb,ת-פ-ס,PAAL,C2
תשרי,tshry,Sing the song.,propn,,,C2
אורגני,'vrgny,Organic and organic.,adj,,,C2
אזרחיה,'zrchyh,Citizenship is a requirement.,noun,,,C2
אנטוניו,'ntvnyv,Antonio,propn,,,C2
בילד,vyld,In the picture.,propn,,,C2
בלבוש,vlvvsh,Dressed up,noun,,,C2
ג'ני,gny,I'm not sure.,propn,,,C2
גולש,gvlsh,Surfing is the most important part of surfing.,noun,,,C2
גיר,gyr,A fence is a fence.,noun,,,C2
גלגול,glgvl,Wheel,noun,,,C2
גרייס,gryys,Grace is the only one.,propn,,,C2
דוכן,dvchn,Shop shop,noun,,,C2
הוקרה,hvkrh,It's a great honor.,noun,,,C2
הכת,hcht,The cult.,propn,,,C2
הלנה,hlnh,Helena is the only one.,propn,,,C2
התחשבות,htchshvvt,Considerations are given.,noun,,,C2
זוגה,zvgh,A couple of couples.,noun,,,C2
חזקה,chzkh,Strong and powerful.,noun,,,C2
חפש,chfsh,Look for it.,verb,ח-פ-ש,PAAL,C2
חרושת,chrvsht,Deaf and hard of hearing.,noun,,,C2
טירה,tyrh,Castle,noun,,,C2
ידני,ydny,Handmade,adv,,,C2
כלפיה,chlfyh,to her.,adv,,,C2
כרית,chryt,A pillow is a pillow.,noun,,,C2
לאבן,l'vn,To the stone,propn,,,C2
לדף,ldf,to the page.,noun,,,C2
המיר,hmyr,The rate of immigration.,verb,מ-י-ר,HIFIL,C2
הריץ,hrytz,Run and run.,verb,ר-י-צ,HIFIL,C2
השליך,hshlych,The disposal is done.,verb,ש-ל-כ,HIFIL,C2
התגונן,htgvnn,Protect yourself.,verb,ג-נ-נ,HITPAEL,C2
ללקוח,llkvch,To the customer,adv,,,C2
לקוי,lkvy,It's bad for you.,noun,,,C2
לתח,ltch,To the answer.,verb,,PAAL,C2
מאדים,m'dym,Mars is Mars.,propn,,,C2
מבולבל,mvvlvl,Confused,adj,,,C2
מהים,mhym,From the sea,adv,,,C2
מוטה,mvth,It's a lot of fun.,propn,,,C2
הוצדק,hvtzdk,Justice was served.,verb,ה-צ-ק,PUAL,C2
מושא,mvsh',Topics covered include:,noun,,,C2
מושחת,mvshcht,A spoiled bride.,adj,,,C2
הושך,hvshch,The darkness was overshadowed.,verb,ה-ש-כ,PAAL,C2
מזויף,mzvyf,False False,adj,,,C2
מזמור,mzmvr,A song of praise.,noun,,,C2
מחילה,mchylh,I'm sorry to hear that.,noun,,,C2
מיר,myr,We're going to get it.,propn,,,C2
מנוס,mnvs,It's not a good idea.,propn,,,C2
מסורתי,msvrty,Traditionally,adj,,,C2
מקרי,mkry,I'm going to read it.,noun,,,C2
מרתה,mrth,"Martha, the mother of Jesus.",propn,,,C2
ניסוח,nysvch,The formula,noun,,,C2
נמדד,nmdd,We've been measured.,verb,נ-מ-ד,NIFAL,C2
סמוי,smvy,It's called Sammy.,adj,,,C2
ספה,sfh,Sofa,noun,,,C2
ספריה,sfryh,The library is the library.,noun,,,C2
עימה,'ymh,with her.,adv,,,C2
ענבל,'nvl,The envelope is made of stainless steel.,propn,,,C2
עצירה,'tzyrh,Stop the car.,noun,,,C2
פט,ft,I'm going to tell you a secret.,propn,,,C2
פלורידה,flvrydh,Florida Florida,propn,,,C2
קדושה,kdvshh,Holiness is holiness.,noun,,,C2
קוף,kvf,Monkey monkey,noun,,,C2
קוצר,kvtzr,Short,noun,,,C2
קייטי,kyyty,Katie is the one.,propn,,,C2
קלייר,klyyr,Clare,propn,,,C2
קלרה,klrh,Clara is the only one.,propn,,,C2
רוזה,rvzh,Rose is the one.,propn,,,C2
רשומה,rshvmh,Registered,noun,,,C2
שוטה,shvth,Foolish woman.,noun,,,C2
שולחנות,shvlchnvt,Tables and tables.,noun,,,C2
שיחזור,shychzvr,Let him come back,noun,,,C2
שעיקר,sh'ykr,The most important.,adv,,,C2
ששוב,shshvv,Which is back again,adv,,,C2
שתעזור,sht'zvr,to help you.,verb,ש-ת-ר,PAAL,C2
תבור,tvvr,It's a crack in the hole.,propn,,,C2
הזדיין,hzdyyn,Fuck you,verb,ה-ז-נ,PAAL,C2
אאוט,''vt,Out of the box.,propn,,,C2
"אב""ד",'vd,I'm going to tell you a secret.,propn,,,C2
אבד,'vd,I've been lost.,verb,א-ב-ד,PAAL,C2
אולימפי,'vlymfy,Olympic games.,adj,,,C2
אורבך,'vrvch,You're in the middle of it.,propn,,,C2
איכר,'ychr,A farmer is a farmer.,noun,,,C2
אירו,'yrv,The European Union is a member of the European Union.,noun,,,C2
אלהי,'lhy,God's name is God.,noun,,,C2
אמנה,'mnh,The treaty is a treaty.,noun,,,C2
אפלטון,'fltvn,Apleton is the only one.,propn,,,C2
אפליקצי,'flyktzy,Apps and apps,noun,,,C2
ארגז,'rgz,A box of boxes.,noun,,,C2
ארצנו,'rtznv,Our country is in a state of disrepair.,propn,,,C2
בגן,vgn,In the garden.,noun,,,C2
בעמדות,v'mdvt,In the positions of,noun,,,C2
ברט,vrt,"Bert, who is also a member of the Board of Directors.",propn,,,C2
דיזל,dyzl,Diesel is used.,propn,,,C2
דרק,drk,Derek is a good man.,propn,,,C2
הוגו,hvgv,Hugo is a member of the Huguenots.,propn,,,C2
הוו,hvv,Whoa whoa whoa whoa whoa whoa whoa whoa whoa,propn,,,C2
היכרות,hychrvt,Meetings with each other.,noun,,,C2
הסב,hsv,The explanation.,noun,,,C2
השקפה,hshkfh,The overview,noun,,,C2
התפטרות,htftrvt,Resignations are made.,noun,,,C2
חה,chh,I'm going to tell you something.,propn,,,C2
חורש,chvrsh,It's a very difficult task.,noun,,,C2
טבק,tvk,The tobacco industry is in a state of disarray.,propn,,,C2
טיפל,tyfl,Carefully,verb,ט-פ-ל,PIEL,C2
טרה,trh,Tרה is the name of the game.,propn,,,C2
יבשת,yvsht,The continent.,noun,,,C2
ידייה,ydyyh,Hands on the shoulder.,noun,,,C2
יוקרתי,yvkrty,Luxurious and beautiful.,adj,,,C2
יחי,ychy,It's a living thing.,propn,,,C2
יס,ys,This is the basis of the story.,propn,,,C2
כיבוד,chyvvd,As an honor.,noun,,,C2
לאש,l'sh,to the fire.,adv,,,C2
לבא,lv',to the heart.,propn,,,C2
להחיות,lhchyvt,Resurrected to life.,verb,ח-י-ו,HIFIL,C2
הכריח,hchrych,The compulsion to do so.,verb,כ-ר-ח,HIFIL,C2
הקדים,hkdym,The previous ones.,verb,ק-ד-מ,HIFIL,C2
כרת,chrt,The carving of the carving.,verb,כ-ר-ת,PAAL,C2
לפריז,lfryz,to Paris.,propn,,,C2
שחה,shchh,Swimming is a must.,verb,ש-ח-ה,PAAL,C2
מאש,m'sh,It's not easy.,noun,,,C2
מבודד,mvvdd,Isolated from the outside world.,adj,,,C2
מבור,mvvr,Blessed is he.,noun,,,C2
מהומה,mhvmh,The upheavals.,noun,,,C2
מוגבר,mvgvr,Enhanced,adj,,,C2
הוצב,hvtzv,It was installed.,noun,,,C2
מחדר,mchdr,From room to room.,noun,,,C2
מיכאלי,mych'ly,Micaeli is the king.,propn,,,C2
מיניים,mynyym,Sexual violence is a crime.,adj,,,C2
מירוץ,myrvtz,Race to the finish line.,noun,,,C2
ממול,mmvl,From the front.,adv,,,C2
מנורה,mnvrh,The lighthouse is a lighthouse.,noun,,,C2
מנין,mnyn,Where are you going?,noun,,,C2
עודכן,'vdchn,There is more to it than that.,verb,ע-ד-נ,PUAL,C2
מפואר,mfv'r,Luxurious and luxurious.,adj,,,C2
מקלדת,mkldt,From the keyboard,noun,,,C2
משוער,mshv'r,The predictor.,verb,מ-ש-ר,PUAL,C2
נמר,nmr,The tiger.,propn,,,C2
סיב,syv,Sib,noun,,,C2
סידר,sydr,Ceder,verb,ס-ד-ר,PIEL,C2
סיווג,syvvg,Classification is required.,noun,,,C2
סיסי,sysy,Cissy,propn,,,C2
סנטימטר,sntymtr,centimeters and centimeters.,noun,,,C2
סעודה,s'vdh,Dinner is served.,noun,,,C2
עזבי,'zvy,Leave me alone.,verb,ע-ז-י,PAAL,C2
עימם,'ymm,with them.,adv,,,C2
עליונות,'lyvnvt,Priorities are high.,noun,,,C2
ערש,'rsh,It's not easy.,noun,,,C2
פונה,fvnh,It turns out that it is.,verb,פ-נ-ה,PUAL,C2
פילוסוף,fylvsvf,philosopher,noun,,,C2
פיק,fyk,Pick up the pieces.,propn,,,C2
פרוש,frvsh,Prose  Prose,noun,,,C2
פתאומי,ft'vmy,All of a sudden,adj,,,C2
צורף,tzvrf,It's a bit of a shock.,verb,צ-ר-פ,PUAL,C2
ציווה,tzyvvh,Ordered,verb,צ-י-ו,PIEL,C2
צמא,tzm',I'm thirsty and thirsty.,noun,,,C2
צניעות,tzny'vt,Humility is the key.,noun,,,C2
קולג,kvlg,College and college.,propn,,,C2
קיט,kyt,Kit is a good fit.,propn,,,C2
קרום,krvm,I'm not sure what to do with it.,noun,,,C2
רותי,rvty,Ruthi is a well-known figure.,propn,,,C2
ריבונות,ryvvnvt,sovereignty and sovereignty.,noun,,,C2
רנטגן,rntgn,X-rays are available.,noun,,,C2
רפואת,rfv't,The medical profession.,noun,,,C2
שגדל,shgdl,That grew up.,verb,ש-ג-ל,PAAL,C2
שיטתי,shytty,My method is simple.,adj,,,C2
שכותב,shchvtv,He writes.,propn,,,C2
שנדע,shnd',We know what we know.,verb,ש-נ-ע,HIFIL,C2
תומפסון,tvmfsvn,Thompson's name is Thomason.,propn,,,C2
תורן,tvrn,The turning point is the turning point.,propn,,,C2
תזמורת,tzmvrt,The orchestra.,noun,,,C2
תמרי,tmry,Keep going.,noun,,,C2
"תנ""ך",tnch,The bible.,noun,,,C2
תנובה,tnvvh,Give it a go.,propn,,,C2
תסמין,tsmyn,It's called the Symphony of Symphony.,noun,,,C2
תפארה,tf'rh,I'm going to take a look.,propn,,,C2
תרתי,trty,I'm going to give it a try.,adj,,,C2
אדלשטיין,'dlshtyyn,Adelstein is the author.,propn,,,C2
אהל,'hl,"Oh, and oh, and oh, and oh, and oh, and oh, and",propn,,,C2
אוון,'vvn,Oon,propn,,,C2
אוריה,'vryh,Uriah is a legendary figure.,propn,,,C2
אירלנד,'yrlnd,Ireland,propn,,,C2
אישתו,'yshtv,his wife.,propn,,,C2
אליאב,'ly'v,Eliab,propn,,,C2
"ב""ש",vsh,"""B"" is the root of the problem.",propn,,,C2
בחירה,vchyrh,Choice is a choice.,noun,,,C2
בלם,vlm,The Blem,noun,,,C2
גורי,gvry,My goal is to be successful.,propn,,,C2
גיסא,gys',Access is available.,adv,,,C2
גלן,gln,Glen is a good one.,propn,,,C2
גנאי,gn'y,I'm a little jealous of you.,noun,,,C2
גרי,gry,Grey is the name of the game.,propn,,,C2
"ד""ה",dh,"D""h",propn,,,C2
דברה,dvrh,Speak to me.,propn,,,C2
דימום,dymvm,The bleeding is normal.,noun,,,C2
הודי,hvdy,Indian Hindi,adj,,,C2
הופמן,hvfmn,Hoffman,propn,,,C2
הותקף,hvtkf,The attacker was attacked.,verb,ו-ת-פ,HUFAL,C2
הלה,hlh,La the the the the the the the the,propn,,,C2
העמדה,h'mdh,The stand,noun,,,C2
"ז""א",z',I'm going to tell you a secret.,propn,,,C2
זואי,zv'y,Zoey is the one.,propn,,,C2
חידה,chydh,A riddle is a riddle.,noun,,,C2
חרבות,chrvvt,The sword is the sword.,noun,,,C2
טיב,tyv,Tibet is a country.,noun,,,C2
יותם,yvtm,It's all about them.,propn,,,C2
זכ,zch,Remember that.,verb,,PAAL,C2
כדבר,chdvr,As a matter of fact.,adv,,,C2
כמורה,chmvrh,As a teacher,noun,,,C2
כנסייה,chnsyyh,Church of the Church.,propn,,,C2
הקליט,hklyt,The recorder the recorder,verb,ק-ל-ט,HIFIL,C2
התקלח,htklch,We took a shower.,verb,ק-ל-ח,HITPAEL,C2
לוגו,lvgv,The logo is the logo.,noun,,,C2
חיבל,chyvl,It was a joke.,verb,ח-ב-ל,PIEL,C2
לינק,lynk,Link to the link.,noun,,,C2
מחלל,mchll,It's a disease.,verb,מ-ח-ל,PAAL,C2
מאיים,m'yym,They are not threatened.,verb,מ-א-מ,PAAL,C2
מאתמול,m'tmvl,From yesterday.,adv,,,C2
מזעזע,mz'z',It was shocking.,adj,,,C2
מחומר,mchvmr,material material,noun,,,C2
מחיה,mchyh,from the animal's life.,noun,,,C2
מנור,mnvr,The light is shining.,propn,,,C2
נותק,nvtk,Cutting off.,verb,נ-ת-ק,PUAL,C2
מסטיק,mstyk,Gluck and rubber.,propn,,,C2
מסילות,msylvt,Tracks,noun,,,C2
מפולין,mfvlyn,From Poland,propn,,,C2
מרושע,mrvsh',Evil and evil.,adj,,,C2
משאלה,msh'lh,A wish,noun,,,C2
שולב,shvlv,Schools and Colleges.,verb,ש-ל-ב,PUAL,C2
מתאם,mt'm,It's a bit of a correlation.,noun,,,C2
מתון,mtvn,Moderate,adj,,,C2
מתיישב,mtyyshv,They sit down and sit down.,noun,,,C2
נאוה,n'vh,Naoh,propn,,,C2
סאם,s'm,Sam,propn,,,C2
סב,sv,It's all right.,propn,,,C2
סואץ,sv'tz,Suits,propn,,,C2
סיירוס,syyrvs,Cyrus,propn,,,C2
סצנה,stznh,The scene.,noun,,,C2
"ע""ה",'h,"""It's a good thing you're here.",propn,,,C2
עוזיאל,'vzy'l,Uzzial is the first.,propn,,,C2
ענבר,'nvr,The enzyme is enzyme.,propn,,,C2
ערום,'rvm,Naked,noun,,,C2
פוסק,fvsk,Stop it now.,noun,,,C2
פורטל,fvrtl,The portal,noun,,,C2
פייג,fyyg,Paige is a member of the PGA.,propn,,,C2
פינטו,fyntv,Fintoo is the name of the game.,propn,,,C2
פספס,fsfs,Missed out on it.,verb,פ-ס-ס,PIEL,C2
קולומביה,kvlvmvyh,Colombia is a country.,propn,,,C2
קולם,kvlm,His voice is heard.,propn,,,C2
קופי,kvfy,The monkey.,propn,,,C2
קיד,kyd,Kid,propn,,,C2
קלוריה,klvryh,Calorie is the same as calorie.,noun,,,C2
קימת,kymt,You've been there.,verb,ק-מ-ת,PAAL,C2
קנאביס,kn'vys,Cannabis is illegal.,propn,,,C2
קראי,kr'y,Read it all.,propn,,,C2
רופין,rvfyn,A professional is required.,propn,,,C2
רשלנות,rshlnvt,Neglect is neglect.,noun,,,C2
שאחר,sh'chr,The next one.,adv,,,C2
שאחת,sh'cht,I asked one of them.,noun,,,C2
שביום,shvyvm,During the day,adv,,,C2
שגיל,shgyl,That's the age.,verb,ש-ג-ל,PIEL,C2
שזכ,shzch,That's right.,verb,ש-ז-כ,PAAL,C2
שחלה,shchlh,He was ill.,noun,,,C2
שיק,shyk,Shake it off.,propn,,,C2
שמעי,shm'y,Listen to me now.,propn,,,C2
שנהג,shnhg,Get used to it.,propn,,,C2
תאילנד,t'ylnd,Thailand,propn,,,C2
תולעת,tvl't,The worm is a worm.,noun,,,C2
תזכר,tzchr,Remember that.,verb,ת-ז-ר,PAAL,C2
תמותה,tmvth,Death is the result of death.,noun,,,C2
תענית,t'nyt,Answer the question.,noun,,,C2
אבנרי,'vnry,I'm going to have to go to the bathroom.,propn,,,C2
אדריאן,'dry'n,Adrian,propn,,,C2
אוריאל,'vry'l,The Oriel,propn,,,C2
אלקטרוניקה,'lktrvnykh,The electronics.,noun,,,C2
אמזון,'mzvn,The Amazon is the Amazon.,propn,,,C2
אנדרה,'ndrh,Andre,propn,,,C2
אתני,'tny,It's you.,adj,,,C2
"בי""ס",vys,"B""s",propn,,,C2
ברון,vrvn,Baron,propn,,,C2
בריטני,vrytny,Brittany is the UK.,propn,,,C2
ג'ואן,gv'n,Juan is the first.,propn,,,C2
דורית,dvryt,It's all over the place.,propn,,,C2
דלית,dlyt,You've been there.,propn,,,C2
הייטק,hyytk,It is a high-tech technology.,noun,,,C2
היילי,hyyly,Hayley,propn,,,C2
היימן,hyymn,Hayman,propn,,,C2
התקנה,htknh,Installation is required.,noun,,,C2
וידוי,vydvy,Confession and confession.,noun,,,C2
ור,vr,Rose and rose.,propn,,,C2
חביבי,chvyvy,"Dude, you know what?",propn,,,C2
חואן,chv'n,Juan,propn,,,C2
חותמת,chvtmt,Signed,noun,,,C2
טאו,t'v,Tao is the name of Tao.,propn,,,C2
טוהר,tvhr,It's clean.,noun,,,C2
טלי,tly,Tli,propn,,,C2
טרגדיה,trgdyh,It is a tragedy.,noun,,,C2
יוונ,yvvn,It's the end of the world.,noun,,,C2
הניע,hny',The move was made.,verb,נ-י-ע,HIFIL,C2
התייעץ,htyy'tz,The consultation process is ongoing.,verb,י-ע-צ,HITPAEL,C2
חיקה,chykh,He was very much in awe of her.,verb,ח-ק-ה,PIEL,C2
חקלא,chkl',Farming is a farming activity.,verb,ח-ק-א,HITPAEL,C2
מצץ,mtztz,מצץ,verb,מ-צ-צ,PAAL,C2
לפח,lfch,to the mouth.,adv,,,C2
מבוקר,mvvkr,Good morning to you.,adj,,,C2
מבטו,mvtv,Look at him.,propn,,,C2
מגזר,mgzr,Sector,noun,,,C2
מגש,mgsh,It's not just a matter of time.,noun,,,C2
"מד""א",md',"""A"" is a measure of",noun,,,C2
הועיל,hv'yl,It's very useful.,adj,,,C2
מושבו,mvshvv,His seat is at the table.,propn,,,C2
מחיצה,mchytzh,The emphasis is on the latter.,noun,,,C2
מכר,mchr,The seller is a seller.,verb,מ-כ-ר,PAAL,C2
עוות,'vvt,It's a twist.,verb,ע-ו-ו,PIEL,C2
מפרי,mfry,From the fridge,propn,,,C2
מקו,mkv,It's not easy.,propn,,,C2
הקיף,hkyf,The weather is hot.,verb,ק-י-פ,HIFIL,C2
מרתק,mrtk,Fascinating and fascinating.,verb,מ-ר-ק,PUAL,C2
התעקש,ht'ksh,He insisted.,verb,ע-ק-ש,HITPAEL,C2
נאסף,n'sf,I'm going to collect.,verb,נ-א-פ,NIFAL,C2
נדיב,ndyv,We are generous.,adj,,,C2
נשלט,nshlt,It was conquered.,verb,נ-ש-ט,NIFAL,C2
נשען,nsh'n,We leaned in.,verb,נ-ש-נ,NIFAL,C2
סאלי,s'ly,Sally,propn,,,C2
סובלנות,svvlnvt,Tolerance is the key.,noun,,,C2
סודיות,svdyvt,Secrets are secret.,noun,,,C2
סולומון,svlvmvn,Solomon,propn,,,C2
סייבר,syyvr,Cyber,propn,,,C2
סלק,slk,SLC,propn,,,C2
עטה,'th,It's not easy.,verb,ע-ט-ה,PAAL,C2
עלבון,'lvvn,It's an insult,noun,,,C2
עקבי,'kvy,Be consistent with the rules.,adj,,,C2
פסי,fsy,FSI,propn,,,C2
פסיכיאטרי,fsychy'try,A psychiatrist,adj,,,C2
פרוע,frv',Fear of the beast.,adj,,,C2
פרל,frl,Perl is the name of the game.,propn,,,C2
פרפר,frfr,Butterfly,noun,,,C2
פרשי,frshy,It's worth the price.,noun,,,C2
פשוטו,fshvtv,"Simply put, it's the same.",propn,,,C2
קביעות,kvy'vt,constancy and constancy.,noun,,,C2
קבל,kvl,Get it Get it,verb,ק-ב-ל,PIEL,C2
קיבה,kyvh,The stomach.,noun,,,C2
קינוח,kynvch,The dessert is sweet.,noun,,,C2
קריטריון,krytryvn,Criteria for this are:,noun,,,C2
"ר""מ",rm,I'm going to tell you a secret.,noun,,,C2
רגלו,rglv,His feet.,verb,ר-ג-ו,PAAL,C2
רובע,rvv',A quarter of the time.,noun,,,C2
רווק,rvvk,Single is the name of the game.,noun,,,C2
ריימונד,ryymvnd,Raymond is the only one.,propn,,,C2
רכיב,rchyv,Component,noun,,,C2
שהות,shhvt,Keeping up with the Joneses.,noun,,,C2
שוני,shvny,Sunny is the one.,noun,,,C2
שושלת,shvshlt,The dynasty,noun,,,C2
שטיפה,shtyfh,The bathroom is very nice.,noun,,,C2
שנפל,shnfl,We're going to fall.,verb,ש-נ-ל,PAAL,C2
שעמדה,sh'mdh,The position of the position.,propn,,,C2
שפתח,shftch,The key is to open.,verb,ש-פ-ח,PAAL,C2
שתרא,shtr',Drink the water.,verb,ש-ת-א,PAAL,C2
תהום,thvm,I've been thinking about it.,noun,,,C2
תזכורת,tzchvrt,A reminder,noun,,,C2
אוהב,'vhv,I love you and love you.,noun,,,C2
אוטונומיה,'vtvnvmyh,The autonomy of the state.,noun,,,C2
אולם,'vlm,Hall of fame.,noun,,,C2
אינסופי,'ynsvfy,There is no end to it.,adj,,,C2
איפשהו,'yfshhv,Somewhere.,adv,,,C2
אלמנה,'lmnh,A widow is a widow.,noun,,,C2
אנונימי,'nvnymy,Anonymous,adj,,,C2
אציל,'tzyl,noble and noble.,noun,,,C2
ארך,'rch,Long  Long,verb,א-ר-כ,PAAL,C2
בולשיט,vvlshyt,This is bullshit.,noun,,,C2
בלוד,vlvd,Blood Blood,propn,,,C2
בנחת,vncht,It's in the ground floor.,adv,,,C2
ברד,vrd,Red  Bird,propn,,,C2
ג'וש,gvsh,G'osh,propn,,,C2
גירסה,gyrsh,A version of it.,noun,,,C2
גמילה,gmylh,Retirement is a process of recovery.,noun,,,C2
דגי,dgy,fish.,propn,,,C2
דימונה,dymvnh,The picture is a picture.,propn,,,C2
דניאלה,dny'lh,Daniella is the one.,propn,,,C2
הובלה,hvvlh,The transportation is done.,noun,,,C2
הונג,hvng,Hong Kong is the place to be.,propn,,,C2
הנך,hnch,You're the one.,pron,,,C2
טביעה,tvy'h,The printing press.,noun,,,C2
טורס,tvrs,The torus,propn,,,C2
טלפוני,tlfvny,My phone number.,adj,,,C2
ינון,ynvn,It's a new one.,propn,,,C2
יצרן,ytzrn,The manufacturer.,noun,,,C2
יתרו,ytrv,It's not enough.,propn,,,C2
כדמות,chdmvt,As a character,noun,,,C2
כט,cht,I'm not sure if it's true.,propn,,,C2
כנופיה,chnvfyh,The gang.,noun,,,C2
כספו,chsfv,His money,propn,,,C2
כריה,chryh,Kariya,noun,,,C2
כריש,chrysh,A shark,noun,,,C2
לאלף,l'lf,To the thousand.,propn,,,C2
בלע,vl',It's not easy.,verb,ב-ל-ע,PAAL,C2
להקנות,lhknvt,To buy to give.,verb,ק-נ-ת,HIFIL,C2
הקפיד,hkfyd,Be careful,verb,ק-פ-ד,HIFIL,C2
התאמץ,ht'mtz,Make an effort.,verb,א-מ-צ,HITPAEL,C2
לורה,lvrh,Laura is the one.,propn,,,C2
חמק,chmk,Stay away from it.,verb,ח-מ-ק,PAAL,C2
ליג,lyg,League of Legends.,propn,,,C2
האתגר,h'tgr,The challenge is the challenge.,verb,ה-א-ר,PIEL,C2
מבוכה,mvvchh,"Shame on you, shame on you.",noun,,,C2
מגונה,mgvnh,It's very unusual.,adj,,,C2
הדאיג,hd'yg,The concern was the concern.,adj,,,C2
מולה,mvlh,Open your eyes.,adv,,,C2
מוריה,mvryh,Moriah is the one.,propn,,,C2
מזור,mzvr,A lot of people are going through it.,propn,,,C2
מחמאה,mchm'h,Commendation is needed.,noun,,,C2
מילי,myly,Millions of miles.,propn,,,C2
מיסטר,mystr,Mr.,propn,,,C2
מלידה,mlydh,From birth,noun,,,C2
ממלכה,mmlchh,From a kingdom.,noun,,,C2
סווג,svvg,Swag is the name of the game.,verb,ס-ו-ו,PUAL,C2
הסכנה,hschnh,The danger is the danger.,verb,ס-כ-ה,HIFIL,C2
מצוינות,mtzvynvt,It's excellent.,noun,,,C2
מרבי,mrvy,It's a lot of fun.,propn,,,C2
מרווח,mrvvch,The gap is wide.,adj,,,C2
מרחיק,mrchyk,It's very remote.,verb,מ-ר-ק,HIFIL,C2
מרקס,mrks,Marx,propn,,,C2
משרת,mshrt,A servant is a servant.,verb,מ-ש-ת,PAAL,C2
התנשא,htnsh',Get married.,verb,נ-ש-א,HITPAEL,C2
נודה,nvdh,I'm going to take a look around.,verb,נ-ד-ה,NIFAL,C2
נוזלי,nvzly,It is a liquid.,adj,,,C2
ניידי,nyydy,It's a portable device.,adj,,,C2
נכות,nchvt,Disability is a problem.,noun,,,C2
נעול,n'vl,Locked and unlocked.,adj,,,C2
נקרע,nkr',We're going to be torn apart.,verb,נ-ק-ע,NIFAL,C2
נתח,ntch,It's time to give up.,noun,,,C2
סטטיסטי,sttysty,Statistically speaking.,adj,,,C2
סלומון,slvmvn,Solomon's Law,propn,,,C2
סעודיה,s'vdyh,Saudi Arabia is a country.,propn,,,C2
ספרא,sfr',The spra,propn,,,C2
עטרה,'trh,It's a very different story.,propn,,,C2
פרוסט,frvst,Frosty is the author of the book.,propn,,,C2
פרטנר,frtnr,The partner is a partner.,propn,,,C2
פרנקו,frnkv,Franco's is a classic.,propn,,,C2
פרעות,fr'vt,Pleasures and pleasures.,noun,,,C2
צבאו,tzv'v,The army is an army.,propn,,,C2
קדמי,kdmy,The oldest one.,propn,,,C2
קורי,kvry,Corey is the one.,propn,,,C2
קזינו,kzynv,The casino is a casino.,noun,,,C2
קלע,kl',I'm going to get it.,verb,ק-ל-ע,PAAL,C2
קרוי,krvy,It's cold.,adj,,,C2
קרוס,krvs,The cross.,propn,,,C2
ראם,r'm,Ram,propn,,,C2
רשף,rshf,It's a bit of a shock.,propn,,,C2
שבה,shvh,He returned to his hometown.,noun,,,C2
שוקן,shvkn,It's empty.,propn,,,C2
שישן,shyshn,Smoking and drinking.,verb,ש-ש-נ,PAAL,C2
שכיח,shchych,It's a common practice.,adj,,,C2
שמבל,shmvl,Shit is shit.,verb,ש-מ-ל,PAAL,C2
תגמול,tgmvl,The reward is a reward.,noun,,,C2
דדאג,dd'g,I'm worried about you.,verb,ד-ד-ג,PAAL,C2
"א""י",'y,"A""i",propn,,,C2
"א""ל",'l,א'ל,noun,,,C2
אברי,'vry,I'm going to get it.,propn,,,C2
אדיב,'dyv,It's kind of like that.,adj,,,C2
אושוויץ,'vshvvytz,"Oshkosh, Switzerland",propn,,,C2
אידיאלי,'ydy'ly,Ideal as a whole.,adj,,,C2
אלופה,'lvfh,The champion.,noun,,,C2
אמך,'mch,Your mother.,intj,,,C2
אקסל,'ksl,Excel is a great place to start.,propn,,,C2
ארדן,'rdn,Ardenan,propn,,,C2
באד,v'd,Bad,propn,,,C2
בג,vg,In the back.,propn,,,C2
בולגרי,vvlgry,Bulgarian Bulgarian,noun,,,C2
ביאור,vy'vr,A description of it.,noun,,,C2
ביובית,vyvvyt,It's a bit of a mystery.,noun,,,C2
ייקר,yykr,The Yker Yker,propn,,,C2
בלון,vlvn,The balloon.,noun,,,C2
ג'וליה,gvlyh,Julia is the one.,propn,,,C2
ג'סי,gsy,J'Casey,propn,,,C2
גי,gy,I'm going to give you a break.,propn,,,C2
גרסיה,grsyh,Garcia is a member of the group.,propn,,,C2
דורו,dvrv,It's time to move on.,propn,,,C2
דלתא,dlt',The door is open.,propn,,,C2
הושג,hvshg,It has been achieved.,verb,ו-ש-ג,HUFAL,C2
התעמלות,ht'mlvt,Exercise is a good thing.,noun,,,C2
וודי,vvdy,Woody and I are together.,propn,,,C2
ווטסון,vvtsvn,Watson is the only one.,propn,,,C2
חב,chv,This is my friend.,propn,,,C2
חבריך,chvrych,Your friends are your friends.,noun,,,C2
חגורה,chgvrh,The belt.,noun,,,C2
חולדה,chvldh,A rat is a rat.,noun,,,C2
טייסה,tyysh,Flight  Flight,noun,,,C2
יגור,ygvr,Stay in the city.,propn,,,C2
יושר,yvshr,Integrity is the key to success.,noun,,,C2
ייצוא,yytzv',Exporting to other countries.,noun,,,C2
בשה,vshh,"In the past, there has been an increase in the number of cases.",verb,ב-ש-ה,PAAL,C2
לגוש,lgvsh,to go to Gush.,noun,,,C2
הסתגל,hstgl,Adjust to the situation.,verb,ה-ס-ל,HITPAEL,C2
התעניין,ht'nyyn,Take an interest in it.,verb,ע-נ-נ,HITPAEL,C2
לוב,lvv,Love is love.,propn,,,C2
לוז,lvz,Losing is a big deal.,propn,,,C2
לירון,lyrvn,Lyron,propn,,,C2
לצו,ltzv,to the order.,propn,,,C2
תר,tr,You'll be able to see it.,verb,,PAAL,C2
מאק,m'k,The Mac version is available for Mac.,propn,,,C2
הבעיה,hv'yh,The problem is the problem.,verb,ה-ב-ה,PIEL,C2
מגוף,mgvf,From the body.,noun,,,C2
הולך,hvlch,It's going to go.,verb,ה-ל-כ,PAAL,C2
מחט,mcht,A needle from a needle.,noun,,,C2
מיומנות,myvmnvt,Skills and skills,noun,,,C2
מיטשל,mytshl,Mitchell is the star of the show.,propn,,,C2
מנעול,mn'vl,The lock is locked.,noun,,,C2
הצהיר,htzhyr,A declaration was issued.,verb,צ-ה-י,HIFIL,C2
מקרקעין,mkrk'yn,From the ground,noun,,,C2
מרגל,mrgl,A spy is a spy.,noun,,,C2
משפיל,mshfyl,Humiliating and humiliating.,verb,מ-ש-ל,PUAL,C2
נבו,nvv,Nebuchadnezzar was born.,propn,,,C2
נסי,nsy,Try this.,propn,,,C2
סוקולוב,svkvlvv,Sokolov,propn,,,C2
סושי,svshy,Sushi,noun,,,C2
סטיבנס,styvns,Stephens,propn,,,C2
סטייק,styyk,A steak is a steak.,noun,,,C2
סנקציה,snktzyh,Sanction is a sanction.,noun,,,C2
ספוג,sfvg,Spogging is a process.,noun,,,C2
ספורטאי,sfvrt'y,Sportsman,noun,,,C2
ספין,sfyn,Spin,noun,,,C2
סשה,sshh,That's what I'm talking about.,propn,,,C2
עלמה,'lmh,On the other hand.,propn,,,C2
פארקר,f'rkr,Parker is the only one.,propn,,,C2
פלדמן,fldmn,Feldman,propn,,,C2
פנין,fnyn,Their pearls.,verb,פ-נ-נ,PAAL,C2
פסיכיאטר,fsychy'tr,A psychiatrist,noun,,,C2
פסיקה,fsykh,Stop it now,noun,,,C2
פת,ft,I've been waiting for you.,propn,,,C2
צועד,tzv'd,I'm going to move.,verb,צ-ע-ד,PAAL,C2
קהיר,khyr,Cairo is the city of Cairo.,propn,,,C2
קייטרינג,kyytryng,Catering services are provided.,noun,,,C2
קפוא,kfv',It's freezing cold.,adj,,,C2
קרבנות,krvnvt,Victims are victims.,noun,,,C2
קרלו,krlv,Carlo,propn,,,C2
רביב,rvyv,It's a great day to be alive.,propn,,,C2
רוט,rvt,Ruth is the one.,propn,,,C2
רויאל,rvy'l,The Royal Family.,propn,,,C2
רוכב,rvchv,The rider is a rider.,noun,,,C2
רועה,rv'h,Shepherds are shepherds.,noun,,,C2
רכז,rchz,The center of attention.,noun,,,C2
שבועי,shvv'y,Weekly,adj,,,C2
שיין,shyyn,She is beautiful.,propn,,,C2
שית,shyt,It's going to be tough.,noun,,,C2
שכבתי,shchvty,I went to bed.,adj,,,C2
שמאוד,shm'vd,That's a lot.,adv,,,C2
שופיע,shvfy',that appears.,verb,ש-פ-ע,PUAL,C2
שעתיד,sh'tyd,What the future holds.,adv,,,C2
אבדה,'vdh,Lost and found.,verb,א-ב-ה,PAAL,C2
אדל,'dl,Adel,propn,,,C2
"אדמו""ר",'dmvr,His name is Adam.,noun,,,C2
אורון,'vrvn,Oron,propn,,,C2
חחך,chchch,It's a funny story.,verb,ח-ח-כ,PAAL,C2
איגרת,'ygrt,A framework for this.,noun,,,C2
אידיאולוגיה,'ydy'vlvgyh,Ideology is a matter of opinion.,noun,,,C2
אייזיק,'yyzyk,Isaac is the father of Isaac.,propn,,,C2
אייפון,'yyfvn,The iPhone,noun,,,C2
אמיתות,'mytvt,Truths and facts.,noun,,,C2
אמריקן,'mrykn,American American,propn,,,C2
אנני,'nny,Annie is the one.,propn,,,C2
אפיק,'fyk,I'm going to be able to do it.,noun,,,C2
ארגוני,'rgvny,organized,adj,,,C2
ארם,'rm,Arem,propn,,,C2
אתרוג,'trvg,You will die.,noun,,,C2
בטבה,vtvh,In her stomach.,propn,,,C2
בידה,vydh,In her hand.,noun,,,C2
גברתי,gvrty,"Ma'am, you are welcome.",propn,,,C2
גרבי,grvy,Socks are a big part of it.,noun,,,C2
"ד""ש",dsh,"ד""ש",propn,,,C2
דרקון,drkvn,Dragon is a dragon.,noun,,,C2
הבקבוק,hvkvvk,The bottle,propn,,,C2
הנר,hnr,הנר,propn,,,C2
הנרה,hnrh,Henna is the name of the game.,noun,,,C2
הרסה,hrsh,Destruction of the city.,verb,ה-ר-ה,PAAL,C2
הש,hsh,I'm going to tell you the truth.,propn,,,C2
חופה,chvfh,His birthday is celebrated.,noun,,,C2
חורין,chvryn,A hole in the ground.,propn,,,C2
חרפה,chrfh,Shame on you.,noun,,,C2
טבעה,tv'h,Diving in the water.,noun,,,C2
טד,td,Ted is the one who made the decision.,propn,,,C2
טופ,tvf,The top is the top.,propn,,,C2
טוקיו,tvkyv,Tokyo is the city of Tokyo.,propn,,,C2
טיהור,tyhvr,Cleansing is done.,noun,,,C2
טיילר,tyylr,Tyler is a good man.,propn,,,C2
טמא,tm',I'm going to tell you about your uncle.,noun,,,C2
טרומן,trvmn,Truman is the author of the book.,propn,,,C2
"י""ל",yl,I'm going to tell you.,propn,,,C2
יורי,yvry,Yuri is a member of Yuri.,propn,,,C2
יחיא,ychy',It's going to be a big hit.,propn,,,C2
כז,chz,"As a result, the company is still in business.",propn,,,C2
כניעה,chny'h,Submission to the throne.,noun,,,C2
לאמה,l'mh,to his mother.,propn,,,C2
לבוב,lvvv,to Bob's heart.,propn,,,C2
גלש,glsh,Gloss,verb,ג-ל-ש,PAAL,C2
המחיש,hmchysh,The point is that it's not.,verb,מ-ח-ש,HIFIL,C2
השכיר,hshchyr,The secretary of state,verb,ש-כ-ר,HIFIL,C2
התגרש,htgrsh,Divorce is a good thing.,verb,ג-ר-ש,HITPAEL,C2
התנתק,htntk,Disconnected.,verb,נ-ת-ק,HITPAEL,C2
ליקוי,lykvy,Leakage of data.,noun,,,C2
למחלה,lmchlh,From disease to disease.,adv,,,C2
לנגב,lngv,It's not enough.,propn,,,C2
לנין,lnyn,to the next one.,propn,,,C2
לקפה,lkfh,To the coffee.,adv,,,C2
מוניקה,mvnykh,Monica is the one.,propn,,,C2
מטווח,mtvvch,From the range,noun,,,C2
מיגון,mygvn,Migration is a process.,noun,,,C2
מעזה,m'zh,from the Gaza Strip.,adv,,,C2
משנית,mshnyt,Secondary,noun,,,C2
מתחנה,mtchnh,from the station.,noun,,,C2
ניידות,nyydvt,mobility.,noun,,,C2
נמחק,nmchk,We will delete it.,verb,נ-מ-ק,NIFAL,C2
נקלע,nkl',The point of contact.,verb,נ-ק-ע,NIFAL,C2
נשמת,nshmt,Soul is the soul.,verb,נ-ש-ת,PAAL,C2
סוכריות,svchryvt,Candies are sweet.,noun,,,C2
סטייט,styyt,State State,propn,,,C2
סילוק,sylvk,Silock,noun,,,C2
עורף,'vrf,The back of the neck.,noun,,,C2
עמדי,'mdy,I'm going to try to get a new one.,propn,,,C2
ערבה,'rvh,Arabic Arabic Arabic Arabic Arabic Arabic Arabic Arabic Arabic,noun,,,C2
פחת,fcht,You've lost a lot of weight.,noun,,,C2
פיזיקה,fyzykh,Physics is a field of study.,noun,,,C2
פלט,flt,Flight,propn,,,C2
פסיפס,fsyfs,The physis,noun,,,C2
פרסה,frsh,Prize,noun,,,C2
קאנטרי,k'ntry,Country is the country.,propn,,,C2
קוטר,kvtr,It's a quarter of the way through.,noun,,,C2
קוקוס,kvkvs,Coconut is a coconut.,propn,,,C2
קירור,kyrvr,Cooling and cooling.,noun,,,C2
רישוי,ryshvy,Licensing is required.,noun,,,C2
שברור,shvrvr,It's obvious.,adv,,,C2
שוט,shvt,A foolish man.,noun,,,C2
שוער,shv'r,The haircut.,noun,,,C2
שטיין,shtyyn,The stone,propn,,,C2
שירלי,shyrly,Shirley is a great writer.,propn,,,C2
שכדי,shchdy,That's why,adv,,,C2
שמביל,shmvyl,It's the same for the rest of us.,verb,ש-מ-ל,PAAL,C2
שנכון,shnchvn,That's right.,adv,,,C2
שעוע,sh'v',Beans are made from beans.,noun,,,C2
תמימות,tmymvt,Innocence is the key to success.,noun,,,C2
הקח,hkch,Take it easy.,verb,ה-ק-ח,PAAL,C2
תקציבי,tktzyvy,Budgetary,adj,,,C2
תיר,tyr,Sing a song.,noun,,,C2
שימר,shymr,Keep it up.,verb,ש-מ-ר,PAAL,C2
אדיוט,'dyvt,You are an idiot.,propn,,,C2
אוחנה,'vchnh,The store is closed.,propn,,,C2
אונייה,'vnyyh,A ship.,noun,,,C2
אוסטין,'vstyn,Austin,propn,,,C2
אייס,'yys,The ice cream.,propn,,,C2
אירופי,'yrvfy,European European,adj,,,C2
אלמוני,'lmvny,I'm an unknown.,propn,,,C2
אמסטרדם,'mstrdm,Amsterdam is the city of Amsterdam.,propn,,,C2
אקח,'kch,I'll take it.,verb,א-ק-ח,PAAL,C2
בט,vt,בט בט,noun,,,C2
ביש,vysh,It's a bit of a mess.,propn,,,C2
בעימות,v'ymvt,In a struggle with each other.,adv,,,C2
גיבסון,gyvsvn,Gibson is the only one.,propn,,,C2
גנבה,gnvh,Stealing is stealing.,propn,,,C2
הוצע,hvtz',The proposal was made.,verb,ו-צ-ע,HUFAL,C2
היפ,hyf,Hip-hop is the name of the game.,propn,,,C2
הפלה,hflh,The fruit is a fruit.,noun,,,C2
השתלטות,hshtltvt,The takeover.,noun,,,C2
חודר,chvdr,Entered by the entrance.,adj,,,C2
חלקת,chlkt,It's a smooth ride.,noun,,,C2
יוגורט,yvgvrt,Yogurt is also available.,noun,,,C2
יתד,ytd,It's going to be a lot of fun.,noun,,,C2
כונן,chvnn,The drive,noun,,,C2
כלה,chlh,The bride is the bride.,noun,,,C2
לאחי,l'chy,to my brother.,propn,,,C2
"לד""ר",ldr,to Dr. Seuss.,propn,,,C2
לוט,lvt,Lot's family was also involved.,propn,,,C2
לחלופין,lchlvfyn,to the alternative.,adv,,,C2
לנה,lnh,I'm going to have to go to the bathroom.,propn,,,C2
מדין,mdyn,I'm going to tell you something.,noun,,,C2
הובן,hvvn,It was understood.,verb,ה-ב-נ,PUAL,C2
מונרו,mvnrv,Monroe is the only one.,propn,,,C2
הותנה,hvtnh,And now it's time to move on.,verb,ה-ת-ה,PUAL,C2
"מזכ""ל",mzchl,It's a threat.,noun,,,C2
החוייב,hchvyyv,The fiancé is engaged.,verb,ה-ח-ב,PUAL,C2
מחולל,mchvll,Produced by,noun,,,C2
חיזק,chyzk,He was stronger.,verb,ח-ז-ק,PIEL,C2
מנהרה,mnhrh,A tunnel is a tunnel.,noun,,,C2
מסכה,mschh,A mask is a mask.,noun,,,C2
מעשיך,m'shych,Keep going.,noun,,,C2
מפתה,mfth,It is tempting.,verb,מ-פ-ה,PAAL,C2
צוייד,tzvyyd,I'm going to try and make it work.,verb,צ-ו-י,PUAL,C2
הציק,htzyk,It's a bit of a shock.,verb,צ-י-ק,HIFIL,C2
מריחה,mrychh,Smell and smell.,noun,,,C2
התבסס,htvss,It's based on the foundation.,verb,ב-ס-ס,HITPAEL,C2
מתוקן,mtvkn,Repaired,adj,,,C2
נבדק,nvdk,We will be tested.,verb,נ-ב-ק,NIFAL,C2
נעילה,n'ylh,Locked up.,noun,,,C2
נפוליאון,nfvly'vn,Napoleon was a great man.,propn,,,C2
נציגות,ntzygvt,representations,noun,,,C2
"סא""ל",s'l,It's the first time I've seen it.,noun,,,C2
סבסטיאן,svsty'n,Sebastian is the only one.,propn,,,C2
סוניה,svnyh,Sonya,propn,,,C2
סטטיסטיקה,sttystykh,Statistics are the statistics.,noun,,,C2
סירוב,syrvv,Refusal to accept,noun,,,C2
עינוי,'ynvy,Torture is a form of torture.,noun,,,C2
פצע,ftz',The wound is wounded.,noun,,,C2
פרת,frt,A cow is a cow.,propn,,,C2
צרכיו,tzrchyv,It's a need.,noun,,,C2
קולך,kvlch,Your voice is your voice.,propn,,,C2
רווה,rvvh,It's a lot of fun.,adj,,,C2
רכס,rchs,It's a great way to get started.,noun,,,C2
שא,sh',That's why I'm here.,verb,,PAAL,C2
שזוהו,shzvhv,That's what it's all about.,pron,,,C2
שלוחה,shlvchh,It's a mess.,noun,,,C2
תמידי,tmydy,It's going to be forever.,adj,,,C2
תנין,tnyn,Give it a try.,noun,,,C2
תיקן,tykn,Repaired,verb,ת-ק-נ,PAAL,C2
תנה,tnh,Give me a gift.,verb,ת-נ-ה,PAAL,C2
"אחה""צ",'chhtz,I'm going to try and get a copy.,adv,,,C2
איב,'yv,I'm not sure.,propn,,,C2
אינפורמציה,'ynfvrmtzyh,information information information,noun,,,C2
אליאס,'ly's,Elias is the author of the book.,propn,,,C2
אמיל,'myl,Emil,propn,,,C2
אצילי,'tzyly,A noble family.,adj,,,C2
ארנולד,'rnvld,Arnold is the first.,propn,,,C2
ג'ונג,gvng,G'ong is the name of the game.,propn,,,C2
גזל,gzl,He was a thief.,propn,,,C2
גיי,gyy,Gay is gay.,propn,,,C2
גייטס,gyyts,Gates is the only one.,propn,,,C2
דאבל,d'vl,Double the number.,noun,,,C2
דותן,dvtn,I'm going to do some research.,propn,,,C2
דחיפה,dchyfh,Push the pressure.,noun,,,C2
האו,h'v,How are you?,propn,,,C2
הגט,hgt,It's the same as the original.,propn,,,C2
הודאה,hvd'h,A confession is a confession.,noun,,,C2
התחדשות,htchdshvt,The renovation is complete.,noun,,,C2
חתר,chtr,He is the only one who can do it.,verb,ח-ת-ר,PAAL,C2
חטיף,chtyf,The snack is a snack.,noun,,,C2
חלוק,chlvk,Partitioned,noun,,,C2
חנינא,chnyn',He was kind to me.,propn,,,C2
טחינה,tchynh,The milling process.,noun,,,C2
טרח,trch,It's hard to do that.,verb,ט-ר-ח,PAAL,C2
יאן,y'n,Yan is a young man.,propn,,,C2
"יו""ד",yvd,The U.S.A.,noun,,,C2
ייעודי,yy'vdy,It is unique.,adj,,,C2
יפת,yft,It is beautiful.,propn,,,C2
"כיו""ר",chyvr,That's why I'm here.,noun,,,C2
לארון,l'rvn,to Aaron.,propn,,,C2
בגד,vgd,Dressed in clothes.,verb,ב-ג-ד,PAAL,C2
לגביה,lgvyh,about her.,adv,,,C2
לגג,lgg,to the roof.,propn,,,C2
לגישה,lgyshh,to access.,adv,,,C2
העמיק,h'myk,The depths,verb,ע-מ-ק,HIFIL,C2
הפליג,hflyg,The boat,verb,פ-ל-ג,HIFIL,C2
התאחד,ht'chd,The United Nations was united.,verb,א-ח-ד,HITPAEL,C2
לולי,lvly,Lolly,propn,,,C2
לחייה,lchyyh,Life's too short.,propn,,,C2
לכתבה,lchtvh,For the article,adv,,,C2
למחוז,lmchvz,to the district.,adv,,,C2
מיצה,mytzh,Juice is a must.,verb,מ-צ-ה,PIEL,C2
לן,ln,I'm going to tell you about them.,propn,,,C2
לס,ls,לס,propn,,,C2
מוגזם,mvgzm,It's too much.,adj,,,C2
מוזיקלי,mvzykly,Musical and musical.,adj,,,C2
מום,mvm,I'm going to tell you something.,noun,,,C2
מונופול,mvnvfvl,Monopoly is a monopoly.,noun,,,C2
מונטנה,mvntnh,Montana is a state of emergency.,propn,,,C2
מורד,mvrd,Rebellion and rebellion.,noun,,,C2
מיומן,myvmn,Qualified,adj,,,C2
מסתור,mstvr,It's hiding away.,noun,,,C2
מפלה,mflh,I'm sorry about that.,noun,,,C2
מקצת,mktzt,It's a bit of a mess.,noun,,,C2
משירות,mshyrvt,from services,noun,,,C2
משכיל,mshchyl,education,adj,,,C2
מתוקף,mtvkf,Attacked by an attacker,adv,,,C2
התחזה,htchzh,The play is a performance.,verb,ח-ז-ה,HITPAEL,C2
מתיחות,mtychvt,Tensions are high.,noun,,,C2
מתכונת,mtchvnt,It's a mechanical device.,noun,,,C2
נחטף,nchtf,We were kidnapped.,verb,נ-ח-פ,NIFAL,C2
נירא,nyr',Nira,verb,נ-ר-א,PAAL,C2
נרדף,nrdf,We're going to be chased.,verb,נ-ר-פ,NIFAL,C2
נשך,nshch,We're going to have to move on.,verb,נ-ש-כ,PAAL,C2
סהר,shr,The moon.,noun,,,C2
סחיטה,schyth,blackmail and extortion.,noun,,,C2
סיטואציה,sytv'tzyh,The situation is different.,noun,,,C2
סינון,synvn,The filter is filtered.,noun,,,C2
ספרתי,sfrty,I've been counting.,verb,ס-פ-י,PIEL,C2
עיוות,'yvvt,distortions and distortions.,noun,,,C2
פוקר,fvkr,Poker is a game of chance.,noun,,,C2
פורח,fvrch,It blooms and blooms.,adj,,,C2
פחמן,fchmn,Carbon dioxide is the source of all energy.,noun,,,C2
פיוס,fyvs,Peace is a peaceful process.,propn,,,C2
פישמן,fyshmn,Fishman,propn,,,C2
פשיטה,fshyth,The raid was a raid.,noun,,,C2
צאי,tz'y,Come out of the closet.,propn,,,C2
קומו,kvmv,"Get up, get up!",noun,,,C2
קוקה,kvkh,Coca-Cola is the name of the company.,noun,,,C2
קייל,kyyl,Kyle is the one.,propn,,,C2
קישוט,kyshvt,A sketch is a sketch.,noun,,,C2
ראשות,r'shvt,Heads of State,noun,,,C2
רואה,rv'h,See See,propn,,,C2
רובינסון,rvvynsvn,Robinson was the first to do so.,propn,,,C2
רוחה,rvchh,The spirit of it.,propn,,,C2
רקמה,rkmh,Weaving is a very important part of life.,noun,,,C2
שבבית,shvvyt,In the house.,noun,,,C2
שבועה,shvv'h,I swear by it.,noun,,,C2
שיכולות,shychvlvt,who can.,adv,,,C2
שילד,shyld,A child,noun,,,C2
שילוח,shylvch,Payment of the payment.,noun,,,C2
שלכאורה,shlch'vrh,"who, apparently,",adv,,,C2
שראית,shr'yt,Have you seen it?,intj,,,C2
תושבה,tvshvh,"The population of the village is about 70,000.",noun,,,C2
תיאוריות,ty'vryvt,Theories have been put forward.,noun,,,C2
תיווך,tyvvch,The mediator.,noun,,,C2
תרגול,trgvl,Exercise is what you do.,noun,,,C2
אובייקט,'vvyykt,Object,noun,,,C2
אינטליגנציה,'yntlygntzyh,Intelligence is the key.,noun,,,C2
אינסוף,'ynsvf,There is no end to it.,noun,,,C2
אליקים,'lykym,The aliens are the aliens.,propn,,,C2
אנטון,'ntvn,Anton,propn,,,C2
אספה,'sfh,A collection of books.,verb,א-ס-ה,PAAL,C2
אריאלי,'ry'ly,Arial,propn,,,C2
אשב,'shv,I'm going to sit down.,verb,א-ש-ב,PAAL,C2
אשרי,'shry,Ashri,propn,,,C2
ביננו,vynnv,Between us.,adv,,,C2
בייר,vyyr,Bayer,noun,,,C2
ג'ינג'ר,gyngr,G'ing'r,propn,,,C2
ג'מאל,gm'l,I'm on the left.,propn,,,C2
גומלין,gvmlyn,Gummlin is the one.,noun,,,C2
גירוי,gyrvy,The stimulus is stimulated.,noun,,,C2
גרידא,gryd',It's not a problem.,adv,,,C2
הויכוח,hvychvch,Disputes are ongoing.,noun,,,C2
הוסר,hvsr,It's been removed.,verb,ו-ס-ר,HUFAL,C2
הועד,hv'd,The Minister,noun,,,C2
הצלחה,htzlchh,Success is achieved.,noun,,,C2
חבית,chvyt,A barrel of wine.,noun,,,C2
חולין,chvlyn,It's a little bit like that.,noun,,,C2
חטיפה,chtyfh,Kidnapping is a crime.,noun,,,C2
חסימה,chsymh,Blockage,noun,,,C2
חצי,chtzy,Half of it.,noun,,,C2
טורבו,tvrvv,Turbo is a turbo.,propn,,,C2
טמפרטורה,tmfrtvrh,Temperature is low.,noun,,,C2
יאסר,y'sr,Jail is a state of emergency.,propn,,,C2
יחסו,ychsv,Their relationship with each other.,noun,,,C2
יל,yl,A child is born.,propn,,,C2
כפף,chff,A glove is a glove.,verb,כ-פ-פ,PUAL,C2
כר,chr,It's the first time I've seen it.,noun,,,C2
דפס,dfs,I'm going to print it.,propn,,,C2
העליב,h'lyv,The offense is offensive.,verb,ע-ל-ב,HIFIL,C2
לונה,lvnh,Luna is the one.,propn,,,C2
ליהוה,lyhvh,To Jehovah is the name.,propn,,,C2
לינדה,lyndh,Linda is the one.,propn,,,C2
ללבנון,llvnvn,to Lebanon,adv,,,C2
למשא,lmsh',For the vehicle.,adv,,,C2
לשכה,lshchh,to lie down.,noun,,,C2
מאייר,m'yyr,Mayer Mayer,propn,,,C2
מגבה,mgvh,From the back to the back.,noun,,,C2
מגן,mgn,A shield is a shield.,noun,,,C2
מזכרת,mzchrt,Do you remember?,noun,,,C2
מחמש,mchmsh,From five,adv,,,C2
מיסוי,mysvy,The mission is to find a way.,noun,,,C2
מכן,mchn,Of you.,noun,,,C2
מסנן,msnn,Filtering is done.,noun,,,C2
מעסיק,m'syk,employer,noun,,,C2
קירר,kyrr,Kyerer is the only one.,noun,,,C2
משבט,mshvt,A tribe of people.,adv,,,C2
משימוש,mshymvsh,of use.,noun,,,C2
סאלח,s'lch,Ask the question.,propn,,,C2
סודאן,svd'n,Sudan,propn,,,C2
סוכרת,svchrt,Sugar is the key to success.,noun,,,C2
סינגל,syngl,A single song.,noun,,,C2
סיקור,sykvr,A review of the report.,noun,,,C2
סקוטי,skvty,Scotland,adj,,,C2
עבדות,'vdvt,slavery.,noun,,,C2
עגלה,'glh,A carriage.,noun,,,C2
עטוף,'tvf,Wrapped up.,verb,ע-ט-פ,PAAL,C2
עלמא,'lm',I'm going to tell you about my mother.,propn,,,C2
ערימה,'rymh,A lot of people.,noun,,,C2
עשי,'shy,Let's do it again.,verb,ע-ש-י,PAAL,C2
פמיניסטי,fmynysty,Feminist and feminist.,adj,,,C2
פרנץ,frntz,France France,propn,,,C2
צ'אק,tz'k,Chuck is the one.,propn,,,C2
צבעון,tzv'vn,The color of the color.,noun,,,C2
ציפורן,tzyfvrn,A nail is a nail.,noun,,,C2
צמחוני,tzmchvny,Vegetarian,adj,,,C2
קאן,k'n,Khan,propn,,,C2
קדיש,kdysh,It is dedicated to Kṛṣṇa.,propn,,,C2
קהלה,khlh,The audience is the audience.,propn,,,C2
קטין,ktyn,The youngest child.,noun,,,C2
קצות,ktzvt,The tips are the tips.,noun,,,C2
קריסה,krysh,The fall of the city.,noun,,,C2
רוחניות,rvchnyvt,Spirituality is the essence of spirituality.,noun,,,C2
שבץ,shvtz,A stroke.,noun,,,C2
שובה,shvvh,Shuba is a well-known figure.,propn,,,C2
שודד,shvdd,Robbery and robbery.,noun,,,C2
שיתוק,shytvk,Paralysis is the result of paralysis.,noun,,,C2
שך,shch,It's all black and white.,propn,,,C2
שלף,shlf,Step by step.,verb,ש-ל-פ,PAAL,C2
שמיכה,shmychh,A blanket is a blanket.,noun,,,C2
שקרן,shkrn,A liar and a liar.,noun,,,C2
שרוף,shrvf,It's hot and dry.,noun,,,C2
שריף,shryf,Sheriff's office.,propn,,,C2
תדירות,tdyrvt,Frequencies,noun,,,C2
תיל,tyl,It's a wire.,noun,,,C2
תמהה,tmhh,It's a great feeling.,verb,ת-מ-ה,PAAL,C2
תפתח,tftch,Open the door.,verb,ת-פ-ח,PAAL,C2
תקנון,tknvn,The rules and regulations.,noun,,,C2
תרמית,trmyt,Heating is cheating.,noun,,,C2
באדולף,v'dvlf,In the name of Adolph.,propn,,,C2
אובר,'vvr,Over and over.,propn,,,C2
אולגה,'vlgh,Olga is a member of the family.,propn,,,C2
אופוזיציה,'vfvzytzyh,Opposition is on the rise.,noun,,,C2
אימפריה,'ymfryh,The empire is an empire.,noun,,,C2
אירוסין,'yrvsyn,The romance is over.,noun,,,C2
אירי,'yry,Irish,propn,,,C2
אלגוריה,'lgvryh,Algorithm of the Algorithm,noun,,,C2
אנגל,'ngl,English English,propn,,,C2
אפים,'fym,The mouths are full of pimples.,noun,,,C2
בורר,vvrr,The burner is the burner.,noun,,,C2
ביסוס,vysvs,The bison is a bison.,noun,,,C2
"ג""כ",gch,"""It's not easy.",noun,,,C2
ג'סיקה,gsykh,Jessica is the one.,propn,,,C2
גידי,gydy,I'm going to get a grip on it.,propn,,,C2
דאם,d'm,I'm not sure what to do.,propn,,,C2
דורה,dvrh,Dora is the one.,propn,,,C2
דיבה,dyvh,A dickhead.,noun,,,C2
דמיוני,dmyvny,My imagination is similar.,adj,,,C2
הואשם,hv'shm,He was charged with murder.,verb,ו-א-מ,HUFAL,C2
הווי,hvvy,The Way The Way,noun,,,C2
הסכמה,hschmh,Consent Consent,noun,,,C2
הריאה,hry'h,The lung.,noun,,,C2
השקה,hshkh,The drink.,noun,,,C2
התארגנות,ht'rgnvt,The organization is organized.,noun,,,C2
התמכרות,htmchrvt,Addicted to addiction.,noun,,,C2
זבוב,zvvv,Flies are flies.,noun,,,C2
חביה,chvyh,A lot of sugar.,noun,,,C2
חוזק,chvzk,Strong and strong.,noun,,,C2
חוכמה,chvchmh,Wisdom is wisdom.,noun,,,C2
חילון,chylvn,It's a disgrace.,noun,,,C2
חסין,chsyn,Hasan,propn,,,C2
טבלה,tvlh,A table,noun,,,C2
יגל,ygl,I'm going to try to make it work.,verb,י-ג-ל,PAAL,C2
יולדת,yvldt,Birthdays,noun,,,C2
יומו,yvmv,The day is here.,propn,,,C2
יונק,yvnk,Yonk is the name of the game.,noun,,,C2
אכף,'chf,I'm going to take care of you.,verb,א-כ-פ,PAAL,C2
התפשר,htfshr,You've made a compromise.,verb,פ-ש-ר,HITPAEL,C2
לט,lt,Let's get to know each other.,propn,,,C2
לכתובת,lchtvvt,The address is,adv,,,C2
לשמות,lshmvt,to the names,verb,ש-מ-ת,PAAL,C2
תפר,tfr,Stitching is a way of life.,verb,ת-פ-ר,PAAL,C2
מאבא,m'v',From my father.,propn,,,C2
מאל,m'l,From time to time.,propn,,,C2
מולם,mvlm,It's a great place to visit.,adv,,,C2
מורחב,mvrchv,It's wide open.,adj,,,C2
מחרוזת,mchrvzt,A string of strings.,noun,,,C2
מירה,myrh,Mirah,propn,,,C2
מלוח,mlvch,Salt is salt.,adj,,,C2
מלפן,mlfn,From searching.,adv,,,C2
ממלכתי,mmlchty,My kingdom is my kingdom.,adj,,,C2
מסין,msyn,From China,propn,,,C2
מעטפת,m'tft,The envelope.,noun,,,C2
מעשר,m'shr,Ten out of ten.,noun,,,C2
מצגת,mtzgt,The presentation is a presentation.,noun,,,C2
מצידי,mtzydy,from me.,adv,,,C2
מרוכז,mrvchz,Focused.,verb,מ-ר-ז,PUAL,C2
מרינה,mrynh,Marina,propn,,,C2
משטרתי,mshtrty,My police officer,adj,,,C2
משלים,mshlym,Complementary to each other.,verb,מ-ש-מ,HIFIL,C2
נזקק,nzkk,needed.,verb,נ-ז-ק,NIFAL,C2
נילי,nyly,Neely,propn,,,C2
נכח,nchch,Presence is present.,verb,נ-כ-ח,PAAL,C2
נסתר,nstr,We are going to hide.,adj,,,C2
נענע,n'n',It's not a bad idea.,propn,,,C2
סיגל,sygl,A seal,propn,,,C2
סמינר,smynr,A seminar is held.,noun,,,C2
סקרן,skrn,Curious?,noun,,,C2
עדשה,'dshh,The lens.,noun,,,C2
עמיד,'myd,It's going to be tough.,adj,,,C2
ערפל,'rfl,Mist is misty.,noun,,,C2
פאול,f'vl,Paul,propn,,,C2
צ'י,tzy,It's not that I'm not happy.,propn,,,C2
צבעוני,tzv'vny,Colorful and colourful.,adj,,,C2
צפן,tzfn,The booklet is a booklet.,noun,,,C2
ציפוי,tzyfvy,It's coated with coatings.,noun,,,C2
צלצול,tzltzvl,The bell rings.,noun,,,C2
קבוצתי,kvvtzty,My group.,adj,,,C2
קולית,kvlyt,It's loud and clear.,adv,,,C2
קומוניסטי,kvmvnysty,A communist.,noun,,,C2
קופץ,kvftz,Jumps up and down.,verb,ק-פ-צ,PAAL,C2
קלוש,klvsh,It's easy.,adj,,,C2
קרקס,krks,The circuses.,noun,,,C2
ראות,r'vt,Seeing is seeing.,propn,,,C2
ראשך,r'shch,Your head.,noun,,,C2
רביד,rvyd,Rabid,propn,,,C2
רוסו,rvsv,Russia is a country.,propn,,,C2
רטוב,rtvv,Wet and wet.,adj,,,C2
ריאליטי,ry'lyty,Reality is real.,noun,,,C2
ריאן,ry'n,"Ryan, you know.",propn,,,C2
ריקו,rykv,RICO is a great place to start.,propn,,,C2
רקדן,rkdn,Dancing is a dance.,noun,,,C2
שדומה,shdvmh,It's like that,propn,,,C2
שדרוג,shdrvg,Upgrades are required.,noun,,,C2
שיבוש,shyvvsh,Disruption of the system.,noun,,,C2
שקדם,shkdm,That's what we've done before.,adv,,,C2
תחזוקה,tchzvkh,Maintenance and maintenance.,noun,,,C2
פיסת,fyst,Piece by piece,verb,פ-ס-ת,PAAL,C2
אבדן,'vdn,We've lost a lot of people.,noun,,,C2
אביחי,'vychy,My parents and I.,propn,,,C2
אדגר,'dgr,Edgar,propn,,,C2
אדמירל,'dmyrl,Admiral,noun,,,C2
אווירי,'vvyry,The air is airy.,adj,,,C2
אחווה,'chvvh,The brotherhood.,noun,,,C2
אינטל,'yntl,Intel is the answer.,propn,,,C2
אירופאי,'yrvf'y,European,adj,,,C2
אפלה,'flh,The darkness is the darkness.,noun,,,C2
ביס,vys,Biss,propn,,,C2
ג'ינס,gyns,Jeans and jeans.,propn,,,C2
גופן,gvfn,body  body.,noun,,,C2
גמרא,gmr',Gmra  Gmra,noun,,,C2
גרניט,grnyt,Granite is the name of the game.,noun,,,C2
הוקי,hvky,Hokkaido is the name of the game.,propn,,,C2
הירקות,hyrkvt,Vegetables and vegetables.,noun,,,C2
הרה,hrh,It's a great day to be alive.,propn,,,C2
וויליאמס,vvyly'ms,Williams is a member.,propn,,,C2
זוועה,zvv'h,Horror is a terrible thing.,noun,,,C2
זלזול,zlzvl,It's a small thing.,noun,,,C2
זמנם,zmnm,Their time.,noun,,,C2
חגית,chgyt,A feast day.,propn,,,C2
"חו""ל",chvl,"""Foreign"" is the name of the game.",noun,,,C2
חיזבאללה,chyzv'llh,Hezbollah is the enemy of Hezbollah.,propn,,,C2
חמאת,chm't,You're hot.,noun,,,C2
טוויטר,tvvytr,Twitter is the answer.,propn,,,C2
טעים,t'ym,They are delicious.,adj,,,C2
יוז,yvz,Use it to your advantage.,propn,,,C2
ילידה,ylydh,The birth of a child.,noun,,,C2
כבוש,chvvsh,Conquered by conquest.,adj,,,C2
כפיר,chfyr,The walls of the city are covered with stone.,propn,,,C2
לאמונה,l'mvnh,to faith.,adv,,,C2
הכל,hchl,It's all about everything.,verb,ה-כ-ל,PAAL,C2
השתיק,hshtyk,Silence is silence.,verb,ש-ת-ק,HIFIL,C2
לחנויות,lchnvyvt,For the shops.,adv,,,C2
לירח,lyrch,to the moon.,verb,י-ר-ח,PIEL,C2
למ,lm,I'm going to tell you something.,propn,,,C2
למעשים,lm'shym,to action.,adv,,,C2
ניהג,nyhg,The approach is simple.,verb,נ-י-ה,PAAL,C2
לעשרות,l'shrvt,For decades.,adv,,,C2
לרנר,lrnr,to Lerner.,propn,,,C2
אורגן,'vrgn,Organised by the organist.,verb,א-ר-נ,PUAL,C2
מיוחס,myvchs,It's very special.,verb,מ-ח-ס,PUAL,C2
מסום,msvm,Summary,noun,,,C2
סיכן,sychn,The risk is high.,verb,ס-כ-נ,PIEL,C2
סינן,synn,The Chinese,verb,ס-נ-נ,PIEL,C2
"מפ""ם",mfm,from the M'M.,propn,,,C2
מפורשות,mfvrshvt,Explained,adv,,,C2
פותח,fvtch,Open the door.,verb,פ-ת-ח,PUAL,C2
נאצר,n'tzr,We'll see you later.,propn,,,C2
נבוך,nvvch,It's a shame.,adj,,,C2
נדאג,nd'g,We'll take care of it.,verb,נ-ד-ג,HIFIL,C2
נזיקין,nzykyn,It is harmful.,noun,,,C2
ניחוח,nychvch,The smell of it.,noun,,,C2
נכד,nchd,grandchildren and great-grandchildren.,noun,,,C2
נספר,nsfr,Let's count it.,verb,נ-ס-ר,NIFAL,C2
נרקיס,nrkys,Narcissists are narcissists.,propn,,,C2
נשוא,nshv',Married.,adj,,,C2
סדן,sdn,Sדן,propn,,,C2
סטן,stn,Stan,propn,,,C2
סיפוח,syfvch,Fertilization is a process.,noun,,,C2
עוצמתי,'vtzmty,I'm stronger than you.,adj,,,C2
פולק,fvlk,Polish,propn,,,C2
פוצץ,fvtztz,It exploded.,verb,פ-צ-צ,PAAL,C2
פורטוגל,fvrtvgl,Portuguese,propn,,,C2
פורמלי,fvrmly,formally,adj,,,C2
פטל,ftl,The fiddle is a fiddle.,propn,,,C2
פיני,fyny,Finnish,propn,,,C2
צלקת,tzlkt,The scar.,noun,,,C2
קונגרס,kvngrs,The Congress,noun,,,C2
קורין,kvryn,Corinne is the only one.,propn,,,C2
קית,kyt,It's not easy.,propn,,,C2
קלווין,klvvyn,Calvin is the first.,propn,,,C2
קליפה,klyfh,A clip of it.,noun,,,C2
קנת,knt,I'm going to buy it.,propn,,,C2
ראס,r's,Ras,propn,,,C2
ראפ,r'f,Rapper and rapper.,propn,,,C2
רייגן,ryygn,Regan is the only one.,propn,,,C2
ריס,rys,Reese is the main character.,propn,,,C2
רני,rny,Rennie is the first.,propn,,,C2
"רס""ן",rsn,It's the first time I've seen it.,noun,,,C2
רף,rf,Rf,propn,,,C2
שחק,shchk,Play the game.,noun,,,C2
שטייניץ,shtyynytz,Steinitz is the author of the book.,propn,,,C2
שילר,shylr,Shiller is the only one.,propn,,,C2
שימוע,shymv',A hearing is held.,noun,,,C2
שכיום,shchyvm,"As of now, it's available.",adv,,,C2
שלעיתים,shl'ytym,That sometimes,adv,,,C2
שמנהל,shmnhl,The manager is the manager.,propn,,,C2
שנלך,shnlch,Let's go.,verb,ש-נ-כ,PAAL,C2
שקצת,shktzt,It's a bit of a shock.,adv,,,C2
תבשיל,tvshyl,Cook the dishes.,noun,,,C2
תמוה,tmvh,He died of natural causes.,adj,,,C2
תרש,trsh,You're going to get it.,noun,,,C2
אברך,'vrch,I will bless you.,propn,,,C2
אהדה,'hdh,A sense of compassion.,noun,,,C2
אוזניה,'vznyh,Oceania is a country.,noun,,,C2
אופס,'vfs,The Ops.,propn,,,C2
אחידות,'chydvt,Uniformity is the same.,noun,,,C2
אייכמן,'yychmn,Eichmann is the only one.,propn,,,C2
אלין,'lyn,Elaine is the one.,propn,,,C2
אקדמיה,'kdmyh,The academy.,noun,,,C2
באן,v'n,Ban is the name of the game.,propn,,,C2
בטל,vtl,It's a waste of time.,verb,ב-ט-ל,PAAL,C2
ביבשה,vyvshh,On the land.,adv,,,C2
בריתה,vryth,She is an ally.,noun,,,C2
ברנס,vrns,Burns is a brand.,propn,,,C2
ג'יימי,gyymy,Jaimey,propn,,,C2
גדליה,gdlyh,Growing up.,propn,,,C2
גורר,gvrr,The tractor.,verb,ג-ר-ר,PAAL,C2
גליה,glyh,The gallery is open.,propn,,,C2
דגימה,dgymh,Example,noun,,,C2
דיוקן,dyvkn,A portrait of him.,noun,,,C2
העברה,h'vrh,The transfer is made.,noun,,,C2
התגלות,htglvt,Revelation is revealed to you.,noun,,,C2
התלהבות,htlhvvt,The enthusiasm.,noun,,,C2
ויל,vyl,Will be the first.,propn,,,C2
וויליאם,vvyly'm,William is the only one.,propn,,,C2
וילי,vyly,Willie is the one.,propn,,,C2
חוליה,chvlyh,The team is a force to be reckoned with.,noun,,,C2
חייכם,chyychm,Your lives.,noun,,,C2
חיסכון,chyschvn,Risk savings,noun,,,C2
חמוץ,chmvtz,Acidic acid,adj,,,C2
חצרות,chtzrvt,Tents and tents.,noun,,,C2
טבת,tvt,You're the one who made the decision.,propn,,,C2
הונס,hvns,Homesickness is a problem.,propn,,,C2
יחל,ychl,It's going to take a lot of work.,verb,י-ח-ל,HUFAL,C2
ימיני,ymyny,The right hand side,propn,,,C2
יעקוב,y'kvv,Jacobs,propn,,,C2
יששכר,yshshchr,There will be a rental.,propn,,,C2
כלכליסט,chlchlyst,economist and economist.,propn,,,C2
כריך,chrych,A sandwich is a sandwich.,noun,,,C2
לאורה,l'vrh,to Laura.,propn,,,C2
לאס,l's,Las Vegas is the place to be.,propn,,,C2
החרים,hchrym,The free flowers.,verb,ח-ר-מ,HIFIL,C2
הטעה,ht'h,Mistake is wrong.,verb,ט-ע-ה,HIFIL,C2
התפנה,htfnh,It's been a long time coming.,verb,פ-נ-ה,HITPAEL,C2
לון,lvn,A loan,propn,,,C2
לורי,lvry,Lory is the one.,propn,,,C2
ליכטנשטיין,lychtnshtyyn,Liechtenstein is the place to be.,propn,,,C2
ליסה,lysh,Lisa is the one.,propn,,,C2
לחח,lchch,to the right.,verb,,PAAL,C2
ללוס,llvs,to Los Angeles.,propn,,,C2
עקר,'kr,It's worth it.,verb,ע-ק-ר,PAAL,C2
לער,l'r,to be able to do it.,noun,,,C2
מאפס,m'fs,From zero,adv,,,C2
מוסריה,mvsryh,Morals and morals.,noun,,,C2
מוצאי,mvtz'y,I'm going to find it.,noun,,,C2
מוקשה,mvkshh,It's a very special place.,noun,,,C2
מחתרת,mchtrt,You've got to be careful.,noun,,,C2
מיגל,mygl,Miguel is the one.,propn,,,C2
מייג'ור,myygvr,Major,propn,,,C2
"מנכ""לית",mnchlyt,The chief executive officer.,noun,,,C2
מע,m',From  to,propn,,,C2
הצטער,htzt'r,I'm sorry about that.,verb,ה-צ-ר,PIEL,C2
מצרך,mtzrch,It's a waste of time.,noun,,,C2
התחשק,htchshk,The desire was felt.,verb,ח-ש-ק,HITPAEL,C2
מתיחה,mtychh,It's a joke.,noun,,,C2
נבואה,nvv'h,Prophecy,noun,,,C2
ניוז,nyvz,News is news.,propn,,,C2
ניוטון,nyvtvn,Newton is the first person to know.,propn,,,C2
ניחוש,nychvsh,Guess what?,noun,,,C2
נמי,nmy,Sit down and watch.,propn,,,C2
נקבר,nkvr,We're going to bury him.,verb,נ-ק-ר,NIFAL,C2
סביליה,svylyh,Sicily,propn,,,C2
סוציאליסטי,svtzy'lysty,Socialist,adj,,,C2
סותר,svtr,Contrary to what they say.,adj,,,C2
סטלין,stlyn,Stalin was the first to do so.,propn,,,C2
סרק,srk,Scrubs are included.,propn,,,C2
סתמי,stmy,Silence is the key.,adj,,,C2
ענישה,'nyshh,Punishment is punishment.,noun,,,C2
פיהם,fyhm,Their mouths.,noun,,,C2
פעמון,f'mvn,The bell is ringing.,noun,,,C2
פרנסואה,frnsv'h,France is a French colony.,propn,,,C2
פשר,fshr,The answer is:,noun,,,C2
צלול,tzlvl,The shade is clear.,adj,,,C2
קדמה,kdmh,A step forward,noun,,,C2
קוסם,kvsm,A magician is a magician.,noun,,,C2
קוקו,kvkv,Cocoa is a good thing.,propn,,,C2
קוראי,kvr'y,The reader can read.,noun,,,C2
קלאוס,kl'vs,Klaus is the only one.,propn,,,C2
קליבלנד,klyvlnd,Cleveland is the home of Cleveland.,propn,,,C2
קליני,klyny,Clinical care is provided.,adj,,,C2
קלר,klr,Clear is clear.,propn,,,C2
קנאי,kn'y,Jealousy is the name of the game.,noun,,,C2
קצוץ,ktzvtz,Cutting down.,noun,,,C2
רפאלי,rf'ly,Raffally.,propn,,,C2
רקס,rks,It's the same with Rex.,propn,,,C2
שייח,shyych,Sheikh.,propn,,,C2
שייקספיר,shyyksfyr,Shakespeare is a writer.,propn,,,C2
שעב,sh'v,It's a work in progress.,verb,ש-ע-ב,PAAL,C2
שכה,shchh,It's dark.,propn,,,C2
שכעת,shch't,Now that's what I'm talking about.,adv,,,C2
שניאור,shny'vr,The light is shining.,propn,,,C2
שתל,shtl,Plant the plant.,noun,,,C2
שתלך,shtlch,That you may go.,verb,ש-ת-כ,PAAL,C2
תגבורת,tgvvrt,Reinforcement is needed.,noun,,,C2
תגלית,tglyt,What you'll find is a discovery.,noun,,,C2
אביגיל,'vygyl,Abhigil,propn,,,C2
אדיש,'dysh,It's a bit of an oddity.,adj,,,C2
אדמונד,'dmvnd,Edmonds,propn,,,C2
אהרוני,'hrvny,Aaronni Aaronni,propn,,,C2
אוכלי,'vchly,I'm going to eat.,noun,,,C2
אופטימי,'vftymy,I'm optimistic about that.,adj,,,C2
אותנטי,'vtnty,authentic authentic,adj,,,C2
אחזקה,'chzkh,Hold on to your hand,noun,,,C2
אימי,'ymy,My mother's mother.,propn,,,C2
אמנית,'mnyt,An artist,noun,,,C2
אניטה,'nyth,Anita is the one.,propn,,,C2
אספרסו,'sfrsv,They expressed themselves.,noun,,,C2
אפגניסט,'fgnyst,He is an Afghan.,noun,,,C2
ברטון,vrtvn,Burton,propn,,,C2
בריח,vrych,Escape from the city.,noun,,,C2
ברנע,vrn',It's hard to get caught up in it.,propn,,,C2
בש,vsh,"In the meantime, I'm going to try to make it work.",propn,,,C2
ג'רמי,grmy,Jeremy is the one.,propn,,,C2
גבעתי,gv'ty,I've got the hill,propn,,,C2
גורש,gvrsh,Gorsh,verb,ג-ר-ש,PUAL,C2
גזירה,gzyrh,The castle is a ruin.,noun,,,C2
גיור,gyvr,Around the world.,noun,,,C2
דהא,dh',It's the same thing as the first one.,propn,,,C2
דונה,dvnh,Donna,propn,,,C2
דתם,dtm,You have a lot of faith.,propn,,,C2
הוחל,hvchl,It's been a while since I've been back.,verb,ו-ח-ל,HUFAL,C2
וילנה,vylnh,Villanueva is the first.,propn,,,C2
זולת,zvlt,Another one.,noun,,,C2
זום,zvm,Zoom in and out.,noun,,,C2
חולף,chvlf,It's just a matter of time.,verb,ח-ל-פ,PAAL,C2
חוסן,chvsn,Hosanna is the one who is responsible for the deaths.,noun,,,C2
חוצפה,chvtzfh,The boldness of it.,noun,,,C2
חלופה,chlvfh,An alternative to that.,noun,,,C2
חשיש,chshysh,Weed is the root of all evil.,noun,,,C2
טוטו,tvtv,It's all about doing it.,propn,,,C2
טפי,tfy,Tpi,propn,,,C2
טרנס,trns,The transition.,propn,,,C2
ידית,ydyt,Hands on your shoulders.,noun,,,C2
יונג,yvng,Young is young.,propn,,,C2
הורשה,hvrshh,It was the first time that I had ever heard of it.,propn,,,C2
יסמין,ysmyn,Jasmine is the name of the game.,propn,,,C2
יעלון,y'lvn,It's a great day to be alive.,propn,,,C2
כגוף,chgvf,as a body.,adv,,,C2
לבון,lvvn,Lebanon is a country.,propn,,,C2
לגל,lgl,to the moon.,propn,,,C2
השגיח,hshgych,The watchman,verb,ש-ג-ח,HIFIL,C2
לווין,lvvyn,to the moon,noun,,,C2
לני,lny,"For me, it's the same.",propn,,,C2
לקט,lkt,Let's get to it.,propn,,,C2
מהרב,mhrv,Fast and fast.,adv,,,C2
מהרי,mhry,From the top of the hill.,adv,,,C2
הובנה,hvvnh,Understood,verb,ה-ב-ה,PUAL,C2
מוכה,mvchh,It's been a long time coming.,adj,,,C2
מוצאם,mvtz'm,The origin of the name is unknown.,noun,,,C2
מוצקין,mvtzkyn,It is solid.,propn,,,C2
מיהר,myhr,Hurry up and hurry up.,verb,מ-י-ה,PIEL,C2
מינימלי,mynymly,Minimum threshold,adj,,,C2
מלחיץ,mlchytz,Stressful and stressful.,noun,,,C2
מסגד,msgd,A mosque,noun,,,C2
מעצמה,m'tzmh,From herself.,noun,,,C2
מפלט,mflt,A refugee is a refugee.,noun,,,C2
מצודה,mtzvdh,A fortress.,noun,,,C2
מקולקל,mkvlkl,Defected,adj,,,C2
מרפאה,mrf'h,In a clinic.,noun,,,C2
משאל,msh'l,A question that is asked.,noun,,,C2
נבהל,nvhl,We are terrified.,verb,נ-ב-ל,NIFAL,C2
נזהר,nzhr,Be careful.,verb,נ-ז-ר,NIFAL,C2
נמס,nms,It dissolves.,verb,נ-מ-ס,NIFAL,C2
נרגש,nrgsh,I'm excited about it.,verb,נ-ר-ש,NIFAL,C2
סבירות,svyrvt,Probability is very high.,noun,,,C2
סוכם,svchm,Sugar is a good thing.,verb,ס-כ-מ,PUAL,C2
סטארט,st'rt,Start with the start.,propn,,,C2
סטייה,styyh,It's a stepping stone.,noun,,,C2
סטנדרט,stndrt,The standard is standard.,noun,,,C2
סידן,sydn,Cydane is the source of hydrogen.,propn,,,C2
סיליקון,sylykvn,The silicon,noun,,,C2
סכנות,schnvt,The dangers of danger.,noun,,,C2
סנהדרין,snhdryn,The Sanhedrin,propn,,,C2
סת,st,It's the first time I've seen it.,propn,,,C2
עוטף,'vtf,It is surrounded by a wall.,verb,ע-ט-פ,PAAL,C2
עולמם,'vlmm,The world is full of them.,noun,,,C2
עטיפה,'tyfh,The cover is covered with an envelope.,noun,,,C2
פאה,f'h,Feha,noun,,,C2
פילדלפיה,fyldlfyh,Philadelphia is the home of Philadelphia.,propn,,,C2
פעימות,f'ymvt,There is a lot of excitement.,noun,,,C2
פרידריך,frydrych,Frederick was a very good man.,propn,,,C2
פתטי,ftty,It's pathetic.,adj,,,C2
צ'רלי,tzrly,"Charlie, please.",propn,,,C2
צואה,tzv'h,Garbage is a waste.,noun,,,C2
צולם,tzvlm,It was filmed.,verb,צ-ל-מ,PUAL,C2
קמפבל,kmfvl,Campbell is the one.,propn,,,C2
קרון,krvn,The crown.,noun,,,C2
רזי,rzy,It's a good idea.,propn,,,C2
רייט,ryyt,Wright is right.,propn,,,C2
רעם,r'm,Thunder and thunder.,propn,,,C2
רצונה,rtzvnh,The will to do so.,noun,,,C2
שוכר,shvchr,Sugar is chartered.,noun,,,C2
שיגר,shygr,The shoulder strap.,verb,ש-ג-ר,PIEL,C2
שיוצא,shyvtz',It's going to come out.,noun,,,C2
שיתן,shytn,Let's give it a try.,noun,,,C2
שכלי,shchly,My mind is on fire.,adj,,,C2
שרצי,shrtzy,What I want to do.,adj,,,C2
השתיא,hshty',The drink is drunk.,verb,ש-ת-א,HIFIL,C2
תבערה,tv'rh,The fire was extinguished.,noun,,,C2
תחפושת,tchfvsht,Costume is a costume.,noun,,,C2
תצלום,ttzlvm,Take a photo of yourself.,noun,,,C2
"א""כ",'ch,"א""כ",adv,,,C2
אביבית,'vyvyt,A spring home.,propn,,,C2
אוונס,'vvns,Owens is a member.,propn,,,C2
אוחיון,'vchyvn,"June, June.",propn,,,C2
איירס,'yyrs,The virus is known as HIV/AIDS.,propn,,,C2
אלשיך,'lshych,I'm your god.,propn,,,C2
אמירות,'myrvt,Statements made by the author.,noun,,,C2
אפול,'fvl,The apple.,noun,,,C2
ארנסט,'rnst,Ernest is the first.,propn,,,C2
ארנק,'rnk,Wallet,noun,,,C2
ביטחוני,vytchvny,Safe to use,adj,,,C2
בילוי,vylvy,Fun and entertainment.,noun,,,C2
בלש,vlsh,The investigator.,noun,,,C2
גבייה,gvyyh,The back of the head.,noun,,,C2
גלאי,gl'y,The scout.,noun,,,C2
גמיש,gmysh,Flexible and flexible.,adj,,,C2
דגול,dgvl,The big one.,adj,,,C2
דער,d'r,This is the one.,propn,,,C2
דש,dsh,I'm going to tell you a story.,propn,,,C2
חווית,chvvyt,experience.,noun,,,C2
חזות,chzvt,Scenes of sight.,noun,,,C2
חזותי,chzvty,My vision.,adj,,,C2
חטאת,cht't,You have sinned.,noun,,,C2
חלאה,chl'h,You piece of shit.,propn,,,C2
טיבי,tyvy,Tibby is the only one.,propn,,,C2
ייסד,yysd,Acid,verb,י-ס-ד,PIEL,C2
יערי,y'ry,I'm going to go back to school.,propn,,,C2
יריד,yryd,The fair is open to everyone.,noun,,,C2
יתרת,ytrt,The rest of you.,noun,,,C2
כאות,ch'vt,As a sign of weakness.,noun,,,C2
כפית,chfyt,A teaspoon.,noun,,,C2
לאון,l'vn,Laon,propn,,,C2
לאח,l'ch,to his brother.,propn,,,C2
לבדם,lvdm,Alone on their own.,adv,,,C2
לגו,lgv,to go to work.,propn,,,C2
התחזק,htchzk,Be stronger and stronger.,verb,ח-ז-ק,HITPAEL,C2
לואיז,lv'yz,Louise,propn,,,C2
ליוון,lyvvn,Greece Greece,propn,,,C2
שיעה,shy'h,It's six o'clock.,verb,ש-ע-ה,PAAL,C2
אוחד,'vchd,It's a special one.,adj,,,C2
מאחת,m'cht,One of them.,noun,,,C2
מאמי,m'my,My mother's mother.,propn,,,C2
מברק,mvrk,Congratulations to you.,noun,,,C2
מהלב,mhlv,From the heart.,adv,,,C2
הוחזק,hvchzk,It's been maintained,verb,ה-ח-ק,PUAL,C2
מוחין,mvchyn,There's no such thing as a free lunch.,noun,,,C2
הוליך,hvlych,It's been a long time coming.,verb,ה-ל-כ,PAAL,C2
מזהב,mzhv,Gold and silver.,noun,,,C2
מחשבון,mchshvvn,account account,noun,,,C2
מנרל,mnrl,Mineral is a mineral.,noun,,,C2
מסויים,msvyym,Certain types of people.,adj,,,C2
מעליה,m'lyh,From above it.,adv,,,C2
קושר,kvshr,The link link,verb,ק-ש-ר,PUAL,C2
מקצוען,mktzv'n,Professional,noun,,,C2
מתג,mtg,I'm going to give you a medal.,verb,מ-ת-ג,PAAL,C2
מתוכנית,mtvchnyt,From the program,noun,,,C2
נדבק,ndvk,We're going to get stuck.,verb,נ-ד-ק,NIFAL,C2
נחלש,nchlsh,Weakness is weakness.,verb,נ-ח-ש,NIFAL,C2
נטשה,ntshh,It's not easy.,verb,נ-ט-ה,PAAL,C2
נקשר,nkshr,We are connected.,verb,נ-ק-ר,NIFAL,C2
סולידריות,svlydryvt,Solidarity is the key.,noun,,,C2
סטרואיד,strv'yd,Steroids are used.,noun,,,C2
סיבוך,syvvch,Complexity is complicated.,noun,,,C2
סלולרי,slvlry,Cell phones are used.,noun,,,C2
סלמון,slmvn,Salmon is the name of the game.,noun,,,C2
ספא,sf',Spa,noun,,,C2
עוצם,'vtzm,It's very powerful.,noun,,,C2
עזריאלי,'zry'ly,Azriyali is the name of the word.,propn,,,C2
ערכי,'rchy,I have values.,adj,,,C2
פינק,fynk,Fink Fink,propn,,,C2
פלס,fls,"Plus, it was a hit.",propn,,,C2
פקטור,fktvr,Factor,noun,,,C2
פרג,frg,Paragraphs 1 and 2.,propn,,,C2
פשטות,fshtvt,The simplicity of it.,noun,,,C2
פתע,ft',"All of a sudden, there was an explosion.",noun,,,C2
ציה,tzyh,It's not easy being green.,noun,,,C2
צלע,tzl',The rib cage.,noun,,,C2
צרור,tzrvr,I'm sorry about that.,noun,,,C2
קאסל,k'sl,Castle is a castle.,propn,,,C2
קט,kt,I'm not sure what to do.,propn,,,C2
קרמיקה,krmykh,The pottery is made of ceramics.,noun,,,C2
ראלף,r'lf,Ralph,propn,,,C2
רוד,rvd,Red  Red,propn,,,C2
רוזוולט,rvzvvlt,Roosevelt is the first.,propn,,,C2
רול,rvl,The role of the role.,propn,,,C2
שבטוח,shvtvch,That's for sure.,adv,,,C2
שונא,shvn',I hate to hate.,noun,,,C2
שוקי,shvky,Shock and awe.,propn,,,C2
שחף,shchf,It's not a bad thing.,propn,,,C2
שטיח,shtych,The carpet is made of silk.,noun,,,C2
שיהוד,shyhvd,It's important that he is.,noun,,,C2
שיפר,shyfr,Improvements have been made.,verb,ש-פ-ר,PIEL,C2
שכיחות,shchychvt,Frequencies are common.,noun,,,C2
שכינה,shchynh,The kitchen is very nice.,noun,,,C2
שלומך,shlvmch,How are you?,intj,,,C2
שקיעה,shky'h,It's been a long summer.,noun,,,C2
שקן,shkn,The old man.,verb,ש-ק-נ,PAAL,C2
ששי,shshy,The sixth.,propn,,,C2
תולע,tvl',A worm is a worm.,noun,,,C2
נתכן,ntchn,The risk is high.,verb,נ-ת-נ,NIFAL,C2
אביבה,'vyvh,Spring is here.,propn,,,C2
אורלנדו,'vrlndv,Orlando,propn,,,C2
אינטנסיבי,'yntnsyvy,Intensive training is needed.,adj,,,C2
אכזריות,'chzryvt,Cruelty is cruel.,noun,,,C2
אלטרנטיבי,'ltrntyvy,Alternative to that.,adj,,,C2
אלקטרה,'lktrh,The electrical system.,propn,,,C2
אנג'ל,'ngl,English.,propn,,,C2
אנטיביוטיקה,'ntyvyvtykh,Antibiotics are used.,noun,,,C2
בוזגלו,vvzglv,He is married to his wife.,propn,,,C2
ביגוד,vygvd,Dress in clothes.,noun,,,C2
ברב,vrv,It's the same with the Barb.,adv,,,C2
ברוש,vrvsh,Brushed with brushes.,propn,,,C2
ברז,vrz,It's a very nice piece of brass.,noun,,,C2
ג'וליאן,gvly'n,Julian Julian,propn,,,C2
גואל,gv'l,Goal is the key.,propn,,,C2
גסס,gss,Gs,propn,,,C2
גלאון,gl'vn,Glowing in the dark.,propn,,,C2
גרנד,grnd,The Grand,propn,,,C2
דחק,dchk,I've been waiting for you.,verb,ד-ח-ק,PAAL,C2
דייויד,dyyvyd,David is the only one.,propn,,,C2
דממה,dmmh,Silence is the key.,noun,,,C2
דקירה,dkyrh,The Declaration of Independence,noun,,,C2
הובס,hvvs,The Hobbes,propn,,,C2
הועמד,hv'md,The appointment was made.,verb,ו-ע-ד,HUFAL,C2
הוריקן,hvrykn,Hurricane,propn,,,C2
היסטוריון,hystvryvn,The history of the story.,noun,,,C2
הנח,hnch,The book is a must-read.,noun,,,C2
הנעה,hn'h,The journey is a journey.,noun,,,C2
הסתגלות,hstglvt,Adapting to the situation.,noun,,,C2
העבדה,h'vdh,The work is done.,verb,ע-ב-ה,HIFIL,C2
הק,hk,It's the same as the K.,propn,,,C2
זאק,z'k,Zach is the one.,propn,,,C2
חורב,chvrv,It's a waste of time.,propn,,,C2
חזבאללה,chzv'llh,Hisballah is the name of the festival.,propn,,,C2
חללית,chllyt,A spaceship.,noun,,,C2
חמת,chmt,You've been warming up.,noun,,,C2
חסרון,chsrvn,The shortcoming is that it's a weakness.,noun,,,C2
חרוז,chrvz,A piece of work.,noun,,,C2
טקסטיל,tkstyl,Textile is what it's all about.,noun,,,C2
יהוד,yhvd,Judah,propn,,,C2
ייבוא,yyvv',It's going to come in.,noun,,,C2
ין,yn,"In the meantime, we're going to have to make a decision.",propn,,,C2
ינא,yn',I'm going to tell you a secret.,propn,,,C2
יריבו,yryvv,His rivals.,propn,,,C2
כסמל,chsml,As a symbol,adv,,,C2
לאויב,l'vyv,to the enemy.,adv,,,C2
לאומנות,l'vmnvt,to art.,noun,,,C2
לאפות,l'fvt,to the potatoes.,verb,א-פ-ת,PAAL,C2
לגב,lgv,to the Lady.,adv,,,C2
להט,lht,Let's get to the top.,noun,,,C2
הסתלק,hstlk,He left.,verb,ה-ס-ק,HITPAEL,C2
השתפר,hshtfr,Improvements have been made.,verb,ה-ש-ר,HITPAEL,C2
לחי,lchy,I'm going to live.,noun,,,C2
לחש,lchsh,Pressure is felt.,verb,,PAAL,C2
ליקק,lykk,Lick the lick.,verb,י-ק-ק,PIEL,C2
ניחם,nychm,We will be comforted.,verb,נ-ח-מ,PIEL,C2
לפתות,lftvt,Lust for the lure.,verb,פ-ת-ת,PAAL,C2
קילל,kyll,Kill the killer.,verb,ק-ל-ל,PIEL,C2
לש,lsh,to the other side.,propn,,,C2
לשמעון,lshm'vn,Listen to the sound of your voice.,propn,,,C2
מאליה,m'lyh,from Malia,adv,,,C2
דורג,dvrg,through the door.,verb,ד-ר-ג,PUAL,C2
דמיין,dmyyn,Just think about it.,verb,ד-מ-נ,PIEL,C2
הוסבר,hvsvr,Explained,verb,ה-ס-ר,PUAL,C2
מורו,mvrv,Morrow,propn,,,C2
הזדהה,hzdhh,The identification of the person.,verb,ה-ז-ה,HITPAEL,C2
מחריד,mchryd,It's awful.,adj,,,C2
מנוגד,mnvgd,The opposite is true.,adj,,,C2
מנמל,mnml,from the port.,propn,,,C2
מסוגל,msvgl,Capable of being able,noun,,,C2
מסוריה,msvryh,The tradition of Syria.,propn,,,C2
מרקחת,mrkcht,A pharmacy is a pharmacy.,noun,,,C2
משכנתא,mshchnt',"Mortgage loans are available on a first-come, first-served basis.",noun,,,C2
מתבגר,mtvgr,Growing up as a teenager.,noun,,,C2
התגלגל,htglgl,Roll it up and down.,verb,ג-ל-ל,HITPAEL,C2
מתוח,mtvch,Tensions are high.,adj,,,C2
נגישה,ngyshh,We are accessible.,noun,,,C2
נגד,ngd,Against Against Against,verb,נ-ג-ד,PAAL,C2
נועז,nv'z,Dare to be brave and courageous.,adj,,,C2
נופי,nvfy,Non-profit,noun,,,C2
נעץ,n'tz,The network is active.,verb,נ-ע-צ,NIFAL,C2
נשחק,nshchk,Let's play.,verb,נ-ש-ק,NIFAL,C2
נשף,nshf,Dance and dance.,noun,,,C2
"ס""ק",sk,"S""K",propn,,,C2
סאדאת,s'd't,"You're right, you're right.",propn,,,C2
סטארק,st'rk,Stark is a star.,propn,,,C2
סטלה,stlh,The stella,propn,,,C2
סטפני,stfny,Stephanie is the star of the show.,propn,,,C2
סתומה,stvmh,It's closed.,adv,,,C2
עורו,'vrv,Keep your skin clean.,noun,,,C2
עיגול,'ygvl,Round the circle.,noun,,,C2
עינו,'ynv,He was tortured.,noun,,,C2
פילוסופי,fylvsvfy,Philosophical and philosophical.,adj,,,C2
פיף,fyf,Fife is the name of the game.,noun,,,C2
פלייאוף,flyy'vf,The playoffs.,noun,,,C2
פניי,fnyy,I'm going back to the drawing board.,noun,,,C2
פקיסטן,fkystn,Pakistan,propn,,,C2
פרשן,frshn,Persian,noun,,,C2
"ק""ש",ksh,"""K""sh",propn,,,C2
קאנט,k'nt,Can't wait to see you.,propn,,,C2
קדחת,kdcht,You've got a lot of nerve.,noun,,,C2
רעידות,r'ydvt,The earthquakes.,noun,,,C2
שוחח,shvchch,Talk about it.,verb,ש-ח-ח,PIEL,C2
שיזוף,shyzvf,A whisper.,noun,,,C2
שליחה,shlychh,Shipment of mail.,noun,,,C2
שלים,shlym,A lot of people.,adj,,,C2
שלרוב,shlrvv,This is often the case.,adv,,,C2
תוף,tvf,Drums and percussion.,noun,,,C2
תלמה,tlmh,Telma is the name of the game.,propn,,,C2
תקליט,tklyt,Record the recording.,noun,,,C2
