word,reading,meaning,level,language,source
expression,reading,meaning,N1,ja,JLPT (open-anki-jlpt-decks)
現像,げんぞう,developing (film),N1,ja,JLPT (open-anki-jlpt-decks)
原則,げんそく,"principle, general rule",N1,ja,JLPT (open-anki-jlpt-decks)
見地,けんち,point of view,N1,ja,JLPT (open-anki-jlpt-decks)
現地,げんち,"actual place, local",N1,ja,JLPT (open-anki-jlpt-decks)
限定,げんてい,"limit, restriction",N1,ja,JLPT (open-anki-jlpt-decks)
原点,げんてん,"origin (coordinates, starting point)",N1,ja,JLPT (open-anki-jlpt-decks)
原典,げんてん,"original, source",N1,ja,JLPT (open-anki-jlpt-decks)
原爆,げんばく,atomic bomb,N1,ja,JLPT (open-anki-jlpt-decks)
原文,げんぶん,"the text, original",N1,ja,JLPT (open-anki-jlpt-decks)
厳密,げんみつ,"strict, close",N1,ja,JLPT (open-anki-jlpt-decks)
賢明,けんめい,"wisdom, intelligence, prudence",N1,ja,JLPT (open-anki-jlpt-decks)
倹約,けんやく,"thrift, economy, frugality",N1,ja,JLPT (open-anki-jlpt-decks)
原油,げんゆ,crude oil,N1,ja,JLPT (open-anki-jlpt-decks)
兼用,けんよう,"multi-use, combined use",N1,ja,JLPT (open-anki-jlpt-decks)
権力,けんりょく,"(political) power, authority, influence",N1,ja,JLPT (open-anki-jlpt-decks)
言論,げんろん,"discussion, speech",N1,ja,JLPT (open-anki-jlpt-decks)
故～,こ～,"deceased, late",N1,ja,JLPT (open-anki-jlpt-decks)
語彙,ごい,"vocabulary, glossary",N1,ja,JLPT (open-anki-jlpt-decks)
恋する,こいする,"to fall in love with, to love",N1,ja,JLPT (open-anki-jlpt-decks)
甲,こう,1st in rank; shell,N1,ja,JLPT (open-anki-jlpt-decks)
～光,～こう,light,N1,ja,JLPT (open-anki-jlpt-decks)
好意,こうい,"good will, favor, courtesy",N1,ja,JLPT (open-anki-jlpt-decks)
行為,こうい,"act, deed, conduct",N1,ja,JLPT (open-anki-jlpt-decks)
合意,ごうい,"agreement, consent, mutual understanding",N1,ja,JLPT (open-anki-jlpt-decks)
工学,こうがく,engineering,N1,ja,JLPT (open-anki-jlpt-decks)
抗議,こうぎ,"protest, objection",N1,ja,JLPT (open-anki-jlpt-decks)
合議,ごうぎ,"consultation, conference",N1,ja,JLPT (open-anki-jlpt-decks)
皇居,こうきょ,Imperial Palace,N1,ja,JLPT (open-anki-jlpt-decks)
好況,こうきょう,"prosperous conditions, healthy economy",N1,ja,JLPT (open-anki-jlpt-decks)
鉱業,こうぎょう,mining industry,N1,ja,JLPT (open-anki-jlpt-decks)
興業,こうぎょう,starting a business; industry,N1,ja,JLPT (open-anki-jlpt-decks)
高原,こうげん,"tableland, plateau",N1,ja,JLPT (open-anki-jlpt-decks)
交互,こうご,"mutual, reciprocal, alternate",N1,ja,JLPT (open-anki-jlpt-decks)
煌々と,こうこうと,brightly,N1,ja,JLPT (open-anki-jlpt-decks)
考古学,こうこがく,archeology,N1,ja,JLPT (open-anki-jlpt-decks)
工作,こうさく,"handicraft, maneuvering",N1,ja,JLPT (open-anki-jlpt-decks)
耕作,こうさく,"cultivation, farming",N1,ja,JLPT (open-anki-jlpt-decks)
鉱山,こうざん,mine,N1,ja,JLPT (open-anki-jlpt-decks)
講習,こうしゅう,"short course, training",N1,ja,JLPT (open-anki-jlpt-decks)
口述,こうじゅつ,verbal statement,N1,ja,JLPT (open-anki-jlpt-decks)
控除,こうじょ,"subsidy, deduction",N1,ja,JLPT (open-anki-jlpt-decks)
交渉,こうしょう,negotiation,N1,ja,JLPT (open-anki-jlpt-decks)
高尚,こうしょう,"high, noble, refined",N1,ja,JLPT (open-anki-jlpt-decks)
向上,こうじょう,"rise, improvement, progress",N1,ja,JLPT (open-anki-jlpt-decks)
行進,こうしん,"march, parade",N1,ja,JLPT (open-anki-jlpt-decks)
香辛料,こうしんりょう,spices,N1,ja,JLPT (open-anki-jlpt-decks)
降水,こうすい,"rainfall, precipitation",N1,ja,JLPT (open-anki-jlpt-decks)
洪水,こうずい,flood,N1,ja,JLPT (open-anki-jlpt-decks)
合成,ごうせい,"synthetic, mixed",N1,ja,JLPT (open-anki-jlpt-decks)
公然,こうぜん,openly,N1,ja,JLPT (open-anki-jlpt-decks)
抗争,こうそう,"dispute, resistance",N1,ja,JLPT (open-anki-jlpt-decks)
構想,こうそう,"plan, plot, idea, conception",N1,ja,JLPT (open-anki-jlpt-decks)
後退,こうたい,"retreat, backspace",N1,ja,JLPT (open-anki-jlpt-decks)
光沢,こうたく,"luster, glossy finish (of photographs)",N1,ja,JLPT (open-anki-jlpt-decks)
公団,こうだん,public corporation,N1,ja,JLPT (open-anki-jlpt-decks)
好調,こうちょう,"satisfactory, in good shape",N1,ja,JLPT (open-anki-jlpt-decks)
口頭,こうとう,oral,N1,ja,JLPT (open-anki-jlpt-decks)
講読,こうどく,reading,N1,ja,JLPT (open-anki-jlpt-decks)
購読,こうどく,subscription,N1,ja,JLPT (open-anki-jlpt-decks)
購入,こうにゅう,"purchase, buy",N1,ja,JLPT (open-anki-jlpt-decks)
公認,こうにん,"official recognition, authorization",N1,ja,JLPT (open-anki-jlpt-decks)
光熱費,こうねつひ,cost of fuel and light,N1,ja,JLPT (open-anki-jlpt-decks)
購買,こうばい,"purchase, buy",N1,ja,JLPT (open-anki-jlpt-decks)
好評,こうひょう,"popularity, favorable reputation",N1,ja,JLPT (open-anki-jlpt-decks)
交付,こうふ,"delivering, furnishing (with copies)",N1,ja,JLPT (open-anki-jlpt-decks)
公募,こうぼ,"public appeal, public contribution",N1,ja,JLPT (open-anki-jlpt-decks)
巧妙,こうみょう,"ingenious, skillful, clever",N1,ja,JLPT (open-anki-jlpt-decks)
公用,こうよう,"government business, public use, public expense",N1,ja,JLPT (open-anki-jlpt-decks)
小売,こうり,retail,N1,ja,JLPT (open-anki-jlpt-decks)
効率,こうりつ,efficiency,N1,ja,JLPT (open-anki-jlpt-decks)
公立,こうりつ,public institution,N1,ja,JLPT (open-anki-jlpt-decks)
護衛,ごえい,"guard, convoy, escort",N1,ja,JLPT (open-anki-jlpt-decks)
コーナー,コーナー,corner,N1,ja,JLPT (open-anki-jlpt-decks)
小柄,こがら,"small, diminutive",N1,ja,JLPT (open-anki-jlpt-decks)
小切手,こぎって,"cheque, check",N1,ja,JLPT (open-anki-jlpt-decks)
国産,こくさん,domestic products,N1,ja,JLPT (open-anki-jlpt-decks)
国定,こくてい,"state-sponsored, national",N1,ja,JLPT (open-anki-jlpt-decks)
告白,こくはく,"confession, acknowledgment",N1,ja,JLPT (open-anki-jlpt-decks)
国防,こくぼう,national defense,N1,ja,JLPT (open-anki-jlpt-decks)
国有,こくゆう,national ownership,N1,ja,JLPT (open-anki-jlpt-decks)
極楽,ごくらく,paradise,N1,ja,JLPT (open-anki-jlpt-decks)
国連,こくれん,"U.N., United Nations",N1,ja,JLPT (open-anki-jlpt-decks)
焦げ茶,こげちゃ,dark brown,N1,ja,JLPT (open-anki-jlpt-decks)
語源,ごげん,"word root, word derivation, etymology",N1,ja,JLPT (open-anki-jlpt-decks)
心地,ここち,"feeling, sensation, mood",N1,ja,JLPT (open-anki-jlpt-decks)
心得,こころえ,"knowledge, information",N1,ja,JLPT (open-anki-jlpt-decks)
心掛け,こころがけ,"readiness, intention, aim",N1,ja,JLPT (open-anki-jlpt-decks)
心掛ける,こころがける,"to bear in mind, to aim to do",N1,ja,JLPT (open-anki-jlpt-decks)
志,こころざし,"will, intention, motive",N1,ja,JLPT (open-anki-jlpt-decks)
志す,こころざす,"to plan, to intend, to aspire to",N1,ja,JLPT (open-anki-jlpt-decks)
心強い,こころづよい,"heartening, reassuring",N1,ja,JLPT (open-anki-jlpt-decks)
心細い,こころぼそい,"helpless, hopeless, discouraging",N1,ja,JLPT (open-anki-jlpt-decks)
試み,こころみ,"trial, experiment",N1,ja,JLPT (open-anki-jlpt-decks)
試みる,こころみる,"to try, to test",N1,ja,JLPT (open-anki-jlpt-decks)
快い,こころよい,"pleasant, agreeable",N1,ja,JLPT (open-anki-jlpt-decks)
誤差,ごさ,error,N1,ja,JLPT (open-anki-jlpt-decks)
ございます (かん),ございます (かん),"to be (polite, to exist)",N1,ja,JLPT (open-anki-jlpt-decks)
孤児,こじ,orphan,N1,ja,JLPT (open-anki-jlpt-decks)
こじれる,こじれる,"to get complicated, to grow worse",N1,ja,JLPT (open-anki-jlpt-decks)
こす (みずを～),こす (みずを～),"to strain, to filter",N1,ja,JLPT (open-anki-jlpt-decks)
梢,こずえ,treetop,N1,ja,JLPT (open-anki-jlpt-decks)
個性,こせい,"individuality, personality, idiosyncrasy",N1,ja,JLPT (open-anki-jlpt-decks)
戸籍,こせき,"census, family register",N1,ja,JLPT (open-anki-jlpt-decks)
古代,こだい,ancient times,N1,ja,JLPT (open-anki-jlpt-decks)
こたつ,こたつ,"table with heater, (originally) charcoal brazier in a floor well",N1,ja,JLPT (open-anki-jlpt-decks)
こだわる,こだわる,"to fuss over, to be particular about",N1,ja,JLPT (open-anki-jlpt-decks)
誇張,こちょう,exaggeration,N1,ja,JLPT (open-anki-jlpt-decks)
こつ (をつかむ),こつ (をつかむ),"secret, trick, hang",N1,ja,JLPT (open-anki-jlpt-decks)
滑稽,こっけい,"funny, humorous, comical",N1,ja,JLPT (open-anki-jlpt-decks)
国交,こっこう,diplomatic relations,N1,ja,JLPT (open-anki-jlpt-decks)
骨董品,こっとうひん,curio,N1,ja,JLPT (open-anki-jlpt-decks)
固定,こてい,"fixation, fixing (e.g., salary, capital)",N1,ja,JLPT (open-anki-jlpt-decks)
事柄,ことがら,"matter, thing, affair, circumstance",N1,ja,JLPT (open-anki-jlpt-decks)
孤独,こどく,"isolation, loneliness, solitude",N1,ja,JLPT (open-anki-jlpt-decks)
ことごとく,ことごとく,"altogether, entirely",N1,ja,JLPT (open-anki-jlpt-decks)
言付け,ことづけ,to leave a message,N1,ja,JLPT (open-anki-jlpt-decks)
殊に,ことに,"especially, above all",N1,ja,JLPT (open-anki-jlpt-decks)
粉々,こなごな,in very small pieces,N1,ja,JLPT (open-anki-jlpt-decks)
好ましい,このましい,"nice, likable, desirable",N1,ja,JLPT (open-anki-jlpt-decks)
碁盤,ごばん,Go board,N1,ja,JLPT (open-anki-jlpt-decks)
個別,こべつ,particular case,N1,ja,JLPT (open-anki-jlpt-decks)
ごまかす,ごまかす,"to deceive, to falsify, to misrepresent",N1,ja,JLPT (open-anki-jlpt-decks)
細やか,こまやか,"meager, modest",N1,ja,JLPT (open-anki-jlpt-decks)
コマーシャル,コマーシャル,a commercial,N1,ja,JLPT (open-anki-jlpt-decks)
込める,こめる,"to include, to put into",N1,ja,JLPT (open-anki-jlpt-decks)
コメント,コメント,comment,N1,ja,JLPT (open-anki-jlpt-decks)
籠もる,こもる,"to seclude oneself, to be confined in",N1,ja,JLPT (open-anki-jlpt-decks)
固有,こゆう,"characteristic, tradition, peculiar",N1,ja,JLPT (open-anki-jlpt-decks)
暦,こよみ,"calendar, almanac",N1,ja,JLPT (open-anki-jlpt-decks)
凝らす,こらす,"to concentrate, to devote, to peer into",N1,ja,JLPT (open-anki-jlpt-decks)
ごらんなさい (かん),ごらんなさい (かん),"look, (please) try to do",N1,ja,JLPT (open-anki-jlpt-decks)
孤立,こりつ,"isolation, helplessness",N1,ja,JLPT (open-anki-jlpt-decks)
懲りる,こりる,"to learn by experience, to be disgusted with",N1,ja,JLPT (open-anki-jlpt-decks)
凝る,こる,"to stiffen, to harden",N1,ja,JLPT (open-anki-jlpt-decks)
根気,こんき,"patience; perseverance, energy",N1,ja,JLPT (open-anki-jlpt-decks)
根拠,こんきょ,"basis, foundation",N1,ja,JLPT (open-anki-jlpt-decks)
混血,こんけつ,"mixed race, mixed parentage",N1,ja,JLPT (open-anki-jlpt-decks)
コンタクト (レンズ),コンタクト (レンズ),contact; contact lens,N1,ja,JLPT (open-anki-jlpt-decks)
昆虫,こんちゅう,"insect, bug",N1,ja,JLPT (open-anki-jlpt-decks)
根底,こんてい,"root, basis, foundation",N1,ja,JLPT (open-anki-jlpt-decks)
混同,こんどう,"confusion, mixing, merger",N1,ja,JLPT (open-anki-jlpt-decks)
コントラスト,コントラスト,contrast,N1,ja,JLPT (open-anki-jlpt-decks)
コントロール,コントロール,control,N1,ja,JLPT (open-anki-jlpt-decks)
コンパス,コンパス,compass,N1,ja,JLPT (open-anki-jlpt-decks)
根本,こんぽん,"foundation, root, base",N1,ja,JLPT (open-anki-jlpt-decks)
財,ざい,"fortune, riches",N1,ja,JLPT (open-anki-jlpt-decks)
再会,さいかい,"meeting again, reunion",N1,ja,JLPT (open-anki-jlpt-decks)
災害,さいがい,"calamity, disaster, misfortune",N1,ja,JLPT (open-anki-jlpt-decks)
細菌,さいきん,"bacillus, bacterium, germ",N1,ja,JLPT (open-anki-jlpt-decks)
細工,さいく,"work, craftsmanship, trick",N1,ja,JLPT (open-anki-jlpt-decks)
採掘,さいくつ,mining,N1,ja,JLPT (open-anki-jlpt-decks)
サイクル,サイクル,cycle,N1,ja,JLPT (open-anki-jlpt-decks)
採決,さいけつ,"vote, roll call",N1,ja,JLPT (open-anki-jlpt-decks)
再建,さいけん,(temple or shrine) rebuilding,N1,ja,JLPT (open-anki-jlpt-decks)
再現,さいげん,"reproduction, return, revival",N1,ja,JLPT (open-anki-jlpt-decks)
財源,ざいげん,"source of funds, resources, finances",N1,ja,JLPT (open-anki-jlpt-decks)
在庫,ざいこ,"stockpile, stock",N1,ja,JLPT (open-anki-jlpt-decks)
採算,さいさん,profit,N1,ja,JLPT (open-anki-jlpt-decks)
サイズ,サイズ,size,N1,ja,JLPT (open-anki-jlpt-decks)
再生,さいせい,"playback, regeneration, resuscitation",N1,ja,JLPT (open-anki-jlpt-decks)
財政,ざいせい,"economy, financial affairs",N1,ja,JLPT (open-anki-jlpt-decks)
最善,さいぜん,the very best,N1,ja,JLPT (open-anki-jlpt-decks)
採択,さいたく,"adoption, selection, choice",N1,ja,JLPT (open-anki-jlpt-decks)
栽培,さいばい,cultivation,N1,ja,JLPT (open-anki-jlpt-decks)
再発,さいはつ,"return, relapse, reoccurrence",N1,ja,JLPT (open-anki-jlpt-decks)
細胞,さいぼう,cell,N1,ja,JLPT (open-anki-jlpt-decks)
採用,さいよう,"use, adopt",N1,ja,JLPT (open-anki-jlpt-decks)
遮る,さえぎる,"to interrupt, to intercept, to obstruct",N1,ja,JLPT (open-anki-jlpt-decks)
さえずる,さえずる,"to sing, to chirp, to twitter",N1,ja,JLPT (open-anki-jlpt-decks)
冴える,さえる,"to be clear, to be bright, to be skillful",N1,ja,JLPT (open-anki-jlpt-decks)
竿,さお,"rod, pole (e.g., for drying laundry)",N1,ja,JLPT (open-anki-jlpt-decks)
栄える,さかえる,"to flourish, to prosper, to thrive",N1,ja,JLPT (open-anki-jlpt-decks)
差額,さがく,"balance, difference, margin",N1,ja,JLPT (open-anki-jlpt-decks)
杯,さかずき,wine cup,N1,ja,JLPT (open-anki-jlpt-decks)
逆立ち,さかだち,"handstand, headstand",N1,ja,JLPT (open-anki-jlpt-decks)
さきに (いぜん),さきに (いぜん),"before, earlier than, previously",N1,ja,JLPT (open-anki-jlpt-decks)
詐欺,さぎ,"fraud, swindle",N1,ja,JLPT (open-anki-jlpt-decks)
削減,さくげん,"cut, reduction",N1,ja,JLPT (open-anki-jlpt-decks)
錯誤,さくご,mistake,N1,ja,JLPT (open-anki-jlpt-decks)
作戦,さくせん,"military operations, tactics, strategy",N1,ja,JLPT (open-anki-jlpt-decks)
叫び,さけび,"shout, scream, outcry",N1,ja,JLPT (open-anki-jlpt-decks)
捧げる,ささげる,"to lift up, to give, to offer",N1,ja,JLPT (open-anki-jlpt-decks)
差し掛かる,さしかかる,"to come near to, to approach",N1,ja,JLPT (open-anki-jlpt-decks)
指図,さしず,"instruction, mandate",N1,ja,JLPT (open-anki-jlpt-decks)
差し出す,さしだす,"to present, to submit, to hold out",N1,ja,JLPT (open-anki-jlpt-decks)
差し支える,さしつかえる,"to interfere, to hinder",N1,ja,JLPT (open-anki-jlpt-decks)
授ける,さずける,"to grant, to award, to teach",N1,ja,JLPT (open-anki-jlpt-decks)
摩する,さする,"to rub, to stroke",N1,ja,JLPT (open-anki-jlpt-decks)
さぞ (さぞや。さぞかし),さぞ (さぞや。さぞかし),"I am sure, certainly, no doubt",N1,ja,JLPT (open-anki-jlpt-decks)
定まる,さだまる,"to become settled, to be fixed",N1,ja,JLPT (open-anki-jlpt-decks)
定める,さだめる,"to decide, to determine",N1,ja,JLPT (open-anki-jlpt-decks)
座談会,ざだんかい,"symposium, round-table discussion",N1,ja,JLPT (open-anki-jlpt-decks)
雑,ざつ,"rough, crude",N1,ja,JLPT (open-anki-jlpt-decks)
雑貨,ざっか,"miscellaneous goods, general goods",N1,ja,JLPT (open-anki-jlpt-decks)
殺人,さつじん,murder,N1,ja,JLPT (open-anki-jlpt-decks)
察する,さっする,"to guess, to sense, to judge",N1,ja,JLPT (open-anki-jlpt-decks)
雑談,ざつだん,"chatting, idle talk",N1,ja,JLPT (open-anki-jlpt-decks)
さっと,さっと,"suddenly, smoothly",N1,ja,JLPT (open-anki-jlpt-decks)
さっぱりする,さっぱりする,to refresh,N1,ja,JLPT (open-anki-jlpt-decks)
悟る,さとる,"to attain enlightenment, to understand",N1,ja,JLPT (open-anki-jlpt-decks)
最中,さなか,"in the middle of, midst",N1,ja,JLPT (open-anki-jlpt-decks)
座標,ざひょう,coordinates,N1,ja,JLPT (open-anki-jlpt-decks)
さほど,さほど,"not so, not that much",N1,ja,JLPT (open-anki-jlpt-decks)
サボる,サボる,to cut (skip) classes; to loaf on the job; to idle away one's time,N1,ja,JLPT (open-anki-jlpt-decks)
様,さま,state; way (a person does something); Mr. or Mrs.,N1,ja,JLPT (open-anki-jlpt-decks)
寒気,さむけ,"chill, shiver, cold",N1,ja,JLPT (open-anki-jlpt-decks)
侍,さむらい,samurai,N1,ja,JLPT (open-anki-jlpt-decks)
さも,さも,"with gusto, with satisfaction",N1,ja,JLPT (open-anki-jlpt-decks)
作用,さよう,"operation, effect, function",N1,ja,JLPT (open-anki-jlpt-decks)
さらう (こどもを～),さらう (こどもを～),to kidnap,N1,ja,JLPT (open-anki-jlpt-decks)
障る,さわる,"to hinder, to interfere with, to affect",N1,ja,JLPT (open-anki-jlpt-decks)
酸,さん,acid,N1,ja,JLPT (open-anki-jlpt-decks)
山岳,さんがく,mountains,N1,ja,JLPT (open-anki-jlpt-decks)
参議院,さんぎいん,House of Councilors,N1,ja,JLPT (open-anki-jlpt-decks)
産休,さんきゅう,maternity leave,N1,ja,JLPT (open-anki-jlpt-decks)
サンキュー,サンキュー,thank you,N1,ja,JLPT (open-anki-jlpt-decks)
残金,ざんきん,remaining money,N1,ja,JLPT (open-anki-jlpt-decks)
産後,さんご,"postpartum, after childbirth",N1,ja,JLPT (open-anki-jlpt-decks)
残酷,ざんこく,"cruelty, harshness",N1,ja,JLPT (open-anki-jlpt-decks)
産出,さんしゅつ,"yield, produce",N1,ja,JLPT (open-anki-jlpt-decks)
参照,さんしょう,"reference, consultation, consultation",N1,ja,JLPT (open-anki-jlpt-decks)
参上,さんじょう,"calling on, visiting",N1,ja,JLPT (open-anki-jlpt-decks)
残高,ざんだか,"(bank) balance, remainder",N1,ja,JLPT (open-anki-jlpt-decks)
サンタクロース,サンタクロース,Santa Claus,N1,ja,JLPT (open-anki-jlpt-decks)
桟橋,さんばし,"wharf, jetty, pier",N1,ja,JLPT (open-anki-jlpt-decks)
賛美,さんび,"praise, adoration, glorification",N1,ja,JLPT (open-anki-jlpt-decks)
山腹,さんぷく,"hillside, mountainside",N1,ja,JLPT (open-anki-jlpt-decks)
産婦人科,さんふじんか,maternity and gynecology department,N1,ja,JLPT (open-anki-jlpt-decks)
産物,さんぶつ,"product, result, fruit",N1,ja,JLPT (open-anki-jlpt-decks)
山脈,さんみゃく,mountain range,N1,ja,JLPT (open-anki-jlpt-decks)
仕上がり,しあがり,"finish, end, completion",N1,ja,JLPT (open-anki-jlpt-decks)
仕上,しあげ,"end, finishing touches",N1,ja,JLPT (open-anki-jlpt-decks)
仕上げる,しあげる,"to finish up, to complete",N1,ja,JLPT (open-anki-jlpt-decks)
飼育,しいく,"breeding, raising, rearing",N1,ja,JLPT (open-anki-jlpt-decks)
強いて,しいて,"to dare, to insist",N1,ja,JLPT (open-anki-jlpt-decks)
シート,シート,seat; sheet,N1,ja,JLPT (open-anki-jlpt-decks)
ジーパン,ジーパン,jeans,N1,ja,JLPT (open-anki-jlpt-decks)
仕入れる,しいれる,"to lay in stock, to replenish stock, to procure",N1,ja,JLPT (open-anki-jlpt-decks)
強いる,しいる,"to force, to compel, to coerce",N1,ja,JLPT (open-anki-jlpt-decks)
潮,しお,tide,N1,ja,JLPT (open-anki-jlpt-decks)
歯科,しか,dentistry,N1,ja,JLPT (open-anki-jlpt-decks)
自我,じが,"self, ego",N1,ja,JLPT (open-anki-jlpt-decks)
自覚,じかく,self-conscious,N1,ja,JLPT (open-anki-jlpt-decks)
仕掛,しかけ,"device, trick, mechanism",N1,ja,JLPT (open-anki-jlpt-decks)
仕掛ける,しかける,"to lay, to set, to wage",N1,ja,JLPT (open-anki-jlpt-decks)
しかしながら,しかしながら,"however, nevertheless",N1,ja,JLPT (open-anki-jlpt-decks)
色彩,しきさい,color,N1,ja,JLPT (open-anki-jlpt-decks)
式場,しきじょう,"ceremonial hall, place of ceremony (e.g., marriage)",N1,ja,JLPT (open-anki-jlpt-decks)
しきたり,しきたり,"custom, conventional practice, tradition",N1,ja,JLPT (open-anki-jlpt-decks)
事業,じぎょう,"project, enterprise, business",N1,ja,JLPT (open-anki-jlpt-decks)
軽蔑,けいべつ,"scorn, disdain",N1,ja,JLPT (open-anki-jlpt-decks)
経歴,けいれき,"personal history, career",N1,ja,JLPT (open-anki-jlpt-decks)
経路,けいろ,"course, route, channel",N1,ja,JLPT (open-anki-jlpt-decks)
けがらわしい,けがらわしい,"filthy, unfair",N1,ja,JLPT (open-anki-jlpt-decks)
劇団,げきだん,"troupe, theatrical company",N1,ja,JLPT (open-anki-jlpt-decks)
激励,げきれい,encouragement,N1,ja,JLPT (open-anki-jlpt-decks)
ゲスト,ゲスト,guest,N1,ja,JLPT (open-anki-jlpt-decks)
獣,けだもの,"beast, brute",N1,ja,JLPT (open-anki-jlpt-decks)
決,けつ,"decision, vote",N1,ja,JLPT (open-anki-jlpt-decks)
決意,けつい,"decision, determination",N1,ja,JLPT (open-anki-jlpt-decks)
結核,けっかく,tuberculosis,N1,ja,JLPT (open-anki-jlpt-decks)
決議,けつぎ,"resolution, vote, decision",N1,ja,JLPT (open-anki-jlpt-decks)
結合,けつごう,"combination, union",N1,ja,JLPT (open-anki-jlpt-decks)
決算,けっさん,"balance sheet, settlement of accounts",N1,ja,JLPT (open-anki-jlpt-decks)
月謝,げっしゃ,monthly tuition fee,N1,ja,JLPT (open-anki-jlpt-decks)
決勝,けっしょう,finals (in sports),N1,ja,JLPT (open-anki-jlpt-decks)
結晶,けっしょう,"crystal, crystallization",N1,ja,JLPT (open-anki-jlpt-decks)
結成,けっせい,formation,N1,ja,JLPT (open-anki-jlpt-decks)
結束,けっそく,"union, unity",N1,ja,JLPT (open-anki-jlpt-decks)
げっそり,げっそり,"being disheartened, losing weight",N1,ja,JLPT (open-anki-jlpt-decks)
決断,けつだん,"decision, determination",N1,ja,JLPT (open-anki-jlpt-decks)
月賦,げっぷ,monthly installment,N1,ja,JLPT (open-anki-jlpt-decks)
欠乏,けつぼう,shortage,N1,ja,JLPT (open-anki-jlpt-decks)
蹴飛ばす,けとばす,"to kick away, to kick (someone)",N1,ja,JLPT (open-anki-jlpt-decks)
けなす,けなす,to speak ill of,N1,ja,JLPT (open-anki-jlpt-decks)
煙たい,けむたい,"smoky, feeling awkward",N1,ja,JLPT (open-anki-jlpt-decks)
煙る,けむる,"to smoke (e.g., fire)",N1,ja,JLPT (open-anki-jlpt-decks)
獣,けもの,"beast, brute",N1,ja,JLPT (open-anki-jlpt-decks)
家来,けらい,"retainer, retinue, servant",N1,ja,JLPT (open-anki-jlpt-decks)
下痢,げり,diarrhea,N1,ja,JLPT (open-anki-jlpt-decks)
権威,けんい,"authority, power, influence",N1,ja,JLPT (open-anki-jlpt-decks)
兼業,けんぎょう,holding two jobs at the same time,N1,ja,JLPT (open-anki-jlpt-decks)
原形,げんけい,"original form, base form",N1,ja,JLPT (open-anki-jlpt-decks)
原型,げんけい,"prototype, model, archetypal",N1,ja,JLPT (open-anki-jlpt-decks)
権限,けんげん,"power, authority, jurisdiction",N1,ja,JLPT (open-anki-jlpt-decks)
現行,げんこう,"present, current, in operation",N1,ja,JLPT (open-anki-jlpt-decks)
健在,けんざい,"in good health, well",N1,ja,JLPT (open-anki-jlpt-decks)
原作,げんさく,original work,N1,ja,JLPT (open-anki-jlpt-decks)
検事,けんじ,public prosecutor,N1,ja,JLPT (open-anki-jlpt-decks)
原子,げんし,atom,N1,ja,JLPT (open-anki-jlpt-decks)
元首,げんしゅ,"ruler, sovereign",N1,ja,JLPT (open-anki-jlpt-decks)
原書,げんしょ,original document,N1,ja,JLPT (open-anki-jlpt-decks)
懸賞,けんしょう,"offering prizes, winning, reward",N1,ja,JLPT (open-anki-jlpt-decks)
健全,けんぜん,"health, soundness, wholesome",N1,ja,JLPT (open-anki-jlpt-decks)
元素,げんそ,element,N1,ja,JLPT (open-anki-jlpt-decks)
同調,どうちょう,"sympathy, agree with, alignment",N1,ja,JLPT (open-anki-jlpt-decks)
到底,とうてい,(cannot) possibly,N1,ja,JLPT (open-anki-jlpt-decks)
動的,どうてき,"dynamic, kinetic",N1,ja,JLPT (open-anki-jlpt-decks)
尊い,とうとい,"precious, valuable, noble",N1,ja,JLPT (open-anki-jlpt-decks)
貴い,とうとい,"precious, valuable, noble",N1,ja,JLPT (open-anki-jlpt-decks)
同等,どうとう,"equality, equal, same rank",N1,ja,JLPT (open-anki-jlpt-decks)
堂々,どうどう,"magnificent, grand, impressive",N1,ja,JLPT (open-anki-jlpt-decks)
尊ぶ,とうとぶ,"to value, to prize, to esteem",N1,ja,JLPT (open-anki-jlpt-decks)
どうにか,どうにか,"in some way or other, one way or another",N1,ja,JLPT (open-anki-jlpt-decks)
投入,とうにゅう,"throw, investment, making (an electrical circuit)",N1,ja,JLPT (open-anki-jlpt-decks)
導入,どうにゅう,"introduction, bringing in, leading in",N1,ja,JLPT (open-anki-jlpt-decks)
当人,とうにん,"the one concerned, the said person",N1,ja,JLPT (open-anki-jlpt-decks)
同封,どうふう,"enclosure (e.g., in a letter)",N1,ja,JLPT (open-anki-jlpt-decks)
逃亡,とうぼう,escape,N1,ja,JLPT (open-anki-jlpt-decks)
冬眠,とうみん,"hibernation, winter sleep",N1,ja,JLPT (open-anki-jlpt-decks)
同盟,どうめい,"alliance, union, league",N1,ja,JLPT (open-anki-jlpt-decks)
どうやら,どうやら,"it seems like, somehow or other",N1,ja,JLPT (open-anki-jlpt-decks)
動力,どうりょく,"power, motive power, dynamic force",N1,ja,JLPT (open-anki-jlpt-decks)
登録,とうろく,"registration, register, record",N1,ja,JLPT (open-anki-jlpt-decks)
討論,とうろん,discussion; debate,N1,ja,JLPT (open-anki-jlpt-decks)
遠ざかる,とおざかる,to go far off,N1,ja,JLPT (open-anki-jlpt-decks)
遠回り,とおまわり,"detour, roundabout way",N1,ja,JLPT (open-anki-jlpt-decks)
トーン,トーン,tone,N1,ja,JLPT (open-anki-jlpt-decks)
とかく,とかく,"anyhow, anyway, in any case",N1,ja,JLPT (open-anki-jlpt-decks)
とがめる,とがめる,"to blame, to rebuke",N1,ja,JLPT (open-anki-jlpt-decks)
時折,ときおり,sometimes,N1,ja,JLPT (open-anki-jlpt-decks)
とぎれる,とぎれる,"to pause, to be interrupted",N1,ja,JLPT (open-anki-jlpt-decks)
研ぐ,とぐ,"to sharpen, to grind, to polish",N1,ja,JLPT (open-anki-jlpt-decks)
特技,とくぎ,special talent; skill,N1,ja,JLPT (open-anki-jlpt-decks)
独裁,どくさい,"dictatorship, despotism",N1,ja,JLPT (open-anki-jlpt-decks)
特産,とくさん,"specialty, special product",N1,ja,JLPT (open-anki-jlpt-decks)
独自,どくじ,"original, peculiar, characteristic",N1,ja,JLPT (open-anki-jlpt-decks)
特集,とくしゅう,"feature (e.g., newspaper, special edition, report)",N1,ja,JLPT (open-anki-jlpt-decks)
独占,どくせん,monopoly,N1,ja,JLPT (open-anki-jlpt-decks)
独創,どくそう,originality,N1,ja,JLPT (open-anki-jlpt-decks)
得点,とくてん,"score, points made",N1,ja,JLPT (open-anki-jlpt-decks)
特派,とくは,"send specially, special envoy",N1,ja,JLPT (open-anki-jlpt-decks)
特有,とくゆう,"characteristic (of, peculiar (to))",N1,ja,JLPT (open-anki-jlpt-decks)
とげ (をさす),とげ (をさす),thorn,N1,ja,JLPT (open-anki-jlpt-decks)
遂げる,とげる,"to accomplish, to achieve, to carry out",N1,ja,JLPT (open-anki-jlpt-decks)
～どころか,～どころか,"rather, far from",N1,ja,JLPT (open-anki-jlpt-decks)
年頃,としごろ,"age, marriageable age, adolescence",N1,ja,JLPT (open-anki-jlpt-decks)
戸締り,とじまり,"closing up, locking the doors",N1,ja,JLPT (open-anki-jlpt-decks)
途上,とじょう,"en/in route, half way",N1,ja,JLPT (open-anki-jlpt-decks)
土台,どだい,"foundation, base, basis",N1,ja,JLPT (open-anki-jlpt-decks)
途絶える,とだえる,"to stop, to cease, to come to an end",N1,ja,JLPT (open-anki-jlpt-decks)
特許,とっきょ,"special permission, patent",N1,ja,JLPT (open-anki-jlpt-decks)
特権,とっけん,"privilege, special right",N1,ja,JLPT (open-anki-jlpt-decks)
とっさに,とっさに,at once,N1,ja,JLPT (open-anki-jlpt-decks)
突如,とつじょ,"suddenly, all of a sudden",N1,ja,JLPT (open-anki-jlpt-decks)
とって,とって,"handle, grip, knob",N1,ja,JLPT (open-anki-jlpt-decks)
突破,とっぱ,"breaking through, breakthrough, penetration",N1,ja,JLPT (open-anki-jlpt-decks)
土手,どて,"embankment, bank",N1,ja,JLPT (open-anki-jlpt-decks)
届,とどけ,"report, notification, registration",N1,ja,JLPT (open-anki-jlpt-decks)
滞る,とどこおる,"to stagnate, to be delayed",N1,ja,JLPT (open-anki-jlpt-decks)
整える,ととのえる,"to put in order, to arrange, to adjust; to get ready, to prepare; to raise money",N1,ja,JLPT (open-anki-jlpt-decks)
止める,とどめる,"to end, to stop, to cease, to resign",N1,ja,JLPT (open-anki-jlpt-decks)
唱える,となえる,"to recite, to chant, to call upon",N1,ja,JLPT (open-anki-jlpt-decks)
殿様,とのさま,feudal lord,N1,ja,JLPT (open-anki-jlpt-decks)
土俵,どひょう,arena,N1,ja,JLPT (open-anki-jlpt-decks)
扉,とびら,"door, opening",N1,ja,JLPT (open-anki-jlpt-decks)
溝,どぶ,"ditch, drain, gap",N1,ja,JLPT (open-anki-jlpt-decks)
徒歩,とほ,"walking, going on foot",N1,ja,JLPT (open-anki-jlpt-decks)
土木,どぼく,public works,N1,ja,JLPT (open-anki-jlpt-decks)
とぼける,とぼける,"to play dumb, to feign ignorance, to play innocent, to have a blank facial expression; to play the fool; to be in one's dotage",N1,ja,JLPT (open-anki-jlpt-decks)
乏しい,とぼしい,"meager, scarce, hard up, poor",N1,ja,JLPT (open-anki-jlpt-decks)
富,とみ,"wealth, fortune",N1,ja,JLPT (open-anki-jlpt-decks)
富む,とむ,"to be rich, to become rich",N1,ja,JLPT (open-anki-jlpt-decks)
共稼ぎ,ともかせぎ,"working together, (husband and wife) earning a living together",N1,ja,JLPT (open-anki-jlpt-decks)
伴う,ともなう,"to accompany, to bring with",N1,ja,JLPT (open-anki-jlpt-decks)
共働き,ともばたらき,dual income (husband and wife both working),N1,ja,JLPT (open-anki-jlpt-decks)
ドライ,ドライ,dry,N1,ja,JLPT (open-anki-jlpt-decks)
ドライクリーニング,ドライクリーニング,dry cleaning,N1,ja,JLPT (open-anki-jlpt-decks)
ドライバー,ドライバー,"driver, screwdriver",N1,ja,JLPT (open-anki-jlpt-decks)
ドライブイン,ドライブイン,drive in,N1,ja,JLPT (open-anki-jlpt-decks)
トラブル,トラブル,trouble (sometimes used as a verb),N1,ja,JLPT (open-anki-jlpt-decks)
トランジスター,トランジスター,transistor,N1,ja,JLPT (open-anki-jlpt-decks)
とりあえず,とりあえず,"at once, first of all, for the time being",N1,ja,JLPT (open-anki-jlpt-decks)
取扱,とりあつかい,"treatment, handling, management",N1,ja,JLPT (open-anki-jlpt-decks)
取り扱う,とりあつかう,"to treat, to handle, to deal in",N1,ja,JLPT (open-anki-jlpt-decks)
鳥居,とりい,Shinto shrine archway,N1,ja,JLPT (open-anki-jlpt-decks)
取り替え,とりかえ,"swap, exchange",N1,ja,JLPT (open-anki-jlpt-decks)
取り組む,とりくむ,"to tackle, to engage in a bout, to come to grips with",N1,ja,JLPT (open-anki-jlpt-decks)
取締り,とりしまり,"control, crackdown, supervision",N1,ja,JLPT (open-anki-jlpt-decks)
取り締まる,とりしまる,"to crack down, to control, to supervise",N1,ja,JLPT (open-anki-jlpt-decks)
取り調べる,とりしらべる,"to investigate, to examine",N1,ja,JLPT (open-anki-jlpt-decks)
取り立てる,とりたてる,"to collect, to extort",N1,ja,JLPT (open-anki-jlpt-decks)
取り次ぐ,とりつぐ,"to act as an agent for, to announce (someone), to convey (a message)",N1,ja,JLPT (open-anki-jlpt-decks)
取り付ける,とりつける,"to furnish, to install; to get someone's agreement",N1,ja,JLPT (open-anki-jlpt-decks)
取り除く,とりのぞく,"to remove, to take away, to set apart",N1,ja,JLPT (open-anki-jlpt-decks)
取引,とりひき,"transactions, dealings, business",N1,ja,JLPT (open-anki-jlpt-decks)
取り巻く,とりまく,"to surround, to circle, to enclose",N1,ja,JLPT (open-anki-jlpt-decks)
取り混ぜる,とりまぜる,"to mix, to put together",N1,ja,JLPT (open-anki-jlpt-decks)
取り戻す,とりもどす,"to take back, to regain",N1,ja,JLPT (open-anki-jlpt-decks)
取り寄せる,とりよせる,"to order, to send away for",N1,ja,JLPT (open-anki-jlpt-decks)
ドリル,ドリル,drill,N1,ja,JLPT (open-anki-jlpt-decks)
副,とりわけ,"especially, above all",N1,ja,JLPT (open-anki-jlpt-decks)
とろける,とろける,melt; to be enchanted with,N1,ja,JLPT (open-anki-jlpt-decks)
鈍感,どんかん,"thickheadedness, stolidity",N1,ja,JLPT (open-anki-jlpt-decks)
とんだ,とんだ,"terrible, awful, serious, absolutely not",N1,ja,JLPT (open-anki-jlpt-decks)
度忘れ,どわすれ,"lapse of memory, forget for a moment",N1,ja,JLPT (open-anki-jlpt-decks)
問屋,とんや,wholesale store,N1,ja,JLPT (open-anki-jlpt-decks)
内閣,ないかく,"cabinet, (government)",N1,ja,JLPT (open-anki-jlpt-decks)
乃至,ないし,"from...to, between...and, or",N1,ja,JLPT (open-anki-jlpt-decks)
内緒,ないしょ,"secrecy, privacy, secret",N1,ja,JLPT (open-anki-jlpt-decks)
内心,ないしん,"innermost thoughts, real intention, inmost heart",N1,ja,JLPT (open-anki-jlpt-decks)
内蔵,ないぞう,internal organ; built-in,N1,ja,JLPT (open-anki-jlpt-decks)
ナイター,ナイター,"game under lights (e.g., baseball), night game",N1,ja,JLPT (open-anki-jlpt-decks)
内部,ないぶ,"interior, inside, internal",N1,ja,JLPT (open-anki-jlpt-decks)
内乱,ないらん,"civil war, domestic conflict",N1,ja,JLPT (open-anki-jlpt-decks)
内陸,ないりく,inland,N1,ja,JLPT (open-anki-jlpt-decks)
苗,なえ,rice seedling,N1,ja,JLPT (open-anki-jlpt-decks)
なおさら,なおさら,"all the more, still less",N1,ja,JLPT (open-anki-jlpt-decks)
流し,ながし,sink,N1,ja,JLPT (open-anki-jlpt-decks)
長々,ながなが,"long, drawn-out, very long",N1,ja,JLPT (open-anki-jlpt-decks)
中程,なかほど,"middle, midway",N1,ja,JLPT (open-anki-jlpt-decks)
渚,なぎさ,"water's edge, beach, shore",N1,ja,JLPT (open-anki-jlpt-decks)
嘆く,なげく,"to sigh, to lament, to grieve",N1,ja,JLPT (open-anki-jlpt-decks)
投げ出す,なげだす,"to abandon, to throw out",N1,ja,JLPT (open-anki-jlpt-decks)
仲人,なこうど,"go-between, matchmaker",N1,ja,JLPT (open-anki-jlpt-decks)
和やか,なごやか,"mild, calm, harmonious",N1,ja,JLPT (open-anki-jlpt-decks)
名残,なごり,"remains, traces, memory",N1,ja,JLPT (open-anki-jlpt-decks)
情け,なさけ,"sympathy, compassion",N1,ja,JLPT (open-anki-jlpt-decks)
情無い,なさけない,"miserable, pitiable, shameful",N1,ja,JLPT (open-anki-jlpt-decks)
情深い,なさけぶかい,"tender-hearted, compassionate",N1,ja,JLPT (open-anki-jlpt-decks)
詰る,なじる,"to rebuke, to scold, to tell off",N1,ja,JLPT (open-anki-jlpt-decks)
名高い,なだかい,"famous, celebrated, well-known",N1,ja,JLPT (open-anki-jlpt-decks)
雪崩,なだれ,avalanche,N1,ja,JLPT (open-anki-jlpt-decks)
懐く,なつく,to become emotionally attached,N1,ja,JLPT (open-anki-jlpt-decks)
名付ける,なづける,to name,N1,ja,JLPT (open-anki-jlpt-decks)
何気ない,なにげない,"casual, unconcerned",N1,ja,JLPT (open-anki-jlpt-decks)
なにとぞ,なにとぞ,"please, kindly, by all means",N1,ja,JLPT (open-anki-jlpt-decks)
なにより,なにより,"most, best",N1,ja,JLPT (open-anki-jlpt-decks)
ナプキン,ナプキン,napkin,N1,ja,JLPT (open-anki-jlpt-decks)
名札,なふだ,"name plate, name tag",N1,ja,JLPT (open-anki-jlpt-decks)
生臭い,なまぐさい,"smelling of fish or blood, fish or meat",N1,ja,JLPT (open-anki-jlpt-decks)
生温い,なまぬるい,"lukewarm, halfhearted",N1,ja,JLPT (open-anki-jlpt-decks)
生身,なまみ,"living flesh, flesh and blood, the quick",N1,ja,JLPT (open-anki-jlpt-decks)
鉛,なまり,lead (the metal),N1,ja,JLPT (open-anki-jlpt-decks)
滑らか,なめらか,"smoothness, glassiness",N1,ja,JLPT (open-anki-jlpt-decks)
嘗める,なめる,to lick; to experience; to make fun of,N1,ja,JLPT (open-anki-jlpt-decks)
悩ましい,なやましい,"seductive, melancholy, languid",N1,ja,JLPT (open-anki-jlpt-decks)
悩ます,なやます,"to bother, to harass, to molest",N1,ja,JLPT (open-anki-jlpt-decks)
悩み,なやみ,"trouble(s), worry, distress",N1,ja,JLPT (open-anki-jlpt-decks)
並びに,ならびに,and,N1,ja,JLPT (open-anki-jlpt-decks)
成り立つ,なりたつ,"to consist of; to be practical (logical, feasible, viable), to be concluded, to hold true",N1,ja,JLPT (open-anki-jlpt-decks)
なるたけ,なるたけ,"as much as possible, if possible",N1,ja,JLPT (open-anki-jlpt-decks)
慣れ,なれ,"practice, experience",N1,ja,JLPT (open-anki-jlpt-decks)
馴々しい,なれなれしい,"familiar, make free with",N1,ja,JLPT (open-anki-jlpt-decks)
～なんか,～なんか,in the least ~,N1,ja,JLPT (open-anki-jlpt-decks)
ナンセンス,ナンセンス,nonsense,N1,ja,JLPT (open-anki-jlpt-decks)
何だか,なんだか,"a little, somewhat, somehow",N1,ja,JLPT (open-anki-jlpt-decks)
なんだかんだ,なんだかんだ,something or other,N1,ja,JLPT (open-anki-jlpt-decks)
なんなり,なんなり,"anything, whatever",N1,ja,JLPT (open-anki-jlpt-decks)
荷,に,"load, baggage, cargo",N1,ja,JLPT (open-anki-jlpt-decks)
似通う,にかよう,to resemble closely,N1,ja,JLPT (open-anki-jlpt-decks)
にきび,にきび,"pimple, acne",N1,ja,JLPT (open-anki-jlpt-decks)
賑わう,にぎわう,"to prosper, to flourish, to be crowded with people",N1,ja,JLPT (open-anki-jlpt-decks)
憎しみ,にくしみ,hatred,N1,ja,JLPT (open-anki-jlpt-decks)
肉親,にくしん,"blood relationship, blood relative",N1,ja,JLPT (open-anki-jlpt-decks)
肉体,にくたい,"the body, the flesh",N1,ja,JLPT (open-anki-jlpt-decks)
逃げ出す,にげだす,"to run away, to escape from",N1,ja,JLPT (open-anki-jlpt-decks)
西日,にしび,westering sun,N1,ja,JLPT (open-anki-jlpt-decks)
滲む,にじむ,"to run, to blur, to spread",N1,ja,JLPT (open-anki-jlpt-decks)
にせ物,にせもの,"imitation, counterfeit",N1,ja,JLPT (open-anki-jlpt-decks)
日夜,にちや,"day and night, always",N1,ja,JLPT (open-anki-jlpt-decks)
荷造り,にづくり,"packing, baling, crating",N1,ja,JLPT (open-anki-jlpt-decks)
担う,になう,"to carry on shoulder, to bear (burden), to shoulder (gun)",N1,ja,JLPT (open-anki-jlpt-decks)
鈍る,にぶる,"to become less capable, to grow dull, to become blunt, to weaken",N1,ja,JLPT (open-anki-jlpt-decks)
にも関わらず,にもかかわらず,"in spite of, nevertheless",N1,ja,JLPT (open-anki-jlpt-decks)
ニュアンス,ニュアンス,nuance,N1,ja,JLPT (open-anki-jlpt-decks)
ニュー,ニュー,new,N1,ja,JLPT (open-anki-jlpt-decks)
入手,にゅうしゅ,"obtaining, coming to hand",N1,ja,JLPT (open-anki-jlpt-decks)
入賞,にゅうしょう,winning a prize or place (in a contest,N1,ja,JLPT (open-anki-jlpt-decks)
入浴,にゅうよく,"bathe, bathing",N1,ja,JLPT (open-anki-jlpt-decks)
尿,にょう,urine,N1,ja,JLPT (open-anki-jlpt-decks)
認識,にんしき,"recognition, cognizance",N1,ja,JLPT (open-anki-jlpt-decks)
妊娠,にんしん,"conception, pregnancy",N1,ja,JLPT (open-anki-jlpt-decks)
任務,にんむ,"duty, mission, task",N1,ja,JLPT (open-anki-jlpt-decks)
任命,にんめい,"appointment, nomination, ordination",N1,ja,JLPT (open-anki-jlpt-decks)
抜かす,ぬかす,"to omit, to leave out",N1,ja,JLPT (open-anki-jlpt-decks)
抜け出す,ぬけだす,"to slip out, to sneak away, to excel",N1,ja,JLPT (open-anki-jlpt-decks)
主,ぬし,"owner, master, god",N1,ja,JLPT (open-anki-jlpt-decks)
沼,ぬま,"swamp, bog, pond",N1,ja,JLPT (open-anki-jlpt-decks)
音色,ねいろ,"tone color, timbre",N1,ja,JLPT (open-anki-jlpt-decks)
値打ち,ねうち,"value, worth, price",N1,ja,JLPT (open-anki-jlpt-decks)
ネガ,ネガ,(photographic) negative,N1,ja,JLPT (open-anki-jlpt-decks)
寝かせる,ねかせる,"to put to bed, to lay down, to ferment",N1,ja,JLPT (open-anki-jlpt-decks)
ねじまわし,ねじまわし,screwdriver,N1,ja,JLPT (open-anki-jlpt-decks)
捩れる,ねじれる,"twist, strain",N1,ja,JLPT (open-anki-jlpt-decks)
妬む,ねたむ,"to be jealous, to be envious",N1,ja,JLPT (open-anki-jlpt-decks)
ねだる,ねだる,"to nag, to demand",N1,ja,JLPT (open-anki-jlpt-decks)
熱意,ねつい,"zeal, enthusiasm",N1,ja,JLPT (open-anki-jlpt-decks)
熱湯,ねっとう,boiling water,N1,ja,JLPT (open-anki-jlpt-decks)
熱量,ねつりょう,calorific value,N1,ja,JLPT (open-anki-jlpt-decks)
粘り,ねばり,"stickiness, viscosity",N1,ja,JLPT (open-anki-jlpt-decks)
粘る,ねばる,"to be sticky, to be adhesive, to persist, to stick to",N1,ja,JLPT (open-anki-jlpt-decks)
値引き,ねびき,"price reduction, discount",N1,ja,JLPT (open-anki-jlpt-decks)
根回し,ねまわし,making necessary arrangements,N1,ja,JLPT (open-anki-jlpt-decks)
眠たい,ねむたい,sleepy,N1,ja,JLPT (open-anki-jlpt-decks)
練る,ねる,"to knead, to work over, to polish up",N1,ja,JLPT (open-anki-jlpt-decks)
念,ねん,"sense, feeling, desire",N1,ja,JLPT (open-anki-jlpt-decks)
年賀,ねんが,"New Year's greetings, New Year's card",N1,ja,JLPT (open-anki-jlpt-decks)
念願,ねんがん,"one's heart's desire, earnest petition",N1,ja,JLPT (open-anki-jlpt-decks)
年号,ねんごう,"name of an era, year number",N1,ja,JLPT (open-anki-jlpt-decks)
燃焼,ねんしょう,"burning, combustion",N1,ja,JLPT (open-anki-jlpt-decks)
年長,ねんちょう,seniority,N1,ja,JLPT (open-anki-jlpt-decks)
燃料,ねんりょう,fuel,N1,ja,JLPT (open-anki-jlpt-decks)
年輪,ねんりん,annual tree ring,N1,ja,JLPT (open-anki-jlpt-decks)
ノイローゼ,ノイローゼ,neurosis (GER: Neurose),N1,ja,JLPT (open-anki-jlpt-decks)
農耕,のうこう,"farming, agriculture",N1,ja,JLPT (open-anki-jlpt-decks)
農場,のうじょう,farm,N1,ja,JLPT (open-anki-jlpt-decks)
農地,のうち,agricultural land,N1,ja,JLPT (open-anki-jlpt-decks)
納入,のうにゅう,"payment, supply",N1,ja,JLPT (open-anki-jlpt-decks)
逃す,のがす,"to let loose, to set free, to let escape",N1,ja,JLPT (open-anki-jlpt-decks)
逃れる,のがれる,to escape,N1,ja,JLPT (open-anki-jlpt-decks)
軒並,のきなみ,row of houses; uniformly,N1,ja,JLPT (open-anki-jlpt-decks)
望ましい,のぞましい,"desirable, hoped for",N1,ja,JLPT (open-anki-jlpt-decks)
乗っ取る,のっとる,"to capture, to occupy, to take over",N1,ja,JLPT (open-anki-jlpt-decks)
のどか,のどか,"tranquil, calm, quiet",N1,ja,JLPT (open-anki-jlpt-decks)
罵る,ののしる,"to speak ill of, to abuse",N1,ja,JLPT (open-anki-jlpt-decks)
延べ,のべ,"futures, credit (buying), stretching, total",N1,ja,JLPT (open-anki-jlpt-decks)
飲み込む,のみこむ,"to gulp down, to swallow deeply, to understand",N1,ja,JLPT (open-anki-jlpt-decks)
乗り込む,のりこむ,"to board, to get into (a car); to march into, to enter",N1,ja,JLPT (open-anki-jlpt-decks)
刃,は,"blade, sword",N1,ja,JLPT (open-anki-jlpt-decks)
～派,～は,"group, party, section (mil)",N1,ja,JLPT (open-anki-jlpt-decks)
バー,バー,bar,N1,ja,JLPT (open-anki-jlpt-decks)
把握,はあく,"grasp, catch, understanding",N1,ja,JLPT (open-anki-jlpt-decks)
パート,パート,part-time job,N1,ja,JLPT (open-anki-jlpt-decks)
廃棄,はいき,"disposal, abandon, discarding",N1,ja,JLPT (open-anki-jlpt-decks)
配給,はいきゅう,"distribution (e.g., films, rice",N1,ja,JLPT (open-anki-jlpt-decks)
ばい菌,ばいきん,"bacteria, germ(s)",N1,ja,JLPT (open-anki-jlpt-decks)
配偶者,はいぐうしゃ,spouse,N1,ja,JLPT (open-anki-jlpt-decks)
拝啓,はいけい,-- a formal greeting used at the beginning of a letter --,N1,ja,JLPT (open-anki-jlpt-decks)
背景,はいけい,"background, scenery, setting",N1,ja,JLPT (open-anki-jlpt-decks)
背後,はいご,"back, rear",N1,ja,JLPT (open-anki-jlpt-decks)
廃止,はいし,"abolition, repeal",N1,ja,JLPT (open-anki-jlpt-decks)
拝借,はいしゃく,(humble) (polite) borrowing,N1,ja,JLPT (open-anki-jlpt-decks)
排除,はいじょ,"exclusion, removal, rejection",N1,ja,JLPT (open-anki-jlpt-decks)
賠償,ばいしょう,"reparations, indemnity, compensation",N1,ja,JLPT (open-anki-jlpt-decks)
排水,はいすい,drainage,N1,ja,JLPT (open-anki-jlpt-decks)
敗戦,はいせん,"defeat, losing a war",N1,ja,JLPT (open-anki-jlpt-decks)
配置,はいち,"arrangement (of resources), disposition",N1,ja,JLPT (open-anki-jlpt-decks)
配布,はいふ,distribution,N1,ja,JLPT (open-anki-jlpt-decks)
配分,はいぶん,"distribution, allotment",N1,ja,JLPT (open-anki-jlpt-decks)
敗北,はいぼく,defeat (as a verb it means 'to be defeated'),N1,ja,JLPT (open-anki-jlpt-decks)
倍率,ばいりつ,"diameter, magnification",N1,ja,JLPT (open-anki-jlpt-decks)
配慮,はいりょ,"consideration, concern, forethought",N1,ja,JLPT (open-anki-jlpt-decks)
配列,はいれつ,"arrangement, array (programming)",N1,ja,JLPT (open-anki-jlpt-decks)
破壊,はかい,destruction,N1,ja,JLPT (open-anki-jlpt-decks)
いたわる,いたわる,"to sympathize with, to console, to care for",N1,ja,JLPT (open-anki-jlpt-decks)
一概に,いちがいに,"unconditionally, necessarily",N1,ja,JLPT (open-anki-jlpt-decks)
著しい,いちじるしい,"remarkable, considerable",N1,ja,JLPT (open-anki-jlpt-decks)
一同,いちどう,"all present, all concerned, all of us",N1,ja,JLPT (open-anki-jlpt-decks)
一部分,いちぶぶん,"a part, a portion",N1,ja,JLPT (open-anki-jlpt-decks)
一別,いちべつ,parting,N1,ja,JLPT (open-anki-jlpt-decks)
一面,いちめん,"one side, the other hand",N1,ja,JLPT (open-anki-jlpt-decks)
一目,いちもく,"a glance, a look, a glimpse",N1,ja,JLPT (open-anki-jlpt-decks)
一様,いちよう,"uniform, similar, equal",N1,ja,JLPT (open-anki-jlpt-decks)
一律,いちりつ,"even, uniform, equal",N1,ja,JLPT (open-anki-jlpt-decks)
一連,いちれん,"a series, a chain, a ream (of paper)",N1,ja,JLPT (open-anki-jlpt-decks)
一括,いっかつ,"all together, batch",N1,ja,JLPT (open-anki-jlpt-decks)
一気,いっき,"at one push, in one gulp",N1,ja,JLPT (open-anki-jlpt-decks)
一挙に,いっきょに,"at a stroke, with a single swoop",N1,ja,JLPT (open-anki-jlpt-decks)
一見,いっけん,"a look, a glimpse, glance; first meeting",N1,ja,JLPT (open-anki-jlpt-decks)
一切,いっさい,"without exception, the whole",N1,ja,JLPT (open-anki-jlpt-decks)
一心,いっしん,"one mind, with rapt attention",N1,ja,JLPT (open-anki-jlpt-decks)
いっそ,いっそ,"rather, sooner, might as well",N1,ja,JLPT (open-anki-jlpt-decks)
一変,いっぺん,complete change,N1,ja,JLPT (open-anki-jlpt-decks)
意図,いと,"intention, aim, design",N1,ja,JLPT (open-anki-jlpt-decks)
営む,いとなむ,"to carry on (e.g., in ceremony), to run a business",N1,ja,JLPT (open-anki-jlpt-decks)
挑む,いどむ,to challenge,N1,ja,JLPT (open-anki-jlpt-decks)
稲光,いなびかり,(flash of) lightning,N1,ja,JLPT (open-anki-jlpt-decks)
祈り,いのり,"prayer, supplication",N1,ja,JLPT (open-anki-jlpt-decks)
いびき,いびき,snoring,N1,ja,JLPT (open-anki-jlpt-decks)
今更,いまさら,"now, again",N1,ja,JLPT (open-anki-jlpt-decks)
未だ,いまだ,"yet, still",N1,ja,JLPT (open-anki-jlpt-decks)
移民,いみん,"emigrant, immigrant",N1,ja,JLPT (open-anki-jlpt-decks)
嫌々,いやいや,"reluctantly, by no means, unwillingly",N1,ja,JLPT (open-anki-jlpt-decks)
卑しい,いやしい,"greedy, vulgar, shabby",N1,ja,JLPT (open-anki-jlpt-decks)
いやに,いやに,"awfully, terribly",N1,ja,JLPT (open-anki-jlpt-decks)
いやらしい,いやらしい,"unpleasant, disgusting, indecent",N1,ja,JLPT (open-anki-jlpt-decks)
意欲,いよく,"will, desire, ambition",N1,ja,JLPT (open-anki-jlpt-decks)
威力,いりょく,"power, might, authority",N1,ja,JLPT (open-anki-jlpt-decks)
衣類,いるい,"clothes, clothing, garments",N1,ja,JLPT (open-anki-jlpt-decks)
異論,いろん,"different opinion, objection",N1,ja,JLPT (open-anki-jlpt-decks)
印鑑,いんかん,"stamp, seal",N1,ja,JLPT (open-anki-jlpt-decks)
陰気,いんき,"gloom, melancholy",N1,ja,JLPT (open-anki-jlpt-decks)
隠居,いんきょ,retirement; retired person,N1,ja,JLPT (open-anki-jlpt-decks)
インターチェンジ,インターチェンジ,interchange,N1,ja,JLPT (open-anki-jlpt-decks)
インターナショナル,インターナショナル,international,N1,ja,JLPT (open-anki-jlpt-decks)
インターフォン,インターフォン,"entry phone, intercom",N1,ja,JLPT (open-anki-jlpt-decks)
インテリ,インテリ,"(abbr.) egghead, intelligentsia",N1,ja,JLPT (open-anki-jlpt-decks)
インフォメーション,インフォメーション,information,N1,ja,JLPT (open-anki-jlpt-decks)
インフレ,インフレ,(abbr.) inflation,N1,ja,JLPT (open-anki-jlpt-decks)
受かる,うかる,to pass (examination),N1,ja,JLPT (open-anki-jlpt-decks)
受け入れ,うけいれ,"receiving, acceptance",N1,ja,JLPT (open-anki-jlpt-decks)
受け入れる,うけいれる,"to accept, to receive",N1,ja,JLPT (open-anki-jlpt-decks)
受け継ぐ,うけつぐ,"to inherit, to succeed",N1,ja,JLPT (open-anki-jlpt-decks)
受け付ける,うけつける,"to be accepted, to receive (an application)",N1,ja,JLPT (open-anki-jlpt-decks)
受け止める,うけとめる,"to catch, to react to, to take",N1,ja,JLPT (open-anki-jlpt-decks)
受身,うけみ,"passive, passive voice",N1,ja,JLPT (open-anki-jlpt-decks)
受持ち,うけもち,"charge (of something), matter in one's charge",N1,ja,JLPT (open-anki-jlpt-decks)
動き,うごき,"movement, activity, trend",N1,ja,JLPT (open-anki-jlpt-decks)
埋める,うずめる,"to bury, to fill",N1,ja,JLPT (open-anki-jlpt-decks)
嘘つき,うそつき,liar,N1,ja,JLPT (open-anki-jlpt-decks)
うたた寝,うたたね,"dozing, napping",N1,ja,JLPT (open-anki-jlpt-decks)
打ち明ける,うちあける,"to confess, to be open",N1,ja,JLPT (open-anki-jlpt-decks)
打ち切る,うちきる,"to stop, to abort, to discontinue, to close",N1,ja,JLPT (open-anki-jlpt-decks)
打ち消し,うちけし,"(gram) negation, denial, negative",N1,ja,JLPT (open-anki-jlpt-decks)
打ち込む,うちこむ,"to devote oneself to, to shoot into",N1,ja,JLPT (open-anki-jlpt-decks)
団扇,うちわ,fan,N1,ja,JLPT (open-anki-jlpt-decks)
内訳,うちわけ,"the items, breakdown, classification",N1,ja,JLPT (open-anki-jlpt-decks)
写し,うつし,"copy, duplicate",N1,ja,JLPT (open-anki-jlpt-decks)
訴え,うったえ,"lawsuit, complaint",N1,ja,JLPT (open-anki-jlpt-decks)
うっとうしい,うっとうしい,"weary, annoying",N1,ja,JLPT (open-anki-jlpt-decks)
うつむく,うつむく,"to look downward, to stoop",N1,ja,JLPT (open-anki-jlpt-decks)
空ろ,うつろ,"blank, hollow, empty",N1,ja,JLPT (open-anki-jlpt-decks)
器,うつわ,"bowl, vessel, container",N1,ja,JLPT (open-anki-jlpt-decks)
腕前,うでまえ,"ability, skill, facility",N1,ja,JLPT (open-anki-jlpt-decks)
雨天,うてん,rainy weather,N1,ja,JLPT (open-anki-jlpt-decks)
促す,うながす,"to urge, to suggest, to demand",N1,ja,JLPT (open-anki-jlpt-decks)
うぬぼれ,うぬぼれ,"pretension, conceit, hubris",N1,ja,JLPT (open-anki-jlpt-decks)
生まれつき,うまれつき,"by nature, by birth, native",N1,ja,JLPT (open-anki-jlpt-decks)
埋め込む,うめこむ,"to embed, implant",N1,ja,JLPT (open-anki-jlpt-decks)
梅干し,うめぼし,dried plum,N1,ja,JLPT (open-anki-jlpt-decks)
裏返し,うらがえし,"inside out, reverse",N1,ja,JLPT (open-anki-jlpt-decks)
売り出し,うりだし,(bargain) sale,N1,ja,JLPT (open-anki-jlpt-decks)
売り出す,うりだす,"to put on sale, to market",N1,ja,JLPT (open-anki-jlpt-decks)
潤う,うるおう,to be moist; to profit by,N1,ja,JLPT (open-anki-jlpt-decks)
浮気,うわき,"affair, to cheat",N1,ja,JLPT (open-anki-jlpt-decks)
上回る,うわまわる,to exceed,N1,ja,JLPT (open-anki-jlpt-decks)
植わる,うわる,to be planted,N1,ja,JLPT (open-anki-jlpt-decks)
運営,うんえい,"management, administration, operation",N1,ja,JLPT (open-anki-jlpt-decks)
うんざり,うんざり,"tedious, boring, being fed up with",N1,ja,JLPT (open-anki-jlpt-decks)
運送,うんそう,"shipping, freight",N1,ja,JLPT (open-anki-jlpt-decks)
運賃,うんちん,"freight rates, shipping expenses, (passenger) fare",N1,ja,JLPT (open-anki-jlpt-decks)
云々,うんぬん,"and so on, and so forth",N1,ja,JLPT (open-anki-jlpt-decks)
運搬,うんぱん,"transport, carriage",N1,ja,JLPT (open-anki-jlpt-decks)
運命,うんめい,fate,N1,ja,JLPT (open-anki-jlpt-decks)
運輸,うんゆ,transportation,N1,ja,JLPT (open-anki-jlpt-decks)
運用,うんよう,"making use of, application, practical use",N1,ja,JLPT (open-anki-jlpt-decks)
エアメール,エアメール,air mail,N1,ja,JLPT (open-anki-jlpt-decks)
～営,～えい,~ run,N1,ja,JLPT (open-anki-jlpt-decks)
英字,えいじ,English letter (character),N1,ja,JLPT (open-anki-jlpt-decks)
映写,えいしゃ,projection,N1,ja,JLPT (open-anki-jlpt-decks)
映像,えいぞう,"reflection, image",N1,ja,JLPT (open-anki-jlpt-decks)
英雄,えいゆう,"hero, great man",N1,ja,JLPT (open-anki-jlpt-decks)
液,えき,"liquid, fluid",N1,ja,JLPT (open-anki-jlpt-decks)
閲覧,えつらん,"inspection, reference, browse",N1,ja,JLPT (open-anki-jlpt-decks)
獲物,えもの,"game, spoils, trophy",N1,ja,JLPT (open-anki-jlpt-decks)
襟,えり,"neck, collar",N1,ja,JLPT (open-anki-jlpt-decks)
エレガント,エレガント,elegant,N1,ja,JLPT (open-anki-jlpt-decks)
円滑,えんかつ,"harmony, smoothness",N1,ja,JLPT (open-anki-jlpt-decks)
縁側,えんがわ,"veranda, porch, balcony, open corridor",N1,ja,JLPT (open-anki-jlpt-decks)
沿岸,えんがん,"coast, shore",N1,ja,JLPT (open-anki-jlpt-decks)
婉曲,えんきょく,"euphemistic, indirect, insinuating",N1,ja,JLPT (open-anki-jlpt-decks)
演出,えんしゅつ,"production (erg. play, direction)",N1,ja,JLPT (open-anki-jlpt-decks)
エンジニア,エンジニア,engineer,N1,ja,JLPT (open-anki-jlpt-decks)
演じる,えんじる,"to perform, to play (a part), to act",N1,ja,JLPT (open-anki-jlpt-decks)
演ずる,えんずる,"to perform, to play (a part), to act",N1,ja,JLPT (open-anki-jlpt-decks)
沿線,えんせん,along railway line,N1,ja,JLPT (open-anki-jlpt-decks)
縁談,えんだん,marriage proposal,N1,ja,JLPT (open-anki-jlpt-decks)
遠方,えんぽう,"long way, distant place",N1,ja,JLPT (open-anki-jlpt-decks)
円満,えんまん,"harmony, peace, smoothness",N1,ja,JLPT (open-anki-jlpt-decks)
追い込む,おいこむ,"to herd, to corner, to drive",N1,ja,JLPT (open-anki-jlpt-decks)
追い出す,おいだす,"to expel, to drive out",N1,ja,JLPT (open-anki-jlpt-decks)
於いて,おいて,"at, in, on",N1,ja,JLPT (open-anki-jlpt-decks)
老いる,おいる,"to age, to grow old",N1,ja,JLPT (open-anki-jlpt-decks)
応急,おうきゅう,emergency,N1,ja,JLPT (open-anki-jlpt-decks)
黄金,おうごん,gold,N1,ja,JLPT (open-anki-jlpt-decks)
往診,おうしん,"doctor's visit, house call",N1,ja,JLPT (open-anki-jlpt-decks)
応募,おうぼ,"subscription, application",N1,ja,JLPT (open-anki-jlpt-decks)
おおい (かん),おおい (かん),hey,N1,ja,JLPT (open-anki-jlpt-decks)
大方,おおかた,"almost all, majority",N1,ja,JLPT (open-anki-jlpt-decks)
大柄,おおがら,"large build, large pattern",N1,ja,JLPT (open-anki-jlpt-decks)
おおげさ,おおげさ,"grandiose, exaggerated",N1,ja,JLPT (open-anki-jlpt-decks)
大筋,おおすじ,"outline, summary",N1,ja,JLPT (open-anki-jlpt-decks)
大空,おおぞら,"heaven, the sky",N1,ja,JLPT (open-anki-jlpt-decks)
オートマチック,オートマチック,automatic,N1,ja,JLPT (open-anki-jlpt-decks)
大幅,おおはば,"full width, large scale, drastic",N1,ja,JLPT (open-anki-jlpt-decks)
おおまかな,おおまかな,"rough, approximate",N1,ja,JLPT (open-anki-jlpt-decks)
大水,おおみず,flood,N1,ja,JLPT (open-anki-jlpt-decks)
公,おおやけ,public,N1,ja,JLPT (open-anki-jlpt-decks)
犯す,おかす,"to perpetrate, to violate",N1,ja,JLPT (open-anki-jlpt-decks)
侵す,おかす,"to invade, to raid, to trespass",N1,ja,JLPT (open-anki-jlpt-decks)
臆病,おくびょう,"cowardice, timidity",N1,ja,JLPT (open-anki-jlpt-decks)
遅らす,おくらす,"to retard, to delay",N1,ja,JLPT (open-anki-jlpt-decks)
厳か,おごそか,"majestic, dignified",N1,ja,JLPT (open-anki-jlpt-decks)
行い,おこない,"conduct, behavior, action",N1,ja,JLPT (open-anki-jlpt-decks)
おごる (ゆうしょくを～),おごる (ゆうしょくを～),to give (someone) a treat,N1,ja,JLPT (open-anki-jlpt-decks)
収まる,おさまる,to settle into; to be obtained,N1,ja,JLPT (open-anki-jlpt-decks)
納まる,おさまる,to settle into; to be obtained,N1,ja,JLPT (open-anki-jlpt-decks)
治まる,おさまる,"to be at peace, to calm down",N1,ja,JLPT (open-anki-jlpt-decks)
お産,おさん,(giving) birth,N1,ja,JLPT (open-anki-jlpt-decks)
押し切る,おしきる,to have one's own way,N1,ja,JLPT (open-anki-jlpt-decks)
押し込む,おしこむ,"to push into, to crowd into",N1,ja,JLPT (open-anki-jlpt-decks)
惜しむ,おしむ,"to be frugal, to value, to regret",N1,ja,JLPT (open-anki-jlpt-decks)
押し寄せる,おしよせる,"to push aside, to advance on",N1,ja,JLPT (open-anki-jlpt-decks)
雄,おす,male (animal),N1,ja,JLPT (open-anki-jlpt-decks)
御世辞,おせじ,"flattery, compliment",N1,ja,JLPT (open-anki-jlpt-decks)
襲う,おそう,to attack,N1,ja,JLPT (open-anki-jlpt-decks)
遅くとも,おそくとも,at the latest,N1,ja,JLPT (open-anki-jlpt-decks)
恐れ,おそれ,"fear, horror",N1,ja,JLPT (open-anki-jlpt-decks)
恐れ入る,おそれいる,"to be filled with awe, to feel small",N1,ja,JLPT (open-anki-jlpt-decks)
おだてる,おだてる,to flatter,N1,ja,JLPT (open-anki-jlpt-decks)
落ち込む,おちこむ,to get depressed,N1,ja,JLPT (open-anki-jlpt-decks)
落ち着き,おちつき,"calm, composure",N1,ja,JLPT (open-anki-jlpt-decks)
落葉,おちば,fallen leaves,N1,ja,JLPT (open-anki-jlpt-decks)
乙,おつ,2nd in rank,N1,ja,JLPT (open-anki-jlpt-decks)
お使い,おつかい,errand,N1,ja,JLPT (open-anki-jlpt-decks)
おっかない,おっかない,"frightening, scary",N1,ja,JLPT (open-anki-jlpt-decks)
お手上げ,おてあげ,"given in, given up hope",N1,ja,JLPT (open-anki-jlpt-decks)
おどおど,おどおど,"coweringly, hesitantly",N1,ja,JLPT (open-anki-jlpt-decks)
脅す,おどす,"to threaten, to menace",N1,ja,JLPT (open-anki-jlpt-decks)
訪れる,おとずれる,to visit,N1,ja,JLPT (open-anki-jlpt-decks)
お供,おとも,"attendant, companion",N1,ja,JLPT (open-anki-jlpt-decks)
衰える,おとろえる,"to become weak, to decline",N1,ja,JLPT (open-anki-jlpt-decks)
同い年,おないどし,of the same age,N1,ja,JLPT (open-anki-jlpt-decks)
自ずから,おのずから,"naturally, as a matter of course",N1,ja,JLPT (open-anki-jlpt-decks)
怯える,おびえる,to become frightened,N1,ja,JLPT (open-anki-jlpt-decks)
おびただしい,おびただしい,"abundantly, innumerably",N1,ja,JLPT (open-anki-jlpt-decks)
脅かす,おびやかす,"to threaten, to coerce",N1,ja,JLPT (open-anki-jlpt-decks)
帯びる,おびる,"to bear, to carry, to be entrusted",N1,ja,JLPT (open-anki-jlpt-decks)
お袋,おふくろ,mother,N1,ja,JLPT (open-anki-jlpt-decks)
覚え,おぼえ,"memory, sense, experience",N1,ja,JLPT (open-anki-jlpt-decks)
おまけ,おまけ,a discount; something additional,N1,ja,JLPT (open-anki-jlpt-decks)
お宮,おみや,Shinto shrine,N1,ja,JLPT (open-anki-jlpt-decks)
おむつ,おむつ,"diaper, nappy",N1,ja,JLPT (open-anki-jlpt-decks)
思い付き,おもいつき,"plan, idea, suggestion",N1,ja,JLPT (open-anki-jlpt-decks)
趣,おもむき,"flavor, appearance, quaint",N1,ja,JLPT (open-anki-jlpt-decks)
赴く,おもむく,"to go, to proceed",N1,ja,JLPT (open-anki-jlpt-decks)
重んじる,おもんじる,"to respect, to honor, to esteem, to prize",N1,ja,JLPT (open-anki-jlpt-decks)
重んずる,おもんずる,"to honor, to respect, to value",N1,ja,JLPT (open-anki-jlpt-decks)
親父,おやじ,"one's father, old man, one's boss",N1,ja,JLPT (open-anki-jlpt-decks)
及び,および,"and, as well as",N1,ja,JLPT (open-anki-jlpt-decks)
及ぶ,およぶ,"to reach, to extend",N1,ja,JLPT (open-anki-jlpt-decks)
折,おり,"chance, occasion",N1,ja,JLPT (open-anki-jlpt-decks)
檻,おり,"cage, pen, jail cell",N1,ja,JLPT (open-anki-jlpt-decks)
オリエンテーション,オリエンテーション,orientation,N1,ja,JLPT (open-anki-jlpt-decks)
折り返す,おりかえす,"to turn up, to fold back",N1,ja,JLPT (open-anki-jlpt-decks)
織物,おりもの,"textile, fabric",N1,ja,JLPT (open-anki-jlpt-decks)
俺,おれ,I (ego) (boastful first-person pronoun),N1,ja,JLPT (open-anki-jlpt-decks)
愚か,おろか,"foolish, stupid",N1,ja,JLPT (open-anki-jlpt-decks)
おろそか,おろそか,"neglect, negligence, carelessness",N1,ja,JLPT (open-anki-jlpt-decks)
おんぶ,おんぶ,carrying on one's back (erg. Baby),N1,ja,JLPT (open-anki-jlpt-decks)
オンライン,オンライン,on-line,N1,ja,JLPT (open-anki-jlpt-decks)
温和,おんわ,"gentle, mild, moderate",N1,ja,JLPT (open-anki-jlpt-decks)
我,が～,ego,N1,ja,JLPT (open-anki-jlpt-decks)
カーペット,カーペット,carpet,N1,ja,JLPT (open-anki-jlpt-decks)
～界,～かい,"world, circle, kingdom",N1,ja,JLPT (open-anki-jlpt-decks)
～街,～がい,town,N1,ja,JLPT (open-anki-jlpt-decks)
改悪,かいあく,"deterioration, changing for the worse",N1,ja,JLPT (open-anki-jlpt-decks)
海運,かいうん,marine transportation,N1,ja,JLPT (open-anki-jlpt-decks)
外貨,がいか,foreign money,N1,ja,JLPT (open-anki-jlpt-decks)
改革,かいかく,"reform, reformation, innovation",N1,ja,JLPT (open-anki-jlpt-decks)
貝殻,かいがら,shell,N1,ja,JLPT (open-anki-jlpt-decks)
外観,がいかん,"appearance, exterior, facade",N1,ja,JLPT (open-anki-jlpt-decks)
階級,かいきゅう,"class, rank, grade",N1,ja,JLPT (open-anki-jlpt-decks)
海峡,かいきょう,channel,N1,ja,JLPT (open-anki-jlpt-decks)
会見,かいけん,"interview, conference",N1,ja,JLPT (open-anki-jlpt-decks)
介護,かいご,nursing,N1,ja,JLPT (open-anki-jlpt-decks)
開催,かいさい,"holding a meeting, open an exhibition",N1,ja,JLPT (open-anki-jlpt-decks)
回収,かいしゅう,"collection, recovery",N1,ja,JLPT (open-anki-jlpt-decks)
改修,かいしゅう,"repair, improvement",N1,ja,JLPT (open-anki-jlpt-decks)
怪獣,かいじゅう,monster,N1,ja,JLPT (open-anki-jlpt-decks)
解除,かいじょ,"cancellation, release, cancel",N1,ja,JLPT (open-anki-jlpt-decks)
外相,がいしょう,Foreign Minister,N1,ja,JLPT (open-anki-jlpt-decks)
害する,がいする,"to harm, to offend",N1,ja,JLPT (open-anki-jlpt-decks)
概説,がいせつ,"general statement, outline",N1,ja,JLPT (open-anki-jlpt-decks)
回送,かいそう,forwarding,N1,ja,JLPT (open-anki-jlpt-decks)
階層,かいそう,"class, level, stratum, hierarchy",N1,ja,JLPT (open-anki-jlpt-decks)
開拓,かいたく,"cultivation, pioneer",N1,ja,JLPT (open-anki-jlpt-decks)
会談,かいだん,"conversation, interview",N1,ja,JLPT (open-anki-jlpt-decks)
改定,かいてい,reform,N1,ja,JLPT (open-anki-jlpt-decks)
改訂,かいてい,revision,N1,ja,JLPT (open-anki-jlpt-decks)
ガイド,ガイド,guide,N1,ja,JLPT (open-anki-jlpt-decks)
街道,かいどう,highway,N1,ja,JLPT (open-anki-jlpt-decks)
該当,がいとう,"corresponding, answering to, coming under",N1,ja,JLPT (open-anki-jlpt-decks)
街頭,がいとう,in the street,N1,ja,JLPT (open-anki-jlpt-decks)
ガイドブック,ガイドブック,guidebook,N1,ja,JLPT (open-anki-jlpt-decks)
介入,かいにゅう,intervention,N1,ja,JLPT (open-anki-jlpt-decks)
概念,がいねん,"general idea, concept, notion",N1,ja,JLPT (open-anki-jlpt-decks)
開発,かいはつ,"development, exploitation",N1,ja,JLPT (open-anki-jlpt-decks)
海抜,かいばつ,height above sea level,N1,ja,JLPT (open-anki-jlpt-decks)
介抱,かいほう,"nursing, looking after",N1,ja,JLPT (open-anki-jlpt-decks)
解剖,かいぼう,"dissection, autopsy",N1,ja,JLPT (open-anki-jlpt-decks)
外来,がいらい,"(abbr.) imported, outpatient clinic",N1,ja,JLPT (open-anki-jlpt-decks)
回覧,かいらん,circulation,N1,ja,JLPT (open-anki-jlpt-decks)
概略,がいりゃく,"outline, summary, gist",N1,ja,JLPT (open-anki-jlpt-decks)
海流,かいりゅう,ocean current,N1,ja,JLPT (open-anki-jlpt-decks)
改良,かいりょう,"improvement, reform",N1,ja,JLPT (open-anki-jlpt-decks)
回路,かいろ,circuit (electric),N1,ja,JLPT (open-anki-jlpt-decks)
海路,かいろ,sea route,N1,ja,JLPT (open-anki-jlpt-decks)
省みる,かえりみる,to reflect,N1,ja,JLPT (open-anki-jlpt-decks)
顧みる,かえりみる,"to look back, to turn around, to review",N1,ja,JLPT (open-anki-jlpt-decks)
顔付き,かおつき,facial expression,N1,ja,JLPT (open-anki-jlpt-decks)
課外,かがい,extracurricular,N1,ja,JLPT (open-anki-jlpt-decks)
掲げる,かかげる,"to hoist, to fly (a sail), to float (a flag)",N1,ja,JLPT (open-anki-jlpt-decks)
かかと,かかと,shoe heel,N1,ja,JLPT (open-anki-jlpt-decks)
書き取る,かきとる,"to write down, to take dictation",N1,ja,JLPT (open-anki-jlpt-decks)
掻き回す,かきまわす,"to stir up, to churn, to disturb",N1,ja,JLPT (open-anki-jlpt-decks)
かく (はじを),かく (はじを),to humiliate oneself,N1,ja,JLPT (open-anki-jlpt-decks)
～画,～かく,~ strokes,N1,ja,JLPT (open-anki-jlpt-decks)
学芸,がくげい,"arts and sciences, liberal arts",N1,ja,JLPT (open-anki-jlpt-decks)
格差,かくさ,"difference, disparity",N1,ja,JLPT (open-anki-jlpt-decks)
拡散,かくさん,"scattering, diffusion",N1,ja,JLPT (open-anki-jlpt-decks)
学士,がくし,university graduate,N1,ja,JLPT (open-anki-jlpt-decks)
各種,かくしゅ,"every kind, all sorts",N1,ja,JLPT (open-anki-jlpt-decks)
隔週,かくしゅう,every other week,N1,ja,JLPT (open-anki-jlpt-decks)
確信,かくしん,"conviction, confidence",N1,ja,JLPT (open-anki-jlpt-decks)
革新,かくしん,"reform, innovation",N1,ja,JLPT (open-anki-jlpt-decks)
学説,がくせつ,theory,N1,ja,JLPT (open-anki-jlpt-decks)
確定,かくてい,"fixed, decision",N1,ja,JLPT (open-anki-jlpt-decks)
カクテル,カクテル,cocktail,N1,ja,JLPT (open-anki-jlpt-decks)
獲得,かくとく,"acquisition, possession",N1,ja,JLPT (open-anki-jlpt-decks)
楽譜,がくふ,"score (music, sheet music)",N1,ja,JLPT (open-anki-jlpt-decks)
確保,かくほ,"guarantee, insure, secure",N1,ja,JLPT (open-anki-jlpt-decks)
革命,かくめい,revolution,N1,ja,JLPT (open-anki-jlpt-decks)
確立,かくりつ,establishment,N1,ja,JLPT (open-anki-jlpt-decks)
賭,かけ,"betting, gambling, a gamble",N1,ja,JLPT (open-anki-jlpt-decks)
掛～,かけ～,credit,N1,ja,JLPT (open-anki-jlpt-decks)
～掛け,～かけ,"rack, hanger",N1,ja,JLPT (open-anki-jlpt-decks)
崖,がけ,cliff,N1,ja,JLPT (open-anki-jlpt-decks)
駆け足,かけあし,"running fast, double time",N1,ja,JLPT (open-anki-jlpt-decks)
家計,かけい,"household economy, family finances",N1,ja,JLPT (open-anki-jlpt-decks)
駆けっこ,かけっこ,(foot) race,N1,ja,JLPT (open-anki-jlpt-decks)
加工,かこう,"manufacturing, processing, treatment",N1,ja,JLPT (open-anki-jlpt-decks)
化合,かごう,chemical combination,N1,ja,JLPT (open-anki-jlpt-decks)
かさばる,かさばる,to be bulky,N1,ja,JLPT (open-anki-jlpt-decks)
かさむ,かさむ,"to pile up, to increase",N1,ja,JLPT (open-anki-jlpt-decks)
箇条書,かじょうがき,"itemized form, itemization",N1,ja,JLPT (open-anki-jlpt-decks)
頭,かしら,"head, chief",N1,ja,JLPT (open-anki-jlpt-decks)
微か,かすか,"faint, dim, weak",N1,ja,JLPT (open-anki-jlpt-decks)
霞む,かすむ,"to grow hazy, to be misty",N1,ja,JLPT (open-anki-jlpt-decks)
擦る,かする,"to rub, to chafe",N1,ja,JLPT (open-anki-jlpt-decks)
火星,かせい,Mars,N1,ja,JLPT (open-anki-jlpt-decks)
化石,かせき,"fossil, petrifaction, fossilization",N1,ja,JLPT (open-anki-jlpt-decks)
河川,かせん,rivers,N1,ja,JLPT (open-anki-jlpt-decks)
化繊,かせん,synthetic fibers,N1,ja,JLPT (open-anki-jlpt-decks)
過疎,かそ,depopulation,N1,ja,JLPT (open-anki-jlpt-decks)
片～,かた～,single ~,N1,ja,JLPT (open-anki-jlpt-decks)
片言,かたこと,"broken (in reference to speaking style, e.g., Japanese)",N1,ja,JLPT (open-anki-jlpt-decks)
傾ける,かたむける,"to incline, to tilt, to bend",N1,ja,JLPT (open-anki-jlpt-decks)
固める,かためる,"to harden, to freeze, to fortify",N1,ja,JLPT (open-anki-jlpt-decks)
傍ら,かたわら,"beside(s, while, nearby",N1,ja,JLPT (open-anki-jlpt-decks)
花壇,かだん,flower bed,N1,ja,JLPT (open-anki-jlpt-decks)
家畜,かちく,"domestic animals, livestock, cattle",N1,ja,JLPT (open-anki-jlpt-decks)
且つ,かつ,"yet, and",N1,ja,JLPT (open-anki-jlpt-decks)
がっくり,がっくり,heartbroken,N1,ja,JLPT (open-anki-jlpt-decks)
合唱,がっしょう,"chorus, singing in a chorus",N1,ja,JLPT (open-anki-jlpt-decks)
がっしり,がっしり,"firmly, solidly, tough",N1,ja,JLPT (open-anki-jlpt-decks)
合致,がっち,"agreement, concurrence, conforming to",N1,ja,JLPT (open-anki-jlpt-decks)
がっちり,がっちり,"solidly built, tightly",N1,ja,JLPT (open-anki-jlpt-decks)
かつて,かつて,"once, before, formerly",N1,ja,JLPT (open-anki-jlpt-decks)
勝手,かって,"kitchen; one's way, selfishness",N1,ja,JLPT (open-anki-jlpt-decks)
カット,カット,"cut, cutting",N1,ja,JLPT (open-anki-jlpt-decks)
活発,かっぱつ,"vigor, active",N1,ja,JLPT (open-anki-jlpt-decks)
合併,がっぺい,"combination, amalgamation, merger",N1,ja,JLPT (open-anki-jlpt-decks)
カテゴリー,カテゴリー,category,N1,ja,JLPT (open-anki-jlpt-decks)
叶う,かなう,to come true,N1,ja,JLPT (open-anki-jlpt-decks)
叶える,かなえる,"to grant (request, wish)",N1,ja,JLPT (open-anki-jlpt-decks)
金槌,かなづち,(iron) hammer,N1,ja,JLPT (open-anki-jlpt-decks)
かなわない,かなわない,"be beyond one's power, be unable",N1,ja,JLPT (open-anki-jlpt-decks)
加入,かにゅう,"becoming a member, admission",N1,ja,JLPT (open-anki-jlpt-decks)
予て,かねて,"previously, already, lately",N1,ja,JLPT (open-anki-jlpt-decks)
庇う,かばう,"to protect someone, to&nbsp;&nbsp;cover up for someone",N1,ja,JLPT (open-anki-jlpt-decks)
株式,かぶしき,stock,N1,ja,JLPT (open-anki-jlpt-decks)
かぶれる,かぶれる,to react to; to be influenced by,N1,ja,JLPT (open-anki-jlpt-decks)
花粉,かふん,pollen,N1,ja,JLPT (open-anki-jlpt-decks)
貨幣,かへい,"money, currency, coinage",N1,ja,JLPT (open-anki-jlpt-decks)
構える,かまえる,to set up,N1,ja,JLPT (open-anki-jlpt-decks)
過密,かみつ,crowded,N1,ja,JLPT (open-anki-jlpt-decks)
噛み切る,かみきる,"to bite off, to gnaw through",N1,ja,JLPT (open-anki-jlpt-decks)
カムバック,カムバック,comeback,N1,ja,JLPT (open-anki-jlpt-decks)
カメラマン,カメラマン,cameraman,N1,ja,JLPT (open-anki-jlpt-decks)
粥,かゆ,rice porridge,N1,ja,JLPT (open-anki-jlpt-decks)
体付き,からだつき,"body build, figure",N1,ja,JLPT (open-anki-jlpt-decks)
絡む,からむ,"to entangle, to entwine",N1,ja,JLPT (open-anki-jlpt-decks)
かりに,かりに,"temporarily; if, for argument's sake",N1,ja,JLPT (open-anki-jlpt-decks)
カルテ,カルテ,clinical records (GER: Karte),N1,ja,JLPT (open-anki-jlpt-decks)
ガレージ,ガレージ,garage (at house),N1,ja,JLPT (open-anki-jlpt-decks)
過労,かろう,"overwork, strain",N1,ja,JLPT (open-anki-jlpt-decks)
かろうじて,かろうじて,"barely, narrowly",N1,ja,JLPT (open-anki-jlpt-decks)
交す,かわす,to exchange,N1,ja,JLPT (open-anki-jlpt-decks)
代る代る,かわるがわる,alternately,N1,ja,JLPT (open-anki-jlpt-decks)
簡易,かんい,"simplicity, easiness, quasi-",N1,ja,JLPT (open-anki-jlpt-decks)
灌漑,かんがい,irrigation,N1,ja,JLPT (open-anki-jlpt-decks)
眼科,がんか,ophthalmology,N1,ja,JLPT (open-anki-jlpt-decks)
眼球,がんきゅう,eyeball,N1,ja,JLPT (open-anki-jlpt-decks)
玩具,がんぐ,toy,N1,ja,JLPT (open-anki-jlpt-decks)
簡潔,かんけつ,"brevity, concise, simple",N1,ja,JLPT (open-anki-jlpt-decks)
還元,かんげん,"resolution, reduction, return",N1,ja,JLPT (open-anki-jlpt-decks)
看護,かんご,nursing,N1,ja,JLPT (open-anki-jlpt-decks)
漢語,かんご,"Chinese word, Sino-Japanese word",N1,ja,JLPT (open-anki-jlpt-decks)
頑固,がんこ,"stubbornness, obstinacy",N1,ja,JLPT (open-anki-jlpt-decks)
勧告,かんこく,"advice, counsel",N1,ja,JLPT (open-anki-jlpt-decks)
換算,かんさん,"conversion, change, exchange",N1,ja,JLPT (open-anki-jlpt-decks)
監視,かんし,"observation, guarding, surveillance",N1,ja,JLPT (open-anki-jlpt-decks)
慣習,かんしゅう,usual (historical) custom,N1,ja,JLPT (open-anki-jlpt-decks)
観衆,かんしゅう,"spectators, audience",N1,ja,JLPT (open-anki-jlpt-decks)
願書,がんしょ,application form,N1,ja,JLPT (open-anki-jlpt-decks)
干渉,かんしょう,"interference, intervention",N1,ja,JLPT (open-anki-jlpt-decks)
頑丈,がんじょう,"solid, firm, strong",N1,ja,JLPT (open-anki-jlpt-decks)
感触,かんしょく,"sense of touch, feeling, sensation",N1,ja,JLPT (open-anki-jlpt-decks)
肝心,かんじん,"essential, fundamental, crucial",N1,ja,JLPT (open-anki-jlpt-decks)
肝腎,かんじん,"essential, fundamental, crucial",N1,ja,JLPT (open-anki-jlpt-decks)
関税,かんぜい,"customs, duty, tariff",N1,ja,JLPT (open-anki-jlpt-decks)
岩石,がんせき,rock,N1,ja,JLPT (open-anki-jlpt-decks)
感染,かんせん,"infection, contagion",N1,ja,JLPT (open-anki-jlpt-decks)
幹線,かんせん,"main line, trunk line",N1,ja,JLPT (open-anki-jlpt-decks)
簡素,かんそ,"simplicity, plain",N1,ja,JLPT (open-anki-jlpt-decks)
観点,かんてん,point of view,N1,ja,JLPT (open-anki-jlpt-decks)
感度,かんど,"sensitivity, severity (quake)",N1,ja,JLPT (open-anki-jlpt-decks)
カンニング,カンニング,"cunning, cheat",N1,ja,JLPT (open-anki-jlpt-decks)
元年,がんねん,first year (of a specific reign),N1,ja,JLPT (open-anki-jlpt-decks)
幹部,かんぶ,"management, executive",N1,ja,JLPT (open-anki-jlpt-decks)
完ぺき,かんぺき,"perfection, completeness, flawless",N1,ja,JLPT (open-anki-jlpt-decks)
勘弁,かんべん,"pardon, forgiveness, forbearance",N1,ja,JLPT (open-anki-jlpt-decks)
感無量,かんむりょう,"deep feeling, filled with emotion",N1,ja,JLPT (open-anki-jlpt-decks)
勧誘,かんゆう,"invitation, canvassing, inducement",N1,ja,JLPT (open-anki-jlpt-decks)
関与,かんよ,"participation, taking part in",N1,ja,JLPT (open-anki-jlpt-decks)
寛容,かんよう,"forbearance, tolerance, generosity, involvement",N1,ja,JLPT (open-anki-jlpt-decks)
元来,がんらい,"originally, naturally",N1,ja,JLPT (open-anki-jlpt-decks)
観覧,かんらん,viewing,N1,ja,JLPT (open-anki-jlpt-decks)
慣例,かんれい,"custom, precedent, of convention",N1,ja,JLPT (open-anki-jlpt-decks)
還暦,かんれき,60th birthday,N1,ja,JLPT (open-anki-jlpt-decks)
貫禄,かんろく,"presence, dignity",N1,ja,JLPT (open-anki-jlpt-decks)
緩和,かんわ,"relief, mitigation",N1,ja,JLPT (open-anki-jlpt-decks)
議案,ぎあん,legislative bill,N1,ja,JLPT (open-anki-jlpt-decks)
危害,きがい,"injury, harm, danger",N1,ja,JLPT (open-anki-jlpt-decks)
企画,きかく,"planning, project",N1,ja,JLPT (open-anki-jlpt-decks)
規格,きかく,"standard, norm",N1,ja,JLPT (open-anki-jlpt-decks)
着飾る,きかざる,to dress up,N1,ja,JLPT (open-anki-jlpt-decks)
気兼ね,きがね,"hesitance, diffidence, feeling constraint",N1,ja,JLPT (open-anki-jlpt-decks)
気軽,きがる,"cheerful, buoyant, lighthearted",N1,ja,JLPT (open-anki-jlpt-decks)
危機,きき,crisis,N1,ja,JLPT (open-anki-jlpt-decks)
聞き取り,ききとり,listening comprehension,N1,ja,JLPT (open-anki-jlpt-decks)
効き目,ききめ,"effect, virtue, efficacy",N1,ja,JLPT (open-anki-jlpt-decks)
帰京,ききょう,returning to Tokyo,N1,ja,JLPT (open-anki-jlpt-decks)
戯曲,ぎきょく,"play, drama",N1,ja,JLPT (open-anki-jlpt-decks)
基金,ききん,"fund, foundation",N1,ja,JLPT (open-anki-jlpt-decks)
喜劇,きげき,"comedy, funny show",N1,ja,JLPT (open-anki-jlpt-decks)
議決,ぎけつ,"resolution, decision, vote",N1,ja,JLPT (open-anki-jlpt-decks)
棄権,きけん,"abstain from voting, renunciation of a right",N1,ja,JLPT (open-anki-jlpt-decks)
既婚,きこん,married,N1,ja,JLPT (open-anki-jlpt-decks)
気障,きざ,"affectation, conceit, snobbery",N1,ja,JLPT (open-anki-jlpt-decks)
記載,きさい,"mention, entry",N1,ja,JLPT (open-anki-jlpt-decks)
兆,きざし,"sign, omen, indication",N1,ja,JLPT (open-anki-jlpt-decks)
気質,きしつ,"character, trait, temperament",N1,ja,JLPT (open-anki-jlpt-decks)
期日,きじつ,"fixed date, settlement date",N1,ja,JLPT (open-anki-jlpt-decks)
きしむ,きしむ,"to jar, to creak, to grate",N1,ja,JLPT (open-anki-jlpt-decks)
議事堂,ぎじどう,Diet building,N1,ja,JLPT (open-anki-jlpt-decks)
記述,きじゅつ,"describing, descriptor",N1,ja,JLPT (open-anki-jlpt-decks)
気象,きしょう,"weather, climate",N1,ja,JLPT (open-anki-jlpt-decks)
傷付く,きずつく,"to be hurt, to be wounded, to get injured",N1,ja,JLPT (open-anki-jlpt-decks)
傷付ける,きずつける,"to wound, to hurt someone's feelings",N1,ja,JLPT (open-anki-jlpt-decks)
犠牲,ぎせい,sacrifice,N1,ja,JLPT (open-anki-jlpt-decks)
汽船,きせん,steamship,N1,ja,JLPT (open-anki-jlpt-decks)
寄贈,きぞう,"donation, presentation",N1,ja,JLPT (open-anki-jlpt-decks)
偽造,ぎぞう,"forgery, fabrication, counterfeiting",N1,ja,JLPT (open-anki-jlpt-decks)
貴族,きぞく,"noble, aristocrat",N1,ja,JLPT (open-anki-jlpt-decks)
議題,ぎだい,"topic of discussion, agenda",N1,ja,JLPT (open-anki-jlpt-decks)
鍛える,きたえる,"to forge, to train, to discipline",N1,ja,JLPT (open-anki-jlpt-decks)
気立て,きだて,"good-natured, kind-hearted",N1,ja,JLPT (open-anki-jlpt-decks)
来る,きたる,"to come, to approach,",N1,ja,JLPT (open-anki-jlpt-decks)
きちっと,きちっと,"exactly, perfectly",N1,ja,JLPT (open-anki-jlpt-decks)
几帳面,きちょうめん,"methodical, punctual, steady",N1,ja,JLPT (open-anki-jlpt-decks)
きっかり,きっかり,"exactly, precisely",N1,ja,JLPT (open-anki-jlpt-decks)
きっちり,きっちり,"precisely, tightly",N1,ja,JLPT (open-anki-jlpt-decks)
きっぱり,きっぱり,"clearly, plainly, distinctly",N1,ja,JLPT (open-anki-jlpt-decks)
規定,きてい,"regulation, provisions",N1,ja,JLPT (open-anki-jlpt-decks)
起点,きてん,starting point,N1,ja,JLPT (open-anki-jlpt-decks)
軌道,きどう,orbit; track,N1,ja,JLPT (open-anki-jlpt-decks)
技能,ぎのう,"technical skill, ability, capacity",N1,ja,JLPT (open-anki-jlpt-decks)
規範,きはん,"model, standard, example",N1,ja,JLPT (open-anki-jlpt-decks)
気品,きひん,"grace, elegance",N1,ja,JLPT (open-anki-jlpt-decks)
気風,きふう,"character, traits, ethos",N1,ja,JLPT (open-anki-jlpt-decks)
起伏,きふく,undulation,N1,ja,JLPT (open-anki-jlpt-decks)
規模,きぼ,"scale, scope, plan, structure",N1,ja,JLPT (open-anki-jlpt-decks)
気まぐれ,きまぐれ,"whim, caprice, uneven temper",N1,ja,JLPT (open-anki-jlpt-decks)
生真面目,きまじめ,"serious, sincerity",N1,ja,JLPT (open-anki-jlpt-decks)
期末,きまつ,(end of the season or term),N1,ja,JLPT (open-anki-jlpt-decks)
きまりわるい,きまりわるい,"feeling awkward, being ashamed",N1,ja,JLPT (open-anki-jlpt-decks)
記名,きめい,"signature, register",N1,ja,JLPT (open-anki-jlpt-decks)
規約,きやく,"agreement, rules, code",N1,ja,JLPT (open-anki-jlpt-decks)
脚色,きゃくしょく,"dramatization (e.g., film",N1,ja,JLPT (open-anki-jlpt-decks)
逆転,ぎゃくてん,"(sudden) change, reversal, turn-around",N1,ja,JLPT (open-anki-jlpt-decks)
脚本,きゃくほん,scenario,N1,ja,JLPT (open-anki-jlpt-decks)
華奢,きゃしゃ,"delicate, slender",N1,ja,JLPT (open-anki-jlpt-decks)
客観,きゃっかん,objective,N1,ja,JLPT (open-anki-jlpt-decks)
キャッチ,キャッチ,catch,N1,ja,JLPT (open-anki-jlpt-decks)
キャリア,キャリア,"career, career government employee",N1,ja,JLPT (open-anki-jlpt-decks)
救援,きゅうえん,"relief, rescue, reinforcement",N1,ja,JLPT (open-anki-jlpt-decks)
休学,きゅうがく,"temporary absence from school, suspension",N1,ja,JLPT (open-anki-jlpt-decks)
究極,きゅうきょく,"ultimate, final, eventual",N1,ja,JLPT (open-anki-jlpt-decks)
窮屈,きゅうくつ,"narrow, tight, formal",N1,ja,JLPT (open-anki-jlpt-decks)
球根,きゅうこん,(plant) bulb,N1,ja,JLPT (open-anki-jlpt-decks)
救済,きゅうさい,"relief, aid, rescue",N1,ja,JLPT (open-anki-jlpt-decks)
給仕,きゅうじ,waiter,N1,ja,JLPT (open-anki-jlpt-decks)
給食,きゅうしょく,"school lunch, providing a meal",N1,ja,JLPT (open-anki-jlpt-decks)
休戦,きゅうせん,"truce, armistice",N1,ja,JLPT (open-anki-jlpt-decks)
宮殿,きゅうでん,palace,N1,ja,JLPT (open-anki-jlpt-decks)
旧知,きゅうち,"old friend, old friendship",N1,ja,JLPT (open-anki-jlpt-decks)
窮乏,きゅうぼう,poverty,N1,ja,JLPT (open-anki-jlpt-decks)
寄与,きよ,"contribution, service",N1,ja,JLPT (open-anki-jlpt-decks)
強,きょう,strong,N1,ja,JLPT (open-anki-jlpt-decks)
～狂,～きょう,"maniac, fan, freak",N1,ja,JLPT (open-anki-jlpt-decks)
驚異,きょうい,"wonder, miracle",N1,ja,JLPT (open-anki-jlpt-decks)
教科,きょうか,"subject, curriculum",N1,ja,JLPT (open-anki-jlpt-decks)
協会,きょうかい,"association, society, organization",N1,ja,JLPT (open-anki-jlpt-decks)
共学,きょうがく,coeducation,N1,ja,JLPT (open-anki-jlpt-decks)
共感,きょうかん,"sympathy, response",N1,ja,JLPT (open-anki-jlpt-decks)
境遇,きょうぐう,"environment, circumstances",N1,ja,JLPT (open-anki-jlpt-decks)
教訓,きょうくん,"lesson, precept, moral instruction",N1,ja,JLPT (open-anki-jlpt-decks)
強行,きょうこう,"forcing, enforcement",N1,ja,JLPT (open-anki-jlpt-decks)
強硬,きょうこう,"firm, vigorous, stubborn",N1,ja,JLPT (open-anki-jlpt-decks)
教材,きょうざい,teaching materials,N1,ja,JLPT (open-anki-jlpt-decks)
凶作,きょうさく,"bad harvest, poor crop",N1,ja,JLPT (open-anki-jlpt-decks)
業者,ぎょうしゃ,"trader, merchant",N1,ja,JLPT (open-anki-jlpt-decks)
教習,きょうしゅう,"training, instruction",N1,ja,JLPT (open-anki-jlpt-decks)
郷愁,きょうしゅう,"nostalgia, homesickness",N1,ja,JLPT (open-anki-jlpt-decks)
教職,きょうしょく,teaching profession,N1,ja,JLPT (open-anki-jlpt-decks)
興じる,きょうじる,"to amuse oneself, to make merry",N1,ja,JLPT (open-anki-jlpt-decks)
強制,きょうせい,"obligation, compulsion, enforcement",N1,ja,JLPT (open-anki-jlpt-decks)
行政,ぎょうせい,administration,N1,ja,JLPT (open-anki-jlpt-decks)
業績,ぎょうせき,"achievement, work, contribution",N1,ja,JLPT (open-anki-jlpt-decks)
共存,きょうぞん,coexistence,N1,ja,JLPT (open-anki-jlpt-decks)
協定,きょうてい,"arrangement, pact, agreement",N1,ja,JLPT (open-anki-jlpt-decks)
郷土,きょうど,homeland,N1,ja,JLPT (open-anki-jlpt-decks)
脅迫,きょうはく,"threat, coercion",N1,ja,JLPT (open-anki-jlpt-decks)
業務,ぎょうむ,"business, duties, work",N1,ja,JLPT (open-anki-jlpt-decks)
共鳴,きょうめい,"resonance, sympathy",N1,ja,JLPT (open-anki-jlpt-decks)
郷里,きょうり,"birth-place, home town",N1,ja,JLPT (open-anki-jlpt-decks)
強烈,きょうれつ,"strong, intense, severe",N1,ja,JLPT (open-anki-jlpt-decks)
共和,きょうわ,"republicanism, cooperation",N1,ja,JLPT (open-anki-jlpt-decks)
局限,きょくげん,"limit, localize",N1,ja,JLPT (open-anki-jlpt-decks)
極端,きょくたん,"extreme, extremity",N1,ja,JLPT (open-anki-jlpt-decks)
居住,きょじゅう,residence,N1,ja,JLPT (open-anki-jlpt-decks)
拒絶,きょぜつ,"refusal, rejection",N1,ja,JLPT (open-anki-jlpt-decks)
漁船,ぎょせん,fishing boat,N1,ja,JLPT (open-anki-jlpt-decks)
漁村,ぎょそん,fishing village,N1,ja,JLPT (open-anki-jlpt-decks)
拒否,きょひ,"denial, rejection, refusal",N1,ja,JLPT (open-anki-jlpt-decks)
許容,きょよう,"permission, pardon",N1,ja,JLPT (open-anki-jlpt-decks)
清らか,きよらか,"clean, pure, chaste",N1,ja,JLPT (open-anki-jlpt-decks)
きらびやか,きらびやか,"gorgeous, gaudy, dazzling",N1,ja,JLPT (open-anki-jlpt-decks)
～きり,～きり,only,N1,ja,JLPT (open-anki-jlpt-decks)
義理,ぎり,"debt of gratitude, obligation",N1,ja,JLPT (open-anki-jlpt-decks)
切替,きりかえ,"exchange, conversion, switchover",N1,ja,JLPT (open-anki-jlpt-decks)
気流,きりゅう,atmospheric current,N1,ja,JLPT (open-anki-jlpt-decks)
切れ目,きれめ,"break, pause, gap",N1,ja,JLPT (open-anki-jlpt-decks)
疑惑,ぎわく,"doubt, misgivings, suspicion",N1,ja,JLPT (open-anki-jlpt-decks)
極めて,きわめて,"exceedingly, extremely (written expression)",N1,ja,JLPT (open-anki-jlpt-decks)
近眼,きんがん,nearsightedness,N1,ja,JLPT (open-anki-jlpt-decks)
緊急,きんきゅう,"urgent, pressing, emergency",N1,ja,JLPT (open-anki-jlpt-decks)
近郊,きんこう,"suburbs, outskirts",N1,ja,JLPT (open-anki-jlpt-decks)
均衡,きんこう,"equilibrium, balance",N1,ja,JLPT (open-anki-jlpt-decks)
禁じる,きんじる,to prohibit,N1,ja,JLPT (open-anki-jlpt-decks)
勤勉,きんべん,"industry, diligence",N1,ja,JLPT (open-anki-jlpt-decks)
吟味,ぎんみ,"examination, careful investigation",N1,ja,JLPT (open-anki-jlpt-decks)
勤務,きんむ,"service, duty, work",N1,ja,JLPT (open-anki-jlpt-decks)
禁物,きんもつ,"taboo, forbidden thing",N1,ja,JLPT (open-anki-jlpt-decks)
勤労,きんろう,"labor, exertion, diligent service",N1,ja,JLPT (open-anki-jlpt-decks)
クイズ,クイズ,quiz,N1,ja,JLPT (open-anki-jlpt-decks)
食い違う,くいちがう,"to cross each other, to differ",N1,ja,JLPT (open-anki-jlpt-decks)
空間,くうかん,"space, room, airspace",N1,ja,JLPT (open-anki-jlpt-decks)
空腹,くうふく,hunger,N1,ja,JLPT (open-anki-jlpt-decks)
区画,くかく,"division, section, area",N1,ja,JLPT (open-anki-jlpt-decks)
区間,くかん,section,N1,ja,JLPT (open-anki-jlpt-decks)
茎,くき,stalk,N1,ja,JLPT (open-anki-jlpt-decks)
区切り,くぎり,"an end, a stop, punctuation",N1,ja,JLPT (open-anki-jlpt-decks)
くぐる,くぐる,to pass through; to go around,N1,ja,JLPT (open-anki-jlpt-decks)
くじ (～をひく),くじ (～をひく),"lottery, lot",N1,ja,JLPT (open-anki-jlpt-decks)
くじびき,くじびき,"lottery, drawn lot",N1,ja,JLPT (open-anki-jlpt-decks)
くすぐったい,くすぐったい,ticklish,N1,ja,JLPT (open-anki-jlpt-decks)
愚痴,ぐち,"idle complaint, grumble",N1,ja,JLPT (open-anki-jlpt-decks)
口吟む,くちずさむ,to humble,N1,ja,JLPT (open-anki-jlpt-decks)
嘴,くちばし,"beak, bill",N1,ja,JLPT (open-anki-jlpt-decks)
朽ちる,くちる,to rot,N1,ja,JLPT (open-anki-jlpt-decks)
覆す,くつがえす,"to overturn, to upset, to overthrow",N1,ja,JLPT (open-anki-jlpt-decks)
くっきり,くっきり,"distinctly, clearly, boldly",N1,ja,JLPT (open-anki-jlpt-decks)
屈折,くっせつ,"bending, indentation, refraction",N1,ja,JLPT (open-anki-jlpt-decks)
ぐっと,ぐっと,"firmly, fast, more",N1,ja,JLPT (open-anki-jlpt-decks)
首飾り,くびかざり,necklace,N1,ja,JLPT (open-anki-jlpt-decks)
首輪,くびわ,"necklace, choker",N1,ja,JLPT (open-anki-jlpt-decks)
組み込む,くみこむ,"to insert, to include, to cut in (printing)",N1,ja,JLPT (open-anki-jlpt-decks)
組み合わせる,くみあわせる,"to join together, to combine, to join up",N1,ja,JLPT (open-anki-jlpt-decks)
蔵,くら,"warehouse, cellar",N1,ja,JLPT (open-anki-jlpt-decks)
グレー,グレー,"grey, gray",N1,ja,JLPT (open-anki-jlpt-decks)
クレーン,クレーン,crane,N1,ja,JLPT (open-anki-jlpt-decks)
玄人,くろうと,"expert, professional",N1,ja,JLPT (open-anki-jlpt-decks)
黒字,くろじ,balance (figure) in the black,N1,ja,JLPT (open-anki-jlpt-decks)
軍艦,ぐんかん,"warship, battleship",N1,ja,JLPT (open-anki-jlpt-decks)
軍事,ぐんじ,military affairs,N1,ja,JLPT (open-anki-jlpt-decks)
君主,くんしゅ,"ruler, monarch",N1,ja,JLPT (open-anki-jlpt-decks)
群集,ぐんしゅう,"(social) group, crowd, mob",N1,ja,JLPT (open-anki-jlpt-decks)
群衆,ぐんしゅう,"(social) group, crowd, mob",N1,ja,JLPT (open-anki-jlpt-decks)
軍備,ぐんび,"armaments, military preparations",N1,ja,JLPT (open-anki-jlpt-decks)
軍服,ぐんぷく,military or naval uniform,N1,ja,JLPT (open-anki-jlpt-decks)
芸,げい,"art, accomplishment, performance",N1,ja,JLPT (open-anki-jlpt-decks)
経過,けいか,"passage, progress",N1,ja,JLPT (open-anki-jlpt-decks)
軽快,けいかい,"lively, casual, light",N1,ja,JLPT (open-anki-jlpt-decks)
警戒,けいかい,"warning, admonition, vigilance",N1,ja,JLPT (open-anki-jlpt-decks)
敬具,けいぐ,Sincerely (used at the end of letter),N1,ja,JLPT (open-anki-jlpt-decks)
軽減,けいげん,"reduction, lessening",N1,ja,JLPT (open-anki-jlpt-decks)
掲載,けいさい,"appearance (e.g., article in paper)",N1,ja,JLPT (open-anki-jlpt-decks)
傾斜,けいしゃ,"inclination, slope, dip",N1,ja,JLPT (open-anki-jlpt-decks)
形成,けいせい,formation,N1,ja,JLPT (open-anki-jlpt-decks)
形勢,けいせい,"condition, situation, prospects",N1,ja,JLPT (open-anki-jlpt-decks)
軽率,けいそつ,"thoughtless, careless, hasty",N1,ja,JLPT (open-anki-jlpt-decks)
刑罰,けいばつ,"judgment, penalty, punishment",N1,ja,JLPT (open-anki-jlpt-decks)
経費,けいひ,"expenses, cost, outlay",N1,ja,JLPT (open-anki-jlpt-decks)
警部,けいぶ,police inspector,N1,ja,JLPT (open-anki-jlpt-decks)
転換,てんかん,"convert, divert",N1,ja,JLPT (open-anki-jlpt-decks)
転居,てんきょ,"moving, changing residence",N1,ja,JLPT (open-anki-jlpt-decks)
転勤,てんきん,transfer (to another office of a company),N1,ja,JLPT (open-anki-jlpt-decks)
点検,てんけん,"inspection, examination, checking",N1,ja,JLPT (open-anki-jlpt-decks)
電源,でんげん,"source of electricity, power (e.g., button on TV)",N1,ja,JLPT (open-anki-jlpt-decks)
天国,てんごく,"paradise, heaven, Kingdom of Heaven",N1,ja,JLPT (open-anki-jlpt-decks)
天才,てんさい,a genius,N1,ja,JLPT (open-anki-jlpt-decks)
天災,てんさい,"natural calamity, disaster",N1,ja,JLPT (open-anki-jlpt-decks)
展示,てんじ,"exhibition, display",N1,ja,JLPT (open-anki-jlpt-decks)
伝説,でんせつ,"tradition, legend, folklore",N1,ja,JLPT (open-anki-jlpt-decks)
点線,てんせん,dotted line,N1,ja,JLPT (open-anki-jlpt-decks)
転じる,てんじる,"to turn, to shift",N1,ja,JLPT (open-anki-jlpt-decks)
転ずる,てんずる,"to turn, to shift",N1,ja,JLPT (open-anki-jlpt-decks)
天体,てんたい,heavenly body,N1,ja,JLPT (open-anki-jlpt-decks)
伝達,でんたつ,"transmission (e.g., news, communication, delivery)",N1,ja,JLPT (open-anki-jlpt-decks)
天地,てんち,"heaven and earth, the universe",N1,ja,JLPT (open-anki-jlpt-decks)
てんで,てんで,"(not) at all, altogether, entirely",N1,ja,JLPT (open-anki-jlpt-decks)
転任,てんにん,change of post,N1,ja,JLPT (open-anki-jlpt-decks)
展望,てんぼう,"view, outlook, prospect",N1,ja,JLPT (open-anki-jlpt-decks)
伝来,でんらい,"ancestral, hereditary, imported",N1,ja,JLPT (open-anki-jlpt-decks)
転落,てんらく,"fall, degradation",N1,ja,JLPT (open-anki-jlpt-decks)
問い合わせる,といあわせる,"to inquire, to seek information",N1,ja,JLPT (open-anki-jlpt-decks)
当～,とう～,"Our ~ (e.g., Hotel, plane, etc.)",N1,ja,JLPT (open-anki-jlpt-decks)
胴,どう,"trunk, body, frame",N1,ja,JLPT (open-anki-jlpt-decks)
同意,どうい,"agreement, consent; same meaning",N1,ja,JLPT (open-anki-jlpt-decks)
動員,どういん,mobilization,N1,ja,JLPT (open-anki-jlpt-decks)
同感,どうかん,"agreement, same opinion, same feeling",N1,ja,JLPT (open-anki-jlpt-decks)
陶器,とうき,"pottery, ceramics",N1,ja,JLPT (open-anki-jlpt-decks)
討議,とうぎ,"debate, discussion",N1,ja,JLPT (open-anki-jlpt-decks)
動機,どうき,"motive, incentive",N1,ja,JLPT (open-anki-jlpt-decks)
等級,とうきゅう,"grade, class",N1,ja,JLPT (open-anki-jlpt-decks)
同級,どうきゅう,"the same grade, same class",N1,ja,JLPT (open-anki-jlpt-decks)
同居,どうきょ,living together,N1,ja,JLPT (open-anki-jlpt-decks)
登校,とうこう,attendance (at school),N1,ja,JLPT (open-anki-jlpt-decks)
統合,とうごう,"integration, unification, synthesis",N1,ja,JLPT (open-anki-jlpt-decks)
動向,どうこう,"trend, tendency, movement, attitude",N1,ja,JLPT (open-anki-jlpt-decks)
投資,とうし,investment,N1,ja,JLPT (open-anki-jlpt-decks)
同情,どうじょう,"sympathy, compassion, sympathize",N1,ja,JLPT (open-anki-jlpt-decks)
道場,どうじょう,"(arch) dojo, hall used for martial arts training, mandala",N1,ja,JLPT (open-anki-jlpt-decks)
統制,とうせい,"regulation, control",N1,ja,JLPT (open-anki-jlpt-decks)
当選,とうせん,"being elected, winning the prize",N1,ja,JLPT (open-anki-jlpt-decks)
逃走,とうそう,"flight, desertion, escape",N1,ja,JLPT (open-anki-jlpt-decks)
統率,とうそつ,"command, generalship, leadership",N1,ja,JLPT (open-anki-jlpt-decks)
到達,とうたつ,"reaching, attaining, arrival",N1,ja,JLPT (open-anki-jlpt-decks)
統治,とうち,"rule, reign, governing",N1,ja,JLPT (open-anki-jlpt-decks)
仕切る,しきる,"to partition, to divide, to mark off",N1,ja,JLPT (open-anki-jlpt-decks)
資金,しきん,"funds, capital",N1,ja,JLPT (open-anki-jlpt-decks)
軸,じく,"axis, stem, shaft",N1,ja,JLPT (open-anki-jlpt-decks)
しくじる,しくじる,"to fail, to fall through, to blunder",N1,ja,JLPT (open-anki-jlpt-decks)
仕組,しくみ,"structure, mechanism",N1,ja,JLPT (open-anki-jlpt-decks)
死刑,しけい,death penalty,N1,ja,JLPT (open-anki-jlpt-decks)
湿気る,しける,"to be damp, to be moist",N1,ja,JLPT (open-anki-jlpt-decks)
施行,しこう,"enforcement, operation",N1,ja,JLPT (open-anki-jlpt-decks)
思考,しこう,thought,N1,ja,JLPT (open-anki-jlpt-decks)
志向,しこう,"intention, aim",N1,ja,JLPT (open-anki-jlpt-decks)
嗜好,しこう,"taste, liking, preference",N1,ja,JLPT (open-anki-jlpt-decks)
事項,じこう,"matter(s), item(s), facts",N1,ja,JLPT (open-anki-jlpt-decks)
時刻表,じこくひょう,"timetable, (train) schedule",N1,ja,JLPT (open-anki-jlpt-decks)
地獄,じごく,hell,N1,ja,JLPT (open-anki-jlpt-decks)
時差,じさ,time difference,N1,ja,JLPT (open-anki-jlpt-decks)
自在,じざい,"freely, at will",N1,ja,JLPT (open-anki-jlpt-decks)
視察,しさつ,"inspection, observation",N1,ja,JLPT (open-anki-jlpt-decks)
資産,しさん,"property, fortune, assets",N1,ja,JLPT (open-anki-jlpt-decks)
支持,しじ,support,N1,ja,JLPT (open-anki-jlpt-decks)
自主,じしゅ,"independence, autonomy",N1,ja,JLPT (open-anki-jlpt-decks)
自首,じしゅ,"surrender, give oneself up",N1,ja,JLPT (open-anki-jlpt-decks)
刺繍,ししゅう,embroidery,N1,ja,JLPT (open-anki-jlpt-decks)
市場,しじょう,(the) market (as a concept),N1,ja,JLPT (open-anki-jlpt-decks)
辞職,じしょく,resignation,N1,ja,JLPT (open-anki-jlpt-decks)
雫,しずく,drop (of water),N1,ja,JLPT (open-anki-jlpt-decks)
システム,システム,system,N1,ja,JLPT (open-anki-jlpt-decks)
沈める,しずめる,"to sink, to submerge",N1,ja,JLPT (open-anki-jlpt-decks)
施設,しせつ,"establishment, facility",N1,ja,JLPT (open-anki-jlpt-decks)
事前,じぜん,"prior, beforehand, in advance",N1,ja,JLPT (open-anki-jlpt-decks)
子息,しそく,(hon.) son,N1,ja,JLPT (open-anki-jlpt-decks)
持続,じぞく,"continuation, endurance",N1,ja,JLPT (open-anki-jlpt-decks)
自尊心,じそんしん,"self-respect, conceit",N1,ja,JLPT (open-anki-jlpt-decks)
慕う,したう,to yearn to adore,N1,ja,JLPT (open-anki-jlpt-decks)
下心,したごころ,"secret intention, motive",N1,ja,JLPT (open-anki-jlpt-decks)
下地,したじ,"groundwork, foundation",N1,ja,JLPT (open-anki-jlpt-decks)
親しむ,したしむ,"to be intimate with, to befriend",N1,ja,JLPT (open-anki-jlpt-decks)
下調べ,したしらべ,preliminary investigation,N1,ja,JLPT (open-anki-jlpt-decks)
愛想,あいそう,sociability,N1,ja,JLPT (open-anki-jlpt-decks)
間柄,あいだがら,relationship,N1,ja,JLPT (open-anki-jlpt-decks)
合間,あいま,interval,N1,ja,JLPT (open-anki-jlpt-decks)
敢えて,あえて,"dare (to do), venture (to do), challenge (to do)",N1,ja,JLPT (open-anki-jlpt-decks)
仰ぐ,あおぐ,"to look up (to), to respect; to ask for",N1,ja,JLPT (open-anki-jlpt-decks)
垢,あか,"dirt, filth",N1,ja,JLPT (open-anki-jlpt-decks)
赤字,あかじ,"deficit, go in the red",N1,ja,JLPT (open-anki-jlpt-decks)
明かす,あかす,to reveal; to stay up,N1,ja,JLPT (open-anki-jlpt-decks)
赤らむ,あからむ,"to become red, to blush",N1,ja,JLPT (open-anki-jlpt-decks)
上がり,あがり,"ascent; income; completion, stop",N1,ja,JLPT (open-anki-jlpt-decks)
諦め,あきらめ,"resignation, reconciliation, consolation",N1,ja,JLPT (open-anki-jlpt-decks)
アクセル,アクセル,(abbr.) accelerator,N1,ja,JLPT (open-anki-jlpt-decks)
あくどい,あくどい,gaudy vicious,N1,ja,JLPT (open-anki-jlpt-decks)
顎,あご,chin,N1,ja,JLPT (open-anki-jlpt-decks)
憧れ,あこがれ,"yearning, longing, aspiration",N1,ja,JLPT (open-anki-jlpt-decks)
麻,あさ,hemp,N1,ja,JLPT (open-anki-jlpt-decks)
あざ,あざ,"birthmark, bruise",N1,ja,JLPT (open-anki-jlpt-decks)
浅ましい,あさましい,"shameful, mean, despicable",N1,ja,JLPT (open-anki-jlpt-decks)
欺く,あざむく,to deceive,N1,ja,JLPT (open-anki-jlpt-decks)
鮮やか,あざやか,"vivid, clear",N1,ja,JLPT (open-anki-jlpt-decks)
嘲笑う,あざわらう,"to sneer at, to ridicule",N1,ja,JLPT (open-anki-jlpt-decks)
悪しからず,あしからず,"don't take me wrong, but..., I'm sorry",N1,ja,JLPT (open-anki-jlpt-decks)
味わい,あじわい,"flavor, relish",N1,ja,JLPT (open-anki-jlpt-decks)
焦る,あせる,"to be in a hurry, to be impatient",N1,ja,JLPT (open-anki-jlpt-decks)
あせる (こえが～),あせる (こえが～),"to fade, to discolor",N1,ja,JLPT (open-anki-jlpt-decks)
値,あたい,"value, price, worth",N1,ja,JLPT (open-anki-jlpt-decks)
値する,あたいする,"to be worth, to deserve",N1,ja,JLPT (open-anki-jlpt-decks)
悪化,あっか,"deterioration, worsen",N1,ja,JLPT (open-anki-jlpt-decks)
扱い,あつかい,"treatment, service",N1,ja,JLPT (open-anki-jlpt-decks)
呆気ない,あっけない,"not enough, too quick (short, long, etc.)",N1,ja,JLPT (open-anki-jlpt-decks)
あっさり,あっさり,"easily, readily, quickly",N1,ja,JLPT (open-anki-jlpt-decks)
斡旋,あっせん,"kind offices, mediation",N1,ja,JLPT (open-anki-jlpt-decks)
圧倒,あっとう,"overwhelm, overpower",N1,ja,JLPT (open-anki-jlpt-decks)
圧迫,あっぱく,"pressure, coercion, oppression",N1,ja,JLPT (open-anki-jlpt-decks)
あつらえる,あつらえる,"to give an order, to place an order",N1,ja,JLPT (open-anki-jlpt-decks)
圧力,あつりょく,"stress, pressure",N1,ja,JLPT (open-anki-jlpt-decks)
当て,あて,expectations; depend,N1,ja,JLPT (open-anki-jlpt-decks)
～宛,～あて,"for…(e.g., In a letter)",N1,ja,JLPT (open-anki-jlpt-decks)
当て字,あてじ,"phonetic-equivalent character, substitute character",N1,ja,JLPT (open-anki-jlpt-decks)
跡継ぎ,あとつぎ,"heir, successor",N1,ja,JLPT (open-anki-jlpt-decks)
後回し,あとまわし,"putting off, postponing",N1,ja,JLPT (open-anki-jlpt-decks)
油絵,あぶらえ,oil painting,N1,ja,JLPT (open-anki-jlpt-decks)
アプローチ,アプローチ,approach (in golf),N1,ja,JLPT (open-anki-jlpt-decks)
あべこべ,あべこべ,"contrary, opposite, inverse",N1,ja,JLPT (open-anki-jlpt-decks)
甘える,あまえる,"to behave like a spoiled child, to fawn on",N1,ja,JLPT (open-anki-jlpt-decks)
雨具,あまぐ,rain gear,N1,ja,JLPT (open-anki-jlpt-decks)
甘口,あまくち,sweet flavor,N1,ja,JLPT (open-anki-jlpt-decks)
アマチュア,アマチュア,amateur,N1,ja,JLPT (open-anki-jlpt-decks)
網,あみ,net,N1,ja,JLPT (open-anki-jlpt-decks)
操る,あやつる,"to manipulate, to operate, to pull strings",N1,ja,JLPT (open-anki-jlpt-decks)
危ぶむ,あやぶむ,"to fear, to have misgivings, to be doubtful",N1,ja,JLPT (open-anki-jlpt-decks)
あやふや,あやふや,"uncertain, vague, ambiguous",N1,ja,JLPT (open-anki-jlpt-decks)
過ち,あやまち,"fault, error, indiscretion",N1,ja,JLPT (open-anki-jlpt-decks)
誤る,あやまる,to make a mistake,N1,ja,JLPT (open-anki-jlpt-decks)
歩み,あゆみ,"step, progress, history",N1,ja,JLPT (open-anki-jlpt-decks)
歩む,あゆむ,to walk,N1,ja,JLPT (open-anki-jlpt-decks)
予め,あらかじめ,"in advance, previously",N1,ja,JLPT (open-anki-jlpt-decks)
荒らす,あらす,to damage; to invade,N1,ja,JLPT (open-anki-jlpt-decks)
争い,あらそい,"dispute, quarrel, conflict",N1,ja,JLPT (open-anki-jlpt-decks)
改まる,あらたまる,to be renewed; to be formal,N1,ja,JLPT (open-anki-jlpt-decks)
荒っぽい,あらっぽい,"rough, rude",N1,ja,JLPT (open-anki-jlpt-decks)
アラブ,アラブ,Arab,N1,ja,JLPT (open-anki-jlpt-decks)
霰,あられ,"hail (e.g., falling ice balls)",N1,ja,JLPT (open-anki-jlpt-decks)
有り様,ありさま,"state, condition",N1,ja,JLPT (open-anki-jlpt-decks)
ありのまま,ありのまま,"the truth, as it is, frankly",N1,ja,JLPT (open-anki-jlpt-decks)
ありふれる,ありふれる,"common, ordinary, routine",N1,ja,JLPT (open-anki-jlpt-decks)
アルカリ,アルカリ,alkali,N1,ja,JLPT (open-anki-jlpt-decks)
アルミ,アルミ,"aluminum (Al, aluminum)",N1,ja,JLPT (open-anki-jlpt-decks)
アワー,アワー,hour,N1,ja,JLPT (open-anki-jlpt-decks)
合わす,あわす,"to join together, to face, to unite",N1,ja,JLPT (open-anki-jlpt-decks)
～合せ,～あわせ,in all,N1,ja,JLPT (open-anki-jlpt-decks)
アンコール,アンコール,encore,N1,ja,JLPT (open-anki-jlpt-decks)
暗殺,あんさつ,assassination,N1,ja,JLPT (open-anki-jlpt-decks)
暗算,あんざん,mental arithmetic,N1,ja,JLPT (open-anki-jlpt-decks)
暗示,あんじ,"hint, suggestion",N1,ja,JLPT (open-anki-jlpt-decks)
案じる,あんじる,"to be anxious, to ponder",N1,ja,JLPT (open-anki-jlpt-decks)
安静,あんせい,rest,N1,ja,JLPT (open-anki-jlpt-decks)
案の定,あんのじょう,"sure enough, as usual",N1,ja,JLPT (open-anki-jlpt-decks)
いい加減,いいかげん,"random, irresponsible",N1,ja,JLPT (open-anki-jlpt-decks)
言い訳,いいわけ,"excuse, explanation",N1,ja,JLPT (open-anki-jlpt-decks)
イェス,イェス,yes; Jesus,N1,ja,JLPT (open-anki-jlpt-decks)
家出,いえで,running away from home,N1,ja,JLPT (open-anki-jlpt-decks)
生かす,いかす,to keep something alive; to make use of,N1,ja,JLPT (open-anki-jlpt-decks)
いかに,いかに,"how, in what way",N1,ja,JLPT (open-anki-jlpt-decks)
いかにも,いかにも,truly (same as 実に (じつに)),N1,ja,JLPT (open-anki-jlpt-decks)
異議,いぎ,"objection, dissent, protest",N1,ja,JLPT (open-anki-jlpt-decks)
生き甲斐,いきがい,"something one lives for, very important",N1,ja,JLPT (open-anki-jlpt-decks)
行き違い,いきちがい,"misunderstanding, disagreement",N1,ja,JLPT (open-anki-jlpt-decks)
意気込む,いきごむ,to be enthusiastic about,N1,ja,JLPT (open-anki-jlpt-decks)
育成,いくせい,"rearing, training, cultivation",N1,ja,JLPT (open-anki-jlpt-decks)
幾多,いくた,"many, numerous",N1,ja,JLPT (open-anki-jlpt-decks)
"(花を〜) 生ける, 活ける",(はなを～) いける,to arrange (flowers),N1,ja,JLPT (open-anki-jlpt-decks)
異見,いけん,"different opinion, objection",N1,ja,JLPT (open-anki-jlpt-decks)
意向,いこう,"intention, idea, inclination",N1,ja,JLPT (open-anki-jlpt-decks)
移行,いこう,switching over to,N1,ja,JLPT (open-anki-jlpt-decks)
いざ,いざ,"now, come (now), crucial moment",N1,ja,JLPT (open-anki-jlpt-decks)
移住,いじゅう,"migration, immigration",N1,ja,JLPT (open-anki-jlpt-decks)
衣装,いしょう,"clothing, costume, outfit",N1,ja,JLPT (open-anki-jlpt-decks)
いじる,いじる,"to touch, to tamper with",N1,ja,JLPT (open-anki-jlpt-decks)
異性,いせい,the opposite sex,N1,ja,JLPT (open-anki-jlpt-decks)
遺跡,いせき,historic ruins,N1,ja,JLPT (open-anki-jlpt-decks)
依存,いぞん,"dependence, dependent, reliance",N1,ja,JLPT (open-anki-jlpt-decks)
委託,いたく,"consign (goods (for sale) to a firm), entrust",N1,ja,JLPT (open-anki-jlpt-decks)
いたって,いたって,"very much, exceedingly, extremely",N1,ja,JLPT (open-anki-jlpt-decks)
出世,しゅっせ,"promotion, successful career, eminence",N1,ja,JLPT (open-anki-jlpt-decks)
出題,しゅつだい,proposing a question,N1,ja,JLPT (open-anki-jlpt-decks)
出動,しゅつどう,"mobilization, action",N1,ja,JLPT (open-anki-jlpt-decks)
出費,しゅっぴ,"expenses, disbursements",N1,ja,JLPT (open-anki-jlpt-decks)
出品,しゅっぴん,"exhibit, display",N1,ja,JLPT (open-anki-jlpt-decks)
主導,しゅどう,main leadership,N1,ja,JLPT (open-anki-jlpt-decks)
主任,しゅにん,"person in charge, responsible official",N1,ja,JLPT (open-anki-jlpt-decks)
首脳,しゅのう,"head, leader",N1,ja,JLPT (open-anki-jlpt-decks)
守備,しゅび,defense,N1,ja,JLPT (open-anki-jlpt-decks)
手法,しゅほう,technique,N1,ja,JLPT (open-anki-jlpt-decks)
樹木,じゅもく,"trees and shrubs, arbor",N1,ja,JLPT (open-anki-jlpt-decks)
樹立,じゅりつ,"establish, create",N1,ja,JLPT (open-anki-jlpt-decks)
準急,じゅんきゅう,"local express (train, slower than an express)",N1,ja,JLPT (open-anki-jlpt-decks)
準じる,じゅんじる,"to follow, to conform, to apply to",N1,ja,JLPT (open-anki-jlpt-decks)
～署,～しょ,department,N1,ja,JLPT (open-anki-jlpt-decks)
～症,～しょう,disease,N1,ja,JLPT (open-anki-jlpt-decks)
～証,～しょう,"proof, certificate",N1,ja,JLPT (open-anki-jlpt-decks)
～嬢,～じょう,young woman,N1,ja,JLPT (open-anki-jlpt-decks)
上位,じょうい,"superior, higher order",N1,ja,JLPT (open-anki-jlpt-decks)
上演,じょうえん,art performance,N1,ja,JLPT (open-anki-jlpt-decks)
城下,じょうか,land near the castle,N1,ja,JLPT (open-anki-jlpt-decks)
消去,しょうきょ,"elimination, erasing",N1,ja,JLPT (open-anki-jlpt-decks)
上空,じょうくう,"sky, high-altitude sky, upper air",N1,ja,JLPT (open-anki-jlpt-decks)
衝撃,しょうげき,"shock, crash, impact, ballistic",N1,ja,JLPT (open-anki-jlpt-decks)
証言,しょうげん,"evidence, testimony",N1,ja,JLPT (open-anki-jlpt-decks)
証拠,しょうこ,"evidence, proof",N1,ja,JLPT (open-anki-jlpt-decks)
照合,しょうごう,"check, verification",N1,ja,JLPT (open-anki-jlpt-decks)
詳細,しょうさい,"detail, particulars",N1,ja,JLPT (open-anki-jlpt-decks)
上昇,じょうしょう,"rising, ascending, climbing",N1,ja,JLPT (open-anki-jlpt-decks)
昇進,しょうしん,promotion,N1,ja,JLPT (open-anki-jlpt-decks)
称する,しょうする,"to take the name of, to call oneself",N1,ja,JLPT (open-anki-jlpt-decks)
情勢,じょうせい,"state of things, condition, situation",N1,ja,JLPT (open-anki-jlpt-decks)
消息,しょうそく,"news, letter, circumstances",N1,ja,JLPT (open-anki-jlpt-decks)
承諾,しょうだく,"consent, agreement",N1,ja,JLPT (open-anki-jlpt-decks)
情緒,じょうちょ,"emotion, feeling",N1,ja,JLPT (open-anki-jlpt-decks)
情緒,じょうしょ,"emotion, feeling",N1,ja,JLPT (open-anki-jlpt-decks)
象徴,しょうちょう,symbol,N1,ja,JLPT (open-anki-jlpt-decks)
小児科,しょうにか,pediatrics,N1,ja,JLPT (open-anki-jlpt-decks)
使用人,しようにん,"employee, servant",N1,ja,JLPT (open-anki-jlpt-decks)
情熱,じょうねつ,"passion, enthusiasm, zeal",N1,ja,JLPT (open-anki-jlpt-decks)
譲歩,じょうほ,"concession, conciliation, compromise",N1,ja,JLPT (open-anki-jlpt-decks)
条約,じょうやく,"treaty, pact",N1,ja,JLPT (open-anki-jlpt-decks)
勝利,しょうり,"victory, triumph, win",N1,ja,JLPT (open-anki-jlpt-decks)
上陸,じょうりく,"landing, disembarkation",N1,ja,JLPT (open-anki-jlpt-decks)
蒸溜,じょうりゅう,distillation,N1,ja,JLPT (open-anki-jlpt-decks)
奨励,しょうれい,"encouragement, promotion",N1,ja,JLPT (open-anki-jlpt-decks)
ショー,ショー,show,N1,ja,JLPT (open-anki-jlpt-decks)
除外,じょがい,"exception, exclusion",N1,ja,JLPT (open-anki-jlpt-decks)
職員,しょくいん,"staff member, personnel",N1,ja,JLPT (open-anki-jlpt-decks)
植民地,しょくみんち,colony,N1,ja,JLPT (open-anki-jlpt-decks)
職務,しょくむ,professional duties,N1,ja,JLPT (open-anki-jlpt-decks)
諸君,しょくん,"Gentlemen!, Ladies!",N1,ja,JLPT (open-anki-jlpt-decks)
助言,じょげん,"advice, suggestion",N1,ja,JLPT (open-anki-jlpt-decks)
徐行,じょこう,going slowly,N1,ja,JLPT (open-anki-jlpt-decks)
所在,しょざい,whereabouts,N1,ja,JLPT (open-anki-jlpt-decks)
所持,しょじ,"possession, owning",N1,ja,JLPT (open-anki-jlpt-decks)
所属,しょぞく,"attached to, belong to",N1,ja,JLPT (open-anki-jlpt-decks)
処置,しょち,treatment,N1,ja,JLPT (open-anki-jlpt-decks)
しょっちゅう,しょっちゅう,"always, constantly",N1,ja,JLPT (open-anki-jlpt-decks)
所定,しょてい,"fixed, prescribed",N1,ja,JLPT (open-anki-jlpt-decks)
所得,しょとく,income,N1,ja,JLPT (open-anki-jlpt-decks)
処罰,しょばつ,punishment,N1,ja,JLPT (open-anki-jlpt-decks)
初版,しょはん,first edition,N1,ja,JLPT (open-anki-jlpt-decks)
書評,しょひょう,book review,N1,ja,JLPT (open-anki-jlpt-decks)
処分,しょぶん,"disposal, dealing, punishment",N1,ja,JLPT (open-anki-jlpt-decks)
庶民,しょみん,"masses, common people",N1,ja,JLPT (open-anki-jlpt-decks)
庶務,しょむ,general affairs,N1,ja,JLPT (open-anki-jlpt-decks)
所有,しょゆう,"one's possessions, ownership",N1,ja,JLPT (open-anki-jlpt-decks)
調べ,しらべ,"investigation, inspection",N1,ja,JLPT (open-anki-jlpt-decks)
自立,じりつ,"independence, self-reliance",N1,ja,JLPT (open-anki-jlpt-decks)
記す,しるす,"to note, to write down",N1,ja,JLPT (open-anki-jlpt-decks)
指令,しれい,"orders, instructions, directive",N1,ja,JLPT (open-anki-jlpt-decks)
～心,～しん,mind of ~,N1,ja,JLPT (open-anki-jlpt-decks)
陣,じん,"battle formation, camp, encampment",N1,ja,JLPT (open-anki-jlpt-decks)
進化,しんか,"evolution, progress",N1,ja,JLPT (open-anki-jlpt-decks)
人格,じんかく,"personality, character",N1,ja,JLPT (open-anki-jlpt-decks)
審議,しんぎ,deliberation,N1,ja,JLPT (open-anki-jlpt-decks)
新婚,しんこん,newly-wed,N1,ja,JLPT (open-anki-jlpt-decks)
審査,しんさ,"judging, inspection, examination",N1,ja,JLPT (open-anki-jlpt-decks)
人材,じんざい,man of talent,N1,ja,JLPT (open-anki-jlpt-decks)
紳士,しんし,gentleman,N1,ja,JLPT (open-anki-jlpt-decks)
真実,しんじつ,"truth, reality",N1,ja,JLPT (open-anki-jlpt-decks)
信者,しんじゃ,"believer, devotee",N1,ja,JLPT (open-anki-jlpt-decks)
真珠,しんじゅ,pearl,N1,ja,JLPT (open-anki-jlpt-decks)
進出,しんしゅつ,advancement,N1,ja,JLPT (open-anki-jlpt-decks)
心情,しんじょう,mentality,N1,ja,JLPT (open-anki-jlpt-decks)
新人,しんじん,"new face, newcomer",N1,ja,JLPT (open-anki-jlpt-decks)
神聖,しんせい,"holiness, sacredness, dignity",N1,ja,JLPT (open-anki-jlpt-decks)
親善,しんぜん,friendship,N1,ja,JLPT (open-anki-jlpt-decks)
真相,しんそう,"truth, real situation",N1,ja,JLPT (open-anki-jlpt-decks)
迅速,じんそく,"quick, fast, prompt",N1,ja,JLPT (open-anki-jlpt-decks)
人体,じんたい,human body,N1,ja,JLPT (open-anki-jlpt-decks)
新築,しんちく,"new building, new construction",N1,ja,JLPT (open-anki-jlpt-decks)
心中,しんじゅう,double suicide,N1,ja,JLPT (open-anki-jlpt-decks)
進呈,しんてい,presentation,N1,ja,JLPT (open-anki-jlpt-decks)
進展,しんてん,"progress, development",N1,ja,JLPT (open-anki-jlpt-decks)
神殿,しんでん,"temple, sacred place",N1,ja,JLPT (open-anki-jlpt-decks)
進度,しんど,progress,N1,ja,JLPT (open-anki-jlpt-decks)
振動,しんどう,"oscillation, vibration",N1,ja,JLPT (open-anki-jlpt-decks)
新入生,しんにゅうせい,"new student, first-year student, freshman",N1,ja,JLPT (open-anki-jlpt-decks)
信任,しんにん,"trust, confidence, credence",N1,ja,JLPT (open-anki-jlpt-decks)
神秘,しんぴ,mystery,N1,ja,JLPT (open-anki-jlpt-decks)
辛抱,しんぼう,"patience, endurance",N1,ja,JLPT (open-anki-jlpt-decks)
人民,じんみん,"people, public",N1,ja,JLPT (open-anki-jlpt-decks)
侵略,しんりゃく,"aggression, invasion, raid",N1,ja,JLPT (open-anki-jlpt-decks)
診療,しんりょう,medical examination and treatment,N1,ja,JLPT (open-anki-jlpt-decks)
粋,すい,essence,N1,ja,JLPT (open-anki-jlpt-decks)
水源,すいげん,source of river,N1,ja,JLPT (open-anki-jlpt-decks)
推進,すいしん,"propulsion, driving force",N1,ja,JLPT (open-anki-jlpt-decks)
吹奏,すいそう,playing wind instruments,N1,ja,JLPT (open-anki-jlpt-decks)
推測,すいそく,"guess, conjecture",N1,ja,JLPT (open-anki-jlpt-decks)
水田,すいでん,(water-filled) paddy field,N1,ja,JLPT (open-anki-jlpt-decks)
推理,すいり,"reasoning, inference, mystery or detective genre",N1,ja,JLPT (open-anki-jlpt-decks)
数詞,すうし,numeral,N1,ja,JLPT (open-anki-jlpt-decks)
崇拝,すうはい,"worship, adoration",N1,ja,JLPT (open-anki-jlpt-decks)
据え付ける,すえつける,"to install, to equip, to mount",N1,ja,JLPT (open-anki-jlpt-decks)
据える,すえる,"to set, to lay, to place",N1,ja,JLPT (open-anki-jlpt-decks)
すがすがしい,すがすがしい,"fresh, refreshing",N1,ja,JLPT (open-anki-jlpt-decks)
救い,すくい,"help, aid, relief",N1,ja,JLPT (open-anki-jlpt-decks)
すくう (みずを～),すくう (みずを～),to scoop,N1,ja,JLPT (open-anki-jlpt-decks)
健やか,すこやか,"vigorous, healthy, sound",N1,ja,JLPT (open-anki-jlpt-decks)
濯ぐ,すすぐ,"to rinse, to wash out",N1,ja,JLPT (open-anki-jlpt-decks)
進み,すすみ,progress,N1,ja,JLPT (open-anki-jlpt-decks)
裾,すそ,"(trouser) cuff, (skirt) hem, cut edge of a hairdo",N1,ja,JLPT (open-anki-jlpt-decks)
スタジオ,スタジオ,studio,N1,ja,JLPT (open-anki-jlpt-decks)
スチーム,スチーム,steam,N1,ja,JLPT (open-anki-jlpt-decks)
ストライキ,ストライキ,strike,N1,ja,JLPT (open-anki-jlpt-decks)
スト,スト,(abbr.) strike,N1,ja,JLPT (open-anki-jlpt-decks)
ストロー,ストロー,straw,N1,ja,JLPT (open-anki-jlpt-decks)
ストロボ,ストロボ,"stroboscope (literally: strobo, strobe lamp, stroboscopic lamp)",N1,ja,JLPT (open-anki-jlpt-decks)
すばしこい,すばしこい,"nimble, smart, quick",N1,ja,JLPT (open-anki-jlpt-decks)
素早い,すばやい,"fast, quick",N1,ja,JLPT (open-anki-jlpt-decks)
ずばり,ずばり,"decisively, unreservedly, frankly",N1,ja,JLPT (open-anki-jlpt-decks)
スプリング,スプリング,spring,N1,ja,JLPT (open-anki-jlpt-decks)
スペース,スペース,space,N1,ja,JLPT (open-anki-jlpt-decks)
ずぶぬれ,ずぶぬれ,"soaked, dripping wet",N1,ja,JLPT (open-anki-jlpt-decks)
スポーツカー,スポーツカー,sports car,N1,ja,JLPT (open-anki-jlpt-decks)
澄ます,すます,"to clear, to make clear, to listen for",N1,ja,JLPT (open-anki-jlpt-decks)
清ます,すます,"to clear, to make clear, to listen for",N1,ja,JLPT (open-anki-jlpt-decks)
済ます,すます,to finish; to settle; to do without,N1,ja,JLPT (open-anki-jlpt-decks)
すみやか,すみやか,speedy,N1,ja,JLPT (open-anki-jlpt-decks)
スラックス,スラックス,slacks,N1,ja,JLPT (open-anki-jlpt-decks)
ずらっと,ずらっと,"in a line, in a row",N1,ja,JLPT (open-anki-jlpt-decks)
ずるずる,ずるずる,"dragging on, sound of sniffling",N1,ja,JLPT (open-anki-jlpt-decks)
ずれ,ずれ,"difference, gap",N1,ja,JLPT (open-anki-jlpt-decks)
すれちがい,すれちがい,chance encounter,N1,ja,JLPT (open-anki-jlpt-decks)
擦れる,すれる,"to rub, to chafe",N1,ja,JLPT (open-anki-jlpt-decks)
すんなり,すんなり,"pass with no objection, slim, slender",N1,ja,JLPT (open-anki-jlpt-decks)
生育,せいいく,"growth, development, breeding",N1,ja,JLPT (open-anki-jlpt-decks)
成育,せいいく,"growth, raising",N1,ja,JLPT (open-anki-jlpt-decks)
成果,せいか,"results, fruits",N1,ja,JLPT (open-anki-jlpt-decks)
正解,せいかい,"correct, right answer, solution",N1,ja,JLPT (open-anki-jlpt-decks)
正義,せいぎ,"justice, right, righteousness",N1,ja,JLPT (open-anki-jlpt-decks)
生計,せいけい,"livelihood, living",N1,ja,JLPT (open-anki-jlpt-decks)
政権,せいけん,"(political) administration, political power",N1,ja,JLPT (open-anki-jlpt-decks)
星座,せいざ,constellation,N1,ja,JLPT (open-anki-jlpt-decks)
制裁,せいさい,"restraint, sanctions, punishment",N1,ja,JLPT (open-anki-jlpt-decks)
政策,せいさく,"political measures, policy",N1,ja,JLPT (open-anki-jlpt-decks)
生死,せいし,life and death,N1,ja,JLPT (open-anki-jlpt-decks)
静止,せいし,"stillness, repose, standing still",N1,ja,JLPT (open-anki-jlpt-decks)
誠実,せいじつ,"sincere, honest, faithful",N1,ja,JLPT (open-anki-jlpt-decks)
成熟,せいじゅく,"maturity, ripeness",N1,ja,JLPT (open-anki-jlpt-decks)
青春,せいしゅん,"youth, springtime of life, adolescent",N1,ja,JLPT (open-anki-jlpt-decks)
清純,せいじゅん,"purity, innocence",N1,ja,JLPT (open-anki-jlpt-decks)
聖書,せいしょ,Bible,N1,ja,JLPT (open-anki-jlpt-decks)
正常,せいじょう,"normalcy, normality, normal",N1,ja,JLPT (open-anki-jlpt-decks)
制する,せいする,"to control, to command",N1,ja,JLPT (open-anki-jlpt-decks)
整然,せいぜん,"orderly, regular, well-organized",N1,ja,JLPT (open-anki-jlpt-decks)
盛装,せいそう,"be dressed up, wear rich clothes",N1,ja,JLPT (open-anki-jlpt-decks)
盛大,せいだい,"grand, prosperous, magnificent",N1,ja,JLPT (open-anki-jlpt-decks)
清濁,せいだく,"good and evil, purity and impurity",N1,ja,JLPT (open-anki-jlpt-decks)
制定,せいてい,"enactment, establishment, creation",N1,ja,JLPT (open-anki-jlpt-decks)
静的,せいてき,static,N1,ja,JLPT (open-anki-jlpt-decks)
製鉄,せいてつ,iron manufacture,N1,ja,JLPT (open-anki-jlpt-decks)
晴天,せいてん,fine weather,N1,ja,JLPT (open-anki-jlpt-decks)
正当,せいとう,"just, due, proper",N1,ja,JLPT (open-anki-jlpt-decks)
制服,せいふく,uniform,N1,ja,JLPT (open-anki-jlpt-decks)
征服,せいふく,"conquest, subjugation, overcoming",N1,ja,JLPT (open-anki-jlpt-decks)
製法,せいほう,"manufacturing method, recipe, formula",N1,ja,JLPT (open-anki-jlpt-decks)
精密,せいみつ,"precise, exact, detailed, minute",N1,ja,JLPT (open-anki-jlpt-decks)
税務署,ぜいむしょ,tax office,N1,ja,JLPT (open-anki-jlpt-decks)
制約,せいやく,"limitation, constraints",N1,ja,JLPT (open-anki-jlpt-decks)
勢力,せいりょく,"influence, power, might, strength",N1,ja,JLPT (open-anki-jlpt-decks)
整列,せいれつ,"stand in a row, form a line",N1,ja,JLPT (open-anki-jlpt-decks)
セール,セール,sale,N1,ja,JLPT (open-anki-jlpt-decks)
急かす,せかす,"to hurry, to urge on",N1,ja,JLPT (open-anki-jlpt-decks)
伜,せがれ,"son, my son",N1,ja,JLPT (open-anki-jlpt-decks)
責務,せきむ,"duty, obligation",N1,ja,JLPT (open-anki-jlpt-decks)
セクション,セクション,section,N1,ja,JLPT (open-anki-jlpt-decks)
世辞,せじ,"flattery, compliment",N1,ja,JLPT (open-anki-jlpt-decks)
世帯,せたい,household,N1,ja,JLPT (open-anki-jlpt-decks)
是正,ぜせい,"correction, revision",N1,ja,JLPT (open-anki-jlpt-decks)
世代,せだい,generation,N1,ja,JLPT (open-anki-jlpt-decks)
切開,せっかい,"opening up, cutting through",N1,ja,JLPT (open-anki-jlpt-decks)
セックス,セックス,sex,N1,ja,JLPT (open-anki-jlpt-decks)
切実,せつじつ,"compelling, serious, severe, acute",N1,ja,JLPT (open-anki-jlpt-decks)
接触,せっしょく,"touch, contact",N1,ja,JLPT (open-anki-jlpt-decks)
接続詞,せつぞくし,conjunction,N1,ja,JLPT (open-anki-jlpt-decks)
設置,せっち,"establishment, institution",N1,ja,JLPT (open-anki-jlpt-decks)
折衷,せっちゅう,"compromise, cross, blending, eclecticism",N1,ja,JLPT (open-anki-jlpt-decks)
設定,せってい,"establishment, creation",N1,ja,JLPT (open-anki-jlpt-decks)
説得,せっとく,persuasion,N1,ja,JLPT (open-anki-jlpt-decks)
切ない,せつない,"painful, trying, sad",N1,ja,JLPT (open-anki-jlpt-decks)
絶版,ぜっぱん,out of print,N1,ja,JLPT (open-anki-jlpt-decks)
設立,せつりつ,"establishment, foundation, institution",N1,ja,JLPT (open-anki-jlpt-decks)
攻め,せめ,"attack, offense",N1,ja,JLPT (open-anki-jlpt-decks)
ゼリー,ゼリー,jelly,N1,ja,JLPT (open-anki-jlpt-decks)
セレモニー,セレモニー,ceremony,N1,ja,JLPT (open-anki-jlpt-decks)
世論,せろん,public opinion,N1,ja,JLPT (open-anki-jlpt-decks)
先,せん,"priority, precedence, previous",N1,ja,JLPT (open-anki-jlpt-decks)
繊維,せんい,"fiber, fiber, textile",N1,ja,JLPT (open-anki-jlpt-decks)
全快,ぜんかい,complete recovery of health,N1,ja,JLPT (open-anki-jlpt-decks)
宣教,せんきょう,religious mission,N1,ja,JLPT (open-anki-jlpt-decks)
宣言,せんげん,"declaration, proclamation, announcement",N1,ja,JLPT (open-anki-jlpt-decks)
戦災,せんさい,war damage,N1,ja,JLPT (open-anki-jlpt-decks)
専修,せんしゅう,specialization,N1,ja,JLPT (open-anki-jlpt-decks)
戦術,せんじゅつ,tactics,N1,ja,JLPT (open-anki-jlpt-decks)
センス,センス,"sense (for music, style, tact, etc.)",N1,ja,JLPT (open-anki-jlpt-decks)
潜水,せんすい,diving,N1,ja,JLPT (open-anki-jlpt-decks)
全盛,ぜんせい,height of prosperity,N1,ja,JLPT (open-anki-jlpt-decks)
先代,せんだい,"family predecessor, previous age, previous generation",N1,ja,JLPT (open-anki-jlpt-decks)
先だって,せんだって,"recently, the other day",N1,ja,JLPT (open-anki-jlpt-decks)
先着,せんちゃく,first arrival,N1,ja,JLPT (open-anki-jlpt-decks)
前提,ぜんてい,"preamble, premise, prerequisite",N1,ja,JLPT (open-anki-jlpt-decks)
先天的,せんてんてき,"inherent, congenital, hereditary",N1,ja,JLPT (open-anki-jlpt-decks)
前途,ぜんと,"future prospects, outlook, the journey ahead",N1,ja,JLPT (open-anki-jlpt-decks)
戦闘,せんとう,"battle, fight, combat",N1,ja,JLPT (open-anki-jlpt-decks)
潜入,せんにゅう,"infiltration, sneaking in",N1,ja,JLPT (open-anki-jlpt-decks)
船舶,せんぱく,ship,N1,ja,JLPT (open-anki-jlpt-decks)
全滅,ぜんめつ,annihilation,N1,ja,JLPT (open-anki-jlpt-decks)
専用,せんよう,"exclusive use, personal use",N1,ja,JLPT (open-anki-jlpt-decks)
占領,せんりょう,"occupation, possession, have a room to oneself",N1,ja,JLPT (open-anki-jlpt-decks)
善良,ぜんりょう,"goodness, excellence, virtue",N1,ja,JLPT (open-anki-jlpt-decks)
戦力,せんりょく,war potential,N1,ja,JLPT (open-anki-jlpt-decks)
前例,ぜんれい,precedent,N1,ja,JLPT (open-anki-jlpt-decks)
相応,そうおう,"suitability, fitness",N1,ja,JLPT (open-anki-jlpt-decks)
総会,そうかい,general meeting,N1,ja,JLPT (open-anki-jlpt-decks)
創刊,そうかん,"launching (e.g., newspaper, first issue)",N1,ja,JLPT (open-anki-jlpt-decks)
雑木,ぞうき,"various kinds of small trees, assorted trees",N1,ja,JLPT (open-anki-jlpt-decks)
早急,そうきゅう,urgent,N1,ja,JLPT (open-anki-jlpt-decks)
早急,さっきゅう,urgent,N1,ja,JLPT (open-anki-jlpt-decks)
増強,ぞうきょう,"reinforce, increase",N1,ja,JLPT (open-anki-jlpt-decks)
送金,そうきん,"remittance, sending money",N1,ja,JLPT (open-anki-jlpt-decks)
走行,そうこう,"running a wheeled vehicle (e.g., car, traveling)",N1,ja,JLPT (open-anki-jlpt-decks)
総合,そうごう,"synthesis, generalization",N1,ja,JLPT (open-anki-jlpt-decks)
捜索,そうさく,"search (esp. for someone or something missing, investigation)",N1,ja,JLPT (open-anki-jlpt-decks)
蔵相,ぞうしょう,Minister of Finance,N1,ja,JLPT (open-anki-jlpt-decks)
装飾,そうしょく,ornament,N1,ja,JLPT (open-anki-jlpt-decks)
増進,ぞうしん,"promoting, increase, advance",N1,ja,JLPT (open-anki-jlpt-decks)
相対,そうたい,relative,N1,ja,JLPT (open-anki-jlpt-decks)
壮大,そうだい,"magnificent, grand, majestic",N1,ja,JLPT (open-anki-jlpt-decks)
騒動,そうどう,"strife, riot, rebellion",N1,ja,JLPT (open-anki-jlpt-decks)
遭難,そうなん,"disaster, shipwreck, accident",N1,ja,JLPT (open-anki-jlpt-decks)
相場,そうば,"market price, speculation, estimation",N1,ja,JLPT (open-anki-jlpt-decks)
装備,そうび,equipment,N1,ja,JLPT (open-anki-jlpt-decks)
創立,そうりつ,"establishment, founding",N1,ja,JLPT (open-anki-jlpt-decks)
添える,そえる,"to add to, to attach, to accompany",N1,ja,JLPT (open-anki-jlpt-decks)
ソース,ソース,source,N1,ja,JLPT (open-anki-jlpt-decks)
即座に,そくざに,"immediately, right away",N1,ja,JLPT (open-anki-jlpt-decks)
促進,そくしん,"promotion, acceleration, encouragement",N1,ja,JLPT (open-anki-jlpt-decks)
即する,そくする,"to conform to, to agree with, to be adapted to,",N1,ja,JLPT (open-anki-jlpt-decks)
束縛,そくばく,"restraint, restriction, confinement",N1,ja,JLPT (open-anki-jlpt-decks)
側面,そくめん,"side, sidelight, lateral",N1,ja,JLPT (open-anki-jlpt-decks)
損う,そこなう,"to harm, to hurt",N1,ja,JLPT (open-anki-jlpt-decks)
そこら,そこら,"everywhere, somewhere",N1,ja,JLPT (open-anki-jlpt-decks)
素材,そざい,"raw materials, subject matter",N1,ja,JLPT (open-anki-jlpt-decks)
阻止,そし,"obstruction, check, hindrance",N1,ja,JLPT (open-anki-jlpt-decks)
訴訟,そしょう,"litigation, lawsuit",N1,ja,JLPT (open-anki-jlpt-decks)
育ち,そだち,"breeding, growth",N1,ja,JLPT (open-anki-jlpt-decks)
措置,そち,"measure, step",N1,ja,JLPT (open-anki-jlpt-decks)
ソックス,ソックス,socks,N1,ja,JLPT (open-anki-jlpt-decks)
素っ気無い,そっけない,"cold, short, curt, blunt",N1,ja,JLPT (open-anki-jlpt-decks)
外方,そっぽ,look (or turn) the other way,N1,ja,JLPT (open-anki-jlpt-decks)
備え付ける,そなえつける,"to provide, to equip, to install",N1,ja,JLPT (open-anki-jlpt-decks)
備わる,そなわる,to be furnished with,N1,ja,JLPT (open-anki-jlpt-decks)
具わる,そなわる,to be furnished with,N1,ja,JLPT (open-anki-jlpt-decks)
聳える,そびえる,"to rise, to tower, to soar",N1,ja,JLPT (open-anki-jlpt-decks)
素朴,そぼく,"simplicity, artlessness, naivety",N1,ja,JLPT (open-anki-jlpt-decks)
背く,そむく,"to run counter to, to go against",N1,ja,JLPT (open-anki-jlpt-decks)
染まる,そまる,to be dyed,N1,ja,JLPT (open-anki-jlpt-decks)
染める,そめる,"to dye, to color",N1,ja,JLPT (open-anki-jlpt-decks)
そらす,そらす,"to bend, to warp",N1,ja,JLPT (open-anki-jlpt-decks)
そり (～にのる),そり (～にのる),"sleigh, sled",N1,ja,JLPT (open-anki-jlpt-decks)
反る,そる,"to warp, to be warped, to curve",N1,ja,JLPT (open-anki-jlpt-decks)
それゆえ,それゆえ,"therefore, for that reason, so",N1,ja,JLPT (open-anki-jlpt-decks)
ソロ,ソロ,solo,N1,ja,JLPT (open-anki-jlpt-decks)
揃い,そろい,"set, suit, uniform",N1,ja,JLPT (open-anki-jlpt-decks)
ぞんざい,ぞんざい,"rude, careless, slovenly",N1,ja,JLPT (open-anki-jlpt-decks)
損失,そんしつ,loss,N1,ja,JLPT (open-anki-jlpt-decks)
存続,そんぞく,"duration, continuance",N1,ja,JLPT (open-anki-jlpt-decks)
ダース,ダース,dozen,N1,ja,JLPT (open-anki-jlpt-decks)
対応,たいおう,dealing with,N1,ja,JLPT (open-anki-jlpt-decks)
大家,たいか,"rich family, distinguished family",N1,ja,JLPT (open-anki-jlpt-decks)
退化,たいか,"degeneration, retrogression",N1,ja,JLPT (open-anki-jlpt-decks)
大概,たいがい,"in general, mainly",N1,ja,JLPT (open-anki-jlpt-decks)
体格,たいかく,"physique, constitution",N1,ja,JLPT (open-anki-jlpt-decks)
大金,たいきん,large amount of money,N1,ja,JLPT (open-anki-jlpt-decks)
待遇,たいぐう,"treatment, reception",N1,ja,JLPT (open-anki-jlpt-decks)
対決,たいけつ,"confrontation, showdown",N1,ja,JLPT (open-anki-jlpt-decks)
体験,たいけん,personal experience,N1,ja,JLPT (open-anki-jlpt-decks)
対抗,たいこう,"opposition, antagonism",N1,ja,JLPT (open-anki-jlpt-decks)
退治,たいじ,extermination,N1,ja,JLPT (open-anki-jlpt-decks)
大衆,たいしゅう,general public,N1,ja,JLPT (open-anki-jlpt-decks)
対処,たいしょ,"deal with, cope",N1,ja,JLPT (open-anki-jlpt-decks)
退職,たいしょく,retirement (from office),N1,ja,JLPT (open-anki-jlpt-decks)
題する,だいする,to title,N1,ja,JLPT (open-anki-jlpt-decks)
態勢,たいせい,"attitude, conditions, tendency",N1,ja,JLPT (open-anki-jlpt-decks)
対談,たいだん,"talk, dialogue",N1,ja,JLPT (open-anki-jlpt-decks)
大胆,だいたん,"bold, daring, audacious",N1,ja,JLPT (open-anki-jlpt-decks)
対等,たいとう,equivalent,N1,ja,JLPT (open-anki-jlpt-decks)
台無し,だいなし,"mess, spoiled, (come to) nothing",N1,ja,JLPT (open-anki-jlpt-decks)
滞納,たいのう,"non-payment, default",N1,ja,JLPT (open-anki-jlpt-decks)
対比,たいひ,"contrast, comparison",N1,ja,JLPT (open-anki-jlpt-decks)
タイピスト,タイピスト,typist,N1,ja,JLPT (open-anki-jlpt-decks)
大部,たいぶ,"most (e.g., most part, greater, fairly, a good deal, much)",N1,ja,JLPT (open-anki-jlpt-decks)
大便,だいべん,feces,N1,ja,JLPT (open-anki-jlpt-decks)
代弁,だいべん,speak for another,N1,ja,JLPT (open-anki-jlpt-decks)
待望,たいぼう,"long-expected, waiting",N1,ja,JLPT (open-anki-jlpt-decks)
台本,だいほん,"libretto, scenario",N1,ja,JLPT (open-anki-jlpt-decks)
タイマー,タイマー,timer,N1,ja,JLPT (open-anki-jlpt-decks)
怠慢,たいまん,"negligence, carelessness",N1,ja,JLPT (open-anki-jlpt-decks)
タイミング,タイミング,timing,N1,ja,JLPT (open-anki-jlpt-decks)
タイム,タイム,time,N1,ja,JLPT (open-anki-jlpt-decks)
タイムリー,タイムリー,"timely, run-batted-in (baseball), RBI",N1,ja,JLPT (open-anki-jlpt-decks)
対面,たいめん,"interview, meeting",N1,ja,JLPT (open-anki-jlpt-decks)
代用,だいよう,substitution,N1,ja,JLPT (open-anki-jlpt-decks)
体力,たいりょく,physical strength,N1,ja,JLPT (open-anki-jlpt-decks)
タイル,タイル,tile,N1,ja,JLPT (open-anki-jlpt-decks)
対話,たいわ,"conversation, dialogue",N1,ja,JLPT (open-anki-jlpt-decks)
耐える,たえる,"to endure, to put up with",N1,ja,JLPT (open-anki-jlpt-decks)
堪える,たえる,"to endure, to put up with",N1,ja,JLPT (open-anki-jlpt-decks)
絶える,たえる,"to die out, to become extinct",N1,ja,JLPT (open-anki-jlpt-decks)
断える,たえる,"to cease, to become extinct",N1,ja,JLPT (open-anki-jlpt-decks)
打開,だかい,"solution, breakthrough",N1,ja,JLPT (open-anki-jlpt-decks)
焚火,たきび,(open) fire,N1,ja,JLPT (open-anki-jlpt-decks)
妥協,だきょう,"compromise, giving in",N1,ja,JLPT (open-anki-jlpt-decks)
たくましい,たくましい,"burly, strong, sturdy",N1,ja,JLPT (open-anki-jlpt-decks)
巧み,たくみ,"skill, cleverness",N1,ja,JLPT (open-anki-jlpt-decks)
丈,たけ,"length, height",N1,ja,JLPT (open-anki-jlpt-decks)
打撃,だげき,"blow, damage; batting (baseball)",N1,ja,JLPT (open-anki-jlpt-decks)
妥結,だけつ,agreement,N1,ja,JLPT (open-anki-jlpt-decks)
駄作,ださく,poor work,N1,ja,JLPT (open-anki-jlpt-decks)
足し算,たしざん,addition,N1,ja,JLPT (open-anki-jlpt-decks)
多数決,たすうけつ,majority rule,N1,ja,JLPT (open-anki-jlpt-decks)
助け,たすけ,assistance,N1,ja,JLPT (open-anki-jlpt-decks)
携わる,たずさわる,"to engage, to involve",N1,ja,JLPT (open-anki-jlpt-decks)
漂う,ただよう,"to drift about, to float, to hang in air",N1,ja,JLPT (open-anki-jlpt-decks)
立ち去る,たちさる,"to leave, to depart",N1,ja,JLPT (open-anki-jlpt-decks)
立ち寄る,たちよる,"to stop by, to drop in for a short visit",N1,ja,JLPT (open-anki-jlpt-decks)
抱っこ,だっこ,(child's) hug,N1,ja,JLPT (open-anki-jlpt-decks)
達者,たっしゃ,"skillful, in good health",N1,ja,JLPT (open-anki-jlpt-decks)
脱出,だっしゅつ,escape,N1,ja,JLPT (open-anki-jlpt-decks)
脱する,だっする,"to escape from, to get out",N1,ja,JLPT (open-anki-jlpt-decks)
達成,たっせい,achievement,N1,ja,JLPT (open-anki-jlpt-decks)
脱退,だったい,"secession, withdrawal",N1,ja,JLPT (open-anki-jlpt-decks)
だったら,だったら,if it's the case,N1,ja,JLPT (open-anki-jlpt-decks)
立て替える,たてかえる,"to pay in advance, to pay for another",N1,ja,JLPT (open-anki-jlpt-decks)
建前,たてまえ,position; stance one takes in public; principle,N1,ja,JLPT (open-anki-jlpt-decks)
奉る,たてまつる,"to offer, to do respectfully",N1,ja,JLPT (open-anki-jlpt-decks)
だと,だと,if it's the case,N1,ja,JLPT (open-anki-jlpt-decks)
他動詞,たどうし,transitive verb (direct object),N1,ja,JLPT (open-anki-jlpt-decks)
辿り着く,たどりつく,"to reach, to make it somehow",N1,ja,JLPT (open-anki-jlpt-decks)
辿る,たどる,"to follow (road, to pursue (course), to follow up",N1,ja,JLPT (open-anki-jlpt-decks)
束ねる,たばねる,"to tie up in a bundle, to control",N1,ja,JLPT (open-anki-jlpt-decks)
だぶだぶ,だぶだぶ,"loose, baggy",N1,ja,JLPT (open-anki-jlpt-decks)
他方,たほう,"another side, on the other hand",N1,ja,JLPT (open-anki-jlpt-decks)
多忙,たぼう,busy,N1,ja,JLPT (open-anki-jlpt-decks)
給う,たまう,"to receive, to grant",N1,ja,JLPT (open-anki-jlpt-decks)
魂,たましい,"soul, spirit",N1,ja,JLPT (open-anki-jlpt-decks)
溜まり,たまり,"collected things, gathering place, arrears",N1,ja,JLPT (open-anki-jlpt-decks)
賜る,たまわる,"to grant, to bestow",N1,ja,JLPT (open-anki-jlpt-decks)
保つ,たもつ,"to keep, to preserve, to sustain",N1,ja,JLPT (open-anki-jlpt-decks)
たやすい,たやすい,"easy, simple, light",N1,ja,JLPT (open-anki-jlpt-decks)
多様,たよう,"diversity, variety",N1,ja,JLPT (open-anki-jlpt-decks)
だるい,だるい,"sluggish, feel heavy (tired), languid",N1,ja,JLPT (open-anki-jlpt-decks)
弛み,たるみ,"slack, slackening",N1,ja,JLPT (open-anki-jlpt-decks)
弛む,たるむ,"to slacken, to loosen, to relax",N1,ja,JLPT (open-anki-jlpt-decks)
垂れる,たれる,"to hang, to droop; to drip",N1,ja,JLPT (open-anki-jlpt-decks)
タレント,タレント,"talent, star, personality",N1,ja,JLPT (open-anki-jlpt-decks)
タワー,タワー,tower,N1,ja,JLPT (open-anki-jlpt-decks)
単一,たんいつ,"single, simple, sole",N1,ja,JLPT (open-anki-jlpt-decks)
短歌,たんか,31-syllable Japanese poem,N1,ja,JLPT (open-anki-jlpt-decks)
担架,たんか,"stretcher, litter",N1,ja,JLPT (open-anki-jlpt-decks)
短気,たんき,quick temper,N1,ja,JLPT (open-anki-jlpt-decks)
団結,だんけつ,"unity, union, solidarity",N1,ja,JLPT (open-anki-jlpt-decks)
探検,たんけん,"exploration, expedition",N1,ja,JLPT (open-anki-jlpt-decks)
断言,だんげん,"assertion, declaration, affirmation",N1,ja,JLPT (open-anki-jlpt-decks)
短縮,たんしゅく,"shortening, abbreviation, reduction",N1,ja,JLPT (open-anki-jlpt-decks)
断然,だんぜん,"firmly, absolutely, definitely",N1,ja,JLPT (open-anki-jlpt-decks)
炭素,たんそ,carbon (C),N1,ja,JLPT (open-anki-jlpt-decks)
短大,たんだい,junior college,N1,ja,JLPT (open-anki-jlpt-decks)
単調,たんちょう,"monotony, monotone, dullness",N1,ja,JLPT (open-anki-jlpt-decks)
単独,たんどく,"sole, single",N1,ja,JLPT (open-anki-jlpt-decks)
旦那,だんな,"master (of house), husband (informal)",N1,ja,JLPT (open-anki-jlpt-decks)
短波,たんぱ,short wave,N1,ja,JLPT (open-anki-jlpt-decks)
蛋白質,たんぱくしつ,protein,N1,ja,JLPT (open-anki-jlpt-decks)
ダンプ,ダンプ,dump truck,N1,ja,JLPT (open-anki-jlpt-decks)
断面,だんめん,cross section,N1,ja,JLPT (open-anki-jlpt-decks)
弾力,だんりょく,"elasticity, flexibility",N1,ja,JLPT (open-anki-jlpt-decks)
治安,ちあん,"public order, security",N1,ja,JLPT (open-anki-jlpt-decks)
チームワーク,チームワーク,teamwork,N1,ja,JLPT (open-anki-jlpt-decks)
チェンジ,チェンジ,change,N1,ja,JLPT (open-anki-jlpt-decks)
違える,ちがえる,to change,N1,ja,JLPT (open-anki-jlpt-decks)
畜産,ちくさん,animal husbandry,N1,ja,JLPT (open-anki-jlpt-decks)
畜生,ちくしょう,"beast, brute, damn",N1,ja,JLPT (open-anki-jlpt-decks)
蓄積,ちくせき,"accumulation, accumulate, store",N1,ja,JLPT (open-anki-jlpt-decks)
地形,ちけい,"landform, geographical features, topography",N1,ja,JLPT (open-anki-jlpt-decks)
知性,ちせい,intelligence,N1,ja,JLPT (open-anki-jlpt-decks)
乳,ちち,"milk, breast, loop",N1,ja,JLPT (open-anki-jlpt-decks)
縮まる,ちぢまる,"to be shortened, to be contracted, to shrink",N1,ja,JLPT (open-anki-jlpt-decks)
秩序,ちつじょ,"order, regularity",N1,ja,JLPT (open-anki-jlpt-decks)
窒息,ちっそく,suffocation,N1,ja,JLPT (open-anki-jlpt-decks)
知的,ちてき,intellectual,N1,ja,JLPT (open-anki-jlpt-decks)
着手,ちゃくしゅ,"embarkation, launch",N1,ja,JLPT (open-anki-jlpt-decks)
着色,ちゃくしょく,"coloring, coloring",N1,ja,JLPT (open-anki-jlpt-decks)
着席,ちゃくせき,"sit down, seat",N1,ja,JLPT (open-anki-jlpt-decks)
着目,ちゃくもく,attention,N1,ja,JLPT (open-anki-jlpt-decks)
着陸,ちゃくりく,"landing, touch down",N1,ja,JLPT (open-anki-jlpt-decks)
着工,ちゃっこう,start of (construction) work,N1,ja,JLPT (open-anki-jlpt-decks)
茶の間,ちゃのま,living room (Japanese style),N1,ja,JLPT (open-anki-jlpt-decks)
茶の湯,ちゃのゆ,tea ceremony,N1,ja,JLPT (open-anki-jlpt-decks)
ちやほや,ちやほや,"pamper, make a fuss of, spoil",N1,ja,JLPT (open-anki-jlpt-decks)
チャンネル,チャンネル,a channel,N1,ja,JLPT (open-anki-jlpt-decks)
宙返り,ちゅうがえり,"somersault, looping-the-loop",N1,ja,JLPT (open-anki-jlpt-decks)
中継,ちゅうけい,"relay, hook-up",N1,ja,JLPT (open-anki-jlpt-decks)
忠告,ちゅうこく,"advice, warning",N1,ja,JLPT (open-anki-jlpt-decks)
中傷,ちゅうしょう,"slander, libel, defamation",N1,ja,JLPT (open-anki-jlpt-decks)
中枢,ちゅうすう,"center, mainstay, nucleus",N1,ja,JLPT (open-anki-jlpt-decks)
抽選,ちゅうせん,"lottery, raffle, drawing (of lots)",N1,ja,JLPT (open-anki-jlpt-decks)
中断,ちゅうだん,"interruption, suspension, break",N1,ja,JLPT (open-anki-jlpt-decks)
中毒,ちゅうどく,poisoning,N1,ja,JLPT (open-anki-jlpt-decks)
中腹,ちゅうふく,"mountain side, halfway up",N1,ja,JLPT (open-anki-jlpt-decks)
中立,ちゅうりつ,neutrality,N1,ja,JLPT (open-anki-jlpt-decks)
中和,ちゅうわ,"neutralize, counteract",N1,ja,JLPT (open-anki-jlpt-decks)
～著,～ちょ,written by ~,N1,ja,JLPT (open-anki-jlpt-decks)
腸,ちょう,"bowels, intestines",N1,ja,JLPT (open-anki-jlpt-decks)
蝶,ちょう,butterfly,N1,ja,JLPT (open-anki-jlpt-decks)
超,ちょう,"super-, ultra-, hyper-",N1,ja,JLPT (open-anki-jlpt-decks)
調印,ちょういん,"signature, sign, sealing",N1,ja,JLPT (open-anki-jlpt-decks)
聴覚,ちょうかく,the sense of hearing,N1,ja,JLPT (open-anki-jlpt-decks)
長官,ちょうかん,"chief, (government) secretary",N1,ja,JLPT (open-anki-jlpt-decks)
聴講,ちょうこう,"lecture attendance, auditing",N1,ja,JLPT (open-anki-jlpt-decks)
徴収,ちょうしゅう,"collection, levy",N1,ja,JLPT (open-anki-jlpt-decks)
聴診器,ちょうしんき,stethoscope,N1,ja,JLPT (open-anki-jlpt-decks)
調停,ちょうてい,"arbitration, conciliation, mediation",N1,ja,JLPT (open-anki-jlpt-decks)
重複,ちょうふく,"duplication, repetition, overlapping, redundancy, restoration",N1,ja,JLPT (open-anki-jlpt-decks)
長編,ちょうへん,"long (e.g., novel, film)",N1,ja,JLPT (open-anki-jlpt-decks)
重宝,ちょうほう,"convenient, useful",N1,ja,JLPT (open-anki-jlpt-decks)
調理,ちょうり,cooking,N1,ja,JLPT (open-anki-jlpt-decks)
調和,ちょうわ,harmony,N1,ja,JLPT (open-anki-jlpt-decks)
ちょくちょく,ちょくちょく,"often, frequently, now and then, occasionally",N1,ja,JLPT (open-anki-jlpt-decks)
直面,ちょくめん,confrontation,N1,ja,JLPT (open-anki-jlpt-decks)
著書,ちょしょ,"literary work, book",N1,ja,JLPT (open-anki-jlpt-decks)
貯蓄,ちょちく,savings,N1,ja,JLPT (open-anki-jlpt-decks)
直感,ちょっかん,"intuition, instinct",N1,ja,JLPT (open-anki-jlpt-decks)
著名,ちょめい,"well-known, noted, celebrated",N1,ja,JLPT (open-anki-jlpt-decks)
ちらっと,ちらっと,"at a glance, by accident",N1,ja,JLPT (open-anki-jlpt-decks)
塵,ちり,"dust, dirt",N1,ja,JLPT (open-anki-jlpt-decks)
塵取り,ちりとり,dustpan,N1,ja,JLPT (open-anki-jlpt-decks)
賃金,ちんぎん,wages,N1,ja,JLPT (open-anki-jlpt-decks)
沈殿,ちんでん,"precipitation, deposition, settlement",N1,ja,JLPT (open-anki-jlpt-decks)
沈没,ちんぼつ,"sinking, foundering",N1,ja,JLPT (open-anki-jlpt-decks)
沈黙,ちんもく,"silence, reticence",N1,ja,JLPT (open-anki-jlpt-decks)
陳列,ちんれつ,"exhibition, display, show",N1,ja,JLPT (open-anki-jlpt-decks)
追及,ついきゅう,"investigation, inquiry",N1,ja,JLPT (open-anki-jlpt-decks)
追跡,ついせき,pursuit,N1,ja,JLPT (open-anki-jlpt-decks)
追放,ついほう,"exile, banishment",N1,ja,JLPT (open-anki-jlpt-decks)
費やす,ついやす,"to spend, to devote, to waste",N1,ja,JLPT (open-anki-jlpt-decks)
墜落,ついらく,"falling, crashing",N1,ja,JLPT (open-anki-jlpt-decks)
痛感,つうかん,"feeling keenly, fully realizing",N1,ja,JLPT (open-anki-jlpt-decks)
通常,つうじょう,"common, normal, usual",N1,ja,JLPT (open-anki-jlpt-decks)
痛切,つうせつ,"keen, deep",N1,ja,JLPT (open-anki-jlpt-decks)
杖,つえ,cane,N1,ja,JLPT (open-anki-jlpt-decks)
使い道,つかいみち,use,N1,ja,JLPT (open-anki-jlpt-decks)
仕える,つかえる,"to serve, to work for",N1,ja,JLPT (open-anki-jlpt-decks)
司る,つかさどる,"to rule, to govern, to administer",N1,ja,JLPT (open-anki-jlpt-decks)
つかの間,つかのま,"moment, brief time,",N1,ja,JLPT (open-anki-jlpt-decks)
月並,つきなみ,"conventional, trite, common",N1,ja,JLPT (open-anki-jlpt-decks)
継目,つぎめ,"joint, seam",N1,ja,JLPT (open-anki-jlpt-decks)
尽きる,つきる,"to be used up, to be run out",N1,ja,JLPT (open-anki-jlpt-decks)
尽くす,つくす,"to exhaust, to run out; to devote, to serve",N1,ja,JLPT (open-anki-jlpt-decks)
つくづく,つくづく,"completely, really",N1,ja,JLPT (open-anki-jlpt-decks)
作り,つくり,"make up, structure, physique",N1,ja,JLPT (open-anki-jlpt-decks)
造り,つくり,"make up, structure, physique",N1,ja,JLPT (open-anki-jlpt-decks)
繕う,つくろう,"to mend, to repair",N1,ja,JLPT (open-anki-jlpt-decks)
付け加える,つけくわえる,to add one thing to another,N1,ja,JLPT (open-anki-jlpt-decks)
告げる,つげる,to inform,N1,ja,JLPT (open-anki-jlpt-decks)
つじつま (はなしの～),つじつま (はなしの～),"coherence, consistency",N1,ja,JLPT (open-anki-jlpt-decks)
筒,つつ,"pipe, tube",N1,ja,JLPT (open-anki-jlpt-decks)
突く,つつく,"to thrust, to strike, to attack; to poke, to nudge, to pick at",N1,ja,JLPT (open-anki-jlpt-decks)
突っ突く,つっつく,to prompt someone,N1,ja,JLPT (open-anki-jlpt-decks)
謹む,つつしむ,"to be careful, to be chaste or discreet",N1,ja,JLPT (open-anki-jlpt-decks)
突っ張る,つっぱる,"to support, to become stiff; to thrust (ones opponent), to stick to (ones opinion), to insist on",N1,ja,JLPT (open-anki-jlpt-decks)
務まる,つとまる,"be equal, be fit",N1,ja,JLPT (open-anki-jlpt-decks)
勤め先,つとめさき,place of work,N1,ja,JLPT (open-anki-jlpt-decks)
努めて,つとめて,"make an effort!, work hard!",N1,ja,JLPT (open-anki-jlpt-decks)
津波,つなみ,"tsunami, tidal wave",N1,ja,JLPT (open-anki-jlpt-decks)
つねる,つねる,to pinch,N1,ja,JLPT (open-anki-jlpt-decks)
角,つの,horn,N1,ja,JLPT (open-anki-jlpt-decks)
募る,つのる,"to invite, to solicit help, participation, etc",N1,ja,JLPT (open-anki-jlpt-decks)
唾,つば,"saliva, spit, sputum",N1,ja,JLPT (open-anki-jlpt-decks)
呟く,つぶやく,"to mutter, to murmur",N1,ja,JLPT (open-anki-jlpt-decks)
つぶら,つぶら,"round, rotund",N1,ja,JLPT (open-anki-jlpt-decks)
つぶる (めを～),つぶる (めを～),to close the eyes,N1,ja,JLPT (open-anki-jlpt-decks)
壷,つぼ,"jar, pot, vase",N1,ja,JLPT (open-anki-jlpt-decks)
蕾,つぼみ,"bud, flower bud",N1,ja,JLPT (open-anki-jlpt-decks)
連なる,つらなる,"to extend, to stretch out, to stand in a row",N1,ja,JLPT (open-anki-jlpt-decks)
貫く,つらぬく,to go through,N1,ja,JLPT (open-anki-jlpt-decks)
連ねる,つらねる,"to link, to join, to put together",N1,ja,JLPT (open-anki-jlpt-decks)
釣り鐘,つりがね,temple bell (for striking),N1,ja,JLPT (open-anki-jlpt-decks)
吊り革,つりかわ,strap,N1,ja,JLPT (open-anki-jlpt-decks)
手当,てあて,"allowance, compensation; treatment",N1,ja,JLPT (open-anki-jlpt-decks)
定義,ていぎ,definition,N1,ja,JLPT (open-anki-jlpt-decks)
提供,ていきょう,"offer, program sponsoring",N1,ja,JLPT (open-anki-jlpt-decks)
提携,ていけい,"cooperation, tie-up, joint business",N1,ja,JLPT (open-anki-jlpt-decks)
体裁,ていさい,"decency, style, form, appearance",N1,ja,JLPT (open-anki-jlpt-decks)
提示,ていじ,"presentation, exhibit, suggest, citation",N1,ja,JLPT (open-anki-jlpt-decks)
ティシュペーパー,ティシュペーパー,tissue,N1,ja,JLPT (open-anki-jlpt-decks)
定食,ていしょく,"fixed-price lunch, set meal, dinner",N1,ja,JLPT (open-anki-jlpt-decks)
訂正,ていせい,"correction, revision",N1,ja,JLPT (open-anki-jlpt-decks)
停滞,ていたい,"stagnation, tie-up, congestion, retention",N1,ja,JLPT (open-anki-jlpt-decks)
邸宅,ていたく,"mansion, residence",N1,ja,JLPT (open-anki-jlpt-decks)
定年,ていねん,retirement age,N1,ja,JLPT (open-anki-jlpt-decks)
堤防,ていぼう,"bank, weir",N1,ja,JLPT (open-anki-jlpt-decks)
手遅れ,ておくれ,being (too); belated treatment,N1,ja,JLPT (open-anki-jlpt-decks)
でかい,でかい,huge,N1,ja,JLPT (open-anki-jlpt-decks)
手掛かり,てがかり,"hint, clue, key",N1,ja,JLPT (open-anki-jlpt-decks)
手掛ける,てがける,"to handle, to manage, to work with",N1,ja,JLPT (open-anki-jlpt-decks)
手数,てかず,"trouble, labor, handling",N1,ja,JLPT (open-anki-jlpt-decks)
手軽,てがる,"easy, simple, cheap",N1,ja,JLPT (open-anki-jlpt-decks)
適応,てきおう,"adaptation, accommodation, conformity",N1,ja,JLPT (open-anki-jlpt-decks)
適宜,てきぎ,suitability,N1,ja,JLPT (open-anki-jlpt-decks)
適性,てきせい,aptitude,N1,ja,JLPT (open-anki-jlpt-decks)
できもの,できもの,"boil, rash",N1,ja,JLPT (open-anki-jlpt-decks)
手際,てぎわ,"performance, skill, tact",N1,ja,JLPT (open-anki-jlpt-decks)
出くわす,でくわす,"to happen to meet, to come across",N1,ja,JLPT (open-anki-jlpt-decks)
手順,てじゅん,"process, procedure, protocol",N1,ja,JLPT (open-anki-jlpt-decks)
手錠,てじょう,"handcuffs, manacles",N1,ja,JLPT (open-anki-jlpt-decks)
手数,てすう,"trouble, labor, handling",N1,ja,JLPT (open-anki-jlpt-decks)
デコレーション,デコレーション,decoration,N1,ja,JLPT (open-anki-jlpt-decks)
手近,てぢか,"near, handy, familiar",N1,ja,JLPT (open-anki-jlpt-decks)
てっきり,てっきり,"surely, certainly, beyond doubt",N1,ja,JLPT (open-anki-jlpt-decks)
鉄鋼,てっこう,iron and steel,N1,ja,JLPT (open-anki-jlpt-decks)
デッサン,デッサン,rough sketch (FRE: dessin),N1,ja,JLPT (open-anki-jlpt-decks)
徹する,てっする,"to devote oneself, to believe in",N1,ja,JLPT (open-anki-jlpt-decks)
てっぺん,てっぺん,"top, summit, apex",N1,ja,JLPT (open-anki-jlpt-decks)
鉄棒,てつぼう,"iron rod, crowbar, horizontal bar (gymnastics)",N1,ja,JLPT (open-anki-jlpt-decks)
出直し,でなおし,"adjustment, touch up",N1,ja,JLPT (open-anki-jlpt-decks)
掌,てのひら,the palm,N1,ja,JLPT (open-anki-jlpt-decks)
手配,てはい,"arrangement, search (by police)",N1,ja,JLPT (open-anki-jlpt-decks)
手筈,てはず,"arrangement, plan, program",N1,ja,JLPT (open-anki-jlpt-decks)
手引,てびき,"guidance, guide, introduction",N1,ja,JLPT (open-anki-jlpt-decks)
手本,てほん,"model, pattern",N1,ja,JLPT (open-anki-jlpt-decks)
手回し,てまわし,"preparations, arrangements",N1,ja,JLPT (open-anki-jlpt-decks)
手元,てもと,"(money) on hand or at home, one's purse; usual skill",N1,ja,JLPT (open-anki-jlpt-decks)
デモンストレーション,デモンストレーション,demonstration,N1,ja,JLPT (open-anki-jlpt-decks)
照り返す,てりかえす,"to reflect, to throw back light",N1,ja,JLPT (open-anki-jlpt-decks)
テレックス,テレックス,"telex, teletypewriter exchange",N1,ja,JLPT (open-anki-jlpt-decks)
手分け,てわけ,division of labor,N1,ja,JLPT (open-anki-jlpt-decks)
天,てん,"heaven, sky",N1,ja,JLPT (open-anki-jlpt-decks)
田園,でんえん,"country, rural districts",N1,ja,JLPT (open-anki-jlpt-decks)
天下,てんか,"the world, whole country",N1,ja,JLPT (open-anki-jlpt-decks)
転回,てんかい,"revolution, rotation",N1,ja,JLPT (open-anki-jlpt-decks)
連休,れんきゅう,consecutive holidays,N1,ja,JLPT (open-anki-jlpt-decks)
レンジ,レンジ,"range, stove",N1,ja,JLPT (open-anki-jlpt-decks)
連日,れんじつ,every day,N1,ja,JLPT (open-anki-jlpt-decks)
連帯,れんたい,solidarity,N1,ja,JLPT (open-anki-jlpt-decks)
レンタカー,レンタカー,rented car,N1,ja,JLPT (open-anki-jlpt-decks)
連中,れんちゅう,"colleagues, company, a lot",N1,ja,JLPT (open-anki-jlpt-decks)
レントゲン,レントゲン,X-ray (lit: Roentgen),N1,ja,JLPT (open-anki-jlpt-decks)
連邦,れんぽう,"commonwealth, federation of states",N1,ja,JLPT (open-anki-jlpt-decks)
連盟,れんめい,"league, union, alliance",N1,ja,JLPT (open-anki-jlpt-decks)
老衰,ろうすい,"senility, senile decay",N1,ja,JLPT (open-anki-jlpt-decks)
朗読,ろうどく,"reading aloud, recitation",N1,ja,JLPT (open-anki-jlpt-decks)
浪費,ろうひ,"waste, extravagance",N1,ja,JLPT (open-anki-jlpt-decks)
労力,ろうりょく,"labor, effort, trouble",N1,ja,JLPT (open-anki-jlpt-decks)
ロープウエイ,ロープウエイ,"ropeway, aerial tram",N1,ja,JLPT (open-anki-jlpt-decks)
ロープ,ロープ,rope,N1,ja,JLPT (open-anki-jlpt-decks)
ろくな,ろくな,"satisfactory, decent",N1,ja,JLPT (open-anki-jlpt-decks)
露骨,ろこつ,"blunt, outspoken; conspicuous; broad, suggestive",N1,ja,JLPT (open-anki-jlpt-decks)
ロマンチック,ロマンチック,romantic,N1,ja,JLPT (open-anki-jlpt-decks)
論議,ろんぎ,discussion,N1,ja,JLPT (open-anki-jlpt-decks)
論理,ろんり,logic,N1,ja,JLPT (open-anki-jlpt-decks)
惑星,わくせい,planet,N1,ja,JLPT (open-anki-jlpt-decks)
技,わざ,"art, technique",N1,ja,JLPT (open-anki-jlpt-decks)
わざわざ,わざわざ,"take the trouble (to do), doing something especially rather than incidentally",N1,ja,JLPT (open-anki-jlpt-decks)
煩わしい,わずらわしい,"burdensome, troublesome, complicated",N1,ja,JLPT (open-anki-jlpt-decks)
渡り鳥,わたりどり,"migratory bird, bird of passage",N1,ja,JLPT (open-anki-jlpt-decks)
ワット,ワット,watt,N1,ja,JLPT (open-anki-jlpt-decks)
詫び,わび,apology,N1,ja,JLPT (open-anki-jlpt-decks)
和文,わぶん,"Japanese text, sentence in Japanese",N1,ja,JLPT (open-anki-jlpt-decks)
藁,わら,straw,N1,ja,JLPT (open-anki-jlpt-decks)
～割,～わり,~ percent,N1,ja,JLPT (open-anki-jlpt-decks)
割当,わりあて,"allotment, allocation, quota",N1,ja,JLPT (open-anki-jlpt-decks)
割込む,わりこむ,"to cut in, to disturb",N1,ja,JLPT (open-anki-jlpt-decks)
悪者,わるもの,"bad fellow, rascal",N1,ja,JLPT (open-anki-jlpt-decks)
我,われ,"me, oneself, self, ego",N1,ja,JLPT (open-anki-jlpt-decks)
捗る,はかどる,"to make progress, to move right ahead (with the work), to advance",N1,ja,JLPT (open-anki-jlpt-decks)
はかない,はかない,"short-lived, momentary, ephemeral",N1,ja,JLPT (open-anki-jlpt-decks)
ばかばかしい,ばかばかしい,stupid,N1,ja,JLPT (open-anki-jlpt-decks)
破棄,はき,"revocation, annulment, breaking (e.g., treaty)",N1,ja,JLPT (open-anki-jlpt-decks)
剥ぐ,はぐ,"to tear off, to peel off, to rip off",N1,ja,JLPT (open-anki-jlpt-decks)
迫害,はくがい,persecution,N1,ja,JLPT (open-anki-jlpt-decks)
薄弱,はくじゃく,"feebleness, weakness, weak",N1,ja,JLPT (open-anki-jlpt-decks)
白状,はくじょう,confession,N1,ja,JLPT (open-anki-jlpt-decks)
漠然,ばくぜん,"obscure, vague, equivocal",N1,ja,JLPT (open-anki-jlpt-decks)
爆弾,ばくだん,bomb,N1,ja,JLPT (open-anki-jlpt-decks)
爆破,ばくは,"blast, explosion, blow up",N1,ja,JLPT (open-anki-jlpt-decks)
暴露,ばくろ,"disclosure, exposure, revelation",N1,ja,JLPT (open-anki-jlpt-decks)
励ます,はげます,"to encourage, to cheer, to raise (the voice)",N1,ja,JLPT (open-anki-jlpt-decks)
励む,はげむ,"to be zealous, to make an effort",N1,ja,JLPT (open-anki-jlpt-decks)
剥げる,はげる,"to come off, to be worn off, to fade, to discolor",N1,ja,JLPT (open-anki-jlpt-decks)
化ける,ばける,"to disguise, to take the form of",N1,ja,JLPT (open-anki-jlpt-decks)
派遣,はけん,"dispatch, send",N1,ja,JLPT (open-anki-jlpt-decks)
恥,はじ,"shame, embarrassment",N1,ja,JLPT (open-anki-jlpt-decks)
弾く,はじく,"to play (piano, guitar)",N1,ja,JLPT (open-anki-jlpt-decks)
パジャマ,パジャマ,pajamas,N1,ja,JLPT (open-anki-jlpt-decks)
恥じらう,はじらう,"to feel shy, to be bashful, to blush",N1,ja,JLPT (open-anki-jlpt-decks)
恥じる,はじる,to feel ashamed,N1,ja,JLPT (open-anki-jlpt-decks)
橋渡し,はしわたし,"bridge building', mediation",N1,ja,JLPT (open-anki-jlpt-decks)
弾む,はずむ,"to bounce, to be encouraged, to splurge on",N1,ja,JLPT (open-anki-jlpt-decks)
破損,はそん,damage,N1,ja,JLPT (open-anki-jlpt-decks)
叩く,はたく,"to strike, to clap, to dust, to beat",N1,ja,JLPT (open-anki-jlpt-decks)
裸足,はだし,barefoot,N1,ja,JLPT (open-anki-jlpt-decks)
果たす,はたす,"to accomplish, to fulfill, to carry out, to achieve",N1,ja,JLPT (open-anki-jlpt-decks)
蜂蜜,はちみつ,honey,N1,ja,JLPT (open-anki-jlpt-decks)
パチンコ,パチンコ,pachinko (Japanese pinball),N1,ja,JLPT (open-anki-jlpt-decks)
罰,ばつ,"punishment, penalty",N1,ja,JLPT (open-anki-jlpt-decks)
発育,はついく,"(physical) growth, development",N1,ja,JLPT (open-anki-jlpt-decks)
発芽,はつが,germination,N1,ja,JLPT (open-anki-jlpt-decks)
発掘,はっくつ,"excavation, exhumation; discovery (e.g., new talent)",N1,ja,JLPT (open-anki-jlpt-decks)
発言,はつげん,"utterance, speech, proposal",N1,ja,JLPT (open-anki-jlpt-decks)
バッジ,バッジ,badge,N1,ja,JLPT (open-anki-jlpt-decks)
発生,はっせい,"outbreak, spring forth, occurrence",N1,ja,JLPT (open-anki-jlpt-decks)
仕立てる,したてる,"to tailor, to make, to prepare",N1,ja,JLPT (open-anki-jlpt-decks)
下取り,したどり,"trade in, part exchange",N1,ja,JLPT (open-anki-jlpt-decks)
下火,したび,"burning low, waning, declining",N1,ja,JLPT (open-anki-jlpt-decks)
実,じつ,"fruit, good result",N1,ja,JLPT (open-anki-jlpt-decks)
実家,じっか,(one's parents') home,N1,ja,JLPT (open-anki-jlpt-decks)
失格,しっかく,"disqualification, elimination, incapacity (legal)",N1,ja,JLPT (open-anki-jlpt-decks)
質疑,しつぎ,question,N1,ja,JLPT (open-anki-jlpt-decks)
失脚,しっきゃく,"losing one's standing, being overthrown, falling",N1,ja,JLPT (open-anki-jlpt-decks)
実業家,じつぎょうか,"industrialist, businessman",N1,ja,JLPT (open-anki-jlpt-decks)
シック,シック,chic,N1,ja,JLPT (open-anki-jlpt-decks)
じっくり,じっくり,"deliberately, carefully",N1,ja,JLPT (open-anki-jlpt-decks)
躾,しつけ,"discipline, training",N1,ja,JLPT (open-anki-jlpt-decks)
躾ける,しつける,"to discipline, to teach manners",N1,ja,JLPT (open-anki-jlpt-decks)
実践,じっせん,"practice, put into practice",N1,ja,JLPT (open-anki-jlpt-decks)
質素,しっそ,"simplicity, modesty, frugality",N1,ja,JLPT (open-anki-jlpt-decks)
実態,じったい,"truth, fact",N1,ja,JLPT (open-anki-jlpt-decks)
失調,しっちょう,"lack of harmony, imbalance",N1,ja,JLPT (open-anki-jlpt-decks)
嫉妬,しっと,jealousy,N1,ja,JLPT (open-anki-jlpt-decks)
実費,じっぴ,"actual expense, cost price",N1,ja,JLPT (open-anki-jlpt-decks)
指摘,してき,"pointing out, identification",N1,ja,JLPT (open-anki-jlpt-decks)
自転,じてん,"rotation, spin",N1,ja,JLPT (open-anki-jlpt-decks)
助動詞,じょどうし,auxiliary verb,N1,ja,JLPT (open-anki-jlpt-decks)
淑やか,しとやか,graceful,N1,ja,JLPT (open-anki-jlpt-decks)
萎びる,しなびる,"to shrivel, to fade",N1,ja,JLPT (open-anki-jlpt-decks)
シナリオ,シナリオ,scenario,N1,ja,JLPT (open-anki-jlpt-decks)
しなやか,しなやか,"supple, flexible, elastic",N1,ja,JLPT (open-anki-jlpt-decks)
屎尿,しにょう,human waste,N1,ja,JLPT (open-anki-jlpt-decks)
地主,じぬし,landlord,N1,ja,JLPT (open-anki-jlpt-decks)
凌ぐ,しのぐ,"to outdo, to surpass; to endure",N1,ja,JLPT (open-anki-jlpt-decks)
芝,しば,lawn,N1,ja,JLPT (open-anki-jlpt-decks)
始発,しはつ,first train,N1,ja,JLPT (open-anki-jlpt-decks)
耳鼻科,じびか,otolaryngology,N1,ja,JLPT (open-anki-jlpt-decks)
私物,しぶつ,"private property, personal effects",N1,ja,JLPT (open-anki-jlpt-decks)
しぶとい,しぶとい,"tenacious, stubborn",N1,ja,JLPT (open-anki-jlpt-decks)
司法,しほう,administration of justice,N1,ja,JLPT (open-anki-jlpt-decks)
始末,しまつ,disposal; cleaning up afterwards,N1,ja,JLPT (open-anki-jlpt-decks)
染みる,しみる,to soak; pierce,N1,ja,JLPT (open-anki-jlpt-decks)
使命,しめい,"mission, errand, message",N1,ja,JLPT (open-anki-jlpt-decks)
地元,じもと,local,N1,ja,JLPT (open-anki-jlpt-decks)
視野,しや,"field of vision, outlook",N1,ja,JLPT (open-anki-jlpt-decks)
弱,じゃく,"delicate, supple",N1,ja,JLPT (open-anki-jlpt-decks)
社交,しゃこう,social life,N1,ja,JLPT (open-anki-jlpt-decks)
ジャズ,ジャズ,jazz,N1,ja,JLPT (open-anki-jlpt-decks)
謝絶,しゃぜつ,refusal,N1,ja,JLPT (open-anki-jlpt-decks)
社宅,しゃたく,company owned house,N1,ja,JLPT (open-anki-jlpt-decks)
若干,じゃっかん,"some, few, number of",N1,ja,JLPT (open-anki-jlpt-decks)
三味線,しゃみせん,three-stringed Japanese guitar,N1,ja,JLPT (open-anki-jlpt-decks)
斜面,しゃめん,"slope, slanting surface, bevel",N1,ja,JLPT (open-anki-jlpt-decks)
砂利,じゃり,"gravel, ballast, pebbles",N1,ja,JLPT (open-anki-jlpt-decks)
洒落る,しゃれる,"to joke, to play on words; stylish",N1,ja,JLPT (open-anki-jlpt-decks)
ジャンパー,ジャンパー,"jacket, jumper",N1,ja,JLPT (open-anki-jlpt-decks)
ジャンプ,ジャンプ,jump,N1,ja,JLPT (open-anki-jlpt-decks)
ジャンボ,ジャンボ,jumbo,N1,ja,JLPT (open-anki-jlpt-decks)
ジャンル,ジャンル,genre,N1,ja,JLPT (open-anki-jlpt-decks)
主,しゅ,"owner, master, god",N1,ja,JLPT (open-anki-jlpt-decks)
種,しゅ,seed; variety,N1,ja,JLPT (open-anki-jlpt-decks)
私有,しゆう,private ownership,N1,ja,JLPT (open-anki-jlpt-decks)
～宗,～しゅう,sect,N1,ja,JLPT (open-anki-jlpt-decks)
収益,しゅうえき,"earnings, proceeds, returns",N1,ja,JLPT (open-anki-jlpt-decks)
修学,しゅうがく,learning,N1,ja,JLPT (open-anki-jlpt-decks)
周期,しゅうき,"cycle, period",N1,ja,JLPT (open-anki-jlpt-decks)
衆議院,しゅうぎいん,"Lower House, House of Representatives",N1,ja,JLPT (open-anki-jlpt-decks)
就業,しゅうぎょう,"employment, starting work",N1,ja,JLPT (open-anki-jlpt-decks)
従業員,じゅうぎょういん,"employee, worker",N1,ja,JLPT (open-anki-jlpt-decks)
集計,しゅうけい,"totalization, aggregate",N1,ja,JLPT (open-anki-jlpt-decks)
襲撃,しゅうげき,"attack, charge, raid",N1,ja,JLPT (open-anki-jlpt-decks)
収支,しゅうし,income and expenditure,N1,ja,JLPT (open-anki-jlpt-decks)
終始,しゅうし,from beginning to end; consistent(ly),N1,ja,JLPT (open-anki-jlpt-decks)
修士,しゅうし,Masters degree program,N1,ja,JLPT (open-anki-jlpt-decks)
従事,じゅうじ,"engaging, pursuing, following",N1,ja,JLPT (open-anki-jlpt-decks)
終日,しゅうじつ,all day,N1,ja,JLPT (open-anki-jlpt-decks)
充実,じゅうじつ,"fullness, perfection",N1,ja,JLPT (open-anki-jlpt-decks)
収集,しゅうしゅう,"gathering up, collection",N1,ja,JLPT (open-anki-jlpt-decks)
十字路,じゅうじろ,crossroads,N1,ja,JLPT (open-anki-jlpt-decks)
執着,しゅうじゃく,"attachment, adhesion, tenacity",N1,ja,JLPT (open-anki-jlpt-decks)
執着,しゅうちゃく,"attachment, adhesion, tenacity",N1,ja,JLPT (open-anki-jlpt-decks)
柔軟,じゅうなん,flexible,N1,ja,JLPT (open-anki-jlpt-decks)
重複,じゅうふく,"duplication, repetition, overlapping",N1,ja,JLPT (open-anki-jlpt-decks)
収容,しゅうよう,accommodation; seating; custody,N1,ja,JLPT (open-anki-jlpt-decks)
従来,じゅうらい,"up to now, so far, traditional",N1,ja,JLPT (open-anki-jlpt-decks)
守衛,しゅえい,"security guard, doorkeeper",N1,ja,JLPT (open-anki-jlpt-decks)
主演,しゅえん,"starring, playing the leading part",N1,ja,JLPT (open-anki-jlpt-decks)
主観,しゅかん,"subjectivity, subject, ego",N1,ja,JLPT (open-anki-jlpt-decks)
修行,しゅぎょう,"pursuit of knowledge, training, ascetic practice",N1,ja,JLPT (open-anki-jlpt-decks)
塾,じゅく,after-school (cram) school,N1,ja,JLPT (open-anki-jlpt-decks)
祝賀,しゅくが,"celebration, congratulations",N1,ja,JLPT (open-anki-jlpt-decks)
宿命,しゅくめい,"fate, destiny, predestination",N1,ja,JLPT (open-anki-jlpt-decks)
手芸,しゅげい,handicrafts,N1,ja,JLPT (open-anki-jlpt-decks)
主権,しゅけん,sovereignty,N1,ja,JLPT (open-anki-jlpt-decks)
主催,しゅさい,"organization, sponsorship, to host",N1,ja,JLPT (open-anki-jlpt-decks)
取材,しゅざい,"coverage, collecting data",N1,ja,JLPT (open-anki-jlpt-decks)
趣旨,しゅし,"object, meaning",N1,ja,JLPT (open-anki-jlpt-decks)
種々,しゅじゅ,variety,N1,ja,JLPT (open-anki-jlpt-decks)
主食,しゅしょく,staple food,N1,ja,JLPT (open-anki-jlpt-decks)
主人公,しゅじんこう,protagonist,N1,ja,JLPT (open-anki-jlpt-decks)
主体,しゅたい,"subject, main constituent",N1,ja,JLPT (open-anki-jlpt-decks)
主題,しゅだい,"subject, theme, motif",N1,ja,JLPT (open-anki-jlpt-decks)
出演,しゅつえん,"leading performer, stage appearance",N1,ja,JLPT (open-anki-jlpt-decks)
出血,しゅっけつ,bleeding,N1,ja,JLPT (open-anki-jlpt-decks)
出現,しゅつげん,"appearance, arrival",N1,ja,JLPT (open-anki-jlpt-decks)
出産,しゅっさん,childbirth,N1,ja,JLPT (open-anki-jlpt-decks)
出社,しゅっしゃ,come to work,N1,ja,JLPT (open-anki-jlpt-decks)
出生,しゅっしょう,birth,N1,ja,JLPT (open-anki-jlpt-decks)
出生,しゅっせい,birth,N1,ja,JLPT (open-anki-jlpt-decks)
微量,びりょう,"minuscule amount, extremely small quantity",N1,ja,JLPT (open-anki-jlpt-decks)
昼飯,ひるめし,lunch (mid-day meal),N1,ja,JLPT (open-anki-jlpt-decks)
比例,ひれい,proportion,N1,ja,JLPT (open-anki-jlpt-decks)
疲労,ひろう,"fatigue, weariness",N1,ja,JLPT (open-anki-jlpt-decks)
敏感,びんかん,"sensibility, susceptibility, sensitive (to)",N1,ja,JLPT (open-anki-jlpt-decks)
貧困,ひんこん,"poverty, lack",N1,ja,JLPT (open-anki-jlpt-decks)
品質,ひんしつ,quality,N1,ja,JLPT (open-anki-jlpt-decks)
貧弱,ひんじゃく,"poor, meager, insubstantial",N1,ja,JLPT (open-anki-jlpt-decks)
品種,ひんしゅ,"breed, type, variety",N1,ja,JLPT (open-anki-jlpt-decks)
ヒント,ヒント,hint,N1,ja,JLPT (open-anki-jlpt-decks)
頻繁,ひんぱん,frequency,N1,ja,JLPT (open-anki-jlpt-decks)
貧乏,びんぼう,"poverty, destitute, poor",N1,ja,JLPT (open-anki-jlpt-decks)
ファイト,ファイト,fight,N1,ja,JLPT (open-anki-jlpt-decks)
ファイル,ファイル,file; portfolio,N1,ja,JLPT (open-anki-jlpt-decks)
ファン,ファン,fan,N1,ja,JLPT (open-anki-jlpt-decks)
不意,ふい,"sudden, abrupt, unexpected",N1,ja,JLPT (open-anki-jlpt-decks)
フィルタ,フィルタ,filter,N1,ja,JLPT (open-anki-jlpt-decks)
封,ふう,seal,N1,ja,JLPT (open-anki-jlpt-decks)
封鎖,ふうさ,"blockade, freezing (funds)",N1,ja,JLPT (open-anki-jlpt-decks)
風車,ふうしゃ,windmill,N1,ja,JLPT (open-anki-jlpt-decks)
風習,ふうしゅう,custom,N1,ja,JLPT (open-anki-jlpt-decks)
風俗,ふうぞく,"manners, customs; sex industry",N1,ja,JLPT (open-anki-jlpt-decks)
ブーツ,ブーツ,boots,N1,ja,JLPT (open-anki-jlpt-decks)
風土,ふうど,"natural features, climate",N1,ja,JLPT (open-anki-jlpt-decks)
ブーム,ブーム,boom,N1,ja,JLPT (open-anki-jlpt-decks)
フォーム,フォーム,foam; form,N1,ja,JLPT (open-anki-jlpt-decks)
部下,ぶか,one's subordinate,N1,ja,JLPT (open-anki-jlpt-decks)
不可欠,ふかけつ,"indispensable, essential",N1,ja,JLPT (open-anki-jlpt-decks)
ぶかぶか,ぶかぶか,"too big, baggy",N1,ja,JLPT (open-anki-jlpt-decks)
不吉,ふきつ,"ominous, sinister, bad luck, ill omen",N1,ja,JLPT (open-anki-jlpt-decks)
不況,ふきょう,"recession, depression, slump",N1,ja,JLPT (open-anki-jlpt-decks)
布巾,ふきん,dish cloth,N1,ja,JLPT (open-anki-jlpt-decks)
複合,ふくごう,"composite, complex",N1,ja,JLPT (open-anki-jlpt-decks)
福祉,ふくし,"welfare, well-being",N1,ja,JLPT (open-anki-jlpt-decks)
覆面,ふくめん,"mask, veil, disguise",N1,ja,JLPT (open-anki-jlpt-decks)
膨れる,ふくれる,"to swell (out), to be inflated, to bulge",N1,ja,JLPT (open-anki-jlpt-decks)
不景気,ふけいき,"business recession, hard times, depression",N1,ja,JLPT (open-anki-jlpt-decks)
耽る,ふける,"to indulge in, to give oneself up to, to be absorbed in",N1,ja,JLPT (open-anki-jlpt-decks)
老ける,ふける,to age,N1,ja,JLPT (open-anki-jlpt-decks)
富豪,ふごう,"wealthy person, millionaire",N1,ja,JLPT (open-anki-jlpt-decks)
布告,ふこく,"edict, ordinance, proclamation",N1,ja,JLPT (open-anki-jlpt-decks)
ブザー,ブザー,buzzer,N1,ja,JLPT (open-anki-jlpt-decks)
負債,ふさい,"debt, liabilities",N1,ja,JLPT (open-anki-jlpt-decks)
不在,ふざい,absence,N1,ja,JLPT (open-anki-jlpt-decks)
ふさわしい,ふさわしい,appropriate,N1,ja,JLPT (open-anki-jlpt-decks)
不順,ふじゅん,"irregularity, unseasonableness",N1,ja,JLPT (open-anki-jlpt-decks)
負傷,ふしょう,"injury, wound",N1,ja,JLPT (open-anki-jlpt-decks)
侮辱,ぶじょく,"insult, contempt, slight",N1,ja,JLPT (open-anki-jlpt-decks)
不審,ふしん,"suspicious, doubt, infidelity",N1,ja,JLPT (open-anki-jlpt-decks)
不振,ふしん,"dullness, slump, stagnation",N1,ja,JLPT (open-anki-jlpt-decks)
武装,ぶそう,"arms, armament, armed",N1,ja,JLPT (open-anki-jlpt-decks)
札,ふだ,"token, label; ticket, card; charm, talisman",N1,ja,JLPT (open-anki-jlpt-decks)
負担,ふたん,burden; load,N1,ja,JLPT (open-anki-jlpt-decks)
不調,ふちょう,"bad condition, disorder, slump",N1,ja,JLPT (open-anki-jlpt-decks)
復活,ふっかつ,"revival (e.g., musical), restoration",N1,ja,JLPT (open-anki-jlpt-decks)
物議,ぶつぎ,public discussion (criticism),N1,ja,JLPT (open-anki-jlpt-decks)
復旧,ふっきゅう,"restoration, restitution, rehabilitation",N1,ja,JLPT (open-anki-jlpt-decks)
復興,ふっこう,"revival, renaissance, reconstruction",N1,ja,JLPT (open-anki-jlpt-decks)
物資,ぶっし,"goods, materials",N1,ja,JLPT (open-anki-jlpt-decks)
仏像,ぶつぞう,Buddhist image (statue),N1,ja,JLPT (open-anki-jlpt-decks)
物体,ぶったい,object,N1,ja,JLPT (open-anki-jlpt-decks)
沸騰,ふっとう,"boiling, seething",N1,ja,JLPT (open-anki-jlpt-decks)
不当,ふとう,"injustice, impropriety, unfair",N1,ja,JLPT (open-anki-jlpt-decks)
不動産,ふどうさん,real estate,N1,ja,JLPT (open-anki-jlpt-decks)
無難,ぶなん,"safety, security",N1,ja,JLPT (open-anki-jlpt-decks)
赴任,ふにん,(proceeding to) new appointment,N1,ja,JLPT (open-anki-jlpt-decks)
腐敗,ふはい,"decay, depravity",N1,ja,JLPT (open-anki-jlpt-decks)
不評,ふひょう,"bad reputation, disgrace, unpopularity",N1,ja,JLPT (open-anki-jlpt-decks)
不服,ふふく,"dissatisfaction, discontent, disapproval",N1,ja,JLPT (open-anki-jlpt-decks)
普遍,ふへん,"universality, ubiquity, omnipresence",N1,ja,JLPT (open-anki-jlpt-decks)
踏まえる,ふまえる,"to be based on, to have origin in",N1,ja,JLPT (open-anki-jlpt-decks)
踏み込む,ふみこむ,"to step into (someone else's territory, to break into, to raid",N1,ja,JLPT (open-anki-jlpt-decks)
不明,ふめい,"unknown, ambiguous",N1,ja,JLPT (open-anki-jlpt-decks)
部門,ぶもん,"class, group, category, department, field, branch",N1,ja,JLPT (open-anki-jlpt-decks)
扶養,ふよう,"support, maintenance",N1,ja,JLPT (open-anki-jlpt-decks)
ふらふら,ふらふら,"unsteady on one's feet, totter, dizzy",N1,ja,JLPT (open-anki-jlpt-decks)
ぶらぶら,ぶらぶら,"dangle heavily, sway to and fro, stroll idly",N1,ja,JLPT (open-anki-jlpt-decks)
振り返る,ふりかえる,"to turn head, to turn around, to look back",N1,ja,JLPT (open-anki-jlpt-decks)
振り出し,ふりだし,"outset, starting point, drawing or issuing (draft)",N1,ja,JLPT (open-anki-jlpt-decks)
不良,ふりょう,"badness, delinquent, failure",N1,ja,JLPT (open-anki-jlpt-decks)
浮力,ふりょく,buoyancy,N1,ja,JLPT (open-anki-jlpt-decks)
武力,ぶりょく,"armed might, military power, the sword, force",N1,ja,JLPT (open-anki-jlpt-decks)
ブル,ブル,bull,N1,ja,JLPT (open-anki-jlpt-decks)
震わせる,ふるわせる,"to be shaking, to be trembling",N1,ja,JLPT (open-anki-jlpt-decks)
無礼,ぶれい,"impolite, rude",N1,ja,JLPT (open-anki-jlpt-decks)
付録,ふろく,"appendix, supplement",N1,ja,JLPT (open-anki-jlpt-decks)
フロント,フロント,front,N1,ja,JLPT (open-anki-jlpt-decks)
憤慨,ふんがい,"indignation, resentment",N1,ja,JLPT (open-anki-jlpt-decks)
文化財,ぶんかざい,"cultural assets, cultural property",N1,ja,JLPT (open-anki-jlpt-decks)
分業,ぶんぎょう,"division of labor, specialization, assembly-line production",N1,ja,JLPT (open-anki-jlpt-decks)
文語,ぶんご,"written language, literary language",N1,ja,JLPT (open-anki-jlpt-decks)
分散,ぶんさん,"dispersion, decentralization, variance (statistics)",N1,ja,JLPT (open-anki-jlpt-decks)
分子,ぶんし,"numerator, molecule",N1,ja,JLPT (open-anki-jlpt-decks)
紛失,ふんしつ,losing something,N1,ja,JLPT (open-anki-jlpt-decks)
噴出,ふんしゅつ,"spewing, gushing, spouting",N1,ja,JLPT (open-anki-jlpt-decks)
文書,ぶんしょ,"document, writing",N1,ja,JLPT (open-anki-jlpt-decks)
紛争,ふんそう,"dispute, trouble, strife",N1,ja,JLPT (open-anki-jlpt-decks)
ふんだん,ふんだん,"plentiful, abundant, lavish",N1,ja,JLPT (open-anki-jlpt-decks)
分担,ぶんたん,"apportionment, sharing",N1,ja,JLPT (open-anki-jlpt-decks)
奮闘,ふんとう,"hard struggle, strenuous effort",N1,ja,JLPT (open-anki-jlpt-decks)
分配,ぶんぱい,"division, sharing",N1,ja,JLPT (open-anki-jlpt-decks)
分母,ぶんぼ,denominator,N1,ja,JLPT (open-anki-jlpt-decks)
粉末,ふんまつ,fine powder,N1,ja,JLPT (open-anki-jlpt-decks)
分離,ぶんり,"separation, detachment, segregation",N1,ja,JLPT (open-anki-jlpt-decks)
分裂,ぶんれつ,"split, division, break up",N1,ja,JLPT (open-anki-jlpt-decks)
ペア,ペア,"pair, pear",N1,ja,JLPT (open-anki-jlpt-decks)
兵器,へいき,"arms, weapons, ordinance",N1,ja,JLPT (open-anki-jlpt-decks)
閉口,へいこう,shut mouth,N1,ja,JLPT (open-anki-jlpt-decks)
閉鎖,へいさ,"closing, closure, shutdown",N1,ja,JLPT (open-anki-jlpt-decks)
兵士,へいし,soldier,N1,ja,JLPT (open-anki-jlpt-decks)
平常,へいじょう,"normal, usual",N1,ja,JLPT (open-anki-jlpt-decks)
平方,へいほう,"square (e.g., meter, square)",N1,ja,JLPT (open-anki-jlpt-decks)
並列,へいれつ,"arrangement, parallel, abreast",N1,ja,JLPT (open-anki-jlpt-decks)
ベース,ベース,"base, bass",N1,ja,JLPT (open-anki-jlpt-decks)
辟易,へきえき,"wince, shrink back, succumbing to, being frightened",N1,ja,JLPT (open-anki-jlpt-decks)
ぺこぺこ,ぺこぺこ,"fawn, be very hungry",N1,ja,JLPT (open-anki-jlpt-decks)
ベスト,ベスト,best; vest,N1,ja,JLPT (open-anki-jlpt-decks)
ベストセラー,ベストセラー,best-seller,N1,ja,JLPT (open-anki-jlpt-decks)
隔たる,へだたる,to be distant,N1,ja,JLPT (open-anki-jlpt-decks)
縁,へり,edge,N1,ja,JLPT (open-anki-jlpt-decks)
へりくだる,へりくだる,to deprecate oneself and praise the listener,N1,ja,JLPT (open-anki-jlpt-decks)
弁解,べんかい,"explanation, justification, excuse",N1,ja,JLPT (open-anki-jlpt-decks)
変革,へんかく,"change, reform(the) Reformation",N1,ja,JLPT (open-anki-jlpt-decks)
返還,へんかん,"return, restoration",N1,ja,JLPT (open-anki-jlpt-decks)
便宜,べんぎ,"convenience, accommodation",N1,ja,JLPT (open-anki-jlpt-decks)
偏見,へんけん,"prejudice, narrow view",N1,ja,JLPT (open-anki-jlpt-decks)
弁護,べんご,"defense, pleading, advocacy",N1,ja,JLPT (open-anki-jlpt-decks)
返済,へんさい,repayment,N1,ja,JLPT (open-anki-jlpt-decks)
弁償,べんしょう,"compensation, reparation, reimbursement",N1,ja,JLPT (open-anki-jlpt-decks)
変遷,へんせん,"change, transition, vicissitudes",N1,ja,JLPT (open-anki-jlpt-decks)
返答,へんとう,reply,N1,ja,JLPT (open-anki-jlpt-decks)
変動,へんどう,"change, fluctuation",N1,ja,JLPT (open-anki-jlpt-decks)
弁論,べんろん,"discussion, debate, argument",N1,ja,JLPT (open-anki-jlpt-decks)
穂,ほ,"ear (of plant), head (of plant)",N1,ja,JLPT (open-anki-jlpt-decks)
保育,ほいく,"nursing, nurturing, rearing",N1,ja,JLPT (open-anki-jlpt-decks)
ボイコット,ボイコット,boycott,N1,ja,JLPT (open-anki-jlpt-decks)
ポイント,ポイント,point,N1,ja,JLPT (open-anki-jlpt-decks)
法案,ほうあん,bill (law),N1,ja,JLPT (open-anki-jlpt-decks)
防衛,ぼうえい,"defense, protection, self-defense",N1,ja,JLPT (open-anki-jlpt-decks)
防火,ぼうか,"fire prevention, fire fighting, fire proof",N1,ja,JLPT (open-anki-jlpt-decks)
崩壊,ほうかい,"collapse, decay (physics), crumbling",N1,ja,JLPT (open-anki-jlpt-decks)
妨害,ぼうがい,"disturbance, obstruction, interference",N1,ja,JLPT (open-anki-jlpt-decks)
法学,ほうがく,"law, jurisprudence",N1,ja,JLPT (open-anki-jlpt-decks)
封建,ほうけん,feudalistic,N1,ja,JLPT (open-anki-jlpt-decks)
豊作,ほうさく,"abundant harvest, bumper crop",N1,ja,JLPT (open-anki-jlpt-decks)
方策,ほうさく,"plan, policy",N1,ja,JLPT (open-anki-jlpt-decks)
奉仕,ほうし,"attendance, service",N1,ja,JLPT (open-anki-jlpt-decks)
方式,ほうしき,"form, method, system",N1,ja,JLPT (open-anki-jlpt-decks)
放射,ほうしゃ,"radiation, emission",N1,ja,JLPT (open-anki-jlpt-decks)
放射能,ほうしゃのう,radioactivity,N1,ja,JLPT (open-anki-jlpt-decks)
報酬,ほうしゅう,"remuneration, recompense, reward",N1,ja,JLPT (open-anki-jlpt-decks)
放出,ほうしゅつ,"release, emit",N1,ja,JLPT (open-anki-jlpt-decks)
報じる,ほうじる,"to inform, to report",N1,ja,JLPT (open-anki-jlpt-decks)
報ずる,ほうずる,"to inform, to report",N1,ja,JLPT (open-anki-jlpt-decks)
紡績,ぼうせき,spinning,N1,ja,JLPT (open-anki-jlpt-decks)
呆然,ぼうぜん,"dumbfounded, overcome with surprise",N1,ja,JLPT (open-anki-jlpt-decks)
放置,ほうち,"leave as is, leave alone, neglect",N1,ja,JLPT (open-anki-jlpt-decks)
膨張,ぼうちょう,"expansion, swelling, increase",N1,ja,JLPT (open-anki-jlpt-decks)
法廷,ほうてい,courtroom,N1,ja,JLPT (open-anki-jlpt-decks)
報道,ほうどう,"coverage, report",N1,ja,JLPT (open-anki-jlpt-decks)
冒頭,ぼうとう,"beginning, start, outset",N1,ja,JLPT (open-anki-jlpt-decks)
暴動,ぼうどう,"insurrection, riot, uprising",N1,ja,JLPT (open-anki-jlpt-decks)
褒美,ほうび,"reward, prize",N1,ja,JLPT (open-anki-jlpt-decks)
暴風,ぼうふう,"storm, windstorm, gale",N1,ja,JLPT (open-anki-jlpt-decks)
葬る,ほうむる,"to bury, to entomb",N1,ja,JLPT (open-anki-jlpt-decks)
放り込む,ほうりこむ,to throw into,N1,ja,JLPT (open-anki-jlpt-decks)
放り出す,ほうりだす,"to throw out, to give up, to abandon",N1,ja,JLPT (open-anki-jlpt-decks)
暴力,ぼうりょく,violence,N1,ja,JLPT (open-anki-jlpt-decks)
飽和,ほうわ,saturation,N1,ja,JLPT (open-anki-jlpt-decks)
ホース,ホース,hose,N1,ja,JLPT (open-anki-jlpt-decks)
ポーズ,ポーズ,pause,N1,ja,JLPT (open-anki-jlpt-decks)
ホール,ホール,hall; hole,N1,ja,JLPT (open-anki-jlpt-decks)
保温,ほおん,"retaining warmth, keeping heat in, heat insulation",N1,ja,JLPT (open-anki-jlpt-decks)
捕獲,ほかく,"capture, seizure",N1,ja,JLPT (open-anki-jlpt-decks)
保管,ほかん,"custody, safekeeping, storage",N1,ja,JLPT (open-anki-jlpt-decks)
補給,ほきゅう,"supply, supplying, replenishment",N1,ja,JLPT (open-anki-jlpt-decks)
補強,ほきょう,reinforcement,N1,ja,JLPT (open-anki-jlpt-decks)
募金,ぼきん,"fund-raising, collection of funds",N1,ja,JLPT (open-anki-jlpt-decks)
牧師,ぼくし,"pastor, minister, clergyman",N1,ja,JLPT (open-anki-jlpt-decks)
捕鯨,ほげい,whaling,N1,ja,JLPT (open-anki-jlpt-decks)
惚ける,ぼける,"to grow senile, to fade",N1,ja,JLPT (open-anki-jlpt-decks)
保険,ほけん,"insurance, guarantee",N1,ja,JLPT (open-anki-jlpt-decks)
母校,ぼこう,alma mater,N1,ja,JLPT (open-anki-jlpt-decks)
母国,ぼこく,one's home country (same as 自分の国 (じぶんのくに)),N1,ja,JLPT (open-anki-jlpt-decks)
誇る,ほこる,"to boast of, to be proud of",N1,ja,JLPT (open-anki-jlpt-decks)
綻びる,ほころびる,"to come apart at the seams, to smile broadly",N1,ja,JLPT (open-anki-jlpt-decks)
干し～,ほし～,dried ~,N1,ja,JLPT (open-anki-jlpt-decks)
ポジション,ポジション,position,N1,ja,JLPT (open-anki-jlpt-decks)
干し物,ほしもの,dried washing (clothes,N1,ja,JLPT (open-anki-jlpt-decks)
保守,ほしゅ,"conservative, maintaining",N1,ja,JLPT (open-anki-jlpt-decks)
補充,ほじゅう,"supplementation, replenishment, replenishing",N1,ja,JLPT (open-anki-jlpt-decks)
補助,ほじょ,"assistance, support, auxiliary",N1,ja,JLPT (open-anki-jlpt-decks)
舗装,ほそう,"pavement, road surface",N1,ja,JLPT (open-anki-jlpt-decks)
補足,ほそく,"supplement, complement",N1,ja,JLPT (open-anki-jlpt-decks)
墓地,ぼち,"cemetery, graveyard",N1,ja,JLPT (open-anki-jlpt-decks)
発作,ほっさ,"fit, attack",N1,ja,JLPT (open-anki-jlpt-decks)
没収,ぼっしゅう,forfeited,N1,ja,JLPT (open-anki-jlpt-decks)
発足,ほっそく,"starting, inauguration",N1,ja,JLPT (open-anki-jlpt-decks)
ポット,ポット,pot,N1,ja,JLPT (open-anki-jlpt-decks)
ほっぺた,ほっぺた,cheek,N1,ja,JLPT (open-anki-jlpt-decks)
ぼつぼつ,ぼつぼつ,"gradually, here and there, spots",N1,ja,JLPT (open-anki-jlpt-decks)
没落,ぼつらく,"ruin, fall, collapse",N1,ja,JLPT (open-anki-jlpt-decks)
解ける,ほどける,"to come untied, to come apart",N1,ja,JLPT (open-anki-jlpt-decks)
施す,ほどこす,"to give, to conduct, to perform",N1,ja,JLPT (open-anki-jlpt-decks)
ほとり,ほとり,vicinity of lake; river,N1,ja,JLPT (open-anki-jlpt-decks)
ぼやく,ぼやく,"to grumble, to complain",N1,ja,JLPT (open-anki-jlpt-decks)
ぼやける,ぼやける,"to become dim, to become blurred",N1,ja,JLPT (open-anki-jlpt-decks)
保養,ほよう,"health preservation, recuperation, recreation",N1,ja,JLPT (open-anki-jlpt-decks)
捕虜,ほりょ,prisoner of war,N1,ja,JLPT (open-anki-jlpt-decks)
ボルト,ボルト,volt; bolt,N1,ja,JLPT (open-anki-jlpt-decks)
滅びる,ほろびる,"to be ruined, to perish, to be destroyed",N1,ja,JLPT (open-anki-jlpt-decks)
滅ぼす,ほろぼす,"to destroy, to overthrow, to ruin",N1,ja,JLPT (open-anki-jlpt-decks)
本格,ほんかく,"propriety, full-scale",N1,ja,JLPT (open-anki-jlpt-decks)
本館,ほんかん,main building,N1,ja,JLPT (open-anki-jlpt-decks)
本気,ほんき,"seriousness, truth, sanctity",N1,ja,JLPT (open-anki-jlpt-decks)
本国,ほんごく,one's own country,N1,ja,JLPT (open-anki-jlpt-decks)
本質,ほんしつ,"essence, true nature, reality",N1,ja,JLPT (open-anki-jlpt-decks)
本体,ほんたい,"substance, body, trunk",N1,ja,JLPT (open-anki-jlpt-decks)
本音,ほんね,"(one's) real intention, motive",N1,ja,JLPT (open-anki-jlpt-decks)
本能,ほんのう,instinct,N1,ja,JLPT (open-anki-jlpt-decks)
本場,ほんば,"home, best place, genuine",N1,ja,JLPT (open-anki-jlpt-decks)
ポンプ,ポンプ,pump,N1,ja,JLPT (open-anki-jlpt-decks)
本文,ほんぶん,"text (of document), body (of letter)",N1,ja,JLPT (open-anki-jlpt-decks)
本名,ほんみょう,real name,N1,ja,JLPT (open-anki-jlpt-decks)
マーク,マーク,mark,N1,ja,JLPT (open-anki-jlpt-decks)
マイ～,マイ～,"my ~, one's own ~",N1,ja,JLPT (open-anki-jlpt-decks)
マイクロフォン,マイクロフォン,microphone,N1,ja,JLPT (open-anki-jlpt-decks)
埋蔵,まいぞう,"buried property, treasure trove",N1,ja,JLPT (open-anki-jlpt-decks)
舞う,まう,"to dance, to flutter about, to revolve",N1,ja,JLPT (open-anki-jlpt-decks)
真上,まうえ,"just above, right overhead",N1,ja,JLPT (open-anki-jlpt-decks)
前売,まえうり,"advance sale, booking",N1,ja,JLPT (open-anki-jlpt-decks)
前置き,まえおき,"preface, introduction",N1,ja,JLPT (open-anki-jlpt-decks)
任す,まかす,"to entrust, to leave to a person",N1,ja,JLPT (open-anki-jlpt-decks)
負かす,まかす,to defeat,N1,ja,JLPT (open-anki-jlpt-decks)
賄う,まかなう,"to give board to, to provide meals, to pay",N1,ja,JLPT (open-anki-jlpt-decks)
紛らわしい,まぎらわしい,"confusing, misleading, ambiguous",N1,ja,JLPT (open-anki-jlpt-decks)
紛れる,まぎれる,"to be diverted, to slip into",N1,ja,JLPT (open-anki-jlpt-decks)
真心,まごころ,"sincerity, devotion",N1,ja,JLPT (open-anki-jlpt-decks)
まごつく,まごつく,"to be confused, to be flustered",N1,ja,JLPT (open-anki-jlpt-decks)
誠,まこと,"truth, faith, fidelity",N1,ja,JLPT (open-anki-jlpt-decks)
誠に,まことに,"indeed, really (very polite), absolutely",N1,ja,JLPT (open-anki-jlpt-decks)
まさしく,まさしく,"surely, no doubt, evidently",N1,ja,JLPT (open-anki-jlpt-decks)
勝る,まさる,"to excel, to surpass, to out-rival",N1,ja,JLPT (open-anki-jlpt-decks)
～増し,～まし,~increase,N1,ja,JLPT (open-anki-jlpt-decks)
交える,まじえる,"to mix, to converse with, to cross (swords)",N1,ja,JLPT (open-anki-jlpt-decks)
真下,ました,"right under, directly below",N1,ja,JLPT (open-anki-jlpt-decks)
まして,まして,"still more, still less (with neg. verb), to say nothing of",N1,ja,JLPT (open-anki-jlpt-decks)
交わる,まじわる,"to cross, to intersect, to mingle with,",N1,ja,JLPT (open-anki-jlpt-decks)
麻酔,ますい,anesthesia,N1,ja,JLPT (open-anki-jlpt-decks)
またがる (うまを～),またがる (うまを～),to straddle,N1,ja,JLPT (open-anki-jlpt-decks)
待ち合わせ,まちあわせ,appointment,N1,ja,JLPT (open-anki-jlpt-decks)
待ち遠しい,まちどおしい,looking forward to,N1,ja,JLPT (open-anki-jlpt-decks)
待ち望む,まちのぞむ,"to look anxiously for, to wait eagerly for",N1,ja,JLPT (open-anki-jlpt-decks)
まちまち,まちまち,"various, different",N1,ja,JLPT (open-anki-jlpt-decks)
末期,まっき,"deathbed, hour of death",N1,ja,JLPT (open-anki-jlpt-decks)
真っ二つ,まっぷたつ,in two equal parts,N1,ja,JLPT (open-anki-jlpt-decks)
まと,まと,"mark, target",N1,ja,JLPT (open-anki-jlpt-decks)
纏まり,まとまり,"conclusion, settlement, consistency",N1,ja,JLPT (open-anki-jlpt-decks)
纏め,まとめ,"settlement, conclusion",N1,ja,JLPT (open-anki-jlpt-decks)
免れる,まぬがれる,"to escape from, to be exempted",N1,ja,JLPT (open-anki-jlpt-decks)
招き,まねき,invitation,N1,ja,JLPT (open-anki-jlpt-decks)
瞬き,まばたき,"wink, twinkling (of stars), flicker (of light)",N1,ja,JLPT (open-anki-jlpt-decks)
麻痺,まひ,"paralysis, palsy, numbness",N1,ja,JLPT (open-anki-jlpt-decks)
～まみれ,～まみれ,"covered with (by, in) ~",N1,ja,JLPT (open-anki-jlpt-decks)
眉,まゆ,eyebrow,N1,ja,JLPT (open-anki-jlpt-decks)
鞠,まり,ball,N1,ja,JLPT (open-anki-jlpt-decks)
丸ごと,まるごと,"in its entirety, whole, wholly",N1,ja,JLPT (open-anki-jlpt-decks)
まるっきり,まるっきり,"completely, perfectly, just as if",N1,ja,JLPT (open-anki-jlpt-decks)
丸々,まるまる,completely,N1,ja,JLPT (open-anki-jlpt-decks)
丸める,まるめる,"to make round, to round off, to roll up",N1,ja,JLPT (open-anki-jlpt-decks)
満月,まんげつ,full moon,N1,ja,JLPT (open-anki-jlpt-decks)
満場,まんじょう,"unanimous, whole audience",N1,ja,JLPT (open-anki-jlpt-decks)
真ん前,まんまえ,"right in front, under the nose",N1,ja,JLPT (open-anki-jlpt-decks)
真ん丸い,まんまるい,perfectly circular,N1,ja,JLPT (open-anki-jlpt-decks)
真ん円い,まんまるい,perfectly round,N1,ja,JLPT (open-anki-jlpt-decks)
～味,～み,~ cast (sense of taste),N1,ja,JLPT (open-anki-jlpt-decks)
見合い,みあい,formal marriage interview,N1,ja,JLPT (open-anki-jlpt-decks)
見合わせる,みあわせる,to exchange glances; to postpone,N1,ja,JLPT (open-anki-jlpt-decks)
見落とす,みおとす,"to overlook, to fail to notice",N1,ja,JLPT (open-anki-jlpt-decks)
未開,みかい,"savage land, backward region, uncivilized",N1,ja,JLPT (open-anki-jlpt-decks)
味覚,みかく,"taste, palate, sense of taste",N1,ja,JLPT (open-anki-jlpt-decks)
幹,みき,(tree) trunk,N1,ja,JLPT (open-anki-jlpt-decks)
見苦しい,みぐるしい,"unsightly, ugly",N1,ja,JLPT (open-anki-jlpt-decks)
見込み,みこみ,"prospects, expectation, hope",N1,ja,JLPT (open-anki-jlpt-decks)
未婚,みこん,unmarried,N1,ja,JLPT (open-anki-jlpt-decks)
未熟,みじゅく,"inexperience, unskilled, immature",N1,ja,JLPT (open-anki-jlpt-decks)
微塵,みじん,"particle, atom",N1,ja,JLPT (open-anki-jlpt-decks)
水気,みずけ,"moisture, dampness",N1,ja,JLPT (open-anki-jlpt-decks)
ミスプリント,ミスプリント,misprint,N1,ja,JLPT (open-anki-jlpt-decks)
みすぼらしい,みすぼらしい,"shabby, seedy",N1,ja,JLPT (open-anki-jlpt-decks)
ミセス,ミセス,Mrs.,N1,ja,JLPT (open-anki-jlpt-decks)
見せびらかす,みせびらかす,"to show off, to flaunt",N1,ja,JLPT (open-anki-jlpt-decks)
見せ物,みせもの,"show, exhibition",N1,ja,JLPT (open-anki-jlpt-decks)
溝,みぞ,"ditch, drain, gutter, gap",N1,ja,JLPT (open-anki-jlpt-decks)
満たす,みたす,"to satisfy, to ingratiate, to fill, to fulfill",N1,ja,JLPT (open-anki-jlpt-decks)
乱す,みだす,"to throw out of order, to disarrange, to disturb",N1,ja,JLPT (open-anki-jlpt-decks)
乱れる,みだれる,"to get confused, to be disordered, to be disturbed",N1,ja,JLPT (open-anki-jlpt-decks)
未知,みち,not yet known,N1,ja,JLPT (open-anki-jlpt-decks)
身近,みぢか,"near oneself, close to one, familiar",N1,ja,JLPT (open-anki-jlpt-decks)
導く,みちびく,"to be guided, to be shown",N1,ja,JLPT (open-anki-jlpt-decks)
密集,みっしゅう,"crowd, close formation, dense",N1,ja,JLPT (open-anki-jlpt-decks)
密接,みっせつ,"connected, close, intimate",N1,ja,JLPT (open-anki-jlpt-decks)
密度,みつど,density,N1,ja,JLPT (open-anki-jlpt-decks)
見積もり,みつもり,"estimation, quotation",N1,ja,JLPT (open-anki-jlpt-decks)
未定,みてい,"not yet fixed, undecided, pending",N1,ja,JLPT (open-anki-jlpt-decks)
見通し,みとおし,"perspective, unobstructed view, prospect",N1,ja,JLPT (open-anki-jlpt-decks)
見なす,みなす,"to consider as, to regard",N1,ja,JLPT (open-anki-jlpt-decks)
源,みなもと,"source, origin",N1,ja,JLPT (open-anki-jlpt-decks)
見習う,みならう,to follow another's example,N1,ja,JLPT (open-anki-jlpt-decks)
身なり,みなり,personal appearance,N1,ja,JLPT (open-anki-jlpt-decks)
峰,みね,"peak, ridge",N1,ja,JLPT (open-anki-jlpt-decks)
身の上,みのうえ,"one's future, one's welfare, one's personal history",N1,ja,JLPT (open-anki-jlpt-decks)
見逃す,みのがす,"to miss, to overlook, to leave at large",N1,ja,JLPT (open-anki-jlpt-decks)
身の回り,みのまわり,"one's personal appearance, personal belongings",N1,ja,JLPT (open-anki-jlpt-decks)
見計らう,みはからう,to choose at one's own discretion,N1,ja,JLPT (open-anki-jlpt-decks)
見晴らし,みはらし,view,N1,ja,JLPT (open-anki-jlpt-decks)
身振り,みぶり,gesture,N1,ja,JLPT (open-anki-jlpt-decks)
脈,みゃく,pulse,N1,ja,JLPT (open-anki-jlpt-decks)
ミュージック,ミュージック,music,N1,ja,JLPT (open-anki-jlpt-decks)
未練,みれん,"lingering affection, attachment, regret(s)",N1,ja,JLPT (open-anki-jlpt-decks)
見渡す,みわたす,"to look out over, to survey (scene), to take an extensive view of",N1,ja,JLPT (open-anki-jlpt-decks)
民宿,みんしゅく,private house providing lodging and meals to tourists,N1,ja,JLPT (open-anki-jlpt-decks)
民族,みんぞく,"people, race",N1,ja,JLPT (open-anki-jlpt-decks)
民俗,みんぞく,folk customs,N1,ja,JLPT (open-anki-jlpt-decks)
無意味,むいみ,"nonsense, no meaning",N1,ja,JLPT (open-anki-jlpt-decks)
ムード,ムード,mood,N1,ja,JLPT (open-anki-jlpt-decks)
無口,むくち,reticence,N1,ja,JLPT (open-anki-jlpt-decks)
婿,むこ,son-in-law,N1,ja,JLPT (open-anki-jlpt-decks)
無効,むこう,"invalid, no effect, unavailable",N1,ja,JLPT (open-anki-jlpt-decks)
無言,むごん,silence,N1,ja,JLPT (open-anki-jlpt-decks)
無邪気,むじゃき,"innocence, simple-mindedness",N1,ja,JLPT (open-anki-jlpt-decks)
むしる,むしる,"to pluck, to pick, to tear",N1,ja,JLPT (open-anki-jlpt-decks)
結び,むすび,"ending, conclusion, union",N1,ja,JLPT (open-anki-jlpt-decks)
結び付き,むすびつき,"connection, relation",N1,ja,JLPT (open-anki-jlpt-decks)
結び付く,むすびつく,"to be connected or related, to join together",N1,ja,JLPT (open-anki-jlpt-decks)
結び付ける,むすびつける,"to combine, to join, to tie on, to attach with a knot",N1,ja,JLPT (open-anki-jlpt-decks)
無線,むせん,"wireless, radio",N1,ja,JLPT (open-anki-jlpt-decks)
無駄遣い,むだづかい,"waste money on, squander money on",N1,ja,JLPT (open-anki-jlpt-decks)
無断,むだん,"without permission, without notice",N1,ja,JLPT (open-anki-jlpt-decks)
無知,むち,ignorance,N1,ja,JLPT (open-anki-jlpt-decks)
無茶,むちゃ,"absurd, unreasonable",N1,ja,JLPT (open-anki-jlpt-decks)
無茶苦茶,むちゃくちゃ,"confused, jumbled, mixed up, unreasonable",N1,ja,JLPT (open-anki-jlpt-decks)
空しい,むなしい,"vacant, futile, vain",N1,ja,JLPT (open-anki-jlpt-decks)
無念,むねん,"chagrin, regret",N1,ja,JLPT (open-anki-jlpt-decks)
無能,むのう,"inefficiency, incompetence",N1,ja,JLPT (open-anki-jlpt-decks)
無闇に,むやみに,"unreasonably, absurdly, at random",N1,ja,JLPT (open-anki-jlpt-decks)
無用,むよう,"useless, needlessness, unnecessariness",N1,ja,JLPT (open-anki-jlpt-decks)
斑,むら,"unevenness, inconsistency, irregularity",N1,ja,JLPT (open-anki-jlpt-decks)
群がる,むらがる,"to swarm, to gather",N1,ja,JLPT (open-anki-jlpt-decks)
無論,むろん,"of course, naturally",N1,ja,JLPT (open-anki-jlpt-decks)
名産,めいさん,noted product,N1,ja,JLPT (open-anki-jlpt-decks)
名称,めいしょう,name,N1,ja,JLPT (open-anki-jlpt-decks)
命中,めいちゅう,a hit,N1,ja,JLPT (open-anki-jlpt-decks)
明白,めいはく,"obvious, clear",N1,ja,JLPT (open-anki-jlpt-decks)
名簿,めいぼ,register of names,N1,ja,JLPT (open-anki-jlpt-decks)
名誉,めいよ,"honor, credit, prestige",N1,ja,JLPT (open-anki-jlpt-decks)
明瞭,めいりょう,clarity,N1,ja,JLPT (open-anki-jlpt-decks)
明朗,めいろう,"bright, clear, cheerful",N1,ja,JLPT (open-anki-jlpt-decks)
メーカー,メーカー,manufacturer,N1,ja,JLPT (open-anki-jlpt-decks)
目方,めかた,weight,N1,ja,JLPT (open-anki-jlpt-decks)
恵み,めぐみ,blessing,N1,ja,JLPT (open-anki-jlpt-decks)
恵む,めぐむ,"to bless, to show mercy to",N1,ja,JLPT (open-anki-jlpt-decks)
目覚しい,めざましい,"brilliant, remarkable",N1,ja,JLPT (open-anki-jlpt-decks)
目覚める,めざめる,to wake up,N1,ja,JLPT (open-anki-jlpt-decks)
召す,めす,"to call, to send for, to put on",N1,ja,JLPT (open-anki-jlpt-decks)
雌,めす,female (animal),N1,ja,JLPT (open-anki-jlpt-decks)
目付き,めつき,"look, expression of the eyes, eyes",N1,ja,JLPT (open-anki-jlpt-decks)
滅亡,めつぼう,"downfall, collapse, destruction",N1,ja,JLPT (open-anki-jlpt-decks)
メディア,メディア,media,N1,ja,JLPT (open-anki-jlpt-decks)
目途,めど,"goal, outlook",N1,ja,JLPT (open-anki-jlpt-decks)
目盛,めもり,"scale, gradations",N1,ja,JLPT (open-anki-jlpt-decks)
メロディー,メロディー,melody,N1,ja,JLPT (open-anki-jlpt-decks)
面会,めんかい,interview,N1,ja,JLPT (open-anki-jlpt-decks)
免除,めんじょ,"exemption, exoneration, discharge",N1,ja,JLPT (open-anki-jlpt-decks)
面する,めんする,"to face on, to look out on to",N1,ja,JLPT (open-anki-jlpt-decks)
面目,めんぼく,"face, honor, reputation",N1,ja,JLPT (open-anki-jlpt-decks)
面目,めんもく,"face, honor, reputation",N1,ja,JLPT (open-anki-jlpt-decks)
～網,～もう,~ network,N1,ja,JLPT (open-anki-jlpt-decks)
設ける,もうける,"to create, to establish",N1,ja,JLPT (open-anki-jlpt-decks)
申し入れる,もうしいれる,"to propose, to suggest",N1,ja,JLPT (open-anki-jlpt-decks)
申込,もうしこみ,"application, request, proposal",N1,ja,JLPT (open-anki-jlpt-decks)
申出,もうしで,"request, claim, report",N1,ja,JLPT (open-anki-jlpt-decks)
申し出る,もうしでる,"to report to, to tell, to suggest",N1,ja,JLPT (open-anki-jlpt-decks)
申し分,もうしぶん,"objection, shortcomings",N1,ja,JLPT (open-anki-jlpt-decks)
盲点,もうてん,blind spot,N1,ja,JLPT (open-anki-jlpt-decks)
猛烈,もうれつ,"violent, vehement, rage",N1,ja,JLPT (open-anki-jlpt-decks)
モーテル,モーテル,motel,N1,ja,JLPT (open-anki-jlpt-decks)
もがく,もがく,"to struggle, to wriggle, to be impatient",N1,ja,JLPT (open-anki-jlpt-decks)
目録,もくろく,"catalogue, catalog, list",N1,ja,JLPT (open-anki-jlpt-decks)
目論見,もくろみ,"a plan, a scheme, intention",N1,ja,JLPT (open-anki-jlpt-decks)
模型,もけい,"model, dummy, marquette",N1,ja,JLPT (open-anki-jlpt-decks)
模索,もさく,groping (for),N1,ja,JLPT (open-anki-jlpt-decks)
もしかして,もしかして,"perhaps, possibly",N1,ja,JLPT (open-anki-jlpt-decks)
もしくは,もしくは,"or, otherwise",N1,ja,JLPT (open-anki-jlpt-decks)
もたらす,もたらす,"to bring, to take, to bring about",N1,ja,JLPT (open-anki-jlpt-decks)
持ち切り,もちきり,"hot topic, talk of the town",N1,ja,JLPT (open-anki-jlpt-decks)
目下,もっか,"at present, now",N1,ja,JLPT (open-anki-jlpt-decks)
専ら,もっぱら,"wholly, solely, entirely",N1,ja,JLPT (open-anki-jlpt-decks)
もてなす,もてなす,"to entertain, to make welcome",N1,ja,JLPT (open-anki-jlpt-decks)
もてる,もてる,"to be well liked, to be popular",N1,ja,JLPT (open-anki-jlpt-decks)
モニター,モニター,(computer) monitor,N1,ja,JLPT (open-anki-jlpt-decks)
物好き,ものずき,(idle) curiosity,N1,ja,JLPT (open-anki-jlpt-decks)
物足りない,ものたりない,"unsatisfied, unsatisfactory",N1,ja,JLPT (open-anki-jlpt-decks)
もはや,もはや,"already, now",N1,ja,JLPT (open-anki-jlpt-decks)
模範,もはん,"model, example",N1,ja,JLPT (open-anki-jlpt-decks)
模倣,もほう,"imitation, copying",N1,ja,JLPT (open-anki-jlpt-decks)
もめる,もめる,"to disagree, to dispute",N1,ja,JLPT (open-anki-jlpt-decks)
股,もも,"thigh, femur",N1,ja,JLPT (open-anki-jlpt-decks)
腿,もも,"thigh, femur",N1,ja,JLPT (open-anki-jlpt-decks)
催す,もよおす,"to hold (a meeting), to give (a dinner)",N1,ja,JLPT (open-anki-jlpt-decks)
漏らす,もらす,"to let leak, to reveal",N1,ja,JLPT (open-anki-jlpt-decks)
盛り上がる,もりあがる,"to rouse, to swell, to rise",N1,ja,JLPT (open-anki-jlpt-decks)
漏る,もる,"to leak, to run out",N1,ja,JLPT (open-anki-jlpt-decks)
漏れる,もれる,"to leak out, to escape, to filter out",N1,ja,JLPT (open-anki-jlpt-decks)
脆い,もろい,"brittle, fragile, tender-hearted",N1,ja,JLPT (open-anki-jlpt-decks)
もろに,もろに,"completely, altogether, bodily",N1,ja,JLPT (open-anki-jlpt-decks)
矢,や,arrow,N1,ja,JLPT (open-anki-jlpt-decks)
野外,やがい,"fields, outskirts, open air, suburbs",N1,ja,JLPT (open-anki-jlpt-decks)
～薬,～やく,medicine,N1,ja,JLPT (open-anki-jlpt-decks)
夜具,やぐ,bedding,N1,ja,JLPT (open-anki-jlpt-decks)
役職,やくしょく,"post, managerial position, official position",N1,ja,JLPT (open-anki-jlpt-decks)
役場,やくば,town hall,N1,ja,JLPT (open-anki-jlpt-decks)
やけに,やけに,"sure, very",N1,ja,JLPT (open-anki-jlpt-decks)
屋敷,やしき,mansion,N1,ja,JLPT (open-anki-jlpt-decks)
養う,やしなう,"to rear, to maintain, to cultivate",N1,ja,JLPT (open-anki-jlpt-decks)
野心,やしん,"ambition, aspiration",N1,ja,JLPT (open-anki-jlpt-decks)
安っぽい,やすっぽい,"cheap-looking, tawdry",N1,ja,JLPT (open-anki-jlpt-decks)
休める,やすめる,"to rest, to suspend, to give relief",N1,ja,JLPT (open-anki-jlpt-decks)
野生,やせい,wild,N1,ja,JLPT (open-anki-jlpt-decks)
奴,やつ,"(vulg.) fellow, guy, chap",N1,ja,JLPT (open-anki-jlpt-decks)
闇,やみ,"darkness, shady, illegal",N1,ja,JLPT (open-anki-jlpt-decks)
病む,やむ,"to fall ill, to be ill",N1,ja,JLPT (open-anki-jlpt-decks)
ややこしい,ややこしい,"puzzling, tangled, complicated, complex",N1,ja,JLPT (open-anki-jlpt-decks)
やりとおす,やりとおす,"to carry through, to achieve, to complete",N1,ja,JLPT (open-anki-jlpt-decks)
やりとげる,やりとげる,to accomplish,N1,ja,JLPT (open-anki-jlpt-decks)
和らげる,やわらげる,"to soften, to moderate, to relieve",N1,ja,JLPT (open-anki-jlpt-decks)
ヤング,ヤング,young,N1,ja,JLPT (open-anki-jlpt-decks)
～油,～ゆ,~ oil,N1,ja,JLPT (open-anki-jlpt-decks)
優位,ゆうい,"predominance, ascendancy, superiority",N1,ja,JLPT (open-anki-jlpt-decks)
憂鬱,ゆううつ,"depression, melancholy",N1,ja,JLPT (open-anki-jlpt-decks)
有益,ゆうえき,"beneficial, profitable",N1,ja,JLPT (open-anki-jlpt-decks)
優越,ゆうえつ,"supremacy, predominance, being superior to",N1,ja,JLPT (open-anki-jlpt-decks)
勇敢,ゆうかん,"bravery, heroism, gallantry",N1,ja,JLPT (open-anki-jlpt-decks)
夕暮れ,ゆうぐれ,"evening, (evening) twilight",N1,ja,JLPT (open-anki-jlpt-decks)
融資,ゆうし,"financing, loan",N1,ja,JLPT (open-anki-jlpt-decks)
有する,ゆうする,"to own, to be endowed with",N1,ja,JLPT (open-anki-jlpt-decks)
優勢,ゆうせい,"superiority, superior power, predominance",N1,ja,JLPT (open-anki-jlpt-decks)
優先,ゆうせん,"preference, priority",N1,ja,JLPT (open-anki-jlpt-decks)
誘導,ゆうどう,"guidance, leading, inducement",N1,ja,JLPT (open-anki-jlpt-decks)
融通,ゆうずう,"adaptability, versatility, finance",N1,ja,JLPT (open-anki-jlpt-decks)
優美,ゆうび,"grace, refinement, elegance",N1,ja,JLPT (open-anki-jlpt-decks)
有望,ゆうぼう,"good prospects, full of hope, promising",N1,ja,JLPT (open-anki-jlpt-decks)
遊牧,ゆうぼく,nomadism,N1,ja,JLPT (open-anki-jlpt-decks)
夕焼け,ゆうやけ,sunset,N1,ja,JLPT (open-anki-jlpt-decks)
有力,ゆうりょく,"influence, prominence; potent",N1,ja,JLPT (open-anki-jlpt-decks)
幽霊,ゆうれい,"ghost, specter, phantom",N1,ja,JLPT (open-anki-jlpt-decks)
誘惑,ゆうわく,"temptation, allurement, lure",N1,ja,JLPT (open-anki-jlpt-decks)
故,ゆえ,"reason, cause, circumstances",N1,ja,JLPT (open-anki-jlpt-decks)
歪む,ゆがむ,"to warp, to be crooked, to be distorted",N1,ja,JLPT (open-anki-jlpt-decks)
揺さぶる,ゆさぶる,"to shake, to jolt, to rock, to swing",N1,ja,JLPT (open-anki-jlpt-decks)
濯ぐ,ゆすぐ,"to rinse, to wash out",N1,ja,JLPT (open-anki-jlpt-decks)
ゆとり,ゆとり,"reserve, affluence, time (to spare)",N1,ja,JLPT (open-anki-jlpt-decks)
ユニーク,ユニーク,unique,N1,ja,JLPT (open-anki-jlpt-decks)
ユニフォーム,ユニフォーム,uniform,N1,ja,JLPT (open-anki-jlpt-decks)
指差す,ゆびさす,to point at,N1,ja,JLPT (open-anki-jlpt-decks)
弓,ゆみ,bow,N1,ja,JLPT (open-anki-jlpt-decks)
揺らぐ,ゆらぐ,"to swing, to sway, to shake",N1,ja,JLPT (open-anki-jlpt-decks)
緩む,ゆるむ,"to become loose, to slacken",N1,ja,JLPT (open-anki-jlpt-decks)
緩める,ゆるめる,"to loosen, to slow down",N1,ja,JLPT (open-anki-jlpt-decks)
緩やか,ゆるやか,lenient,N1,ja,JLPT (open-anki-jlpt-decks)
要因,よういん,"primary factor, main cause",N1,ja,JLPT (open-anki-jlpt-decks)
溶液,ようえき,solution,N1,ja,JLPT (open-anki-jlpt-decks)
用件,ようけん,business,N1,ja,JLPT (open-anki-jlpt-decks)
養護,ようご,"protection, nursing, protective care",N1,ja,JLPT (open-anki-jlpt-decks)
用紙,ようし,a form,N1,ja,JLPT (open-anki-jlpt-decks)
様式,ようしき,"style, form, pattern",N1,ja,JLPT (open-anki-jlpt-decks)
要する,ようする,"to demand, to require, to take",N1,ja,JLPT (open-anki-jlpt-decks)
要請,ようせい,"claim, demand, request, application",N1,ja,JLPT (open-anki-jlpt-decks)
様相,ようそう,aspect,N1,ja,JLPT (open-anki-jlpt-decks)
用品,ようひん,"articles, supplies, parts",N1,ja,JLPT (open-anki-jlpt-decks)
洋風,ようふう,western style,N1,ja,JLPT (open-anki-jlpt-decks)
用法,ようほう,"directions, rules of use",N1,ja,JLPT (open-anki-jlpt-decks)
要望,ようぼう,"demand for, request",N1,ja,JLPT (open-anki-jlpt-decks)
余暇,よか,"leisure, leisure time, spare time",N1,ja,JLPT (open-anki-jlpt-decks)
予感,よかん,"presentiment, premonition",N1,ja,JLPT (open-anki-jlpt-decks)
余興,よきょう,"side show, entertainment",N1,ja,JLPT (open-anki-jlpt-decks)
預金,よきん,"deposit, bank account",N1,ja,JLPT (open-anki-jlpt-decks)
欲,よく,"greed, wants",N1,ja,JLPT (open-anki-jlpt-decks)
抑圧,よくあつ,"restraint, oppression, suppression",N1,ja,JLPT (open-anki-jlpt-decks)
浴室,よくしつ,"bathroom, bath",N1,ja,JLPT (open-anki-jlpt-decks)
抑制,よくせい,"control, restraint, suppression",N1,ja,JLPT (open-anki-jlpt-decks)
欲深い,よくふかい,greedy,N1,ja,JLPT (open-anki-jlpt-decks)
欲望,よくぼう,"desire, appetite",N1,ja,JLPT (open-anki-jlpt-decks)
避ける,よける,"to avoid (physical contact with; to ward off, to avert",N1,ja,JLPT (open-anki-jlpt-decks)
予言,よげん,"prediction, promise, prognostication",N1,ja,JLPT (open-anki-jlpt-decks)
横綱,よこづな,sumo grand champion,N1,ja,JLPT (open-anki-jlpt-decks)
汚れ,よごれ,"dirt, filth",N1,ja,JLPT (open-anki-jlpt-decks)
よし (かん),よし (かん),all right!,N1,ja,JLPT (open-anki-jlpt-decks)
良し,よし,all right!,N1,ja,JLPT (open-anki-jlpt-decks)
善し悪し,よしあし,"good or bad, merits or demerits, quality",N1,ja,JLPT (open-anki-jlpt-decks)
余所見,よそみ,"looking away, looking aside",N1,ja,JLPT (open-anki-jlpt-decks)
余地,よち,"place, room, margin",N1,ja,JLPT (open-anki-jlpt-decks)
よって (よりどころ),よって (よりどころ),"therefore, consequently",N1,ja,JLPT (open-anki-jlpt-decks)
与党,よとう,"government party, (ruling) party in power, government",N1,ja,JLPT (open-anki-jlpt-decks)
呼び止める,よびとめる,to flag down,N1,ja,JLPT (open-anki-jlpt-decks)
夜更し,よふかし,"staying up late, keeping late hours",N1,ja,JLPT (open-anki-jlpt-decks)
夜更け,よふけ,late at night,N1,ja,JLPT (open-anki-jlpt-decks)
余程,よほど,"very, much, to a large extent, quite",N1,ja,JLPT (open-anki-jlpt-decks)
読み上げる,よみあげる,"to read out loud (and clearly), to call a roll",N1,ja,JLPT (open-anki-jlpt-decks)
～寄り,～より,"near to ~ (e.g., North by East)",N1,ja,JLPT (open-anki-jlpt-decks)
寄り掛かる,よりかかる,"to lean against, to recline on, to lean on, to rely on",N1,ja,JLPT (open-anki-jlpt-decks)
世論,よろん,public opinion,N1,ja,JLPT (open-anki-jlpt-decks)
弱る,よわる,"to weaken, to be troubled, to be emaciated",N1,ja,JLPT (open-anki-jlpt-decks)
来場,らいじょう,attendance,N1,ja,JLPT (open-anki-jlpt-decks)
ライス,ライス,rice,N1,ja,JLPT (open-anki-jlpt-decks)
酪農,らくのう,dairy farming,N1,ja,JLPT (open-anki-jlpt-decks)
落下,らっか,"fall, drop, come down",N1,ja,JLPT (open-anki-jlpt-decks)
楽観,らっかん,optimism,N1,ja,JLPT (open-anki-jlpt-decks)
ランプ,ランプ,lamp; ramp,N1,ja,JLPT (open-anki-jlpt-decks)
濫用,らんよう,"abuse, misuse, using to excess",N1,ja,JLPT (open-anki-jlpt-decks)
リード,リード,lead; reed,N1,ja,JLPT (open-anki-jlpt-decks)
理屈,りくつ,"theory, reason",N1,ja,JLPT (open-anki-jlpt-decks)
利子,りし,interest (bank),N1,ja,JLPT (open-anki-jlpt-decks)
利潤,りじゅん,"profit, returns",N1,ja,JLPT (open-anki-jlpt-decks)
理性,りせい,"reason, sense",N1,ja,JLPT (open-anki-jlpt-decks)
利息,りそく,interest (bank),N1,ja,JLPT (open-anki-jlpt-decks)
立体,りったい,solid body,N1,ja,JLPT (open-anki-jlpt-decks)
立方,りっぽう,cube,N1,ja,JLPT (open-anki-jlpt-decks)
立法,りっぽう,"legislation, lawmaking",N1,ja,JLPT (open-anki-jlpt-decks)
利点,りてん,"advantage, point in favor",N1,ja,JLPT (open-anki-jlpt-decks)
略奪,りゃくだつ,"pillage, looting, robbery",N1,ja,JLPT (open-anki-jlpt-decks)
略語,りゃくご,"abbreviation, acronym",N1,ja,JLPT (open-anki-jlpt-decks)
流通,りゅうつう,"circulation of money or goods, distribution",N1,ja,JLPT (open-anki-jlpt-decks)
領域,りょういき,"area, territory, region",N1,ja,JLPT (open-anki-jlpt-decks)
了解,りょうかい,"comprehension, consent, understanding",N1,ja,JLPT (open-anki-jlpt-decks)
領海,りょうかい,territorial waters,N1,ja,JLPT (open-anki-jlpt-decks)
両極,りょうきょく,"both extremities, north and south poles",N1,ja,JLPT (open-anki-jlpt-decks)
良好,りょうこう,"favorable, satisfactory",N1,ja,JLPT (open-anki-jlpt-decks)
良識,りょうしき,good sense,N1,ja,JLPT (open-anki-jlpt-decks)
良質,りょうしつ,"good quality, superior quality",N1,ja,JLPT (open-anki-jlpt-decks)
了承,りょうしょう,"acknowledgment, understanding",N1,ja,JLPT (open-anki-jlpt-decks)
良心,りょうしん,conscience,N1,ja,JLPT (open-anki-jlpt-decks)
領地,りょうち,territory,N1,ja,JLPT (open-anki-jlpt-decks)
領土,りょうど,"territory, possession",N1,ja,JLPT (open-anki-jlpt-decks)
両立,りょうりつ,"compatibility, coexistence, standing together",N1,ja,JLPT (open-anki-jlpt-decks)
旅客,りょかく,passenger,N1,ja,JLPT (open-anki-jlpt-decks)
旅券,りょけん,passport,N1,ja,JLPT (open-anki-jlpt-decks)
履歴,りれき,"personal history, background, log",N1,ja,JLPT (open-anki-jlpt-decks)
理論,りろん,theory,N1,ja,JLPT (open-anki-jlpt-decks)
林業,りんぎょう,forestry,N1,ja,JLPT (open-anki-jlpt-decks)
類,るい,"kind, class, family",N1,ja,JLPT (open-anki-jlpt-decks)
類推,るいすい,analogy,N1,ja,JLPT (open-anki-jlpt-decks)
類似,るいじ,analogous,N1,ja,JLPT (open-anki-jlpt-decks)
ルーズ,ルーズ,loose,N1,ja,JLPT (open-anki-jlpt-decks)
冷酷,れいこく,"cruelty, coldheartedness, ruthless",N1,ja,JLPT (open-anki-jlpt-decks)
冷蔵,れいぞう,refrigeration,N1,ja,JLPT (open-anki-jlpt-decks)
冷淡,れいたん,"coolness, indifference",N1,ja,JLPT (open-anki-jlpt-decks)
レース,レース,race; lace,N1,ja,JLPT (open-anki-jlpt-decks)
レギュラー,レギュラー,regular,N1,ja,JLPT (open-anki-jlpt-decks)
レッスン,レッスン,lesson,N1,ja,JLPT (open-anki-jlpt-decks)
レディー,レディー,lady,N1,ja,JLPT (open-anki-jlpt-decks)
レバー,レバー,lever; liver,N1,ja,JLPT (open-anki-jlpt-decks)
恋愛,れんあい,"love, romance",N1,ja,JLPT (open-anki-jlpt-decks)
バッテリー,バッテリー,battery,N1,ja,JLPT (open-anki-jlpt-decks)
バット,バット,"bat, vat",N1,ja,JLPT (open-anki-jlpt-decks)
発病,はつびょう,"attack, to become sick",N1,ja,JLPT (open-anki-jlpt-decks)
初耳,はつみみ,something heard for the first time,N1,ja,JLPT (open-anki-jlpt-decks)
果て,はて,"the end, the extremity, the limit(s)",N1,ja,JLPT (open-anki-jlpt-decks)
果てる,はてる,"to end, to be finished, to be exhausted",N1,ja,JLPT (open-anki-jlpt-decks)
ばてる,ばてる,"to be exhausted, to be worn out",N1,ja,JLPT (open-anki-jlpt-decks)
パトカー,パトカー,patrol car,N1,ja,JLPT (open-anki-jlpt-decks)
甚だ,はなはだ,"very, greatly, exceedingly",N1,ja,JLPT (open-anki-jlpt-decks)
華々しい,はなばなしい,"brilliant, magnificent, spectacular",N1,ja,JLPT (open-anki-jlpt-decks)
花びら,はなびら,(flower) petal,N1,ja,JLPT (open-anki-jlpt-decks)
華やか,はなやか,"brilliant, gorgeous, florid",N1,ja,JLPT (open-anki-jlpt-decks)
阻む,はばむ,"to keep someone from doing, to stop, to oppose",N1,ja,JLPT (open-anki-jlpt-decks)
浜,はま,"beach, seashore",N1,ja,JLPT (open-anki-jlpt-decks)
浜辺,はまべ,"beach, foreshore",N1,ja,JLPT (open-anki-jlpt-decks)
はまる,はまる,"to get into, to go into, to fit, to be fit for, to suit",N1,ja,JLPT (open-anki-jlpt-decks)
早める,はやめる,"to hasten, to quicken, to accelerate",N1,ja,JLPT (open-anki-jlpt-decks)
腹立ち,はらだち,anger,N1,ja,JLPT (open-anki-jlpt-decks)
原っぱ,はらっぱ,"open field, empty lot, plain",N1,ja,JLPT (open-anki-jlpt-decks)
はらはら,はらはら,feel nervous,N1,ja,JLPT (open-anki-jlpt-decks)
ばらまく,ばらまく,"to disseminate, to scatter",N1,ja,JLPT (open-anki-jlpt-decks)
張り紙,はりがみ,"notice, poster",N1,ja,JLPT (open-anki-jlpt-decks)
遥か,はるか,"far, far-away, distant",N1,ja,JLPT (open-anki-jlpt-decks)
破裂,はれつ,"explosion, rupture, break off",N1,ja,JLPT (open-anki-jlpt-decks)
腫れる,はれる,"to swell (from inflammation, to become swollen)",N1,ja,JLPT (open-anki-jlpt-decks)
繁栄,はんえい,"prospering, prosperity, flourishing",N1,ja,JLPT (open-anki-jlpt-decks)
版画,はんが,art print,N1,ja,JLPT (open-anki-jlpt-decks)
ハンガー,ハンガー,(coat) hanger,N1,ja,JLPT (open-anki-jlpt-decks)
反感,はんかん,"antipathy, revolt, animosity",N1,ja,JLPT (open-anki-jlpt-decks)
反響,はんきょう,"echo, reverberation, repercussion",N1,ja,JLPT (open-anki-jlpt-decks)
パンク,パンク,"puncture, bursting; punk",N1,ja,JLPT (open-anki-jlpt-decks)
反撃,はんげき,"counterattack, counteroffensive, counterblow",N1,ja,JLPT (open-anki-jlpt-decks)
判決,はんけつ,"judicial decision, judgment, sentence, decree",N1,ja,JLPT (open-anki-jlpt-decks)
反射,はんしゃ,"reflection, reverberation",N1,ja,JLPT (open-anki-jlpt-decks)
繁盛,はんじょう,"prosperity, flourishing, thriving",N1,ja,JLPT (open-anki-jlpt-decks)
繁殖,はんしょく,"breed, multiply, propagation",N1,ja,JLPT (open-anki-jlpt-decks)
反する,はんする,"to be inconsistent with, to oppose, to contradict",N1,ja,JLPT (open-anki-jlpt-decks)
判定,はんてい,"judgment, decision, award, verdict",N1,ja,JLPT (open-anki-jlpt-decks)
万人,ばんにん,"all people, everybody, 10000 people",N1,ja,JLPT (open-anki-jlpt-decks)
晩年,ばんねん,(one's) last years,N1,ja,JLPT (open-anki-jlpt-decks)
反応,はんのう,"reaction, response",N1,ja,JLPT (open-anki-jlpt-decks)
万能,ばんのう,"all-purpose, almighty, omnipotent",N1,ja,JLPT (open-anki-jlpt-decks)
半端,はんぱ,"fragment, fraction, incompleteness",N1,ja,JLPT (open-anki-jlpt-decks)
反発,はんぱつ,"repelling, rebound, oppose",N1,ja,JLPT (open-anki-jlpt-decks)
反乱,はんらん,"rebellion, revolt, uprising",N1,ja,JLPT (open-anki-jlpt-decks)
氾濫,はんらん,"overflowing, flood",N1,ja,JLPT (open-anki-jlpt-decks)
美,び,beauty,N1,ja,JLPT (open-anki-jlpt-decks)
ひいては,ひいては,"not only…but also, in addition to, consequently",N1,ja,JLPT (open-anki-jlpt-decks)
ビールス,ビールス,virus,N1,ja,JLPT (open-anki-jlpt-decks)
控室,ひかえしつ,waiting room,N1,ja,JLPT (open-anki-jlpt-decks)
控える,ひかえる,to hold back; to make notes,N1,ja,JLPT (open-anki-jlpt-decks)
悲観,ひかん,"pessimism, disappointment",N1,ja,JLPT (open-anki-jlpt-decks)
引き上げる,ひきあげる,"to withdraw, to leave, to pull out",N1,ja,JLPT (open-anki-jlpt-decks)
率いる,ひきいる,"to lead, to spearhead (a group), to command (troops)",N1,ja,JLPT (open-anki-jlpt-decks)
引き起こす,ひきおこす,to cause,N1,ja,JLPT (open-anki-jlpt-decks)
引下げる,ひきさげる,"to pull down, to lower, to reduce, to withdraw",N1,ja,JLPT (open-anki-jlpt-decks)
引きずる,ひきずる,"to drag along, to pull, to prolong",N1,ja,JLPT (open-anki-jlpt-decks)
引取る,ひきとる,to take back; to adopt; to leave,N1,ja,JLPT (open-anki-jlpt-decks)
否決,ひけつ,"rejection, negation, voting down",N1,ja,JLPT (open-anki-jlpt-decks)
日頃,ひごろ,"normally, habitually",N1,ja,JLPT (open-anki-jlpt-decks)
久しい,ひさしい,"long, long-continued, old (story)",N1,ja,JLPT (open-anki-jlpt-decks)
悲惨,ひさん,"tragedy, disaster; misery, wretched, pitiful",N1,ja,JLPT (open-anki-jlpt-decks)
ビジネス,ビジネス,business,N1,ja,JLPT (open-anki-jlpt-decks)
比重,ひじゅう,specific gravity,N1,ja,JLPT (open-anki-jlpt-decks)
美術,びじゅつ,"art, fine arts",N1,ja,JLPT (open-anki-jlpt-decks)
秘書,ひしょ,(private) secretary,N1,ja,JLPT (open-anki-jlpt-decks)
微笑,びしょう,smile,N1,ja,JLPT (open-anki-jlpt-decks)
歪む,ひずむ,"to warp, to be distorted",N1,ja,JLPT (open-anki-jlpt-decks)
密か,ひそか,"secret, private, surreptitious",N1,ja,JLPT (open-anki-jlpt-decks)
浸す,ひたす,"to soak, to dip, to drench",N1,ja,JLPT (open-anki-jlpt-decks)
ひたすら,ひたすら,"nothing but, earnestly, intently",N1,ja,JLPT (open-anki-jlpt-decks)
左利き,ひだりきき,"left-handedness, sake drinker, left-hander",N1,ja,JLPT (open-anki-jlpt-decks)
引っ掻く,ひっかく,to scratch,N1,ja,JLPT (open-anki-jlpt-decks)
必修,ひっしゅう,required (subject),N1,ja,JLPT (open-anki-jlpt-decks)
びっしょり,びっしょり,"wet through, drenched",N1,ja,JLPT (open-anki-jlpt-decks)
必然,ひつぜん,"inevitable, necessary",N1,ja,JLPT (open-anki-jlpt-decks)
匹敵,ひってき,"comparing with, rival, equal",N1,ja,JLPT (open-anki-jlpt-decks)
一息,ひといき,"a breath, a pause, an effort",N1,ja,JLPT (open-anki-jlpt-decks)
人影,ひとかげ,"man's shadow, soul",N1,ja,JLPT (open-anki-jlpt-decks)
人柄,ひとがら,"personality, character",N1,ja,JLPT (open-anki-jlpt-decks)
人気,ひとけ,sign of life,N1,ja,JLPT (open-anki-jlpt-decks)
一頃,ひところ,"once, some time ago",N1,ja,JLPT (open-anki-jlpt-decks)
人質,ひとじち,hostage,N1,ja,JLPT (open-anki-jlpt-decks)
一筋,ひとすじ,"a line, earnestly, blindly, straightforwardly",N1,ja,JLPT (open-anki-jlpt-decks)
人目,ひとめ,"glimpse, public gaze",N1,ja,JLPT (open-anki-jlpt-decks)
日取り,ひどり,"fixed date, appointed day",N1,ja,JLPT (open-anki-jlpt-decks)
雛,ひな,"young bird, chick, doll",N1,ja,JLPT (open-anki-jlpt-decks)
雛祭,ひなまつり,Girls' (dolls') Festival,N1,ja,JLPT (open-anki-jlpt-decks)
日向,ひなた,"sunny place, in the sun",N1,ja,JLPT (open-anki-jlpt-decks)
非難,ひなん,"blame, attack, criticism",N1,ja,JLPT (open-anki-jlpt-decks)
避難,ひなん,"taking refuge, finding shelter",N1,ja,JLPT (open-anki-jlpt-decks)
日の丸,ひのまる,the Japanese flag,N1,ja,JLPT (open-anki-jlpt-decks)
火花,ひばな,spark,N1,ja,JLPT (open-anki-jlpt-decks)
ひび (かべの～),ひび (かべの～),"crack, fissure, flaw",N1,ja,JLPT (open-anki-jlpt-decks)
悲鳴,ひめい,"shriek, scream",N1,ja,JLPT (open-anki-jlpt-decks)
冷やかす,ひやかす,"to banter, to make fun of, to jeer at, to cool, to refrigerate",N1,ja,JLPT (open-anki-jlpt-decks)
日焼け,ひやけ,sunburn,N1,ja,JLPT (open-anki-jlpt-decks)
標語,ひょうご,"motto, slogan, catchword",N1,ja,JLPT (open-anki-jlpt-decks)
描写,びょうしゃ,"depiction, description, portrayal",N1,ja,JLPT (open-anki-jlpt-decks)
ひょっと,ひょっと,"possibly, accidentally",N1,ja,JLPT (open-anki-jlpt-decks)
びら,びら,"handout, leaflet",N1,ja,JLPT (open-anki-jlpt-decks)
平たい,ひらたい,"flat, even, level",N1,ja,JLPT (open-anki-jlpt-decks)
びり,びり,"last on the list, at the bottom",N1,ja,JLPT (open-anki-jlpt-decks)
比率,ひりつ,"ratio, proportion, percentage",N1,ja,JLPT (open-anki-jlpt-decks)
expression,reading,meaning,N2,ja,JLPT (open-anki-jlpt-decks)
〜 (まる) ごと,〜 (まる) ごと,"whole ~, all of ~",N2,ja,JLPT (open-anki-jlpt-decks)
(かさを～) さす,(かさを～) さす,to open; hold (an umbrella),N2,ja,JLPT (open-anki-jlpt-decks)
〜(日本) 式,～(にほん) しき,"custom,",N2,ja,JLPT (open-anki-jlpt-decks)
～位,～い,~th place,N2,ja,JLPT (open-anki-jlpt-decks)
～いち (にほんいち),～いち (にほんいち),No. 1 ~ (in),N2,ja,JLPT (open-anki-jlpt-decks)
～園,～えん,~ garden (especially man made),N2,ja,JLPT (open-anki-jlpt-decks)
～おしまい (おわり),～おしまい (おわり),end up ~,N2,ja,JLPT (open-anki-jlpt-decks)
～日,～か,counter for days,N2,ja,JLPT (open-anki-jlpt-decks)
～下,～か,under ~,N2,ja,JLPT (open-anki-jlpt-decks)
～化,～か,action of making something,N2,ja,JLPT (open-anki-jlpt-decks)
～科,～か,"family, group, course",N2,ja,JLPT (open-anki-jlpt-decks)
～歌,～か,song of ~,N2,ja,JLPT (open-anki-jlpt-decks)
～画,～が,"picture, painting",N2,ja,JLPT (open-anki-jlpt-decks)
～外,～がい,out of ~,N2,ja,JLPT (open-anki-jlpt-decks)
～難い,～がたい,hard (difficult) to do ~,N2,ja,JLPT (open-anki-jlpt-decks)
～がち,～がち,tend to do ~,N2,ja,JLPT (open-anki-jlpt-decks)
～刊,～かん,"~ issued (magazine, newspaper)",N2,ja,JLPT (open-anki-jlpt-decks)
～間,～かん,"between, during",N2,ja,JLPT (open-anki-jlpt-decks)
～巻,～かん,volume,N2,ja,JLPT (open-anki-jlpt-decks)
～館,～かん,"~ hall, ~ building",N2,ja,JLPT (open-anki-jlpt-decks)
～感,～かん,"feeling, sense, impression",N2,ja,JLPT (open-anki-jlpt-decks)
～期,～き,"~age, ~period",N2,ja,JLPT (open-anki-jlpt-decks)
～器,～き,"device, equipment",N2,ja,JLPT (open-anki-jlpt-decks)
～機,～き,machine,N2,ja,JLPT (open-anki-jlpt-decks)
～気味,～ぎみ,slightly ~,N2,ja,JLPT (open-anki-jlpt-decks)
～教,～きょう,religion,N2,ja,JLPT (open-anki-jlpt-decks)
～行,～ぎょう,"line, row",N2,ja,JLPT (open-anki-jlpt-decks)
～業,～ぎょう,type of business,N2,ja,JLPT (open-anki-jlpt-decks)
～きる,～きる,"nevertheless, to carry through",N2,ja,JLPT (open-anki-jlpt-decks)
～切れ,～きれ,out of ~,N2,ja,JLPT (open-anki-jlpt-decks)
～口,～くち,"~ opening; ~ entrance, ~ exit",N2,ja,JLPT (open-anki-jlpt-decks)
～家,～け,"~'s family, the house of ~",N2,ja,JLPT (open-anki-jlpt-decks)
～形,～けい,shape of ~,N2,ja,JLPT (open-anki-jlpt-decks)
～系,～けい,"~ system, ~ lineage, ~ group",N2,ja,JLPT (open-anki-jlpt-decks)
～圏,～けん,"bloc, sphere, area",N2,ja,JLPT (open-anki-jlpt-decks)
～校,～こう,counter for school,N2,ja,JLPT (open-anki-jlpt-decks)
～港,～こう,~ port,N2,ja,JLPT (open-anki-jlpt-decks)
～号,～ごう,counter for magazine; the name of ship,N2,ja,JLPT (open-anki-jlpt-decks)
～国,～こく,nation of ~,N2,ja,JLPT (open-anki-jlpt-decks)
～毎,～ごと,"every ~, each ~",N2,ja,JLPT (open-anki-jlpt-decks)
～山,～さん,the name of mountain,N2,ja,JLPT (open-anki-jlpt-decks)
～産,～さん,made in ~,N2,ja,JLPT (open-anki-jlpt-decks)
～史,～し,history of ~,N2,ja,JLPT (open-anki-jlpt-decks)
～紙,～し,"newspaper, type of paper",N2,ja,JLPT (open-anki-jlpt-decks)
～寺,～じ,the name of temple,N2,ja,JLPT (open-anki-jlpt-decks)
～時間目,～じかんめ,"~th hour, ~th period",N2,ja,JLPT (open-anki-jlpt-decks)
～室,～しつ,counter for room,N2,ja,JLPT (open-anki-jlpt-decks)
～日,～じつ,day,N2,ja,JLPT (open-anki-jlpt-decks)
～車,～しゃ,~ car,N2,ja,JLPT (open-anki-jlpt-decks)
～者,～しゃ,person,N2,ja,JLPT (open-anki-jlpt-decks)
～社,～しゃ,counter for company,N2,ja,JLPT (open-anki-jlpt-decks)
～手,～しゅ,"~ player, person who does ~",N2,ja,JLPT (open-anki-jlpt-decks)
～酒,～しゅ,kind of alcohol,N2,ja,JLPT (open-anki-jlpt-decks)
～集,～しゅう,collection of ~,N2,ja,JLPT (open-anki-jlpt-decks)
～所,～しょ,place,N2,ja,JLPT (open-anki-jlpt-decks)
～所,～じょ,place,N2,ja,JLPT (open-anki-jlpt-decks)
～女,～じょ,count for sisters,N2,ja,JLPT (open-anki-jlpt-decks)
～省,～しょう,kind of ministry,N2,ja,JLPT (open-anki-jlpt-decks)
～商,～しょう,"merchant, business",N2,ja,JLPT (open-anki-jlpt-decks)
～勝,～しょう,count for victory,N2,ja,JLPT (open-anki-jlpt-decks)
～条,～じょう,counter for article,N2,ja,JLPT (open-anki-jlpt-decks)
～場,～じょう,"kind of field, ground",N2,ja,JLPT (open-anki-jlpt-decks)
～畳,～じょう,"count for tatami, mat",N2,ja,JLPT (open-anki-jlpt-decks)
～色,～しょく,kind of color,N2,ja,JLPT (open-anki-jlpt-decks)
～過ぎる,～すぎる,too much ~,N2,ja,JLPT (open-anki-jlpt-decks)
～済,～ずみ,finished,N2,ja,JLPT (open-anki-jlpt-decks)
～席,～せき,counter for seats,N2,ja,JLPT (open-anki-jlpt-decks)
～船,～せん,counter for ships,N2,ja,JLPT (open-anki-jlpt-decks)
～戦,～せん,"counter for games, matches",N2,ja,JLPT (open-anki-jlpt-decks)
～前,～ぜん,before ~,N2,ja,JLPT (open-anki-jlpt-decks)
～沿い,～そい,along,N2,ja,JLPT (open-anki-jlpt-decks)
～艘,～そう,counter for ships,N2,ja,JLPT (open-anki-jlpt-decks)
～足,～そく,counter for shoes,N2,ja,JLPT (open-anki-jlpt-decks)
～だらけ,～だらけ,"be full of ~, be filled with ~",N2,ja,JLPT (open-anki-jlpt-decks)
～団,～だん,"group, corps, party",N2,ja,JLPT (open-anki-jlpt-decks)
～着,～ちゃく,counter for clothes; finishing place,N2,ja,JLPT (open-anki-jlpt-decks)
～庁,～ちょう,"office, agency",N2,ja,JLPT (open-anki-jlpt-decks)
～兆,～ちょう,trillion,N2,ja,JLPT (open-anki-jlpt-decks)
～長,～ちょう,"leader, head",N2,ja,JLPT (open-anki-jlpt-decks)
～帳,～ちょう,"~ book, notebook",N2,ja,JLPT (open-anki-jlpt-decks)
～丁目,～ちょうめ,"~ district (of a town; city, block)",N2,ja,JLPT (open-anki-jlpt-decks)
～通,～つう,counter for letters,N2,ja,JLPT (open-anki-jlpt-decks)
～遣い,～づかい,use of ~,N2,ja,JLPT (open-anki-jlpt-decks)
～付,～つき,with ~,N2,ja,JLPT (open-anki-jlpt-decks)
～続く,～つづく,"follow, continue, go on",N2,ja,JLPT (open-anki-jlpt-decks)
～辛い,～づらい,hard to do ~,N2,ja,JLPT (open-anki-jlpt-decks)
～滴,～てき,drop,N2,ja,JLPT (open-anki-jlpt-decks)
～点,～てん,counter for scores,N2,ja,JLPT (open-anki-jlpt-decks)
～頭,～とう,counter for animals,N2,ja,JLPT (open-anki-jlpt-decks)
～等,～とう,"level, place",N2,ja,JLPT (open-anki-jlpt-decks)
～島,～とう,kind of islands,N2,ja,JLPT (open-anki-jlpt-decks)
～道,～どう,"kind of path, road",N2,ja,JLPT (open-anki-jlpt-decks)
～通り,～とおり,"in accordance with ~; following ~; ~ street, ~ avenue",N2,ja,JLPT (open-anki-jlpt-decks)
～ところ,～ところ,about to do ~,N2,ja,JLPT (open-anki-jlpt-decks)
～内,～ない,inside ~,N2,ja,JLPT (open-anki-jlpt-decks)
～年生,～ねんせい,counter for school year,N2,ja,JLPT (open-anki-jlpt-decks)
～泊,～はく,"counter for staying (e.g., 2 nights)",N2,ja,JLPT (open-anki-jlpt-decks)
～発,～はつ,counter for bullets,N2,ja,JLPT (open-anki-jlpt-decks)
～番目,～ばんめ,~th,N2,ja,JLPT (open-anki-jlpt-decks)
～費,～ひ,cost of ~,N2,ja,JLPT (open-anki-jlpt-decks)
～病,～びょう,kind of disease,N2,ja,JLPT (open-anki-jlpt-decks)
～部,～ぶ,~ part,N2,ja,JLPT (open-anki-jlpt-decks)
～風,～ふう,~ style,N2,ja,JLPT (open-anki-jlpt-decks)
～振り,～ぶり,after an interval of ~,N2,ja,JLPT (open-anki-jlpt-decks)
～遍,～へん,time,N2,ja,JLPT (open-anki-jlpt-decks)
～弁,～べん,"speech, dialect",N2,ja,JLPT (open-anki-jlpt-decks)
～歩,～ほ,"step, pace",N2,ja,JLPT (open-anki-jlpt-decks)
～ぽい,～ぽい,~ish,N2,ja,JLPT (open-anki-jlpt-decks)
～ほう (ひかく),～ほう (ひかく),(in comparison),N2,ja,JLPT (open-anki-jlpt-decks)
～みたい,～みたい,looks like ~,N2,ja,JLPT (open-anki-jlpt-decks)
～向け,～むけ,for ~,N2,ja,JLPT (open-anki-jlpt-decks)
～名,～めい,counter for people,N2,ja,JLPT (open-anki-jlpt-decks)
～もち,～もち,person who has ~,N2,ja,JLPT (open-anki-jlpt-decks)
～問,～もん,counter for questions,N2,ja,JLPT (open-anki-jlpt-decks)
～夜,～や,counter for nights,N2,ja,JLPT (open-anki-jlpt-decks)
～等,～ら,plural persons,N2,ja,JLPT (open-anki-jlpt-decks)
～流,～りゅう,"fashion, manner, way",N2,ja,JLPT (open-anki-jlpt-decks)
～料,～りょう,"fare, charge",N2,ja,JLPT (open-anki-jlpt-decks)
～領,～りょう,territory,N2,ja,JLPT (open-anki-jlpt-decks)
～力,～りょく,power of ~,N2,ja,JLPT (open-anki-jlpt-decks)
～論,～ろん,theory,N2,ja,JLPT (open-anki-jlpt-decks)
～羽,～わ,counter for rabbits; birds,N2,ja,JLPT (open-anki-jlpt-decks)
相変わらず,あいかわらず,"as usual, as always, as before, as ever, still",N2,ja,JLPT (open-anki-jlpt-decks)
アイデア; アイディア,アイデア; アイディア,idea,N2,ja,JLPT (open-anki-jlpt-decks)
あいまい,あいまい,"vague, ambiguous",N2,ja,JLPT (open-anki-jlpt-decks)
扇ぐ,あおぐ,"to fan, to flap",N2,ja,JLPT (open-anki-jlpt-decks)
青白い,あおじろい,pale,N2,ja,JLPT (open-anki-jlpt-decks)
呆れる,あきれる,"to be shocked, to be appalled",N2,ja,JLPT (open-anki-jlpt-decks)
アクセント,アクセント,accent,N2,ja,JLPT (open-anki-jlpt-decks)
あくび,あくび,yawn,N2,ja,JLPT (open-anki-jlpt-decks)
飽くまで,あくまで,"to the end, to the last, stubbornly",N2,ja,JLPT (open-anki-jlpt-decks)
明くる～,あくる～,"next, following",N2,ja,JLPT (open-anki-jlpt-decks)
明け方,あけがた,dawn,N2,ja,JLPT (open-anki-jlpt-decks)
憧れる,あこがれる,"to long for, to yearn after",N2,ja,JLPT (open-anki-jlpt-decks)
朝寝坊,あさねぼう,"oversleeping, late riser",N2,ja,JLPT (open-anki-jlpt-decks)
足跡,あしあと,footprint,N2,ja,JLPT (open-anki-jlpt-decks)
足元,あしもと,at one's feet,N2,ja,JLPT (open-anki-jlpt-decks)
味わう,あじわう,"to taste, to savor",N2,ja,JLPT (open-anki-jlpt-decks)
預かる,あずかる,"to keep in custody, to receive on deposit, to take charge of",N2,ja,JLPT (open-anki-jlpt-decks)
温まる,あたたまる,to warm oneself,N2,ja,JLPT (open-anki-jlpt-decks)
当たり前,あたりまえ,"natural, reasonable, obvious, usual, common, ordinary, commonplace, the norm",N2,ja,JLPT (open-anki-jlpt-decks)
あちらこちら,あちらこちら,here and there,N2,ja,JLPT (open-anki-jlpt-decks)
厚かましい,あつかましい,"impudent, shameless,",N2,ja,JLPT (open-anki-jlpt-decks)
圧縮,あっしゅく,"compression, condensation, pressure",N2,ja,JLPT (open-anki-jlpt-decks)
宛名,あてな,"address, direction",N2,ja,JLPT (open-anki-jlpt-decks)
当てはまる,あてはまる,"to be applicable, to come under (a category)",N2,ja,JLPT (open-anki-jlpt-decks)
当てはめる,あてはめる,"to apply, to adapt",N2,ja,JLPT (open-anki-jlpt-decks)
暴れる,あばれる,"to act violently, to rage",N2,ja,JLPT (open-anki-jlpt-decks)
脂,あぶら,"fat, tallow, lard",N2,ja,JLPT (open-anki-jlpt-decks)
あぶる,あぶる,"to scorch, to roast",N2,ja,JLPT (open-anki-jlpt-decks)
あふれる,あふれる,"to flood, to overflow",N2,ja,JLPT (open-anki-jlpt-decks)
雨戸,あまど,sliding storm door,N2,ja,JLPT (open-anki-jlpt-decks)
甘やかす,あまやかす,"to pamper, to spoil",N2,ja,JLPT (open-anki-jlpt-decks)
余る,あまる,"to be left over, to be in excess",N2,ja,JLPT (open-anki-jlpt-decks)
編み物,あみもの,knitting,N2,ja,JLPT (open-anki-jlpt-decks)
あみもの,あみもの,"knitting, web",N2,ja,JLPT (open-anki-jlpt-decks)
編む,あむ,to knit,N2,ja,JLPT (open-anki-jlpt-decks)
危うい,あやうい,"dangerous, critical",N2,ja,JLPT (open-anki-jlpt-decks)
怪しい,あやしい,"suspicious, dubious, doubtful",N2,ja,JLPT (open-anki-jlpt-decks)
荒い,あらい,"rough, rude, wild",N2,ja,JLPT (open-anki-jlpt-decks)
粗い,あらい,"coarse, rough",N2,ja,JLPT (open-anki-jlpt-decks)
粗筋,あらすじ,"outline, synopsis",N2,ja,JLPT (open-anki-jlpt-decks)
争う,あらそう,"to compete, to contest, to contend to quarrel, to argue, to dispute, to be at variance, to oppose",N2,ja,JLPT (open-anki-jlpt-decks)
改めて,あらためて,"another time, again",N2,ja,JLPT (open-anki-jlpt-decks)
改める,あらためる,"to change, to reform, to revise",N2,ja,JLPT (open-anki-jlpt-decks)
あらわす,あらわす,"to write, to publish",N2,ja,JLPT (open-anki-jlpt-decks)
有難い,ありがたい,"grateful, thankful, appreciated",N2,ja,JLPT (open-anki-jlpt-decks)
あれこれ,あれこれ,"one thing or another, this and that",N2,ja,JLPT (open-anki-jlpt-decks)
荒れる,あれる,"to be stormy, to be rough, to be ruined",N2,ja,JLPT (open-anki-jlpt-decks)
慌ただしい,あわただしい,"busy, hurried",N2,ja,JLPT (open-anki-jlpt-decks)
慌てる,あわてる,"to become confused (disconcerted, disorganized), to be flustered, to panic, to hurry, to rush, to hasten",N2,ja,JLPT (open-anki-jlpt-decks)
安易,あんい,easy-going,N2,ja,JLPT (open-anki-jlpt-decks)
案外,あんがい,"unexpectedly, surprisingly",N2,ja,JLPT (open-anki-jlpt-decks)
アンテナ,アンテナ,antenna,N2,ja,JLPT (open-anki-jlpt-decks)
言い出す,いいだす,"to start talking, to suggest",N2,ja,JLPT (open-anki-jlpt-decks)
言い付ける,いいつける,"to tell, to order",N2,ja,JLPT (open-anki-jlpt-decks)
意義,いぎ,"meaning, significance",N2,ja,JLPT (open-anki-jlpt-decks)
生き生き,いきいき,"vividly, lively",N2,ja,JLPT (open-anki-jlpt-decks)
いきなり,いきなり,all of a sudden,N2,ja,JLPT (open-anki-jlpt-decks)
幾～,いく～,several ~,N2,ja,JLPT (open-anki-jlpt-decks)
育児,いくじ,"childcare, nursing",N2,ja,JLPT (open-anki-jlpt-decks)
幾分,いくぶん,somewhat,N2,ja,JLPT (open-anki-jlpt-decks)
生け花,いけばな,flower arrangement,N2,ja,JLPT (open-anki-jlpt-decks)
以後,いご,after this; from now on; hereafter,N2,ja,JLPT (open-anki-jlpt-decks)
イコール,イコール,equal,N2,ja,JLPT (open-anki-jlpt-decks)
以降,いこう,"on and after, hereafter",N2,ja,JLPT (open-anki-jlpt-decks)
勇ましい,いさましい,"brave, valiant",N2,ja,JLPT (open-anki-jlpt-decks)
衣食住,いしょくじゅう,"food, clothing and shelter",N2,ja,JLPT (open-anki-jlpt-decks)
いちいち,いちいち,"one by one, separately",N2,ja,JLPT (open-anki-jlpt-decks)
一応,いちおう,"tentatively, for the time being",N2,ja,JLPT (open-anki-jlpt-decks)
一段と,いちだんと,"by far, greater",N2,ja,JLPT (open-anki-jlpt-decks)
一流,いちりゅう,"first class, leading",N2,ja,JLPT (open-anki-jlpt-decks)
一昨日,いっさくじつ,day before yesterday,N2,ja,JLPT (open-anki-jlpt-decks)
一昨年,いっさくねん,year before last,N2,ja,JLPT (open-anki-jlpt-decks)
一斉,いっせい,"simultaneous, all at once",N2,ja,JLPT (open-anki-jlpt-decks)
一旦,いったん,"once, for a moment",N2,ja,JLPT (open-anki-jlpt-decks)
一定,いってい,"fixed, settled, regular",N2,ja,JLPT (open-anki-jlpt-decks)
行っていらっしゃい,いっていらっしゃい,"have a nice day, see you",N2,ja,JLPT (open-anki-jlpt-decks)
いってきます,いってきます,"(Lit.) I'll go and come back, 'I'm going, see you later'",N2,ja,JLPT (open-anki-jlpt-decks)
いってまいります,いってまいります,"(Lit.) I'll go and come back, 'I'm going, see you later'",N2,ja,JLPT (open-anki-jlpt-decks)
行ってらっしゃい,いってらっしゃい,"have a nice day, see you",N2,ja,JLPT (open-anki-jlpt-decks)
移転,いてん,"moving, transfer",N2,ja,JLPT (open-anki-jlpt-decks)
井戸,いど,water well,N2,ja,JLPT (open-anki-jlpt-decks)
緯度,いど,latitude (navigation),N2,ja,JLPT (open-anki-jlpt-decks)
威張る,いばる,"to be proud, to swagger",N2,ja,JLPT (open-anki-jlpt-decks)
嫌がる,いやがる,"reluctant, to dislike",N2,ja,JLPT (open-anki-jlpt-decks)
いよいよ,いよいよ,"more and more, increasingly, at last",N2,ja,JLPT (open-anki-jlpt-decks)
煎る,いる,to roast,N2,ja,JLPT (open-anki-jlpt-decks)
炒る,いる,"to parch, to roast",N2,ja,JLPT (open-anki-jlpt-decks)
入れ物,いれもの,"container, case",N2,ja,JLPT (open-anki-jlpt-decks)
インキ,インキ,ink,N2,ja,JLPT (open-anki-jlpt-decks)
引力,いんりょく,gravity,N2,ja,JLPT (open-anki-jlpt-decks)
ウーマン,ウーマン,woman,N2,ja,JLPT (open-anki-jlpt-decks)
ウール,ウール,wool,N2,ja,JLPT (open-anki-jlpt-decks)
ウエートレス,ウエートレス,waitress,N2,ja,JLPT (open-anki-jlpt-decks)
植木,うえき,"garden shrubs, trees, potted plant",N2,ja,JLPT (open-anki-jlpt-decks)
飢える,うえる,to starve,N2,ja,JLPT (open-anki-jlpt-decks)
浮ぶ,うかぶ,"to float, to rise to surface, to come to mind",N2,ja,JLPT (open-anki-jlpt-decks)
浮かべる,うかべる,to float; to express,N2,ja,JLPT (open-anki-jlpt-decks)
浮く,うく,to float,N2,ja,JLPT (open-anki-jlpt-decks)
承る,うけたまわる,"(humble) to hear, to be told, to know",N2,ja,JLPT (open-anki-jlpt-decks)
受取,うけとり,receipt,N2,ja,JLPT (open-anki-jlpt-decks)
受け持つ,うけもつ,to take (be in) charge of,N2,ja,JLPT (open-anki-jlpt-decks)
薄暗い,うすぐらい,"dim, gloomy",N2,ja,JLPT (open-anki-jlpt-decks)
薄める,うすめる,"to dilute, to water down",N2,ja,JLPT (open-anki-jlpt-decks)
打合せ,うちあわせ,"business meeting, previous arrangement",N2,ja,JLPT (open-anki-jlpt-decks)
打ち消す,うちけす,"to deny, to negate",N2,ja,JLPT (open-anki-jlpt-decks)
写る,うつる,"to be photographed, to be projected",N2,ja,JLPT (open-anki-jlpt-decks)
うどん,うどん,udon noodles (Japanese traditional noodles),N2,ja,JLPT (open-anki-jlpt-decks)
うなずく,うなずく,to nod,N2,ja,JLPT (open-anki-jlpt-decks)
有無,うむ,"existence or nonexistence, presence of absence consent or refusal, yes or no",N2,ja,JLPT (open-anki-jlpt-decks)
埋める,うめる,"to bury, to fill up, to fill (a seat, a vacant position)",N2,ja,JLPT (open-anki-jlpt-decks)
敬う,うやまう,"to show respect, to honor",N2,ja,JLPT (open-anki-jlpt-decks)
裏返す,うらがえす,"to turn inside out, to turn (something) over",N2,ja,JLPT (open-anki-jlpt-decks)
裏口,うらぐち,"backdoor, rear entrance",N2,ja,JLPT (open-anki-jlpt-decks)
占う,うらなう,"to predict, to divine",N2,ja,JLPT (open-anki-jlpt-decks)
恨み,うらみ,resentment,N2,ja,JLPT (open-anki-jlpt-decks)
恨む,うらむ,"to curse, to feel bitter",N2,ja,JLPT (open-anki-jlpt-decks)
羨む,うらやむ,to envy,N2,ja,JLPT (open-anki-jlpt-decks)
売上,うりあげ,"amount sold, proceeds",N2,ja,JLPT (open-anki-jlpt-decks)
売り上げ,うりあげ,"amount sold, sales, proceeds, takings, turnover",N2,ja,JLPT (open-anki-jlpt-decks)
売り切れ,うりきれ,sold-out,N2,ja,JLPT (open-anki-jlpt-decks)
売り切れる,うりきれる,to be sold out,N2,ja,JLPT (open-anki-jlpt-decks)
売行き,うれゆき,sales,N2,ja,JLPT (open-anki-jlpt-decks)
売れ行き,うれゆき,"sales, demand",N2,ja,JLPT (open-anki-jlpt-decks)
うろうろ,うろうろ,"loitering, aimless wandering",N2,ja,JLPT (open-anki-jlpt-decks)
上～,うわ～,upper ~,N2,ja,JLPT (open-anki-jlpt-decks)
運河,うんが,"canal, waterway",N2,ja,JLPT (open-anki-jlpt-decks)
うんと,うんと,"a great deal, very much",N2,ja,JLPT (open-anki-jlpt-decks)
英文,えいぶん,sentence in English,N2,ja,JLPT (open-anki-jlpt-decks)
英和,えいわ,"English-Japanese (e.g., dictionary)",N2,ja,JLPT (open-anki-jlpt-decks)
ええと,ええと,"let me see, well, er...",N2,ja,JLPT (open-anki-jlpt-decks)
液体,えきたい,"liquid, fluid",N2,ja,JLPT (open-anki-jlpt-decks)
エチケット,エチケット,etiquette,N2,ja,JLPT (open-anki-jlpt-decks)
絵の具,えのぐ,"colors, paints",N2,ja,JLPT (open-anki-jlpt-decks)
エプロン,エプロン,apron,N2,ja,JLPT (open-anki-jlpt-decks)
偉い,えらい,"great, celebrated, remarkable,",N2,ja,JLPT (open-anki-jlpt-decks)
宴会,えんかい,"party, banquet",N2,ja,JLPT (open-anki-jlpt-decks)
園芸,えんげい,"horticulture, gardening",N2,ja,JLPT (open-anki-jlpt-decks)
演劇,えんげき,play (theatrical),N2,ja,JLPT (open-anki-jlpt-decks)
円周,えんしゅう,circumference,N2,ja,JLPT (open-anki-jlpt-decks)
遠足,えんそく,"trip, hike, picnic",N2,ja,JLPT (open-anki-jlpt-decks)
延長,えんちょう,"extension, prolongation",N2,ja,JLPT (open-anki-jlpt-decks)
煙突,えんとつ,chimney,N2,ja,JLPT (open-anki-jlpt-decks)
オーケストラ,オーケストラ,orchestra,N2,ja,JLPT (open-anki-jlpt-decks)
オートメーション,オートメーション,automation,N2,ja,JLPT (open-anki-jlpt-decks)
追いかける,おいかける,to chase or run after someone,N2,ja,JLPT (open-anki-jlpt-decks)
追い越す,おいこす,"to pass (e.g., car), to outdistance, to outstrip",N2,ja,JLPT (open-anki-jlpt-decks)
オイル,オイル,oil,N2,ja,JLPT (open-anki-jlpt-decks)
応援,おうえん,"aid, assistance, help, support, reinforcement cheering, rooting (for), support",N2,ja,JLPT (open-anki-jlpt-decks)
王女,おうじょ,princess,N2,ja,JLPT (open-anki-jlpt-decks)
応ずる,おうずる,"to respond, to comply with",N2,ja,JLPT (open-anki-jlpt-decks)
応接,おうせつ,reception,N2,ja,JLPT (open-anki-jlpt-decks)
応対,おうたい,"receiving, dealing with",N2,ja,JLPT (open-anki-jlpt-decks)
往復,おうふく,"(col) round trip, coming and going, return ticket",N2,ja,JLPT (open-anki-jlpt-decks)
欧米,おうべい,"Europe and America, the West",N2,ja,JLPT (open-anki-jlpt-decks)
応用,おうよう,"application, put to practical use",N2,ja,JLPT (open-anki-jlpt-decks)
おおざっぱ,おおざっぱ,"rough (not precise), broad, sketchy",N2,ja,JLPT (open-anki-jlpt-decks)
大通り,おおどおり,main street,N2,ja,JLPT (open-anki-jlpt-decks)
大凡,おおよそ,"about, approximately",N2,ja,JLPT (open-anki-jlpt-decks)
お帰り,おかえり,"return, welcome",N2,ja,JLPT (open-anki-jlpt-decks)
おかけください,おかけください,please sit down,N2,ja,JLPT (open-anki-jlpt-decks)
おかげさまで,おかげさまで,"Thanks to god, thanks to you",N2,ja,JLPT (open-anki-jlpt-decks)
おかず,おかず,"side dish, accompaniment for rice dishes",N2,ja,JLPT (open-anki-jlpt-decks)
おかまいなく,おかまいなく,please don't fuss over me,N2,ja,JLPT (open-anki-jlpt-decks)
拝む,おがむ,"to worship, to pray",N2,ja,JLPT (open-anki-jlpt-decks)
お代わり,おかわり,"second helping, another cup",N2,ja,JLPT (open-anki-jlpt-decks)
補う,おぎなう,to compensate for,N2,ja,JLPT (open-anki-jlpt-decks)
お気の毒に,おきのどくに,I'm sorry to hear that…,N2,ja,JLPT (open-anki-jlpt-decks)
屋外,おくがい,outdoors,N2,ja,JLPT (open-anki-jlpt-decks)
送り仮名,おくりがな,part of word written in kana,N2,ja,JLPT (open-anki-jlpt-decks)
お元気で,おげんきで,Take care',N2,ja,JLPT (open-anki-jlpt-decks)
怠る,おこたる,"to neglect, to fail",N2,ja,JLPT (open-anki-jlpt-decks)
押さえる,おさえる,"to pin down, to hold down, to press down, to hold in place, to hold steady to cover (esp. a part of one's body with one's hand), to clutch (a body part in pain), to press (a body part) to get a hold of, to obtain, to seize, to catch, to arrest",N2,ja,JLPT (open-anki-jlpt-decks)
お先に,おさきに,"before, after you",N2,ja,JLPT (open-anki-jlpt-decks)
伯父,おじ,(humble) uncle (older than one's parent),N2,ja,JLPT (open-anki-jlpt-decks)
叔父,おじ,uncle (younger than one's parent),N2,ja,JLPT (open-anki-jlpt-decks)
惜しい,おしい,"regrettable, disappointing",N2,ja,JLPT (open-anki-jlpt-decks)
伯父さん,おじさん,"(hon.) middle-aged gentleman, uncle",N2,ja,JLPT (open-anki-jlpt-decks)
小父さん,おじさん,"(hon.) middle-aged gentleman, uncle",N2,ja,JLPT (open-anki-jlpt-decks)
叔父さん,おじさん,"(hon.) middle-aged gentleman, uncle",N2,ja,JLPT (open-anki-jlpt-decks)
お邪魔します,おじゃまします,Excuse me for disturbing you,N2,ja,JLPT (open-anki-jlpt-decks)
お世話になりました,おせわになりました,I've been in your care,N2,ja,JLPT (open-anki-jlpt-decks)
お大事に,おだいじに,"Take care of yourself, Take care!, Get well soon",N2,ja,JLPT (open-anki-jlpt-decks)
落着く,おちつく,"to calm down, to settle down",N2,ja,JLPT (open-anki-jlpt-decks)
お出掛け,おでかけ,outing,N2,ja,JLPT (open-anki-jlpt-decks)
お手伝いさん,おてつだいさん,maid,N2,ja,JLPT (open-anki-jlpt-decks)
脅かす,おどかす,"to threaten, to coerce",N2,ja,JLPT (open-anki-jlpt-decks)
落し物,おとしもの,lost property,N2,ja,JLPT (open-anki-jlpt-decks)
驚かす,おどろかす,"to surprise, to frighten",N2,ja,JLPT (open-anki-jlpt-decks)
お願いします,おねがいします,"Please (lit., I request)",N2,ja,JLPT (open-anki-jlpt-decks)
各々,おのおの,"each, every, either",N2,ja,JLPT (open-anki-jlpt-decks)
伯母,おば,(humble) aunt (older than one's parent),N2,ja,JLPT (open-anki-jlpt-decks)
叔母,おば,aunt (younger than one's parent),N2,ja,JLPT (open-anki-jlpt-decks)
小母さん,おばさん,"lady, woman, ma'am",N2,ja,JLPT (open-anki-jlpt-decks)
おはよう,おはよう,(abbr.) Good morning,N2,ja,JLPT (open-anki-jlpt-decks)
お参り,おまいり,"worship, shrine visit",N2,ja,JLPT (open-anki-jlpt-decks)
お待たせしました,おまたせしました,Sorry to have kept you waiting,N2,ja,JLPT (open-anki-jlpt-decks)
お待ちください,おまちください,Please wait a moment,N2,ja,JLPT (open-anki-jlpt-decks)
おまちどおさま,おまちどおさま,Sorry to have kept you waiting,N2,ja,JLPT (open-anki-jlpt-decks)
おめでたい,おめでたい,"happy event, matter for congratulation",N2,ja,JLPT (open-anki-jlpt-decks)
思い掛けない,おもいがけない,"unexpected, casual",N2,ja,JLPT (open-anki-jlpt-decks)
思い切り,おもいきり,"with all one's strength (heart), resignation, resolution",N2,ja,JLPT (open-anki-jlpt-decks)
思い込む,おもいこむ,"to be under impression that, to be convinced that",N2,ja,JLPT (open-anki-jlpt-decks)
思いっ切り,おもいっきり,"very, much, fully",N2,ja,JLPT (open-anki-jlpt-decks)
思いっきり,おもいっきり,to the best of one's ability,N2,ja,JLPT (open-anki-jlpt-decks)
重たい,おもたい,"heavy, massive, serious",N2,ja,JLPT (open-anki-jlpt-decks)
お休み,おやすみ,"holiday, absence; (exp.) Good night",N2,ja,JLPT (open-anki-jlpt-decks)
おやつ,おやつ,"between meal snack, afternoon refreshment",N2,ja,JLPT (open-anki-jlpt-decks)
親指,おやゆび,thumb,N2,ja,JLPT (open-anki-jlpt-decks)
オルガン,オルガン,organ,N2,ja,JLPT (open-anki-jlpt-decks)
御～,おん～,honorific ~,N2,ja,JLPT (open-anki-jlpt-decks)
恩恵,おんけい,"blessing, benefit",N2,ja,JLPT (open-anki-jlpt-decks)
温室,おんしつ,greenhouse,N2,ja,JLPT (open-anki-jlpt-decks)
温泉,おんせん,"spa, hot spring",N2,ja,JLPT (open-anki-jlpt-decks)
温帯,おんたい,temperate zone,N2,ja,JLPT (open-anki-jlpt-decks)
御中,おんちゅう,Messrs.,N2,ja,JLPT (open-anki-jlpt-decks)
女の人,おんなのひと,woman,N2,ja,JLPT (open-anki-jlpt-decks)
蚊,か,mosquito,N2,ja,JLPT (open-anki-jlpt-decks)
カーブ,カーブ,curve; curve ball (baseball),N2,ja,JLPT (open-anki-jlpt-decks)
貝,かい,"shell, shellfish",N2,ja,JLPT (open-anki-jlpt-decks)
外～,がい～,"foreign ~, outside ~",N2,ja,JLPT (open-anki-jlpt-decks)
開会,かいかい,opening of a meeting,N2,ja,JLPT (open-anki-jlpt-decks)
会館,かいかん,"meeting hall, assembly hall",N2,ja,JLPT (open-anki-jlpt-decks)
改札,かいさつ,examination of tickets,N2,ja,JLPT (open-anki-jlpt-decks)
解散,かいさん,"breakup, dissolution",N2,ja,JLPT (open-anki-jlpt-decks)
海水浴,かいすいよく,"sea bathing, seawater bath",N2,ja,JLPT (open-anki-jlpt-decks)
回数,かいすう,"number of times, frequency",N2,ja,JLPT (open-anki-jlpt-decks)
回数券,かいすうけん,book of tickets,N2,ja,JLPT (open-anki-jlpt-decks)
改正,かいせい,"revision, amendment, alteration",N2,ja,JLPT (open-anki-jlpt-decks)
快晴,かいせい,good weather,N2,ja,JLPT (open-anki-jlpt-decks)
解説,かいせつ,"explanation, commentary",N2,ja,JLPT (open-anki-jlpt-decks)
改造,かいぞう,remodeling,N2,ja,JLPT (open-anki-jlpt-decks)
開通,かいつう,"opening, open",N2,ja,JLPT (open-anki-jlpt-decks)
回転,かいてん,"rotation, turning",N2,ja,JLPT (open-anki-jlpt-decks)
解答,かいとう,"answer, solution",N2,ja,JLPT (open-anki-jlpt-decks)
回答,かいとう,"reply, answer",N2,ja,JLPT (open-anki-jlpt-decks)
外部,がいぶ,"the outside, external",N2,ja,JLPT (open-anki-jlpt-decks)
解放,かいほう,"release, liberation, emancipation",N2,ja,JLPT (open-anki-jlpt-decks)
開放,かいほう,"open, throw open, liberalization",N2,ja,JLPT (open-anki-jlpt-decks)
海洋,かいよう,ocean,N2,ja,JLPT (open-anki-jlpt-decks)
概論,がいろん,"introduction, general remark",N2,ja,JLPT (open-anki-jlpt-decks)
却って,かえって,"on the contrary, rather",N2,ja,JLPT (open-anki-jlpt-decks)
家屋,かおく,"house, building",N2,ja,JLPT (open-anki-jlpt-decks)
係わる,かかわる,"to concern oneself in, to be involved in",N2,ja,JLPT (open-anki-jlpt-decks)
書留,かきとめ,registered mail,N2,ja,JLPT (open-anki-jlpt-decks)
書取,かきとり,dictation,N2,ja,JLPT (open-anki-jlpt-decks)
垣根,かきね,hedge,N2,ja,JLPT (open-anki-jlpt-decks)
限り,かぎり,"limit(s), as far as possible",N2,ja,JLPT (open-anki-jlpt-decks)
各～,かく～,"every ~, each ~",N2,ja,JLPT (open-anki-jlpt-decks)
架空,かくう,"imaginary, fiction, fanciful",N2,ja,JLPT (open-anki-jlpt-decks)
各自,かくじ,"individual, each",N2,ja,JLPT (open-anki-jlpt-decks)
拡充,かくじゅう,expansion,N2,ja,JLPT (open-anki-jlpt-decks)
学術,がくじゅつ,"science, learning, scholarship",N2,ja,JLPT (open-anki-jlpt-decks)
各地,かくち,various parts of the country,N2,ja,JLPT (open-anki-jlpt-decks)
拡張,かくちょう,"expansion, extension",N2,ja,JLPT (open-anki-jlpt-decks)
角度,かくど,angle,N2,ja,JLPT (open-anki-jlpt-decks)
学年,がくねん,"year in school, grade in school",N2,ja,JLPT (open-anki-jlpt-decks)
学部,がくぶ,"department of a university undergraduate (course, program, etc.)",N2,ja,JLPT (open-anki-jlpt-decks)
格別,かくべつ,exceptional,N2,ja,JLPT (open-anki-jlpt-decks)
確率,かくりつ,probability,N2,ja,JLPT (open-anki-jlpt-decks)
学力,がくりょく,"scholarship, knowledge",N2,ja,JLPT (open-anki-jlpt-decks)
掛け算,かけざん,multiplication,N2,ja,JLPT (open-anki-jlpt-decks)
かけざん,かけざん,multiplication,N2,ja,JLPT (open-anki-jlpt-decks)
可決,かけつ,"approval, adoption (e.g., motion, bill), passage",N2,ja,JLPT (open-anki-jlpt-decks)
火口,かこう,crater (of a volcano),N2,ja,JLPT (open-anki-jlpt-decks)
下降,かこう,"decline, descent, fall",N2,ja,JLPT (open-anki-jlpt-decks)
重ねる,かさねる,"to pile up, to heap up, to stack up, to put on top of another to repeat many times over, to go through repeatedly, to accumulate",N2,ja,JLPT (open-anki-jlpt-decks)
飾り,かざり,"decoration, ornament, trimmings",N2,ja,JLPT (open-anki-jlpt-decks)
火山,かざん,volcano,N2,ja,JLPT (open-anki-jlpt-decks)
かしこまりました,かしこまりました,Certainly,N2,ja,JLPT (open-anki-jlpt-decks)
貸し出し,かしだし,"lending, loaning",N2,ja,JLPT (open-anki-jlpt-decks)
過失,かしつ,"error, mistake, negligence",N2,ja,JLPT (open-anki-jlpt-decks)
果実,かじつ,fruit,N2,ja,JLPT (open-anki-jlpt-decks)
貸間,かしま,room to let,N2,ja,JLPT (open-anki-jlpt-decks)
貸家,かしや,house for rent,N2,ja,JLPT (open-anki-jlpt-decks)
箇所,かしょ,"place, point, part",N2,ja,JLPT (open-anki-jlpt-decks)
かしょ,かしょ,"passage, place",N2,ja,JLPT (open-anki-jlpt-decks)
過剰,かじょう,"excess, over-",N2,ja,JLPT (open-anki-jlpt-decks)
かじる,かじる,"to chew, to bite (at)",N2,ja,JLPT (open-anki-jlpt-decks)
課税,かぜい,taxation,N2,ja,JLPT (open-anki-jlpt-decks)
カセット,カセット,cassette (tape),N2,ja,JLPT (open-anki-jlpt-decks)
下線,かせん,"underline, underscore",N2,ja,JLPT (open-anki-jlpt-decks)
加速,かそく,acceleration,N2,ja,JLPT (open-anki-jlpt-decks)
加速度,かそくど,acceleration,N2,ja,JLPT (open-anki-jlpt-decks)
かたかな,かたかな,katakana,N2,ja,JLPT (open-anki-jlpt-decks)
かたづく,かたづく,"to put in order, to dispose of, to solve",N2,ja,JLPT (open-anki-jlpt-decks)
塊,かたまり,"lump, mass, cluster",N2,ja,JLPT (open-anki-jlpt-decks)
固まる,かたまる,"to harden, to solidify, to become firm",N2,ja,JLPT (open-anki-jlpt-decks)
片道,かたみち,one-way (trip),N2,ja,JLPT (open-anki-jlpt-decks)
傾く,かたむく,"to incline toward, to slant, to lurch",N2,ja,JLPT (open-anki-jlpt-decks)
片寄る,かたよる,"to be one-sided, to incline, to be partial",N2,ja,JLPT (open-anki-jlpt-decks)
学科,がっか,"study subject, course of study",N2,ja,JLPT (open-anki-jlpt-decks)
学会,がっかい,academic conference,N2,ja,JLPT (open-anki-jlpt-decks)
楽器,がっき,musical instrument,N2,ja,JLPT (open-anki-jlpt-decks)
学級,がっきゅう,class,N2,ja,JLPT (open-anki-jlpt-decks)
担ぐ,かつぐ,"to shoulder, to carry on shoulder",N2,ja,JLPT (open-anki-jlpt-decks)
括弧,かっこ,"parenthesis, brackets",N2,ja,JLPT (open-anki-jlpt-decks)
活字,かつじ,printing type,N2,ja,JLPT (open-anki-jlpt-decks)
勝手に,かってに,"arbitrarily,",N2,ja,JLPT (open-anki-jlpt-decks)
活躍,かつやく,"activity (esp. energetic or successful), great efforts, active participation",N2,ja,JLPT (open-anki-jlpt-decks)
活力,かつりょく,"vitality, energy",N2,ja,JLPT (open-anki-jlpt-decks)
課程,かてい,"course, curriculum",N2,ja,JLPT (open-anki-jlpt-decks)
仮名,かな,kana,N2,ja,JLPT (open-anki-jlpt-decks)
仮名遣い,かなづかい,"kana orthography, syllabary spelling",N2,ja,JLPT (open-anki-jlpt-decks)
鐘,かね,"bell (often a large hanging bell), chime",N2,ja,JLPT (open-anki-jlpt-decks)
加熱,かねつ,heating,N2,ja,JLPT (open-anki-jlpt-decks)
兼ねる,かねる,to simultaneously serve two or more functions,N2,ja,JLPT (open-anki-jlpt-decks)
カバー,カバー,"cover (e.g., book)",N2,ja,JLPT (open-anki-jlpt-decks)
過半数,かはんすう,majority,N2,ja,JLPT (open-anki-jlpt-decks)
かび (～がはえる),かび (～がはえる),"mold, mildew",N2,ja,JLPT (open-anki-jlpt-decks)
被せる,かぶせる,to cover (with something),N2,ja,JLPT (open-anki-jlpt-decks)
釜,かま,"iron pot, kettle",N2,ja,JLPT (open-anki-jlpt-decks)
構いません,かまいません,it's all right; one doesn’t mind,N2,ja,JLPT (open-anki-jlpt-decks)
紙屑,かみくず,wastepaper,N2,ja,JLPT (open-anki-jlpt-decks)
神様,かみさま,god,N2,ja,JLPT (open-anki-jlpt-decks)
剃刀,かみそり,razor,N2,ja,JLPT (open-anki-jlpt-decks)
ガム,ガム,chewing gum,N2,ja,JLPT (open-anki-jlpt-decks)
貨物,かもつ,"cargo, freight",N2,ja,JLPT (open-anki-jlpt-decks)
歌謡,かよう,"song, ballad",N2,ja,JLPT (open-anki-jlpt-decks)
殻,から,"shell, husk, hull, pod, chaff",N2,ja,JLPT (open-anki-jlpt-decks)
カラー,カラー,"collar, color",N2,ja,JLPT (open-anki-jlpt-decks)
からかう,からかう,"to ridicule, to make fun of",N2,ja,JLPT (open-anki-jlpt-decks)
空っぽ,からっぽ,"empty, vacant, hollow",N2,ja,JLPT (open-anki-jlpt-decks)
かるた,かるた,playing cards (POR: carta),N2,ja,JLPT (open-anki-jlpt-decks)
枯れる,かれる,"to wither, to die (plant), to be blasted (plant)",N2,ja,JLPT (open-anki-jlpt-decks)
カロリー,カロリー,calorie,N2,ja,JLPT (open-anki-jlpt-decks)
可愛がる,かわいがる,"to love, to be affectionate",N2,ja,JLPT (open-anki-jlpt-decks)
乾かす,かわかす,"to dry (clothes, etc.), to desiccate",N2,ja,JLPT (open-anki-jlpt-decks)
為替,かわせ,"money order, exchange",N2,ja,JLPT (open-anki-jlpt-decks)
瓦,かわら,roof tile,N2,ja,JLPT (open-anki-jlpt-decks)
間隔,かんかく,"space, interval space character, whitespace",N2,ja,JLPT (open-anki-jlpt-decks)
換気,かんき,ventilation,N2,ja,JLPT (open-anki-jlpt-decks)
感激,かんげき,"deep emotion, impression, inspiration",N2,ja,JLPT (open-anki-jlpt-decks)
関西,かんさい,"south-western half of Japan, including Osaka",N2,ja,JLPT (open-anki-jlpt-decks)
元日,がんじつ,New Year's Day,N2,ja,JLPT (open-anki-jlpt-decks)
鑑賞,かんしょう,appreciation,N2,ja,JLPT (open-anki-jlpt-decks)
感ずる,かんずる,"to feel, to sense",N2,ja,JLPT (open-anki-jlpt-decks)
間接,かんせつ,"indirect, indirectness",N2,ja,JLPT (open-anki-jlpt-decks)
乾燥,かんそう,"dry, arid, insipid, dehydrated",N2,ja,JLPT (open-anki-jlpt-decks)
感想,かんそう,"impressions, thoughts, feelings, reactions",N2,ja,JLPT (open-anki-jlpt-decks)
観測,かんそく,observation,N2,ja,JLPT (open-anki-jlpt-decks)
寒帯,かんたい,frigid zone,N2,ja,JLPT (open-anki-jlpt-decks)
勘違い,かんちがい,"misunderstanding, wrong guess",N2,ja,JLPT (open-anki-jlpt-decks)
官庁,かんちょう,"government office, authorities",N2,ja,JLPT (open-anki-jlpt-decks)
缶詰,かんづめ,"canning, canned goods,",N2,ja,JLPT (open-anki-jlpt-decks)
乾電池,かんでんち,"dry cell, battery",N2,ja,JLPT (open-anki-jlpt-decks)
関東,かんとう,"eastern half of Japan, including Tokyo",N2,ja,JLPT (open-anki-jlpt-decks)
観念,かんねん,"idea, notion; sense",N2,ja,JLPT (open-anki-jlpt-decks)
乾杯,かんぱい,Cheers! (a toast),N2,ja,JLPT (open-anki-jlpt-decks)
看板,かんばん,"sign, signboard",N2,ja,JLPT (open-anki-jlpt-decks)
看病,かんびょう,nursing (a patient),N2,ja,JLPT (open-anki-jlpt-decks)
冠,かんむり,"crown, wreath",N2,ja,JLPT (open-anki-jlpt-decks)
漢和,かんわ,"Chinese Character-Japanese (e.g., dictionary)",N2,ja,JLPT (open-anki-jlpt-decks)
気圧,きあつ,atmospheric pressure,N2,ja,JLPT (open-anki-jlpt-decks)
着替え,きがえ,"changing clothes, change of clothes",N2,ja,JLPT (open-anki-jlpt-decks)
着替える,きがえる,to change (one's) clothes,N2,ja,JLPT (open-anki-jlpt-decks)
機関車,きかんしゃ,"locomotive, engine",N2,ja,JLPT (open-anki-jlpt-decks)
飢饉,ききん,famine,N2,ja,JLPT (open-anki-jlpt-decks)
器具,きぐ,instrument,N2,ja,JLPT (open-anki-jlpt-decks)
期限,きげん,"term, period, time frame time limit, deadline, cutoff (date)",N2,ja,JLPT (open-anki-jlpt-decks)
記号,きごう,"symbol, code",N2,ja,JLPT (open-anki-jlpt-decks)
刻む,きざむ,"to mince, to carve, to engrave",N2,ja,JLPT (open-anki-jlpt-decks)
儀式,ぎしき,"ceremony, rite, ritual",N2,ja,JLPT (open-anki-jlpt-decks)
基準,きじゅん,"standard, basis, criteria",N2,ja,JLPT (open-anki-jlpt-decks)
規準,きじゅん,"standard, basis, criteria",N2,ja,JLPT (open-anki-jlpt-decks)
起床,きしょう,"rising, getting out of bed",N2,ja,JLPT (open-anki-jlpt-decks)
着せる,きせる,to put on clothes,N2,ja,JLPT (open-anki-jlpt-decks)
基礎,きそ,"foundation, basis",N2,ja,JLPT (open-anki-jlpt-decks)
基地,きち,base,N2,ja,JLPT (open-anki-jlpt-decks)
きっかけ,きっかけ,"prompt, trigger, cue",N2,ja,JLPT (open-anki-jlpt-decks)
切っ掛け,きっかけ,"chance, start, cue, excuse, motive, impetus, occassion",N2,ja,JLPT (open-anki-jlpt-decks)
ぎっしり,ぎっしり,"tightly, fully",N2,ja,JLPT (open-anki-jlpt-decks)
基盤,きばん,"foundation, basis",N2,ja,JLPT (open-anki-jlpt-decks)
客席,きゃくせき,guest seating,N2,ja,JLPT (open-anki-jlpt-decks)
客間,きゃくま,"parlor, guest room",N2,ja,JLPT (open-anki-jlpt-decks)
ギャング,ギャング,gang,N2,ja,JLPT (open-anki-jlpt-decks)
キャンパス,キャンパス,campus,N2,ja,JLPT (open-anki-jlpt-decks)
休業,きゅうぎょう,"closure, shutdown, holiday",N2,ja,JLPT (open-anki-jlpt-decks)
休講,きゅうこう,lecture canceled,N2,ja,JLPT (open-anki-jlpt-decks)
休息,きゅうそく,"rest, relief, relaxation",N2,ja,JLPT (open-anki-jlpt-decks)
給与,きゅうよ,salary,N2,ja,JLPT (open-anki-jlpt-decks)
休養,きゅうよう,"rest, break, recreation",N2,ja,JLPT (open-anki-jlpt-decks)
清い,きよい,"clear, pure, noble",N2,ja,JLPT (open-anki-jlpt-decks)
強化,きょうか,"strengthen, intensify, reinforce",N2,ja,JLPT (open-anki-jlpt-decks)
境界,きょうかい,boundary,N2,ja,JLPT (open-anki-jlpt-decks)
共産～,きょうさん～,communist ~,N2,ja,JLPT (open-anki-jlpt-decks)
行事,ぎょうじ,"event, function",N2,ja,JLPT (open-anki-jlpt-decks)
恐縮,きょうしゅく,sorry to trouble,N2,ja,JLPT (open-anki-jlpt-decks)
教養,きょうよう,"culture, education, sophistication",N2,ja,JLPT (open-anki-jlpt-decks)
行列,ぎょうれつ,"line, procession; matrix (math)",N2,ja,JLPT (open-anki-jlpt-decks)
漁業,ぎょぎょう,fishing (industry),N2,ja,JLPT (open-anki-jlpt-decks)
曲線,きょくせん,curve,N2,ja,JLPT (open-anki-jlpt-decks)
規律,きりつ,"order, rules, law",N2,ja,JLPT (open-anki-jlpt-decks)
斬る,きる,"to behead, to murder",N2,ja,JLPT (open-anki-jlpt-decks)
気を付ける,きをつける,"to be careful, to pay attention, to take care",N2,ja,JLPT (open-anki-jlpt-decks)
琴,きん,13-string Japanese zither,N2,ja,JLPT (open-anki-jlpt-decks)
金魚,きんぎょ,goldfish,N2,ja,JLPT (open-anki-jlpt-decks)
クーラー,クーラー,air conditioner,N2,ja,JLPT (open-anki-jlpt-decks)
区域,くいき,"zone, district, area",N2,ja,JLPT (open-anki-jlpt-decks)
空～,くう～,empty ~,N2,ja,JLPT (open-anki-jlpt-decks)
偶数,ぐうすう,even number,N2,ja,JLPT (open-anki-jlpt-decks)
空想,くうそう,"daydream, fantasy",N2,ja,JLPT (open-anki-jlpt-decks)
空中,くうちゅう,"sky, air",N2,ja,JLPT (open-anki-jlpt-decks)
釘,くぎ,nail,N2,ja,JLPT (open-anki-jlpt-decks)
区切る,くぎる,"to punctuate, to cut off, to mark off",N2,ja,JLPT (open-anki-jlpt-decks)
櫛,くし,comb,N2,ja,JLPT (open-anki-jlpt-decks)
くしゃみ,くしゃみ,sneeze,N2,ja,JLPT (open-anki-jlpt-decks)
苦情,くじょう,"complaint, grievance, grumble",N2,ja,JLPT (open-anki-jlpt-decks)
苦心,くしん,"pain, trouble",N2,ja,JLPT (open-anki-jlpt-decks)
屑,くず,"waste, scrap",N2,ja,JLPT (open-anki-jlpt-decks)
崩す,くずす,"to destroy, to make change (money)",N2,ja,JLPT (open-anki-jlpt-decks)
薬指,くすりゆび,ring finger,N2,ja,JLPT (open-anki-jlpt-decks)
崩れる,くずれる,"to collapse, to crumble",N2,ja,JLPT (open-anki-jlpt-decks)
砕く,くだく,"to break, to smash",N2,ja,JLPT (open-anki-jlpt-decks)
砕ける,くだける,"to break, to be broken",N2,ja,JLPT (open-anki-jlpt-decks)
くたびれる,くたびれる,"to get tired, to wear out",N2,ja,JLPT (open-anki-jlpt-decks)
くだらない,くだらない,"good-for-nothing, stupid, worthless",N2,ja,JLPT (open-anki-jlpt-decks)
下る,くだる,"to descend, to go down, to come down",N2,ja,JLPT (open-anki-jlpt-decks)
唇,くちびる,lip,N2,ja,JLPT (open-anki-jlpt-decks)
口紅,くちべに,lipstick,N2,ja,JLPT (open-anki-jlpt-decks)
くっつく,くっつく,"to adhere to, to keep close to",N2,ja,JLPT (open-anki-jlpt-decks)
くっつける,くっつける,to attach,N2,ja,JLPT (open-anki-jlpt-decks)
くどい,くどい,"verbose, importunate, heavy (taste)",N2,ja,JLPT (open-anki-jlpt-decks)
句読点,くとうてん,punctuation marks,N2,ja,JLPT (open-anki-jlpt-decks)
配る,くばる,"to distribute, to deliver",N2,ja,JLPT (open-anki-jlpt-decks)
工夫,くふう,"device, artifice, ingenuity",N2,ja,JLPT (open-anki-jlpt-decks)
区分,くぶん,"division, section, classification",N2,ja,JLPT (open-anki-jlpt-decks)
組合せ,くみあわせ,combination,N2,ja,JLPT (open-anki-jlpt-decks)
組み立てる,くみたてる,"to assemble, to set up, to construct",N2,ja,JLPT (open-anki-jlpt-decks)
悔やむ,くやむ,"to regret, to mourn",N2,ja,JLPT (open-anki-jlpt-decks)
クリーニング,クリーニング,"cleaning, dry cleaning, laundry service",N2,ja,JLPT (open-anki-jlpt-decks)
くるむ,くるむ,"to be enveloped by, to wrap up",N2,ja,JLPT (open-anki-jlpt-decks)
くれぐれも,くれぐれも,"repeatedly, sincerely, earnestly",N2,ja,JLPT (open-anki-jlpt-decks)
郡,ぐん,"district, county",N2,ja,JLPT (open-anki-jlpt-decks)
稽古,けいこ,"practice, training, study",N2,ja,JLPT (open-anki-jlpt-decks)
敬語,けいご,"honorific language (lit., respect language)",N2,ja,JLPT (open-anki-jlpt-decks)
蛍光灯,けいこうとう,fluorescent lamp,N2,ja,JLPT (open-anki-jlpt-decks)
形式,けいしき,"form, formality, format",N2,ja,JLPT (open-anki-jlpt-decks)
継続,けいぞく,continuation,N2,ja,JLPT (open-anki-jlpt-decks)
毛糸,けいと,knitting wool,N2,ja,JLPT (open-anki-jlpt-decks)
経度,けいど,longitude,N2,ja,JLPT (open-anki-jlpt-decks)
系統,けいとう,"system, genealogy",N2,ja,JLPT (open-anki-jlpt-decks)
芸能,げいのう,"public entertainment, performing arts",N2,ja,JLPT (open-anki-jlpt-decks)
競馬,けいば,horse racing,N2,ja,JLPT (open-anki-jlpt-decks)
警備,けいび,"defense, guard, policing, security",N2,ja,JLPT (open-anki-jlpt-decks)
形容詞,けいようし,adjective,N2,ja,JLPT (open-anki-jlpt-decks)
形容動詞,けいようどうし,"adjectival noun, quasi-adjective",N2,ja,JLPT (open-anki-jlpt-decks)
外科,げか,surgical department,N2,ja,JLPT (open-anki-jlpt-decks)
毛皮,けがわ,"fur, skin, pelt",N2,ja,JLPT (open-anki-jlpt-decks)
激増,げきぞう,sudden increase,N2,ja,JLPT (open-anki-jlpt-decks)
下車,げしゃ,"alighting, getting off",N2,ja,JLPT (open-anki-jlpt-decks)
下旬,げじゅん,month (last third of),N2,ja,JLPT (open-anki-jlpt-decks)
下水,げすい,"drainage, sewage, ditch, gutter, sewerage",N2,ja,JLPT (open-anki-jlpt-decks)
削る,けずる,"to cut down little by little, to take a percentage",N2,ja,JLPT (open-anki-jlpt-decks)
桁,けた,"column, beam, digit",N2,ja,JLPT (open-anki-jlpt-decks)
下駄,げた,"(Japanese footwear), wooden clogs",N2,ja,JLPT (open-anki-jlpt-decks)
血圧,けつあつ,blood pressure,N2,ja,JLPT (open-anki-jlpt-decks)
月給,げっきゅう,monthly salary,N2,ja,JLPT (open-anki-jlpt-decks)
傑作,けっさく,"masterpiece, best work",N2,ja,JLPT (open-anki-jlpt-decks)
月末,げつまつ,end of the month,N2,ja,JLPT (open-anki-jlpt-decks)
気配,けはい,"indication, sign, hint",N2,ja,JLPT (open-anki-jlpt-decks)
下品,げひん,"vulgar, indecent, coarse",N2,ja,JLPT (open-anki-jlpt-decks)
下品(な),げひん(な),vulgar,N2,ja,JLPT (open-anki-jlpt-decks)
煙い,けむい,smoky,N2,ja,JLPT (open-anki-jlpt-decks)
険しい,けわしい,"steep, rugged; severe",N2,ja,JLPT (open-anki-jlpt-decks)
現～,げん～,"present, incumbent",N2,ja,JLPT (open-anki-jlpt-decks)
見学,けんがく,"tour, study by observation",N2,ja,JLPT (open-anki-jlpt-decks)
謙虚,けんきょ,"modesty, humble",N2,ja,JLPT (open-anki-jlpt-decks)
原稿,げんこう,"manuscript, copy",N2,ja,JLPT (open-anki-jlpt-decks)
原産,げんさん,place of origin,N2,ja,JLPT (open-anki-jlpt-decks)
原始,げんし,"origin, primeval",N2,ja,JLPT (open-anki-jlpt-decks)
研修,けんしゅう,training,N2,ja,JLPT (open-anki-jlpt-decks)
厳重,げんじゅう,"strict, severe, firm",N2,ja,JLPT (open-anki-jlpt-decks)
謙遜,けんそん,"humble, humility, modesty",N2,ja,JLPT (open-anki-jlpt-decks)
県庁,けんちょう,prefectural office,N2,ja,JLPT (open-anki-jlpt-decks)
限度,げんど,"limit, bounds",N2,ja,JLPT (open-anki-jlpt-decks)
現に,げんに,"actually, really",N2,ja,JLPT (open-anki-jlpt-decks)
顕微鏡,けんびきょう,microscope,N2,ja,JLPT (open-anki-jlpt-decks)
懸命,けんめい,"eagerness, strenuous",N2,ja,JLPT (open-anki-jlpt-decks)
原理,げんり,"principle, theory, fundamental truth",N2,ja,JLPT (open-anki-jlpt-decks)
原料,げんりょう,raw materials,N2,ja,JLPT (open-anki-jlpt-decks)
碁,ご,go (board game),N2,ja,JLPT (open-anki-jlpt-decks)
小～,こ～,small ~,N2,ja,JLPT (open-anki-jlpt-decks)
コース,コース,course,N2,ja,JLPT (open-anki-jlpt-decks)
コーラス,コーラス,chorus,N2,ja,JLPT (open-anki-jlpt-decks)
恋しい,こいしい,"dear, beloved; to miss",N2,ja,JLPT (open-anki-jlpt-decks)
高～,こう～,high (level) ~,N2,ja,JLPT (open-anki-jlpt-decks)
工員,こういん,factory worker,N2,ja,JLPT (open-anki-jlpt-decks)
強引,ごういん,"forcible, assertive, pushy",N2,ja,JLPT (open-anki-jlpt-decks)
公害,こうがい,"public nuisance, pollution",N2,ja,JLPT (open-anki-jlpt-decks)
高級,こうきゅう,high class; first-rate,N2,ja,JLPT (open-anki-jlpt-decks)
公共,こうきょう,"public, community, communal",N2,ja,JLPT (open-anki-jlpt-decks)
工芸,こうげい,industrial arts,N2,ja,JLPT (open-anki-jlpt-decks)
孝行,こうこう,filial piety,N2,ja,JLPT (open-anki-jlpt-decks)
交差,こうさ,cross,N2,ja,JLPT (open-anki-jlpt-decks)
講師,こうし,lecturer,N2,ja,JLPT (open-anki-jlpt-decks)
工事,こうじ,construction work,N2,ja,JLPT (open-anki-jlpt-decks)
公式,こうしき,"formula, formality, official",N2,ja,JLPT (open-anki-jlpt-decks)
口実,こうじつ,excuse,N2,ja,JLPT (open-anki-jlpt-decks)
こうして,こうして,"like this, with this",N2,ja,JLPT (open-anki-jlpt-decks)
校舎,こうしゃ,"school building, schoolhouse",N2,ja,JLPT (open-anki-jlpt-decks)
公衆,こうしゅう,the public,N2,ja,JLPT (open-anki-jlpt-decks)
香水,こうすい,perfume,N2,ja,JLPT (open-anki-jlpt-decks)
公正,こうせい,"justice, fairness, impartiality",N2,ja,JLPT (open-anki-jlpt-decks)
功績,こうせき,"achievements, merit",N2,ja,JLPT (open-anki-jlpt-decks)
光線,こうせん,"beam, light ray",N2,ja,JLPT (open-anki-jlpt-decks)
高層,こうそう,"tall, high rise",N2,ja,JLPT (open-anki-jlpt-decks)
構造,こうぞう,"structure, construction",N2,ja,JLPT (open-anki-jlpt-decks)
交替,こうたい,"change, relief, alteration",N2,ja,JLPT (open-anki-jlpt-decks)
交代,こうたい,"alternation, change, relief, relay, shift, substitution (sports, etc.), taking turns",N2,ja,JLPT (open-anki-jlpt-decks)
耕地,こうち,arable land,N2,ja,JLPT (open-anki-jlpt-decks)
交通機関,こうつうきかん,transportation facilities,N2,ja,JLPT (open-anki-jlpt-decks)
校庭,こうてい,school yard,N2,ja,JLPT (open-anki-jlpt-decks)
肯定,こうてい,"positive, affirmation",N2,ja,JLPT (open-anki-jlpt-decks)
高度,こうど,"altitude, height; advanced",N2,ja,JLPT (open-anki-jlpt-decks)
高等,こうとう,"high class, high grade",N2,ja,JLPT (open-anki-jlpt-decks)
合同,ごうどう,"combination, incorporation",N2,ja,JLPT (open-anki-jlpt-decks)
高等学校,こうとうがっこう,senior high school,N2,ja,JLPT (open-anki-jlpt-decks)
公表,こうひょう,"official announcement, proclamation",N2,ja,JLPT (open-anki-jlpt-decks)
鉱物,こうぶつ,mineral,N2,ja,JLPT (open-anki-jlpt-decks)
公務,こうむ,"official business, public business",N2,ja,JLPT (open-anki-jlpt-decks)
項目,こうもく,item,N2,ja,JLPT (open-anki-jlpt-decks)
紅葉,こうよう,fall colors (of leaves),N2,ja,JLPT (open-anki-jlpt-decks)
こうよう もみじ,こうよう もみじ,(Japanese) maple,N2,ja,JLPT (open-anki-jlpt-decks)
合理,ごうり,rational,N2,ja,JLPT (open-anki-jlpt-decks)
交流,こうりゅう,exchange; alternating current,N2,ja,JLPT (open-anki-jlpt-decks)
合流,ごうりゅう,"confluence, merge, join",N2,ja,JLPT (open-anki-jlpt-decks)
効力,こうりょく,"effect, efficacy",N2,ja,JLPT (open-anki-jlpt-decks)
焦がす,こがす,"to burn, to scorch",N2,ja,JLPT (open-anki-jlpt-decks)
国王,こくおう,king,N2,ja,JLPT (open-anki-jlpt-decks)
こくせき,こくせき,nationality,N2,ja,JLPT (open-anki-jlpt-decks)
国立,こくりつ,national,N2,ja,JLPT (open-anki-jlpt-decks)
ご苦労様,ごくろうさま,Thank you for your hard work,N2,ja,JLPT (open-anki-jlpt-decks)
焦げる,こげる,"to burn, to be burned",N2,ja,JLPT (open-anki-jlpt-decks)
凍える,こごえる,"to freeze, to be chilled, to be frozen",N2,ja,JLPT (open-anki-jlpt-decks)
心当たり,こころあたり,"having some knowledge of, happening to know",N2,ja,JLPT (open-anki-jlpt-decks)
心得る,こころえる,"to understand, to have thorough knowledge",N2,ja,JLPT (open-anki-jlpt-decks)
腰掛け,こしかけ,"seat, bench",N2,ja,JLPT (open-anki-jlpt-decks)
腰掛,こしかけ,"seat, bench",N2,ja,JLPT (open-anki-jlpt-decks)
腰掛ける,こしかける,to sit (down),N2,ja,JLPT (open-anki-jlpt-decks)
五十音,ごじゅうおん,the Japanese syllabary,N2,ja,JLPT (open-anki-jlpt-decks)
こしらえる,こしらえる,"to make, to manufacture",N2,ja,JLPT (open-anki-jlpt-decks)
擦る,こする,"to rub, to chafe, to file, to frost (glass), to strike (match)",N2,ja,JLPT (open-anki-jlpt-decks)
個体,こたい,an individual,N2,ja,JLPT (open-anki-jlpt-decks)
ごちそうさま,ごちそうさま,Thank you for the meal,N2,ja,JLPT (open-anki-jlpt-decks)
こちらこそ,こちらこそ,it is I who should say so,N2,ja,JLPT (open-anki-jlpt-decks)
小遣い,こづかい,"pocket money, allowance",N2,ja,JLPT (open-anki-jlpt-decks)
コック,コック,"cook; tap, cock",N2,ja,JLPT (open-anki-jlpt-decks)
こっそり,こっそり,"stealthily, secretly",N2,ja,JLPT (open-anki-jlpt-decks)
古典,こてん,"classics, classic",N2,ja,JLPT (open-anki-jlpt-decks)
言付ける,ことづける,to leave a message,N2,ja,JLPT (open-anki-jlpt-decks)
言葉遣い,ことばづかい,"speech, expression, wording",N2,ja,JLPT (open-anki-jlpt-decks)
こないだ,こないだ,"the other day, lately, recently",N2,ja,JLPT (open-anki-jlpt-decks)
御無沙汰,ごぶさた,not writing or contacting for a while,N2,ja,JLPT (open-anki-jlpt-decks)
ゴム,ゴム,"gum, rubber",N2,ja,JLPT (open-anki-jlpt-decks)
御免,ごめん,"declining (something); pardon, sorry",N2,ja,JLPT (open-anki-jlpt-decks)
ごめんください,ごめんください,"May I come in, Is anyone here",N2,ja,JLPT (open-anki-jlpt-decks)
小指,こゆび,little finger,N2,ja,JLPT (open-anki-jlpt-decks)
堪える,こらえる,"to bear, to endure, to put up with",N2,ja,JLPT (open-anki-jlpt-decks)
娯楽,ごらく,"pleasure, amusement, recreation",N2,ja,JLPT (open-anki-jlpt-decks)
御覧,ごらん,"(hon.) look, inspection, try",N2,ja,JLPT (open-anki-jlpt-decks)
コレクション,コレクション,collection; correction,N2,ja,JLPT (open-anki-jlpt-decks)
転がす,ころがす,to roll,N2,ja,JLPT (open-anki-jlpt-decks)
転がる,ころがる,"to roll, to tumble",N2,ja,JLPT (open-anki-jlpt-decks)
紺,こん,"navy blue, deep blue",N2,ja,JLPT (open-anki-jlpt-decks)
今～,こん～,"this, current",N2,ja,JLPT (open-anki-jlpt-decks)
コンクール,コンクール,contest (FRE: concours),N2,ja,JLPT (open-anki-jlpt-decks)
コンクリート,コンクリート,concrete,N2,ja,JLPT (open-anki-jlpt-decks)
混合,こんごう,"mixing, mixture",N2,ja,JLPT (open-anki-jlpt-decks)
コンセント,コンセント,consent; power outlet,N2,ja,JLPT (open-anki-jlpt-decks)
献立,こんだて,menu,N2,ja,JLPT (open-anki-jlpt-decks)
こんばんは,こんばんは,good evening,N2,ja,JLPT (open-anki-jlpt-decks)
サークル,サークル,"circle, sports club (e.g., at a company)",N2,ja,JLPT (open-anki-jlpt-decks)
再～,さい～,re ~,N2,ja,JLPT (open-anki-jlpt-decks)
最～,さい～,the most ~,N2,ja,JLPT (open-anki-jlpt-decks)
在学,ざいがく,(enrolled) in school,N2,ja,JLPT (open-anki-jlpt-decks)
再三,さいさん,"again and again, repeatedly",N2,ja,JLPT (open-anki-jlpt-decks)
祭日,さいじつ,"national holiday, festival day",N2,ja,JLPT (open-anki-jlpt-decks)
催促,さいそく,"demand, urge (action), press for",N2,ja,JLPT (open-anki-jlpt-decks)
採点,さいてん,"marking, grading",N2,ja,JLPT (open-anki-jlpt-decks)
災難,さいなん,"calamity, misfortune",N2,ja,JLPT (open-anki-jlpt-decks)
裁縫,さいほう,sewing,N2,ja,JLPT (open-anki-jlpt-decks)
材木,ざいもく,"lumber, timber",N2,ja,JLPT (open-anki-jlpt-decks)
サイレン,サイレン,siren,N2,ja,JLPT (open-anki-jlpt-decks)
逆さ,さかさ,"reverse, upside down",N2,ja,JLPT (open-anki-jlpt-decks)
逆様,さかさま,"reverse, upside down",N2,ja,JLPT (open-anki-jlpt-decks)
捜す,さがす,"to search, to seek, to look for",N2,ja,JLPT (open-anki-jlpt-decks)
遡る,さかのぼる,"to go back, to date back; ascend",N2,ja,JLPT (open-anki-jlpt-decks)
酒場,さかば,"bar, bar-room",N2,ja,JLPT (open-anki-jlpt-decks)
一昨昨日,さきおととい,"two days before yesterday, three days ago",N2,ja,JLPT (open-anki-jlpt-decks)
先程,さきほど,a little while ago,N2,ja,JLPT (open-anki-jlpt-decks)
索引,さくいん,"index, indices",N2,ja,JLPT (open-anki-jlpt-decks)
作者,さくしゃ,"author, artist",N2,ja,JLPT (open-anki-jlpt-decks)
削除,さくじょ,"elimination, deletion",N2,ja,JLPT (open-anki-jlpt-decks)
作成,さくせい,"creation, preparation, to make",N2,ja,JLPT (open-anki-jlpt-decks)
作製,さくせい,"manufacture, production",N2,ja,JLPT (open-anki-jlpt-decks)
探る,さぐる,"to search, to look for, investigate",N2,ja,JLPT (open-anki-jlpt-decks)
囁く,ささやく,"to whisper, to murmur",N2,ja,JLPT (open-anki-jlpt-decks)
刺さる,ささる,"to stick, to be stuck",N2,ja,JLPT (open-anki-jlpt-decks)
匙,さじ,spoon,N2,ja,JLPT (open-anki-jlpt-decks)
座敷,ざしき,tatami room,N2,ja,JLPT (open-anki-jlpt-decks)
差し支え,さしつかえ,"hindrance, impediment",N2,ja,JLPT (open-anki-jlpt-decks)
差し引き,さしひき,"deduction, balance",N2,ja,JLPT (open-anki-jlpt-decks)
刺身,さしみ,sliced raw fish,N2,ja,JLPT (open-anki-jlpt-decks)
刺す,さす,"to pierce, to stab, to prick, to thrust",N2,ja,JLPT (open-anki-jlpt-decks)
流石,さすが,"indeed, truly, as one would expect",N2,ja,JLPT (open-anki-jlpt-decks)
撮影,さつえい,photographing,N2,ja,JLPT (open-anki-jlpt-decks)
雑音,ざつおん,"noise (jarring, grating)",N2,ja,JLPT (open-anki-jlpt-decks)
さっさと,さっさと,quickly,N2,ja,JLPT (open-anki-jlpt-decks)
早速,さっそく,"at once, immediately, promptly",N2,ja,JLPT (open-anki-jlpt-decks)
錆,さび,rust (color),N2,ja,JLPT (open-anki-jlpt-decks)
錆びる,さびる,"to rust, to become rusty",N2,ja,JLPT (open-anki-jlpt-decks)
座布団,ざぶとん,cushion (Japanese),N2,ja,JLPT (open-anki-jlpt-decks)
妨げる,さまたげる,"to disturb, to prevent",N2,ja,JLPT (open-anki-jlpt-decks)
さようなら,さようなら,good-bye,N2,ja,JLPT (open-anki-jlpt-decks)
サラリーマン,サラリーマン,salaryman; company employee,N2,ja,JLPT (open-anki-jlpt-decks)
騒がしい,さわがしい,noisy,N2,ja,JLPT (open-anki-jlpt-decks)
さわやか,さわやか,"fresh, refreshing",N2,ja,JLPT (open-anki-jlpt-decks)
三角,さんかく,"triangle, triangular",N2,ja,JLPT (open-anki-jlpt-decks)
算数,さんすう,arithmetic,N2,ja,JLPT (open-anki-jlpt-decks)
酸性,さんせい,acidity acidic,N2,ja,JLPT (open-anki-jlpt-decks)
産地,さんち,producing area,N2,ja,JLPT (open-anki-jlpt-decks)
サンプル,サンプル,sample,N2,ja,JLPT (open-anki-jlpt-decks)
山林,さんりん,mountain forest,N2,ja,JLPT (open-anki-jlpt-decks)
シーズン,シーズン,season (sporting),N2,ja,JLPT (open-anki-jlpt-decks)
シーツ,シーツ,sheet,N2,ja,JLPT (open-anki-jlpt-decks)
仕上がる,しあがる,to be finished,N2,ja,JLPT (open-anki-jlpt-decks)
明明後日,しあさって,two days after tomorrow,N2,ja,JLPT (open-anki-jlpt-decks)
寺院,じいん,temple,N2,ja,JLPT (open-anki-jlpt-decks)
しいんと (する),しいんと (する),"silent (as the grave), (deathly) quiet",N2,ja,JLPT (open-anki-jlpt-decks)
自衛,じえい,self-defense,N2,ja,JLPT (open-anki-jlpt-decks)
塩辛,しおから,salty (taste),N2,ja,JLPT (open-anki-jlpt-decks)
塩辛い,しおからい,salty (taste),N2,ja,JLPT (open-anki-jlpt-decks)
司会,しかい,"host, chairperson",N2,ja,JLPT (open-anki-jlpt-decks)
しかく しかくい,しかく しかくい,square,N2,ja,JLPT (open-anki-jlpt-decks)
四角い,しかくい,square,N2,ja,JLPT (open-anki-jlpt-decks)
仕方がない,しかたがない,"it can't be helped, it's inevitable",N2,ja,JLPT (open-anki-jlpt-decks)
時間割,じかんわり,"timetable, schedule",N2,ja,JLPT (open-anki-jlpt-decks)
四季,しき,four seasons,N2,ja,JLPT (open-anki-jlpt-decks)
敷地,しきち,site,N2,ja,JLPT (open-anki-jlpt-decks)
敷く,しく,"to spread out, to lay out",N2,ja,JLPT (open-anki-jlpt-decks)
茂る,しげる,to grow thick,N2,ja,JLPT (open-anki-jlpt-decks)
持参,じさん,"bringing, taking, carrying",N2,ja,JLPT (open-anki-jlpt-decks)
磁石,じしゃく,magnet,N2,ja,JLPT (open-anki-jlpt-decks)
四捨五入,ししゃごにゅう,rounding up (fractions),N2,ja,JLPT (open-anki-jlpt-decks)
始終,しじゅう,"continuously, always, constantly",N2,ja,JLPT (open-anki-jlpt-decks)
自習,じしゅう,self-study,N2,ja,JLPT (open-anki-jlpt-decks)
静まる,しずまる,"to quieten down, to calm down",N2,ja,JLPT (open-anki-jlpt-decks)
姿勢,しせい,attitude; posture,N2,ja,JLPT (open-anki-jlpt-decks)
自然科学,しぜんかがく,natural science,N2,ja,JLPT (open-anki-jlpt-decks)
時速,じそく,speed (per hour),N2,ja,JLPT (open-anki-jlpt-decks)
子孫,しそん,"descendant, offspring",N2,ja,JLPT (open-anki-jlpt-decks)
死体,したい,corpse,N2,ja,JLPT (open-anki-jlpt-decks)
下書き,したがき,"rough copy, draft",N2,ja,JLPT (open-anki-jlpt-decks)
自宅,じたく,one's own home (same as 自分の家 (じぶんのいえ)),N2,ja,JLPT (open-anki-jlpt-decks)
下町,したまち,old parts of town,N2,ja,JLPT (open-anki-jlpt-decks)
自治,じち,"self-government, autonomy",N2,ja,JLPT (open-anki-jlpt-decks)
室～,しつ～,room,N2,ja,JLPT (open-anki-jlpt-decks)
実感,じっかん,"feelings, realization",N2,ja,JLPT (open-anki-jlpt-decks)
湿気,しっき,"moisture, humidity, dampness",N2,ja,JLPT (open-anki-jlpt-decks)
しつこい,しつこい,"insistent, obstinate",N2,ja,JLPT (open-anki-jlpt-decks)
実習,じっしゅう,"practice, training",N2,ja,JLPT (open-anki-jlpt-decks)
実績,じっせき,"achievements, actual results",N2,ja,JLPT (open-anki-jlpt-decks)
湿度,しつど,level of humidity,N2,ja,JLPT (open-anki-jlpt-decks)
執筆,しっぴつ,writing,N2,ja,JLPT (open-anki-jlpt-decks)
実物,じつぶつ,an actual thing,N2,ja,JLPT (open-anki-jlpt-decks)
しっぽ,しっぽ,tail (animal),N2,ja,JLPT (open-anki-jlpt-decks)
実用,じつよう,"practical use, utility",N2,ja,JLPT (open-anki-jlpt-decks)
実力,じつりょく,"(real) ability, true strength, merit, efficiency, competency",N2,ja,JLPT (open-anki-jlpt-decks)
実例,じつれい,"example, instance",N2,ja,JLPT (open-anki-jlpt-decks)
しつれいしました (かん),しつれいしました (かん),"Excuse me., I'm sorry.",N2,ja,JLPT (open-anki-jlpt-decks)
失恋,しつれん,"broken heart, unrequited love",N2,ja,JLPT (open-anki-jlpt-decks)
指定,してい,"designation, specification, assignment",N2,ja,JLPT (open-anki-jlpt-decks)
私鉄,してつ,private railway,N2,ja,JLPT (open-anki-jlpt-decks)
児童,じどう,"children, juvenile",N2,ja,JLPT (open-anki-jlpt-decks)
縛る,しばる,"to tie, to bind",N2,ja,JLPT (open-anki-jlpt-decks)
地盤,じばん,(the) ground,N2,ja,JLPT (open-anki-jlpt-decks)
しびれる,しびれる,to become numb,N2,ja,JLPT (open-anki-jlpt-decks)
紙幣,しへい,"paper money, notes, bills",N2,ja,JLPT (open-anki-jlpt-decks)
しぼむ,しぼむ,"to wither, to shrivel",N2,ja,JLPT (open-anki-jlpt-decks)
萎む,しぼむ,"to wither (of flowers, dreams, etc.), to wilt",N2,ja,JLPT (open-anki-jlpt-decks)
絞る,しぼる,"to press, to wring, to squeeze",N2,ja,JLPT (open-anki-jlpt-decks)
縞,しま,stripe,N2,ja,JLPT (open-anki-jlpt-decks)
地味,じみ,"plain, simple, subdued, sober",N2,ja,JLPT (open-anki-jlpt-decks)
しみじみ,しみじみ,"keenly, deeply, heartily",N2,ja,JLPT (open-anki-jlpt-decks)
氏名,しめい,full name,N2,ja,JLPT (open-anki-jlpt-decks)
締切,しめきり,deadline,N2,ja,JLPT (open-anki-jlpt-decks)
締め切り,しめきり,"deadline, closing, cut-off, end",N2,ja,JLPT (open-anki-jlpt-decks)
締め切る,しめきる,"to close, cancel",N2,ja,JLPT (open-anki-jlpt-decks)
しめた (かん),しめた (かん),"I've got it, all right, fine",N2,ja,JLPT (open-anki-jlpt-decks)
しめる,しめる,"to be wet, to become wet, to be damp",N2,ja,JLPT (open-anki-jlpt-decks)
地面,じめん,"ground, earth's surface",N2,ja,JLPT (open-anki-jlpt-decks)
ジャーナリスト,ジャーナリスト,journalist,N2,ja,JLPT (open-anki-jlpt-decks)
社会科学,しゃかいかがく,social science,N2,ja,JLPT (open-anki-jlpt-decks)
しゃがむ,しゃがむ,to squat,N2,ja,JLPT (open-anki-jlpt-decks)
蛇口,じゃぐち,"faucet, tap",N2,ja,JLPT (open-anki-jlpt-decks)
弱点,じゃくてん,"weak point, weakness",N2,ja,JLPT (open-anki-jlpt-decks)
車庫,しゃこ,"garage, car shed",N2,ja,JLPT (open-anki-jlpt-decks)
車掌,しゃしょう,(train) conductor,N2,ja,JLPT (open-anki-jlpt-decks)
写生,しゃせい,"sketching, drawing from nature",N2,ja,JLPT (open-anki-jlpt-decks)
社説,しゃせつ,editorial,N2,ja,JLPT (open-anki-jlpt-decks)
しゃっくり,しゃっくり,"hiccough, hiccup",N2,ja,JLPT (open-anki-jlpt-decks)
シャッター,シャッター,shutter,N2,ja,JLPT (open-anki-jlpt-decks)
しゃぶる,しゃぶる,"to suck, to chew",N2,ja,JLPT (open-anki-jlpt-decks)
車輪,しゃりん,(car) wheel,N2,ja,JLPT (open-anki-jlpt-decks)
洒落,しゃれ,"joke, pun, witticism",N2,ja,JLPT (open-anki-jlpt-decks)
じゃんけん,じゃんけん,rock-scissors-paper game,N2,ja,JLPT (open-anki-jlpt-decks)
重～,じゅう～,heavy ~,N2,ja,JLPT (open-anki-jlpt-decks)
集会,しゅうかい,"meeting, assembly",N2,ja,JLPT (open-anki-jlpt-decks)
住居,じゅうきょ,"dwelling, house, residence, address",N2,ja,JLPT (open-anki-jlpt-decks)
集金,しゅうきん,money collection,N2,ja,JLPT (open-anki-jlpt-decks)
集合,しゅうごう,"gathering, assembly",N2,ja,JLPT (open-anki-jlpt-decks)
習字,しゅうじ,penmanship,N2,ja,JLPT (open-anki-jlpt-decks)
修繕,しゅうぜん,"repair, mending",N2,ja,JLPT (open-anki-jlpt-decks)
重体,じゅうたい,"serious condition, critical condition",N2,ja,JLPT (open-anki-jlpt-decks)
じゅうたん (カーペット),じゅうたん (カーペット),carpet,N2,ja,JLPT (open-anki-jlpt-decks)
終点,しゅうてん,"terminus, last stop (e.g train)",N2,ja,JLPT (open-anki-jlpt-decks)
重点,じゅうてん,"important point, lay stress on, emphasis",N2,ja,JLPT (open-anki-jlpt-decks)
就任,しゅうにん,"inauguration, assumption of office",N2,ja,JLPT (open-anki-jlpt-decks)
周辺,しゅうへん,"circumference, peripheral",N2,ja,JLPT (open-anki-jlpt-decks)
重役,じゅうやく,"director, high executive",N2,ja,JLPT (open-anki-jlpt-decks)
終了,しゅうりょう,"end, close, termination",N2,ja,JLPT (open-anki-jlpt-decks)
重量,じゅうりょう,heavyweight,N2,ja,JLPT (open-anki-jlpt-decks)
重力,じゅうりょく,gravity,N2,ja,JLPT (open-anki-jlpt-decks)
熟語,じゅくご,"idiom, kanji compound",N2,ja,JLPT (open-anki-jlpt-decks)
祝日,しゅくじつ,national holiday,N2,ja,JLPT (open-anki-jlpt-decks)
縮小,しゅくしょう,"reduction, curtailment",N2,ja,JLPT (open-anki-jlpt-decks)
受験,じゅけん,taking an examination,N2,ja,JLPT (open-anki-jlpt-decks)
主語,しゅご,(gram) subject,N2,ja,JLPT (open-anki-jlpt-decks)
主人,しゅじん,(one's own) husband,N2,ja,JLPT (open-anki-jlpt-decks)
出勤,しゅっきん,"going to work, at work",N2,ja,JLPT (open-anki-jlpt-decks)
述語,じゅつご,predicate,N2,ja,JLPT (open-anki-jlpt-decks)
出張,しゅっちょう,"official tour, business trip",N2,ja,JLPT (open-anki-jlpt-decks)
寿命,じゅみょう,life span,N2,ja,JLPT (open-anki-jlpt-decks)
主役,しゅやく,leading part,N2,ja,JLPT (open-anki-jlpt-decks)
受話器,じゅわき,(telephone) receiver,N2,ja,JLPT (open-anki-jlpt-decks)
循環,じゅんかん,"circulation, rotation, cycle",N2,ja,JLPT (open-anki-jlpt-decks)
巡査,じゅんさ,policeman,N2,ja,JLPT (open-anki-jlpt-decks)
順々,じゅんじゅん,"in order, in turn",N2,ja,JLPT (open-anki-jlpt-decks)
順序,じゅんじょ,"order, sequence, procedure",N2,ja,JLPT (open-anki-jlpt-decks)
純情,じゅんじょう,pure heart,N2,ja,JLPT (open-anki-jlpt-decks)
純粋,じゅんすい,"pure, genuine, unmixed",N2,ja,JLPT (open-anki-jlpt-decks)
初～,しょ～,first ~,N2,ja,JLPT (open-anki-jlpt-decks)
諸～,しょ～,various ~,N2,ja,JLPT (open-anki-jlpt-decks)
女～,じょ～,things done by women,N2,ja,JLPT (open-anki-jlpt-decks)
省～,しょう～,economizing ~,N2,ja,JLPT (open-anki-jlpt-decks)
消化,しょうか,digestion,N2,ja,JLPT (open-anki-jlpt-decks)
小学生,しょうがくせい,elementary school pupil,N2,ja,JLPT (open-anki-jlpt-decks)
しょうがない,しょうがない,It is not worth ~,N2,ja,JLPT (open-anki-jlpt-decks)
将棋,しょうぎ,Japanese chess,N2,ja,JLPT (open-anki-jlpt-decks)
蒸気,じょうき,"steam, vapor",N2,ja,JLPT (open-anki-jlpt-decks)
定規,じょうぎ,(measuring) ruler,N2,ja,JLPT (open-anki-jlpt-decks)
上級,じょうきゅう,"advanced level, high grade, senior",N2,ja,JLPT (open-anki-jlpt-decks)
商業,しょうぎょう,"commerce, trade, business",N2,ja,JLPT (open-anki-jlpt-decks)
消極的,しょうきょくてき,passive,N2,ja,JLPT (open-anki-jlpt-decks)
賞金,しょうきん,"prize, monetary award",N2,ja,JLPT (open-anki-jlpt-decks)
上下,じょうげ,"high and low, up and down",N2,ja,JLPT (open-anki-jlpt-decks)
障子,しょうじ,paper sliding door,N2,ja,JLPT (open-anki-jlpt-decks)
商社,しょうしゃ,trading company,N2,ja,JLPT (open-anki-jlpt-decks)
乗車,じょうしゃ,"taking a train, entraining",N2,ja,JLPT (open-anki-jlpt-decks)
上旬,じょうじゅん,first 10 days of month,N2,ja,JLPT (open-anki-jlpt-decks)
小数,しょうすう,"fraction (part of), decimal",N2,ja,JLPT (open-anki-jlpt-decks)
生ずる,しょうずる,"to cause, to arise, to be generated",N2,ja,JLPT (open-anki-jlpt-decks)
商店,しょうてん,"shop, business firm",N2,ja,JLPT (open-anki-jlpt-decks)
焦点,しょうてん,"focus, point",N2,ja,JLPT (open-anki-jlpt-decks)
消毒,しょうどく,disinfection,N2,ja,JLPT (open-anki-jlpt-decks)
勝敗,しょうはい,"victory or defeat, issue (of battle)",N2,ja,JLPT (open-anki-jlpt-decks)
蒸発,じょうはつ,evaporation; unexplained disappearance,N2,ja,JLPT (open-anki-jlpt-decks)
賞品,しょうひん,"prize, trophy",N2,ja,JLPT (open-anki-jlpt-decks)
上品,じょうひん,"refined, elegant, well-mannered",N2,ja,JLPT (open-anki-jlpt-decks)
勝負,しょうぶ,"victory or defeat, game",N2,ja,JLPT (open-anki-jlpt-decks)
小便,しょうべん,"(col) urine, piss",N2,ja,JLPT (open-anki-jlpt-decks)
消防署,しょうぼうしょ,fire station,N2,ja,JLPT (open-anki-jlpt-decks)
正味,しょうみ,net (weight),N2,ja,JLPT (open-anki-jlpt-decks)
正面,しょうめん,front,N2,ja,JLPT (open-anki-jlpt-decks)
消耗,しょうもう,"exhaustion, consumption",N2,ja,JLPT (open-anki-jlpt-decks)
省略,しょうりゃく,"omission, abbreviation, abridgment",N2,ja,JLPT (open-anki-jlpt-decks)
初級,しょきゅう,elementary level,N2,ja,JLPT (open-anki-jlpt-decks)
助教授,じょきょうじゅ,assistant professor,N2,ja,JLPT (open-anki-jlpt-decks)
食塩,しょくえん,table salt,N2,ja,JLPT (open-anki-jlpt-decks)
職人,しょくにん,"artisan, craftsman",N2,ja,JLPT (open-anki-jlpt-decks)
職場,しょくば,workplace,N2,ja,JLPT (open-anki-jlpt-decks)
初旬,しょじゅん,first 10 days of the month,N2,ja,JLPT (open-anki-jlpt-decks)
書籍,しょせき,"book, publication",N2,ja,JLPT (open-anki-jlpt-decks)
食器,しょっき,tableware,N2,ja,JLPT (open-anki-jlpt-decks)
ショップ,ショップ,a shop,N2,ja,JLPT (open-anki-jlpt-decks)
書店,しょてん,bookshop,N2,ja,JLPT (open-anki-jlpt-decks)
書道,しょどう,calligraphy,N2,ja,JLPT (open-anki-jlpt-decks)
初歩,しょほ,"elements, rudiments",N2,ja,JLPT (open-anki-jlpt-decks)
白髪,しらが,"white or grey hair, trendy hair bleaching",N2,ja,JLPT (open-anki-jlpt-decks)
シリーズ,シリーズ,series,N2,ja,JLPT (open-anki-jlpt-decks)
知り合い,しりあい,acquaintance,N2,ja,JLPT (open-anki-jlpt-decks)
私立,しりつ,private (establishment),N2,ja,JLPT (open-anki-jlpt-decks)
資料,しりょう,"materials, data",N2,ja,JLPT (open-anki-jlpt-decks)
汁,しる,"juice, soup",N2,ja,JLPT (open-anki-jlpt-decks)
素人,しろうと,"layman, amateur, novice",N2,ja,JLPT (open-anki-jlpt-decks)
しわ (かおの～),しわ (かおの～),"wrinkles, creases",N2,ja,JLPT (open-anki-jlpt-decks)
芯,しん,"core, heart, wick",N2,ja,JLPT (open-anki-jlpt-decks)
新幹線,しんかんせん,"Shinkansen, ""Bullet Train""",N2,ja,JLPT (open-anki-jlpt-decks)
真空,しんくう,vacuum,N2,ja,JLPT (open-anki-jlpt-decks)
人事,じんじ,"human resources, personnel management",N2,ja,JLPT (open-anki-jlpt-decks)
心身,しんしん,mind and body,N2,ja,JLPT (open-anki-jlpt-decks)
信ずる,しんずる,to believe,N2,ja,JLPT (open-anki-jlpt-decks)
申請,しんせい,"application, request, petition",N2,ja,JLPT (open-anki-jlpt-decks)
人造,じんぞう,"man-made, synthetic, artificial",N2,ja,JLPT (open-anki-jlpt-decks)
寝台,しんだい,bed,N2,ja,JLPT (open-anki-jlpt-decks)
診断,しんだん,diagnosis,N2,ja,JLPT (open-anki-jlpt-decks)
侵入,しんにゅう,"invasion, raid, trespass",N2,ja,JLPT (open-anki-jlpt-decks)
人文科学,じんぶんかがく,"social sciences, humanities",N2,ja,JLPT (open-anki-jlpt-decks)
人命,じんめい,(human) life,N2,ja,JLPT (open-anki-jlpt-decks)
深夜,しんや,late at night,N2,ja,JLPT (open-anki-jlpt-decks)
森林,しんりん,"forest, woods",N2,ja,JLPT (open-anki-jlpt-decks)
親類,しんるい,relative(s) (same as 親戚 (しんせき)),N2,ja,JLPT (open-anki-jlpt-decks)
針路,しんろ,"course, direction",N2,ja,JLPT (open-anki-jlpt-decks)
神話,しんわ,"myth, legend",N2,ja,JLPT (open-anki-jlpt-decks)
酢,す,vinegar,N2,ja,JLPT (open-anki-jlpt-decks)
水産,すいさん,"marine products, fisheries",N2,ja,JLPT (open-anki-jlpt-decks)
炊事,すいじ,cooking,N2,ja,JLPT (open-anki-jlpt-decks)
水蒸気,すいじょうき,"water vapor, steam",N2,ja,JLPT (open-anki-jlpt-decks)
水素,すいそ,hydrogen,N2,ja,JLPT (open-anki-jlpt-decks)
垂直,すいちょく,"vertical, perpendicular",N2,ja,JLPT (open-anki-jlpt-decks)
推定,すいてい,"presumption, assumption, estimation",N2,ja,JLPT (open-anki-jlpt-decks)
水滴,すいてき,drop of water,N2,ja,JLPT (open-anki-jlpt-decks)
水筒,すいとう,"canteen, flask, water bottle",N2,ja,JLPT (open-anki-jlpt-decks)
随筆,ずいひつ,"essays, miscellaneous writings",N2,ja,JLPT (open-anki-jlpt-decks)
水分,すいぶん,moisture,N2,ja,JLPT (open-anki-jlpt-decks)
水平,すいへい,"level, horizontal",N2,ja,JLPT (open-anki-jlpt-decks)
水平線,すいへいせん,horizon,N2,ja,JLPT (open-anki-jlpt-decks)
水面,すいめん,water's surface,N2,ja,JLPT (open-anki-jlpt-decks)
水曜,すいよう,Wednesday,N2,ja,JLPT (open-anki-jlpt-decks)
図々しい,ずうずうしい,"impudent, shameless",N2,ja,JLPT (open-anki-jlpt-decks)
ずうっと,ずうっと,"all the time, all the way",N2,ja,JLPT (open-anki-jlpt-decks)
末っ子,すえっこ,youngest child,N2,ja,JLPT (open-anki-jlpt-decks)
スカーフ,スカーフ,scarf,N2,ja,JLPT (open-anki-jlpt-decks)
図鑑,ずかん,picture book,N2,ja,JLPT (open-anki-jlpt-decks)
隙,すき,"unguarded moment, chance",N2,ja,JLPT (open-anki-jlpt-decks)
杉,すぎ,Japanese cedar,N2,ja,JLPT (open-anki-jlpt-decks)
好き嫌い,すききらい,"likes and dislikes, taste",N2,ja,JLPT (open-anki-jlpt-decks)
好き好き,すきずき,matter of taste,N2,ja,JLPT (open-anki-jlpt-decks)
透き通る,すきとおる,to be(come) transparent,N2,ja,JLPT (open-anki-jlpt-decks)
隙間,すきま,"crack, gap, opening",N2,ja,JLPT (open-anki-jlpt-decks)
スクール,スクール,school,N2,ja,JLPT (open-anki-jlpt-decks)
少なくとも,すくなくとも,at least,N2,ja,JLPT (open-anki-jlpt-decks)
図形,ずけい,figure,N2,ja,JLPT (open-anki-jlpt-decks)
鈴,すず,bell,N2,ja,JLPT (open-anki-jlpt-decks)
涼む,すずむ,"to cool oneself, to cool off",N2,ja,JLPT (open-anki-jlpt-decks)
スタート,スタート,start,N2,ja,JLPT (open-anki-jlpt-decks)
スチュワーデス,スチュワーデス,stewardess,N2,ja,JLPT (open-anki-jlpt-decks)
すっきり,すっきり,"shapely, clear, neat",N2,ja,JLPT (open-anki-jlpt-decks)
ステージ,ステージ,stage; performance,N2,ja,JLPT (open-anki-jlpt-decks)
ストッキング,ストッキング,stockings,N2,ja,JLPT (open-anki-jlpt-decks)
ストップ,ストップ,stop,N2,ja,JLPT (open-anki-jlpt-decks)
素直,すなお,"obedient, meek, docile",N2,ja,JLPT (open-anki-jlpt-decks)
頭脳,ずのう,"head, brains, intellect",N2,ja,JLPT (open-anki-jlpt-decks)
スピーカー,スピーカー,speaker,N2,ja,JLPT (open-anki-jlpt-decks)
図表,ずひょう,"chart, diagram, graph",N2,ja,JLPT (open-anki-jlpt-decks)
スマート,スマート,"smart, stylish, slim",N2,ja,JLPT (open-anki-jlpt-decks)
住まい,すまい,"dwelling, house",N2,ja,JLPT (open-anki-jlpt-decks)
すまない,すまない,sorry (phrase),N2,ja,JLPT (open-anki-jlpt-decks)
相撲,すもう,sumo wrestling,N2,ja,JLPT (open-anki-jlpt-decks)
スライド,スライド,slide,N2,ja,JLPT (open-anki-jlpt-decks)
ずらす,ずらす,"to put off, to delay",N2,ja,JLPT (open-anki-jlpt-decks)
ずらり,ずらり,"in a line, in a row",N2,ja,JLPT (open-anki-jlpt-decks)
スリッパ,スリッパ,slippers,N2,ja,JLPT (open-anki-jlpt-decks)
する,する,to print,N2,ja,JLPT (open-anki-jlpt-decks)
狡い,ずるい,"sly, cunning",N2,ja,JLPT (open-anki-jlpt-decks)
寸法,すんぽう,"measurement, size, dimension",N2,ja,JLPT (open-anki-jlpt-decks)
姓,せい,"surname, family name",N2,ja,JLPT (open-anki-jlpt-decks)
税関,ぜいかん,customs,N2,ja,JLPT (open-anki-jlpt-decks)
製作,せいさく,"manufacture, production",N2,ja,JLPT (open-anki-jlpt-decks)
制作,せいさく,"work (e.g., film, book)",N2,ja,JLPT (open-anki-jlpt-decks)
性質,せいしつ,"nature, property, disposition",N2,ja,JLPT (open-anki-jlpt-decks)
清書,せいしょ,clean copy,N2,ja,JLPT (open-anki-jlpt-decks)
青少年,せいしょうねん,"youth, young person",N2,ja,JLPT (open-anki-jlpt-decks)
整数,せいすう,integer,N2,ja,JLPT (open-anki-jlpt-decks)
清掃,せいそう,cleaning,N2,ja,JLPT (open-anki-jlpt-decks)
生存,せいぞん,"existence, being, survival",N2,ja,JLPT (open-anki-jlpt-decks)
生長,せいちょう,growth (of a plant),N2,ja,JLPT (open-anki-jlpt-decks)
政党,せいとう,(member of) political party,N2,ja,JLPT (open-anki-jlpt-decks)
生年月日,せいねんがっぴ,date of birth,N2,ja,JLPT (open-anki-jlpt-decks)
性能,せいのう,"ability, capability",N2,ja,JLPT (open-anki-jlpt-decks)
整備,せいび,"maintenance, overhaul",N2,ja,JLPT (open-anki-jlpt-decks)
成分,せいぶん,"ingredient, component, composition",N2,ja,JLPT (open-anki-jlpt-decks)
性別,せいべつ,"sex, gender",N2,ja,JLPT (open-anki-jlpt-decks)
正方形,せいほうけい,square,N2,ja,JLPT (open-anki-jlpt-decks)
正門,せいもん,"main gate, main entrance",N2,ja,JLPT (open-anki-jlpt-decks)
成立,せいりつ,"formation, establishment, completion",N2,ja,JLPT (open-anki-jlpt-decks)
西暦,せいれき,"Christian Era, after (Christ’s) death (A.D.)",N2,ja,JLPT (open-anki-jlpt-decks)
背負う,せおう,to be burdened with; to carry on (one's) back or shoulder(s),N2,ja,JLPT (open-anki-jlpt-decks)
赤道,せきどう,equator,N2,ja,JLPT (open-anki-jlpt-decks)
折角,せっかく,"with trouble, at great pains, long-awaited",N2,ja,JLPT (open-anki-jlpt-decks)
接近,せっきん,"getting closer, drawing nearer, approaching",N2,ja,JLPT (open-anki-jlpt-decks)
接する,せっする,to attend to (someone); to associate with,N2,ja,JLPT (open-anki-jlpt-decks)
せっせと,せっせと,"busily, away",N2,ja,JLPT (open-anki-jlpt-decks)
接続,せつぞく,"connection, union, join, link; changing trains",N2,ja,JLPT (open-anki-jlpt-decks)
瀬戸物,せともの,"earthenware, crockery, china",N2,ja,JLPT (open-anki-jlpt-decks)
ぜひとも,ぜひとも,by all means (with sense of not taking 'no' for an answer),N2,ja,JLPT (open-anki-jlpt-decks)
迫る,せまる,"to draw near, to press",N2,ja,JLPT (open-anki-jlpt-decks)
ゼミ,ゼミ,seminar,N2,ja,JLPT (open-anki-jlpt-decks)
せめて,せめて,at least,N2,ja,JLPT (open-anki-jlpt-decks)
攻める,せめる,"to attack, to assault, to assail",N2,ja,JLPT (open-anki-jlpt-decks)
セメント,セメント,cement,N2,ja,JLPT (open-anki-jlpt-decks)
台詞,せりふ,"speech, words, one's lines, remarks",N2,ja,JLPT (open-anki-jlpt-decks)
栓,せん,"stopper, cork, stopcock",N2,ja,JLPT (open-anki-jlpt-decks)
前～,ぜん～,"former, late ~, past ~",N2,ja,JLPT (open-anki-jlpt-decks)
前後,ぜんご,"front and back, before and after",N2,ja,JLPT (open-anki-jlpt-decks)
洗剤,せんざい,"detergent, cleanser, cleaning agent, washing material",N2,ja,JLPT (open-anki-jlpt-decks)
全集,ぜんしゅう,complete works,N2,ja,JLPT (open-anki-jlpt-decks)
全身,ぜんしん,"whole (body), full-length (e.g., portrait) systemic",N2,ja,JLPT (open-anki-jlpt-decks)
扇子,せんす,folding fan,N2,ja,JLPT (open-anki-jlpt-decks)
専制,せんせい,"despotism, autocracy",N2,ja,JLPT (open-anki-jlpt-decks)
先々月,せんせんげつ,month before last,N2,ja,JLPT (open-anki-jlpt-decks)
先々週,せんせんしゅう,2 weeks before,N2,ja,JLPT (open-anki-jlpt-decks)
先祖,せんぞ,ancestor,N2,ja,JLPT (open-anki-jlpt-decks)
先端,せんたん,"pointed end, tip",N2,ja,JLPT (open-anki-jlpt-decks)
センチ,センチ,centimeter,N2,ja,JLPT (open-anki-jlpt-decks)
宣伝,せんでん,"publicity, advertisement, advertising, propaganda",N2,ja,JLPT (open-anki-jlpt-decks)
先頭,せんとう,"head, lead, vanguard",N2,ja,JLPT (open-anki-jlpt-decks)
全般,ぜんぱん,"(the) whole, general",N2,ja,JLPT (open-anki-jlpt-decks)
扇風機,せんぷうき,electric fan,N2,ja,JLPT (open-anki-jlpt-decks)
洗面,せんめん,"wash up (one's face), have a wash",N2,ja,JLPT (open-anki-jlpt-decks)
全力,ぜんりょく,"all one's power, whole energy",N2,ja,JLPT (open-anki-jlpt-decks)
線路,せんろ,"line, track, roadbed",N2,ja,JLPT (open-anki-jlpt-decks)
総～,そう～,"gross, general, entire",N2,ja,JLPT (open-anki-jlpt-decks)
相違,そうい,"difference, discrepancy, variation",N2,ja,JLPT (open-anki-jlpt-decks)
そういえば,そういえば,which reminds me ..,N2,ja,JLPT (open-anki-jlpt-decks)
雑巾,ぞうきん,"house-cloth, dust cloth",N2,ja,JLPT (open-anki-jlpt-decks)
増減,ぞうげん,"increase and decrease, fluctuation",N2,ja,JLPT (open-anki-jlpt-decks)
倉庫,そうこ,"storehouse, warehouse",N2,ja,JLPT (open-anki-jlpt-decks)
相互,そうご,"mutual, reciprocal",N2,ja,JLPT (open-anki-jlpt-decks)
創作,そうさく,"production, creation, work",N2,ja,JLPT (open-anki-jlpt-decks)
葬式,そうしき,funeral,N2,ja,JLPT (open-anki-jlpt-decks)
造船,ぞうせん,shipbuilding,N2,ja,JLPT (open-anki-jlpt-decks)
騒々しい,そうぞうしい,"noisy, boisterous",N2,ja,JLPT (open-anki-jlpt-decks)
増大,ぞうだい,"increase, growth",N2,ja,JLPT (open-anki-jlpt-decks)
そうっと,そうっと,"softly, cautiously, gently",N2,ja,JLPT (open-anki-jlpt-decks)
送別,そうべつ,"farewell, send-off",N2,ja,JLPT (open-anki-jlpt-decks)
草履,ぞうり,Japanese sandals (footwear),N2,ja,JLPT (open-anki-jlpt-decks)
総理大臣,そうりだいじん,Prime Minister,N2,ja,JLPT (open-anki-jlpt-decks)
送料,そうりょう,"postage, carriage",N2,ja,JLPT (open-anki-jlpt-decks)
属する,ぞくする,"to belong to, to come under",N2,ja,JLPT (open-anki-jlpt-decks)
続々,ぞくぞく,"successively, one after another",N2,ja,JLPT (open-anki-jlpt-decks)
速達,そくたつ,"express, special delivery",N2,ja,JLPT (open-anki-jlpt-decks)
測定,そくてい,measurement,N2,ja,JLPT (open-anki-jlpt-decks)
測量,そくりょう,"measurement, surveying",N2,ja,JLPT (open-anki-jlpt-decks)
速力,そくりょく,speed,N2,ja,JLPT (open-anki-jlpt-decks)
素質,そしつ,"talent, capability",N2,ja,JLPT (open-anki-jlpt-decks)
祖先,そせん,ancestor(s),N2,ja,JLPT (open-anki-jlpt-decks)
そそっかしい,そそっかしい,"careless, thoughtless",N2,ja,JLPT (open-anki-jlpt-decks)
卒直,そっちょく,"frank, candid, honest",N2,ja,JLPT (open-anki-jlpt-decks)
率直,そっちょく,"frank, candid, straightforward, openhearted, direct, outspoken",N2,ja,JLPT (open-anki-jlpt-decks)
そのころ,そのころ,"in those days, at that time, then",N2,ja,JLPT (open-anki-jlpt-decks)
そのため,そのため,"hence, for that reason",N2,ja,JLPT (open-anki-jlpt-decks)
その他,そのほか,besides,N2,ja,JLPT (open-anki-jlpt-decks)
そば,そば,soba (buckwheat noodles),N2,ja,JLPT (open-anki-jlpt-decks)
剃る,そる,to shave,N2,ja,JLPT (open-anki-jlpt-decks)
それなのに,それなのに,"though, although",N2,ja,JLPT (open-anki-jlpt-decks)
それなら,それなら,"If that's the case..., If so..., That being the case...",N2,ja,JLPT (open-anki-jlpt-decks)
それはいけませんね (かん),それはいけませんね (かん),that's not good,N2,ja,JLPT (open-anki-jlpt-decks)
逸れる,それる,"to stray (turn) from subject, to go astray",N2,ja,JLPT (open-anki-jlpt-decks)
揃える,そろえる,"to collect, to gather, to get together, to complete (a collection) to arrange, to put in order, to prepare, to get ready to make uniform, to make even, to match",N2,ja,JLPT (open-anki-jlpt-decks)
算盤,そろばん,abacus,N2,ja,JLPT (open-anki-jlpt-decks)
存じる,ぞんじる,(humble) to know,N2,ja,JLPT (open-anki-jlpt-decks)
存ずる,ぞんずる,(humble) to know,N2,ja,JLPT (open-anki-jlpt-decks)
損得,そんとく,"loss and gain, advantage and disadvantage",N2,ja,JLPT (open-anki-jlpt-decks)
第～,だい～,~th,N2,ja,JLPT (open-anki-jlpt-decks)
タイア,タイア,"tire, tyre",N2,ja,JLPT (open-anki-jlpt-decks)
だいいち (とりわけ),だいいち (とりわけ),"first, foremost,&nbsp;&nbsp;#1",N2,ja,JLPT (open-anki-jlpt-decks)
大学院,だいがくいん,graduate school,N2,ja,JLPT (open-anki-jlpt-decks)
大工,だいく,carpenter,N2,ja,JLPT (open-anki-jlpt-decks)
体系,たいけい,"system, organization",N2,ja,JLPT (open-anki-jlpt-decks)
太鼓,たいこ,"drum, tambourine",N2,ja,JLPT (open-anki-jlpt-decks)
対策,たいさく,"counter-plan, counter-measure",N2,ja,JLPT (open-anki-jlpt-decks)
大して,たいして,"(not so) much, (not) very",N2,ja,JLPT (open-anki-jlpt-decks)
対照,たいしょう,"contrast, antithesis, comparison",N2,ja,JLPT (open-anki-jlpt-decks)
大小,だいしょう,size,N2,ja,JLPT (open-anki-jlpt-decks)
体制,たいせい,"order, system, structure",N2,ja,JLPT (open-anki-jlpt-decks)
体積,たいせき,"capacity, volume",N2,ja,JLPT (open-anki-jlpt-decks)
大層,たいそう,"very much, greatly",N2,ja,JLPT (open-anki-jlpt-decks)
体操,たいそう,"gymnastics, physical exercises, calisthenics",N2,ja,JLPT (open-anki-jlpt-decks)
大分,だいぶん,"considerably, greatly, a lot",N2,ja,JLPT (open-anki-jlpt-decks)
大木,たいぼく,large tree,N2,ja,JLPT (open-anki-jlpt-decks)
題名,だいめい,"title, caption, heading",N2,ja,JLPT (open-anki-jlpt-decks)
代名詞,だいめいし,pronoun,N2,ja,JLPT (open-anki-jlpt-decks)
ダイヤグラム,ダイヤグラム,diagram,N2,ja,JLPT (open-anki-jlpt-decks)
ダイヤモンド,ダイヤモンド,diamond,N2,ja,JLPT (open-anki-jlpt-decks)
ダイヤル,ダイヤル,dial,N2,ja,JLPT (open-anki-jlpt-decks)
対立,たいりつ,"confrontation, opposition, antagonism",N2,ja,JLPT (open-anki-jlpt-decks)
田植え,たうえ,rice planting,N2,ja,JLPT (open-anki-jlpt-decks)
絶えず,たえず,constantly,N2,ja,JLPT (open-anki-jlpt-decks)
楕円,だえん,ellipse,N2,ja,JLPT (open-anki-jlpt-decks)
高める,たかめる,"to raise, to lift, to boost, to enhance",N2,ja,JLPT (open-anki-jlpt-decks)
耕す,たがやす,"to till, to plow, to cultivate",N2,ja,JLPT (open-anki-jlpt-decks)
滝,たき,waterfall,N2,ja,JLPT (open-anki-jlpt-decks)
蓄える,たくわえる,"to save, to store, to lay in stock",N2,ja,JLPT (open-anki-jlpt-decks)
竹,たけ,bamboo,N2,ja,JLPT (open-anki-jlpt-decks)
ただいま,ただいま,"Here I am, I'm home!",N2,ja,JLPT (open-anki-jlpt-decks)
但し,ただし,"but, however, provided that",N2,ja,JLPT (open-anki-jlpt-decks)
畳む,たたむ,"to fold (e.g., clothes, umbrella)",N2,ja,JLPT (open-anki-jlpt-decks)
立ち止まる,たちどまる,"to stop, to halt, to stand still",N2,ja,JLPT (open-anki-jlpt-decks)
たちまち,たちまち,"instantly, suddenly, all at once",N2,ja,JLPT (open-anki-jlpt-decks)
建つ,たつ,"to be erected, to be built",N2,ja,JLPT (open-anki-jlpt-decks)
脱線,だっせん,"derailment, digression",N2,ja,JLPT (open-anki-jlpt-decks)
妥当,だとう,"proper, appropriate",N2,ja,JLPT (open-anki-jlpt-decks)
例える,たとえる,"to compare, to liken",N2,ja,JLPT (open-anki-jlpt-decks)
頼もしい,たのもしい,"reliable, promising",N2,ja,JLPT (open-anki-jlpt-decks)
足袋,たび,"tabi, Japanese socks (with split toe)",N2,ja,JLPT (open-anki-jlpt-decks)
ダブル,ダブル,double,N2,ja,JLPT (open-anki-jlpt-decks)
ダム,ダム,dam,N2,ja,JLPT (open-anki-jlpt-decks)
溜息,ためいき,a sigh,N2,ja,JLPT (open-anki-jlpt-decks)
ためらう,ためらう,to be hesitant,N2,ja,JLPT (open-anki-jlpt-decks)
だらしない,だらしない,"slovenly, loose, a slut",N2,ja,JLPT (open-anki-jlpt-decks)
足る,たる,"to be sufficient, to be enough",N2,ja,JLPT (open-anki-jlpt-decks)
短～,たん～,short ~,N2,ja,JLPT (open-anki-jlpt-decks)
段階,だんかい,"gradation, grade, stage",N2,ja,JLPT (open-anki-jlpt-decks)
短期,たんき,short term,N2,ja,JLPT (open-anki-jlpt-decks)
炭鉱,たんこう,"coal mine, coal pit",N2,ja,JLPT (open-anki-jlpt-decks)
短所,たんしょ,"defect, weak point; disadvantage",N2,ja,JLPT (open-anki-jlpt-decks)
たんす,たんす,chest of drawers,N2,ja,JLPT (open-anki-jlpt-decks)
淡水,たんすい,fresh water,N2,ja,JLPT (open-anki-jlpt-decks)
断水,だんすい,water outage,N2,ja,JLPT (open-anki-jlpt-decks)
単数,たんすう,singular (number),N2,ja,JLPT (open-anki-jlpt-decks)
団地,だんち,housing complex,N2,ja,JLPT (open-anki-jlpt-decks)
断定,だんてい,"conclusion, decision",N2,ja,JLPT (open-anki-jlpt-decks)
短編,たんぺん,"short (e.g., story, film)",N2,ja,JLPT (open-anki-jlpt-decks)
田ぼ,たんぼ,"paddy field, farm",N2,ja,JLPT (open-anki-jlpt-decks)
誓う,ちかう,"to swear, to vow",N2,ja,JLPT (open-anki-jlpt-decks)
地下水,ちかすい,underground water,N2,ja,JLPT (open-anki-jlpt-decks)
近々,ちかぢか,"soon, before long",N2,ja,JLPT (open-anki-jlpt-decks)
近付ける,ちかづける,"to bring near, to put close, to let come near",N2,ja,JLPT (open-anki-jlpt-decks)
近寄る,ちかよる,"to approach, to draw near",N2,ja,JLPT (open-anki-jlpt-decks)
力強い,ちからづよい,"powerful, strong, vigorous",N2,ja,JLPT (open-anki-jlpt-decks)
ちぎる,ちぎる,"to cut up fine, to pick (fruit)",N2,ja,JLPT (open-anki-jlpt-decks)
地質,ちしつ,geological features,N2,ja,JLPT (open-anki-jlpt-decks)
知人,ちじん,"friend, acquaintance",N2,ja,JLPT (open-anki-jlpt-decks)
地帯,ちたい,"area, zone",N2,ja,JLPT (open-anki-jlpt-decks)
縮む,ちぢむ,"to shrink, to be contracted",N2,ja,JLPT (open-anki-jlpt-decks)
縮める,ちぢめる,"to shorten, to reduce, to shrink",N2,ja,JLPT (open-anki-jlpt-decks)
縮れる,ちぢれる,"to be wavy, to be curled",N2,ja,JLPT (open-anki-jlpt-decks)
チップ,チップ,"gratuity, tip; chip",N2,ja,JLPT (open-anki-jlpt-decks)
地点,ちてん,"site, point on a map",N2,ja,JLPT (open-anki-jlpt-decks)
地名,ちめい,place name,N2,ja,JLPT (open-anki-jlpt-decks)
茶色い,ちゃいろい,brown,N2,ja,JLPT (open-anki-jlpt-decks)
着々,ちゃくちゃく,steadily,N2,ja,JLPT (open-anki-jlpt-decks)
中間,ちゅうかん,"middle, midway, interim",N2,ja,JLPT (open-anki-jlpt-decks)
中旬,ちゅうじゅん,second third of a month,N2,ja,JLPT (open-anki-jlpt-decks)
抽象,ちゅうしょう,abstract,N2,ja,JLPT (open-anki-jlpt-decks)
中世,ちゅうせい,"Middle Ages, medieval times",N2,ja,JLPT (open-anki-jlpt-decks)
中性,ちゅうせい,"neuter gender, neutral",N2,ja,JLPT (open-anki-jlpt-decks)
中途,ちゅうと,"in the middle, half-way",N2,ja,JLPT (open-anki-jlpt-decks)
中年,ちゅうねん,middle-aged,N2,ja,JLPT (open-anki-jlpt-decks)
チョーク,チョーク,chalk,N2,ja,JLPT (open-anki-jlpt-decks)
長～,ちょう～,long ~,N2,ja,JLPT (open-anki-jlpt-decks)
超過,ちょうか,"excess, being more than",N2,ja,JLPT (open-anki-jlpt-decks)
彫刻,ちょうこく,"carving, engraving, sculpture",N2,ja,JLPT (open-anki-jlpt-decks)
長所,ちょうしょ,"strong point, merit; advantage",N2,ja,JLPT (open-anki-jlpt-decks)
長女,ちょうじょ,eldest daughter,N2,ja,JLPT (open-anki-jlpt-decks)
調整,ちょうせい,"regulation, adjustment, tuning",N2,ja,JLPT (open-anki-jlpt-decks)
調節,ちょうせつ,"regulation, adjustment, control",N2,ja,JLPT (open-anki-jlpt-decks)
長短,ちょうたん,"length, long and short, +-",N2,ja,JLPT (open-anki-jlpt-decks)
頂点,ちょうてん,"top, summit",N2,ja,JLPT (open-anki-jlpt-decks)
長男,ちょうなん,eldest son,N2,ja,JLPT (open-anki-jlpt-decks)
長方形,ちょうほうけい,"rectangle, oblong",N2,ja,JLPT (open-anki-jlpt-decks)
調味料,ちょうみりょう,"condiment, seasoning",N2,ja,JLPT (open-anki-jlpt-decks)
直後,ちょくご,immediately following,N2,ja,JLPT (open-anki-jlpt-decks)
直線,ちょくせん,straight line,N2,ja,JLPT (open-anki-jlpt-decks)
直前,ちょくぜん,just before,N2,ja,JLPT (open-anki-jlpt-decks)
直通,ちょくつう,direct connection,N2,ja,JLPT (open-anki-jlpt-decks)
直流,ちょくりゅう,direct current,N2,ja,JLPT (open-anki-jlpt-decks)
貯蔵,ちょぞう,"storage, preservation",N2,ja,JLPT (open-anki-jlpt-decks)
直角,ちょっかく,right angle,N2,ja,JLPT (open-anki-jlpt-decks)
直径,ちょっけい,diameter,N2,ja,JLPT (open-anki-jlpt-decks)
散らかす,ちらかす,"to scatter around, to leave untidy",N2,ja,JLPT (open-anki-jlpt-decks)
散らかる,ちらかる,to be in disorder,N2,ja,JLPT (open-anki-jlpt-decks)
塵紙,ちりがみ,"tissue paper, toilet paper",N2,ja,JLPT (open-anki-jlpt-decks)
追加,ついか,"addition, supplement, appendix",N2,ja,JLPT (open-anki-jlpt-decks)
ついで,ついで,"opportunity, occasion",N2,ja,JLPT (open-anki-jlpt-decks)
つうか,つうか,currency,N2,ja,JLPT (open-anki-jlpt-decks)
通勤,つうきん,commuting to work,N2,ja,JLPT (open-anki-jlpt-decks)
通ずる,つうずる,"to lead, to run, to open",N2,ja,JLPT (open-anki-jlpt-decks)
通知,つうち,"notice, notification",N2,ja,JLPT (open-anki-jlpt-decks)
通帳,つうちょう,bankbook,N2,ja,JLPT (open-anki-jlpt-decks)
通訳,つうやく,"interpretation (i.e., oral translation) interpreter",N2,ja,JLPT (open-anki-jlpt-decks)
通用,つうよう,"popular use, circulation",N2,ja,JLPT (open-anki-jlpt-decks)
通路,つうろ,"passage, pathway",N2,ja,JLPT (open-anki-jlpt-decks)
突き当たり,つきあたり,"end (e.g., of street)",N2,ja,JLPT (open-anki-jlpt-decks)
突き当たる,つきあたる,"to run into, to collide with",N2,ja,JLPT (open-anki-jlpt-decks)
月日,つきひ,"time, years, days",N2,ja,JLPT (open-anki-jlpt-decks)
次ぐ,つぐ,"to follow, to come after, to come next (to)",N2,ja,JLPT (open-anki-jlpt-decks)
伝わる,つたわる,"to spread (of a rumor, news, etc.), to travel, to circulate, to go around, to be passed around, to become known",N2,ja,JLPT (open-anki-jlpt-decks)
突っ込む,つっこむ,"to plunge into, to stick into",N2,ja,JLPT (open-anki-jlpt-decks)
務める,つとめる,"to serve, to act",N2,ja,JLPT (open-anki-jlpt-decks)
努める,つとめる,"to try, to aim",N2,ja,JLPT (open-anki-jlpt-decks)
綱,つな,rope,N2,ja,JLPT (open-anki-jlpt-decks)
繋がり,つながり,"connection, link, relationship",N2,ja,JLPT (open-anki-jlpt-decks)
繋がる,つながる,"to be tied together, to be connected to, to be linked to",N2,ja,JLPT (open-anki-jlpt-decks)
粒,つぶ,grain,N2,ja,JLPT (open-anki-jlpt-decks)
潰す,つぶす,"to smash, to waste",N2,ja,JLPT (open-anki-jlpt-decks)
潰れる,つぶれる,"to be smashed, to go bankrupt",N2,ja,JLPT (open-anki-jlpt-decks)
つまずく,つまずく,"to stumble, to trip",N2,ja,JLPT (open-anki-jlpt-decks)
躓く,つまずく,"to trip (over), to stumble",N2,ja,JLPT (open-anki-jlpt-decks)
詰まる,つまる,"to be blocked, to be packed",N2,ja,JLPT (open-anki-jlpt-decks)
積む,つむ,"to pile up, to stack",N2,ja,JLPT (open-anki-jlpt-decks)
爪,つめ,fingernail or toenail,N2,ja,JLPT (open-anki-jlpt-decks)
艶,つや,"gloss, glaze",N2,ja,JLPT (open-anki-jlpt-decks)
強気,つよき,"firm, strong",N2,ja,JLPT (open-anki-jlpt-decks)
釣り合う,つりあう,"to balance, to be in harmony, to suit",N2,ja,JLPT (open-anki-jlpt-decks)
吊る,つる,to hang,N2,ja,JLPT (open-anki-jlpt-decks)
吊す,つるす,to hang,N2,ja,JLPT (open-anki-jlpt-decks)
テーマ,テーマ,"theme, project, topic (GER: Thema)",N2,ja,JLPT (open-anki-jlpt-decks)
手洗い,てあらい,"restroom, lavatory",N2,ja,JLPT (open-anki-jlpt-decks)
低～,てい～,low ~,N2,ja,JLPT (open-anki-jlpt-decks)
定員,ていいん,"fixed number of regular personnel, capacity (e.g., of boat)",N2,ja,JLPT (open-anki-jlpt-decks)
定価,ていか,established price,N2,ja,JLPT (open-anki-jlpt-decks)
低下,ていか,"fall, decline",N2,ja,JLPT (open-anki-jlpt-decks)
定期券,ていきけん,"commuter pass, season ticket",N2,ja,JLPT (open-anki-jlpt-decks)
定休日,ていきゅうび,regular holiday,N2,ja,JLPT (open-anki-jlpt-decks)
停止,ていし,"suspension, interruption, stoppage",N2,ja,JLPT (open-anki-jlpt-decks)
停車,ていしゃ,"stopping (e.g., train)",N2,ja,JLPT (open-anki-jlpt-decks)
停電,ていでん,"power outage, electricity outage, blackout",N2,ja,JLPT (open-anki-jlpt-decks)
出入り,でいり,"in and out, coming and going",N2,ja,JLPT (open-anki-jlpt-decks)
出入口,でいりぐち,exit and entrance,N2,ja,JLPT (open-anki-jlpt-decks)
出入り口,でいりぐち,exit and entrance,N2,ja,JLPT (open-anki-jlpt-decks)
手入れ,ていれ,"repairs, maintenance",N2,ja,JLPT (open-anki-jlpt-decks)
出来上がり,できあがり,"be finished, ready",N2,ja,JLPT (open-anki-jlpt-decks)
出来上がる,できあがる,"to be finished, to be ready",N2,ja,JLPT (open-anki-jlpt-decks)
的確,てきかく,"precise, accurate",N2,ja,JLPT (open-anki-jlpt-decks)
適確,てきかく,"precise, accurate",N2,ja,JLPT (open-anki-jlpt-decks)
手首,てくび,wrist,N2,ja,JLPT (open-anki-jlpt-decks)
凸凹,でこぼこ,"unevenness, roughness, ruggedness",N2,ja,JLPT (open-anki-jlpt-decks)
手頃,てごろ,"moderate, handy",N2,ja,JLPT (open-anki-jlpt-decks)
手ごろ,てごろ,"handy, convenient suitable, reasoanble, moderate",N2,ja,JLPT (open-anki-jlpt-decks)
弟子,でし,"pupil, disciple, apprentice",N2,ja,JLPT (open-anki-jlpt-decks)
でたらめ,でたらめ,"irresponsible utterance, nonsense; random",N2,ja,JLPT (open-anki-jlpt-decks)
手帳,てちょう,notebook,N2,ja,JLPT (open-anki-jlpt-decks)
鉄橋,てっきょう,iron bridge,N2,ja,JLPT (open-anki-jlpt-decks)
手続き,てつづき,"procedure, (legal) process, formalities",N2,ja,JLPT (open-anki-jlpt-decks)
鉄砲,てっぽう,gun,N2,ja,JLPT (open-anki-jlpt-decks)
テニスコート,テニスコート,tennis court,N2,ja,JLPT (open-anki-jlpt-decks)
手拭い,てぬぐい,(hand) towel,N2,ja,JLPT (open-anki-jlpt-decks)
手前,てまえ,"before, this side",N2,ja,JLPT (open-anki-jlpt-decks)
出迎え,でむかえ,"meeting, reception",N2,ja,JLPT (open-anki-jlpt-decks)
出迎える,でむかえる,"to meet, to greet",N2,ja,JLPT (open-anki-jlpt-decks)
照らす,てらす,"to shine on, to illuminate",N2,ja,JLPT (open-anki-jlpt-decks)
照る,てる,to shine,N2,ja,JLPT (open-anki-jlpt-decks)
展開,てんかい,"develop, expansion (opposite of compression)",N2,ja,JLPT (open-anki-jlpt-decks)
伝記,でんき,"biography, life story",N2,ja,JLPT (open-anki-jlpt-decks)
電球,でんきゅう,light bulb,N2,ja,JLPT (open-anki-jlpt-decks)
点数,てんすう,"marks, points, score",N2,ja,JLPT (open-anki-jlpt-decks)
伝染,でんせん,contagion,N2,ja,JLPT (open-anki-jlpt-decks)
電池,でんち,battery,N2,ja,JLPT (open-anki-jlpt-decks)
電柱,でんちゅう,"telephone pole, telegraph pole, light pole",N2,ja,JLPT (open-anki-jlpt-decks)
点々,てんてん,"here and there, little by little",N2,ja,JLPT (open-anki-jlpt-decks)
転々,てんてん,from one to another,N2,ja,JLPT (open-anki-jlpt-decks)
天皇,てんのう,Emperor of Japan,N2,ja,JLPT (open-anki-jlpt-decks)
電波,でんぱ,electro-magnetic wave,N2,ja,JLPT (open-anki-jlpt-decks)
テンポ,テンポ,tempo,N2,ja,JLPT (open-anki-jlpt-decks)
電流,でんりゅう,electric current,N2,ja,JLPT (open-anki-jlpt-decks)
電力,でんりょく,electric power,N2,ja,JLPT (open-anki-jlpt-decks)
問い合わせ,といあわせ,inquiry,N2,ja,JLPT (open-anki-jlpt-decks)
銅,どう,copper,N2,ja,JLPT (open-anki-jlpt-decks)
同～,どう～,same ~,N2,ja,JLPT (open-anki-jlpt-decks)
どういたしまして (かん),どういたしまして (かん),"you are welcome, don't mention it",N2,ja,JLPT (open-anki-jlpt-decks)
統一,とういつ,"unity, consolidation, uniformity",N2,ja,JLPT (open-anki-jlpt-decks)
同格,どうかく,"the same rank, equality, apposition",N2,ja,JLPT (open-anki-jlpt-decks)
峠,とうげ,"ridge, (mountain) pass, difficult part",N2,ja,JLPT (open-anki-jlpt-decks)
統計,とうけい,statistics,N2,ja,JLPT (open-anki-jlpt-decks)
動作,どうさ,"action, movements, motions",N2,ja,JLPT (open-anki-jlpt-decks)
東西,とうざい,"East and West, whole country",N2,ja,JLPT (open-anki-jlpt-decks)
当日,とうじつ,"appointed day, very day",N2,ja,JLPT (open-anki-jlpt-decks)
投書,とうしょ,"letter to the editor, letter from a reader, contribution",N2,ja,JLPT (open-anki-jlpt-decks)
登場,とうじょう,entry (on stage),N2,ja,JLPT (open-anki-jlpt-decks)
どうせ,どうせ,"anyhow, in any case, at any rate",N2,ja,JLPT (open-anki-jlpt-decks)
灯台,とうだい,lighthouse,N2,ja,JLPT (open-anki-jlpt-decks)
盗難,とうなん,"theft, robbery",N2,ja,JLPT (open-anki-jlpt-decks)
当番,とうばん,being on duty,N2,ja,JLPT (open-anki-jlpt-decks)
等分,とうぶん,division into equal parts,N2,ja,JLPT (open-anki-jlpt-decks)
透明,とうめい,"transparency, cleanness",N2,ja,JLPT (open-anki-jlpt-decks)
灯油,とうゆ,"lamp oil, kerosene",N2,ja,JLPT (open-anki-jlpt-decks)
東洋,とうよう,"the East, the Orient",N2,ja,JLPT (open-anki-jlpt-decks)
童話,どうわ,fairy tale,N2,ja,JLPT (open-anki-jlpt-decks)
通り掛かる,とおりかかる,to happen to pass by,N2,ja,JLPT (open-anki-jlpt-decks)
溶かす,とかす,"to melt, to dissolve",N2,ja,JLPT (open-anki-jlpt-decks)
尖る,とがる,"to taper to a point, to become sharp",N2,ja,JLPT (open-anki-jlpt-decks)
どきどき,どきどき,"throb, beat (fast)",N2,ja,JLPT (open-anki-jlpt-decks)
特殊,とくしゅ,"special, unique",N2,ja,JLPT (open-anki-jlpt-decks)
特色,とくしょく,"characteristic, feature",N2,ja,JLPT (open-anki-jlpt-decks)
特定,とくてい,"specific, special, particular",N2,ja,JLPT (open-anki-jlpt-decks)
特売,とくばい,special sale,N2,ja,JLPT (open-anki-jlpt-decks)
溶け込む,とけこむ,to melt into; to become a part of,N2,ja,JLPT (open-anki-jlpt-decks)
溶ける,とける,"(intransitive) to melt, to thaw, to fuse, to dissolve",N2,ja,JLPT (open-anki-jlpt-decks)
退ける,どける,"to dislodge, to put something out of the way",N2,ja,JLPT (open-anki-jlpt-decks)
床の間,とこのま,alcove,N2,ja,JLPT (open-anki-jlpt-decks)
所々,ところどころ,"here and there, some parts (of something)",N2,ja,JLPT (open-anki-jlpt-decks)
都心,としん,heart (of city),N2,ja,JLPT (open-anki-jlpt-decks)
戸棚,とだな,"cupboard, cabinet",N2,ja,JLPT (open-anki-jlpt-decks)
とっくに,とっくに,"long ago, already, a long time ago",N2,ja,JLPT (open-anki-jlpt-decks)
どっと,どっと,suddenly,N2,ja,JLPT (open-anki-jlpt-decks)
整う,ととのう,"to be prepared, to be in order, to be arranged",N2,ja,JLPT (open-anki-jlpt-decks)
留まる,とどまる,"to be fixed; to abide, to stay (in the one place)",N2,ja,JLPT (open-anki-jlpt-decks)
怒鳴る,どなる,"to shout, to yell",N2,ja,JLPT (open-anki-jlpt-decks)
殿,どの,Mister (mostly in addressing someone on an envelope),N2,ja,JLPT (open-anki-jlpt-decks)
飛び込む,とびこむ,"to jump in, to leap in, to plunge into",N2,ja,JLPT (open-anki-jlpt-decks)
留まる,とまる,"to be fixed; to abide, to stay (in the one place)",N2,ja,JLPT (open-anki-jlpt-decks)
泊める,とめる,"to give shelter to, to lodge",N2,ja,JLPT (open-anki-jlpt-decks)
ともかく,ともかく,"anyhow, at any rate, anyway",N2,ja,JLPT (open-anki-jlpt-decks)
捕える,とらえる,"to seize, to capture, to arrest",N2,ja,JLPT (open-anki-jlpt-decks)
取り入れる,とりいれる,"to harvest, to take in, to adopt",N2,ja,JLPT (open-anki-jlpt-decks)
取り消す,とりけす,to cancel,N2,ja,JLPT (open-anki-jlpt-decks)
取り出す,とりだす,"to take out, to pick out",N2,ja,JLPT (open-anki-jlpt-decks)
採る,とる,"to adopt (measure, proposal); to pick (fruit)",N2,ja,JLPT (open-anki-jlpt-decks)
捕る,とる,"to take, to catch (fish)",N2,ja,JLPT (open-anki-jlpt-decks)
丼,どんぶり,"porcelain bowl, bowl of rice with food on top",N2,ja,JLPT (open-anki-jlpt-decks)
内科,ないか,"internist clinic, internal medicine",N2,ja,JLPT (open-anki-jlpt-decks)
内線,ないせん,phone extension,N2,ja,JLPT (open-anki-jlpt-decks)
ナイロン,ナイロン,nylon,N2,ja,JLPT (open-anki-jlpt-decks)
長～,なが～,long ~,N2,ja,JLPT (open-anki-jlpt-decks)
仲直り,なかなおり,"reconciliation, make peace with",N2,ja,JLPT (open-anki-jlpt-decks)
長引く,ながびく,"to be prolonged, to drag on",N2,ja,JLPT (open-anki-jlpt-decks)
中身,なかみ,"contents, interior, filling substance, content",N2,ja,JLPT (open-anki-jlpt-decks)
中指,なかゆび,middle finger,N2,ja,JLPT (open-anki-jlpt-decks)
仲良し,なかよし,"intimate friend, bosom buddy",N2,ja,JLPT (open-anki-jlpt-decks)
慰める,なぐさめる,"to comfort, to console",N2,ja,JLPT (open-anki-jlpt-decks)
殴る,なぐる,"to strike, to hit, to beat, to punch",N2,ja,JLPT (open-anki-jlpt-decks)
為す,なす,"to accomplish, to do",N2,ja,JLPT (open-anki-jlpt-decks)
謎謎,なぞなぞ,riddle,N2,ja,JLPT (open-anki-jlpt-decks)
傾らか,なだらか,"gradual, gentle",N2,ja,JLPT (open-anki-jlpt-decks)
懐かしい,なつかしい,"dear, desired, missed",N2,ja,JLPT (open-anki-jlpt-decks)
撫でる,なでる,"to brush gently, to stroke",N2,ja,JLPT (open-anki-jlpt-decks)
斜め,ななめ,"diagonal, oblique",N2,ja,JLPT (open-anki-jlpt-decks)
なにしろ,なにしろ,"at any rate, in any case",N2,ja,JLPT (open-anki-jlpt-decks)
何しろ,なにしろ,"in any case, at any rate, anyhow, anyway, as you know, for you see, particularly",N2,ja,JLPT (open-anki-jlpt-decks)
何々,なになに,"such and such, What?",N2,ja,JLPT (open-anki-jlpt-decks)
何分,なにぶん,"by all means, please",N2,ja,JLPT (open-anki-jlpt-decks)
生意気,なまいき,"impertinent, impudent",N2,ja,JLPT (open-anki-jlpt-decks)
生意気な,なまいきな,"impertinent, saucy, cheeky, impudent, audacious, cocky, pert, brash",N2,ja,JLPT (open-anki-jlpt-decks)
並木,なみき,"roadside tree, row of trees",N2,ja,JLPT (open-anki-jlpt-decks)
倣う,ならう,"to imitate, to follow, to emulate",N2,ja,JLPT (open-anki-jlpt-decks)
生る,なる,to bear fruit,N2,ja,JLPT (open-anki-jlpt-decks)
南極,なんきょく,"south pole, Antarctic",N2,ja,JLPT (open-anki-jlpt-decks)
なんとなく,なんとなく,"somehow or other, for some reason or another",N2,ja,JLPT (open-anki-jlpt-decks)
なんとも,なんとも,"nothing (with neg. verb), quite, not a bit",N2,ja,JLPT (open-anki-jlpt-decks)
何とも,なんとも,"really, very, extremely, terribly, awfully (not) anything, (not) at all, (not) a bit",N2,ja,JLPT (open-anki-jlpt-decks)
ナンバー,ナンバー,number,N2,ja,JLPT (open-anki-jlpt-decks)
南米,なんべい,South America,N2,ja,JLPT (open-anki-jlpt-decks)
南北,なんぼく,south and north,N2,ja,JLPT (open-anki-jlpt-decks)
匂う,におう,"to be fragrant, to smell",N2,ja,JLPT (open-anki-jlpt-decks)
逃がす,にがす,"to let loose, to set free, to let escape",N2,ja,JLPT (open-anki-jlpt-decks)
憎い,にくい,"hateful, abominable, detestable",N2,ja,JLPT (open-anki-jlpt-decks)
憎む,にくむ,"to hate, to detest",N2,ja,JLPT (open-anki-jlpt-decks)
憎らしい,にくらしい,"odious, hateful",N2,ja,JLPT (open-anki-jlpt-decks)
にこにこ,にこにこ,"smile sweetly, smiley",N2,ja,JLPT (open-anki-jlpt-decks)
濁る,にごる,"to become muddy, to get cloudy",N2,ja,JLPT (open-anki-jlpt-decks)
虹,にじ,rainbow,N2,ja,JLPT (open-anki-jlpt-decks)
日時,にちじ,date and time,N2,ja,JLPT (open-anki-jlpt-decks)
日用品,にちようひん,daily necessities,N2,ja,JLPT (open-anki-jlpt-decks)
日課,にっか,"daily work, daily routine",N2,ja,JLPT (open-anki-jlpt-decks)
日程,にってい,schedule,N2,ja,JLPT (open-anki-jlpt-decks)
鈍い,にぶい,"dull (e.g., a knife), thickheaded, slow (opposite of fast), stupid",N2,ja,JLPT (open-anki-jlpt-decks)
入社,にゅうしゃ,entry to a company,N2,ja,JLPT (open-anki-jlpt-decks)
女房,にょうぼう,wife,N2,ja,JLPT (open-anki-jlpt-decks)
睨む,にらむ,"to glare at, to stare; to keep an eye on",N2,ja,JLPT (open-anki-jlpt-decks)
煮る,にる,"to boil, to simmer, to stew, seethe",N2,ja,JLPT (open-anki-jlpt-decks)
俄,にわか,"sudden, abrupt, unexpected",N2,ja,JLPT (open-anki-jlpt-decks)
縫う,ぬう,to sew,N2,ja,JLPT (open-anki-jlpt-decks)
ねじ,ねじ,(a) screw,N2,ja,JLPT (open-anki-jlpt-decks)
捩る,ねじる,to twist,N2,ja,JLPT (open-anki-jlpt-decks)
ネックレス,ネックレス,necklace,N2,ja,JLPT (open-anki-jlpt-decks)
熱する,ねっする,to heat,N2,ja,JLPT (open-anki-jlpt-decks)
寝間着,ねまき,"sleep-wear, pajamas",N2,ja,JLPT (open-anki-jlpt-decks)
寝巻,ねまき,"sleep-wear, pajamas",N2,ja,JLPT (open-anki-jlpt-decks)
狙い,ねらい,aim,N2,ja,JLPT (open-anki-jlpt-decks)
狙う,ねらう,to aim at,N2,ja,JLPT (open-anki-jlpt-decks)
年度,ねんど,"year, fiscal year",N2,ja,JLPT (open-anki-jlpt-decks)
農産物,のうさんぶつ,agricultural produce,N2,ja,JLPT (open-anki-jlpt-decks)
農村,のうそん,agricultural community,N2,ja,JLPT (open-anki-jlpt-decks)
濃度,のうど,"concentration, density",N2,ja,JLPT (open-anki-jlpt-decks)
農薬,のうやく,agricultural chemicals,N2,ja,JLPT (open-anki-jlpt-decks)
能率,のうりつ,efficiency,N2,ja,JLPT (open-anki-jlpt-decks)
のこぎり,のこぎり,saw,N2,ja,JLPT (open-anki-jlpt-decks)
残らず,のこらず,"completely, without exception",N2,ja,JLPT (open-anki-jlpt-decks)
上り,のぼり,"up-train (going to Tokyo), ascent",N2,ja,JLPT (open-anki-jlpt-decks)
糊,のり,"glue, paste, starch",N2,ja,JLPT (open-anki-jlpt-decks)
乗換,のりかえ,"a transfer (e.g., trains, buses)",N2,ja,JLPT (open-anki-jlpt-decks)
乗り換え,のりかえ,"(n) transfer (trains, buses, etc.)",N2,ja,JLPT (open-anki-jlpt-decks)
乗り越し,のりこし,riding past (one's station),N2,ja,JLPT (open-anki-jlpt-decks)
鈍い,のろい,"dull (e.g., a knife), slow (opposite of fast), stupid",N2,ja,JLPT (open-anki-jlpt-decks)
のろのろ,のろのろ,"slowly, sluggishly",N2,ja,JLPT (open-anki-jlpt-decks)
呑気,のんき,"carefree, optimistic, careless",N2,ja,JLPT (open-anki-jlpt-decks)
はい (かん),はい (かん),yes,N2,ja,JLPT (open-anki-jlpt-decks)
灰色,はいいろ,"grey, ashen",N2,ja,JLPT (open-anki-jlpt-decks)
俳句,はいく,haiku poetry,N2,ja,JLPT (open-anki-jlpt-decks)
売店,ばいてん,"shop, stand",N2,ja,JLPT (open-anki-jlpt-decks)
バイバイ,バイバイ,bye bye,N2,ja,JLPT (open-anki-jlpt-decks)
売買,ばいばい,"trade, buying and selling",N2,ja,JLPT (open-anki-jlpt-decks)
這う,はう,"to creep, to crawl",N2,ja,JLPT (open-anki-jlpt-decks)
剥す,はがす,"to tear off, to peel off, to rip off",N2,ja,JLPT (open-anki-jlpt-decks)
剥がす,はがす,"to tear off, to peel off, to rip off, to strip off, to skin, to flay, to disrobe, to deprive of, to detach, to disconnect",N2,ja,JLPT (open-anki-jlpt-decks)
ばからしい,ばからしい,absurd,N2,ja,JLPT (open-anki-jlpt-decks)
秤,はかり,"scales, weighing machine",N2,ja,JLPT (open-anki-jlpt-decks)
吐き気,はきけ,"nausea, sickness in the stomach",N2,ja,JLPT (open-anki-jlpt-decks)
はきはき,はきはき,clearly,N2,ja,JLPT (open-anki-jlpt-decks)
掃く,はく,"to sweep, to brush, to gather up",N2,ja,JLPT (open-anki-jlpt-decks)
歯車,はぐるま,"gear, cog-wheel",N2,ja,JLPT (open-anki-jlpt-decks)
バケツ,バケツ,"bucket, pail",N2,ja,JLPT (open-anki-jlpt-decks)
挟まる,はさまる,"to get between, to be caught in",N2,ja,JLPT (open-anki-jlpt-decks)
挟む,はさむ,to pinch; to hold between; to insert,N2,ja,JLPT (open-anki-jlpt-decks)
梯子,はしご,"ladder, stairs",N2,ja,JLPT (open-anki-jlpt-decks)
始めに,はじめに,"to begin with, first of all",N2,ja,JLPT (open-anki-jlpt-decks)
初めに,はじめに,"to begin with, first of all",N2,ja,JLPT (open-anki-jlpt-decks)
はじめまして,はじめまして,"How do you do, I am glad to meet you",N2,ja,JLPT (open-anki-jlpt-decks)
斜,はす,diagonal,N2,ja,JLPT (open-anki-jlpt-decks)
外れる,はずれる,"to be disconnected, to get out of place, to be off, to be out (e.g., of gear)",N2,ja,JLPT (open-anki-jlpt-decks)
パターン,パターン,pattern,N2,ja,JLPT (open-anki-jlpt-decks)
肌着,はだぎ,underwear,N2,ja,JLPT (open-anki-jlpt-decks)
果して,はたして,"as was expected, really",N2,ja,JLPT (open-anki-jlpt-decks)
果たして,はたして,"as was expected, just as one thought, sure enough",N2,ja,JLPT (open-anki-jlpt-decks)
鉢,はち,"a bowl, a pot",N2,ja,JLPT (open-anki-jlpt-decks)
発,はつ,"to depart (e.g., on a plane, train)",N2,ja,JLPT (open-anki-jlpt-decks)
×,ばつ,cross,N2,ja,JLPT (open-anki-jlpt-decks)
発揮,はっき,"exhibition, demonstration, display",N2,ja,JLPT (open-anki-jlpt-decks)
バック,バック,back,N2,ja,JLPT (open-anki-jlpt-decks)
発想,はっそう,idea; way of thinking (same as 考え方 (かんがえかた)),N2,ja,JLPT (open-anki-jlpt-decks)
発電,はつでん,"generation (e.g., power)",N2,ja,JLPT (open-anki-jlpt-decks)
発売,はつばい,sale,N2,ja,JLPT (open-anki-jlpt-decks)
派手,はで,"showy, loud, flashy, gaudy",N2,ja,JLPT (open-anki-jlpt-decks)
話合い,はなしあい,"discussion, talk",N2,ja,JLPT (open-anki-jlpt-decks)
話し合い,はなしあい,"discussion, talk, conference",N2,ja,JLPT (open-anki-jlpt-decks)
話し掛ける,はなしかける,"to accost a person, to talk (to someone)",N2,ja,JLPT (open-anki-jlpt-decks)
話中,はなしちゅう,"while talking, the line is busy",N2,ja,JLPT (open-anki-jlpt-decks)
甚だしい,はなはだしい,"extreme, excessive, terrible",N2,ja,JLPT (open-anki-jlpt-decks)
花火,はなび,fireworks,N2,ja,JLPT (open-anki-jlpt-decks)
花嫁,はなよめ,bride,N2,ja,JLPT (open-anki-jlpt-decks)
ばね,ばね,"spring (e.g., coil, leaf)",N2,ja,JLPT (open-anki-jlpt-decks)
跳ねる,はねる,"to jump, to leap",N2,ja,JLPT (open-anki-jlpt-decks)
破片,はへん,"fragment, broken piece",N2,ja,JLPT (open-anki-jlpt-decks)
歯磨き,はみがき,"toothbrushing, toothpaste",N2,ja,JLPT (open-anki-jlpt-decks)
はめる,はめる,"(col) to get in, to insert, to put on",N2,ja,JLPT (open-anki-jlpt-decks)
早口,はやくち,fast-talking,N2,ja,JLPT (open-anki-jlpt-decks)
払い込む,はらいこむ,"to deposit, to pay in",N2,ja,JLPT (open-anki-jlpt-decks)
払い戻す,はらいもどす,"to repay, to pay back",N2,ja,JLPT (open-anki-jlpt-decks)
針金,はりがね,wire,N2,ja,JLPT (open-anki-jlpt-decks)
張り切る,はりきる,"to be in high spirits, to be full of vigor",N2,ja,JLPT (open-anki-jlpt-decks)
反～,はん～,"anti ~, counter ~",N2,ja,JLPT (open-anki-jlpt-decks)
反映,はんえい,"reflection, influence",N2,ja,JLPT (open-anki-jlpt-decks)
半径,はんけい,radius,N2,ja,JLPT (open-anki-jlpt-decks)
判子,はんこ,seal (used for signature),N2,ja,JLPT (open-anki-jlpt-decks)
万歳,ばんざい,"banzai, Long live ~!",N2,ja,JLPT (open-anki-jlpt-decks)
判事,はんじ,"judge, justice",N2,ja,JLPT (open-anki-jlpt-decks)
反省,はんせい,"reflection, reconsideration",N2,ja,JLPT (open-anki-jlpt-decks)
番地,ばんち,"house number, address",N2,ja,JLPT (open-anki-jlpt-decks)
パンツ,パンツ,underpants,N2,ja,JLPT (open-anki-jlpt-decks)
バンド,バンド,band,N2,ja,JLPT (open-anki-jlpt-decks)
半島,はんとう,peninsula,N2,ja,JLPT (open-anki-jlpt-decks)
ハンドル,ハンドル,"handle, steering wheel",N2,ja,JLPT (open-anki-jlpt-decks)
非～,ひ～,"anti~, counter~, an~, non~",N2,ja,JLPT (open-anki-jlpt-decks)
日当たり,ひあたり,"exposure to the sun, sunny place",N2,ja,JLPT (open-anki-jlpt-decks)
日帰り,ひがえり,day trip,N2,ja,JLPT (open-anki-jlpt-decks)
比較的,ひかくてき,comparatively; relatively,N2,ja,JLPT (open-anki-jlpt-decks)
日陰,ひかげ,shadow,N2,ja,JLPT (open-anki-jlpt-decks)
ぴかぴか,ぴかぴか,"glitter, sparkle",N2,ja,JLPT (open-anki-jlpt-decks)
引受る,ひきうける,"to undertake, to take up, to take over",N2,ja,JLPT (open-anki-jlpt-decks)
引き返す,ひきかえす,"to turn back, to go back, reverse",N2,ja,JLPT (open-anki-jlpt-decks)
引算,ひきざん,subtraction,N2,ja,JLPT (open-anki-jlpt-decks)
引き出す,ひきだす,"to pull out, to take out, to withdraw",N2,ja,JLPT (open-anki-jlpt-decks)
引き止める,ひきとめる,"to keep back, to prevent, to hold back",N2,ja,JLPT (open-anki-jlpt-decks)
卑怯,ひきょう,"cowardice, meanness, unfairness",N2,ja,JLPT (open-anki-jlpt-decks)
引分け,ひきわけ,"a draw (in competition), tie game",N2,ja,JLPT (open-anki-jlpt-decks)
引き分け,ひきわけ,"draw (in competition), tie game",N2,ja,JLPT (open-anki-jlpt-decks)
陽射,ひざし,"sunlight, rays of the sun",N2,ja,JLPT (open-anki-jlpt-decks)
日差し,ひざし,sunlight,N2,ja,JLPT (open-anki-jlpt-decks)
肘,ひじ,elbow,N2,ja,JLPT (open-anki-jlpt-decks)
ピストル,ピストル,pistol,N2,ja,JLPT (open-anki-jlpt-decks)
ビタミン,ビタミン,vitamin,N2,ja,JLPT (open-anki-jlpt-decks)
ぴたり,ぴたり,exactly; close-fitting,N2,ja,JLPT (open-anki-jlpt-decks)
引っ掛かる,ひっかかる,"to be caught in, to be stuck in",N2,ja,JLPT (open-anki-jlpt-decks)
筆記,ひっき,"note taking, writing",N2,ja,JLPT (open-anki-jlpt-decks)
引っ繰り返す,ひっくりかえす,"to turn over, to overturn, to knock over",N2,ja,JLPT (open-anki-jlpt-decks)
引っ繰り返る,ひっくりかえる,"to be overturned, to be upset, to topple over, to be reversed",N2,ja,JLPT (open-anki-jlpt-decks)
引っ越し,ひっこし,"moving (dwelling, office, etc.), changing residence",N2,ja,JLPT (open-anki-jlpt-decks)
引っ込む,ひっこむ,"to draw back, to sink, to cave in",N2,ja,JLPT (open-anki-jlpt-decks)
筆者,ひっしゃ,"writer, author",N2,ja,JLPT (open-anki-jlpt-decks)
必需品,ひつじゅひん,"necessities, essential",N2,ja,JLPT (open-anki-jlpt-decks)
一～,ひと～,one ~,N2,ja,JLPT (open-anki-jlpt-decks)
人差指,ひとさしゆび,index finger,N2,ja,JLPT (open-anki-jlpt-decks)
一通り,ひととおり,"general, briefly",N2,ja,JLPT (open-anki-jlpt-decks)
人通り,ひとどおり,pedestrian traffic,N2,ja,JLPT (open-anki-jlpt-decks)
ひとまず,ひとまず,"for the present, once, for the time being",N2,ja,JLPT (open-anki-jlpt-decks)
瞳,ひとみ,pupil (of eye),N2,ja,JLPT (open-anki-jlpt-decks)
一休み,ひとやすみ,a rest,N2,ja,JLPT (open-anki-jlpt-decks)
独り言,ひとりごと,"a soliloquy, a monologue, speaking to oneself",N2,ja,JLPT (open-anki-jlpt-decks)
ひとりでに,ひとりでに,"by itself, automatically, naturally",N2,ja,JLPT (open-anki-jlpt-decks)
ビニール,ビニール,vinyl,N2,ja,JLPT (open-anki-jlpt-decks)
皮肉,ひにく,"cynicism, sarcasm",N2,ja,JLPT (open-anki-jlpt-decks)
日日,ひにち,date,N2,ja,JLPT (open-anki-jlpt-decks)
日にち,ひにち,"date (of a planned event, act, etc.), day",N2,ja,JLPT (open-anki-jlpt-decks)
捻る,ひねる,"to twist, to turn",N2,ja,JLPT (open-anki-jlpt-decks)
日の入り,ひのいり,sunset,N2,ja,JLPT (open-anki-jlpt-decks)
日の出,ひので,sunrise,N2,ja,JLPT (open-anki-jlpt-decks)
響き,ひびき,"echo, sound",N2,ja,JLPT (open-anki-jlpt-decks)
響く,ひびく,to resound; to affect,N2,ja,JLPT (open-anki-jlpt-decks)
皮膚,ひふ,skin,N2,ja,JLPT (open-anki-jlpt-decks)
冷やす,ひやす,"to cool (from room temperature), to chill, to refrigerate",N2,ja,JLPT (open-anki-jlpt-decks)
ひゃっかじてん,ひゃっかじてん,encyclopedia,N2,ja,JLPT (open-anki-jlpt-decks)
百科事典,ひゃっかじてん,encyclopedia,N2,ja,JLPT (open-anki-jlpt-decks)
美容,びよう,beauty of figure or form,N2,ja,JLPT (open-anki-jlpt-decks)
表紙,ひょうし,"front cover, binding",N2,ja,JLPT (open-anki-jlpt-decks)
標識,ひょうしき,"sign, mark",N2,ja,JLPT (open-anki-jlpt-decks)
標準,ひょうじゅん,"standard, level",N2,ja,JLPT (open-anki-jlpt-decks)
標本,ひょうほん,"example, specimen",N2,ja,JLPT (open-anki-jlpt-decks)
評論,ひょうろん,"criticism, critique",N2,ja,JLPT (open-anki-jlpt-decks)
ビルディング,ビルディング,building,N2,ja,JLPT (open-anki-jlpt-decks)
昼寝,ひるね,"nap (at home), siesta",N2,ja,JLPT (open-anki-jlpt-decks)
広げる,ひろげる,"to spread, to extend, to expand, to enlarge, to widen, to broaden",N2,ja,JLPT (open-anki-jlpt-decks)
広さ,ひろさ,extent,N2,ja,JLPT (open-anki-jlpt-decks)
広場,ひろば,plaza,N2,ja,JLPT (open-anki-jlpt-decks)
広々,ひろびろ,"extensive, spacious",N2,ja,JLPT (open-anki-jlpt-decks)
ピンク,ピンク,pink,N2,ja,JLPT (open-anki-jlpt-decks)
便箋,びんせん,"writing paper, stationery",N2,ja,JLPT (open-anki-jlpt-decks)
瓶詰,びんづめ,"bottling, bottled",N2,ja,JLPT (open-anki-jlpt-decks)
ファスナー,ファスナー,"fastener, zipper",N2,ja,JLPT (open-anki-jlpt-decks)
風船,ふうせん,balloon,N2,ja,JLPT (open-anki-jlpt-decks)
不運,ふうん,"unlucky, misfortune, bad luck",N2,ja,JLPT (open-anki-jlpt-decks)
深まる,ふかまる,"to deepen, to heighten, to intensify",N2,ja,JLPT (open-anki-jlpt-decks)
不規則,ふきそく,"irregularity, unsteadiness",N2,ja,JLPT (open-anki-jlpt-decks)
普及,ふきゅう,"diffusion, spread",N2,ja,JLPT (open-anki-jlpt-decks)
付近,ふきん,"neighborhood, vicinity",N2,ja,JLPT (open-anki-jlpt-decks)
副～,ふく～,vice ~,N2,ja,JLPT (open-anki-jlpt-decks)
副詞,ふくし,adverb,N2,ja,JLPT (open-anki-jlpt-decks)
複写,ふくしゃ,"copy, duplicate",N2,ja,JLPT (open-anki-jlpt-decks)
複数,ふくすう,"plural, multiple",N2,ja,JLPT (open-anki-jlpt-decks)
ふくめる,ふくめる,"to include, to instruct, to make one understand",N2,ja,JLPT (open-anki-jlpt-decks)
膨らます,ふくらます,"to swell, to expand, to inflate",N2,ja,JLPT (open-anki-jlpt-decks)
膨らむ,ふくらむ,"to expand, to swell (out), to become inflated",N2,ja,JLPT (open-anki-jlpt-decks)
不潔,ふけつ,"unclean, dirty",N2,ja,JLPT (open-anki-jlpt-decks)
更ける,ふける,"to get late, to wear on",N2,ja,JLPT (open-anki-jlpt-decks)
符号,ふごう,"sign, mark, symbol",N2,ja,JLPT (open-anki-jlpt-decks)
夫妻,ふさい,"man and wife, married couple",N2,ja,JLPT (open-anki-jlpt-decks)
塞がる,ふさがる,"to be plugged up, to be shut up",N2,ja,JLPT (open-anki-jlpt-decks)
塞ぐ,ふさぐ,"to stuff, to close up, to block (up)",N2,ja,JLPT (open-anki-jlpt-decks)
ふざける,ふざける,"to romp, to gambol, to frolic",N2,ja,JLPT (open-anki-jlpt-decks)
無沙汰,ぶさた,neglecting to stay in contact,N2,ja,JLPT (open-anki-jlpt-decks)
武士,ぶし,"warrior, samurai",N2,ja,JLPT (open-anki-jlpt-decks)
部首,ぶしゅ,radical (of a kanji character),N2,ja,JLPT (open-anki-jlpt-decks)
蒸す,ふす,"to steam (food, towel, etc.) to be hot and humid, to be sultry",N2,ja,JLPT (open-anki-jlpt-decks)
襖,ふすま,sliding screen,N2,ja,JLPT (open-anki-jlpt-decks)
附属,ふぞく,"attached, belonging, affiliated",N2,ja,JLPT (open-anki-jlpt-decks)
付属,ふぞく,"being attached (to), being affiliated (to), belonging (to), going with",N2,ja,JLPT (open-anki-jlpt-decks)
蓋,ふた,"cover, lid, cap",N2,ja,JLPT (open-anki-jlpt-decks)
不通,ふつう,"suspension, interruption, stoppage, tie-up, cessation",N2,ja,JLPT (open-anki-jlpt-decks)
物騒,ぶっそう,"dangerous, disturbed, insecure",N2,ja,JLPT (open-anki-jlpt-decks)
ぶつぶつ,ぶつぶつ,"grumbling, complaining in a small voice",N2,ja,JLPT (open-anki-jlpt-decks)
船便,ふなびん,surface mail (ship),N2,ja,JLPT (open-anki-jlpt-decks)
部品,ぶひん,"parts, accessories",N2,ja,JLPT (open-anki-jlpt-decks)
吹雪,ふぶき,snow storm,N2,ja,JLPT (open-anki-jlpt-decks)
父母,ふぼ,"father and mother, parents",N2,ja,JLPT (open-anki-jlpt-decks)
踏切,ふみきり,"railway crossing, level crossing, starting line, scratch, crossover",N2,ja,JLPT (open-anki-jlpt-decks)
麓,ふもと,"the foot, the bottom, the base (of a mountain)",N2,ja,JLPT (open-anki-jlpt-decks)
フライパン,フライパン,"fry pan, frying pan",N2,ja,JLPT (open-anki-jlpt-decks)
ブラウス,ブラウス,blouse,N2,ja,JLPT (open-anki-jlpt-decks)
ぶらさげる,ぶらさげる,"to hang, to suspend, to swing",N2,ja,JLPT (open-anki-jlpt-decks)
ブラシ,ブラシ,brush,N2,ja,JLPT (open-anki-jlpt-decks)
プラットホーム,プラットホーム,platform,N2,ja,JLPT (open-anki-jlpt-decks)
フリー,フリー,free,N2,ja,JLPT (open-anki-jlpt-decks)
振り仮名,ふりがな,pronunciation key,N2,ja,JLPT (open-anki-jlpt-decks)
振り向く,ふりむく,"to turn one's face, to turn around",N2,ja,JLPT (open-anki-jlpt-decks)
プリント,プリント,"print, handout",N2,ja,JLPT (open-anki-jlpt-decks)
古～,ふる～,old ~,N2,ja,JLPT (open-anki-jlpt-decks)
故郷,ふるさと,"home town, birthplace",N2,ja,JLPT (open-anki-jlpt-decks)
古里,ふるさと,"home town, birthplace",N2,ja,JLPT (open-anki-jlpt-decks)
振舞う,ふるまう,"to behave, to conduct",N2,ja,JLPT (open-anki-jlpt-decks)
ブローチ,ブローチ,brooch,N2,ja,JLPT (open-anki-jlpt-decks)
プログラム,プログラム,program,N2,ja,JLPT (open-anki-jlpt-decks)
風呂敷,ふろしき,"wrapping cloth, cloth wrapper",N2,ja,JLPT (open-anki-jlpt-decks)
ふわふわ,ふわふわ,"light, soft",N2,ja,JLPT (open-anki-jlpt-decks)
噴火,ふんか,eruption,N2,ja,JLPT (open-anki-jlpt-decks)
分解,ぶんかい,"analysis, disassembly",N2,ja,JLPT (open-anki-jlpt-decks)
文芸,ぶんげい,"literature, art and literature",N2,ja,JLPT (open-anki-jlpt-decks)
文献,ぶんけん,"literature, books (reference)",N2,ja,JLPT (open-anki-jlpt-decks)
噴水,ふんすい,water fountain,N2,ja,JLPT (open-anki-jlpt-decks)
分数,ぶんすう,fraction (in math),N2,ja,JLPT (open-anki-jlpt-decks)
文体,ぶんたい,literary style,N2,ja,JLPT (open-anki-jlpt-decks)
分布,ぶんぷ,distribution,N2,ja,JLPT (open-anki-jlpt-decks)
文房具,ぶんぼうぐ,stationery,N2,ja,JLPT (open-anki-jlpt-decks)
文脈,ぶんみゃく,context,N2,ja,JLPT (open-anki-jlpt-decks)
分量,ぶんりょう,"amount, quantity",N2,ja,JLPT (open-anki-jlpt-decks)
分類,ぶんるい,classification,N2,ja,JLPT (open-anki-jlpt-decks)
閉会,へいかい,closure,N2,ja,JLPT (open-anki-jlpt-decks)
平気,へいき,"coolness, calmness, unconcern",N2,ja,JLPT (open-anki-jlpt-decks)
並行,へいこう,"(going) side by side, concurrent, at the same time",N2,ja,JLPT (open-anki-jlpt-decks)
平日,へいじつ,weekday,N2,ja,JLPT (open-anki-jlpt-decks)
兵隊,へいたい,soldier,N2,ja,JLPT (open-anki-jlpt-decks)
平凡,へいぼん,"common, ordinary",N2,ja,JLPT (open-anki-jlpt-decks)
平野,へいや,"plain, open field",N2,ja,JLPT (open-anki-jlpt-decks)
凹む,へこむ,"to be dented, to be indented",N2,ja,JLPT (open-anki-jlpt-decks)
へそ,へそ,"navel, belly-button",N2,ja,JLPT (open-anki-jlpt-decks)
隔てる,へだてる,to be shut out,N2,ja,JLPT (open-anki-jlpt-decks)
別荘,べっそう,villa; vacation home; summer cottage,N2,ja,JLPT (open-anki-jlpt-decks)
別々,べつべつ,"separately, individually",N2,ja,JLPT (open-anki-jlpt-decks)
ベテラン,ベテラン,veteran,N2,ja,JLPT (open-anki-jlpt-decks)
ヘリコプター,ヘリコプター,helicopter,N2,ja,JLPT (open-anki-jlpt-decks)
編集,へんしゅう,"editing, compilation, editorial (e.g., committee)",N2,ja,JLPT (open-anki-jlpt-decks)
便所,べんじょ,"toilet, lavatory",N2,ja,JLPT (open-anki-jlpt-decks)
ペンチ,ペンチ,pliers (lit: pinchers),N2,ja,JLPT (open-anki-jlpt-decks)
ボーナス,ボーナス,bonus,N2,ja,JLPT (open-anki-jlpt-decks)
防～,ぼう～,~ prevention,N2,ja,JLPT (open-anki-jlpt-decks)
望遠鏡,ぼうえんきょう,telescope,N2,ja,JLPT (open-anki-jlpt-decks)
方角,ほうがく,"direction, way",N2,ja,JLPT (open-anki-jlpt-decks)
箒,ほうき,broom,N2,ja,JLPT (open-anki-jlpt-decks)
方言,ほうげん,dialect,N2,ja,JLPT (open-anki-jlpt-decks)
坊さん,ぼうさん,"Buddhist priest, monk",N2,ja,JLPT (open-anki-jlpt-decks)
防止,ぼうし,"prevention, check",N2,ja,JLPT (open-anki-jlpt-decks)
方針,ほうしん,"objective, plan, policy",N2,ja,JLPT (open-anki-jlpt-decks)
包装,ほうそう,"packing, wrapping",N2,ja,JLPT (open-anki-jlpt-decks)
法則,ほうそく,"law, rule",N2,ja,JLPT (open-anki-jlpt-decks)
包帯,ほうたい,bandage,N2,ja,JLPT (open-anki-jlpt-decks)
膨大,ぼうだい,"enormous, extensive",N2,ja,JLPT (open-anki-jlpt-decks)
包丁,ほうちょう,"kitchen knife, carving knife",N2,ja,JLPT (open-anki-jlpt-decks)
方程式,ほうていしき,equation,N2,ja,JLPT (open-anki-jlpt-decks)
防犯,ぼうはん,prevention of crime,N2,ja,JLPT (open-anki-jlpt-decks)
方面,ほうめん,direction; area,N2,ja,JLPT (open-anki-jlpt-decks)
坊や,ぼうや,boy,N2,ja,JLPT (open-anki-jlpt-decks)
放る,ほうる,to let go,N2,ja,JLPT (open-anki-jlpt-decks)
朗らか,ほがらか,"bright, cheerful, melodious",N2,ja,JLPT (open-anki-jlpt-decks)
朗らか(な),ほがらか(な),"cheerful, merry bright (sky, day, etc.), fine, clear",N2,ja,JLPT (open-anki-jlpt-decks)
牧場,ぼくじょう,farm (livestock); pasture land,N2,ja,JLPT (open-anki-jlpt-decks)
牧畜,ぼくちく,stock-farming,N2,ja,JLPT (open-anki-jlpt-decks)
保健,ほけん,"health preservation, hygiene, sanitation",N2,ja,JLPT (open-anki-jlpt-decks)
募集,ぼしゅう,recruitment,N2,ja,JLPT (open-anki-jlpt-decks)
干す,ほす,"to air, to dry, to drink up",N2,ja,JLPT (open-anki-jlpt-decks)
ポスター,ポスター,poster,N2,ja,JLPT (open-anki-jlpt-decks)
北極,ほっきょく,North Pole,N2,ja,JLPT (open-anki-jlpt-decks)
坊っちゃん,ぼっちゃん,son (of others),N2,ja,JLPT (open-anki-jlpt-decks)
解く,ほどく,to unfasten,N2,ja,JLPT (open-anki-jlpt-decks)
掘る,ほる,"to dig, to excavate",N2,ja,JLPT (open-anki-jlpt-decks)
彫る,ほる,"to carve, to chisel",N2,ja,JLPT (open-anki-jlpt-decks)
ぼろ,ぼろ,"rag, tattered clothes",N2,ja,JLPT (open-anki-jlpt-decks)
盆,ぼん,Festival of the Dead; tray,N2,ja,JLPT (open-anki-jlpt-decks)
盆地,ぼんち,"basin (e.g., between mountains)",N2,ja,JLPT (open-anki-jlpt-decks)
ほんの～,ほんの～,"mere, just",N2,ja,JLPT (open-anki-jlpt-decks)
本部,ほんぶ,headquarters,N2,ja,JLPT (open-anki-jlpt-decks)
本来,ほんらい,"essentially, naturally, by nature",N2,ja,JLPT (open-anki-jlpt-decks)
まあまあ,まあまあ,okay; so-so; decent,N2,ja,JLPT (open-anki-jlpt-decks)
毎～,まい～,every ~,N2,ja,JLPT (open-anki-jlpt-decks)
枚数,まいすう,the number of flat things,N2,ja,JLPT (open-anki-jlpt-decks)
毎度,まいど,"each time, common service-sector greeting",N2,ja,JLPT (open-anki-jlpt-decks)
まく,まく,"to wind, to coil, to roll",N2,ja,JLPT (open-anki-jlpt-decks)
枕,まくら,pillow,N2,ja,JLPT (open-anki-jlpt-decks)
曲げる,まげる,"to bend, to crook, to lean",N2,ja,JLPT (open-anki-jlpt-decks)
まごまご,まごまご,"confused, be at a loss",N2,ja,JLPT (open-anki-jlpt-decks)
摩擦,まさつ,friction; rubbing; chafe,N2,ja,JLPT (open-anki-jlpt-decks)
まざる,まざる,"to be mixed, to be blended with, to associate with",N2,ja,JLPT (open-anki-jlpt-decks)
まじる,まじる,"to be mixed, to be blended with, to associate with",N2,ja,JLPT (open-anki-jlpt-decks)
マスク,マスク,mask,N2,ja,JLPT (open-anki-jlpt-decks)
まぜる,まぜる,"to mix, to stir",N2,ja,JLPT (open-anki-jlpt-decks)
またぐ,またぐ,to straddle,N2,ja,JLPT (open-anki-jlpt-decks)
跨ぐ,またぐ,"to step over/across, to stride over/across, to cross to stretch over, to span, to bridge, to saddle, to straddle",N2,ja,JLPT (open-anki-jlpt-decks)
待合室,まちあいしつ,waiting room,N2,ja,JLPT (open-anki-jlpt-decks)
待ち合わせる,まちあわせる,"to rendezvous, to meet at a prearranged place and time",N2,ja,JLPT (open-anki-jlpt-decks)
街角,まちかど,street corner,N2,ja,JLPT (open-anki-jlpt-decks)
真っ暗,まっくら,total darkness,N2,ja,JLPT (open-anki-jlpt-decks)
真っ黒,まっくろ,pitch black,N2,ja,JLPT (open-anki-jlpt-decks)
真っ青,まっさお,"deep blue, ghastly pale",N2,ja,JLPT (open-anki-jlpt-decks)
真っ先,まっさき,"foremost, beginning",N2,ja,JLPT (open-anki-jlpt-decks)
真っ白,まっしろ,pure white,N2,ja,JLPT (open-anki-jlpt-decks)
祭る,まつる,"to deify, to enshrine",N2,ja,JLPT (open-anki-jlpt-decks)
窓口,まどぐち,(ticket) window,N2,ja,JLPT (open-anki-jlpt-decks)
真似る,まねる,"to mimic, to imitate",N2,ja,JLPT (open-anki-jlpt-decks)
まぶた,まぶた,eyelids,N2,ja,JLPT (open-anki-jlpt-decks)
マフラー,マフラー,a winter scarf,N2,ja,JLPT (open-anki-jlpt-decks)
間も無く,まもなく,"soon, in a short time",N2,ja,JLPT (open-anki-jlpt-decks)
間もなく,まもなく,"soon, shortly, before long, in a short time, in a little while",N2,ja,JLPT (open-anki-jlpt-decks)
マラソン,マラソン,marathon,N2,ja,JLPT (open-anki-jlpt-decks)
稀,まれ,"rare, seldom",N2,ja,JLPT (open-anki-jlpt-decks)
回り道,まわりみち,detour,N2,ja,JLPT (open-anki-jlpt-decks)
満員,まんいん,"full house, no vacancy, sold out",N2,ja,JLPT (open-anki-jlpt-decks)
マンション,マンション,"multistory apartment house, condominium",N2,ja,JLPT (open-anki-jlpt-decks)
満点,まんてん,perfect score,N2,ja,JLPT (open-anki-jlpt-decks)
未～,み～,not yet ~,N2,ja,JLPT (open-anki-jlpt-decks)
見上げる,みあげる,"to look up at, to admire",N2,ja,JLPT (open-anki-jlpt-decks)
見送る,みおくる,to see off; to escort; to let pass,N2,ja,JLPT (open-anki-jlpt-decks)
見下ろす,みおろす,"to overlook, to look down on something",N2,ja,JLPT (open-anki-jlpt-decks)
見掛け,みかけ,outward appearance,N2,ja,JLPT (open-anki-jlpt-decks)
三日月,みかづき,crescent moon,N2,ja,JLPT (open-anki-jlpt-decks)
岬,みさき,cape (on coast),N2,ja,JLPT (open-anki-jlpt-decks)
みじめ,みじめ,"sad, pitiful, wretched",N2,ja,JLPT (open-anki-jlpt-decks)
惨めな,みじめな,"miserable, wretched, unhappy, sad, pitiable",N2,ja,JLPT (open-anki-jlpt-decks)
ミシン,ミシン,sewing machine,N2,ja,JLPT (open-anki-jlpt-decks)
自ら,みずから,"for one's self, personally",N2,ja,JLPT (open-anki-jlpt-decks)
水着,みずぎ,bathing suit (woman's),N2,ja,JLPT (open-anki-jlpt-decks)
店屋,みせや,"store, shop",N2,ja,JLPT (open-anki-jlpt-decks)
見出し,みだし,"heading, index",N2,ja,JLPT (open-anki-jlpt-decks)
道順,みちじゅん,"itinerary, route",N2,ja,JLPT (open-anki-jlpt-decks)
みっともない,みっともない,"shameful, indecent",N2,ja,JLPT (open-anki-jlpt-decks)
見詰める,みつめる,"to stare at, to gaze at",N2,ja,JLPT (open-anki-jlpt-decks)
見直す,みなおす,"to look over again, to review",N2,ja,JLPT (open-anki-jlpt-decks)
見慣れる,みなれる,"to become used to seeing, to be familiar with",N2,ja,JLPT (open-anki-jlpt-decks)
醜い,みにくい,ugly,N2,ja,JLPT (open-anki-jlpt-decks)
実る,みのる,"to bear fruit, to ripen",N2,ja,JLPT (open-anki-jlpt-decks)
身分,みぶん,"position, status",N2,ja,JLPT (open-anki-jlpt-decks)
見本,みほん,sample,N2,ja,JLPT (open-anki-jlpt-decks)
見舞う,みまう,"to ask after (health), to visit",N2,ja,JLPT (open-anki-jlpt-decks)
未満,みまん,"less than, insufficient",N2,ja,JLPT (open-anki-jlpt-decks)
名字,みょうじ,"surname, family name",N2,ja,JLPT (open-anki-jlpt-decks)
ミリ (メートル),ミリ (メートル),milli-,N2,ja,JLPT (open-anki-jlpt-decks)
診る,みる,to examine (medically),N2,ja,JLPT (open-anki-jlpt-decks)
民間,みんかん,"private, civilian",N2,ja,JLPT (open-anki-jlpt-decks)
民主～,みんしゅ～,democratic,N2,ja,JLPT (open-anki-jlpt-decks)
民謡,みんよう,"folk song, popular song",N2,ja,JLPT (open-anki-jlpt-decks)
無限,むげん,infinite,N2,ja,JLPT (open-anki-jlpt-decks)
無地,むじ,plain,N2,ja,JLPT (open-anki-jlpt-decks)
蒸し暑い,むしあつい,"humid, sultry",N2,ja,JLPT (open-anki-jlpt-decks)
矛盾,むじゅん,"contradiction, inconsistency",N2,ja,JLPT (open-anki-jlpt-decks)
無数,むすう,"countless number, infinite number",N2,ja,JLPT (open-anki-jlpt-decks)
紫,むらさき,"purple color, violet",N2,ja,JLPT (open-anki-jlpt-decks)
群れ,むれ,"crowd, flock, herd",N2,ja,JLPT (open-anki-jlpt-decks)
姪,めい,niece,N2,ja,JLPT (open-anki-jlpt-decks)
名～,めい～,famous ~,N2,ja,JLPT (open-anki-jlpt-decks)
名作,めいさく,masterpiece,N2,ja,JLPT (open-anki-jlpt-decks)
名詞,めいし,noun,N2,ja,JLPT (open-anki-jlpt-decks)
名刺,めいし,business card,N2,ja,JLPT (open-anki-jlpt-decks)
名所,めいしょ,famous place,N2,ja,JLPT (open-anki-jlpt-decks)
迷信,めいしん,superstition,N2,ja,JLPT (open-anki-jlpt-decks)
命ずる,めいずる,"to command, to appoint",N2,ja,JLPT (open-anki-jlpt-decks)
名物,めいぶつ,"famous product, special product, speciality",N2,ja,JLPT (open-anki-jlpt-decks)
銘々,めいめい,"each, individual",N2,ja,JLPT (open-anki-jlpt-decks)
恵まれる,めぐまれる,"to be blessed with, to be rich in",N2,ja,JLPT (open-anki-jlpt-decks)
巡る,めぐる,to go around,N2,ja,JLPT (open-anki-jlpt-decks)
目指す,めざす,"to aim at, to have an eye on",N2,ja,JLPT (open-anki-jlpt-decks)
目覚し,めざまし,alarm-clock,N2,ja,JLPT (open-anki-jlpt-decks)
目下,めした,"at present, now",N2,ja,JLPT (open-anki-jlpt-decks)
目印,めじるし,"mark, sign, landmark",N2,ja,JLPT (open-anki-jlpt-decks)
目立つ,めだつ,"to be conspicuous, to stand out",N2,ja,JLPT (open-anki-jlpt-decks)
めちゃくちゃ,めちゃくちゃ,"absurd, messed up, wrecked",N2,ja,JLPT (open-anki-jlpt-decks)
めっきり,めっきり,remarkably,N2,ja,JLPT (open-anki-jlpt-decks)
めでたい,めでたい,"happy, propitious, joyous",N2,ja,JLPT (open-anki-jlpt-decks)
メニュー,メニュー,menu,N2,ja,JLPT (open-anki-jlpt-decks)
めまい,めまい,"dizziness, giddiness",N2,ja,JLPT (open-anki-jlpt-decks)
目安,めやす,"criterion, aim",N2,ja,JLPT (open-anki-jlpt-decks)
免税,めんぜい,tax exemption,N2,ja,JLPT (open-anki-jlpt-decks)
面積,めんせき,area,N2,ja,JLPT (open-anki-jlpt-decks)
面接,めんせつ,interview,N2,ja,JLPT (open-anki-jlpt-decks)
面倒臭い,めんどうくさい,"bother to do, tiresome",N2,ja,JLPT (open-anki-jlpt-decks)
モーター,モーター,motor,N2,ja,JLPT (open-anki-jlpt-decks)
儲かる,もうかる,"to be profitable, to yield a profit",N2,ja,JLPT (open-anki-jlpt-decks)
儲ける,もうける,"to earn, to have (bear, beget) a child",N2,ja,JLPT (open-anki-jlpt-decks)
申し訳ない,もうしわけない,"inexcusable, I am sorry",N2,ja,JLPT (open-anki-jlpt-decks)
木材,もくざい,"lumber, timber, wood",N2,ja,JLPT (open-anki-jlpt-decks)
目次,もくじ,table of contents,N2,ja,JLPT (open-anki-jlpt-decks)
潜る,もぐる,"to dive, to pass through; to evade, to hide",N2,ja,JLPT (open-anki-jlpt-decks)
もしかしたら,もしかしたら,"perhaps, maybe, by some chance",N2,ja,JLPT (open-anki-jlpt-decks)
もたれる,もたれる,"to lean against, to lean on",N2,ja,JLPT (open-anki-jlpt-decks)
凭れる,もたれる,"to lean against, to lean on, to recline on",N2,ja,JLPT (open-anki-jlpt-decks)
モダン,モダン,modern,N2,ja,JLPT (open-anki-jlpt-decks)
餅,もち,sticky rice cake,N2,ja,JLPT (open-anki-jlpt-decks)
モデル,モデル,a fashion model,N2,ja,JLPT (open-anki-jlpt-decks)
元々,もともと,"originally, by nature, from the start",N2,ja,JLPT (open-anki-jlpt-decks)
物置,ものおき,storage room,N2,ja,JLPT (open-anki-jlpt-decks)
物語る,ものがたる,"to tell, to indicate",N2,ja,JLPT (open-anki-jlpt-decks)
物差し,ものさし,"ruler, measure",N2,ja,JLPT (open-anki-jlpt-decks)
物凄い,ものすごい,"earth-shattering, staggering, to a very great extent",N2,ja,JLPT (open-anki-jlpt-decks)
モノレール,モノレール,monorail,N2,ja,JLPT (open-anki-jlpt-decks)
紅葉,もみじ,(Japanese) maple,N2,ja,JLPT (open-anki-jlpt-decks)
揉む,もむ,"to rub, to crumple (up), to wrinkle",N2,ja,JLPT (open-anki-jlpt-decks)
もやす,もやす,to burn,N2,ja,JLPT (open-anki-jlpt-decks)
催し,もよおし,"event, festivities, function",N2,ja,JLPT (open-anki-jlpt-decks)
盛る,もる,to serve (food); to fill up; to prescribe,N2,ja,JLPT (open-anki-jlpt-decks)
問答,もんどう,"questions and answers, dialogue",N2,ja,JLPT (open-anki-jlpt-decks)
やかましい,やかましい,"to be fussy, to be overly critical",N2,ja,JLPT (open-anki-jlpt-decks)
喧しい,やかましい,"noisy, loud, clamorous, boisterous",N2,ja,JLPT (open-anki-jlpt-decks)
夜間,やかん,"at night, nighttime",N2,ja,JLPT (open-anki-jlpt-decks)
やかん,やかん,kettle,N2,ja,JLPT (open-anki-jlpt-decks)
やかん,やかん,kettle,N2,ja,JLPT (open-anki-jlpt-decks)
役者,やくしゃ,actor,N2,ja,JLPT (open-anki-jlpt-decks)
役所,やくしょ,"government office, public office",N2,ja,JLPT (open-anki-jlpt-decks)
役人,やくにん,government official,N2,ja,JLPT (open-anki-jlpt-decks)
薬品,やくひん,"medicine(s), chemical(s)",N2,ja,JLPT (open-anki-jlpt-decks)
役目,やくめ,"duty, business",N2,ja,JLPT (open-anki-jlpt-decks)
火傷,やけど,"burn, scald",N2,ja,JLPT (open-anki-jlpt-decks)
夜行,やこう,"night train, night travel",N2,ja,JLPT (open-anki-jlpt-decks)
矢印,やじるし,directing arrow,N2,ja,JLPT (open-anki-jlpt-decks)
やたらに,やたらに,"randomly, recklessly, blindly",N2,ja,JLPT (open-anki-jlpt-decks)
薬局,やっきょく,"pharmacy, drugstore",N2,ja,JLPT (open-anki-jlpt-decks)
やっつける,やっつける,"to attack (an enemy), to beat, to finish off",N2,ja,JLPT (open-anki-jlpt-decks)
やっぱり,やっぱり,"after all, anyway",N2,ja,JLPT (open-anki-jlpt-decks)
家主,やぬし,landlord,N2,ja,JLPT (open-anki-jlpt-decks)
破く,やぶく,to tear,N2,ja,JLPT (open-anki-jlpt-decks)
やむをえない,やむをえない,"cannot be helped, unavoidable",N2,ja,JLPT (open-anki-jlpt-decks)
軟らかい,やわらかい,"soft, tender, limp",N2,ja,JLPT (open-anki-jlpt-decks)
遊園地,ゆうえんち,amusement park,N2,ja,JLPT (open-anki-jlpt-decks)
夕刊,ゆうかん,evening paper,N2,ja,JLPT (open-anki-jlpt-decks)
友好,ゆうこう,friendship,N2,ja,JLPT (open-anki-jlpt-decks)
郵送,ゆうそう,mailing,N2,ja,JLPT (open-anki-jlpt-decks)
夕立,ゆうだち,(sudden) evening shower (rain),N2,ja,JLPT (open-anki-jlpt-decks)
夕日,ゆうひ,"(in) the evening sun, setting sun",N2,ja,JLPT (open-anki-jlpt-decks)
悠々,ゆうゆう,"quiet, calm, leisurely",N2,ja,JLPT (open-anki-jlpt-decks)
有料,ゆうりょう,"admission-paid, toll",N2,ja,JLPT (open-anki-jlpt-decks)
浴衣,ゆかた,"bathrobe, informal summer kimono",N2,ja,JLPT (open-anki-jlpt-decks)
行方,ゆくえ,one's whereabouts,N2,ja,JLPT (open-anki-jlpt-decks)
湯気,ゆげ,steam,N2,ja,JLPT (open-anki-jlpt-decks)
輸血,ゆけつ,blood transfusion,N2,ja,JLPT (open-anki-jlpt-decks)
輸送,ゆそう,"transport, transportation",N2,ja,JLPT (open-anki-jlpt-decks)
油断,ゆだん,"negligence, unpreparedness",N2,ja,JLPT (open-anki-jlpt-decks)
湯飲み,ゆのみ,teacup,N2,ja,JLPT (open-anki-jlpt-decks)
湯飲,ゆのみ,teacup,N2,ja,JLPT (open-anki-jlpt-decks)
緩い,ゆるい,"loose, lenient, slow",N2,ja,JLPT (open-anki-jlpt-decks)
溶岩,ようがん,lava,N2,ja,JLPT (open-anki-jlpt-decks)
容器,ようき,"container, receptacle, vessel, packaging",N2,ja,JLPT (open-anki-jlpt-decks)
用語,ようご,"term, terminology",N2,ja,JLPT (open-anki-jlpt-decks)
要旨,ようし,"gist, essentials, summary",N2,ja,JLPT (open-anki-jlpt-decks)
幼児,ようじ,"infant, baby, child",N2,ja,JLPT (open-anki-jlpt-decks)
容積,ようせき,"capacity, volume",N2,ja,JLPT (open-anki-jlpt-decks)
幼稚,ようち,"infancy, childish, infantile",N2,ja,JLPT (open-anki-jlpt-decks)
幼稚園,ようちえん,kindergarten,N2,ja,JLPT (open-anki-jlpt-decks)
用途,ようと,"use, usefulness",N2,ja,JLPT (open-anki-jlpt-decks)
洋品店,ようひんてん,clothes store,N2,ja,JLPT (open-anki-jlpt-decks)
養分,ようぶん,"nourishment, nutrient",N2,ja,JLPT (open-anki-jlpt-decks)
羊毛,ようもう,wool,N2,ja,JLPT (open-anki-jlpt-decks)
漸く,ようやく,"at last, finally, hardly",N2,ja,JLPT (open-anki-jlpt-decks)
要領,ようりょう,"gist, essentials, outline",N2,ja,JLPT (open-anki-jlpt-decks)
翌～,よく～,next ~,N2,ja,JLPT (open-anki-jlpt-decks)
欲張り,よくばり,greedy,N2,ja,JLPT (open-anki-jlpt-decks)
余計,よけい,"too much, unnecessary, abundance, surplus, excess, superfluity",N2,ja,JLPT (open-anki-jlpt-decks)
よこす,よこす,"to send, to forward; to hand over (e.g., money)",N2,ja,JLPT (open-anki-jlpt-decks)
よごす,よごす,"(1) to disgrace, to dishonour, (2) to pollute, to contaminate, to soil, to make dirty, to stain",N2,ja,JLPT (open-anki-jlpt-decks)
寄せる,よせる,"to come near, to let someone approach to bring near, to bring together, to collect, to gather to deliver (opinion, news, etc.), to send (e.g. a letter), to contribute, to donate to let someone drop by",N2,ja,JLPT (open-anki-jlpt-decks)
余所,よそ,"another place, somewhere else, strange parts",N2,ja,JLPT (open-anki-jlpt-decks)
四つ角,よつかど,"four corners, crossroads",N2,ja,JLPT (open-anki-jlpt-decks)
酔っ払い,よっぱらい,drunkard,N2,ja,JLPT (open-anki-jlpt-decks)
予備,よび,"preparation, spare",N2,ja,JLPT (open-anki-jlpt-decks)
呼び掛ける,よびかける,"to call out to, to accost, to address (crowd), to appeal",N2,ja,JLPT (open-anki-jlpt-decks)
呼び出す,よびだす,"to summon, to call (e.g., phone)",N2,ja,JLPT (open-anki-jlpt-decks)
蘇る,よみがえる,"to be resurrected, to be revived",N2,ja,JLPT (open-anki-jlpt-decks)
慶ぶ,よろこぶ,"to be delighted, to be glad",N2,ja,JLPT (open-anki-jlpt-decks)
来日,らいにち,"coming to Japan, visit to Japan",N2,ja,JLPT (open-anki-jlpt-decks)
落第,らくだい,"failure, dropping out of a class",N2,ja,JLPT (open-anki-jlpt-decks)
ラッシュアワー,ラッシュアワー,rush hour,N2,ja,JLPT (open-anki-jlpt-decks)
欄,らん,"column of text (e.g., as in a newspaper)",N2,ja,JLPT (open-anki-jlpt-decks)
ランチ,ランチ,lunch,N2,ja,JLPT (open-anki-jlpt-decks)
ランニング,ランニング,running; tank top,N2,ja,JLPT (open-anki-jlpt-decks)
乱暴,らんぼう,"rude, violent, rough",N2,ja,JLPT (open-anki-jlpt-decks)
理科,りか,science,N2,ja,JLPT (open-anki-jlpt-decks)
利害,りがい,"advantages and disadvantages, interest",N2,ja,JLPT (open-anki-jlpt-decks)
リズム,リズム,rhythm,N2,ja,JLPT (open-anki-jlpt-decks)
リットル,リットル,liter,N2,ja,JLPT (open-anki-jlpt-decks)
リポート,リポート,"report, paper",N2,ja,JLPT (open-anki-jlpt-decks)
リボン,リボン,ribbon,N2,ja,JLPT (open-anki-jlpt-decks)
略す,りゃくす,to abbreviate,N2,ja,JLPT (open-anki-jlpt-decks)
流域,りゅういき,(river) basin,N2,ja,JLPT (open-anki-jlpt-decks)
寮,りょう,"hostel, dormitory",N2,ja,JLPT (open-anki-jlpt-decks)
両～,りょう～,both ~,N2,ja,JLPT (open-anki-jlpt-decks)
両側,りょうがわ,both sides,N2,ja,JLPT (open-anki-jlpt-decks)
漁師,りょうし,fisherman,N2,ja,JLPT (open-anki-jlpt-decks)
領事,りょうじ,consul,N2,ja,JLPT (open-anki-jlpt-decks)
領収,りょうしゅう,"receipt, voucher",N2,ja,JLPT (open-anki-jlpt-decks)
臨時,りんじ,"temporary, special, extraordinary",N2,ja,JLPT (open-anki-jlpt-decks)
留守番,るすばん,"care-taking, caretaker, house-watching",N2,ja,JLPT (open-anki-jlpt-decks)
例外,れいがい,exception,N2,ja,JLPT (open-anki-jlpt-decks)
零点,れいてん,"zero, no marks",N2,ja,JLPT (open-anki-jlpt-decks)
冷凍,れいとう,"freezing, cold storage, refrigeration",N2,ja,JLPT (open-anki-jlpt-decks)
レインコート,レインコート,raincoat,N2,ja,JLPT (open-anki-jlpt-decks)
レクリェーション,レクリェーション,recreation,N2,ja,JLPT (open-anki-jlpt-decks)
レジャー,レジャー,leisure,N2,ja,JLPT (open-anki-jlpt-decks)
列島,れっとう,chain of islands,N2,ja,JLPT (open-anki-jlpt-decks)
煉瓦,れんが,brick,N2,ja,JLPT (open-anki-jlpt-decks)
連合,れんごう,"union, alliance",N2,ja,JLPT (open-anki-jlpt-decks)
レンズ,レンズ,lens,N2,ja,JLPT (open-anki-jlpt-decks)
ローマ字,ローマじ,"romanization, Roman letters (alphabet)",N2,ja,JLPT (open-anki-jlpt-decks)
ろうそく,ろうそく,candle,N2,ja,JLPT (open-anki-jlpt-decks)
録音,ろくおん,(audio) recording,N2,ja,JLPT (open-anki-jlpt-decks)
ロッカー,ロッカー,locker,N2,ja,JLPT (open-anki-jlpt-decks)
ロビー,ロビー,lobby,N2,ja,JLPT (open-anki-jlpt-decks)
論ずる,ろんずる,"to argue, to discuss",N2,ja,JLPT (open-anki-jlpt-decks)
和～,わ～,Japanese style,N2,ja,JLPT (open-anki-jlpt-decks)
和英,わえい,Japanese-English,N2,ja,JLPT (open-anki-jlpt-decks)
我～,わが～,our ~,N2,ja,JLPT (open-anki-jlpt-decks)
分かれる,わかれる,"to branch, to fork, to diverge to separate, to split, to divide to disperse, to scatter",N2,ja,JLPT (open-anki-jlpt-decks)
若々しい,わかわかしい,"youthful, young",N2,ja,JLPT (open-anki-jlpt-decks)
詫びる,わびる,to apologize,N2,ja,JLPT (open-anki-jlpt-decks)
和服,わふく,Japanese clothes,N2,ja,JLPT (open-anki-jlpt-decks)
割合に,わりあいに,"relatively, comparatively",N2,ja,JLPT (open-anki-jlpt-decks)
割算,わりざん,division (math),N2,ja,JLPT (open-anki-jlpt-decks)
割と,わりと,"relatively, comparatively",N2,ja,JLPT (open-anki-jlpt-decks)
割引,わりびき,discount,N2,ja,JLPT (open-anki-jlpt-decks)
ワンピース,ワンピース,one-piece dress,N2,ja,JLPT (open-anki-jlpt-decks)
expression,reading,meaning,N3,ja,JLPT (open-anki-jlpt-decks)
作法,さほう,"manners, etiquette, propriety",N3,ja,JLPT (open-anki-jlpt-decks)
様々,さまざま,"varied, various",N3,ja,JLPT (open-anki-jlpt-decks)
冷ます,さます,"to cool, to let cool",N3,ja,JLPT (open-anki-jlpt-decks)
覚ます,さます,to awaken,N3,ja,JLPT (open-anki-jlpt-decks)
冷める,さめる,"to become cool, to wear off",N3,ja,JLPT (open-anki-jlpt-decks)
覚める,さめる,"to wake, to wake up",N3,ja,JLPT (open-anki-jlpt-decks)
左右,さゆう,left and right; influence,N3,ja,JLPT (open-anki-jlpt-decks)
皿,さら,"plate, dish",N3,ja,JLPT (open-anki-jlpt-decks)
更に,さらに,"furthermore, moreover",N3,ja,JLPT (open-anki-jlpt-decks)
去る,さる,"to leave, to go away",N3,ja,JLPT (open-anki-jlpt-decks)
猿,さる,monkey,N3,ja,JLPT (open-anki-jlpt-decks)
騒ぎ,さわぎ,"uproar, disturbance",N3,ja,JLPT (open-anki-jlpt-decks)
参加,さんか,participation,N3,ja,JLPT (open-anki-jlpt-decks)
参考,さんこう,"reference, consultation",N3,ja,JLPT (open-anki-jlpt-decks)
賛成,さんせい,"approval, agreement",N3,ja,JLPT (open-anki-jlpt-decks)
酸性,さんせい,acidity,N3,ja,JLPT (open-anki-jlpt-decks)
酸素,さんそ,oxygen,N3,ja,JLPT (open-anki-jlpt-decks)
氏,し,"family name, lineage",N3,ja,JLPT (open-anki-jlpt-decks)
詩,し,poem; poetry,N3,ja,JLPT (open-anki-jlpt-decks)
幸せ,しあわせ,"happiness, blessing",N3,ja,JLPT (open-anki-jlpt-decks)
ジーンズ,ジーンズ,jeans,N3,ja,JLPT (open-anki-jlpt-decks)
ジェット機,ジェットき,jet plane,N3,ja,JLPT (open-anki-jlpt-decks)
四角,しかく,square,N3,ja,JLPT (open-anki-jlpt-decks)
直に,じかに,"immediately, readily, directly",N3,ja,JLPT (open-anki-jlpt-decks)
しかも,しかも,"moreover, furthermore, besides, plus",N3,ja,JLPT (open-anki-jlpt-decks)
四季,しき,four seasons,N3,ja,JLPT (open-anki-jlpt-decks)
直,じき,"immediately, soon, shortly",N3,ja,JLPT (open-anki-jlpt-decks)
時期,じき,"time, season, period",N3,ja,JLPT (open-anki-jlpt-decks)
支給,しきゅう,"payment, allowance",N3,ja,JLPT (open-anki-jlpt-decks)
至急,しきゅう,"urgent, pressing",N3,ja,JLPT (open-anki-jlpt-decks)
しきりに,しきりに,"frequently, repeatedly, eagerly",N3,ja,JLPT (open-anki-jlpt-decks)
刺激,しげき,"stimulus, impetus, incentive",N3,ja,JLPT (open-anki-jlpt-decks)
資源,しげん,resources,N3,ja,JLPT (open-anki-jlpt-decks)
事件,じけん,"event, affair, incident",N3,ja,JLPT (open-anki-jlpt-decks)
時刻,じこく,"time, hour",N3,ja,JLPT (open-anki-jlpt-decks)
自殺,じさつ,suicide,N3,ja,JLPT (open-anki-jlpt-decks)
事実,じじつ,"fact, truth, reality",N3,ja,JLPT (open-anki-jlpt-decks)
支出,ししゅつ,"expenditure, expenses",N3,ja,JLPT (open-anki-jlpt-decks)
事情,じじょう,"circumstances, situation, reasons",N3,ja,JLPT (open-anki-jlpt-decks)
詩人,しじん,poet,N3,ja,JLPT (open-anki-jlpt-decks)
自身,じしん,oneself,N3,ja,JLPT (open-anki-jlpt-decks)
沈む,しずむ,to sink; to feel depressed,N3,ja,JLPT (open-anki-jlpt-decks)
自然,しぜん,"nature, spontaneous",N3,ja,JLPT (open-anki-jlpt-decks)
思想,しそう,"thought, idea",N3,ja,JLPT (open-anki-jlpt-decks)
舌,した,tongue,N3,ja,JLPT (open-anki-jlpt-decks)
次第,しだい,order; circumstances; immediate(ly),N3,ja,JLPT (open-anki-jlpt-decks)
従う,したがう,"to abide (by the rules), to obey",N3,ja,JLPT (open-anki-jlpt-decks)
したがって,したがって,"therefore, consequently",N3,ja,JLPT (open-anki-jlpt-decks)
親しい,したしい,"intimate, close (e.g., friend)",N3,ja,JLPT (open-anki-jlpt-decks)
質,しつ,"quality, nature (of person)",N3,ja,JLPT (open-anki-jlpt-decks)
失業,しつぎょう,unemployment,N3,ja,JLPT (open-anki-jlpt-decks)
湿気,しっけ,"moisture, humidity, dampness",N3,ja,JLPT (open-anki-jlpt-decks)
実験,じっけん,lab work; experiment,N3,ja,JLPT (open-anki-jlpt-decks)
実現,じつげん,"implementation, materialization, realization",N3,ja,JLPT (open-anki-jlpt-decks)
実行,じっこう,"practice, execution (e.g., program), realization",N3,ja,JLPT (open-anki-jlpt-decks)
実際,じっさい,in fact; in actuality,N3,ja,JLPT (open-anki-jlpt-decks)
実施,じっし,"enforcement, carry out, operation",N3,ja,JLPT (open-anki-jlpt-decks)
湿度,しつど,humidity,N3,ja,JLPT (open-anki-jlpt-decks)
じっと,じっと,"patiently, quietly",N3,ja,JLPT (open-anki-jlpt-decks)
実に,じつに,"indeed, truly, surely",N3,ja,JLPT (open-anki-jlpt-decks)
実は,じつは,actually; in fact,N3,ja,JLPT (open-anki-jlpt-decks)
失望,しつぼう,"disappointment, despair",N3,ja,JLPT (open-anki-jlpt-decks)
実力,じつりょく,ability; force,N3,ja,JLPT (open-anki-jlpt-decks)
支店,してん,branch store (office),N3,ja,JLPT (open-anki-jlpt-decks)
指導,しどう,"leadership, guidance, coaching",N3,ja,JLPT (open-anki-jlpt-decks)
自動,じどう,"automatic, self-motion",N3,ja,JLPT (open-anki-jlpt-decks)
児童,じどう,"children, juvenile",N3,ja,JLPT (open-anki-jlpt-decks)
品,しな,"thing, article, goods",N3,ja,JLPT (open-anki-jlpt-decks)
支配,しはい,"rule, control, direction",N3,ja,JLPT (open-anki-jlpt-decks)
芝居,しばい,"play, drama",N3,ja,JLPT (open-anki-jlpt-decks)
しばしば,しばしば,"often, again and again, frequently",N3,ja,JLPT (open-anki-jlpt-decks)
芝生,しばふ,lawn,N3,ja,JLPT (open-anki-jlpt-decks)
支払,しはらい,payment,N3,ja,JLPT (open-anki-jlpt-decks)
支払う,しはらう,to pay,N3,ja,JLPT (open-anki-jlpt-decks)
死亡,しぼう,death,N3,ja,JLPT (open-anki-jlpt-decks)
資本,しほん,"funds, capital",N3,ja,JLPT (open-anki-jlpt-decks)
姉妹,しまい,sisters,N3,ja,JLPT (open-anki-jlpt-decks)
しまった (かん),しまった (かん),Damn it!,N3,ja,JLPT (open-anki-jlpt-decks)
自慢,じまん,"pride, boast",N3,ja,JLPT (open-anki-jlpt-decks)
地味,じみ,"quiet, plain, conservative",N3,ja,JLPT (open-anki-jlpt-decks)
示す,しめす,"to show, to indicate",N3,ja,JLPT (open-anki-jlpt-decks)
占める,しめる,to take up; to account for,N3,ja,JLPT (open-anki-jlpt-decks)
湿る,しめる,"to be wet, to be damp",N3,ja,JLPT (open-anki-jlpt-decks)
下,しも,"under, below, beneath",N3,ja,JLPT (open-anki-jlpt-decks)
霜,しも,frost,N3,ja,JLPT (open-anki-jlpt-decks)
借金,しゃっきん,"debt, loan, liabilities",N3,ja,JLPT (open-anki-jlpt-decks)
しゃべる,しゃべる,"to talk, to chat, to chatter (same as 話す (はなす))",N3,ja,JLPT (open-anki-jlpt-decks)
週,しゅう,week,N3,ja,JLPT (open-anki-jlpt-decks)
州,しゅう,"state, province",N3,ja,JLPT (open-anki-jlpt-decks)
銃,じゅう,gun,N3,ja,JLPT (open-anki-jlpt-decks)
周囲,しゅうい,"surroundings, circumference, environs",N3,ja,JLPT (open-anki-jlpt-decks)
収穫,しゅうかく,"harvest, crop, ingathering",N3,ja,JLPT (open-anki-jlpt-decks)
宗教,しゅうきょう,religion,N3,ja,JLPT (open-anki-jlpt-decks)
重視,じゅうし,"importance, stress",N3,ja,JLPT (open-anki-jlpt-decks)
就職,しゅうしょく,finding employment,N3,ja,JLPT (open-anki-jlpt-decks)
ジュース,ジュース,"juice, soft drink; deuce",N3,ja,JLPT (open-anki-jlpt-decks)
修正,しゅうせい,"amendment, correction",N3,ja,JLPT (open-anki-jlpt-decks)
重体,じゅうたい,"seriously ill, critical state",N3,ja,JLPT (open-anki-jlpt-decks)
渋滞,じゅうたい,"congestion (e.g., traffic), delay",N3,ja,JLPT (open-anki-jlpt-decks)
重大,じゅうだい,"serious, important",N3,ja,JLPT (open-anki-jlpt-decks)
住宅,じゅうたく,"resident, housing",N3,ja,JLPT (open-anki-jlpt-decks)
集団,しゅうだん,"group, mass",N3,ja,JLPT (open-anki-jlpt-decks)
集中,しゅうちゅう,"concentration, focusing the mind",N3,ja,JLPT (open-anki-jlpt-decks)
収入,しゅうにゅう,"income, revenue",N3,ja,JLPT (open-anki-jlpt-decks)
住民,じゅうみん,"inhabitants, residents",N3,ja,JLPT (open-anki-jlpt-decks)
重要,じゅうよう,"important, essential",N3,ja,JLPT (open-anki-jlpt-decks)
修理,しゅうり,"repairing, mending",N3,ja,JLPT (open-anki-jlpt-decks)
主義,しゅぎ,"doctrine, cause, principle",N3,ja,JLPT (open-anki-jlpt-decks)
宿泊,しゅくはく,lodging,N3,ja,JLPT (open-anki-jlpt-decks)
手術,しゅじゅつ,surgical operation,N3,ja,JLPT (open-anki-jlpt-decks)
首相,しゅしょう,Prime Minister,N3,ja,JLPT (open-anki-jlpt-decks)
手段,しゅだん,"means, way, measure",N3,ja,JLPT (open-anki-jlpt-decks)
主張,しゅちょう,"claim, insistence, assertion",N3,ja,JLPT (open-anki-jlpt-decks)
出場,しゅつじょう,participation,N3,ja,JLPT (open-anki-jlpt-decks)
出身,しゅっしん,come from,N3,ja,JLPT (open-anki-jlpt-decks)
出版,しゅっぱん,publication,N3,ja,JLPT (open-anki-jlpt-decks)
首都,しゅと,capital city,N3,ja,JLPT (open-anki-jlpt-decks)
主婦,しゅふ,housewife,N3,ja,JLPT (open-anki-jlpt-decks)
主要,しゅよう,"chief, main",N3,ja,JLPT (open-anki-jlpt-decks)
需要,じゅよう,demand,N3,ja,JLPT (open-anki-jlpt-decks)
種類,しゅるい,"variety, kind",N3,ja,JLPT (open-anki-jlpt-decks)
順,じゅん,"order, turn",N3,ja,JLPT (open-anki-jlpt-decks)
瞬間,しゅんかん,"moment, second",N3,ja,JLPT (open-anki-jlpt-decks)
順調,じゅんちょう,doing well,N3,ja,JLPT (open-anki-jlpt-decks)
順番,じゅんばん,"turn (in line), order of things",N3,ja,JLPT (open-anki-jlpt-decks)
使用,しよう,"use (same as 使うこと (つかうこと)), application, employment, utilization",N3,ja,JLPT (open-anki-jlpt-decks)
小,しょう,small,N3,ja,JLPT (open-anki-jlpt-decks)
章,しょう,"chapter, section; medal",N3,ja,JLPT (open-anki-jlpt-decks)
賞,しょう,"prize, award",N3,ja,JLPT (open-anki-jlpt-decks)
上,じょう,first volume; superior quality; governmental,N3,ja,JLPT (open-anki-jlpt-decks)
障害,しょうがい,"obstacle, impediment",N3,ja,JLPT (open-anki-jlpt-decks)
奨学金,しょうがくきん,scholarship,N3,ja,JLPT (open-anki-jlpt-decks)
乗客,じょうきゃく,passenger,N3,ja,JLPT (open-anki-jlpt-decks)
上京,じょうきょう,proceeding to the capital (Tokyo),N3,ja,JLPT (open-anki-jlpt-decks)
状況,じょうきょう,"state of affairs, situation",N3,ja,JLPT (open-anki-jlpt-decks)
条件,じょうけん,"conditions, terms",N3,ja,JLPT (open-anki-jlpt-decks)
正午,しょうご,"noon, mid-day",N3,ja,JLPT (open-anki-jlpt-decks)
正直,しょうじき,"honesty, integrity, frankness",N3,ja,JLPT (open-anki-jlpt-decks)
常識,じょうしき,common sense,N3,ja,JLPT (open-anki-jlpt-decks)
少女,しょうじょ,young girl,N3,ja,JLPT (open-anki-jlpt-decks)
少々,しょうしょう,a little; short (time) (formal for 少し (すこし)),N3,ja,JLPT (open-anki-jlpt-decks)
症状,しょうじょう,"symptoms, condition",N3,ja,JLPT (open-anki-jlpt-decks)
生じる,しょうじる,"to occur, to arise, to be generated",N3,ja,JLPT (open-anki-jlpt-decks)
状態,じょうたい,"condition, situation",N3,ja,JLPT (open-anki-jlpt-decks)
上達,じょうたつ,"improvement, advance",N3,ja,JLPT (open-anki-jlpt-decks)
冗談,じょうだん,a joke,N3,ja,JLPT (open-anki-jlpt-decks)
上等,じょうとう,"first class, very good",N3,ja,JLPT (open-anki-jlpt-decks)
衝突,しょうとつ,"collision, conflict",N3,ja,JLPT (open-anki-jlpt-decks)
商人,しょうにん,"trader, shopkeeper, merchant",N3,ja,JLPT (open-anki-jlpt-decks)
承認,しょうにん,"recognition, approval",N3,ja,JLPT (open-anki-jlpt-decks)
少年,しょうねん,"boys, juveniles",N3,ja,JLPT (open-anki-jlpt-decks)
商売,しょうばい,"trade, business, commerce",N3,ja,JLPT (open-anki-jlpt-decks)
消費,しょうひ,"consumption, expenditure",N3,ja,JLPT (open-anki-jlpt-decks)
商品,しょうひん,"commodity, merchandise",N3,ja,JLPT (open-anki-jlpt-decks)
賞品,しょうひん,"prize, trophy",N3,ja,JLPT (open-anki-jlpt-decks)
消防,しょうぼう,"fire fighting, fire department",N3,ja,JLPT (open-anki-jlpt-decks)
情報,じょうほう,"information, (military) intelligence",N3,ja,JLPT (open-anki-jlpt-decks)
証明,しょうめい,"proof, verification",N3,ja,JLPT (open-anki-jlpt-decks)
省略,しょうりゃく,"omission, abbreviation, abridgment",N3,ja,JLPT (open-anki-jlpt-decks)
女王,じょおう,queen,N3,ja,JLPT (open-anki-jlpt-decks)
職,しょく,employment,N3,ja,JLPT (open-anki-jlpt-decks)
職業,しょくぎょう,"occupation, business",N3,ja,JLPT (open-anki-jlpt-decks)
食卓,しょくたく,dining table,N3,ja,JLPT (open-anki-jlpt-decks)
食品,しょくひん,foodstuff,N3,ja,JLPT (open-anki-jlpt-decks)
植物,しょくぶつ,"plant, vegetation",N3,ja,JLPT (open-anki-jlpt-decks)
食物,しょくもつ,"food, foodstuff",N3,ja,JLPT (open-anki-jlpt-decks)
食欲,しょくよく,appetite (for food),N3,ja,JLPT (open-anki-jlpt-decks)
食料,しょくりょう,food,N3,ja,JLPT (open-anki-jlpt-decks)
食糧,しょくりょう,"provisions, rations",N3,ja,JLPT (open-anki-jlpt-decks)
書斎,しょさい,"study, den",N3,ja,JLPT (open-anki-jlpt-decks)
女子,じょし,"woman, girl",N3,ja,JLPT (open-anki-jlpt-decks)
助手,じょしゅ,"helper, assistant",N3,ja,JLPT (open-anki-jlpt-decks)
徐々に,じょじょに,"slowly, little by little",N3,ja,JLPT (open-anki-jlpt-decks)
署名,しょめい,signature,N3,ja,JLPT (open-anki-jlpt-decks)
書物,しょもつ,books,N3,ja,JLPT (open-anki-jlpt-decks)
女優,じょゆう,actress,N3,ja,JLPT (open-anki-jlpt-decks)
処理,しょり,"processing, treatment, disposition",N3,ja,JLPT (open-anki-jlpt-decks)
書類,しょるい,"documents, official papers",N3,ja,JLPT (open-anki-jlpt-decks)
知らせ,しらせ,notice,N3,ja,JLPT (open-anki-jlpt-decks)
尻,しり,"buttocks, bottom",N3,ja,JLPT (open-anki-jlpt-decks)
知合い,しりあい,acquaintance,N3,ja,JLPT (open-anki-jlpt-decks)
印,しるし,mark; symbol; evidence,N3,ja,JLPT (open-anki-jlpt-decks)
城,しろ,castle,N3,ja,JLPT (open-anki-jlpt-decks)
進学,しんがく,going on to university,N3,ja,JLPT (open-anki-jlpt-decks)
神経,しんけい,"nerve, sensitivity",N3,ja,JLPT (open-anki-jlpt-decks)
真剣,しんけん,"seriousness, earnestness",N3,ja,JLPT (open-anki-jlpt-decks)
信仰,しんこう,"(religious) faith, belief",N3,ja,JLPT (open-anki-jlpt-decks)
信号,しんごう,"traffic lights, signal, semaphore",N3,ja,JLPT (open-anki-jlpt-decks)
人工,じんこう,"artificial, man made, human work,",N3,ja,JLPT (open-anki-jlpt-decks)
深刻,しんこく,serious,N3,ja,JLPT (open-anki-jlpt-decks)
診察,しんさつ,medical examination (of a patient),N3,ja,JLPT (open-anki-jlpt-decks)
人種,じんしゅ,race (of people),N3,ja,JLPT (open-anki-jlpt-decks)
信じる,しんじる,to believe,N3,ja,JLPT (open-anki-jlpt-decks)
人生,じんせい,"(human) life (e.g., conception to death)",N3,ja,JLPT (open-anki-jlpt-decks)
親戚,しんせき,relative(s),N3,ja,JLPT (open-anki-jlpt-decks)
新鮮,しんせん,fresh,N3,ja,JLPT (open-anki-jlpt-decks)
心臓,しんぞう,heart,N3,ja,JLPT (open-anki-jlpt-decks)
身体,しんたい,the body,N3,ja,JLPT (open-anki-jlpt-decks)
身長,しんちょう,"height (of body), stature",N3,ja,JLPT (open-anki-jlpt-decks)
慎重,しんちょう,"careful, prudent, cautious",N3,ja,JLPT (open-anki-jlpt-decks)
審判,しんぱん,"umpire, referee, judgment",N3,ja,JLPT (open-anki-jlpt-decks)
人物,じんぶつ,"character, personality, talented man",N3,ja,JLPT (open-anki-jlpt-decks)
進歩,しんぽ,"improvement, progress, development",N3,ja,JLPT (open-anki-jlpt-decks)
親友,しんゆう,"close friend, buddy",N3,ja,JLPT (open-anki-jlpt-decks)
信用,しんよう,"confidence, dependence",N3,ja,JLPT (open-anki-jlpt-decks)
信頼,しんらい,"reliance, trust, confidence",N3,ja,JLPT (open-anki-jlpt-decks)
心理,しんり,mentality,N3,ja,JLPT (open-anki-jlpt-decks)
人類,じんるい,"mankind, humanity",N3,ja,JLPT (open-anki-jlpt-decks)
巣,す,"nest, breeding place",N3,ja,JLPT (open-anki-jlpt-decks)
酢,す,vinegar,N3,ja,JLPT (open-anki-jlpt-decks)
図,ず,"figure, drawing, illustration",N3,ja,JLPT (open-anki-jlpt-decks)
水準,すいじゅん,"level, standard",N3,ja,JLPT (open-anki-jlpt-decks)
推薦,すいせん,recommendation,N3,ja,JLPT (open-anki-jlpt-decks)
スイッチ,スイッチ,switch,N3,ja,JLPT (open-anki-jlpt-decks)
睡眠,すいみん,sleep,N3,ja,JLPT (open-anki-jlpt-decks)
数,すう,"number, figure",N3,ja,JLPT (open-anki-jlpt-decks)
数字,すうじ,"numeral, figure",N3,ja,JLPT (open-anki-jlpt-decks)
スープ,スープ,(Western) soup,N3,ja,JLPT (open-anki-jlpt-decks)
末,すえ,"the end of, powder",N3,ja,JLPT (open-anki-jlpt-decks)
姿,すがた,"figure, shape, appearance",N3,ja,JLPT (open-anki-jlpt-decks)
スキー,スキー,ski,N3,ja,JLPT (open-anki-jlpt-decks)
救う,すくう,"to rescue from, to help out of",N3,ja,JLPT (open-anki-jlpt-decks)
すくなくとも,すくなくとも,at least,N3,ja,JLPT (open-anki-jlpt-decks)
優れる,すぐれる,"to surpass, to outstrip, to excel",N3,ja,JLPT (open-anki-jlpt-decks)
スケート,スケート,"skate(s), skating",N3,ja,JLPT (open-anki-jlpt-decks)
スケジュール,スケジュール,schedule,N3,ja,JLPT (open-anki-jlpt-decks)
少しも,すこしも,"anything of, not one bit",N3,ja,JLPT (open-anki-jlpt-decks)
過ごす,すごす,"to pass, to spend (time)",N3,ja,JLPT (open-anki-jlpt-decks)
筋,すじ,"muscle, string, line",N3,ja,JLPT (open-anki-jlpt-decks)
進める,すすめる,"to advance, to promote, to hasten",N3,ja,JLPT (open-anki-jlpt-decks)
勧める,すすめる,"to urge (someone) to do (something), to recommend",N3,ja,JLPT (open-anki-jlpt-decks)
スター,スター,star,N3,ja,JLPT (open-anki-jlpt-decks)
スタイル,スタイル,style,N3,ja,JLPT (open-anki-jlpt-decks)
スタンド,スタンド,stand,N3,ja,JLPT (open-anki-jlpt-decks)
頭痛,ずつう,headache,N3,ja,JLPT (open-anki-jlpt-decks)
ずっと,ずっと,for a long time; all the time; consecutively,N3,ja,JLPT (open-anki-jlpt-decks)
すっぱい,すっぱい,"sour, acid",N3,ja,JLPT (open-anki-jlpt-decks)
すてき,すてき,"lovely, great",N3,ja,JLPT (open-anki-jlpt-decks)
既に,すでに,already (same as もう),N3,ja,JLPT (open-anki-jlpt-decks)
すなわち,すなわち,"that is, namely, e.g.",N3,ja,JLPT (open-anki-jlpt-decks)
スピーチ,スピーチ,speech,N3,ja,JLPT (open-anki-jlpt-decks)
全て,すべて,"all, the whole, entirely",N3,ja,JLPT (open-anki-jlpt-decks)
済ませる,すませる,to be finished,N3,ja,JLPT (open-anki-jlpt-decks)
角,すみ,corner,N3,ja,JLPT (open-anki-jlpt-decks)
墨,すみ,ink,N3,ja,JLPT (open-anki-jlpt-decks)
すみません (かん),すみません (かん),"sorry, excuse me",N3,ja,JLPT (open-anki-jlpt-decks)
澄む,すむ,"to clear (e.g., weather), to become transparent",N3,ja,JLPT (open-anki-jlpt-decks)
清む,すむ,"to clear (e.g., weather), to become transparent",N3,ja,JLPT (open-anki-jlpt-decks)
刷る,する,to print,N3,ja,JLPT (open-anki-jlpt-decks)
為る,する,"to do, to attempt",N3,ja,JLPT (open-anki-jlpt-decks)
鋭い,するどい,"pointed, sharp",N3,ja,JLPT (open-anki-jlpt-decks)
すれ違う,すれちがう,to pass by one another,N3,ja,JLPT (open-anki-jlpt-decks)
ずれる,ずれる,"move, off the point",N3,ja,JLPT (open-anki-jlpt-decks)
正,せい,"(logical) true, regular",N3,ja,JLPT (open-anki-jlpt-decks)
生,せい,birth,N3,ja,JLPT (open-anki-jlpt-decks)
性,せい,"sex, gender",N3,ja,JLPT (open-anki-jlpt-decks)
姓,せい,"surname, family name",N3,ja,JLPT (open-anki-jlpt-decks)
所為,せい,"cause, reason, fault",N3,ja,JLPT (open-anki-jlpt-decks)
税,ぜい,tax,N3,ja,JLPT (open-anki-jlpt-decks)
性格,せいかく,"character, personality",N3,ja,JLPT (open-anki-jlpt-decks)
正確,せいかく,"accurate, punctuality, exact",N3,ja,JLPT (open-anki-jlpt-decks)
世紀,せいき,century,N3,ja,JLPT (open-anki-jlpt-decks)
請求,せいきゅう,"claim, demand, request",N3,ja,JLPT (open-anki-jlpt-decks)
税金,ぜいきん,"tax, duty",N3,ja,JLPT (open-anki-jlpt-decks)
清潔,せいけつ,clean,N3,ja,JLPT (open-anki-jlpt-decks)
制限,せいげん,"restriction, restraint, limitation",N3,ja,JLPT (open-anki-jlpt-decks)
成功,せいこう,"success, hit",N3,ja,JLPT (open-anki-jlpt-decks)
正式,せいしき,"official, formal",N3,ja,JLPT (open-anki-jlpt-decks)
性質,せいしつ,"nature, property, disposition",N3,ja,JLPT (open-anki-jlpt-decks)
精神,せいしん,"mind, soul, spirit",N3,ja,JLPT (open-anki-jlpt-decks)
成人,せいじん,adult,N3,ja,JLPT (open-anki-jlpt-decks)
精々,せいぜい,"at the most, at best",N3,ja,JLPT (open-anki-jlpt-decks)
成績,せいせき,"grade (i.e., on a test), academic record",N3,ja,JLPT (open-anki-jlpt-decks)
製造,せいぞう,"manufacture, production",N3,ja,JLPT (open-anki-jlpt-decks)
贅沢,ぜいたく,"luxury, extravagance",N3,ja,JLPT (open-anki-jlpt-decks)
成長,せいちょう,growth,N3,ja,JLPT (open-anki-jlpt-decks)
生長,せいちょう,growth,N3,ja,JLPT (open-anki-jlpt-decks)
制度,せいど,"system, institution",N3,ja,JLPT (open-anki-jlpt-decks)
青年,せいねん,"youth, young man",N3,ja,JLPT (open-anki-jlpt-decks)
生年月日,せいねんがっぴ,birth date,N3,ja,JLPT (open-anki-jlpt-decks)
製品,せいひん,"manufactured goods, finished goods",N3,ja,JLPT (open-anki-jlpt-decks)
政府,せいふ,"government, administration",N3,ja,JLPT (open-anki-jlpt-decks)
生物,せいぶつ,"living thing, organism",N3,ja,JLPT (open-anki-jlpt-decks)
生命,せいめい,life,N3,ja,JLPT (open-anki-jlpt-decks)
整理,せいり,"sorting, arrangement",N3,ja,JLPT (open-anki-jlpt-decks)
咳,せき,cough,N3,ja,JLPT (open-anki-jlpt-decks)
石炭,せきたん,coal,N3,ja,JLPT (open-anki-jlpt-decks)
責任,せきにん,"duty, responsibility",N3,ja,JLPT (open-anki-jlpt-decks)
石油,せきゆ,"oil, petroleum, kerosene",N3,ja,JLPT (open-anki-jlpt-decks)
世間,せけん,"world, society",N3,ja,JLPT (open-anki-jlpt-decks)
説,せつ,theory,N3,ja,JLPT (open-anki-jlpt-decks)
積極的,せっきょくてき,"positive, active, proactive",N3,ja,JLPT (open-anki-jlpt-decks)
設計,せっけい,"plan, design",N3,ja,JLPT (open-anki-jlpt-decks)
絶対,ぜったい,"definitely, without fail, absoluteness",N3,ja,JLPT (open-anki-jlpt-decks)
セット,セット,set,N3,ja,JLPT (open-anki-jlpt-decks)
愛,あい,love,N3,ja,JLPT (open-anki-jlpt-decks)
相変わらず,あいかわらず,"as ever, as usual",N3,ja,JLPT (open-anki-jlpt-decks)
愛情,あいじょう,"love, affection",N3,ja,JLPT (open-anki-jlpt-decks)
合図,あいず,"sign, signal",N3,ja,JLPT (open-anki-jlpt-decks)
アイスクリーム,アイスクリーム,ice cream,N3,ja,JLPT (open-anki-jlpt-decks)
愛する,あいする,to love,N3,ja,JLPT (open-anki-jlpt-decks)
相手,あいて,partner; addressee; the person you are talking to,N3,ja,JLPT (open-anki-jlpt-decks)
あいにく,あいにく,unfortunately,N3,ja,JLPT (open-anki-jlpt-decks)
遭う,あう,"to meet, to encounter (undesirable nuance)",N3,ja,JLPT (open-anki-jlpt-decks)
アウト,アウト,out,N3,ja,JLPT (open-anki-jlpt-decks)
明かり,あかり,"lamplight, light (in general)",N3,ja,JLPT (open-anki-jlpt-decks)
空き,あき,"vacancy, opening, space",N3,ja,JLPT (open-anki-jlpt-decks)
明らか,あきらか,"obvious, clear",N3,ja,JLPT (open-anki-jlpt-decks)
諦める,あきらめる,"to give up, to abandon",N3,ja,JLPT (open-anki-jlpt-decks)
飽きる,あきる,"to get tired of, to lose interest in",N3,ja,JLPT (open-anki-jlpt-decks)
握手,あくしゅ,handshake,N3,ja,JLPT (open-anki-jlpt-decks)
悪魔,あくま,"devil, demon, evil spirit",N3,ja,JLPT (open-anki-jlpt-decks)
明ける,あける,"to dawn, to become daylight",N3,ja,JLPT (open-anki-jlpt-decks)
揚げる,あげる,"to lift, to fry",N3,ja,JLPT (open-anki-jlpt-decks)
挙げる,あげる,"to raise; to list, to cite",N3,ja,JLPT (open-anki-jlpt-decks)
預かる,あずかる,to keep (something) for (someone),N3,ja,JLPT (open-anki-jlpt-decks)
預ける,あずける,"to give into custody, to deposit",N3,ja,JLPT (open-anki-jlpt-decks)
汗,あせ,"sweat, perspiration",N3,ja,JLPT (open-anki-jlpt-decks)
与える,あたえる,to give,N3,ja,JLPT (open-anki-jlpt-decks)
温かい,あたたかい,warm,N3,ja,JLPT (open-anki-jlpt-decks)
暖まる,あたたまる,to warm up,N3,ja,JLPT (open-anki-jlpt-decks)
温まる,あたたまる,"to warm oneself, to get warm",N3,ja,JLPT (open-anki-jlpt-decks)
暖める,あたためる,"to warm (up to someone/something), to heat (up to someone/something)",N3,ja,JLPT (open-anki-jlpt-decks)
温める,あたためる,"to warm, to heat",N3,ja,JLPT (open-anki-jlpt-decks)
辺り,あたり,"vicinity, nearby",N3,ja,JLPT (open-anki-jlpt-decks)
当たり前,あたりまえ,"usual, common, obvious",N3,ja,JLPT (open-anki-jlpt-decks)
当たる,あたる,"to be hit, to be successful",N3,ja,JLPT (open-anki-jlpt-decks)
あちこち,あちこち,here and there,N3,ja,JLPT (open-anki-jlpt-decks)
扱う,あつかう,"to treat, to handle, to deal with",N3,ja,JLPT (open-anki-jlpt-decks)
集まり,あつまり,"gathering, meeting, collection",N3,ja,JLPT (open-anki-jlpt-decks)
当てる,あてる,to hit; to apply to,N3,ja,JLPT (open-anki-jlpt-decks)
跡,あと,trace; remains; scar,N3,ja,JLPT (open-anki-jlpt-decks)
穴,あな,hole,N3,ja,JLPT (open-anki-jlpt-decks)
油,あぶら,oil,N3,ja,JLPT (open-anki-jlpt-decks)
脂,あぶら,fat,N3,ja,JLPT (open-anki-jlpt-decks)
誤り,あやまり,error,N3,ja,JLPT (open-anki-jlpt-decks)
粗,あら,"defect, flaw, fault",N3,ja,JLPT (open-anki-jlpt-decks)
嵐,あらし,storm,N3,ja,JLPT (open-anki-jlpt-decks)
争う,あらそう,"to dispute, to argue, to fight",N3,ja,JLPT (open-anki-jlpt-decks)
新た,あらた,"new, fresh",N3,ja,JLPT (open-anki-jlpt-decks)
あらゆる,あらゆる,"all, every",N3,ja,JLPT (open-anki-jlpt-decks)
表す,あらわす,"to express, to show",N3,ja,JLPT (open-anki-jlpt-decks)
現す,あらわす,"to show, to appear, to reveal",N3,ja,JLPT (open-anki-jlpt-decks)
著す,あらわす,"to write, to publish",N3,ja,JLPT (open-anki-jlpt-decks)
現れ,あらわれ,"expression, indication, sign",N3,ja,JLPT (open-anki-jlpt-decks)
現れる,あらわれる,"to appear (v.i.), to become visible; to express",N3,ja,JLPT (open-anki-jlpt-decks)
ありがとう,ありがとう,Thank you,N3,ja,JLPT (open-anki-jlpt-decks)
在る; 有る,ある,"to live, to be, to exist",N3,ja,JLPT (open-anki-jlpt-decks)
或,ある,"a certain..., some...",N3,ja,JLPT (open-anki-jlpt-decks)
あるいは,あるいは,"or, perhaps",N3,ja,JLPT (open-anki-jlpt-decks)
アルバム,アルバム,album,N3,ja,JLPT (open-anki-jlpt-decks)
泡,あわ,"bubble, foam",N3,ja,JLPT (open-anki-jlpt-decks)
合わせる,あわせる,to combine,N3,ja,JLPT (open-anki-jlpt-decks)
慌てる,あわてる,to become confused、to panic,N3,ja,JLPT (open-anki-jlpt-decks)
哀れ,あわれ,"helpless, pity, pathetic",N3,ja,JLPT (open-anki-jlpt-decks)
案,あん,"plan, scheme, proposal",N3,ja,JLPT (open-anki-jlpt-decks)
案外,あんがい,unexpectedly,N3,ja,JLPT (open-anki-jlpt-decks)
暗記,あんき,"memorization, learning by heart",N3,ja,JLPT (open-anki-jlpt-decks)
安定,あんてい,"stability, equilibrium",N3,ja,JLPT (open-anki-jlpt-decks)
あんなに,あんなに,"to that extent, to that degree",N3,ja,JLPT (open-anki-jlpt-decks)
あんまり,あんまり,"not very, not much",N3,ja,JLPT (open-anki-jlpt-decks)
胃,い,stomach,N3,ja,JLPT (open-anki-jlpt-decks)
委員,いいん,committee member,N3,ja,JLPT (open-anki-jlpt-decks)
意外,いがい,"unexpected, surprising",N3,ja,JLPT (open-anki-jlpt-decks)
行き,いき,going,N3,ja,JLPT (open-anki-jlpt-decks)
行き,ゆき,going,N3,ja,JLPT (open-anki-jlpt-decks)
息,いき,breath,N3,ja,JLPT (open-anki-jlpt-decks)
勢い,いきおい,"force, vigor, momentum",N3,ja,JLPT (open-anki-jlpt-decks)
生き物,いきもの,"living thing, creature",N3,ja,JLPT (open-anki-jlpt-decks)
いけない,いけない,"must not do, bad, wrong",N3,ja,JLPT (open-anki-jlpt-decks)
医師,いし,"doctor, physician",N3,ja,JLPT (open-anki-jlpt-decks)
意思,いし,"intention, purpose",N3,ja,JLPT (open-anki-jlpt-decks)
意志,いし,"will, volition",N3,ja,JLPT (open-anki-jlpt-decks)
維持,いじ,"maintenance, preservation",N3,ja,JLPT (open-anki-jlpt-decks)
意識,いしき,"consciousness, senses",N3,ja,JLPT (open-anki-jlpt-decks)
異常,いじょう,"strangeness, abnormality, disorder",N3,ja,JLPT (open-anki-jlpt-decks)
意地悪,いじわる,"malicious, mean, unkind",N3,ja,JLPT (open-anki-jlpt-decks)
泉,いずみ,"spring, fountain",N3,ja,JLPT (open-anki-jlpt-decks)
いずれ,いずれ,"where, which, who",N3,ja,JLPT (open-anki-jlpt-decks)
以前,いぜん,in the past; before,N3,ja,JLPT (open-anki-jlpt-decks)
板,いた,"board, plank",N3,ja,JLPT (open-anki-jlpt-decks)
偉大,いだい,greatness,N3,ja,JLPT (open-anki-jlpt-decks)
抱く,いだく,"to hold (v.t.) (written expression), to embrace, to harbor",N3,ja,JLPT (open-anki-jlpt-decks)
いたずら,いたずら,"trick, practical joke",N3,ja,JLPT (open-anki-jlpt-decks)
いただきます,いただきます,expression of gratitude before meals,N3,ja,JLPT (open-anki-jlpt-decks)
痛み,いたみ,"pain, ache, sore",N3,ja,JLPT (open-anki-jlpt-decks)
至る,いたる,"to come, to arrive",N3,ja,JLPT (open-anki-jlpt-decks)
市,いち,"market, fair",N3,ja,JLPT (open-anki-jlpt-decks)
位置,いち,"place, position",N3,ja,JLPT (open-anki-jlpt-decks)
一時,いちじ,"for a time, temporarily",N3,ja,JLPT (open-anki-jlpt-decks)
一度に,いちどに,all at once,N3,ja,JLPT (open-anki-jlpt-decks)
市場,いちば,"market, bazaar",N3,ja,JLPT (open-anki-jlpt-decks)
いつか,いつか,"sometime, one day",N3,ja,JLPT (open-anki-jlpt-decks)
一家,いっか,"family, clan",N3,ja,JLPT (open-anki-jlpt-decks)
一種,いっしゅ,"a species, a kind, a variety",N3,ja,JLPT (open-anki-jlpt-decks)
一瞬,いっしゅん,"a moment, an instant",N3,ja,JLPT (open-anki-jlpt-decks)
一生,いっしょう,throughout (one's) life,N3,ja,JLPT (open-anki-jlpt-decks)
一層,いっそう,"much more, still more",N3,ja,JLPT (open-anki-jlpt-decks)
一体,いったい,one object; body; what on earth?; generally,N3,ja,JLPT (open-anki-jlpt-decks)
一致,いっち,agreement; conformity,N3,ja,JLPT (open-anki-jlpt-decks)
いつでも,いつでも,"(at) any time, always",N3,ja,JLPT (open-anki-jlpt-decks)
いつのまにか,いつのまにか,before one knows,N3,ja,JLPT (open-anki-jlpt-decks)
一般,いっぱん,"general, average",N3,ja,JLPT (open-anki-jlpt-decks)
一方,いっぽう,on the other hand; meanwhile,N3,ja,JLPT (open-anki-jlpt-decks)
いつまでも,いつまでも,"forever, for good, eternally",N3,ja,JLPT (open-anki-jlpt-decks)
移動,いどう,"migration, movement",N3,ja,JLPT (open-anki-jlpt-decks)
従兄弟,いとこ,cousin (male),N3,ja,JLPT (open-anki-jlpt-decks)
従姉妹,いとこ,cousin (female),N3,ja,JLPT (open-anki-jlpt-decks)
稲,いね,rice-plant,N3,ja,JLPT (open-anki-jlpt-decks)
居眠り,いねむり,"dozing, nodding off",N3,ja,JLPT (open-anki-jlpt-decks)
命,いのち,life,N3,ja,JLPT (open-anki-jlpt-decks)
違反,いはん,"violation (of law), infringement",N3,ja,JLPT (open-anki-jlpt-decks)
衣服,いふく,clothes,N3,ja,JLPT (open-anki-jlpt-decks)
居間,いま,living room,N3,ja,JLPT (open-anki-jlpt-decks)
今に,いまに,"before long, soon",N3,ja,JLPT (open-anki-jlpt-decks)
今にも,いまにも,"at any time, soon",N3,ja,JLPT (open-anki-jlpt-decks)
イメージ,イメージ,one's image,N3,ja,JLPT (open-anki-jlpt-decks)
否,いや,"no, the noes",N3,ja,JLPT (open-anki-jlpt-decks)
以来,いらい,"since, henceforth",N3,ja,JLPT (open-anki-jlpt-decks)
依頼,いらい,request; dependence,N3,ja,JLPT (open-anki-jlpt-decks)
いらいら,いらいら,"getting nervous, irritation",N3,ja,JLPT (open-anki-jlpt-decks)
いらっしゃい,いらっしゃい,welcome,N3,ja,JLPT (open-anki-jlpt-decks)
医療,いりょう,"medical care, medical treatment",N3,ja,JLPT (open-anki-jlpt-decks)
岩,いわ,rock,N3,ja,JLPT (open-anki-jlpt-decks)
祝い,いわい,"celebration, festival",N3,ja,JLPT (open-anki-jlpt-decks)
祝う,いわう,"to congratulate, to celebrate",N3,ja,JLPT (open-anki-jlpt-decks)
言わば,いわば,so to speak,N3,ja,JLPT (open-anki-jlpt-decks)
いわゆる,いわゆる,"the so-called, so-to-speak",N3,ja,JLPT (open-anki-jlpt-decks)
インク,インク,ink,N3,ja,JLPT (open-anki-jlpt-decks)
印刷,いんさつ,printing,N3,ja,JLPT (open-anki-jlpt-decks)
印象,いんしょう,impression,N3,ja,JLPT (open-anki-jlpt-decks)
引退,いんたい,retirement,N3,ja,JLPT (open-anki-jlpt-decks)
インタビュー,インタビュー,interview,N3,ja,JLPT (open-anki-jlpt-decks)
引用,いんよう,"quotation, citation",N3,ja,JLPT (open-anki-jlpt-decks)
ウイスキー,ウイスキー,whiskey,N3,ja,JLPT (open-anki-jlpt-decks)
上,うわ,"upper, outer, surface",N3,ja,JLPT (open-anki-jlpt-decks)
魚,うお,fish,N3,ja,JLPT (open-anki-jlpt-decks)
うがい,うがい,gargling,N3,ja,JLPT (open-anki-jlpt-decks)
受け取る,うけとる,"to receive, to get, to accept",N3,ja,JLPT (open-anki-jlpt-decks)
動かす,うごかす,"to move, to shift",N3,ja,JLPT (open-anki-jlpt-decks)
兎,うさぎ,"rabbit, hare",N3,ja,JLPT (open-anki-jlpt-decks)
牛,うし,"cattle, cow",N3,ja,JLPT (open-anki-jlpt-decks)
失う,うしなう,"to lose, to part with",N3,ja,JLPT (open-anki-jlpt-decks)
疑う,うたがう,"to doubt, to distrust",N3,ja,JLPT (open-anki-jlpt-decks)
宇宙,うちゅう,"universe, cosmos, space",N3,ja,JLPT (open-anki-jlpt-decks)
討つ,うつ,"to attack, to avenge",N3,ja,JLPT (open-anki-jlpt-decks)
撃つ,うつ,"to attack, to shoot",N3,ja,JLPT (open-anki-jlpt-decks)
うっかり,うっかり,carelessly; inadvertently,N3,ja,JLPT (open-anki-jlpt-decks)
映す,うつす,"to project, to reflect, to cast (shadow)",N3,ja,JLPT (open-anki-jlpt-decks)
訴える,うったえる,"to complain, to appeal, to sue (a person)",N3,ja,JLPT (open-anki-jlpt-decks)
写る,うつる,"to be photographed, to be projected",N3,ja,JLPT (open-anki-jlpt-decks)
映る,うつる,"to be reflected, to come out (photo)",N3,ja,JLPT (open-anki-jlpt-decks)
うなる,うなる,"to groan, to moan",N3,ja,JLPT (open-anki-jlpt-decks)
奪う,うばう,"to rob, to deprive",N3,ja,JLPT (open-anki-jlpt-decks)
馬,うま,horse; promoted bishop (in Japanese chess known as shogi),N3,ja,JLPT (open-anki-jlpt-decks)
生まれ,うまれ,"birth, birth-place",N3,ja,JLPT (open-anki-jlpt-decks)
有無,うむ,"yes or no, presence or absence",N3,ja,JLPT (open-anki-jlpt-decks)
梅,うめ,"plum, lowest (of a three-tier ranking system)",N3,ja,JLPT (open-anki-jlpt-decks)
埋める,うめる,"to bury, to fill up, to fill (a seat, a vacant position)",N3,ja,JLPT (open-anki-jlpt-decks)
裏切る,うらぎる,"to betray, to turn traitor",N3,ja,JLPT (open-anki-jlpt-decks)
羨ましい,うらやましい,"envious, enviable",N3,ja,JLPT (open-anki-jlpt-decks)
売れる,うれる,to be sold,N3,ja,JLPT (open-anki-jlpt-decks)
噂,うわさ,"rumor, gossip",N3,ja,JLPT (open-anki-jlpt-decks)
運,うん,"fortune, luck",N3,ja,JLPT (open-anki-jlpt-decks)
運転,うんてん,"operation, driving",N3,ja,JLPT (open-anki-jlpt-decks)
柄,え,"handle (of a sword, dagger, etc.), grip",N3,ja,JLPT (open-anki-jlpt-decks)
永遠,えいえん,"eternity, perpetuity, immortality",N3,ja,JLPT (open-anki-jlpt-decks)
永久,えいきゅう,"eternity, perpetuity, immortality",N3,ja,JLPT (open-anki-jlpt-decks)
影響,えいきょう,"influence, effect",N3,ja,JLPT (open-anki-jlpt-decks)
営業,えいぎょう,"business, trade, management",N3,ja,JLPT (open-anki-jlpt-decks)
衛星,えいせい,satellite,N3,ja,JLPT (open-anki-jlpt-decks)
栄養,えいよう,"nutrition, nourishment",N3,ja,JLPT (open-anki-jlpt-decks)
笑顔,えがお,smile (on one's face),N3,ja,JLPT (open-anki-jlpt-decks)
描く,えがく,"to draw, to depict, to describe",N3,ja,JLPT (open-anki-jlpt-decks)
餌,えさ,"feed, bait",N3,ja,JLPT (open-anki-jlpt-decks)
エネルギー,エネルギー,energy (GER: energie),N3,ja,JLPT (open-anki-jlpt-decks)
得る,える,"to get, to gain, to win, to learn",N3,ja,JLPT (open-anki-jlpt-decks)
得る,うる,"to get, to gain, to win",N3,ja,JLPT (open-anki-jlpt-decks)
円,えん,"circle, yen",N3,ja,JLPT (open-anki-jlpt-decks)
延期,えんき,"postponement, adjournment",N3,ja,JLPT (open-anki-jlpt-decks)
演技,えんぎ,"acting, performance",N3,ja,JLPT (open-anki-jlpt-decks)
援助,えんじょ,"assistance, aid, support",N3,ja,JLPT (open-anki-jlpt-decks)
エンジン,エンジン,engine,N3,ja,JLPT (open-anki-jlpt-decks)
演説,えんぜつ,"speech, address",N3,ja,JLPT (open-anki-jlpt-decks)
演奏,えんそう,musical performance,N3,ja,JLPT (open-anki-jlpt-decks)
老い,おい,"old age, the aged",N3,ja,JLPT (open-anki-jlpt-decks)
追い付く,おいつく,"to overtake, to catch up (with)",N3,ja,JLPT (open-anki-jlpt-decks)
王,おう,king,N3,ja,JLPT (open-anki-jlpt-decks)
追う,おう,"to chase, to run after",N3,ja,JLPT (open-anki-jlpt-decks)
応援,おうえん,"aid, assistance, help",N3,ja,JLPT (open-anki-jlpt-decks)
王様,おうさま,king,N3,ja,JLPT (open-anki-jlpt-decks)
王子,おうじ,prince,N3,ja,JLPT (open-anki-jlpt-decks)
応じる,おうじる,"to adapt, to respond, to comply with",N3,ja,JLPT (open-anki-jlpt-decks)
横断,おうだん,crossing,N3,ja,JLPT (open-anki-jlpt-decks)
終える,おえる,to finish,N3,ja,JLPT (open-anki-jlpt-decks)
大いに,おおいに,"much, considerably (same as 大変 (たいへん)), greatly",N3,ja,JLPT (open-anki-jlpt-decks)
覆う,おおう,"to cover, to hide, to conceal",N3,ja,JLPT (open-anki-jlpt-decks)
大家,おおや,landlord,N3,ja,JLPT (open-anki-jlpt-decks)
丘,おか,"hill, height",N3,ja,JLPT (open-anki-jlpt-decks)
沖,おき,open sea,N3,ja,JLPT (open-anki-jlpt-decks)
奥,おく,"interior, inner part",N3,ja,JLPT (open-anki-jlpt-decks)
贈る,おくる,"to present, to give to, to award to",N3,ja,JLPT (open-anki-jlpt-decks)
起こる,おこる,"to occur, to happen",N3,ja,JLPT (open-anki-jlpt-decks)
押える,おさえる,"to stop, to restrain, to press down",N3,ja,JLPT (open-anki-jlpt-decks)
幼い,おさない,"very young, childish",N3,ja,JLPT (open-anki-jlpt-decks)
収める,おさめる,"to store to pay, to supply",N3,ja,JLPT (open-anki-jlpt-decks)
納める,おさめる,"to store to pay, to supply",N3,ja,JLPT (open-anki-jlpt-decks)
治める,おさめる,"to govern, to manage; to subdue",N3,ja,JLPT (open-anki-jlpt-decks)
お辞儀,おじぎ,bow,N3,ja,JLPT (open-anki-jlpt-decks)
お洒落,おしゃれ,"smartly dressed, fashion-conscious",N3,ja,JLPT (open-anki-jlpt-decks)
お喋り,おしゃべり,"chattering, talk",N3,ja,JLPT (open-anki-jlpt-decks)
汚染,おせん,"pollution, contamination",N3,ja,JLPT (open-anki-jlpt-decks)
恐らく,おそらく,perhaps,N3,ja,JLPT (open-anki-jlpt-decks)
恐れる,おそれる,"to fear, to be afraid of",N3,ja,JLPT (open-anki-jlpt-decks)
恐ろしい,おそろしい,"terrible, dreadful",N3,ja,JLPT (open-anki-jlpt-decks)
教わる,おそわる,to be taught,N3,ja,JLPT (open-anki-jlpt-decks)
お互い,おたがい,"mutual, reciprocal, each other",N3,ja,JLPT (open-anki-jlpt-decks)
穏やか,おだやか,"calm, gentle, quiet",N3,ja,JLPT (open-anki-jlpt-decks)
男の人,おとこのひと,man,N3,ja,JLPT (open-anki-jlpt-decks)
大人しい,おとなしい,"obedient, docile, quiet",N3,ja,JLPT (open-anki-jlpt-decks)
劣る,おとる,"to fall behind, to be inferior to",N3,ja,JLPT (open-anki-jlpt-decks)
鬼,おに,"ogre, demon, 'it' (e.g.,in a game of tag)",N3,ja,JLPT (open-anki-jlpt-decks)
帯,おび,"band, sash",N3,ja,JLPT (open-anki-jlpt-decks)
お昼,おひる,"lunch, noon",N3,ja,JLPT (open-anki-jlpt-decks)
オフィス,オフィス,office,N3,ja,JLPT (open-anki-jlpt-decks)
溺れる,おぼれる,"to be drowned, to indulge in",N3,ja,JLPT (open-anki-jlpt-decks)
お前,おまえ,"you (sing), presence (of a high personage)",N3,ja,JLPT (open-anki-jlpt-decks)
おめでとう,おめでとう,"Congratulations!, an auspicious occasion!",N3,ja,JLPT (open-anki-jlpt-decks)
お目に掛かる,おめにかかる,"meet ~, see ~",N3,ja,JLPT (open-anki-jlpt-decks)
思い付く,おもいつく,"to think of, to hit upon",N3,ja,JLPT (open-anki-jlpt-decks)
思い出,おもいで,"memories, recollections, reminiscence",N3,ja,JLPT (open-anki-jlpt-decks)
主に,おもに,"mainly, primarily",N3,ja,JLPT (open-anki-jlpt-decks)
思わず,おもわず,"unintentional, spontaneous",N3,ja,JLPT (open-anki-jlpt-decks)
泳ぎ,およぎ,swimming,N3,ja,JLPT (open-anki-jlpt-decks)
およそ,およそ,"about, roughly, approximately",N3,ja,JLPT (open-anki-jlpt-decks)
及ぼす,およぼす,"to exert, to cause, to exercise",N3,ja,JLPT (open-anki-jlpt-decks)
下す,おろす,"to lower, to let go down",N3,ja,JLPT (open-anki-jlpt-decks)
降ろす,おろす,"to take down, to launch, to drop",N3,ja,JLPT (open-anki-jlpt-decks)
卸す,おろす,"to sell wholesale, grated (vegetables)",N3,ja,JLPT (open-anki-jlpt-decks)
音,おん,"sound, note",N3,ja,JLPT (open-anki-jlpt-decks)
恩,おん,"favor, obligation, debt of gratitude",N3,ja,JLPT (open-anki-jlpt-decks)
温暖,おんだん,warmth,N3,ja,JLPT (open-anki-jlpt-decks)
温度,おんど,temperature,N3,ja,JLPT (open-anki-jlpt-decks)
可,か,passable,N3,ja,JLPT (open-anki-jlpt-decks)
蚊,か,mosquito,N3,ja,JLPT (open-anki-jlpt-decks)
課,か,"department, division",N3,ja,JLPT (open-anki-jlpt-decks)
カー,カー,car,N3,ja,JLPT (open-anki-jlpt-decks)
カード,カード,"card, curd",N3,ja,JLPT (open-anki-jlpt-decks)
貝,かい,"shell, shellfish",N3,ja,JLPT (open-anki-jlpt-decks)
害,がい,"harm, damage",N3,ja,JLPT (open-anki-jlpt-decks)
会員,かいいん,"member, the membership",N3,ja,JLPT (open-anki-jlpt-decks)
絵画,かいが,"picture, painting",N3,ja,JLPT (open-anki-jlpt-decks)
海外,かいがい,"foreign, abroad, overseas",N3,ja,JLPT (open-anki-jlpt-decks)
会計,かいけい,"account, finance",N3,ja,JLPT (open-anki-jlpt-decks)
解決,かいけつ,"settlement, solution, resolution",N3,ja,JLPT (open-anki-jlpt-decks)
会合,かいごう,"meeting, assembly",N3,ja,JLPT (open-anki-jlpt-decks)
外交,がいこう,diplomacy,N3,ja,JLPT (open-anki-jlpt-decks)
開始,かいし,"start, commencement, beginning",N3,ja,JLPT (open-anki-jlpt-decks)
解釈,かいしゃく,"explanation, interpretation",N3,ja,JLPT (open-anki-jlpt-decks)
外出,がいしゅつ,"outing, going out",N3,ja,JLPT (open-anki-jlpt-decks)
改善,かいぜん,"betterment, improvement",N3,ja,JLPT (open-anki-jlpt-decks)
快適,かいてき,"pleasant, agreeable",N3,ja,JLPT (open-anki-jlpt-decks)
回復,かいふく,"recovery (from illness), rehabilitation, restoration",N3,ja,JLPT (open-anki-jlpt-decks)
飼う,かう,to keep; to own (a pet); to raise; to feed,N3,ja,JLPT (open-anki-jlpt-decks)
帰す,かえす,to send back,N3,ja,JLPT (open-anki-jlpt-decks)
代える,かえる,"to exchange, to interchange, to substitute",N3,ja,JLPT (open-anki-jlpt-decks)
替える,かえる,"to exchange, to interchange, to substitute",N3,ja,JLPT (open-anki-jlpt-decks)
換える,かえる,"to exchange, to interchange, to substitute",N3,ja,JLPT (open-anki-jlpt-decks)
反る,かえる,"to warp, to be warped, to curve",N3,ja,JLPT (open-anki-jlpt-decks)
香り,かおり,"aroma, fragrance",N3,ja,JLPT (open-anki-jlpt-decks)
画家,がか,painter,N3,ja,JLPT (open-anki-jlpt-decks)
抱える,かかえる,to hold or carry under or in the arms,N3,ja,JLPT (open-anki-jlpt-decks)
価格,かかく,"price, value",N3,ja,JLPT (open-anki-jlpt-decks)
化学,かがく,chemistry,N3,ja,JLPT (open-anki-jlpt-decks)
輝く,かがやく,"to shine, to glitter, to sparkle",N3,ja,JLPT (open-anki-jlpt-decks)
係,かかり,person in charge,N3,ja,JLPT (open-anki-jlpt-decks)
罹る,かかる,to suffer from,N3,ja,JLPT (open-anki-jlpt-decks)
限る,かぎる,"to restrict, to limit, to confine",N3,ja,JLPT (open-anki-jlpt-decks)
掻く,かく,to scratch,N3,ja,JLPT (open-anki-jlpt-decks)
描く,かく,"to draw, to depict, to describe",N3,ja,JLPT (open-anki-jlpt-decks)
嗅ぐ,かぐ,"to sniff, to smell",N3,ja,JLPT (open-anki-jlpt-decks)
家具,かぐ,furniture,N3,ja,JLPT (open-anki-jlpt-decks)
学,がく,"learning, knowledge",N3,ja,JLPT (open-anki-jlpt-decks)
額,がく,amount; frame,N3,ja,JLPT (open-anki-jlpt-decks)
覚悟,かくご,"resolution, resignation, readiness",N3,ja,JLPT (open-anki-jlpt-decks)
確実,かくじつ,"certainty, reliability, soundness",N3,ja,JLPT (open-anki-jlpt-decks)
学者,がくしゃ,scholar,N3,ja,JLPT (open-anki-jlpt-decks)
学習,がくしゅう,"study, learning",N3,ja,JLPT (open-anki-jlpt-decks)
隠す,かくす,"to hide, to conceal",N3,ja,JLPT (open-anki-jlpt-decks)
拡大,かくだい,"magnification, enlargement",N3,ja,JLPT (open-anki-jlpt-decks)
確認,かくにん,"affirmation, confirmation",N3,ja,JLPT (open-anki-jlpt-decks)
学問,がくもん,"scholarship, study, learning",N3,ja,JLPT (open-anki-jlpt-decks)
隠れる,かくれる,"to hide, to be hidden",N3,ja,JLPT (open-anki-jlpt-decks)
影,かげ,"shade, shadow, other side",N3,ja,JLPT (open-anki-jlpt-decks)
陰,かげ,"shade, shadow, other side",N3,ja,JLPT (open-anki-jlpt-decks)
欠ける,かける,to be lacking,N3,ja,JLPT (open-anki-jlpt-decks)
加減,かげん,adjustment; addition and subtraction,N3,ja,JLPT (open-anki-jlpt-decks)
過去,かこ,past,N3,ja,JLPT (open-anki-jlpt-decks)
籠,かご,"basket, cage",N3,ja,JLPT (open-anki-jlpt-decks)
囲む,かこむ,"to surround, to encircle",N3,ja,JLPT (open-anki-jlpt-decks)
火災,かさい,"conflagration, fire",N3,ja,JLPT (open-anki-jlpt-decks)
重なる,かさなる,"to be piled up, lie on top of one another",N3,ja,JLPT (open-anki-jlpt-decks)
重ねる,かさねる,"to pile up, to put something on another, to heap up",N3,ja,JLPT (open-anki-jlpt-decks)
飾り,かざり,decoration,N3,ja,JLPT (open-anki-jlpt-decks)
貸し,かし,"loan, lending",N3,ja,JLPT (open-anki-jlpt-decks)
菓子,かし,"confectionery, sweet",N3,ja,JLPT (open-anki-jlpt-decks)
家事,かじ,household matters; housework (same as 家の仕事 (いえのしごと)),N3,ja,JLPT (open-anki-jlpt-decks)
賢い,かしこい,"wise, clever, smart",N3,ja,JLPT (open-anki-jlpt-decks)
歌手,かしゅ,singer,N3,ja,JLPT (open-anki-jlpt-decks)
数,かず,"number, figure, amount",N3,ja,JLPT (open-anki-jlpt-decks)
稼ぐ,かせぐ,"to earn income, to labor",N3,ja,JLPT (open-anki-jlpt-decks)
数える,かぞえる,to count,N3,ja,JLPT (open-anki-jlpt-decks)
型,かた,"mold, model, style",N3,ja,JLPT (open-anki-jlpt-decks)
肩,かた,shoulder,N3,ja,JLPT (open-anki-jlpt-decks)
堅い,かたい,"hard, firm, solid",N3,ja,JLPT (open-anki-jlpt-decks)
硬い,かたい,"hard, firm, solid",N3,ja,JLPT (open-anki-jlpt-decks)
方々,かたがた,persons,N3,ja,JLPT (open-anki-jlpt-decks)
片付く,かたづく,"to put in order, to solve",N3,ja,JLPT (open-anki-jlpt-decks)
刀,かたな,"sword, saber",N3,ja,JLPT (open-anki-jlpt-decks)
語る,かたる,"to talk, to tell, to recite",N3,ja,JLPT (open-anki-jlpt-decks)
勝ち,かち,"win, victory",N3,ja,JLPT (open-anki-jlpt-decks)
価値,かち,"value, worth, merit",N3,ja,JLPT (open-anki-jlpt-decks)
がっかり,がっかり,"feel disappointed, be dejected, lose heart",N3,ja,JLPT (open-anki-jlpt-decks)
活気,かっき,vigor; liveliness; vitality; energy,N3,ja,JLPT (open-anki-jlpt-decks)
楽器,がっき,musical instrument,N3,ja,JLPT (open-anki-jlpt-decks)
学期,がっき,term (school),N3,ja,JLPT (open-anki-jlpt-decks)
活動,かつどう,"action, activity",N3,ja,JLPT (open-anki-jlpt-decks)
活躍,かつやく,activity,N3,ja,JLPT (open-anki-jlpt-decks)
活用,かつよう,conjugation; practical use,N3,ja,JLPT (open-anki-jlpt-decks)
仮定,かてい,"assumption, supposition, hypothesis",N3,ja,JLPT (open-anki-jlpt-decks)
過程,かてい,process,N3,ja,JLPT (open-anki-jlpt-decks)
課程,かてい,"course, curriculum",N3,ja,JLPT (open-anki-jlpt-decks)
悲しむ,かなしむ,"to be sad, to mourn for, to regret",N3,ja,JLPT (open-anki-jlpt-decks)
必ずしも,かならずしも,"(not) always, (not) necessarily",N3,ja,JLPT (open-anki-jlpt-decks)
かなり,かなり,"considerably, fairly, quite",N3,ja,JLPT (open-anki-jlpt-decks)
金,かね,"gold, metal; money",N3,ja,JLPT (open-anki-jlpt-decks)
鐘,かね,"bell, chime",N3,ja,JLPT (open-anki-jlpt-decks)
可能,かのう,"possible, practicable, feasible",N3,ja,JLPT (open-anki-jlpt-decks)
株,かぶ,stock; stump (of tree),N3,ja,JLPT (open-anki-jlpt-decks)
被る,かぶる,to wear; to be covered with,N3,ja,JLPT (open-anki-jlpt-decks)
我慢,がまん,"patience, endurance, perseverance",N3,ja,JLPT (open-anki-jlpt-decks)
上,かみ,first volume; superior quality; governmental,N3,ja,JLPT (open-anki-jlpt-decks)
神,かみ,god,N3,ja,JLPT (open-anki-jlpt-decks)
雷,かみなり,thunder,N3,ja,JLPT (open-anki-jlpt-decks)
髪の毛,かみのけ,hair (head),N3,ja,JLPT (open-anki-jlpt-decks)
科目,かもく,"(school) subject, curriculum, course",N3,ja,JLPT (open-anki-jlpt-decks)
かもしれない,かもしれない,"maybe, perhaps",N3,ja,JLPT (open-anki-jlpt-decks)
かゆい,かゆい,"itchy, itching",N3,ja,JLPT (open-anki-jlpt-decks)
歌謡,かよう,"song, ballad",N3,ja,JLPT (open-anki-jlpt-decks)
空,から,empty,N3,ja,JLPT (open-anki-jlpt-decks)
殻,から,"shell, husk, hull",N3,ja,JLPT (open-anki-jlpt-decks)
柄,がら,pattern; build; character,N3,ja,JLPT (open-anki-jlpt-decks)
刈る,かる,"to cut (hair), to mow (grass), to harvest",N3,ja,JLPT (open-anki-jlpt-decks)
河,かわ,"river, stream",N3,ja,JLPT (open-anki-jlpt-decks)
皮,かわ,"skin, hide, leather",N3,ja,JLPT (open-anki-jlpt-decks)
革,かわ,leather,N3,ja,JLPT (open-anki-jlpt-decks)
可愛そう,かわいそう,"poor, pitiable, pathetic",N3,ja,JLPT (open-anki-jlpt-decks)
可愛らしい,かわいらしい,"lovely, sweet",N3,ja,JLPT (open-anki-jlpt-decks)
乾かす,かわかす,to dry,N3,ja,JLPT (open-anki-jlpt-decks)
渇く,かわく,to be thirsty,N3,ja,JLPT (open-anki-jlpt-decks)
代る,かわる,"to take the place of, to relieve, to be substituted for",N3,ja,JLPT (open-anki-jlpt-decks)
缶,かん,"can, tin",N3,ja,JLPT (open-anki-jlpt-decks)
勘,かん,"perception, intuition, the sixth sense",N3,ja,JLPT (open-anki-jlpt-decks)
考え,かんがえ,"thinking, thought, ideas",N3,ja,JLPT (open-anki-jlpt-decks)
感覚,かんかく,"sense, sensation",N3,ja,JLPT (open-anki-jlpt-decks)
間隔,かんかく,"space, interval, SPC",N3,ja,JLPT (open-anki-jlpt-decks)
観客,かんきゃく,"audience, spectator(s)",N3,ja,JLPT (open-anki-jlpt-decks)
環境,かんきょう,"environment, circumstance",N3,ja,JLPT (open-anki-jlpt-decks)
歓迎,かんげい,"welcome, reception",N3,ja,JLPT (open-anki-jlpt-decks)
観光,かんこう,sightseeing,N3,ja,JLPT (open-anki-jlpt-decks)
観察,かんさつ,"observation, survey",N3,ja,JLPT (open-anki-jlpt-decks)
感じ,かんじ,"feeling, sense, impression",N3,ja,JLPT (open-anki-jlpt-decks)
感謝,かんしゃ,"thanks, gratitude",N3,ja,JLPT (open-anki-jlpt-decks)
患者,かんじゃ,patient,N3,ja,JLPT (open-anki-jlpt-decks)
勘定,かんじょう,"calculation, counting, consideration",N3,ja,JLPT (open-anki-jlpt-decks)
感情,かんじょう,"emotion(s), feeling(s), sentiment",N3,ja,JLPT (open-anki-jlpt-decks)
感じる,かんじる,"to feel, to sense",N3,ja,JLPT (open-anki-jlpt-decks)
感心,かんしん,admiration,N3,ja,JLPT (open-anki-jlpt-decks)
関心,かんしん,"concern, interest",N3,ja,JLPT (open-anki-jlpt-decks)
関する,かんする,"to concern, to be related",N3,ja,JLPT (open-anki-jlpt-decks)
完成,かんせい,"complete, completion; perfection",N3,ja,JLPT (open-anki-jlpt-decks)
完全,かんぜん,"perfection, completeness",N3,ja,JLPT (open-anki-jlpt-decks)
乾燥,かんそう,"dry, arid, dehydrated",N3,ja,JLPT (open-anki-jlpt-decks)
感想,かんそう,"(one's) impressions, (one's) thoughts",N3,ja,JLPT (open-anki-jlpt-decks)
感動,かんどう,"being deeply moved, excitement",N3,ja,JLPT (open-anki-jlpt-decks)
監督,かんとく,"supervision, control, (movie) director",N3,ja,JLPT (open-anki-jlpt-decks)
管理,かんり,"control, management (e.g., of a business)",N3,ja,JLPT (open-anki-jlpt-decks)
完了,かんりょう,"completion, conclusion",N3,ja,JLPT (open-anki-jlpt-decks)
関連,かんれん,"relation, connection, relevance",N3,ja,JLPT (open-anki-jlpt-decks)
議員,ぎいん,"member of the Diet, congress, or parliament",N3,ja,JLPT (open-anki-jlpt-decks)
記憶,きおく,"memory, recollection, remembrance",N3,ja,JLPT (open-anki-jlpt-decks)
気温,きおん,temperature (weather - not used for things),N3,ja,JLPT (open-anki-jlpt-decks)
機械,きかい,"machine, machinery",N3,ja,JLPT (open-anki-jlpt-decks)
器械,きかい,instrument,N3,ja,JLPT (open-anki-jlpt-decks)
議会,ぎかい,"Diet, congress, parliament",N3,ja,JLPT (open-anki-jlpt-decks)
期間,きかん,"period, term",N3,ja,JLPT (open-anki-jlpt-decks)
機関,きかん,"engine; institution, organization",N3,ja,JLPT (open-anki-jlpt-decks)
企業,きぎょう,"industry, business, undertaking",N3,ja,JLPT (open-anki-jlpt-decks)
効く,きく,to be effective,N3,ja,JLPT (open-anki-jlpt-decks)
期限,きげん,"deadline, term",N3,ja,JLPT (open-anki-jlpt-decks)
機嫌,きげん,"humor, temper, mood",N3,ja,JLPT (open-anki-jlpt-decks)
気候,きこう,climate,N3,ja,JLPT (open-anki-jlpt-decks)
岸,きし,"bank, coast, shore",N3,ja,JLPT (open-anki-jlpt-decks)
生地,きじ,fabric; dough,N3,ja,JLPT (open-anki-jlpt-decks)
記事,きじ,"article, news story",N3,ja,JLPT (open-anki-jlpt-decks)
技師,ぎし,"engineer, technician",N3,ja,JLPT (open-anki-jlpt-decks)
記者,きしゃ,reporter,N3,ja,JLPT (open-anki-jlpt-decks)
傷,きず,"wound, injury, hurt",N3,ja,JLPT (open-anki-jlpt-decks)
期待,きたい,"expectation, anticipation, hope",N3,ja,JLPT (open-anki-jlpt-decks)
気体,きたい,"vapor, gas",N3,ja,JLPT (open-anki-jlpt-decks)
帰宅,きたく,returning home,N3,ja,JLPT (open-anki-jlpt-decks)
貴重,きちょう,"precious, valuable",N3,ja,JLPT (open-anki-jlpt-decks)
議長,ぎちょう,chairman,N3,ja,JLPT (open-anki-jlpt-decks)
きちんと,きちんと,"precisely, accurately",N3,ja,JLPT (open-anki-jlpt-decks)
きつい,きつい,"tight, close, intense",N3,ja,JLPT (open-anki-jlpt-decks)
気付く,きづく,"to notice, to recognize, to become aware of",N3,ja,JLPT (open-anki-jlpt-decks)
気に入る,きにいる,"to like, to be please",N3,ja,JLPT (open-anki-jlpt-decks)
記入,きにゅう,"entry, filling in of forms",N3,ja,JLPT (open-anki-jlpt-decks)
記念,きねん,"commemoration, memory",N3,ja,JLPT (open-anki-jlpt-decks)
機能,きのう,"function, faculty",N3,ja,JLPT (open-anki-jlpt-decks)
気の毒,きのどく,"pitiful, a pity",N3,ja,JLPT (open-anki-jlpt-decks)
寄付,きふ,"contribution, donation",N3,ja,JLPT (open-anki-jlpt-decks)
希望,きぼう,"hope, wish, aspiration",N3,ja,JLPT (open-anki-jlpt-decks)
基本,きほん,"basic, basis",N3,ja,JLPT (open-anki-jlpt-decks)
決まり,きまり,"settlement, conclusion, rule",N3,ja,JLPT (open-anki-jlpt-decks)
気味,きみ,"-like, -looking, -looked",N3,ja,JLPT (open-anki-jlpt-decks)
奇妙,きみょう,"strange, queer, curious",N3,ja,JLPT (open-anki-jlpt-decks)
義務,ぎむ,"duty, obligation, responsibility",N3,ja,JLPT (open-anki-jlpt-decks)
疑問,ぎもん,"question, problem, doubt",N3,ja,JLPT (open-anki-jlpt-decks)
逆,ぎゃく,"reverse, opposite",N3,ja,JLPT (open-anki-jlpt-decks)
キャプテン,キャプテン,captain,N3,ja,JLPT (open-anki-jlpt-decks)
キャンプ,キャンプ,camp,N3,ja,JLPT (open-anki-jlpt-decks)
旧,きゅう,ex-,N3,ja,JLPT (open-anki-jlpt-decks)
級,きゅう,"class, grade, rank",N3,ja,JLPT (open-anki-jlpt-decks)
球,きゅう,"globe, sphere, ball",N3,ja,JLPT (open-anki-jlpt-decks)
休暇,きゅうか,"vacation, holiday, day off",N3,ja,JLPT (open-anki-jlpt-decks)
休憩,きゅうけい,"rest, break, intermission",N3,ja,JLPT (open-anki-jlpt-decks)
急激,きゅうげき,"sudden, precipitous, radical",N3,ja,JLPT (open-anki-jlpt-decks)
吸収,きゅうしゅう,"absorption, suction",N3,ja,JLPT (open-anki-jlpt-decks)
救助,きゅうじょ,"relief, aid, rescue",N3,ja,JLPT (open-anki-jlpt-decks)
急速,きゅうそく,"rapid (e.g., progress)",N3,ja,JLPT (open-anki-jlpt-decks)
休息,きゅうそく,"rest, relief, relaxation",N3,ja,JLPT (open-anki-jlpt-decks)
急に,きゅうに,suddenly,N3,ja,JLPT (open-anki-jlpt-decks)
給料,きゅうりょう,"salary, wages",N3,ja,JLPT (open-anki-jlpt-decks)
器用,きよう,"skillful, handy",N3,ja,JLPT (open-anki-jlpt-decks)
教科書,きょうかしょ,textbook,N3,ja,JLPT (open-anki-jlpt-decks)
競技,きょうぎ,"game, match, contest",N3,ja,JLPT (open-anki-jlpt-decks)
行儀,ぎょうぎ,manners,N3,ja,JLPT (open-anki-jlpt-decks)
供給,きょうきゅう,"supply, provision",N3,ja,JLPT (open-anki-jlpt-decks)
教授,きょうじゅ,"teaching, instruction; professor",N3,ja,JLPT (open-anki-jlpt-decks)
強調,きょうちょう,"emphasis, stress, stressed point",N3,ja,JLPT (open-anki-jlpt-decks)
共通,きょうつう,"commonness, mutual",N3,ja,JLPT (open-anki-jlpt-decks)
共同,きょうどう,"cooperation, association, collaboration",N3,ja,JLPT (open-anki-jlpt-decks)
恐怖,きょうふ,"fear, terror",N3,ja,JLPT (open-anki-jlpt-decks)
協力,きょうりょく,"cooperation, collaboration",N3,ja,JLPT (open-anki-jlpt-decks)
強力,きょうりょく,"powerful, strong",N3,ja,JLPT (open-anki-jlpt-decks)
許可,きょか,"permission, approval",N3,ja,JLPT (open-anki-jlpt-decks)
局,きょく,"office, bureau, station(TV, radio)",N3,ja,JLPT (open-anki-jlpt-decks)
巨大,きょだい,"huge, gigantic, enormous",N3,ja,JLPT (open-anki-jlpt-decks)
嫌う,きらう,"to hate, to dislike, to loathe",N3,ja,JLPT (open-anki-jlpt-decks)
霧,きり,"fog, mist",N3,ja,JLPT (open-anki-jlpt-decks)
切れ,きれ,"cloth, piece, cut",N3,ja,JLPT (open-anki-jlpt-decks)
切れる,きれる,"to cut well, to be sharp; to break (off)",N3,ja,JLPT (open-anki-jlpt-decks)
記録,きろく,"record, minutes, document",N3,ja,JLPT (open-anki-jlpt-decks)
議論,ぎろん,"argument, discussion, dispute",N3,ja,JLPT (open-anki-jlpt-decks)
金,きん,"gold, metal; money",N3,ja,JLPT (open-anki-jlpt-decks)
銀,ぎん,silver,N3,ja,JLPT (open-anki-jlpt-decks)
禁煙,きんえん,No Smoking,N3,ja,JLPT (open-anki-jlpt-decks)
金額,きんがく,amount of money,N3,ja,JLPT (open-anki-jlpt-decks)
金庫,きんこ,"safe, vault",N3,ja,JLPT (open-anki-jlpt-decks)
禁止,きんし,"prohibition, ban",N3,ja,JLPT (open-anki-jlpt-decks)
金銭,きんせん,"money, cash",N3,ja,JLPT (open-anki-jlpt-decks)
金属,きんぞく,metal,N3,ja,JLPT (open-anki-jlpt-decks)
近代,きんだい,modern times,N3,ja,JLPT (open-anki-jlpt-decks)
緊張,きんちょう,"tension, mental strain, nervousness",N3,ja,JLPT (open-anki-jlpt-decks)
筋肉,きんにく,"muscle, sinews",N3,ja,JLPT (open-anki-jlpt-decks)
金融,きんゆう,"finance, money and banking",N3,ja,JLPT (open-anki-jlpt-decks)
句,く,phrase,N3,ja,JLPT (open-anki-jlpt-decks)
食う,くう,(male) (vulg.) to eat,N3,ja,JLPT (open-anki-jlpt-decks)
偶然,ぐうぜん,"(by) chance, unexpectedly",N3,ja,JLPT (open-anki-jlpt-decks)
臭い,くさい,"stinky, smelly, bad-smelling",N3,ja,JLPT (open-anki-jlpt-decks)
鎖,くさり,chain,N3,ja,JLPT (open-anki-jlpt-decks)
腐る,くさる,"to rot, to go bad",N3,ja,JLPT (open-anki-jlpt-decks)
癖,くせ,"a habit (often a bad habit), peculiarity",N3,ja,JLPT (open-anki-jlpt-decks)
管,くだ,"pipe, tube",N3,ja,JLPT (open-anki-jlpt-decks)
具体,ぐたい,"concrete, tangible, material",N3,ja,JLPT (open-anki-jlpt-decks)
下り,くだり,down-train (going away from Tokyo),N3,ja,JLPT (open-anki-jlpt-decks)
下る,くだる,"to get down, to descend",N3,ja,JLPT (open-anki-jlpt-decks)
苦痛,くつう,"pain, agony",N3,ja,JLPT (open-anki-jlpt-decks)
ぐっすり,ぐっすり,"sound asleep, fast asleep",N3,ja,JLPT (open-anki-jlpt-decks)
区別,くべつ,"distinction, differentiation, classification",N3,ja,JLPT (open-anki-jlpt-decks)
組,くみ,"class, team, set",N3,ja,JLPT (open-anki-jlpt-decks)
組合,くみあい,"association, union",N3,ja,JLPT (open-anki-jlpt-decks)
組む,くむ,to put together,N3,ja,JLPT (open-anki-jlpt-decks)
汲む,くむ,"to draw, to scoop, to pump",N3,ja,JLPT (open-anki-jlpt-decks)
酌む,くむ,to serve sake,N3,ja,JLPT (open-anki-jlpt-decks)
悔しい,くやしい,"regrettable, mortifying, vexing",N3,ja,JLPT (open-anki-jlpt-decks)
位,くらい,"grade, rank, about",N3,ja,JLPT (open-anki-jlpt-decks)
暮らし,くらし,living; life style,N3,ja,JLPT (open-anki-jlpt-decks)
クラシック,クラシック,classic(s),N3,ja,JLPT (open-anki-jlpt-decks)
暮らす,くらす,"to live, to get along",N3,ja,JLPT (open-anki-jlpt-decks)
グラス,グラス,glass; grass,N3,ja,JLPT (open-anki-jlpt-decks)
グランド,グランド,"gland, grand, (electrical) ground",N3,ja,JLPT (open-anki-jlpt-decks)
クリーム,クリーム,cream,N3,ja,JLPT (open-anki-jlpt-decks)
繰り返す,くりかえす,"to repeat, to do something over again",N3,ja,JLPT (open-anki-jlpt-decks)
クリスマス,クリスマス,Christmas,N3,ja,JLPT (open-anki-jlpt-decks)
狂う,くるう,"to go mad, to get out of order",N3,ja,JLPT (open-anki-jlpt-decks)
グループ,グループ,group,N3,ja,JLPT (open-anki-jlpt-decks)
苦しい,くるしい,tough; physically strenuous,N3,ja,JLPT (open-anki-jlpt-decks)
苦しむ,くるしむ,"to suffer, to groan, to be worried",N3,ja,JLPT (open-anki-jlpt-decks)
暮れ,くれ,"year end,",N3,ja,JLPT (open-anki-jlpt-decks)
苦労,くろう,hardship; suffering,N3,ja,JLPT (open-anki-jlpt-decks)
加える,くわえる,"to append, to sum up, to add (up)",N3,ja,JLPT (open-anki-jlpt-decks)
咥える,くわえる,to hold something in the mouth,N3,ja,JLPT (open-anki-jlpt-decks)
詳しい,くわしい,detailed; full; accurate,N3,ja,JLPT (open-anki-jlpt-decks)
加わる,くわわる,"to join in, to accede to",N3,ja,JLPT (open-anki-jlpt-decks)
訓,くん,native Japanese reading of a Chinese character,N3,ja,JLPT (open-anki-jlpt-decks)
軍,ぐん,"army, force, troops",N3,ja,JLPT (open-anki-jlpt-decks)
郡,ぐん,"country, district",N3,ja,JLPT (open-anki-jlpt-decks)
軍隊,ぐんたい,"army, troops",N3,ja,JLPT (open-anki-jlpt-decks)
訓練,くんれん,"practice, training",N3,ja,JLPT (open-anki-jlpt-decks)
下,げ,"under, below, beneath",N3,ja,JLPT (open-anki-jlpt-decks)
計,けい,"plan; sum, total",N3,ja,JLPT (open-anki-jlpt-decks)
敬意,けいい,"respect, honor",N3,ja,JLPT (open-anki-jlpt-decks)
経営,けいえい,"management, administration",N3,ja,JLPT (open-anki-jlpt-decks)
景気,けいき,"condition, state, business (condition)",N3,ja,JLPT (open-anki-jlpt-decks)
傾向,けいこう,"tendency, trend, inclination",N3,ja,JLPT (open-anki-jlpt-decks)
警告,けいこく,warning,N3,ja,JLPT (open-anki-jlpt-decks)
計算,けいさん,"calculation, reckoning",N3,ja,JLPT (open-anki-jlpt-decks)
掲示,けいじ,"notice, bulletin",N3,ja,JLPT (open-anki-jlpt-decks)
刑事,けいじ,"criminal case, (police) detective",N3,ja,JLPT (open-anki-jlpt-decks)
芸術,げいじゅつ,"(fine) art, the arts",N3,ja,JLPT (open-anki-jlpt-decks)
契約,けいやく,"contract, compact, agreement",N3,ja,JLPT (open-anki-jlpt-decks)
経由,けいゆ,"go by the way, via",N3,ja,JLPT (open-anki-jlpt-decks)
ケース,ケース,case,N3,ja,JLPT (open-anki-jlpt-decks)
ゲーム,ゲーム,game,N3,ja,JLPT (open-anki-jlpt-decks)
劇,げき,"drama, play",N3,ja,JLPT (open-anki-jlpt-decks)
劇場,げきじょう,"theater, playhouse",N3,ja,JLPT (open-anki-jlpt-decks)
化粧,けしょう,make-up (cosmetic),N3,ja,JLPT (open-anki-jlpt-decks)
けち,けち,"stinginess, miser",N3,ja,JLPT (open-anki-jlpt-decks)
血液,けつえき,blood,N3,ja,JLPT (open-anki-jlpt-decks)
結果,けっか,"result, consequence",N3,ja,JLPT (open-anki-jlpt-decks)
欠陥,けっかん,"defect, fault, deficiency",N3,ja,JLPT (open-anki-jlpt-decks)
結局,けっきょく,"after all, eventually",N3,ja,JLPT (open-anki-jlpt-decks)
決心,けっしん,"determination, resolution",N3,ja,JLPT (open-anki-jlpt-decks)
欠席,けっせき,"absence, non-attendance",N3,ja,JLPT (open-anki-jlpt-decks)
決定,けってい,"decision, determination",N3,ja,JLPT (open-anki-jlpt-decks)
欠点,けってん,"faults, defect, weakness",N3,ja,JLPT (open-anki-jlpt-decks)
結論,けつろん,conclusion,N3,ja,JLPT (open-anki-jlpt-decks)
煙,けむり,"smoke, fumes",N3,ja,JLPT (open-anki-jlpt-decks)
蹴る,ける,to kick,N3,ja,JLPT (open-anki-jlpt-decks)
券,けん,"ticket, certificate",N3,ja,JLPT (open-anki-jlpt-decks)
県,けん,prefecture,N3,ja,JLPT (open-anki-jlpt-decks)
見解,けんかい,"opinion, point of view",N3,ja,JLPT (open-anki-jlpt-decks)
限界,げんかい,"limit, bound",N3,ja,JLPT (open-anki-jlpt-decks)
現金,げんきん,cash,N3,ja,JLPT (open-anki-jlpt-decks)
言語,げんご,language,N3,ja,JLPT (open-anki-jlpt-decks)
健康,けんこう,health(y),N3,ja,JLPT (open-anki-jlpt-decks)
検査,けんさ,"inspection, examination",N3,ja,JLPT (open-anki-jlpt-decks)
現在,げんざい,"now (same as 今 (いま)), present, current",N3,ja,JLPT (open-anki-jlpt-decks)
現実,げんじつ,reality,N3,ja,JLPT (open-anki-jlpt-decks)
現象,げんしょう,phenomenon,N3,ja,JLPT (open-anki-jlpt-decks)
現状,げんじょう,"present condition, status quo",N3,ja,JLPT (open-anki-jlpt-decks)
建設,けんせつ,"construction, foundation",N3,ja,JLPT (open-anki-jlpt-decks)
現代,げんだい,"today, present-day",N3,ja,JLPT (open-anki-jlpt-decks)
建築,けんちく,"construction, architecture",N3,ja,JLPT (open-anki-jlpt-decks)
見当,けんとう,"estimate, guess",N3,ja,JLPT (open-anki-jlpt-decks)
検討,けんとう,"consideration, examination, investigation",N3,ja,JLPT (open-anki-jlpt-decks)
現場,げんば,"actual spot, scene, field",N3,ja,JLPT (open-anki-jlpt-decks)
憲法,けんぽう,constitution,N3,ja,JLPT (open-anki-jlpt-decks)
権利,けんり,"right, privilege",N3,ja,JLPT (open-anki-jlpt-decks)
後,ご,"afterwards, since then",N3,ja,JLPT (open-anki-jlpt-decks)
碁,ご,Go (board game of capturing territory),N3,ja,JLPT (open-anki-jlpt-decks)
恋,こい,"love, tender passion",N3,ja,JLPT (open-anki-jlpt-decks)
濃い,こい,"thick (as of color, liquid), dense, strong",N3,ja,JLPT (open-anki-jlpt-decks)
恋人,こいびと,lover; sweetheart; girlfriend,N3,ja,JLPT (open-anki-jlpt-decks)
幸運,こううん,"good luck, fortune",N3,ja,JLPT (open-anki-jlpt-decks)
講演,こうえん,"lecture, talk",N3,ja,JLPT (open-anki-jlpt-decks)
効果,こうか,"effect, result",N3,ja,JLPT (open-anki-jlpt-decks)
硬貨,こうか,coin,N3,ja,JLPT (open-anki-jlpt-decks)
高価,こうか,high price,N3,ja,JLPT (open-anki-jlpt-decks)
豪華,ごうか,"luxurious, gorgeous, extravagance",N3,ja,JLPT (open-anki-jlpt-decks)
合格,ごうかく,"success, passing (e.g., exam)",N3,ja,JLPT (open-anki-jlpt-decks)
交換,こうかん,"exchange, swap",N3,ja,JLPT (open-anki-jlpt-decks)
航空,こうくう,"aviation, flying",N3,ja,JLPT (open-anki-jlpt-decks)
光景,こうけい,"scene, spectacle",N3,ja,JLPT (open-anki-jlpt-decks)
合計,ごうけい,"sum total, total amount",N3,ja,JLPT (open-anki-jlpt-decks)
攻撃,こうげき,"attack, strike, offensive",N3,ja,JLPT (open-anki-jlpt-decks)
貢献,こうけん,"contribution, services",N3,ja,JLPT (open-anki-jlpt-decks)
広告,こうこく,advertisement,N3,ja,JLPT (open-anki-jlpt-decks)
交際,こうさい,"friendship, association, acquaintance",N3,ja,JLPT (open-anki-jlpt-decks)
校舎,こうしゃ,school building,N3,ja,JLPT (open-anki-jlpt-decks)
後者,こうしゃ,the latter,N3,ja,JLPT (open-anki-jlpt-decks)
工場,こうば,"factory, plant",N3,ja,JLPT (open-anki-jlpt-decks)
公正,こうせい,"justice, fairness, impartiality",N3,ja,JLPT (open-anki-jlpt-decks)
構成,こうせい,"organization, composition",N3,ja,JLPT (open-anki-jlpt-decks)
高速,こうそく,"high speed, high gear",N3,ja,JLPT (open-anki-jlpt-decks)
行動,こうどう,"action, conduct, behavior",N3,ja,JLPT (open-anki-jlpt-decks)
強盗,ごうとう,"robbery, burglary",N3,ja,JLPT (open-anki-jlpt-decks)
後輩,こうはい,junior members of a group,N3,ja,JLPT (open-anki-jlpt-decks)
幸福,こうふく,"happiness, blessedness",N3,ja,JLPT (open-anki-jlpt-decks)
公平,こうへい,"fairness, impartial, justice",N3,ja,JLPT (open-anki-jlpt-decks)
候補,こうほ,candidacy,N3,ja,JLPT (open-anki-jlpt-decks)
考慮,こうりょ,"consideration, taking into account",N3,ja,JLPT (open-anki-jlpt-decks)
越える,こえる,"to exceed, to cross over, to cross",N3,ja,JLPT (open-anki-jlpt-decks)
超える,こえる,"to exceed, to cross over, to cross",N3,ja,JLPT (open-anki-jlpt-decks)
コーチ,コーチ,coach,N3,ja,JLPT (open-anki-jlpt-decks)
コード,コード,code; cord; chord,N3,ja,JLPT (open-anki-jlpt-decks)
氷,こおり,"ice, hail",N3,ja,JLPT (open-anki-jlpt-decks)
凍る,こおる,"to freeze, to be frozen over, to congeal",N3,ja,JLPT (open-anki-jlpt-decks)
ゴール,ゴール,goal,N3,ja,JLPT (open-anki-jlpt-decks)
誤解,ごかい,misunderstanding,N3,ja,JLPT (open-anki-jlpt-decks)
語学,ごがく,language study,N3,ja,JLPT (open-anki-jlpt-decks)
呼吸,こきゅう,"breath, respiration",N3,ja,JLPT (open-anki-jlpt-decks)
故郷,こきょう,hometown,N3,ja,JLPT (open-anki-jlpt-decks)
極,ごく,"quite, very",N3,ja,JLPT (open-anki-jlpt-decks)
国語,こくご,national language,N3,ja,JLPT (open-anki-jlpt-decks)
国籍,こくせき,nationality,N3,ja,JLPT (open-anki-jlpt-decks)
黒板,こくばん,blackboard,N3,ja,JLPT (open-anki-jlpt-decks)
克服,こくふく,"conquest, overcome",N3,ja,JLPT (open-anki-jlpt-decks)
国民,こくみん,"national, people, citizen",N3,ja,JLPT (open-anki-jlpt-decks)
穀物,こくもつ,"grain, cereal, corn",N3,ja,JLPT (open-anki-jlpt-decks)
腰,こし,"hip, waist",N3,ja,JLPT (open-anki-jlpt-decks)
胡椒,こしょう,pepper,N3,ja,JLPT (open-anki-jlpt-decks)
個人,こじん,"individual, private person",N3,ja,JLPT (open-anki-jlpt-decks)
越す,こす,"to go over (e.g., with audience)",N3,ja,JLPT (open-anki-jlpt-decks)
超す,こす,"to cross, to pass, to tide over",N3,ja,JLPT (open-anki-jlpt-decks)
国家,こっか,"state, country, nation",N3,ja,JLPT (open-anki-jlpt-decks)
国会,こっかい,"National Diet, parliament, congress",N3,ja,JLPT (open-anki-jlpt-decks)
国境,こっきょう,national or state border,N3,ja,JLPT (open-anki-jlpt-decks)
骨折,こっせつ,bone fracture,N3,ja,JLPT (open-anki-jlpt-decks)
小包,こづつみ,"parcel, package",N3,ja,JLPT (open-anki-jlpt-decks)
琴,こと,Japanese harp,N3,ja,JLPT (open-anki-jlpt-decks)
異なる,ことなる,"to differ, to vary",N3,ja,JLPT (open-anki-jlpt-decks)
諺,ことわざ,"proverb, saying",N3,ja,JLPT (open-anki-jlpt-decks)
断る,ことわる,"to refuse, to decline, to dismiss",N3,ja,JLPT (open-anki-jlpt-decks)
粉,こな,"flour, powder",N3,ja,JLPT (open-anki-jlpt-decks)
好み,このみ,"liking, taste, choice",N3,ja,JLPT (open-anki-jlpt-decks)
好む,このむ,"to like, to prefer",N3,ja,JLPT (open-anki-jlpt-decks)
こぼす,こぼす,to spill,N3,ja,JLPT (open-anki-jlpt-decks)
こぼれる,こぼれる,"to overflow, to spill",N3,ja,JLPT (open-anki-jlpt-decks)
塵,ごみ,"garbage, litter",N3,ja,JLPT (open-anki-jlpt-decks)
小麦,こむぎ,wheat,N3,ja,JLPT (open-anki-jlpt-decks)
ごめんなさい,ごめんなさい,"I beg your pardon, excuse me, I'm sorry",N3,ja,JLPT (open-anki-jlpt-decks)
小屋,こや,"hut, cabin, shed",N3,ja,JLPT (open-anki-jlpt-decks)
これら,これら,these,N3,ja,JLPT (open-anki-jlpt-decks)
殺す,ころす,to kill,N3,ja,JLPT (open-anki-jlpt-decks)
転ぶ,ころぶ,"to fall down, to fall over",N3,ja,JLPT (open-anki-jlpt-decks)
今回,こんかい,"now, this time, lately",N3,ja,JLPT (open-anki-jlpt-decks)
今後,こんご,"from now on, hereafter",N3,ja,JLPT (open-anki-jlpt-decks)
混雑,こんざつ,"confusion, congestion",N3,ja,JLPT (open-anki-jlpt-decks)
こんなに,こんなに,"so, like this, in this way",N3,ja,JLPT (open-anki-jlpt-decks)
困難,こんなん,"difficulty, distress",N3,ja,JLPT (open-anki-jlpt-decks)
今日,こんにち,"today, this day",N3,ja,JLPT (open-anki-jlpt-decks)
こんにちは,こんにちは,"hello, good day (daytime greeting)",N3,ja,JLPT (open-anki-jlpt-decks)
婚約,こんやく,"engagement, betrothal",N3,ja,JLPT (open-anki-jlpt-decks)
混乱,こんらん,"chaos, confusion, mayhem",N3,ja,JLPT (open-anki-jlpt-decks)
差,さ,"difference, variation",N3,ja,JLPT (open-anki-jlpt-decks)
サービス,サービス,"service, support system; goods or services without charge",N3,ja,JLPT (open-anki-jlpt-decks)
際,さい,"on the occasion of, circumstances",N3,ja,JLPT (open-anki-jlpt-decks)
最高,さいこう,"highest, supreme, the most",N3,ja,JLPT (open-anki-jlpt-decks)
財産,ざいさん,"property, fortune, assets",N3,ja,JLPT (open-anki-jlpt-decks)
最終,さいしゅう,"last, closing",N3,ja,JLPT (open-anki-jlpt-decks)
最中,さいちゅう,in the middle of,N3,ja,JLPT (open-anki-jlpt-decks)
最低,さいてい,"least, lowest, worst",N3,ja,JLPT (open-anki-jlpt-decks)
才能,さいのう,"talent, ability",N3,ja,JLPT (open-anki-jlpt-decks)
裁判,さいばん,"trial, judgment",N3,ja,JLPT (open-anki-jlpt-decks)
材料,ざいりょう,"ingredients, material",N3,ja,JLPT (open-anki-jlpt-decks)
幸い,さいわい,fortunately; luckily,N3,ja,JLPT (open-anki-jlpt-decks)
サイン,サイン,autograph; sign; sine,N3,ja,JLPT (open-anki-jlpt-decks)
境,さかい,"border, boundary, mental state",N3,ja,JLPT (open-anki-jlpt-decks)
逆らう,さからう,"to go against, to oppose, to disobey",N3,ja,JLPT (open-anki-jlpt-decks)
盛り,さかり,"helping, serving",N3,ja,JLPT (open-anki-jlpt-decks)
作業,さぎょう,"work, operation, manufacturing",N3,ja,JLPT (open-anki-jlpt-decks)
裂く,さく,"to tear, to split",N3,ja,JLPT (open-anki-jlpt-decks)
昨,さく,"last (year), yesterday",N3,ja,JLPT (open-anki-jlpt-decks)
作品,さくひん,"work, opus, production",N3,ja,JLPT (open-anki-jlpt-decks)
作物,さくもつ,"produce (e.g., agricultural), crops",N3,ja,JLPT (open-anki-jlpt-decks)
桜,さくら,"cherry blossom, cherry tree",N3,ja,JLPT (open-anki-jlpt-decks)
酒,さけ,"alcohol, sake",N3,ja,JLPT (open-anki-jlpt-decks)
叫ぶ,さけぶ,"to shout, to cry",N3,ja,JLPT (open-anki-jlpt-decks)
避ける,さける,"to avoid (physical contact); to ward off, to avert",N3,ja,JLPT (open-anki-jlpt-decks)
支える,ささえる,"support, hold, sustain",N3,ja,JLPT (open-anki-jlpt-decks)
刺さる,ささる,"to stick, to be stuck",N3,ja,JLPT (open-anki-jlpt-decks)
刺す,さす,"to sting, to bite (e.g., bug), to prick, to stab",N3,ja,JLPT (open-anki-jlpt-decks)
指す,さす,"to point,",N3,ja,JLPT (open-anki-jlpt-decks)
挿す,さす,"to insert, to put in, to graft",N3,ja,JLPT (open-anki-jlpt-decks)
注す,さす,"to pour (drink), to serve (drinks)",N3,ja,JLPT (open-anki-jlpt-decks)
射す,さす,"to shine, to strike",N3,ja,JLPT (open-anki-jlpt-decks)
座席,ざせき,seat,N3,ja,JLPT (open-anki-jlpt-decks)
誘う,さそう,"to invite (someone to do something with you); to tempt, to lure",N3,ja,JLPT (open-anki-jlpt-decks)
札,さつ,"bill, note",N3,ja,JLPT (open-anki-jlpt-decks)
作家,さっか,"author, writer, novelist",N3,ja,JLPT (open-anki-jlpt-decks)
作曲,さっきょく,composition (of music),N3,ja,JLPT (open-anki-jlpt-decks)
ざっと,ざっと,"roughly, in round numbers",N3,ja,JLPT (open-anki-jlpt-decks)
さっぱり,さっぱり,"feeling refreshed, neat",N3,ja,JLPT (open-anki-jlpt-decks)
さて,さて,"well; now (typically used when switching to a new, usually more important topic)",N3,ja,JLPT (open-anki-jlpt-decks)
砂漠,さばく,desert,N3,ja,JLPT (open-anki-jlpt-decks)
差別,さべつ,"discrimination, differentiation",N3,ja,JLPT (open-anki-jlpt-decks)
ママ,ママ,Mama,N3,ja,JLPT (open-anki-jlpt-decks)
豆,まめ,"beans, peas",N3,ja,JLPT (open-anki-jlpt-decks)
守る,まもる,to protect; to abide (by the rules),N3,ja,JLPT (open-anki-jlpt-decks)
迷う,まよう,"to be puzzled, to be perplexed, to lose one's way",N3,ja,JLPT (open-anki-jlpt-decks)
丸,まる,"circle, full (month)",N3,ja,JLPT (open-anki-jlpt-decks)
円,まる,circle,N3,ja,JLPT (open-anki-jlpt-decks)
まるで,まるで,just like,N3,ja,JLPT (open-anki-jlpt-decks)
万一,まんいち,"by some chance, if by any chance",N3,ja,JLPT (open-anki-jlpt-decks)
満足,まんぞく,satisfaction,N3,ja,JLPT (open-anki-jlpt-decks)
身,み,"body, main part",N3,ja,JLPT (open-anki-jlpt-decks)
実,み,"fruit, seed, good result",N3,ja,JLPT (open-anki-jlpt-decks)
見送り,みおくり,seeing one off,N3,ja,JLPT (open-anki-jlpt-decks)
味方,みかた,"ally, supporter",N3,ja,JLPT (open-anki-jlpt-decks)
見事,みごと,"splendid, magnificent",N3,ja,JLPT (open-anki-jlpt-decks)
ミス,ミス,"miss (mistake, error, failure), Miss",N3,ja,JLPT (open-anki-jlpt-decks)
満ちる,みちる,"to be full, to mature",N3,ja,JLPT (open-anki-jlpt-decks)
密,みつ,"thick, close",N3,ja,JLPT (open-anki-jlpt-decks)
認める,みとめる,"to recognize, to notice; to approve",N3,ja,JLPT (open-anki-jlpt-decks)
見舞い,みまい,"expression of sympathy, expression of concern",N3,ja,JLPT (open-anki-jlpt-decks)
土産,みやげ,souvenir,N3,ja,JLPT (open-anki-jlpt-decks)
都,みやこ,city; capital,N3,ja,JLPT (open-anki-jlpt-decks)
妙,みょう,"strange, unusual",N3,ja,JLPT (open-anki-jlpt-decks)
明後日,みょうごにち,day after tomorrow,N3,ja,JLPT (open-anki-jlpt-decks)
未来,みらい,future (life tense),N3,ja,JLPT (open-anki-jlpt-decks)
魅力,みりょく,"charm, fascination, appeal",N3,ja,JLPT (open-anki-jlpt-decks)
診る,みる,to examine (a patient),N3,ja,JLPT (open-anki-jlpt-decks)
ミルク,ミルク,milk,N3,ja,JLPT (open-anki-jlpt-decks)
無,む,"nothing, naught, zero",N3,ja,JLPT (open-anki-jlpt-decks)
向かい,むかい,"facing, opposite, across",N3,ja,JLPT (open-anki-jlpt-decks)
迎え,むかえ,"meeting, person sent to pick up an arrival",N3,ja,JLPT (open-anki-jlpt-decks)
向く,むく,to face,N3,ja,JLPT (open-anki-jlpt-decks)
剥く,むく,"to peel, to skin",N3,ja,JLPT (open-anki-jlpt-decks)
向ける,むける,"to turn towards, to point",N3,ja,JLPT (open-anki-jlpt-decks)
無視,むし,"disregard, ignore",N3,ja,JLPT (open-anki-jlpt-decks)
蒸し暑い,むしあつい,"humid, sultry",N3,ja,JLPT (open-anki-jlpt-decks)
虫歯,むしば,"cavity, tooth decay",N3,ja,JLPT (open-anki-jlpt-decks)
寧ろ,むしろ,"rather, better, instead",N3,ja,JLPT (open-anki-jlpt-decks)
蒸す,むす,"to steam, to poultice, to be sultry",N3,ja,JLPT (open-anki-jlpt-decks)
結ぶ,むすぶ,"to tie, to bind, to link",N3,ja,JLPT (open-anki-jlpt-decks)
無駄,むだ,"futility, uselessness",N3,ja,JLPT (open-anki-jlpt-decks)
夢中,むちゅう,"crush, crazy, be hooked on",N3,ja,JLPT (open-anki-jlpt-decks)
胸,むね,"breast, chest",N3,ja,JLPT (open-anki-jlpt-decks)
無料,むりょう,"free, no charge",N3,ja,JLPT (open-anki-jlpt-decks)
芽,め,sprout,N3,ja,JLPT (open-anki-jlpt-decks)
明確,めいかく,"clear, definite",N3,ja,JLPT (open-anki-jlpt-decks)
名刺,めいし,(name) card; business card,N3,ja,JLPT (open-anki-jlpt-decks)
名詞,めいし,noun,N3,ja,JLPT (open-anki-jlpt-decks)
命じる,めいじる,"to order, to command, to appoint",N3,ja,JLPT (open-anki-jlpt-decks)
名人,めいじん,"master, expert",N3,ja,JLPT (open-anki-jlpt-decks)
命令,めいれい,"order, command, decree",N3,ja,JLPT (open-anki-jlpt-decks)
迷惑,めいわく,"trouble, bother, annoyance",N3,ja,JLPT (open-anki-jlpt-decks)
目上,めうえ,person of higher status; one's senior,N3,ja,JLPT (open-anki-jlpt-decks)
飯,めし,"meals, food",N3,ja,JLPT (open-anki-jlpt-decks)
滅多に,めったに,"rarely (with neg. verb), seldom",N3,ja,JLPT (open-anki-jlpt-decks)
メモ,メモ,"memorandum, note",N3,ja,JLPT (open-anki-jlpt-decks)
面,めん,"face, mug, surface, side or facet, corner, page",N3,ja,JLPT (open-anki-jlpt-decks)
綿,めん,cotton,N3,ja,JLPT (open-anki-jlpt-decks)
免許,めんきょ,"license, permit, certificate",N3,ja,JLPT (open-anki-jlpt-decks)
面接,めんせつ,interview,N3,ja,JLPT (open-anki-jlpt-decks)
面倒,めんどう,"trouble, attention",N3,ja,JLPT (open-anki-jlpt-decks)
メンバー,メンバー,member,N3,ja,JLPT (open-anki-jlpt-decks)
申し込む,もうしこむ,"to apply for, to make an application",N3,ja,JLPT (open-anki-jlpt-decks)
申し訳,もうしわけ,"apology, excuse",N3,ja,JLPT (open-anki-jlpt-decks)
毛布,もうふ,blanket,N3,ja,JLPT (open-anki-jlpt-decks)
燃える,もえる,to burn,N3,ja,JLPT (open-anki-jlpt-decks)
目的,もくてき,"purpose, goal, aim",N3,ja,JLPT (open-anki-jlpt-decks)
目標,もくひょう,"mark, objective, target",N3,ja,JLPT (open-anki-jlpt-decks)
文字,もじ,"letter (of alphabet), character",N3,ja,JLPT (open-anki-jlpt-decks)
文字,もんじ,"letter (of alphabet), character",N3,ja,JLPT (open-anki-jlpt-decks)
もしかすると,もしかすると,"perhaps, maybe, by some chance",N3,ja,JLPT (open-anki-jlpt-decks)
もしも,もしも,if,N3,ja,JLPT (open-anki-jlpt-decks)
持ち上げる,もちあげる,"to raise, to lift up, to flatter",N3,ja,JLPT (open-anki-jlpt-decks)
用いる,もちいる,"to use, to make use of",N3,ja,JLPT (open-anki-jlpt-decks)
もったいない,もったいない,"wasteful; more than one deserves, unworthy of",N3,ja,JLPT (open-anki-jlpt-decks)
尤も,もっとも,"quite right, plausible, natural",N3,ja,JLPT (open-anki-jlpt-decks)
元,もと,"origin, original; former",N3,ja,JLPT (open-anki-jlpt-decks)
基,もと,basis,N3,ja,JLPT (open-anki-jlpt-decks)
素,もと,prime,N3,ja,JLPT (open-anki-jlpt-decks)
戻す,もどす,"to restore, to put back, to return",N3,ja,JLPT (open-anki-jlpt-decks)
基づく,もとづく,"to be grounded on, to be based on",N3,ja,JLPT (open-anki-jlpt-decks)
求める,もとめる,"to request, to ask for; to seek, to search for",N3,ja,JLPT (open-anki-jlpt-decks)
者,もの,person (same as 人 (ひと)),N3,ja,JLPT (open-anki-jlpt-decks)
物音,ものおと,sounds,N3,ja,JLPT (open-anki-jlpt-decks)
物語,ものがたり,"tale, story, legend",N3,ja,JLPT (open-anki-jlpt-decks)
物事,ものごと,"things, everything",N3,ja,JLPT (open-anki-jlpt-decks)
燃やす,もやす,to burn,N3,ja,JLPT (open-anki-jlpt-decks)
模様,もよう,"pattern, figure, design",N3,ja,JLPT (open-anki-jlpt-decks)
文句,もんく,a complaint,N3,ja,JLPT (open-anki-jlpt-decks)
やがて,やがて,"before long, soon, at length",N3,ja,JLPT (open-anki-jlpt-decks)
役,やく,"role, position",N3,ja,JLPT (open-anki-jlpt-decks)
約,やく,"approximately, about, some",N3,ja,JLPT (open-anki-jlpt-decks)
訳,やく,translation,N3,ja,JLPT (open-anki-jlpt-decks)
訳す,やくす,to translate,N3,ja,JLPT (open-anki-jlpt-decks)
役割,やくわり,"assigning (allotment of) parts, role, duties",N3,ja,JLPT (open-anki-jlpt-decks)
家賃,やちん,rent,N3,ja,JLPT (open-anki-jlpt-decks)
厄介,やっかい,"trouble, burden, care",N3,ja,JLPT (open-anki-jlpt-decks)
宿,やど,"inn, lodging",N3,ja,JLPT (open-anki-jlpt-decks)
雇う,やとう,"to employ, to hire",N3,ja,JLPT (open-anki-jlpt-decks)
屋根,やね,roof,N3,ja,JLPT (open-anki-jlpt-decks)
破る,やぶる,to tear; to violate; to defeat,N3,ja,JLPT (open-anki-jlpt-decks)
破れる,やぶれる,"to get torn, to wear out",N3,ja,JLPT (open-anki-jlpt-decks)
辞める,やめる,to retire,N3,ja,JLPT (open-anki-jlpt-decks)
やや,やや,"a little, partially, somewhat",N3,ja,JLPT (open-anki-jlpt-decks)
唯一,ゆいいつ,"only, sole, unique",N3,ja,JLPT (open-anki-jlpt-decks)
勇気,ゆうき,"courage, bravery, boldness",N3,ja,JLPT (open-anki-jlpt-decks)
友好,ゆうこう,friendship,N3,ja,JLPT (open-anki-jlpt-decks)
有効,ゆうこう,"valid, effectual",N3,ja,JLPT (open-anki-jlpt-decks)
優秀,ゆうしゅう,"superiority, excellence",N3,ja,JLPT (open-anki-jlpt-decks)
優勝,ゆうしょう,"overall victory, championship",N3,ja,JLPT (open-anki-jlpt-decks)
友情,ゆうじょう,"friendship, fellowship",N3,ja,JLPT (open-anki-jlpt-decks)
友人,ゆうじん,friend (formal),N3,ja,JLPT (open-anki-jlpt-decks)
有能,ゆうのう,"able, capable, efficient",N3,ja,JLPT (open-anki-jlpt-decks)
郵便,ゆうびん,"mail, postal service",N3,ja,JLPT (open-anki-jlpt-decks)
ユーモア,ユーモア,humor,N3,ja,JLPT (open-anki-jlpt-decks)
有利,ゆうり,"advantageous, better",N3,ja,JLPT (open-anki-jlpt-decks)
床,ゆか,floor,N3,ja,JLPT (open-anki-jlpt-decks)
愉快,ゆかい,"pleasant, happy",N3,ja,JLPT (open-anki-jlpt-decks)
譲る,ゆずる,"to turn over, to assign, to hand over",N3,ja,JLPT (open-anki-jlpt-decks)
豊か,ゆたか,"abundant, wealthy, plentiful, rich",N3,ja,JLPT (open-anki-jlpt-decks)
茹でる,ゆでる,to boil,N3,ja,JLPT (open-anki-jlpt-decks)
許す,ゆるす,"to permit, to allow, to approve",N3,ja,JLPT (open-anki-jlpt-decks)
夜,よ,"evening, night",N3,ja,JLPT (open-anki-jlpt-decks)
夜明け,よあけ,"dawn, daybreak",N3,ja,JLPT (open-anki-jlpt-decks)
酔う,よう,to get drunk,N3,ja,JLPT (open-anki-jlpt-decks)
容易,ようい,"easy, simple, plain",N3,ja,JLPT (open-anki-jlpt-decks)
容器,ようき,"container, vessel",N3,ja,JLPT (open-anki-jlpt-decks)
陽気,ようき,"season, weather, cheerfulness",N3,ja,JLPT (open-anki-jlpt-decks)
要求,ようきゅう,"request, demand",N3,ja,JLPT (open-anki-jlpt-decks)
用心,ようじん,"care, precaution, caution",N3,ja,JLPT (open-anki-jlpt-decks)
様子,ようす,"aspect, state, appearance",N3,ja,JLPT (open-anki-jlpt-decks)
要するに,ようするに,"in a word, after all, in short …",N3,ja,JLPT (open-anki-jlpt-decks)
要素,ようそ,element,N3,ja,JLPT (open-anki-jlpt-decks)
要点,ようてん,"gist, main point",N3,ja,JLPT (open-anki-jlpt-decks)
曜日,ようび,day of the week,N3,ja,JLPT (open-anki-jlpt-decks)
ヨーロッパ,ヨーロッパ,Europe,N3,ja,JLPT (open-anki-jlpt-decks)
予期,よき,"expectation, forecast",N3,ja,JLPT (open-anki-jlpt-decks)
横切る,よこぎる,"to cross (e.g., arms), to traverse",N3,ja,JLPT (open-anki-jlpt-decks)
汚す,よごす,"to pollute, to make dirty",N3,ja,JLPT (open-anki-jlpt-decks)
予算,よさん,"estimate, budget",N3,ja,JLPT (open-anki-jlpt-decks)
止す,よす,"to cease, to give up",N3,ja,JLPT (open-anki-jlpt-decks)
寄せる,よせる,"to collect, to gather, to put aside",N3,ja,JLPT (open-anki-jlpt-decks)
予測,よそく,"prediction, estimation",N3,ja,JLPT (open-anki-jlpt-decks)
ヨット,ヨット,yacht,N3,ja,JLPT (open-anki-jlpt-decks)
夜中,よなか,"midnight, dead of night",N3,ja,JLPT (open-anki-jlpt-decks)
世の中,よのなか,"society, the world",N3,ja,JLPT (open-anki-jlpt-decks)
余分,よぶん,"extra, excess, surplus",N3,ja,JLPT (open-anki-jlpt-decks)
予報,よほう,"forecast, prediction",N3,ja,JLPT (open-anki-jlpt-decks)
予防,よぼう,"prevention, protection against",N3,ja,JLPT (open-anki-jlpt-decks)
読み,よみ,reading,N3,ja,JLPT (open-anki-jlpt-decks)
嫁,よめ,"bride, daughter-in-law",N3,ja,JLPT (open-anki-jlpt-decks)
余裕,よゆう,excess; surplus,N3,ja,JLPT (open-anki-jlpt-decks)
より,より,"twist, ply",N3,ja,JLPT (open-anki-jlpt-decks)
因る,よる,to come from,N3,ja,JLPT (open-anki-jlpt-decks)
喜び,よろこび,"joy, pleasure, rejoicing",N3,ja,JLPT (open-anki-jlpt-decks)
よろしく (かん),よろしく (かん),"best regards, please remember me",N3,ja,JLPT (open-anki-jlpt-decks)
四,よん,four,N3,ja,JLPT (open-anki-jlpt-decks)
来,らい～,next ~,N3,ja,JLPT (open-anki-jlpt-decks)
ライター,ライター,lighter; writer,N3,ja,JLPT (open-anki-jlpt-decks)
楽,らく,"comfort, ease",N3,ja,JLPT (open-anki-jlpt-decks)
ラケット,ラケット,racket,N3,ja,JLPT (open-anki-jlpt-decks)
利益,りえき,"profits, gains",N3,ja,JLPT (open-anki-jlpt-decks)
理解,りかい,"understanding, comprehension",N3,ja,JLPT (open-anki-jlpt-decks)
陸,りく,"land, shore",N3,ja,JLPT (open-anki-jlpt-decks)
利口,りこう,"clever, shrewd, bright",N3,ja,JLPT (open-anki-jlpt-decks)
離婚,りこん,divorce,N3,ja,JLPT (open-anki-jlpt-decks)
理想,りそう,ideal,N3,ja,JLPT (open-anki-jlpt-decks)
率,りつ,"rate, ratio, percentage",N3,ja,JLPT (open-anki-jlpt-decks)
留学,りゅうがく,studying abroad,N3,ja,JLPT (open-anki-jlpt-decks)
流行,りゅうこう,"fashionable, fad, prevailing",N3,ja,JLPT (open-anki-jlpt-decks)
量,りょう,"quantity, amount",N3,ja,JLPT (open-anki-jlpt-decks)
寮,りょう,"hostel, dormitory",N3,ja,JLPT (open-anki-jlpt-decks)
両替,りょうがえ,"change, money exchange",N3,ja,JLPT (open-anki-jlpt-decks)
料金,りょうきん,"fee, charge, fare",N3,ja,JLPT (open-anki-jlpt-decks)
例,れい,"instance, example, case",N3,ja,JLPT (open-anki-jlpt-decks)
礼,れい,expression of gratitude; bow,N3,ja,JLPT (open-anki-jlpt-decks)
例外,れいがい,exception,N3,ja,JLPT (open-anki-jlpt-decks)
礼儀,れいぎ,"manners, courtesy, etiquette",N3,ja,JLPT (open-anki-jlpt-decks)
冷静,れいせい,"calm, coolness",N3,ja,JLPT (open-anki-jlpt-decks)
列,れつ,"queue, line, row",N3,ja,JLPT (open-anki-jlpt-decks)
列車,れっしゃ,train (ordinary),N3,ja,JLPT (open-anki-jlpt-decks)
レベル,レベル,level,N3,ja,JLPT (open-anki-jlpt-decks)
連想,れんそう,"association (of ideas), suggestion",N3,ja,JLPT (open-anki-jlpt-decks)
連続,れんぞく,"consecutive, continuity, continuing",N3,ja,JLPT (open-anki-jlpt-decks)
老人,ろうじん,"the aged, old person",N3,ja,JLPT (open-anki-jlpt-decks)
労働,ろうどう,"labor, work",N3,ja,JLPT (open-anki-jlpt-decks)
ロケット,ロケット,"locket, rocket",N3,ja,JLPT (open-anki-jlpt-decks)
論じる,ろんじる,"to argue, to discuss",N3,ja,JLPT (open-anki-jlpt-decks)
論争,ろんそう,"controversy, dispute",N3,ja,JLPT (open-anki-jlpt-decks)
論文,ろんぶん,"thesis, paper",N3,ja,JLPT (open-anki-jlpt-decks)
輪,わ,"ring, hoop, circle",N3,ja,JLPT (open-anki-jlpt-decks)
ワイン,ワイン,wine,N3,ja,JLPT (open-anki-jlpt-decks)
わがまま,わがまま,"selfishness, egoism, willfulness",N3,ja,JLPT (open-anki-jlpt-decks)
別れ,わかれ,"parting, separation, farewell",N3,ja,JLPT (open-anki-jlpt-decks)
分かれる,わかれる,"to branch off, to diverge from",N3,ja,JLPT (open-anki-jlpt-decks)
脇,わき,side,N3,ja,JLPT (open-anki-jlpt-decks)
湧く,わく,"to boil, to grow hot",N3,ja,JLPT (open-anki-jlpt-decks)
分ける,わける,"to divide, to separate",N3,ja,JLPT (open-anki-jlpt-decks)
わざと,わざと,on purpose,N3,ja,JLPT (open-anki-jlpt-decks)
僅か,わずか,"only, merely, a little",N3,ja,JLPT (open-anki-jlpt-decks)
綿,わた,cotton,N3,ja,JLPT (open-anki-jlpt-decks)
話題,わだい,"topic, subject",N3,ja,JLPT (open-anki-jlpt-decks)
笑い,わらい,"laugh, laughter, smile",N3,ja,JLPT (open-anki-jlpt-decks)
割る,わる,"to divide, to break",N3,ja,JLPT (open-anki-jlpt-decks)
悪口,わるくち,"abuse, insult",N3,ja,JLPT (open-anki-jlpt-decks)
我々,われわれ,we,N3,ja,JLPT (open-anki-jlpt-decks)
湾,わん,"bay, gulf, inlet",N3,ja,JLPT (open-anki-jlpt-decks)
椀,わん,bowl,N3,ja,JLPT (open-anki-jlpt-decks)
碗,わん,bowl,N3,ja,JLPT (open-anki-jlpt-decks)
悪,あく,"evil, vice",N3,ja,JLPT (open-anki-jlpt-decks)
当り,あたり,"hit, success, reaching the mark",N3,ja,JLPT (open-anki-jlpt-decks)
アップ,アップ,up,N3,ja,JLPT (open-anki-jlpt-decks)
宛てる,あてる,"to address, to put",N3,ja,JLPT (open-anki-jlpt-decks)
アンケート,アンケート,"questionnaire (FRE: enquete), survey",N3,ja,JLPT (open-anki-jlpt-decks)
異,い,difference (of opinion),N3,ja,JLPT (open-anki-jlpt-decks)
意,い,will,N3,ja,JLPT (open-anki-jlpt-decks)
医院,いいん,"doctor's office (surgery), clinic",N3,ja,JLPT (open-anki-jlpt-decks)
怒り,いかり,anger,N3,ja,JLPT (open-anki-jlpt-decks)
粋,いき,"chic, style, purity",N3,ja,JLPT (open-anki-jlpt-decks)
意地,いじ,"disposition, spirit, obstinacy, appetite",N3,ja,JLPT (open-anki-jlpt-decks)
依然,いぜん,"still, as yet",N3,ja,JLPT (open-anki-jlpt-decks)
傷める,いためる,"to damage, to impair, to spoil",N3,ja,JLPT (open-anki-jlpt-decks)
炒める,いためる,to stir-fry,N3,ja,JLPT (open-anki-jlpt-decks)
一帯,いったい,"a region, the whole place",N3,ja,JLPT (open-anki-jlpt-decks)
異動,いどう,"a change, transfer",N3,ja,JLPT (open-anki-jlpt-decks)
衣料,いりょう,clothing,N3,ja,JLPT (open-anki-jlpt-decks)
渦,うず,swirl,N3,ja,JLPT (open-anki-jlpt-decks)
埋まる,うまる,"to be buried, to be filled",N3,ja,JLPT (open-anki-jlpt-decks)
産む,うむ,"to give birth (v.t.), to deliver, to produce",N3,ja,JLPT (open-anki-jlpt-decks)
縁,えん,"chance, tie, relationship",N3,ja,JLPT (open-anki-jlpt-decks)
尾,お,"tail, ridge",N3,ja,JLPT (open-anki-jlpt-decks)
負う,おう,"to bear, to owe",N3,ja,JLPT (open-anki-jlpt-decks)
遅れ,おくれ,"delay, lag",N3,ja,JLPT (open-anki-jlpt-decks)
教え,おしえ,"teachings, doctrine",N3,ja,JLPT (open-anki-jlpt-decks)
驚き,おどろき,"surprise, astonishment, wonder",N3,ja,JLPT (open-anki-jlpt-decks)
織る,おる,to weave,N3,ja,JLPT (open-anki-jlpt-decks)
欠く,かく,"to lack, to crack",N3,ja,JLPT (open-anki-jlpt-decks)
角,かく,angle,N3,ja,JLPT (open-anki-jlpt-decks)
核,かく,"nucleus, kernel",N3,ja,JLPT (open-anki-jlpt-decks)
格,かく,"status, character, case",N3,ja,JLPT (open-anki-jlpt-decks)
学歴,がくれき,academic background,N3,ja,JLPT (open-anki-jlpt-decks)
駆ける,かける,to run,N3,ja,JLPT (open-anki-jlpt-decks)
賭ける,かける,"to bet, to risk, to gamble",N3,ja,JLPT (open-anki-jlpt-decks)
課題,かだい,"subject, theme, task",N3,ja,JLPT (open-anki-jlpt-decks)
片付け,かたづけ,"tidying up, finishing",N3,ja,JLPT (open-anki-jlpt-decks)
加味,かみ,"seasoning, flavoring",N3,ja,JLPT (open-anki-jlpt-decks)
借り,かり,"borrowing, debt, loan",N3,ja,JLPT (open-anki-jlpt-decks)
狩り,かり,hunting,N3,ja,JLPT (open-anki-jlpt-decks)
管,かん,"pipe, tube",N3,ja,JLPT (open-anki-jlpt-decks)
～観,かん,"feeling, view",N3,ja,JLPT (open-anki-jlpt-decks)
癌,がん,cancer,N3,ja,JLPT (open-anki-jlpt-decks)
刊行,かんこう,"publication, issue",N3,ja,JLPT (open-anki-jlpt-decks)
慣行,かんこう,"customary practice, habit, traditional event",N3,ja,JLPT (open-anki-jlpt-decks)
歓声,かんせい,"cheer, shout of joy",N3,ja,JLPT (open-anki-jlpt-decks)
官僚,かんりょう,"bureaucrat, bureaucracy",N3,ja,JLPT (open-anki-jlpt-decks)
器官,きかん,"organ (of body, instrument)",N3,ja,JLPT (open-anki-jlpt-decks)
季刊,きかん,"quarterly (e.g., magazine)",N3,ja,JLPT (open-anki-jlpt-decks)
起源,きげん,"origin, beginning, rise",N3,ja,JLPT (open-anki-jlpt-decks)
機構,きこう,"mechanism, organization",N3,ja,JLPT (open-anki-jlpt-decks)
築く,きずく,"to build, to establish",N3,ja,JLPT (open-anki-jlpt-decks)
規制,きせい,regulation,N3,ja,JLPT (open-anki-jlpt-decks)
丘陵,きゅうりょう,hill,N3,ja,JLPT (open-anki-jlpt-decks)
協議,きょうぎ,"conference, discussion, negotiation",N3,ja,JLPT (open-anki-jlpt-decks)
享受,きょうじゅ,"enjoyment, being given",N3,ja,JLPT (open-anki-jlpt-decks)
協調,きょうちょう,"co-operation, conciliation, harmony",N3,ja,JLPT (open-anki-jlpt-decks)
切り,きり,"limits, place to leave off",N3,ja,JLPT (open-anki-jlpt-decks)
菌,きん,"germ, bacterium",N3,ja,JLPT (open-anki-jlpt-decks)
近視,きんし,nearsightedness,N3,ja,JLPT (open-anki-jlpt-decks)
苦,く,"trouble, worry, difficulty",N3,ja,JLPT (open-anki-jlpt-decks)
群,ぐん,group,N3,ja,JLPT (open-anki-jlpt-decks)
刑,けい,"penalty, sentence, punishment",N3,ja,JLPT (open-anki-jlpt-decks)
経緯,けいい,"sequence of events, course",N3,ja,JLPT (open-anki-jlpt-decks)
計器,けいき,"meter, gauge",N3,ja,JLPT (open-anki-jlpt-decks)
契機,けいき,"opportunity, chance",N3,ja,JLPT (open-anki-jlpt-decks)
携帯,けいたい,carrying something; mobile telephone,N3,ja,JLPT (open-anki-jlpt-decks)
形態,けいたい,"form, shape, figure",N3,ja,JLPT (open-anki-jlpt-decks)
血管,けっかん,blood vessel,N3,ja,JLPT (open-anki-jlpt-decks)
決行,けっこう,"doing (with resolve), carrying out (e.g., a plan)",N3,ja,JLPT (open-anki-jlpt-decks)
件,けん,"matter, case, item",N3,ja,JLPT (open-anki-jlpt-decks)
減少,げんしょう,"decrease, reduction, decline",N3,ja,JLPT (open-anki-jlpt-decks)
公演,こうえん,public performance,N3,ja,JLPT (open-anki-jlpt-decks)
後悔,こうかい,"regret, repentance",N3,ja,JLPT (open-anki-jlpt-decks)
航海,こうかい,"sail, voyage",N3,ja,JLPT (open-anki-jlpt-decks)
拘束,こうそく,"restriction, restraint",N3,ja,JLPT (open-anki-jlpt-decks)
荒廃,こうはい,ruin,N3,ja,JLPT (open-anki-jlpt-decks)
降伏,こうふく,"capitulation, surrender, submission",N3,ja,JLPT (open-anki-jlpt-decks)
興奮,こうふん,"excitement, stimulation",N3,ja,JLPT (open-anki-jlpt-decks)
語句,ごく,"words, phrases",N3,ja,JLPT (open-anki-jlpt-decks)
個々,ここ,"individual, one by one",N3,ja,JLPT (open-anki-jlpt-decks)
故人,こじん,the deceased,N3,ja,JLPT (open-anki-jlpt-decks)
小銭,こぜに,"coins, small change",N3,ja,JLPT (open-anki-jlpt-decks)
ことによると,ことによると,(depending on the circumstances),N3,ja,JLPT (open-anki-jlpt-decks)
コンテスト,コンテスト,contest,N3,ja,JLPT (open-anki-jlpt-decks)
採集,さいしゅう,"collecting, gathering",N3,ja,JLPT (open-anki-jlpt-decks)
作,さく,"a work, a harvest",N3,ja,JLPT (open-anki-jlpt-decks)
策,さく,"plan, policy",N3,ja,JLPT (open-anki-jlpt-decks)
設備,せつび,"equipment, device, facilities",N3,ja,JLPT (open-anki-jlpt-decks)
絶滅,ぜつめつ,"destruction, extinction",N3,ja,JLPT (open-anki-jlpt-decks)
節約,せつやく,"economizing, saving",N3,ja,JLPT (open-anki-jlpt-decks)
攻める,せめる,"to attack, to assault",N3,ja,JLPT (open-anki-jlpt-decks)
責める,せめる,"to condemn, to blame, to criticize",N3,ja,JLPT (open-anki-jlpt-decks)
善,ぜん,"good, virtue",N3,ja,JLPT (open-anki-jlpt-decks)
全,ぜん,"all, whole, entire",N3,ja,JLPT (open-anki-jlpt-decks)
全員,ぜんいん,all members,N3,ja,JLPT (open-anki-jlpt-decks)
専攻,せんこう,"major subject, special study",N3,ja,JLPT (open-anki-jlpt-decks)
全国,ぜんこく,"the entire nation, country-wide, nation-wide",N3,ja,JLPT (open-anki-jlpt-decks)
洗剤,せんざい,detergent,N3,ja,JLPT (open-anki-jlpt-decks)
先日,せんじつ,"the other day, a few days ago",N3,ja,JLPT (open-anki-jlpt-decks)
前者,ぜんしゃ,the former,N3,ja,JLPT (open-anki-jlpt-decks)
選手,せんしゅ,player selected for a team (usually athletic),N3,ja,JLPT (open-anki-jlpt-decks)
全身,ぜんしん,"the whole body, full-length (portrait)",N3,ja,JLPT (open-anki-jlpt-decks)
前進,ぜんしん,"advance, drive, progress",N3,ja,JLPT (open-anki-jlpt-decks)
センター,センター,center,N3,ja,JLPT (open-anki-jlpt-decks)
全体,ぜんたい,"whole, entirety, whatever (is the matter)",N3,ja,JLPT (open-anki-jlpt-decks)
選択,せんたく,"selection, choice",N3,ja,JLPT (open-anki-jlpt-decks)
宣伝,せんでん,"advertisement, publicity",N3,ja,JLPT (open-anki-jlpt-decks)
象,ぞう,elephant,N3,ja,JLPT (open-anki-jlpt-decks)
騒音,そうおん,noise,N3,ja,JLPT (open-anki-jlpt-decks)
増加,ぞうか,"increase, addition",N3,ja,JLPT (open-anki-jlpt-decks)
操作,そうさ,"operation, management, processing",N3,ja,JLPT (open-anki-jlpt-decks)
想像,そうぞう,"imagination, guess",N3,ja,JLPT (open-anki-jlpt-decks)
相続,そうぞく,"succession, inheritance",N3,ja,JLPT (open-anki-jlpt-decks)
装置,そうち,"equipment, installation, apparatus",N3,ja,JLPT (open-anki-jlpt-decks)
相当,そうとう,"considerably, fairly; worth ~",N3,ja,JLPT (open-anki-jlpt-decks)
速度,そくど,"speed, velocity, rate",N3,ja,JLPT (open-anki-jlpt-decks)
底,そこ,"bottom, sole",N3,ja,JLPT (open-anki-jlpt-decks)
そこで,そこで,"so (conj.), accordingly",N3,ja,JLPT (open-anki-jlpt-decks)
組織,そしき,organization; structure; tissue,N3,ja,JLPT (open-anki-jlpt-decks)
そして,そして,and then,N3,ja,JLPT (open-anki-jlpt-decks)
注ぐ,そそぐ,to pour (into),N3,ja,JLPT (open-anki-jlpt-decks)
育つ,そだつ,"to be brought up, to grow (up)",N3,ja,JLPT (open-anki-jlpt-decks)
そっくり,そっくり,the splitting image of; entirely,N3,ja,JLPT (open-anki-jlpt-decks)
そっと,そっと,"softly, gently",N3,ja,JLPT (open-anki-jlpt-decks)
袖,そで,sleeve,N3,ja,JLPT (open-anki-jlpt-decks)
備える,そなえる,"to prepare, to furnish, to store",N3,ja,JLPT (open-anki-jlpt-decks)
具える,そなえる,to be furnished with,N3,ja,JLPT (open-anki-jlpt-decks)
そのうえ,そのうえ,"in addition, furthermore",N3,ja,JLPT (open-anki-jlpt-decks)
そのうち,そのうち,"before long, eventually, sooner or later",N3,ja,JLPT (open-anki-jlpt-decks)
そのまま,そのまま,"without change, as it is (e.g., now)",N3,ja,JLPT (open-anki-jlpt-decks)
蕎麦,そば,soba (buckwheat noodles),N3,ja,JLPT (open-anki-jlpt-decks)
ソファー,ソファー,"sofa, couch",N3,ja,JLPT (open-anki-jlpt-decks)
粗末,そまつ,"humble, miserable, crude",N3,ja,JLPT (open-anki-jlpt-decks)
それぞれ,それぞれ,"each, every, respectively",N3,ja,JLPT (open-anki-jlpt-decks)
それでも,それでも,"but (still), and yet, nevertheless",N3,ja,JLPT (open-anki-jlpt-decks)
それと,それと,and,N3,ja,JLPT (open-anki-jlpt-decks)
それとも,それとも,"or, or else",N3,ja,JLPT (open-anki-jlpt-decks)
揃う,そろう,"to become complete, to be equal",N3,ja,JLPT (open-anki-jlpt-decks)
揃える,そろえる,"to put things in order, to arrange",N3,ja,JLPT (open-anki-jlpt-decks)
損,そん,"loss, disadvantage",N3,ja,JLPT (open-anki-jlpt-decks)
損害,そんがい,"damage, loss",N3,ja,JLPT (open-anki-jlpt-decks)
尊敬,そんけい,"respect, reverence, honor",N3,ja,JLPT (open-anki-jlpt-decks)
存在,そんざい,"existence, being",N3,ja,JLPT (open-anki-jlpt-decks)
尊重,そんちょう,"respect, esteem, regard",N3,ja,JLPT (open-anki-jlpt-decks)
田,た,rice field,N3,ja,JLPT (open-anki-jlpt-decks)
他,た,other (esp. places and things),N3,ja,JLPT (open-anki-jlpt-decks)
対,たい,"pair, couple, set",N3,ja,JLPT (open-anki-jlpt-decks)
大,だい,"big, great",N3,ja,JLPT (open-anki-jlpt-decks)
題,だい,"title, subject, theme",N3,ja,JLPT (open-anki-jlpt-decks)
体育,たいいく,"physical education, gymnastics, athletics",N3,ja,JLPT (open-anki-jlpt-decks)
体温,たいおん,temperature (body),N3,ja,JLPT (open-anki-jlpt-decks)
大会,たいかい,"convention, (big) tournament, mass meeting",N3,ja,JLPT (open-anki-jlpt-decks)
大気,たいき,atmosphere,N3,ja,JLPT (open-anki-jlpt-decks)
代金,だいきん,"price, cost",N3,ja,JLPT (open-anki-jlpt-decks)
退屈,たいくつ,"tedium, boring",N3,ja,JLPT (open-anki-jlpt-decks)
滞在,たいざい,"stay, sojourn",N3,ja,JLPT (open-anki-jlpt-decks)
大使,たいし,ambassador,N3,ja,JLPT (open-anki-jlpt-decks)
大した,たいした,"significant, great, considerable",N3,ja,JLPT (open-anki-jlpt-decks)
体重,たいじゅう,(body) weight,N3,ja,JLPT (open-anki-jlpt-decks)
対象,たいしょう,"target; object (of worship, study, etc.); subject (i.e., of taxation)",N3,ja,JLPT (open-anki-jlpt-decks)
対照,たいしょう,"contrast, antithesis, comparison",N3,ja,JLPT (open-anki-jlpt-decks)
大臣,だいじん,cabinet minister,N3,ja,JLPT (open-anki-jlpt-decks)
対する,たいする,"to face, to confront, to oppose",N3,ja,JLPT (open-anki-jlpt-decks)
大戦,たいせん,"great war, great battle",N3,ja,JLPT (open-anki-jlpt-decks)
態度,たいど,"attitude, manner",N3,ja,JLPT (open-anki-jlpt-decks)
大統領,だいとうりょう,president,N3,ja,JLPT (open-anki-jlpt-decks)
大半,たいはん,"most of, majority, mostly",N3,ja,JLPT (open-anki-jlpt-decks)
代表,だいひょう,"representative, delegation",N3,ja,JLPT (open-anki-jlpt-decks)
大部分,だいぶぶん,"most part, majority",N3,ja,JLPT (open-anki-jlpt-decks)
タイプライター,タイプライター,typewriter,N3,ja,JLPT (open-anki-jlpt-decks)
逮捕,たいほ,"arrest, apprehension, capture",N3,ja,JLPT (open-anki-jlpt-decks)
題名,だいめい,title,N3,ja,JLPT (open-anki-jlpt-decks)
ダイヤ,ダイヤ,(railway) schedule; diamond,N3,ja,JLPT (open-anki-jlpt-decks)
太陽,たいよう,sun,N3,ja,JLPT (open-anki-jlpt-decks)
平ら,たいら,"flatness, level, smooth",N3,ja,JLPT (open-anki-jlpt-decks)
代理,だいり,"representation, proxy, deputy",N3,ja,JLPT (open-anki-jlpt-decks)
大陸,たいりく,continent,N3,ja,JLPT (open-anki-jlpt-decks)
倒す,たおす,"to throw down, to beat",N3,ja,JLPT (open-anki-jlpt-decks)
タオル,タオル,(hand) towel,N3,ja,JLPT (open-anki-jlpt-decks)
だが,だが,"but, however",N3,ja,JLPT (open-anki-jlpt-decks)
互い,たがい,"mutual, each other",N3,ja,JLPT (open-anki-jlpt-decks)
高める,たかめる,"to raise, to lift, to boost",N3,ja,JLPT (open-anki-jlpt-decks)
宝,たから,treasure,N3,ja,JLPT (open-anki-jlpt-decks)
宅,たく,"house, home",N3,ja,JLPT (open-anki-jlpt-decks)
炊く,たく,"to boil, to cook",N3,ja,JLPT (open-anki-jlpt-decks)
焚く,たく,"to burn, to kindle, to build a fire",N3,ja,JLPT (open-anki-jlpt-decks)
抱く,だく,"to embrace, to hug",N3,ja,JLPT (open-anki-jlpt-decks)
だけど,だけど,however,N3,ja,JLPT (open-anki-jlpt-decks)
たしか,たしか,"certain, sure, if I remember correctly",N3,ja,JLPT (open-anki-jlpt-decks)
確かめる,たしかめる,"to ascertain, to make sure",N3,ja,JLPT (open-anki-jlpt-decks)
多少,たしょう,a little (same as 少し (すこし)),N3,ja,JLPT (open-anki-jlpt-decks)
助かる,たすかる,to be saved; (something) helps (v.i.),N3,ja,JLPT (open-anki-jlpt-decks)
助ける,たすける,"to help (v.t.), to save, to rescue",N3,ja,JLPT (open-anki-jlpt-decks)
ただ,ただ,free of charge; just (~); only (~),N3,ja,JLPT (open-anki-jlpt-decks)
只,ただ,"free of charge, mere, only",N3,ja,JLPT (open-anki-jlpt-decks)
唯,ただ,"mere, sole, plain",N3,ja,JLPT (open-anki-jlpt-decks)
戦い,たたかい,"battle, fight",N3,ja,JLPT (open-anki-jlpt-decks)
戦う,たたかう,"to fight, to compete, to battle",N3,ja,JLPT (open-anki-jlpt-decks)
叩く,たたく,"to strike, to beat",N3,ja,JLPT (open-anki-jlpt-decks)
直ちに,ただちに,"at once, immediately",N3,ja,JLPT (open-anki-jlpt-decks)
畳む,たたむ,to fold (clothes),N3,ja,JLPT (open-anki-jlpt-decks)
立ち上がる,たちあがる,to stand up,N3,ja,JLPT (open-anki-jlpt-decks)
立場,たちば,"standpoint, position, situation",N3,ja,JLPT (open-anki-jlpt-decks)
建つ,たつ,"to stand; to be built (v.i.), to erect, to be erected",N3,ja,JLPT (open-anki-jlpt-decks)
経つ,たつ,(time) passes,N3,ja,JLPT (open-anki-jlpt-decks)
達する,たっする,"to reach, to get to",N3,ja,JLPT (open-anki-jlpt-decks)
唯,たった,"only, just",N3,ja,JLPT (open-anki-jlpt-decks)
だって,だって,"but, because, even",N3,ja,JLPT (open-anki-jlpt-decks)
たっぷり,たっぷり,"full, in plenty, ample",N3,ja,JLPT (open-anki-jlpt-decks)
たとえ,たとえ,"even if, no matter, though",N3,ja,JLPT (open-anki-jlpt-decks)
谷,たに,valley,N3,ja,JLPT (open-anki-jlpt-decks)
他人,たにん,"unrelated person, stranger",N3,ja,JLPT (open-anki-jlpt-decks)
種,たね,seed; material; cause,N3,ja,JLPT (open-anki-jlpt-decks)
束,たば,"bunch, bundle",N3,ja,JLPT (open-anki-jlpt-decks)
足袋,たび,Japanese socks (with split toe),N3,ja,JLPT (open-anki-jlpt-decks)
度,たび,counter for occurrences,N3,ja,JLPT (open-anki-jlpt-decks)
旅,たび,"travel, trip, journey",N3,ja,JLPT (open-anki-jlpt-decks)
たびたび,たびたび,"often, repeatedly, frequently",N3,ja,JLPT (open-anki-jlpt-decks)
玉,たま,"ball, sphere, coin",N3,ja,JLPT (open-anki-jlpt-decks)
球,たま,"globe, sphere, ball",N3,ja,JLPT (open-anki-jlpt-decks)
弾,たま,"bullet, shot",N3,ja,JLPT (open-anki-jlpt-decks)
偶,たま,"even number, couple, friend",N3,ja,JLPT (open-anki-jlpt-decks)
騙す,だます,"to trick, to cheat, to deceive",N3,ja,JLPT (open-anki-jlpt-decks)
偶々,たまたま,"unexpectedly, accidentally, by chance",N3,ja,JLPT (open-anki-jlpt-decks)
たまらない,たまらない,"intolerable, unbearable, unendurable",N3,ja,JLPT (open-anki-jlpt-decks)
溜まる,たまる,"to collect, to gather, to accumulate",N3,ja,JLPT (open-anki-jlpt-decks)
黙る,だまる,to be silent,N3,ja,JLPT (open-anki-jlpt-decks)
試し,ためし,"trial, test",N3,ja,JLPT (open-anki-jlpt-decks)
試す,ためす,"to attempt, to test",N3,ja,JLPT (open-anki-jlpt-decks)
溜める,ためる,"to accumulate, to collect",N3,ja,JLPT (open-anki-jlpt-decks)
便り,たより,"news, correspondence, letter",N3,ja,JLPT (open-anki-jlpt-decks)
頼る,たよる,"to rely on, to have recourse to, to depend on",N3,ja,JLPT (open-anki-jlpt-decks)
段,だん,"step, stair, grade",N3,ja,JLPT (open-anki-jlpt-decks)
単位,たんい,"credit (for a course in school); unit, denomination",N3,ja,JLPT (open-anki-jlpt-decks)
単語,たんご,word; vocabulary,N3,ja,JLPT (open-anki-jlpt-decks)
男子,だんし,young man,N3,ja,JLPT (open-anki-jlpt-decks)
単純,たんじゅん,simplicity,N3,ja,JLPT (open-anki-jlpt-decks)
誕生,たんじょう,birth,N3,ja,JLPT (open-anki-jlpt-decks)
ダンス,ダンス,dance,N3,ja,JLPT (open-anki-jlpt-decks)
団体,だんたい,"organization, association",N3,ja,JLPT (open-anki-jlpt-decks)
担当,たんとう,(in) charge,N3,ja,JLPT (open-anki-jlpt-decks)
単なる,たんなる,"mere, simple, sheer",N3,ja,JLPT (open-anki-jlpt-decks)
単に,たんに,"simply, merely",N3,ja,JLPT (open-anki-jlpt-decks)
地,ち,earth,N3,ja,JLPT (open-anki-jlpt-decks)
地位,ちい,"(social) position, status",N3,ja,JLPT (open-anki-jlpt-decks)
地域,ちいき,"area, region",N3,ja,JLPT (open-anki-jlpt-decks)
チーズ,チーズ,cheese,N3,ja,JLPT (open-anki-jlpt-decks)
チーム,チーム,team,N3,ja,JLPT (open-anki-jlpt-decks)
知恵,ちえ,"wisdom, wit, intelligence",N3,ja,JLPT (open-anki-jlpt-decks)
地下,ちか,"basement, underground",N3,ja,JLPT (open-anki-jlpt-decks)
違い,ちがい,"difference, discrepancy",N3,ja,JLPT (open-anki-jlpt-decks)
違いない,ちがいない,"(phrase) sure, no mistaking it, for certain",N3,ja,JLPT (open-anki-jlpt-decks)
近頃,ちかごろ,"lately, recently, nowadays",N3,ja,JLPT (open-anki-jlpt-decks)
地球,ちきゅう,the earth,N3,ja,JLPT (open-anki-jlpt-decks)
地区,ちく,"district, section",N3,ja,JLPT (open-anki-jlpt-decks)
遅刻,ちこく,"lateness, late coming",N3,ja,JLPT (open-anki-jlpt-decks)
知事,ちじ,prefectural governor,N3,ja,JLPT (open-anki-jlpt-decks)
知識,ちしき,"knowledge, information",N3,ja,JLPT (open-anki-jlpt-decks)
父親,ちちおや,father,N3,ja,JLPT (open-anki-jlpt-decks)
知能,ちのう,"intelligence, brains",N3,ja,JLPT (open-anki-jlpt-decks)
地平線,ちへいせん,horizon,N3,ja,JLPT (open-anki-jlpt-decks)
地方,ちほう,"area, locality, region",N3,ja,JLPT (open-anki-jlpt-decks)
茶,ちゃ,tea,N3,ja,JLPT (open-anki-jlpt-decks)
チャンス,チャンス,"chance, opportunity",N3,ja,JLPT (open-anki-jlpt-decks)
ちゃんと,ちゃんと,"perfectly, properly, exactly",N3,ja,JLPT (open-anki-jlpt-decks)
中,ちゅう,"inside, middle, among",N3,ja,JLPT (open-anki-jlpt-decks)
注,ちゅう,"annotation, explanatory note",N3,ja,JLPT (open-anki-jlpt-decks)
中央,ちゅうおう,"central, center, middle",N3,ja,JLPT (open-anki-jlpt-decks)
中学,ちゅうがく,"middle school, junior high school",N3,ja,JLPT (open-anki-jlpt-decks)
中古,ちゅうこ,"used, second-hand",N3,ja,JLPT (open-anki-jlpt-decks)
中止,ちゅうし,"suspension, stoppage, discontinuance",N3,ja,JLPT (open-anki-jlpt-decks)
駐車,ちゅうしゃ,"parking (e.g., car)",N3,ja,JLPT (open-anki-jlpt-decks)
昼食,ちゅうしょく,lunch (same as 昼ご飯 (ひるごはん)),N3,ja,JLPT (open-anki-jlpt-decks)
中心,ちゅうしん,"center, core",N3,ja,JLPT (open-anki-jlpt-decks)
注目,ちゅうもく,"notice, attention, observation",N3,ja,JLPT (open-anki-jlpt-decks)
注文,ちゅうもん,"order, request",N3,ja,JLPT (open-anki-jlpt-decks)
長期,ちょうき,long time period,N3,ja,JLPT (open-anki-jlpt-decks)
調査,ちょうさ,survey; investigation,N3,ja,JLPT (open-anki-jlpt-decks)
調子,ちょうし,"condition, state, tune, tone",N3,ja,JLPT (open-anki-jlpt-decks)
頂上,ちょうじょう,"top, summit, peak",N3,ja,JLPT (open-anki-jlpt-decks)
ちょうだい,ちょうだい,-- colloquial form of ください; typically used by children or women --,N3,ja,JLPT (open-anki-jlpt-decks)
貯金,ちょきん,(bank) savings,N3,ja,JLPT (open-anki-jlpt-decks)
直接,ちょくせつ,"direct, immediate, firsthand",N3,ja,JLPT (open-anki-jlpt-decks)
著者,ちょしゃ,"author, writer",N3,ja,JLPT (open-anki-jlpt-decks)
散らす,ちらす,"to scatter, to disperse, to distribute",N3,ja,JLPT (open-anki-jlpt-decks)
散る,ちる,"to fall, to scatter (e.g., blossoms)",N3,ja,JLPT (open-anki-jlpt-decks)
遂に,ついに,"finally, at last",N3,ja,JLPT (open-anki-jlpt-decks)
通過,つうか,"passage through, passing",N3,ja,JLPT (open-anki-jlpt-decks)
通貨,つうか,currency,N3,ja,JLPT (open-anki-jlpt-decks)
通学,つうがく,commuting to school,N3,ja,JLPT (open-anki-jlpt-decks)
通勤,つうきん,commuting to work,N3,ja,JLPT (open-anki-jlpt-decks)
通行,つうこう,"passage, passing",N3,ja,JLPT (open-anki-jlpt-decks)
通じる,つうじる,"to run to, to lead to, to communicate",N3,ja,JLPT (open-anki-jlpt-decks)
通信,つうしん,"correspondence, communications",N3,ja,JLPT (open-anki-jlpt-decks)
通訳,つうやく,interpretation; interpreter,N3,ja,JLPT (open-anki-jlpt-decks)
捕まる,つかまる,to be arrested; to be caught,N3,ja,JLPT (open-anki-jlpt-decks)
掴む,つかむ,"to seize, to catch, to grasp",N3,ja,JLPT (open-anki-jlpt-decks)
疲れ,つかれ,"tiredness, fatigue",N3,ja,JLPT (open-anki-jlpt-decks)
付き合い,つきあい,socialization; friendship; association,N3,ja,JLPT (open-anki-jlpt-decks)
付合う,つきあう,"to associate with, to keep company with, to get on with",N3,ja,JLPT (open-anki-jlpt-decks)
次々,つぎつぎ,"in succession, one by one",N3,ja,JLPT (open-anki-jlpt-decks)
付く,つく,"to adjoin, to be attached, to adhere",N3,ja,JLPT (open-anki-jlpt-decks)
就く,つく,"to settle in (place), to take (seat position), to study (under teacher)",N3,ja,JLPT (open-anki-jlpt-decks)
突く,つく,"to thrust, to strike; to poke",N3,ja,JLPT (open-anki-jlpt-decks)
次ぐ,つぐ,"to rank next to, to come after",N3,ja,JLPT (open-anki-jlpt-decks)
注ぐ,つぐ,to pour (into),N3,ja,JLPT (open-anki-jlpt-decks)
付ける,つける,"to attach, to join, to add",N3,ja,JLPT (open-anki-jlpt-decks)
着ける,つける,"to put on, to wear; to draw up",N3,ja,JLPT (open-anki-jlpt-decks)
伝わる,つたわる,"to be handed down, to be transmitted",N3,ja,JLPT (open-anki-jlpt-decks)
土,つち,"earth, soil",N3,ja,JLPT (open-anki-jlpt-decks)
続き,つづき,"sequel, continuation",N3,ja,JLPT (open-anki-jlpt-decks)
包み,つつみ,"bundle, package",N3,ja,JLPT (open-anki-jlpt-decks)
勤め,つとめ,"work, employment",N3,ja,JLPT (open-anki-jlpt-decks)
務め,つとめ,duty,N3,ja,JLPT (open-anki-jlpt-decks)
繋がる,つながる,"to be connected to, to be related to",N3,ja,JLPT (open-anki-jlpt-decks)
繋ぐ,つなぐ,"to tie, to fasten, to connect",N3,ja,JLPT (open-anki-jlpt-decks)
繋げる,つなげる,to connect,N3,ja,JLPT (open-anki-jlpt-decks)
常に,つねに,always (same as いつも) (written expression),N3,ja,JLPT (open-anki-jlpt-decks)
翼,つばさ,wings,N3,ja,JLPT (open-anki-jlpt-decks)
つまり,つまり,namely; in other words; in short,N3,ja,JLPT (open-anki-jlpt-decks)
罪,つみ,"crime, fault, indiscretion",N3,ja,JLPT (open-anki-jlpt-decks)
積む,つむ,"to pile up, to stack",N3,ja,JLPT (open-anki-jlpt-decks)
詰める,つめる,"to pack, to shorten, to work out (details)",N3,ja,JLPT (open-anki-jlpt-decks)
積もる,つもる,to pile up,N3,ja,JLPT (open-anki-jlpt-decks)
梅雨,つゆ,rainy season,N3,ja,JLPT (open-anki-jlpt-decks)
辛い,つらい,"painful, heart-breaking",N3,ja,JLPT (open-anki-jlpt-decks)
釣,つり,fishing,N3,ja,JLPT (open-anki-jlpt-decks)
連れ,つれ,"companion, company",N3,ja,JLPT (open-anki-jlpt-decks)
出,で,"outflow, coming (going) out, graduate (of)",N3,ja,JLPT (open-anki-jlpt-decks)
出会い,であい,"meeting, rendezvous, encounter",N3,ja,JLPT (open-anki-jlpt-decks)
出合い,であい,an encounter,N3,ja,JLPT (open-anki-jlpt-decks)
出会う,であう,"to meet by chance, to come across, to happen to encounter",N3,ja,JLPT (open-anki-jlpt-decks)
提案,ていあん,"proposal, proposition, suggestion",N3,ja,JLPT (open-anki-jlpt-decks)
定期,ていき,fixed term,N3,ja,JLPT (open-anki-jlpt-decks)
抵抗,ていこう,"resistance, opposition",N3,ja,JLPT (open-anki-jlpt-decks)
提出,ていしゅつ,"presentation, submission, filing",N3,ja,JLPT (open-anki-jlpt-decks)
停電,ていでん,failure of electricity,N3,ja,JLPT (open-anki-jlpt-decks)
程度,ていど,"degree, amount, level",N3,ja,JLPT (open-anki-jlpt-decks)
停留所,ていりゅうじょ,bus or tram stop,N3,ja,JLPT (open-anki-jlpt-decks)
デート,デート,date (in the sense of 'social engagement' only),N3,ja,JLPT (open-anki-jlpt-decks)
敵,てき,"enemy, rival",N3,ja,JLPT (open-anki-jlpt-decks)
出来事,できごと,"incident happening, event",N3,ja,JLPT (open-anki-jlpt-decks)
適する,てきする,"to fit, to suit",N3,ja,JLPT (open-anki-jlpt-decks)
適切,てきせつ,"appropriate, adequate, relevance",N3,ja,JLPT (open-anki-jlpt-decks)
適度,てきど,moderate,N3,ja,JLPT (open-anki-jlpt-decks)
適用,てきよう,applying,N3,ja,JLPT (open-anki-jlpt-decks)
できれば,できれば,if possible…,N3,ja,JLPT (open-anki-jlpt-decks)
手品,てじな,"conjuring trick, magic",N3,ja,JLPT (open-anki-jlpt-decks)
ですから,ですから,therefore,N3,ja,JLPT (open-anki-jlpt-decks)
鉄,てつ,iron,N3,ja,JLPT (open-anki-jlpt-decks)
哲学,てつがく,philosophy,N3,ja,JLPT (open-anki-jlpt-decks)
手伝い,てつだい,"help, helper, assistant",N3,ja,JLPT (open-anki-jlpt-decks)
徹底,てってい,"thoroughness, completeness",N3,ja,JLPT (open-anki-jlpt-decks)
鉄道,てつどう,railway; railroad,N3,ja,JLPT (open-anki-jlpt-decks)
徹夜,てつや,"staying up all night, sleepless night",N3,ja,JLPT (open-anki-jlpt-decks)
手間,てま,"time, labor",N3,ja,JLPT (open-anki-jlpt-decks)
デモ,デモ,"demo, demonstration",N3,ja,JLPT (open-anki-jlpt-decks)
典型,てんけい,"type, pattern, archetypal",N3,ja,JLPT (open-anki-jlpt-decks)
天候,てんこう,weather,N3,ja,JLPT (open-anki-jlpt-decks)
電子,でんし,electron; electronic,N3,ja,JLPT (open-anki-jlpt-decks)
テント,テント,tent,N3,ja,JLPT (open-anki-jlpt-decks)
伝統,でんとう,"tradition, convention",N3,ja,JLPT (open-anki-jlpt-decks)
天然,てんねん,"nature, spontaneity",N3,ja,JLPT (open-anki-jlpt-decks)
問い,とい,"question, query",N3,ja,JLPT (open-anki-jlpt-decks)
党,とう,party (political),N3,ja,JLPT (open-anki-jlpt-decks)
塔,とう,"tower, pagoda",N3,ja,JLPT (open-anki-jlpt-decks)
答案,とうあん,"examination paper, examination script",N3,ja,JLPT (open-anki-jlpt-decks)
同一,どういつ,"identity, sameness, similarity",N3,ja,JLPT (open-anki-jlpt-decks)
銅貨,どうか,copper coin,N3,ja,JLPT (open-anki-jlpt-decks)
当時,とうじ,"at that time, in those days (same as そのころ)",N3,ja,JLPT (open-anki-jlpt-decks)
動詞,どうし,verb,N3,ja,JLPT (open-anki-jlpt-decks)
同時,どうじ,"simultaneous(ly), same time",N3,ja,JLPT (open-anki-jlpt-decks)
どうしても,どうしても,"at any cost, no matter what, no matter how hard one tries",N3,ja,JLPT (open-anki-jlpt-decks)
どうぞよろしく,どうぞよろしく,pleased to meet you,N3,ja,JLPT (open-anki-jlpt-decks)
到着,とうちゃく,arrival,N3,ja,JLPT (open-anki-jlpt-decks)
道徳,どうとく,morals,N3,ja,JLPT (open-anki-jlpt-decks)
投票,とうひょう,"voting, poll",N3,ja,JLPT (open-anki-jlpt-decks)
東洋,とうよう,Orient,N3,ja,JLPT (open-anki-jlpt-decks)
同様,どうよう,"identical, same (kind), like",N3,ja,JLPT (open-anki-jlpt-decks)
童謡,どうよう,"children's song, nursery rhyme",N3,ja,JLPT (open-anki-jlpt-decks)
同僚,どうりょう,colleague; co-worker,N3,ja,JLPT (open-anki-jlpt-decks)
道路,どうろ,road,N3,ja,JLPT (open-anki-jlpt-decks)
通す,とおす,"to let pass, to overlook, to continue",N3,ja,JLPT (open-anki-jlpt-decks)
通り過ぎる,とおりすぎる,"to pass, to pass through",N3,ja,JLPT (open-anki-jlpt-decks)
都会,とかい,city,N3,ja,JLPT (open-anki-jlpt-decks)
溶く,とく,to dissolve (paint),N3,ja,JLPT (open-anki-jlpt-decks)
解く,とく,"to unfasten; answer, solve",N3,ja,JLPT (open-anki-jlpt-decks)
退く,どく,"to retreat, to recede, to withdraw",N3,ja,JLPT (open-anki-jlpt-decks)
毒,どく,"poison, toxicant",N3,ja,JLPT (open-anki-jlpt-decks)
得意,とくい,"pride, triumph, prosperity",N3,ja,JLPT (open-anki-jlpt-decks)
読書,どくしょ,reading,N3,ja,JLPT (open-anki-jlpt-decks)
独身,どくしん,"single, unmarried",N3,ja,JLPT (open-anki-jlpt-decks)
特徴,とくちょう,characteristic(s); feature(s); trait(s),N3,ja,JLPT (open-anki-jlpt-decks)
特長,とくちょう,"forte, merit",N3,ja,JLPT (open-anki-jlpt-decks)
独特,どくとく,"peculiarity, uniqueness, characteristic",N3,ja,JLPT (open-anki-jlpt-decks)
独立,どくりつ,"independence (e.g., Ind. Day), self-support",N3,ja,JLPT (open-anki-jlpt-decks)
溶ける,とける,"to melt, to thaw, to dissolve",N3,ja,JLPT (open-anki-jlpt-decks)
解ける,とける,"to come untied, to come apart",N3,ja,JLPT (open-anki-jlpt-decks)
どこか,どこか,"somewhere, anywhere",N3,ja,JLPT (open-anki-jlpt-decks)
ところが,ところが,"however, while, even if",N3,ja,JLPT (open-anki-jlpt-decks)
ところで,ところで,by the way; even if,N3,ja,JLPT (open-anki-jlpt-decks)
登山,とざん,mountain-climbing,N3,ja,JLPT (open-anki-jlpt-decks)
都市,とし,"town, city, urban",N3,ja,JLPT (open-anki-jlpt-decks)
年月,としつき,months and years,N3,ja,JLPT (open-anki-jlpt-decks)
図書,としょ,books,N3,ja,JLPT (open-anki-jlpt-decks)
年寄,としより,"old people, the aged",N3,ja,JLPT (open-anki-jlpt-decks)
閉じる,とじる,"to close (e.g., book, eyes), to shut",N3,ja,JLPT (open-anki-jlpt-decks)
途端,とたん,"just (now, at the moment, etc.)",N3,ja,JLPT (open-anki-jlpt-decks)
土地,とち,"plot of land, lot, soil",N3,ja,JLPT (open-anki-jlpt-decks)
突然,とつぜん,"abruptly, suddenly, unexpectedly",N3,ja,JLPT (open-anki-jlpt-decks)
トップ,トップ,top,N3,ja,JLPT (open-anki-jlpt-decks)
届く,とどく,to reach,N3,ja,JLPT (open-anki-jlpt-decks)
とにかく,とにかく,"anyhow, at any rate, anyway",N3,ja,JLPT (open-anki-jlpt-decks)
飛ばす,とばす,"to skip over, to omit",N3,ja,JLPT (open-anki-jlpt-decks)
飛び出す,とびだす,"to jump out, to rush out, to fly out",N3,ja,JLPT (open-anki-jlpt-decks)
留める,とめる,"to fasten, to turn off, to detain",N3,ja,JLPT (open-anki-jlpt-decks)
泊める,とめる,to have someone stay (over night) (v.t.),N3,ja,JLPT (open-anki-jlpt-decks)
友,とも,"friend, companion, pal",N3,ja,JLPT (open-anki-jlpt-decks)
共に,ともに,"sharing with, participate in",N3,ja,JLPT (open-anki-jlpt-decks)
虎,とら,tiger,N3,ja,JLPT (open-anki-jlpt-decks)
ドライブ,ドライブ,"drive, driving",N3,ja,JLPT (open-anki-jlpt-decks)
トラック,トラック,truck; (running) track,N3,ja,JLPT (open-anki-jlpt-decks)
ドラマ,ドラマ,drama,N3,ja,JLPT (open-anki-jlpt-decks)
トランプ,トランプ,playing cards (lit: trump),N3,ja,JLPT (open-anki-jlpt-decks)
取り上げる,とりあげる,"to take up, to pick up; to confiscate",N3,ja,JLPT (open-anki-jlpt-decks)
努力,どりょく,"great effort, exertion, endeavor",N3,ja,JLPT (open-anki-jlpt-decks)
トレーニング,トレーニング,training,N3,ja,JLPT (open-anki-jlpt-decks)
ドレス,ドレス,dress,N3,ja,JLPT (open-anki-jlpt-decks)
取れる,とれる,"to come off, to be taken off",N3,ja,JLPT (open-anki-jlpt-decks)
泥,どろ,mud,N3,ja,JLPT (open-anki-jlpt-decks)
トン,トン,ton (1000 lbs.),N3,ja,JLPT (open-anki-jlpt-decks)
とんでもない,とんでもない,"outrageous, No way!",N3,ja,JLPT (open-anki-jlpt-decks)
どんなに,どんなに,"how, how much",N3,ja,JLPT (open-anki-jlpt-decks)
トンネル,トンネル,tunnel,N3,ja,JLPT (open-anki-jlpt-decks)
名,な,"name, reputation",N3,ja,JLPT (open-anki-jlpt-decks)
内容,ないよう,"subject, contents, detail",N3,ja,JLPT (open-anki-jlpt-decks)
なお,なお,"still, yet",N3,ja,JLPT (open-anki-jlpt-decks)
仲,なか,"relation, relationship",N3,ja,JLPT (open-anki-jlpt-decks)
流す,ながす,"to drain, to float, to shed (e.g., blood, tears)",N3,ja,JLPT (open-anki-jlpt-decks)
半ば,なかば,"middle, halfway",N3,ja,JLPT (open-anki-jlpt-decks)
仲間,なかま,"company, fellow, colleague, associate",N3,ja,JLPT (open-anki-jlpt-decks)
中身,なかみ,content(s); substance,N3,ja,JLPT (open-anki-jlpt-decks)
中味,なかみ,"contents, interior, filling",N3,ja,JLPT (open-anki-jlpt-decks)
眺め,ながめ,scene; view; prospect; outlook,N3,ja,JLPT (open-anki-jlpt-decks)
眺める,ながめる,"to view, to gaze at",N3,ja,JLPT (open-anki-jlpt-decks)
流れ,ながれ,"stream, current",N3,ja,JLPT (open-anki-jlpt-decks)
流れる,ながれる,"to flow, to be washed away",N3,ja,JLPT (open-anki-jlpt-decks)
亡くす,なくす,to lose someone,N3,ja,JLPT (open-anki-jlpt-decks)
殴る,なぐる,to strike; to hit; to punch,N3,ja,JLPT (open-anki-jlpt-decks)
無し,なし,without,N3,ja,JLPT (open-anki-jlpt-decks)
なぜなら,なぜなら,because,N3,ja,JLPT (open-anki-jlpt-decks)
謎,なぞ,"riddle, puzzle, enigma",N3,ja,JLPT (open-anki-jlpt-decks)
納得,なっとく,"consent, assent, understanding",N3,ja,JLPT (open-anki-jlpt-decks)
何か,なにか,something,N3,ja,JLPT (open-anki-jlpt-decks)
なにも,なにも,nothing,N3,ja,JLPT (open-anki-jlpt-decks)
鍋,なべ,"saucepan, pot",N3,ja,JLPT (open-anki-jlpt-decks)
生,なま,"raw, unprocessed",N3,ja,JLPT (open-anki-jlpt-decks)
怠ける,なまける,"to be idle, to neglect",N3,ja,JLPT (open-anki-jlpt-decks)
波,なみ,wave,N3,ja,JLPT (open-anki-jlpt-decks)
涙,なみだ,tear,N3,ja,JLPT (open-anki-jlpt-decks)
悩む,なやむ,"to agonize, to be troubled",N3,ja,JLPT (open-anki-jlpt-decks)
鳴らす,ならす,"to ring, to sound",N3,ja,JLPT (open-anki-jlpt-decks)
為る,なる,"to change, to be of use, to reach to",N3,ja,JLPT (open-anki-jlpt-decks)
生る,なる,to bear fruit,N3,ja,JLPT (open-anki-jlpt-decks)
馴れる,なれる,"to become domesticated, to become tame",N3,ja,JLPT (open-anki-jlpt-decks)
縄,なわ,rope,N3,ja,JLPT (open-anki-jlpt-decks)
何で,なんで,"Why, What for",N3,ja,JLPT (open-anki-jlpt-decks)
何でも,なんでも,"by all means, everything",N3,ja,JLPT (open-anki-jlpt-decks)
何とか,なんとか,"somehow, anyhow, one way or another",N3,ja,JLPT (open-anki-jlpt-decks)
似合う,にあう,"to suit (a person), to match (clothing), (something) becomes (someone)",N3,ja,JLPT (open-anki-jlpt-decks)
煮える,にえる,"to boil, to cook, to be cooked",N3,ja,JLPT (open-anki-jlpt-decks)
苦手,にがて,"poor (at), weak (in), dislike (of)",N3,ja,JLPT (open-anki-jlpt-decks)
握る,にぎる,"to grasp, to seize, to mold sushi",N3,ja,JLPT (open-anki-jlpt-decks)
日,にち,day,N3,ja,JLPT (open-anki-jlpt-decks)
日常,にちじょう,"ordinary, regular, everyday",N3,ja,JLPT (open-anki-jlpt-decks)
日光,にっこう,sunlight,N3,ja,JLPT (open-anki-jlpt-decks)
日中,にっちゅう,"daytime, broad daylight",N3,ja,JLPT (open-anki-jlpt-decks)
にっこり,にっこり,"smile sweetly, smile, grin",N3,ja,JLPT (open-anki-jlpt-decks)
日本,にっぽん,Japan,N3,ja,JLPT (open-anki-jlpt-decks)
日本,にほん,Japan,N3,ja,JLPT (open-anki-jlpt-decks)
入場,にゅうじょう,"entrance, admission, entering",N3,ja,JLPT (open-anki-jlpt-decks)
煮る,にる,"to boil, to cook",N3,ja,JLPT (open-anki-jlpt-decks)
人気,にんき,popularity,N3,ja,JLPT (open-anki-jlpt-decks)
人間,にんげん,"human being, person",N3,ja,JLPT (open-anki-jlpt-decks)
抜く,ぬく,"to extract, to omit, to unplug",N3,ja,JLPT (open-anki-jlpt-decks)
抜ける,ぬける,"to come out, to fall out, to be omitted",N3,ja,JLPT (open-anki-jlpt-decks)
布,ぬの,cloth,N3,ja,JLPT (open-anki-jlpt-decks)
濡らす,ぬらす,"to wet, to soak",N3,ja,JLPT (open-anki-jlpt-decks)
根,ね,root,N3,ja,JLPT (open-anki-jlpt-decks)
値,ね,"value, price, cost",N3,ja,JLPT (open-anki-jlpt-decks)
願い,ねがい,"desire, wish, request",N3,ja,JLPT (open-anki-jlpt-decks)
願う,ねがう,"to desire, to wish, to request",N3,ja,JLPT (open-anki-jlpt-decks)
鼠,ねずみ,"mouse, rat",N3,ja,JLPT (open-anki-jlpt-decks)
熱帯,ねったい,tropics,N3,ja,JLPT (open-anki-jlpt-decks)
熱中,ねっちゅう,"enthusiasm, zeal, mania",N3,ja,JLPT (open-anki-jlpt-decks)
年間,ねんかん,year,N3,ja,JLPT (open-anki-jlpt-decks)
年月,ねんげつ,months and years,N3,ja,JLPT (open-anki-jlpt-decks)
年中,ねんじゅう,"whole year, always, everyday",N3,ja,JLPT (open-anki-jlpt-decks)
年代,ねんだい,"age, era, period",N3,ja,JLPT (open-anki-jlpt-decks)
年齢,ねんれい,"age, years",N3,ja,JLPT (open-anki-jlpt-decks)
野,の,field,N3,ja,JLPT (open-anki-jlpt-decks)
能,のう,"being skilled in, nicely, properly",N3,ja,JLPT (open-anki-jlpt-decks)
農家,のうか,"farmer, farm family",N3,ja,JLPT (open-anki-jlpt-decks)
農業,のうぎょう,agriculture,N3,ja,JLPT (open-anki-jlpt-decks)
農民,のうみん,"farmers, peasants",N3,ja,JLPT (open-anki-jlpt-decks)
能力,のうりょく,"ability, faculty",N3,ja,JLPT (open-anki-jlpt-decks)
ノー,ノー,no,N3,ja,JLPT (open-anki-jlpt-decks)
軒,のき,eaves,N3,ja,JLPT (open-anki-jlpt-decks)
残す,のこす,"to leave (behind, over), to save, to reserve",N3,ja,JLPT (open-anki-jlpt-decks)
残り,のこり,"remaining, left-over",N3,ja,JLPT (open-anki-jlpt-decks)
乗せる,のせる,"to place on (something), to take on board",N3,ja,JLPT (open-anki-jlpt-decks)
載せる,のせる,to place on (something); to publish,N3,ja,JLPT (open-anki-jlpt-decks)
覗く,のぞく,"to peek in, to look in",N3,ja,JLPT (open-anki-jlpt-decks)
除く,のぞく,"to remove, to exclude, to except",N3,ja,JLPT (open-anki-jlpt-decks)
望み,のぞみ,"wish, desire, (a) hope",N3,ja,JLPT (open-anki-jlpt-decks)
望む,のぞむ,"to desire, to wish for; to view",N3,ja,JLPT (open-anki-jlpt-decks)
後,のち,"afterwards, since then",N3,ja,JLPT (open-anki-jlpt-decks)
ノック,ノック,knock; fungo (baseball),N3,ja,JLPT (open-anki-jlpt-decks)
伸ばす,のばす,"to extend, to stretch, to reach out",N3,ja,JLPT (open-anki-jlpt-decks)
延ばす,のばす,"to extend, to stretch, to reach out",N3,ja,JLPT (open-anki-jlpt-decks)
伸びる,のびる,"to extend, to make progress, to grow",N3,ja,JLPT (open-anki-jlpt-decks)
延びる,のびる,to be prolonged,N3,ja,JLPT (open-anki-jlpt-decks)
述べる,のべる,"to state, to express, to mention",N3,ja,JLPT (open-anki-jlpt-decks)
上る,のぼる,"to ascend, to go up, to climb",N3,ja,JLPT (open-anki-jlpt-decks)
昇る,のぼる,"to arise, to ascend, to go up",N3,ja,JLPT (open-anki-jlpt-decks)
載る,のる,"to appear (in print), to be recorded",N3,ja,JLPT (open-anki-jlpt-decks)
のんびり,のんびり,"carefree, at leisure",N3,ja,JLPT (open-anki-jlpt-decks)
場,ば,"place, field (physics)",N3,ja,JLPT (open-anki-jlpt-decks)
はあ (かん),はあ (かん),(sigh),N3,ja,JLPT (open-anki-jlpt-decks)
パーセント,パーセント,percent,N3,ja,JLPT (open-anki-jlpt-decks)
灰,はい,ash,N3,ja,JLPT (open-anki-jlpt-decks)
梅雨,ばいう,rainy season,N3,ja,JLPT (open-anki-jlpt-decks)
バイオリン,バイオリン,violin,N3,ja,JLPT (open-anki-jlpt-decks)
ハイキング,ハイキング,hiking,N3,ja,JLPT (open-anki-jlpt-decks)
配達,はいたつ,"delivery, distribution",N3,ja,JLPT (open-anki-jlpt-decks)
パイプ,パイプ,pipe; channels official or otherwise,N3,ja,JLPT (open-anki-jlpt-decks)
俳優,はいゆう,"actor, actress, performer",N3,ja,JLPT (open-anki-jlpt-decks)
パイロット,パイロット,pilot,N3,ja,JLPT (open-anki-jlpt-decks)
生える,はえる,"to grow, to spring up; to cut (teeth)",N3,ja,JLPT (open-anki-jlpt-decks)
墓,はか,"grave, tomb",N3,ja,JLPT (open-anki-jlpt-decks)
馬鹿,ばか,"fool, idiot",N3,ja,JLPT (open-anki-jlpt-decks)
博士,はかせ,"doctorate, PhD., doctor",N3,ja,JLPT (open-anki-jlpt-decks)
計る,はかる,"to measure, to weigh, to survey",N3,ja,JLPT (open-anki-jlpt-decks)
量る,はかる,"to measure, to weigh, to survey",N3,ja,JLPT (open-anki-jlpt-decks)
測る,はかる,"to measure, to weigh, to survey",N3,ja,JLPT (open-anki-jlpt-decks)
掃く,はく,"to sweep, to brush, to gather up",N3,ja,JLPT (open-anki-jlpt-decks)
吐く,はく,"to throw up, to vomit",N3,ja,JLPT (open-anki-jlpt-decks)
拍手,はくしゅ,"clapping hands, applause",N3,ja,JLPT (open-anki-jlpt-decks)
莫大,ばくだい,"enormous, vast",N3,ja,JLPT (open-anki-jlpt-decks)
爆発,ばくはつ,"explosion, detonation, eruption",N3,ja,JLPT (open-anki-jlpt-decks)
博物館,はくぶつかん,museum,N3,ja,JLPT (open-anki-jlpt-decks)
激しい,はげしい,"violent, vehement, intense",N3,ja,JLPT (open-anki-jlpt-decks)
はさみ,はさみ,scissors,N3,ja,JLPT (open-anki-jlpt-decks)
破産,はさん,(personal) bankruptcy,N3,ja,JLPT (open-anki-jlpt-decks)
端,はし,"end (e.g., of street), edge, margin",N3,ja,JLPT (open-anki-jlpt-decks)
始まり,はじまり,"origin, beginning",N3,ja,JLPT (open-anki-jlpt-decks)
パス,パス,"path, pass (in games)",N3,ja,JLPT (open-anki-jlpt-decks)
外す,はずす,"to unfasten, to remove",N3,ja,JLPT (open-anki-jlpt-decks)
パスポート,パスポート,passport,N3,ja,JLPT (open-anki-jlpt-decks)
外れる,はずれる,"to be disconnected, to be out (e.g., of gear)",N3,ja,JLPT (open-anki-jlpt-decks)
旗,はた,flag,N3,ja,JLPT (open-anki-jlpt-decks)
肌,はだ,skin,N3,ja,JLPT (open-anki-jlpt-decks)
裸,はだか,"naked, nude",N3,ja,JLPT (open-anki-jlpt-decks)
畑,はたけ,"field, patch",N3,ja,JLPT (open-anki-jlpt-decks)
働き,はたらき,"work, labor",N3,ja,JLPT (open-anki-jlpt-decks)
バッグ,バッグ,bag,N3,ja,JLPT (open-anki-jlpt-decks)
発見,はっけん,"discovery, detection, finding",N3,ja,JLPT (open-anki-jlpt-decks)
発行,はっこう,issue (publications),N3,ja,JLPT (open-anki-jlpt-decks)
発車,はっしゃ,departure of a vehicle,N3,ja,JLPT (open-anki-jlpt-decks)
発射,はっしゃ,"firing, shooting, discharge",N3,ja,JLPT (open-anki-jlpt-decks)
罰する,ばっする,"to punish, to penalize",N3,ja,JLPT (open-anki-jlpt-decks)
発達,はったつ,"development, growth",N3,ja,JLPT (open-anki-jlpt-decks)
ばったり,ばったり,(to meet) by chance,N3,ja,JLPT (open-anki-jlpt-decks)
発展,はってん,"development, growth, progress",N3,ja,JLPT (open-anki-jlpt-decks)
発表,はっぴょう,announcement; publication; presentation,N3,ja,JLPT (open-anki-jlpt-decks)
発明,はつめい,invention,N3,ja,JLPT (open-anki-jlpt-decks)
派手,はで,"showy, flashy, gaudy",N3,ja,JLPT (open-anki-jlpt-decks)
話し合う,はなしあう,"to discuss, to talk together",N3,ja,JLPT (open-anki-jlpt-decks)
離す,はなす,"to part, to separate",N3,ja,JLPT (open-anki-jlpt-decks)
放す,はなす,"to separate, to set free",N3,ja,JLPT (open-anki-jlpt-decks)
離れる,はなれる,"(something, someone) separates; parts from; to be apart",N3,ja,JLPT (open-anki-jlpt-decks)
放れる,はなれる,"to leave, to get free, to cut oneself off",N3,ja,JLPT (open-anki-jlpt-decks)
羽,はね,wing,N3,ja,JLPT (open-anki-jlpt-decks)
羽根,はね,feather,N3,ja,JLPT (open-anki-jlpt-decks)
幅,はば,"width, breadth",N3,ja,JLPT (open-anki-jlpt-decks)
母親,ははおや,mother,N3,ja,JLPT (open-anki-jlpt-decks)
省く,はぶく,"to omit, to eliminate",N3,ja,JLPT (open-anki-jlpt-decks)
場面,ばめん,"scene, setting (e.g., of novel)",N3,ja,JLPT (open-anki-jlpt-decks)
流行る,はやる,"to be popular, to come into fashion",N3,ja,JLPT (open-anki-jlpt-decks)
腹,はら,"abdomen, belly, stomach",N3,ja,JLPT (open-anki-jlpt-decks)
原,はら,"field, plain",N3,ja,JLPT (open-anki-jlpt-decks)
バランス,バランス,balance,N3,ja,JLPT (open-anki-jlpt-decks)
針,はり,"needle, hand (e.g., clock)",N3,ja,JLPT (open-anki-jlpt-decks)
範囲,はんい,"extent, scope, range",N3,ja,JLPT (open-anki-jlpt-decks)
反抗,はんこう,"opposition, resistance",N3,ja,JLPT (open-anki-jlpt-decks)
犯罪,はんざい,crime,N3,ja,JLPT (open-anki-jlpt-decks)
ハンサム,ハンサム,handsome,N3,ja,JLPT (open-anki-jlpt-decks)
反省,はんせい,"reflection, reconsideration, regret",N3,ja,JLPT (open-anki-jlpt-decks)
判断,はんだん,"judgment, decision",N3,ja,JLPT (open-anki-jlpt-decks)
犯人,はんにん,"offender, criminal",N3,ja,JLPT (open-anki-jlpt-decks)
販売,はんばい,"sale, selling, marketing",N3,ja,JLPT (open-anki-jlpt-decks)
灯,ひ,light,N3,ja,JLPT (open-anki-jlpt-decks)
ビール,ビール,beer,N3,ja,JLPT (open-anki-jlpt-decks)
被害,ひがい,damage,N3,ja,JLPT (open-anki-jlpt-decks)
比較,ひかく,comparison,N3,ja,JLPT (open-anki-jlpt-decks)
ピクニック,ピクニック,picnic,N3,ja,JLPT (open-anki-jlpt-decks)
悲劇,ひげき,tragedy,N3,ja,JLPT (open-anki-jlpt-decks)
飛行,ひこう,"aviation, flight",N3,ja,JLPT (open-anki-jlpt-decks)
膝,ひざ,"knee, lap",N3,ja,JLPT (open-anki-jlpt-decks)
非常,ひじょう,"emergency, extraordinary, unusual",N3,ja,JLPT (open-anki-jlpt-decks)
美人,びじん,beautiful person (woman),N3,ja,JLPT (open-anki-jlpt-decks)
額,ひたい,"forehead, brow",N3,ja,JLPT (open-anki-jlpt-decks)
日付,ひづけ,"date, dating",N3,ja,JLPT (open-anki-jlpt-decks)
引越し,ひっこし,"moving, changing residence",N3,ja,JLPT (open-anki-jlpt-decks)
必死,ひっし,"desperation, frantic, inevitable result",N3,ja,JLPT (open-anki-jlpt-decks)
ぴったり,ぴったり,"exactly, neatly, sharp",N3,ja,JLPT (open-anki-jlpt-decks)
引っ張る,ひっぱる,"to pull, to stretch, to drag",N3,ja,JLPT (open-anki-jlpt-decks)
否定,ひてい,"negation, denial",N3,ja,JLPT (open-anki-jlpt-decks)
ビデオ,ビデオ,video tape; VCR,N3,ja,JLPT (open-anki-jlpt-decks)
一言,ひとこと,one word,N3,ja,JLPT (open-anki-jlpt-decks)
人込み,ひとごみ,crowd of people,N3,ja,JLPT (open-anki-jlpt-decks)
等しい,ひとしい,equal,N3,ja,JLPT (open-anki-jlpt-decks)
独り,ひとり,"alone, unmarried",N3,ja,JLPT (open-anki-jlpt-decks)
一人一人,ひとりひとり,"one by one, each",N3,ja,JLPT (open-anki-jlpt-decks)
批判,ひはん,criticism,N3,ja,JLPT (open-anki-jlpt-decks)
批評,ひひょう,"criticism, review, commentary",N3,ja,JLPT (open-anki-jlpt-decks)
秘密,ひみつ,"secret, secrecy",N3,ja,JLPT (open-anki-jlpt-decks)
微妙,びみょう,"delicate, subtle",N3,ja,JLPT (open-anki-jlpt-decks)
紐,ひも,"string, cord",N3,ja,JLPT (open-anki-jlpt-decks)
冷やす,ひやす,"to cool, to refrigerate",N3,ja,JLPT (open-anki-jlpt-decks)
費用,ひよう,"cost, expense",N3,ja,JLPT (open-anki-jlpt-decks)
表,ひょう,"table (e.g., Tab 1), chart, list",N3,ja,JLPT (open-anki-jlpt-decks)
秒,びょう,second (60th min),N3,ja,JLPT (open-anki-jlpt-decks)
評価,ひょうか,"assessment, evaluation",N3,ja,JLPT (open-anki-jlpt-decks)
表現,ひょうげん,"expression, presentation",N3,ja,JLPT (open-anki-jlpt-decks)
表情,ひょうじょう,facial expression,N3,ja,JLPT (open-anki-jlpt-decks)
平等,びょうどう,"equality, impartiality, evenness",N3,ja,JLPT (open-anki-jlpt-decks)
評判,ひょうばん,"fame, reputation",N3,ja,JLPT (open-anki-jlpt-decks)
表面,ひょうめん,"surface, outside, face",N3,ja,JLPT (open-anki-jlpt-decks)
広がる,ひろがる,"to spread (out), to extend, to stretch, to reach to, to get around",N3,ja,JLPT (open-anki-jlpt-decks)
広げる,ひろげる,"to spread, to extend, to expand, to enlarge",N3,ja,JLPT (open-anki-jlpt-decks)
広める,ひろめる,"to broaden, to propagate",N3,ja,JLPT (open-anki-jlpt-decks)
品,ひん,"goods; taste, elegance",N3,ja,JLPT (open-anki-jlpt-decks)
瓶,びん,bottle,N3,ja,JLPT (open-anki-jlpt-decks)
便,びん,"way, means; flight",N3,ja,JLPT (open-anki-jlpt-decks)
ピン,ピン,pin,N3,ja,JLPT (open-anki-jlpt-decks)
不,ふ,"un(~), non(~), negative prefix",N3,ja,JLPT (open-anki-jlpt-decks)
不,ぶ,"un(~), non(~), negative prefix",N3,ja,JLPT (open-anki-jlpt-decks)
無,ぶ,"nothing, naught, nil, zero",N3,ja,JLPT (open-anki-jlpt-decks)
分,ぶ,"dividing, part",N3,ja,JLPT (open-anki-jlpt-decks)
不安,ふあん,"anxiety, uneasiness",N3,ja,JLPT (open-anki-jlpt-decks)
風景,ふうけい,scenery,N3,ja,JLPT (open-anki-jlpt-decks)
夫婦,ふうふ,"married couple, husband and wife",N3,ja,JLPT (open-anki-jlpt-decks)
笛,ふえ,"flute, whistle",N3,ja,JLPT (open-anki-jlpt-decks)
不可,ふか,"wrong, bad, impossible",N3,ja,JLPT (open-anki-jlpt-decks)
深まる,ふかまる,to deepen,N3,ja,JLPT (open-anki-jlpt-decks)
武器,ぶき,"weapon, arms",N3,ja,JLPT (open-anki-jlpt-decks)
拭く,ふく,"to wipe, to dry",N3,ja,JLPT (open-anki-jlpt-decks)
服装,ふくそう,"clothes, attire",N3,ja,JLPT (open-anki-jlpt-decks)
含む,ふくむ,"to contain, to include",N3,ja,JLPT (open-anki-jlpt-decks)
含める,ふくめる,to include,N3,ja,JLPT (open-anki-jlpt-decks)
袋,ふくろ,"bag, sack",N3,ja,JLPT (open-anki-jlpt-decks)
不幸,ふこう,"unhappiness, sorrow, misfortune",N3,ja,JLPT (open-anki-jlpt-decks)
節,ふし,"tune, tone, knob",N3,ja,JLPT (open-anki-jlpt-decks)
無事,ぶじ,"safety, peace",N3,ja,JLPT (open-anki-jlpt-decks)
不思議,ふしぎ,"mystery, curiosity",N3,ja,JLPT (open-anki-jlpt-decks)
不自由,ふじゆう,"discomfort, disability, inconvenience",N3,ja,JLPT (open-anki-jlpt-decks)
夫人,ふじん,"wife, Mrs, madam",N3,ja,JLPT (open-anki-jlpt-decks)
婦人,ふじん,woman (same as 女性 (じょせい)、女の人 (おんなのひと)),N3,ja,JLPT (open-anki-jlpt-decks)
不正,ふせい,"injustice, unfairness",N3,ja,JLPT (open-anki-jlpt-decks)
防ぐ,ふせぐ,"to defend (against), to protect, to prevent",N3,ja,JLPT (open-anki-jlpt-decks)
不足,ふそく,"insufficiency, shortage",N3,ja,JLPT (open-anki-jlpt-decks)
舞台,ぶたい,stage (theater),N3,ja,JLPT (open-anki-jlpt-decks)
双子,ふたご,"twins, a twin",N3,ja,JLPT (open-anki-jlpt-decks)
再び,ふたたび,"again, once more, a second time",N3,ja,JLPT (open-anki-jlpt-decks)
普段,ふだん,"in everyday situations, usually, ordinarily",N3,ja,JLPT (open-anki-jlpt-decks)
縁,ふち,"edge, rim",N3,ja,JLPT (open-anki-jlpt-decks)
打つ,ぶつ,"to hit, to strike",N3,ja,JLPT (open-anki-jlpt-decks)
不通,ふつう,"blockade, interruption, stoppage",N3,ja,JLPT (open-anki-jlpt-decks)
物価,ぶっか,(commodity/consumer) prices,N3,ja,JLPT (open-anki-jlpt-decks)
ぶつかる,ぶつかる,"to strike, to collide with",N3,ja,JLPT (open-anki-jlpt-decks)
ぶつける,ぶつける,"to knock, to strike hard, to hit and attack",N3,ja,JLPT (open-anki-jlpt-decks)
物質,ぶっしつ,"material, substance",N3,ja,JLPT (open-anki-jlpt-decks)
物理,ぶつり,physics,N3,ja,JLPT (open-anki-jlpt-decks)
筆,ふで,writing brush,N3,ja,JLPT (open-anki-jlpt-decks)
ふと,ふと,"suddenly, accidentally, incidentally",N3,ja,JLPT (open-anki-jlpt-decks)
部分,ぶぶん,"portion, section, part",N3,ja,JLPT (open-anki-jlpt-decks)
不平,ふへい,"complaint, discontent, dissatisfaction",N3,ja,JLPT (open-anki-jlpt-decks)
不満,ふまん,"dissatisfaction, discontent, complaints",N3,ja,JLPT (open-anki-jlpt-decks)
増やす,ふやす,"to increase (v.t.), to add to",N3,ja,JLPT (open-anki-jlpt-decks)
殖やす,ふやす,"to increase, to add to",N3,ja,JLPT (open-anki-jlpt-decks)
プラス,プラス,plus,N3,ja,JLPT (open-anki-jlpt-decks)
プラスチック,プラスチック,plastic,N3,ja,JLPT (open-anki-jlpt-decks)
プラン,プラン,plan,N3,ja,JLPT (open-anki-jlpt-decks)
不利,ふり,"disadvantage, drawback",N3,ja,JLPT (open-anki-jlpt-decks)
振る,ふる,"to wave, to shake; to sprinkle; to cast (actor)",N3,ja,JLPT (open-anki-jlpt-decks)
震える,ふるえる,"to shiver, to shake, to quake",N3,ja,JLPT (open-anki-jlpt-decks)
ブレーキ,ブレーキ,a brake,N3,ja,JLPT (open-anki-jlpt-decks)
触れる,ふれる,"to touch, to feel, to violate",N3,ja,JLPT (open-anki-jlpt-decks)
プロ,プロ,professional,N3,ja,JLPT (open-anki-jlpt-decks)
分,ぶん,"dividing, part, segment",N3,ja,JLPT (open-anki-jlpt-decks)
文,ぶん,sentence,N3,ja,JLPT (open-anki-jlpt-decks)
雰囲気,ふんいき,"atmosphere (e.g., musical), mood, ambiance",N3,ja,JLPT (open-anki-jlpt-decks)
分析,ぶんせき,analysis,N3,ja,JLPT (open-anki-jlpt-decks)
文明,ぶんめい,civilization,N3,ja,JLPT (open-anki-jlpt-decks)
分野,ぶんや,"field, sphere",N3,ja,JLPT (open-anki-jlpt-decks)
塀,へい,"wall, fence",N3,ja,JLPT (open-anki-jlpt-decks)
平均,へいきん,"equilibrium, balance, average",N3,ja,JLPT (open-anki-jlpt-decks)
平和,へいわ,peace,N3,ja,JLPT (open-anki-jlpt-decks)
別に,べつに,"(not) particularly, nothing",N3,ja,JLPT (open-anki-jlpt-decks)
減らす,へらす,"to decrease, to diminish",N3,ja,JLPT (open-anki-jlpt-decks)
減る,へる,"to decrease (in size or number), to diminish",N3,ja,JLPT (open-anki-jlpt-decks)
ベルト,ベルト,Belt for western clothes,N3,ja,JLPT (open-anki-jlpt-decks)
変化,へんか,"change, variation, shift",N3,ja,JLPT (open-anki-jlpt-decks)
ペンキ,ペンキ,paint,N3,ja,JLPT (open-anki-jlpt-decks)
変更,へんこう,"change, modification, alteration",N3,ja,JLPT (open-anki-jlpt-decks)
ベンチ,ベンチ,bench,N3,ja,JLPT (open-anki-jlpt-decks)
弁当,べんとう,box lunch,N3,ja,JLPT (open-anki-jlpt-decks)
方,ほう,side,N3,ja,JLPT (open-anki-jlpt-decks)
法,ほう,Act (law: the X Act),N3,ja,JLPT (open-anki-jlpt-decks)
棒,ぼう,"pole, rod, stick",N3,ja,JLPT (open-anki-jlpt-decks)
冒険,ぼうけん,"risk, venture, adventure",N3,ja,JLPT (open-anki-jlpt-decks)
方向,ほうこう,"direction, course, way",N3,ja,JLPT (open-anki-jlpt-decks)
報告,ほうこく,"report, information",N3,ja,JLPT (open-anki-jlpt-decks)
宝石,ほうせき,"gem, jewel",N3,ja,JLPT (open-anki-jlpt-decks)
包装,ほうそう,"packing, wrapping",N3,ja,JLPT (open-anki-jlpt-decks)
豊富,ほうふ,"abundance, plenty",N3,ja,JLPT (open-anki-jlpt-decks)
方法,ほうほう,"method, means, technique",N3,ja,JLPT (open-anki-jlpt-decks)
方々,ほうぼう,"here and there, everywhere",N3,ja,JLPT (open-anki-jlpt-decks)
訪問,ほうもん,"call, visit",N3,ja,JLPT (open-anki-jlpt-decks)
吠える,ほえる,"to bark, to howl",N3,ja,JLPT (open-anki-jlpt-decks)
ボーイ,ボーイ,porter; boy,N3,ja,JLPT (open-anki-jlpt-decks)
ボート,ボート,rowing boat,N3,ja,JLPT (open-anki-jlpt-decks)
ホーム,ホーム,platform; home,N3,ja,JLPT (open-anki-jlpt-decks)
ボール,ボール,ball; bowl,N3,ja,JLPT (open-anki-jlpt-decks)
他,ほか,other (esp. places and things),N3,ja,JLPT (open-anki-jlpt-decks)
誇り,ほこり,pride,N3,ja,JLPT (open-anki-jlpt-decks)
埃,ほこり,dust,N3,ja,JLPT (open-anki-jlpt-decks)
保証,ほしょう,"guarantee, assurance, warranty",N3,ja,JLPT (open-anki-jlpt-decks)
保存,ほぞん,"preservation, conservation",N3,ja,JLPT (open-anki-jlpt-decks)
歩道,ほどう,walkway,N3,ja,JLPT (open-anki-jlpt-decks)
仏,ほとけ,Buddha,N3,ja,JLPT (open-anki-jlpt-decks)
骨,ほね,bone,N3,ja,JLPT (open-anki-jlpt-decks)
炎,ほのお,flame,N3,ja,JLPT (open-anki-jlpt-decks)
頬,ほほ,cheek (of face),N3,ja,JLPT (open-anki-jlpt-decks)
頬,ほお,cheek (of face),N3,ja,JLPT (open-anki-jlpt-decks)
ほぼ,ほぼ,"almost, roughly",N3,ja,JLPT (open-anki-jlpt-decks)
微笑む,ほほえむ,to smile,N3,ja,JLPT (open-anki-jlpt-decks)
堀,ほり,"moat, canal",N3,ja,JLPT (open-anki-jlpt-decks)
濠,ほり,moat,N3,ja,JLPT (open-anki-jlpt-decks)
本当,ほんと,"truth, reality",N3,ja,JLPT (open-anki-jlpt-decks)
本人,ほんにん,the person himself,N3,ja,JLPT (open-anki-jlpt-decks)
本物,ほんもの,genuine article,N3,ja,JLPT (open-anki-jlpt-decks)
ぼんやり,ぼんやり,"dim, faint, vague",N3,ja,JLPT (open-anki-jlpt-decks)
間,ま,"space, room, pause",N3,ja,JLPT (open-anki-jlpt-decks)
まあ,まあ,well (used when making a modest or hesitant statement),N3,ja,JLPT (open-anki-jlpt-decks)
マーケット,マーケット,market,N3,ja,JLPT (open-anki-jlpt-decks)
マイク,マイク,mic,N3,ja,JLPT (open-anki-jlpt-decks)
迷子,まいご,lost (stray) child,N3,ja,JLPT (open-anki-jlpt-decks)
マイナス,マイナス,minus,N3,ja,JLPT (open-anki-jlpt-decks)
任せる,まかせる,"to entrust to another, to leave to",N3,ja,JLPT (open-anki-jlpt-decks)
巻く,まく,"to wind, to coil, to roll",N3,ja,JLPT (open-anki-jlpt-decks)
蒔く,まく,to sow (seeds),N3,ja,JLPT (open-anki-jlpt-decks)
撒く,まく,"to scatter, to sprinkle, to sow",N3,ja,JLPT (open-anki-jlpt-decks)
幕,まく,"curtain, act (in play)",N3,ja,JLPT (open-anki-jlpt-decks)
負け,まけ,"defeat, loss",N3,ja,JLPT (open-anki-jlpt-decks)
孫,まご,grandchild,N3,ja,JLPT (open-anki-jlpt-decks)
まさか,まさか,by no means,N3,ja,JLPT (open-anki-jlpt-decks)
まさに,まさに,"correctly, surely",N3,ja,JLPT (open-anki-jlpt-decks)
混ざる,まざる,"to be mixed, to mingle with",N3,ja,JLPT (open-anki-jlpt-decks)
交ざる,まざる,"to be mixed, to mingle with",N3,ja,JLPT (open-anki-jlpt-decks)
混じる,まじる,"to be mixed, to mingle with",N3,ja,JLPT (open-anki-jlpt-decks)
交じる,まじる,"to be mixed, to mingle with",N3,ja,JLPT (open-anki-jlpt-decks)
増す,ます,"to increase, to gain",N3,ja,JLPT (open-anki-jlpt-decks)
貧しい,まずしい,"poor, needy",N3,ja,JLPT (open-anki-jlpt-decks)
マスター,マスター,"bar owner, master (e.g., arts, science)",N3,ja,JLPT (open-anki-jlpt-decks)
ますます,ますます,"increasingly (same as もっと), more and more",N3,ja,JLPT (open-anki-jlpt-decks)
混ぜる,まぜる,"to mix, to stir",N3,ja,JLPT (open-anki-jlpt-decks)
交ぜる,まぜる,"to be mixed, to be blended with",N3,ja,JLPT (open-anki-jlpt-decks)
街,まち,"town; street, road",N3,ja,JLPT (open-anki-jlpt-decks)
間違い,まちがい,mistake,N3,ja,JLPT (open-anki-jlpt-decks)
松,まつ,pine tree,N3,ja,JLPT (open-anki-jlpt-decks)
真っ赤,まっか,"deep red, flushed (of face)",N3,ja,JLPT (open-anki-jlpt-decks)
全く,まったく,"really, completely",N3,ja,JLPT (open-anki-jlpt-decks)
祭,まつり,"festival, feast",N3,ja,JLPT (open-anki-jlpt-decks)
まとまる,まとまる,"to be collected, to be settled, to be in order",N3,ja,JLPT (open-anki-jlpt-decks)
まとめる,まとめる,"to put in order, to collect, to bring to a conclusion",N3,ja,JLPT (open-anki-jlpt-decks)
学ぶ,まなぶ,to learn; to study,N3,ja,JLPT (open-anki-jlpt-decks)
真似,まね,"mimicry, imitation, behavior",N3,ja,JLPT (open-anki-jlpt-decks)
招く,まねく,to invite,N3,ja,JLPT (open-anki-jlpt-decks)
まぶしい,まぶしい,"dazzling, radiant",N3,ja,JLPT (open-anki-jlpt-decks)
柵,さく,"fence, paling",N3,ja,JLPT (open-anki-jlpt-decks)
裂ける,さける,"to split, to tear, to burst",N3,ja,JLPT (open-anki-jlpt-decks)
裁く,さばく,to judge,N3,ja,JLPT (open-anki-jlpt-decks)
酸化,さんか,oxidation,N3,ja,JLPT (open-anki-jlpt-decks)
死,し,"death, decease",N3,ja,JLPT (open-anki-jlpt-decks)
資格,しかく,"qualifications, requirements, capabilities",N3,ja,JLPT (open-anki-jlpt-decks)
視覚,しかく,"sense of sight, vision",N3,ja,JLPT (open-anki-jlpt-decks)
指揮,しき,"command, direction",N3,ja,JLPT (open-anki-jlpt-decks)
磁気,じき,magnetism,N3,ja,JLPT (open-anki-jlpt-decks)
磁器,じき,"porcelain, china",N3,ja,JLPT (open-anki-jlpt-decks)
自己,じこ,"self, oneself",N3,ja,JLPT (open-anki-jlpt-decks)
字体,じたい,"font, lettering",N3,ja,JLPT (open-anki-jlpt-decks)
辞退,じたい,refusal,N3,ja,JLPT (open-anki-jlpt-decks)
視点,してん,"opinion, point of view, visual point",N3,ja,JLPT (open-anki-jlpt-decks)
脂肪,しぼう,"fat, grease",N3,ja,JLPT (open-anki-jlpt-decks)
志望,しぼう,"wish, desire, ambition",N3,ja,JLPT (open-anki-jlpt-decks)
衆,しゅう,"masses, people",N3,ja,JLPT (open-anki-jlpt-decks)
住,じゅう,"dwelling, living",N3,ja,JLPT (open-anki-jlpt-decks)
修飾,しゅうしょく,ornamentation; modification (gram),N3,ja,JLPT (open-anki-jlpt-decks)
私用,しよう,"personal use, private business",N3,ja,JLPT (open-anki-jlpt-decks)
仕様,しよう,"way, method, specification",N3,ja,JLPT (open-anki-jlpt-decks)
情,じょう,"feelings, emotion, passion",N3,ja,JLPT (open-anki-jlpt-decks)
生涯,しょうがい,one's lifetime,N3,ja,JLPT (open-anki-jlpt-decks)
上司,じょうし,one's superior,N3,ja,JLPT (open-anki-jlpt-decks)
正体,しょうたい,"natural shape, one's true colors, true character",N3,ja,JLPT (open-anki-jlpt-decks)
照明,しょうめい,illumination,N3,ja,JLPT (open-anki-jlpt-decks)
女史,じょし,Ms.,N3,ja,JLPT (open-anki-jlpt-decks)
助詞,じょし,"(gram) particle(s), postposition",N3,ja,JLPT (open-anki-jlpt-decks)
ショック,ショック,shock,N3,ja,JLPT (open-anki-jlpt-decks)
進行,しんこう,advance,N3,ja,JLPT (open-anki-jlpt-decks)
新興,しんこう,"rising, developing, emergent",N3,ja,JLPT (open-anki-jlpt-decks)
振興,しんこう,"promotion, encouragement",N3,ja,JLPT (open-anki-jlpt-decks)
申告,しんこく,"report, statement",N3,ja,JLPT (open-anki-jlpt-decks)
真理,しんり,truth,N3,ja,JLPT (open-anki-jlpt-decks)
水洗,すいせん,flushing,N3,ja,JLPT (open-anki-jlpt-decks)
ストレス,ストレス,stress,N3,ja,JLPT (open-anki-jlpt-decks)
擦る,する,"to rub, to chafe",N3,ja,JLPT (open-anki-jlpt-decks)
正規,せいき,"regular, legitimate",N3,ja,JLPT (open-anki-jlpt-decks)
精巧,せいこう,"elaborate, delicate, exquisite",N3,ja,JLPT (open-anki-jlpt-decks)
精算,せいさん,"exact calculation, adjustment",N3,ja,JLPT (open-anki-jlpt-decks)
成年,せいねん,"majority, adult age",N3,ja,JLPT (open-anki-jlpt-decks)
声明,せいめい,"declaration, statement, proclamation",N3,ja,JLPT (open-anki-jlpt-decks)
姓名,せいめい,full name,N3,ja,JLPT (open-anki-jlpt-decks)
生理,せいり,"physiology, menses",N3,ja,JLPT (open-anki-jlpt-decks)
節,せつ,"when, if; section; clause",N3,ja,JLPT (open-anki-jlpt-decks)
膳,ぜん,"(small) table, tray, meal",N3,ja,JLPT (open-anki-jlpt-decks)
禅,ぜん,Zen (Buddhism),N3,ja,JLPT (open-anki-jlpt-decks)
選挙,せんきょ,election,N3,ja,JLPT (open-anki-jlpt-decks)
先行,せんこう,"preceding, going first",N3,ja,JLPT (open-anki-jlpt-decks)
選考,せんこう,"selection, screening",N3,ja,JLPT (open-anki-jlpt-decks)
相,そう,"aspect, phase, countenance",N3,ja,JLPT (open-anki-jlpt-decks)
沿う,そう,"to run along, to follow",N3,ja,JLPT (open-anki-jlpt-decks)
添う,そう,"to accompany, to comply with",N3,ja,JLPT (open-anki-jlpt-decks)
僧,そう,"monk, priest",N3,ja,JLPT (open-anki-jlpt-decks)
像,ぞう,"statue, image",N3,ja,JLPT (open-anki-jlpt-decks)
捜査,そうさ,"search (esp. in criminal investigations, investigation)",N3,ja,JLPT (open-anki-jlpt-decks)
操縦,そうじゅう,"management, control, manipulation",N3,ja,JLPT (open-anki-jlpt-decks)
創造,そうぞう,creation,N3,ja,JLPT (open-anki-jlpt-decks)
隊,たい,"party, troops",N3,ja,JLPT (open-anki-jlpt-decks)
退学,たいがく,dropping out of school,N3,ja,JLPT (open-anki-jlpt-decks)
タイトル,タイトル,title,N3,ja,JLPT (open-anki-jlpt-decks)
ダウン,ダウン,down,N3,ja,JLPT (open-anki-jlpt-decks)
高まる,たかまる,to rise; to grow; to mount (v.i.),N3,ja,JLPT (open-anki-jlpt-decks)
断つ,たつ,"to sever, to cut off",N3,ja,JLPT (open-anki-jlpt-decks)
盾,たて,shield,N3,ja,JLPT (open-anki-jlpt-decks)
例え,たとえ,example; even though,N3,ja,JLPT (open-anki-jlpt-decks)
チャイム,チャイム,chime,N3,ja,JLPT (open-anki-jlpt-decks)
挑戦,ちょうせん,"challenge, defiance",N3,ja,JLPT (open-anki-jlpt-decks)
治療,ちりょう,medical treatment,N3,ja,JLPT (open-anki-jlpt-decks)
対,つい,"pair, couple, set",N3,ja,JLPT (open-anki-jlpt-decks)
接ぐ,つぐ,to join; to piece together; to set (bones); to graft (trees),N3,ja,JLPT (open-anki-jlpt-decks)
継ぐ,つぐ,to succeed (someone in a business or inheritance,N3,ja,JLPT (open-anki-jlpt-decks)
摘む,つむ,"to pluck, to pick, to trim",N3,ja,JLPT (open-anki-jlpt-decks)
露,つゆ,dew,N3,ja,JLPT (open-anki-jlpt-decks)
強まる,つよまる,"to get strong, to gain strength",N3,ja,JLPT (open-anki-jlpt-decks)
強める,つよめる,"to strengthen, to emphasize",N3,ja,JLPT (open-anki-jlpt-decks)
データ,データ,data,N3,ja,JLPT (open-anki-jlpt-decks)
デザイン,デザイン,design,N3,ja,JLPT (open-anki-jlpt-decks)
デザート,デザート,dessert,N3,ja,JLPT (open-anki-jlpt-decks)
転校,てんこう,change schools,N3,ja,JLPT (open-anki-jlpt-decks)
伝言,でんごん,verbal message,N3,ja,JLPT (open-anki-jlpt-decks)
と,と,and,N3,ja,JLPT (open-anki-jlpt-decks)
問う,とう,"to ask, to question",N3,ja,JLPT (open-anki-jlpt-decks)
棟,とう,ridge (of roof,N3,ja,JLPT (open-anki-jlpt-decks)
倒産,とうさん,"(corporate) bankruptcy, insolvency",N3,ja,JLPT (open-anki-jlpt-decks)
同士,どうし,"one another, companion, comrade",N3,ja,JLPT (open-anki-jlpt-decks)
同志,どうし,"same mind, comrade, kindred soul",N3,ja,JLPT (open-anki-jlpt-decks)
当然,とうぜん,obvious; natural,N3,ja,JLPT (open-anki-jlpt-decks)
動揺,どうよう,"disturbance, flutter shock",N3,ja,JLPT (open-anki-jlpt-decks)
説く,とく,"to explain, to advocate",N3,ja,JLPT (open-anki-jlpt-decks)
綴じる,とじる,"to bind, to file",N3,ja,JLPT (open-anki-jlpt-decks)
供,とも,"accompanying, attendant, companion, retinue",N3,ja,JLPT (open-anki-jlpt-decks)
並,なみ,"medium (e.g., food serving size, quality, price, etc.), ordinary",N3,ja,JLPT (open-anki-jlpt-decks)
慣らす,ならす,to accustom,N3,ja,JLPT (open-anki-jlpt-decks)
馴らす,ならす,"to domesticate, to tame",N3,ja,JLPT (open-anki-jlpt-decks)
難,なん,"difficulty, hardships, defect",N3,ja,JLPT (open-anki-jlpt-decks)
音,ね,"sound, note",N3,ja,JLPT (open-anki-jlpt-decks)
年鑑,ねんかん,yearbook,N3,ja,JLPT (open-anki-jlpt-decks)
脳,のう,"brain, memory",N3,ja,JLPT (open-anki-jlpt-decks)
臨む,のぞむ,"to look out on, to face, to attend (function)",N3,ja,JLPT (open-anki-jlpt-decks)
肺,はい,lung,N3,ja,JLPT (open-anki-jlpt-decks)
～敗,はい,"counter for loss, defeat",N3,ja,JLPT (open-anki-jlpt-decks)
映える,はえる,"to shine, to look attractive, to look pretty",N3,ja,JLPT (open-anki-jlpt-decks)
諮る,はかる,"to consult with, to confer",N3,ja,JLPT (open-anki-jlpt-decks)
図る,はかる,"to plot, to attempt, to devise, to design, to refer A to B",N3,ja,JLPT (open-anki-jlpt-decks)
生やす,はやす,"to grow, to cultivate, to wear beard",N3,ja,JLPT (open-anki-jlpt-decks)
班,はん,"group, party, section (mil)",N3,ja,JLPT (open-anki-jlpt-decks)
判,はん,size (of paper or books),N3,ja,JLPT (open-anki-jlpt-decks)
版,はん,edition,N3,ja,JLPT (open-anki-jlpt-decks)
碑,ひ,stone monument bearing an inscription,N3,ja,JLPT (open-anki-jlpt-decks)
非行,ひこう,"delinquency, misconduct",N3,ja,JLPT (open-anki-jlpt-decks)
票,ひょう,"label, ballot, sign",N3,ja,JLPT (open-anki-jlpt-decks)
広まる,ひろまる,"to spread, to be propagated",N3,ja,JLPT (open-anki-jlpt-decks)
深める,ふかめる,"to deepen, to heighten, to intensify",N3,ja,JLPT (open-anki-jlpt-decks)
福,ふく,good fortune,N3,ja,JLPT (open-anki-jlpt-decks)
振り,ふり,"style, manner",N3,ja,JLPT (open-anki-jlpt-decks)
経る,へる,"to pass, to elapse, to experience",N3,ja,JLPT (open-anki-jlpt-decks)
保護,ほご,"care, protection, shelter",N3,ja,JLPT (open-anki-jlpt-decks)
保障,ほしょう,"guarantee, security, warranty",N3,ja,JLPT (open-anki-jlpt-decks)
補償,ほしょう,"compensation, reparation",N3,ja,JLPT (open-anki-jlpt-decks)
ほっと,ほっと,feel relieved,N3,ja,JLPT (open-anki-jlpt-decks)
前もって,まえもって,"in advance, beforehand, previously",N3,ja,JLPT (open-anki-jlpt-decks)
膜,まく,"membrane, film",N3,ja,JLPT (open-anki-jlpt-decks)
マスコミ,マスコミ,mass communication,N3,ja,JLPT (open-anki-jlpt-decks)
股,また,"thigh, crotch",N3,ja,JLPT (open-anki-jlpt-decks)
末,まつ,the end of,N3,ja,JLPT (open-anki-jlpt-decks)
マッサージ,マッサージ,massage,N3,ja,JLPT (open-anki-jlpt-decks)
見掛ける,みかける,"to (happen to see), to notice, to catch sight of",N3,ja,JLPT (open-anki-jlpt-decks)
捲る,めくる,"to turn over, to turn pages of a book",N3,ja,JLPT (open-anki-jlpt-decks)
メッセージ,メッセージ,message,N3,ja,JLPT (open-anki-jlpt-decks)
野党,やとう,opposition party,N3,ja,JLPT (open-anki-jlpt-decks)
優,ゆう,"superiority, high grade",N3,ja,JLPT (open-anki-jlpt-decks)
有機,ゆうき,organic,N3,ja,JLPT (open-anki-jlpt-decks)
世,よ,"world, society, generation",N3,ja,JLPT (open-anki-jlpt-decks)
良い,よい,"good, nice",N3,ja,JLPT (open-anki-jlpt-decks)
予想,よそう,"expectation, anticipation, prediction",N3,ja,JLPT (open-anki-jlpt-decks)
弱まる,よわまる,"to weaken, to be emaciated, to be dejected",N3,ja,JLPT (open-anki-jlpt-decks)
弱める,よわめる,to weaken,N3,ja,JLPT (open-anki-jlpt-decks)
ラベル,ラベル,label,N3,ja,JLPT (open-anki-jlpt-decks)
ルール,ルール,rule,N3,ja,JLPT (open-anki-jlpt-decks)
枠,わく,"frame, slide",N3,ja,JLPT (open-anki-jlpt-decks)
表示,ひょうじ,"display, indication",N3,ja,JLPT (open-anki-jlpt-decks)
expression,reading,meaning,N4,ja,JLPT (open-anki-jlpt-decks)
踏む,ふむ,"to step on, to tread on",N4,ja,JLPT (open-anki-jlpt-decks)
～区,～く,"~ district, ~ ward, ~ borough",N4,ja,JLPT (open-anki-jlpt-decks)
すっと,すっと,"straight, quickly",N4,ja,JLPT (open-anki-jlpt-decks)
盗む,ぬすむ,to steal; to rob,N4,ja,JLPT (open-anki-jlpt-decks)
大抵,たいてい,"generally, usually",N4,ja,JLPT (open-anki-jlpt-decks)
とうとう,とうとう,"finally, at last",N4,ja,JLPT (open-anki-jlpt-decks)
ガソリン,ガソリン,"gasoline, petrol",N4,ja,JLPT (open-anki-jlpt-decks)
鳴る,なる,"to sound, to ring (v.i.)",N4,ja,JLPT (open-anki-jlpt-decks)
しっかり,しっかり,"firmly, steady",N4,ja,JLPT (open-anki-jlpt-decks)
生きる,いきる,to live,N4,ja,JLPT (open-anki-jlpt-decks)
苦い,にがい,bitter,N4,ja,JLPT (open-anki-jlpt-decks)
沸く,わく,"to boil, to grow hot",N4,ja,JLPT (open-anki-jlpt-decks)
意見,いけん,"opinion, view, idea",N4,ja,JLPT (open-anki-jlpt-decks)
やはり; やっぱり,やはり; やっぱり,"as I thought, absolutely",N4,ja,JLPT (open-anki-jlpt-decks)
漫画,まんが,"comic (book), cartoon",N4,ja,JLPT (open-anki-jlpt-decks)
ステレオ,ステレオ,stereo,N4,ja,JLPT (open-anki-jlpt-decks)
医学,いがく,medical science,N4,ja,JLPT (open-anki-jlpt-decks)
テキスト,テキスト,text; text book,N4,ja,JLPT (open-anki-jlpt-decks)
～月,～つき,month,N4,ja,JLPT (open-anki-jlpt-decks)
折る,おる,"to snap, to break; to bend",N4,ja,JLPT (open-anki-jlpt-decks)
～会,～かい,~ meeting,N4,ja,JLPT (open-anki-jlpt-decks)
うかがう,うかがう,to ask,N4,ja,JLPT (open-anki-jlpt-decks)
聞こえる,きこえる,"to be heard, to be audible",N4,ja,JLPT (open-anki-jlpt-decks)
僕,ぼく,I (used by men towards those of equal or lower status),N4,ja,JLPT (open-anki-jlpt-decks)
必ず,かならず,"surely, certainly",N4,ja,JLPT (open-anki-jlpt-decks)
壊す,こわす,"to break, to break down",N4,ja,JLPT (open-anki-jlpt-decks)
怒る,おこる,to get angry; to scold angrily,N4,ja,JLPT (open-anki-jlpt-decks)
床屋,とこや,barber's (shop),N4,ja,JLPT (open-anki-jlpt-decks)
オートバイ,オートバイ,motorcycle (lit: auto-bi(ke)),N4,ja,JLPT (open-anki-jlpt-decks)
運動,うんどうする,exercise,N4,ja,JLPT (open-anki-jlpt-decks)
止む,やむ,"to cease, to stop",N4,ja,JLPT (open-anki-jlpt-decks)
もし,もし,if,N4,ja,JLPT (open-anki-jlpt-decks)
表,おもて,surface; front; outside,N4,ja,JLPT (open-anki-jlpt-decks)
大学生,だいがくせい,"college student, university student",N4,ja,JLPT (open-anki-jlpt-decks)
運転手,うんてんしゅ,driver (by occupation),N4,ja,JLPT (open-anki-jlpt-decks)
予習,よしゅう,preparation of lessons (for class),N4,ja,JLPT (open-anki-jlpt-decks)
心配,しんぱいする,"worry, concern",N4,ja,JLPT (open-anki-jlpt-decks)
別,べつ,"distinction, different",N4,ja,JLPT (open-anki-jlpt-decks)
非常に,ひじょうに,extremely; very,N4,ja,JLPT (open-anki-jlpt-decks)
お宅,おたく,(someone else's) house; home -- polite word for 家 (いえ) --,N4,ja,JLPT (open-anki-jlpt-decks)
柔らかい,やわらかい,"soft (in reference to texture), tender",N4,ja,JLPT (open-anki-jlpt-decks)
拾う,ひろう,"to pick up (something), to find",N4,ja,JLPT (open-anki-jlpt-decks)
～ございます,～ございます,"to be (polite), to exist",N4,ja,JLPT (open-anki-jlpt-decks)
気,き,"spirit, mood",N4,ja,JLPT (open-anki-jlpt-decks)
比べる,くらべる,to compare,N4,ja,JLPT (open-anki-jlpt-decks)
ほとんど,ほとんど,"mostly, almost",N4,ja,JLPT (open-anki-jlpt-decks)
つもり,つもり,"intention, plan",N4,ja,JLPT (open-anki-jlpt-decks)
郊外,こうがい,"suburb, outskirts",N4,ja,JLPT (open-anki-jlpt-decks)
だめ,だめ,"useless, no good, hopeless",N4,ja,JLPT (open-anki-jlpt-decks)
売り場,うりば,place where things are sold,N4,ja,JLPT (open-anki-jlpt-decks)
正月,しょうがつ,"New Year, New Year's Day",N4,ja,JLPT (open-anki-jlpt-decks)
規則,きそく,"rule, regulation",N4,ja,JLPT (open-anki-jlpt-decks)
うん,うん,"yes (informal), all right (ok)",N4,ja,JLPT (open-anki-jlpt-decks)
発音,はつおん,pronunciation,N4,ja,JLPT (open-anki-jlpt-decks)
焼く,やく,"to bake, to grill",N4,ja,JLPT (open-anki-jlpt-decks)
屋上,おくじょう,rooftop,N4,ja,JLPT (open-anki-jlpt-decks)
失礼,しつれい,"discourtesy, impoliteness; Excuse me",N4,ja,JLPT (open-anki-jlpt-decks)
ごみ,ごみ,"trash, garbage",N4,ja,JLPT (open-anki-jlpt-decks)
アフリカ,アフリカ,Africa,N4,ja,JLPT (open-anki-jlpt-decks)
点,てん,"mark, score, grade; point, dot",N4,ja,JLPT (open-anki-jlpt-decks)
一生懸命,いっしょうけんめい,"very hard (as in ""to work hard""), with utmost effort",N4,ja,JLPT (open-anki-jlpt-decks)
今度,こんど,"now, this time, near future, one of these days, next time",N4,ja,JLPT (open-anki-jlpt-decks)
機会,きかい,"chance, opportunity",N4,ja,JLPT (open-anki-jlpt-decks)
建てる,たてる,to build,N4,ja,JLPT (open-anki-jlpt-decks)
複雑,ふくざつ,"complexity, complication",N4,ja,JLPT (open-anki-jlpt-decks)
彼,かれ,"he, boyfriend",N4,ja,JLPT (open-anki-jlpt-decks)
いらっしゃる,いらっしゃる,"-- honorific expression for いく, くる, and いる --",N4,ja,JLPT (open-anki-jlpt-decks)
布団,ふとん,futon,N4,ja,JLPT (open-anki-jlpt-decks)
大事,だいじ,"important, valuable, serious matter",N4,ja,JLPT (open-anki-jlpt-decks)
贈り物,おくりもの,a gift; a present,N4,ja,JLPT (open-anki-jlpt-decks)
泥棒,どろぼう,thief; burglar,N4,ja,JLPT (open-anki-jlpt-decks)
～製,～せい,made in ~,N4,ja,JLPT (open-anki-jlpt-decks)
注意,ちゅうい,"caution, attention",N4,ja,JLPT (open-anki-jlpt-decks)
台風,たいふう,typhoon,N4,ja,JLPT (open-anki-jlpt-decks)
日,ひ,"sun, sunshine, day",N4,ja,JLPT (open-anki-jlpt-decks)
～軒,～けん,counter for houses,N4,ja,JLPT (open-anki-jlpt-decks)
そう,そう,"really, (is that) so; yes, right",N4,ja,JLPT (open-anki-jlpt-decks)
通る,とおる,"to pass (by), to go through",N4,ja,JLPT (open-anki-jlpt-decks)
過ぎる,すぎる,"to exceed, to go beyond",N4,ja,JLPT (open-anki-jlpt-decks)
レポート; リポート,レポート; リポート,report,N4,ja,JLPT (open-anki-jlpt-decks)
葉,は,leaf,N4,ja,JLPT (open-anki-jlpt-decks)
必要,ひつよう,necessary,N4,ja,JLPT (open-anki-jlpt-decks)
課長,かちょう,section manager,N4,ja,JLPT (open-anki-jlpt-decks)
地震,じしん,earthquake,N4,ja,JLPT (open-anki-jlpt-decks)
すると,すると,"and, then",N4,ja,JLPT (open-anki-jlpt-decks)
止める,やめる,"to end, to stop",N4,ja,JLPT (open-anki-jlpt-decks)
ガラス,ガラス,"glass, pane",N4,ja,JLPT (open-anki-jlpt-decks)
～学部,～がくぶ,department of a university,N4,ja,JLPT (open-anki-jlpt-decks)
厳しい,きびしい,hard; rigorous; strict,N4,ja,JLPT (open-anki-jlpt-decks)
エスカレーター,エスカレーター,escalator,N4,ja,JLPT (open-anki-jlpt-decks)
人口,じんこう,population,N4,ja,JLPT (open-anki-jlpt-decks)
月,つき,moon,N4,ja,JLPT (open-anki-jlpt-decks)
絹,きぬ,silk,N4,ja,JLPT (open-anki-jlpt-decks)
ちっとも,ちっとも,not at all (neg. verb),N4,ja,JLPT (open-anki-jlpt-decks)
深い,ふかい,"deep, profound",N4,ja,JLPT (open-anki-jlpt-decks)
壊れる,こわれる,"to be broken, to break",N4,ja,JLPT (open-anki-jlpt-decks)
揺れる,ゆれる,"to shake, to sway",N4,ja,JLPT (open-anki-jlpt-decks)
落る,おちる,"to fall, to drop",N4,ja,JLPT (open-anki-jlpt-decks)
できるだけ,できるだけ,"if at all possible, as much as possible",N4,ja,JLPT (open-anki-jlpt-decks)
悲しい,かなしい,"sad, sorrowful",N4,ja,JLPT (open-anki-jlpt-decks)
中学校,ちゅうがっこう,junior high school pupil,N4,ja,JLPT (open-anki-jlpt-decks)
ガス,ガス,gas,N4,ja,JLPT (open-anki-jlpt-decks)
祈る,いのる,to pray; to wish,N4,ja,JLPT (open-anki-jlpt-decks)
盛ん,さかん,"prosperous, active, thriving",N4,ja,JLPT (open-anki-jlpt-decks)
アルバイト,アルバイト,part-time job,N4,ja,JLPT (open-anki-jlpt-decks)
起こす,おこす,to wake (someone) up,N4,ja,JLPT (open-anki-jlpt-decks)
致す,いたす,-- extra-modest expression for する --,N4,ja,JLPT (open-anki-jlpt-decks)
噛む,かむ,"to bite, to chew",N4,ja,JLPT (open-anki-jlpt-decks)
赤ちゃん,あかちゃん,"baby, infant",N4,ja,JLPT (open-anki-jlpt-decks)
浅い,あさい,"shallow, superficial",N4,ja,JLPT (open-anki-jlpt-decks)
嘘,うそ,lie,N4,ja,JLPT (open-anki-jlpt-decks)
小説,しょうせつ,novel,N4,ja,JLPT (open-anki-jlpt-decks)
親,おや,a parent,N4,ja,JLPT (open-anki-jlpt-decks)
それに,それに,moreover; besides,N4,ja,JLPT (open-anki-jlpt-decks)
西洋,せいよう,"the West, Western countries",N4,ja,JLPT (open-anki-jlpt-decks)
思う,おもう,"to think, to feel",N4,ja,JLPT (open-anki-jlpt-decks)
パート (タイム),パート (タイム),part time (esp. female part time employees),N4,ja,JLPT (open-anki-jlpt-decks)
時代,じだい,"age, period, epoch, era",N4,ja,JLPT (open-anki-jlpt-decks)
申し上げる,もうしあげる,"(humble)to say, to tell",N4,ja,JLPT (open-anki-jlpt-decks)
～式,～しき,~ ceremony; ~ style,N4,ja,JLPT (open-anki-jlpt-decks)
出席,しゅっせきする,attendance,N4,ja,JLPT (open-anki-jlpt-decks)
～家,～か,person who is specialized in ~,N4,ja,JLPT (open-anki-jlpt-decks)
迎える,むかえる,to welcome; to meet; to greet,N4,ja,JLPT (open-anki-jlpt-decks)
触る,さわる,"to touch, to feel",N4,ja,JLPT (open-anki-jlpt-decks)
建て,～だて,"~ storied, separate housing",N4,ja,JLPT (open-anki-jlpt-decks)
社長,しゃちょう,president of a company,N4,ja,JLPT (open-anki-jlpt-decks)
動物園,どうぶつえん,zoo,N4,ja,JLPT (open-anki-jlpt-decks)
捕まえる,つかまえる,"to catch, to arrest",N4,ja,JLPT (open-anki-jlpt-decks)
季節,きせつ,season (in reference to weather),N4,ja,JLPT (open-anki-jlpt-decks)
寄る,よる,to stop by,N4,ja,JLPT (open-anki-jlpt-decks)
決まる,きまる,to be set; fixed (v.i.),N4,ja,JLPT (open-anki-jlpt-decks)
開く,ひらく,to open; to hold (an event),N4,ja,JLPT (open-anki-jlpt-decks)
逃げる,にげる,"to escape, to run away",N4,ja,JLPT (open-anki-jlpt-decks)
だから,だから,so; therefore,N4,ja,JLPT (open-anki-jlpt-decks)
残念,ざんねん,regret; regrettable,N4,ja,JLPT (open-anki-jlpt-decks)
畳,たたみ,tatami mat (Japanese straw mat),N4,ja,JLPT (open-anki-jlpt-decks)
丁寧,ていねい,"polite, courteous, careful",N4,ja,JLPT (open-anki-jlpt-decks)
地理,ちり,geography,N4,ja,JLPT (open-anki-jlpt-decks)
さっき,さっき,a little while ago,N4,ja,JLPT (open-anki-jlpt-decks)
怖い,こわい,"scary, frightening",N4,ja,JLPT (open-anki-jlpt-decks)
包む,つつむ,"to wrap, to cover",N4,ja,JLPT (open-anki-jlpt-decks)
なるべく,なるべく,"if possible, as much as possible",N4,ja,JLPT (open-anki-jlpt-decks)
無理,むり,"unreasonable, impossible",N4,ja,JLPT (open-anki-jlpt-decks)
サンドイッチ,サンドイッチ,sandwich,N4,ja,JLPT (open-anki-jlpt-decks)
会議室,かいぎしつ,conference room,N4,ja,JLPT (open-anki-jlpt-decks)
品物,しなもの,goods,N4,ja,JLPT (open-anki-jlpt-decks)
人形,にんぎょう,"doll, figure",N4,ja,JLPT (open-anki-jlpt-decks)
利用,りよう,"use, utilization",N4,ja,JLPT (open-anki-jlpt-decks)
飾る,かざる,"to decorate, to adorn",N4,ja,JLPT (open-anki-jlpt-decks)
止める,とめる,to stop (something),N4,ja,JLPT (open-anki-jlpt-decks)
恥ずかしい,はずかしい,"ashamed, embarrassed",N4,ja,JLPT (open-anki-jlpt-decks)
いくら～ても,いくら～ても,however much one may ~,N4,ja,JLPT (open-anki-jlpt-decks)
用事,ようじ,business to take care of; tasks; errands,N4,ja,JLPT (open-anki-jlpt-decks)
ビル,ビル,(abbr.) building,N4,ja,JLPT (open-anki-jlpt-decks)
けんかする,けんかする,quarrel,N4,ja,JLPT (open-anki-jlpt-decks)
頑張る,がんばる,"to try one's best, to try hard, to persist",N4,ja,JLPT (open-anki-jlpt-decks)
投げる,なげる,"to pitch, to cast away",N4,ja,JLPT (open-anki-jlpt-decks)
故障,こしょうする,breakdown,N4,ja,JLPT (open-anki-jlpt-decks)
力,ちから,"strength, power",N4,ja,JLPT (open-anki-jlpt-decks)
受ける,うける,"to take (an examination, interview, etc.); to receive",N4,ja,JLPT (open-anki-jlpt-decks)
気分,きぶん,"feeling, mood",N4,ja,JLPT (open-anki-jlpt-decks)
間違える,まちがえる,to make a mistake,N4,ja,JLPT (open-anki-jlpt-decks)
そんな,そんな,"such, like that, that sort of",N4,ja,JLPT (open-anki-jlpt-decks)
星,ほし,star,N4,ja,JLPT (open-anki-jlpt-decks)
場合,ばあい,"case, situation",N4,ja,JLPT (open-anki-jlpt-decks)
やっと,やっと,"at last, finally",N4,ja,JLPT (open-anki-jlpt-decks)
足りる,たりる,to be sufficient; to be enough,N4,ja,JLPT (open-anki-jlpt-decks)
行う,おこなう,to carry out; to conduct (typically used in written language),N4,ja,JLPT (open-anki-jlpt-decks)
ぶどう,ぶどう,grapes,N4,ja,JLPT (open-anki-jlpt-decks)
無くなる,なくなる,"to disappear, to get lost",N4,ja,JLPT (open-anki-jlpt-decks)
準備,じゅんびする,prepare,N4,ja,JLPT (open-anki-jlpt-decks)
世界,せかい,world,N4,ja,JLPT (open-anki-jlpt-decks)
住所,じゅうしょ,address; place of residence,N4,ja,JLPT (open-anki-jlpt-decks)
再来月,さらいげつ,the month after next,N4,ja,JLPT (open-anki-jlpt-decks)
林,はやし,"woods, forest",N4,ja,JLPT (open-anki-jlpt-decks)
倍,ばい,double,N4,ja,JLPT (open-anki-jlpt-decks)
痩せる,やせる,to lose weight,N4,ja,JLPT (open-anki-jlpt-decks)
線,せん,"line, wire",N4,ja,JLPT (open-anki-jlpt-decks)
戦争,せんそう,war,N4,ja,JLPT (open-anki-jlpt-decks)
決める,きめる,to decide (v.t.),N4,ja,JLPT (open-anki-jlpt-decks)
調べる,しらべる,to check; to look up; to inquire; to search,N4,ja,JLPT (open-anki-jlpt-decks)
寝坊,ねぼう,sleeping in late,N4,ja,JLPT (open-anki-jlpt-decks)
パパ,パパ,"papa, daddy",N4,ja,JLPT (open-anki-jlpt-decks)
光る,ひかる,"to shine, to glitter",N4,ja,JLPT (open-anki-jlpt-decks)
夫,おっと,husband,N4,ja,JLPT (open-anki-jlpt-decks)
雲,くも,cloud,N4,ja,JLPT (open-anki-jlpt-decks)
坂,さか,"slope, hill",N4,ja,JLPT (open-anki-jlpt-decks)
～(て) しまう,～(て) しまう,to end up ~,N4,ja,JLPT (open-anki-jlpt-decks)
飛行場,ひこうじょう,airport,N4,ja,JLPT (open-anki-jlpt-decks)
柔道,じゅうどう,judo,N4,ja,JLPT (open-anki-jlpt-decks)
決して,けっして,never,N4,ja,JLPT (open-anki-jlpt-decks)
事務所,じむしょ,office,N4,ja,JLPT (open-anki-jlpt-decks)
連絡,れんらく,"communication, contact, connection",N4,ja,JLPT (open-anki-jlpt-decks)
小学校,しょうがっこう,elementary school,N4,ja,JLPT (open-anki-jlpt-decks)
客,きゃく,"guest, customer",N4,ja,JLPT (open-anki-jlpt-decks)
昔,むかし,old days; past,N4,ja,JLPT (open-anki-jlpt-decks)
美しい,うつくしい,"beautiful, lovely",N4,ja,JLPT (open-anki-jlpt-decks)
捨てる,すてる,"throw away (trash), dump, discard",N4,ja,JLPT (open-anki-jlpt-decks)
なさる,なさる,-- honorific expression for する --,N4,ja,JLPT (open-anki-jlpt-decks)
事,こと,"thing(s), matter(s), fact",N4,ja,JLPT (open-anki-jlpt-decks)
どんどん,どんどん,quickly and steadily; at a rapid pace,N4,ja,JLPT (open-anki-jlpt-decks)
試合,しあい,"match, game, competition",N4,ja,JLPT (open-anki-jlpt-decks)
適当,てきとう,"fitness, suitability",N4,ja,JLPT (open-anki-jlpt-decks)
素晴らしい,すばらしい,wonderful; terrific,N4,ja,JLPT (open-anki-jlpt-decks)
美術館,びじゅつかん,"art gallery, art museum",N4,ja,JLPT (open-anki-jlpt-decks)
文法,ぶんぽう,grammar,N4,ja,JLPT (open-anki-jlpt-decks)
終わり,おわり,end,N4,ja,JLPT (open-anki-jlpt-decks)
壁,かべ,wall,N4,ja,JLPT (open-anki-jlpt-decks)
一度,いちど,"once, one time",N4,ja,JLPT (open-anki-jlpt-decks)
お礼,おれい,expression of gratitude; thanking; gift of appreciation; bow,N4,ja,JLPT (open-anki-jlpt-decks)
親切,しんせつ,kindness,N4,ja,JLPT (open-anki-jlpt-decks)
知らせる,しらせる,to notify,N4,ja,JLPT (open-anki-jlpt-decks)
歯医者,はいしゃ,dentist,N4,ja,JLPT (open-anki-jlpt-decks)
熱心,ねっしん,enthusiasm,N4,ja,JLPT (open-anki-jlpt-decks)
始める,はじめる,"to start, to begin",N4,ja,JLPT (open-anki-jlpt-decks)
もらう,もらう,to receive,N4,ja,JLPT (open-anki-jlpt-decks)
泣く,なく,to cry,N4,ja,JLPT (open-anki-jlpt-decks)
治る,なおる,to get better; to recover from illness (v.i.),N4,ja,JLPT (open-anki-jlpt-decks)
熱,ねつ,"fever, temperature",N4,ja,JLPT (open-anki-jlpt-decks)
お祭り,おまつり,festival,N4,ja,JLPT (open-anki-jlpt-decks)
水道,すいどう,"water service, water line",N4,ja,JLPT (open-anki-jlpt-decks)
匂い,におい,"odor, smell",N4,ja,JLPT (open-anki-jlpt-decks)
ベル,ベル,bell,N4,ja,JLPT (open-anki-jlpt-decks)
赤ん坊,あかんぼう,baby,N4,ja,JLPT (open-anki-jlpt-decks)
おかしい,おかしい,strange; odd; funny,N4,ja,JLPT (open-anki-jlpt-decks)
事故,じこ,accident,N4,ja,JLPT (open-anki-jlpt-decks)
変,へん,"strange, odd",N4,ja,JLPT (open-anki-jlpt-decks)
辞典,じてん,"encyclopedia, reference book",N4,ja,JLPT (open-anki-jlpt-decks)
残る,のこる,"to remain (v.i.), to be left",N4,ja,JLPT (open-anki-jlpt-decks)
立てる,たてる,"to stand (something) up, to erect (something)",N4,ja,JLPT (open-anki-jlpt-decks)
くれる,くれる,"to give, to do for",N4,ja,JLPT (open-anki-jlpt-decks)
～員,～いん,member of ~,N4,ja,JLPT (open-anki-jlpt-decks)
原因,げんいん,"cause, origin, source",N4,ja,JLPT (open-anki-jlpt-decks)
驚く,おどろく,"to be surprised, to be astonished",N4,ja,JLPT (open-anki-jlpt-decks)
いただく,頂く,-- extra-modest expression for たべる and のむ; humble expression for もらう --,N4,ja,JLPT (open-anki-jlpt-decks)
祖母,そぼ,grandmother,N4,ja,JLPT (open-anki-jlpt-decks)
場所,ばしょ,"place, location",N4,ja,JLPT (open-anki-jlpt-decks)
答,こたえ,"answer, response",N4,ja,JLPT (open-anki-jlpt-decks)
もちろん,もちろん,"certainly, of course",N4,ja,JLPT (open-anki-jlpt-decks)
漬ける,つける,"to soak, to moisten, to pickle",N4,ja,JLPT (open-anki-jlpt-decks)
受付,うけつけ,reception(ist) desk,N4,ja,JLPT (open-anki-jlpt-decks)
内,うち,"within, inside",N4,ja,JLPT (open-anki-jlpt-decks)
スクリーン,スクリーン,screen,N4,ja,JLPT (open-anki-jlpt-decks)
増える,ふえる,"to increase, to multiply",N4,ja,JLPT (open-anki-jlpt-decks)
または,または,"or, otherwise",N4,ja,JLPT (open-anki-jlpt-decks)
けがする,けがする,"injury (to animate object), hurt",N4,ja,JLPT (open-anki-jlpt-decks)
以下,いか,"less than, below",N4,ja,JLPT (open-anki-jlpt-decks)
選ぶ,えらぶ,to choose; to select,N4,ja,JLPT (open-anki-jlpt-decks)
～ばかり,～ばかり,"just did ~, only",N4,ja,JLPT (open-anki-jlpt-decks)
心,こころ,"heart, mind",N4,ja,JLPT (open-anki-jlpt-decks)
～だす,～だす,to start doing ~,N4,ja,JLPT (open-anki-jlpt-decks)
サラダ,サラダ,salad,N4,ja,JLPT (open-anki-jlpt-decks)
届ける,とどける,to deliver (v.t.),N4,ja,JLPT (open-anki-jlpt-decks)
挨拶,あいさつする,greet(ing),N4,ja,JLPT (open-anki-jlpt-decks)
景色,けしき,"scenery, landscape",N4,ja,JLPT (open-anki-jlpt-decks)
確か,たしか,"if I remember correctly; certain, definite",N4,ja,JLPT (open-anki-jlpt-decks)
ステーキ,ステーキ,steak,N4,ja,JLPT (open-anki-jlpt-decks)
食料品,しょくりょうひん,"foodstuff, groceries",N4,ja,JLPT (open-anki-jlpt-decks)
森,もり,forest,N4,ja,JLPT (open-anki-jlpt-decks)
以内,いない,"within, less (no more) than",N4,ja,JLPT (open-anki-jlpt-decks)
予定,よてい,"plans, arrangement, schedule",N4,ja,JLPT (open-anki-jlpt-decks)
オーバー,オーバー,"overcoat; over, exceeding, exaggeration",N4,ja,JLPT (open-anki-jlpt-decks)
乾く,かわく,to get dry,N4,ja,JLPT (open-anki-jlpt-decks)
石,いし,stone,N4,ja,JLPT (open-anki-jlpt-decks)
思い出す,おもいだす,"to recall, to remember",N4,ja,JLPT (open-anki-jlpt-decks)
踊る,おどる,to dance,N4,ja,JLPT (open-anki-jlpt-decks)
細かい,こまかい,"small; fine, minute",N4,ja,JLPT (open-anki-jlpt-decks)
塗る,ぬる,"to paint, to plaster",N4,ja,JLPT (open-anki-jlpt-decks)
ご主人,ごしゅじん,"(your, her) husband",N4,ja,JLPT (open-anki-jlpt-decks)
珍しい,めずらしい,"unusual, rare",N4,ja,JLPT (open-anki-jlpt-decks)
用,よう,"errand, task, business (to take care of)",N4,ja,JLPT (open-anki-jlpt-decks)
公務員,こうむいん,"government worker, public servant",N4,ja,JLPT (open-anki-jlpt-decks)
お嬢さん,おじょうさん,(someone's) daughter (polite),N4,ja,JLPT (open-anki-jlpt-decks)
用意,ようい,preparation,N4,ja,JLPT (open-anki-jlpt-decks)
探す,さがす,"to search, to seek, to look for",N4,ja,JLPT (open-anki-jlpt-decks)
形,かたち,shape,N4,ja,JLPT (open-anki-jlpt-decks)
運転,うんてんする,driving,N4,ja,JLPT (open-anki-jlpt-decks)
すっかり,すっかり,"all, completely",N4,ja,JLPT (open-anki-jlpt-decks)
アナウンサー,アナウンサー,announcer,N4,ja,JLPT (open-anki-jlpt-decks)
お土産,おみやげ,souvenir,N4,ja,JLPT (open-anki-jlpt-decks)
消しゴム,けしゴム,eraser,N4,ja,JLPT (open-anki-jlpt-decks)
旅館,りょかん,a Japanese inn,N4,ja,JLPT (open-anki-jlpt-decks)
海岸,かいがん,"coast, seashore",N4,ja,JLPT (open-anki-jlpt-decks)
寂しい,さびしい,"lonely, lonesome",N4,ja,JLPT (open-anki-jlpt-decks)
火,ひ,fire,N4,ja,JLPT (open-anki-jlpt-decks)
育てる,そだてる,to raise (v.t.); to bring up,N4,ja,JLPT (open-anki-jlpt-decks)
味噌,みそ,"miso, bean paste",N4,ja,JLPT (open-anki-jlpt-decks)
お祝い,おいわい,"congratulation, celebration",N4,ja,JLPT (open-anki-jlpt-decks)
乗り物,のりもの,vehicle,N4,ja,JLPT (open-anki-jlpt-decks)
案内,あんないする,"information, guidance",N4,ja,JLPT (open-anki-jlpt-decks)
通う,かよう,to go back and forth; to commute,N4,ja,JLPT (open-anki-jlpt-decks)
連れる,つれる,"to lead, to take (a person)",N4,ja,JLPT (open-anki-jlpt-decks)
技術,ぎじゅつ,"technique, technology, skill",N4,ja,JLPT (open-anki-jlpt-decks)
小鳥,ことり,small bird,N4,ja,JLPT (open-anki-jlpt-decks)
下宿,げしゅく,"lodging, boarding house",N4,ja,JLPT (open-anki-jlpt-decks)
ジャム,ジャム,jam,N4,ja,JLPT (open-anki-jlpt-decks)
招待,しょうたいする,invitation,N4,ja,JLPT (open-anki-jlpt-decks)
鏡,かがみ,mirror,N4,ja,JLPT (open-anki-jlpt-decks)
はず,はず,it should be so,N4,ja,JLPT (open-anki-jlpt-decks)
法律,ほうりつ,law,N4,ja,JLPT (open-anki-jlpt-decks)
進む,すすむ,"to advance, to proceed",N4,ja,JLPT (open-anki-jlpt-decks)
楽む,たのしむ,to enjoy,N4,ja,JLPT (open-anki-jlpt-decks)
貿易,ぼうえき,trade,N4,ja,JLPT (open-anki-jlpt-decks)
反対,はんたい,"oppose, opposition, resistance",N4,ja,JLPT (open-anki-jlpt-decks)
おる,おる,-- extra-modest expression for いる --,N4,ja,JLPT (open-anki-jlpt-decks)
申す,もうす,-- extra-modest (humble) expression for 言う (いう) --,N4,ja,JLPT (open-anki-jlpt-decks)
試験,しけん,an exam,N4,ja,JLPT (open-anki-jlpt-decks)
真面目,まじめ,"diligent, serious",N4,ja,JLPT (open-anki-jlpt-decks)
ごらんになる,,-- honorific expression for みる --,N4,ja,JLPT (open-anki-jlpt-decks)
店員,てんいん,clerk; shop-employee,N4,ja,JLPT (open-anki-jlpt-decks)
泊まる,とまる,to stay (over night) (v.i.),N4,ja,JLPT (open-anki-jlpt-decks)
よろしい,よろしい,"(hon.) good, OK, all right",N4,ja,JLPT (open-anki-jlpt-decks)
今夜,こんや,"this evening, tonight",N4,ja,JLPT (open-anki-jlpt-decks)
おつり,おつり,change; balance of money returned to the purchaser,N4,ja,JLPT (open-anki-jlpt-decks)
チェックする,チェックする,check,N4,ja,JLPT (open-anki-jlpt-decks)
会話,かいわ,conversation,N4,ja,JLPT (open-anki-jlpt-decks)
空気,くうき,"air, atmosphere",N4,ja,JLPT (open-anki-jlpt-decks)
交通,こうつう,"traffic, transportation",N4,ja,JLPT (open-anki-jlpt-decks)
ワープロ,ワープロ,word processor,N4,ja,JLPT (open-anki-jlpt-decks)
喜ぶ,よろこぶ,"to rejoice, to be delighted, to be glad",N4,ja,JLPT (open-anki-jlpt-decks)
急行,きゅうこう,express train or bus,N4,ja,JLPT (open-anki-jlpt-decks)
皆,みな,everyone,N4,ja,JLPT (open-anki-jlpt-decks)
味,あじ,"flavor, taste",N4,ja,JLPT (open-anki-jlpt-decks)
空港,くうこう,airport,N4,ja,JLPT (open-anki-jlpt-decks)
手袋,てぶくろ,glove(s),N4,ja,JLPT (open-anki-jlpt-decks)
校長,こうちょう,"principal, headmaster",N4,ja,JLPT (open-anki-jlpt-decks)
ごちそう,ごちそう,"feast, treating (someone)",N4,ja,JLPT (open-anki-jlpt-decks)
踊り,おどり,dance,N4,ja,JLPT (open-anki-jlpt-decks)
興味,きょうみ,interest (in something),N4,ja,JLPT (open-anki-jlpt-decks)
引っ越す,ひっこす,to move to a new place of residence,N4,ja,JLPT (open-anki-jlpt-decks)
冷房,れいぼう,"cooling, air conditioning",N4,ja,JLPT (open-anki-jlpt-decks)
都合,つごう,"circumstances, convenience",N4,ja,JLPT (open-anki-jlpt-decks)
遠慮,えんりょする,"restraint, reserve, hesitate",N4,ja,JLPT (open-anki-jlpt-decks)
亡くなる,なくなる,to pass away,N4,ja,JLPT (open-anki-jlpt-decks)
科学,かがく,science,N4,ja,JLPT (open-anki-jlpt-decks)
はっきり,はっきり,"clearly, distinctly",N4,ja,JLPT (open-anki-jlpt-decks)
差し上げる,さしあげる,-- humble expression for あげる --,N4,ja,JLPT (open-anki-jlpt-decks)
気持ち,きもち,"feeling, sensation, mood",N4,ja,JLPT (open-anki-jlpt-decks)
祖父,そふ,grandfather,N4,ja,JLPT (open-anki-jlpt-decks)
港,みなと,"harbor, port",N4,ja,JLPT (open-anki-jlpt-decks)
予約,よやく,reservation,N4,ja,JLPT (open-anki-jlpt-decks)
凄い,すごい,"terrific, great",N4,ja,JLPT (open-anki-jlpt-decks)
入学,にゅうがくする,entry to school or university,N4,ja,JLPT (open-anki-jlpt-decks)
片付ける,かたづける,"to (clean) tidy up (v.t.), to put away",N4,ja,JLPT (open-anki-jlpt-decks)
写す,うつす,to copy (v.t.); to photograph,N4,ja,JLPT (open-anki-jlpt-decks)
パソコン,パソコン,(personal) computer,N4,ja,JLPT (open-anki-jlpt-decks)
部長,ぶちょう,department (division) manager,N4,ja,JLPT (open-anki-jlpt-decks)
火事,かじ,fire,N4,ja,JLPT (open-anki-jlpt-decks)
足す,たす,to add (numbers),N4,ja,JLPT (open-anki-jlpt-decks)
教会,きょうかい,church,N4,ja,JLPT (open-anki-jlpt-decks)
彼ら,かれら,they (usually male),N4,ja,JLPT (open-anki-jlpt-decks)
一杯,いっぱい,"full, to the utmost",N4,ja,JLPT (open-anki-jlpt-decks)
アメリカ,アメリカ,"America, U.S.A.",N4,ja,JLPT (open-anki-jlpt-decks)
男性,だんせい,man; male,N4,ja,JLPT (open-anki-jlpt-decks)
理由,りゆう,reason,N4,ja,JLPT (open-anki-jlpt-decks)
生産,せいさんする,production; to produce,N4,ja,JLPT (open-anki-jlpt-decks)
着物,きもの,kimono; Japanese traditional dress,N4,ja,JLPT (open-anki-jlpt-decks)
おもちゃ,おもちゃ,a toy,N4,ja,JLPT (open-anki-jlpt-decks)
暮れる,くれる,"to get dark, to come to an end",N4,ja,JLPT (open-anki-jlpt-decks)
釣る,つる,to fish,N4,ja,JLPT (open-anki-jlpt-decks)
～ちゃん,～ちゃん,suffix for familiar (female) person,N4,ja,JLPT (open-anki-jlpt-decks)
打つ,うつ,"to hit, to strike",N4,ja,JLPT (open-anki-jlpt-decks)
あんな,あんな,"such, like that",N4,ja,JLPT (open-anki-jlpt-decks)
謝る,あやまる,to apologize,N4,ja,JLPT (open-anki-jlpt-decks)
昼間,ひるま,"daytime, during the day",N4,ja,JLPT (open-anki-jlpt-decks)
教育,きょういく,education,N4,ja,JLPT (open-anki-jlpt-decks)
女性,じょせい,woman,N4,ja,JLPT (open-anki-jlpt-decks)
米,こめ,uncooked rice,N4,ja,JLPT (open-anki-jlpt-decks)
邪魔,じゃま,"hindrance, intrusion",N4,ja,JLPT (open-anki-jlpt-decks)
国際,こくさい,international,N4,ja,JLPT (open-anki-jlpt-decks)
隅,すみ,corner,N4,ja,JLPT (open-anki-jlpt-decks)
伺う,うかがう,"humble form of 行く (いく), 聞く (きく) and 来る (くる)",N4,ja,JLPT (open-anki-jlpt-decks)
再来週,さらいしゅう,the week after next,N4,ja,JLPT (open-anki-jlpt-decks)
夢,ゆめ,a dream,N4,ja,JLPT (open-anki-jlpt-decks)
喉,のど,throat,N4,ja,JLPT (open-anki-jlpt-decks)
最近,さいきん,"recently, nowadays, in recent years, most recent, latest",N4,ja,JLPT (open-anki-jlpt-decks)
周り,まわり,surroundings,N4,ja,JLPT (open-anki-jlpt-decks)
歴史,れきし,history,N4,ja,JLPT (open-anki-jlpt-decks)
不便,ふべん,inconvenience,N4,ja,JLPT (open-anki-jlpt-decks)
血,ち,blood,N4,ja,JLPT (open-anki-jlpt-decks)
～続ける,～つづける,to continue doing ~,N4,ja,JLPT (open-anki-jlpt-decks)
毛,け,"hair, fur",N4,ja,JLPT (open-anki-jlpt-decks)
ひどい,ひどい,"terrible, awful, unfair, cruel",N4,ja,JLPT (open-anki-jlpt-decks)
例えば,たとえば,"for example, e.g.",N4,ja,JLPT (open-anki-jlpt-decks)
中々,なかなか,"very, considerably, quite",N4,ja,JLPT (open-anki-jlpt-decks)
随分,ずいぶん,extremely,N4,ja,JLPT (open-anki-jlpt-decks)
～やすい,～やすい,easy to do ~,N4,ja,JLPT (open-anki-jlpt-decks)
押し入れ,おしいれ,closet,N4,ja,JLPT (open-anki-jlpt-decks)
電灯,でんとう,electric light,N4,ja,JLPT (open-anki-jlpt-decks)
叱る,しかる,to scold,N4,ja,JLPT (open-anki-jlpt-decks)
サンダル,サンダル,sandal,N4,ja,JLPT (open-anki-jlpt-decks)
びっくりする,びっくりする,to be surprised,N4,ja,JLPT (open-anki-jlpt-decks)
うまい,うまい,delicious; skillful; fortunate,N4,ja,JLPT (open-anki-jlpt-decks)
変える,かえる,"to change, to alter, to vary",N4,ja,JLPT (open-anki-jlpt-decks)
講堂,こうどう,auditorium,N4,ja,JLPT (open-anki-jlpt-decks)
子,こ,child,N4,ja,JLPT (open-anki-jlpt-decks)
沸かす,わかす,to boil,N4,ja,JLPT (open-anki-jlpt-decks)
レジ,レジ,register,N4,ja,JLPT (open-anki-jlpt-decks)
しばらく,しばらく,little while,N4,ja,JLPT (open-anki-jlpt-decks)
特に,とくに,particularly,N4,ja,JLPT (open-anki-jlpt-decks)
空く,あく,"to open, to become empty (vacant)",N4,ja,JLPT (open-anki-jlpt-decks)
計画,けいかくする,"plan, project, schedule",N4,ja,JLPT (open-anki-jlpt-decks)
通り,とおり,"~ Street, ~ Avenue",N4,ja,JLPT (open-anki-jlpt-decks)
下着,したぎ,underwear,N4,ja,JLPT (open-anki-jlpt-decks)
経済,けいざい,"economics, finance, economy",N4,ja,JLPT (open-anki-jlpt-decks)
こう,こう,"like this, this way",N4,ja,JLPT (open-anki-jlpt-decks)
是非,ぜひ,"certainly, by all means; without fail",N4,ja,JLPT (open-anki-jlpt-decks)
裏,うら,"reverse side, back",N4,ja,JLPT (open-anki-jlpt-decks)
為,ため,"good, advantage, in order to",N4,ja,JLPT (open-anki-jlpt-decks)
おいでになる,おいでになる,(hon.) to be,N4,ja,JLPT (open-anki-jlpt-decks)
変わる,かわる,"to change (v.i.), to be transformed, to vary",N4,ja,JLPT (open-anki-jlpt-decks)
以外,いがい,"other than, with the exception of, excepting",N4,ja,JLPT (open-anki-jlpt-decks)
済む,すむ,"to finish, to end",N4,ja,JLPT (open-anki-jlpt-decks)
ハンバーグ,ハンバーグ,hamburger steak,N4,ja,JLPT (open-anki-jlpt-decks)
市,し,city,N4,ja,JLPT (open-anki-jlpt-decks)
引き出し,ひきだし,drawer,N4,ja,JLPT (open-anki-jlpt-decks)
遊び,あそび,play,N4,ja,JLPT (open-anki-jlpt-decks)
支度,したくする,preparation,N4,ja,JLPT (open-anki-jlpt-decks)
～始める,～はじめる,to start doing ~,N4,ja,JLPT (open-anki-jlpt-decks)
見える,みえる,to be visible; -- polite verb meaning 来る (くる) --,N4,ja,JLPT (open-anki-jlpt-decks)
十分,じゅうぶん,enough,N4,ja,JLPT (open-anki-jlpt-decks)
音,おと,"sound, note",N4,ja,JLPT (open-anki-jlpt-decks)
きっと,きっと,"surely, definitely, undoubtedly, certainly",N4,ja,JLPT (open-anki-jlpt-decks)
まず,まず,"first (of all), to start with",N4,ja,JLPT (open-anki-jlpt-decks)
遠く,とおく,"far away, distant",N4,ja,JLPT (open-anki-jlpt-decks)
大体,だいたい,approximately; in most cases; in general; to begin with (same as もともと),N4,ja,JLPT (open-anki-jlpt-decks)
折れる,おれる,"to break, to be folded, to give in; to turn (a corner)",N4,ja,JLPT (open-anki-jlpt-decks)
正しい,ただしい,correct,N4,ja,JLPT (open-anki-jlpt-decks)
輸入,ゆにゅう,import,N4,ja,JLPT (open-anki-jlpt-decks)
返事,へんじ,"reply, answer",N4,ja,JLPT (open-anki-jlpt-decks)
都,と,metropolitan,N4,ja,JLPT (open-anki-jlpt-decks)
産業,さんぎょう,industry,N4,ja,JLPT (open-anki-jlpt-decks)
伝える,つたえる,"to convey (a message); to tell, to report",N4,ja,JLPT (open-anki-jlpt-decks)
お金持ち,かねもち; おかねもち,rich person,N4,ja,JLPT (open-anki-jlpt-decks)
説明,せつめい,explanation,N4,ja,JLPT (open-anki-jlpt-decks)
島,しま,island,N4,ja,JLPT (open-anki-jlpt-decks)
道具,どうぐ,tool,N4,ja,JLPT (open-anki-jlpt-decks)
滑る,すべる,"to slide, to slip",N4,ja,JLPT (open-anki-jlpt-decks)
それほど,それほど,to that degree; extent,N4,ja,JLPT (open-anki-jlpt-decks)
以上,いじょう,more than; this is all,N4,ja,JLPT (open-anki-jlpt-decks)
～まま,～まま,as it is,N4,ja,JLPT (open-anki-jlpt-decks)
特急,とっきゅう,limited express (train faster than an express),N4,ja,JLPT (open-anki-jlpt-decks)
プレゼント,プレゼント,"present, gift",N4,ja,JLPT (open-anki-jlpt-decks)
～(に) よると,～(に) よると,according to ~,N4,ja,JLPT (open-anki-jlpt-decks)
妻,つま,wife (humble),N4,ja,JLPT (open-anki-jlpt-decks)
帰り,かえり,"return, coming back",N4,ja,JLPT (open-anki-jlpt-decks)
具合,ぐあい,"condition, state, health",N4,ja,JLPT (open-anki-jlpt-decks)
堅; 硬; 固い,かたい,"solid, hard, firm",N4,ja,JLPT (open-anki-jlpt-decks)
駐車場,ちゅうしゃじょう,parking lot,N4,ja,JLPT (open-anki-jlpt-decks)
スーツ,スーツ,suit,N4,ja,JLPT (open-anki-jlpt-decks)
危険,きけん,"danger, risk, hazard",N4,ja,JLPT (open-anki-jlpt-decks)
髪,かみ,hair,N4,ja,JLPT (open-anki-jlpt-decks)
天気予報,てんきよほう,weather forecast,N4,ja,JLPT (open-anki-jlpt-decks)
彼女,かのじょ,girlfriend; she,N4,ja,JLPT (open-anki-jlpt-decks)
間,あいだ,"space, interval",N4,ja,JLPT (open-anki-jlpt-decks)
卒業,そつぎょう,graduation,N4,ja,JLPT (open-anki-jlpt-decks)
それで,それで,"and (conj.), thereupon, because of that",N4,ja,JLPT (open-anki-jlpt-decks)
枝,えだ,"branch, twig",N4,ja,JLPT (open-anki-jlpt-decks)
専門,せんもん,major; speciality,N4,ja,JLPT (open-anki-jlpt-decks)
そろそろ,そろそろ,"gradually, soon",N4,ja,JLPT (open-anki-jlpt-decks)
送る,おくる,"to send, to dispatch",N4,ja,JLPT (open-anki-jlpt-decks)
あげる,あげる,to give,N4,ja,JLPT (open-anki-jlpt-decks)
騒ぐ,さわぐ,"to make noise, to clamor",N4,ja,JLPT (open-anki-jlpt-decks)
尋ねる,たずねる,to inquire (same as 質問する),N4,ja,JLPT (open-anki-jlpt-decks)
放送,ほうそうする,broadcasting,N4,ja,JLPT (open-anki-jlpt-decks)
政治,せいじ,politics,N4,ja,JLPT (open-anki-jlpt-decks)
市民,しみん,citizen,N4,ja,JLPT (open-anki-jlpt-decks)
ファックス,ファックス,fax,N4,ja,JLPT (open-anki-jlpt-decks)
負ける,まける,"to lose (a game) (v.i.), to be defeated",N4,ja,JLPT (open-anki-jlpt-decks)
指輪,ゆびわ,(finger) ring,N4,ja,JLPT (open-anki-jlpt-decks)
田舎,いなか,"rural, countryside",N4,ja,JLPT (open-anki-jlpt-decks)
見つける,みつける,"to discover, to find (v.t.)",N4,ja,JLPT (open-anki-jlpt-decks)
高校生,こうこうせい,high school student,N4,ja,JLPT (open-anki-jlpt-decks)
講義,こうぎ,a lecture,N4,ja,JLPT (open-anki-jlpt-decks)
そんなに,そんなに,"so much, like that",N4,ja,JLPT (open-anki-jlpt-decks)
昼休み,ひるやすみ,"lunch break, noon recess",N4,ja,JLPT (open-anki-jlpt-decks)
忘れ物,わすれもの,"lost article, something forgotten",N4,ja,JLPT (open-anki-jlpt-decks)
下りる,おりる,"to get down, to go; come down",N4,ja,JLPT (open-anki-jlpt-decks)
腕,うで,arm (in reference to body),N4,ja,JLPT (open-anki-jlpt-decks)
訳,わけ,reason; explanation,N4,ja,JLPT (open-anki-jlpt-decks)
承知,しょうちする,"consent, acceptance",N4,ja,JLPT (open-anki-jlpt-decks)
日記,にっき,"diary, journal",N4,ja,JLPT (open-anki-jlpt-decks)
高校; 高等学校,こうこう; こうとうがっこう,high school; senior high school,N4,ja,JLPT (open-anki-jlpt-decks)
似る,にる,"to resemble, to be similar",N4,ja,JLPT (open-anki-jlpt-decks)
～おわる,～おわる,to finish doing ~,N4,ja,JLPT (open-anki-jlpt-decks)
暖房,だんぼう,heating,N4,ja,JLPT (open-anki-jlpt-decks)
留守,るす,absence; not at home,N4,ja,JLPT (open-anki-jlpt-decks)
割合,わりあい,"rate, ratio, percentage",N4,ja,JLPT (open-anki-jlpt-decks)
寺,てら,Buddhist temple,N4,ja,JLPT (open-anki-jlpt-decks)
慣れる,なれる,to grow accustomed to,N4,ja,JLPT (open-anki-jlpt-decks)
普通,ふつう,common; usual,N4,ja,JLPT (open-anki-jlpt-decks)
手伝う,てつだう,to help,N4,ja,JLPT (open-anki-jlpt-decks)
なるほど,なるほど,I see; I now understand,N4,ja,JLPT (open-anki-jlpt-decks)
くださる,くださる,"(hon.) to give, to confer",N4,ja,JLPT (open-anki-jlpt-decks)
息子,むすこ,(humble) son,N4,ja,JLPT (open-anki-jlpt-decks)
お子さん,おこさん,(someone else's) child (polite),N4,ja,JLPT (open-anki-jlpt-decks)
会場,かいじょう,"venue, meeting place",N4,ja,JLPT (open-anki-jlpt-decks)
笑う,わらう,"to laugh, to smile",N4,ja,JLPT (open-anki-jlpt-decks)
運ぶ,はこぶ,"to transport, to carry",N4,ja,JLPT (open-anki-jlpt-decks)
文学,ぶんがく,literature,N4,ja,JLPT (open-anki-jlpt-decks)
光,ひかり,light,N4,ja,JLPT (open-anki-jlpt-decks)
お見舞い,おみまい,"calling on someone who is ill, visit",N4,ja,JLPT (open-anki-jlpt-decks)
席,せき,a seat,N4,ja,JLPT (open-anki-jlpt-decks)
～様,～さま,"Mr., Mrs., Ms.",N4,ja,JLPT (open-anki-jlpt-decks)
ご存じ,ごぞんじ,"knowing, acquaintance",N4,ja,JLPT (open-anki-jlpt-decks)
下る,さがる,"to descend, to drop, to fall",N4,ja,JLPT (open-anki-jlpt-decks)
字,じ,letter; character,N4,ja,JLPT (open-anki-jlpt-decks)
アジア,アジア,Asia,N4,ja,JLPT (open-anki-jlpt-decks)
褒める,ほめる,to praise; to say nice things,N4,ja,JLPT (open-anki-jlpt-decks)
空く,すく,"to be empty (in reference to people), to be less crowded",N4,ja,JLPT (open-anki-jlpt-decks)
あ,あ,Ah,N4,ja,JLPT (open-anki-jlpt-decks)
最も,もっとも,most,N4,ja,JLPT (open-anki-jlpt-decks)
合う,あう,"to fit, to match",N4,ja,JLPT (open-anki-jlpt-decks)
～代,～だい,~ age; period,N4,ja,JLPT (open-anki-jlpt-decks)
最後,さいご,"last, end",N4,ja,JLPT (open-anki-jlpt-decks)
値段,ねだん,price,N4,ja,JLPT (open-anki-jlpt-decks)
退院,たいいんする,leaving hospital,N4,ja,JLPT (open-anki-jlpt-decks)
展覧会,てんらんかい,exhibition,N4,ja,JLPT (open-anki-jlpt-decks)
久しぶり,ひさしぶり,it has been a long time; for the first time in a long time,N4,ja,JLPT (open-anki-jlpt-decks)
カーテン,カーテン,curtain,N4,ja,JLPT (open-anki-jlpt-decks)
汽車,きしゃ,train (steam),N4,ja,JLPT (open-anki-jlpt-decks)
遅れる,おくれる,to (be) become late,N4,ja,JLPT (open-anki-jlpt-decks)
見つかる,みつかる,"to be found (v.i.), to be discovered",N4,ja,JLPT (open-anki-jlpt-decks)
召し上がる,めしあがる,-- honorific form of 食べる (たべる) and 飲む (のむ) --,N4,ja,JLPT (open-anki-jlpt-decks)
太る,ふとる,to gain weight,N4,ja,JLPT (open-anki-jlpt-decks)
注射,ちゅうしゃ,injection,N4,ja,JLPT (open-anki-jlpt-decks)
様,よう,"way, manner, kind",N4,ja,JLPT (open-anki-jlpt-decks)
～おき,～おき,after every ~,N4,ja,JLPT (open-anki-jlpt-decks)
最初,さいしょ,"beginning, first",N4,ja,JLPT (open-anki-jlpt-decks)
御～,ご～,honorable ~,N4,ja,JLPT (open-anki-jlpt-decks)
安心,あんしん,"peace of mind, relief",N4,ja,JLPT (open-anki-jlpt-decks)
直る,なおる,to be fixed,N4,ja,JLPT (open-anki-jlpt-decks)
集める,あつめる,"to collect, to gather (v.t.), to assemble",N4,ja,JLPT (open-anki-jlpt-decks)
直す,なおす,to correct (v.t.); to fix,N4,ja,JLPT (open-anki-jlpt-decks)
続く,つづく,to be continued,N4,ja,JLPT (open-anki-jlpt-decks)
先輩,せんぱい,senior members of a group,N4,ja,JLPT (open-anki-jlpt-decks)
約束,やくそく,"arrangement, appointment, promise",N4,ja,JLPT (open-anki-jlpt-decks)
世話,せわする,looking after; to look after,N4,ja,JLPT (open-anki-jlpt-decks)
近所,きんじょ,neighborhood,N4,ja,JLPT (open-anki-jlpt-decks)
将来,しょうらい,(in the) future; prospects,N4,ja,JLPT (open-anki-jlpt-decks)
億,おく,hundred million,N4,ja,JLPT (open-anki-jlpt-decks)
数学,すうがく,mathematics,N4,ja,JLPT (open-anki-jlpt-decks)
文化,ぶんか,culture,N4,ja,JLPT (open-anki-jlpt-decks)
払う,はらう,to pay,N4,ja,JLPT (open-anki-jlpt-decks)
習慣,しゅうかん,custom (in reference to culture),N4,ja,JLPT (open-anki-jlpt-decks)
焼ける,やける,"to burn, to be roasted",N4,ja,JLPT (open-anki-jlpt-decks)
君,きみ,you (informal for men),N4,ja,JLPT (open-anki-jlpt-decks)
冷える,ひえる,"to grow cold, to cool down",N4,ja,JLPT (open-anki-jlpt-decks)
点く,つく,"to be started, to be switched on",N4,ja,JLPT (open-anki-jlpt-decks)
この間,このあいだ,"the other day, recently",N4,ja,JLPT (open-anki-jlpt-decks)
格好,かっこう,"appearance, manner, shape, form, posture",N4,ja,JLPT (open-anki-jlpt-decks)
かまう,,"to mind, to care about, to be concerned about",N4,ja,JLPT (open-anki-jlpt-decks)
続ける,つづける,"to continue, to keep up",N4,ja,JLPT (open-anki-jlpt-decks)
落す,おとす,"to drop, to lose",N4,ja,JLPT (open-anki-jlpt-decks)
明日,あす,tomorrow,N4,ja,JLPT (open-anki-jlpt-decks)
出発,しゅっぱつする,departure,N4,ja,JLPT (open-anki-jlpt-decks)
拝見,はいけんする,"(humble) (polite) seeing, look at",N4,ja,JLPT (open-anki-jlpt-decks)
割れる,われる,to break,N4,ja,JLPT (open-anki-jlpt-decks)
背中,せなか,back (of body),N4,ja,JLPT (open-anki-jlpt-decks)
新聞社,しんぶんしゃ,newspaper company,N4,ja,JLPT (open-anki-jlpt-decks)
いじめる,いじめる,"to bully, to torment",N4,ja,JLPT (open-anki-jlpt-decks)
回る、回す,まわる、まわす,"to go around, to revolve",N4,ja,JLPT (open-anki-jlpt-decks)
～君,～くん,"Mr. (junior) ~, master ~",N4,ja,JLPT (open-anki-jlpt-decks)
おっしゃる,おっしゃる,-- honorific expression for いう --,N4,ja,JLPT (open-anki-jlpt-decks)
眠い,ねむい,"sleepy, drowsy",N4,ja,JLPT (open-anki-jlpt-decks)
濡れる,ぬれる,to get wet,N4,ja,JLPT (open-anki-jlpt-decks)
倒れる,たおれる,"to collapse, to break down",N4,ja,JLPT (open-anki-jlpt-decks)
スーパー (マーケット),スーパー (マーケット),supermarket,N4,ja,JLPT (open-anki-jlpt-decks)
アクセサリー,アクセサリー,accessory,N4,ja,JLPT (open-anki-jlpt-decks)
考える,かんがえる,to think (about); to consider,N4,ja,JLPT (open-anki-jlpt-decks)
向かう,むかう,"to face, to go towards",N4,ja,JLPT (open-anki-jlpt-decks)
自由,じゆう,freedom,N4,ja,JLPT (open-anki-jlpt-decks)
仕方,しかた,way (of doing something),N4,ja,JLPT (open-anki-jlpt-decks)
首,くび,neck,N4,ja,JLPT (open-anki-jlpt-decks)
程,ほど,"degree, extent",N4,ja,JLPT (open-anki-jlpt-decks)
代わり,かわり,"substitute, replacement",N4,ja,JLPT (open-anki-jlpt-decks)
失敗,しっぱい,"failure, mistake",N4,ja,JLPT (open-anki-jlpt-decks)
工業,こうぎょう,(manufacturing) industry,N4,ja,JLPT (open-anki-jlpt-decks)
移る,うつる,to move (from a house); to transfer (from a department); to shift,N4,ja,JLPT (open-anki-jlpt-decks)
スーツケース,スーツケース,suitcase,N4,ja,JLPT (open-anki-jlpt-decks)
ひげ,ひげ,beard,N4,ja,JLPT (open-anki-jlpt-decks)
研究室,けんきゅうしつ,the professor's office; laboratory,N4,ja,JLPT (open-anki-jlpt-decks)
工場,こうじょう,factory,N4,ja,JLPT (open-anki-jlpt-decks)
紹介,しょうかい,an introduction,N4,ja,JLPT (open-anki-jlpt-decks)
けれど; けれども,けれど; けれども,"but, although",N4,ja,JLPT (open-anki-jlpt-decks)
舟,ふね,"ship, boat",N4,ja,JLPT (open-anki-jlpt-decks)
動く,うごく,to move,N4,ja,JLPT (open-anki-jlpt-decks)
～(に) ついて,～(に) ついて,"about, concerning",N4,ja,JLPT (open-anki-jlpt-decks)
コンサート,コンサート,concert,N4,ja,JLPT (open-anki-jlpt-decks)
虫,むし,insect,N4,ja,JLPT (open-anki-jlpt-decks)
優しい,やさしい,"kind (person), gentle (person), easy (problem)",N4,ja,JLPT (open-anki-jlpt-decks)
コンピュータ; コンピューター,コンピュータ; コンピューター,computer,N4,ja,JLPT (open-anki-jlpt-decks)
植える,うえる,to plant,N4,ja,JLPT (open-anki-jlpt-decks)
両方,りょうほう,"both sides, both parties",N4,ja,JLPT (open-anki-jlpt-decks)
汚れる,よごれる,to become dirty,N4,ja,JLPT (open-anki-jlpt-decks)
水泳,すいえい,swimming,N4,ja,JLPT (open-anki-jlpt-decks)
経験,けいけんする,experience,N4,ja,JLPT (open-anki-jlpt-decks)
勝つ,かつ,to win,N4,ja,JLPT (open-anki-jlpt-decks)
砂,すな,sand,N4,ja,JLPT (open-anki-jlpt-decks)
警察,けいさつ,police; police station,N4,ja,JLPT (open-anki-jlpt-decks)
取り替える,とりかえる,"to exchange, to replace",N4,ja,JLPT (open-anki-jlpt-decks)
急ぐ,いそぐ,"to hurry, to be in a hurry, to rush",N4,ja,JLPT (open-anki-jlpt-decks)
簡単,かんたん,simple,N4,ja,JLPT (open-anki-jlpt-decks)
参る,まいる,humble expression for 行く and 来る,N4,ja,JLPT (open-anki-jlpt-decks)
全然,ぜんぜん,"not at all; wholly, entirely",N4,ja,JLPT (open-anki-jlpt-decks)
特別,とくべつ,special,N4,ja,JLPT (open-anki-jlpt-decks)
復習,ふくしゅう,"review (of lessons), revision",N4,ja,JLPT (open-anki-jlpt-decks)
間に合う,まにあう,to be in time for,N4,ja,JLPT (open-anki-jlpt-decks)
役に立つ,やくにたつ,"to be helpful, to be useful",N4,ja,JLPT (open-anki-jlpt-decks)
もうすぐ,もうすぐ,very soon; in a few moments; days,N4,ja,JLPT (open-anki-jlpt-decks)
真中,まんなか,"middle, center",N4,ja,JLPT (open-anki-jlpt-decks)
戻る,もどる,to return (v.i.); to come back,N4,ja,JLPT (open-anki-jlpt-decks)
研究,けんきゅう,"study, research, investigation",N4,ja,JLPT (open-anki-jlpt-decks)
ケーキ,ケーキ,cake,N4,ja,JLPT (open-anki-jlpt-decks)
草,くさ,grass,N4,ja,JLPT (open-anki-jlpt-decks)
込む,こむ,to be crowded,N4,ja,JLPT (open-anki-jlpt-decks)
この頃,このごろ,"these days, nowadays",N4,ja,JLPT (open-anki-jlpt-decks)
訪ねる,たずねる,to visit,N4,ja,JLPT (open-anki-jlpt-decks)
下げる,さげる,to lower (v.t.); to hang,N4,ja,JLPT (open-anki-jlpt-decks)
花見,はなみ,cherry-blossom viewing,N4,ja,JLPT (open-anki-jlpt-decks)
途中,とちゅう,"on the way, midway",N4,ja,JLPT (open-anki-jlpt-decks)
入院,にゅういんする,hospitalization,N4,ja,JLPT (open-anki-jlpt-decks)
乗り換える,のりかえる,"to transfer (trains), to change (bus, train, etc.)",N4,ja,JLPT (open-anki-jlpt-decks)
別れる,わかれる,"to part from, to separate",N4,ja,JLPT (open-anki-jlpt-decks)
～町,～ちょう,the town of ~,N4,ja,JLPT (open-anki-jlpt-decks)
安全,あんぜん,"safety, security",N4,ja,JLPT (open-anki-jlpt-decks)
看護婦,かんごふ,(female) nurse,N4,ja,JLPT (open-anki-jlpt-decks)
見物,けんぶつ,sightseeing,N4,ja,JLPT (open-anki-jlpt-decks)
相談,そうだんする,consultation,N4,ja,JLPT (open-anki-jlpt-decks)
ガソリンスタンド,ガソリンスタンド,"gas station, service station",N4,ja,JLPT (open-anki-jlpt-decks)
テニス,テニス,tennis,N4,ja,JLPT (open-anki-jlpt-decks)
眠る,ねむる,to sleep,N4,ja,JLPT (open-anki-jlpt-decks)
上がる,あがる,"to rise, to go up",N4,ja,JLPT (open-anki-jlpt-decks)
翻訳,ほんやく,translation,N4,ja,JLPT (open-anki-jlpt-decks)
食事,しょくじする,meal,N4,ja,JLPT (open-anki-jlpt-decks)
お陰,おかげ,thanks or owing to,N4,ja,JLPT (open-anki-jlpt-decks)
娘,むすめ,daughter (humble),N4,ja,JLPT (open-anki-jlpt-decks)
湯,ゆ,hot water,N4,ja,JLPT (open-anki-jlpt-decks)
競争,きょうそう,"competition, contest",N4,ja,JLPT (open-anki-jlpt-decks)
会議,かいぎ,business meeting; conference,N4,ja,JLPT (open-anki-jlpt-decks)
湖,みずうみ,lake,N4,ja,JLPT (open-anki-jlpt-decks)
集まる,あつまる,"to gather (v.i.), to collect",N4,ja,JLPT (open-anki-jlpt-decks)
～にくい,～にくい,difficult to do ~,N4,ja,JLPT (open-anki-jlpt-decks)
生活,せいかつする,"living, life; to live",N4,ja,JLPT (open-anki-jlpt-decks)
糸,いと,thread,N4,ja,JLPT (open-anki-jlpt-decks)
関係,かんけい,"relation(ship), connection",N4,ja,JLPT (open-anki-jlpt-decks)
ピアノ,ピアノ,piano,N4,ja,JLPT (open-anki-jlpt-decks)
～目,～め,"number ~ sequence, ~nd; ~th",N4,ja,JLPT (open-anki-jlpt-decks)
番組,ばんぐみ,broadcast program,N4,ja,JLPT (open-anki-jlpt-decks)
急,きゅう,"urgent, sudden; steep",N4,ja,JLPT (open-anki-jlpt-decks)
棚,たな,"shelves, rack",N4,ja,JLPT (open-anki-jlpt-decks)
木綿,もめん,cotton,N4,ja,JLPT (open-anki-jlpt-decks)
輸出,ゆしゅつする,export,N4,ja,JLPT (open-anki-jlpt-decks)
タイプ,タイプ,"type, style",N4,ja,JLPT (open-anki-jlpt-decks)
すり,すり,pickpocket,N4,ja,JLPT (open-anki-jlpt-decks)
嬉しい,うれしい,to be happy; to be glad,N4,ja,JLPT (open-anki-jlpt-decks)
アルコール,アルコール,alcohol,N4,ja,JLPT (open-anki-jlpt-decks)
ソフト,ソフト,soft; soft hat; software,N4,ja,JLPT (open-anki-jlpt-decks)
神社,じんじゃ,Shinto shrine,N4,ja,JLPT (open-anki-jlpt-decks)
大分,だいぶ,"fairly well, to a large extent, considerably, pretty much",N4,ja,JLPT (open-anki-jlpt-decks)
楽しみ,たのしみ,"pleasure, joy",N4,ja,JLPT (open-anki-jlpt-decks)
趣味,しゅみ,hobby; pastime,N4,ja,JLPT (open-anki-jlpt-decks)
電報,でんぽう,telegram,N4,ja,JLPT (open-anki-jlpt-decks)
家内,かない,(one's own) wife,N4,ja,JLPT (open-anki-jlpt-decks)
指,ゆび,finger,N4,ja,JLPT (open-anki-jlpt-decks)
これから,これから,"from now on, after this",N4,ja,JLPT (open-anki-jlpt-decks)
たまに,たまに,occasionally,N4,ja,JLPT (open-anki-jlpt-decks)
社会,しゃかい,society,N4,ja,JLPT (open-anki-jlpt-decks)
expression,reading,meaning,N5,ja,JLPT (open-anki-jlpt-decks)
ああ,ああ,"Ah!, Oh!",N5,ja,JLPT (open-anki-jlpt-decks)
会う,あう,"to meet, to see",N5,ja,JLPT (open-anki-jlpt-decks)
青,あお,blue,N5,ja,JLPT (open-anki-jlpt-decks)
青い,あおい,blue,N5,ja,JLPT (open-anki-jlpt-decks)
赤,あか,red,N5,ja,JLPT (open-anki-jlpt-decks)
赤い,あかい,red,N5,ja,JLPT (open-anki-jlpt-decks)
明るい,あかるい,bright (in reference to personality or weather); cheerful,N5,ja,JLPT (open-anki-jlpt-decks)
秋,あき,fall (season),N5,ja,JLPT (open-anki-jlpt-decks)
開く,あく,"to open, to become open",N5,ja,JLPT (open-anki-jlpt-decks)
開ける,あける,to open (v.t.),N5,ja,JLPT (open-anki-jlpt-decks)
上げる,あげる,"to raise, to lift",N5,ja,JLPT (open-anki-jlpt-decks)
朝,あさ,morning,N5,ja,JLPT (open-anki-jlpt-decks)
朝御飯,あさごはん,breakfast,N5,ja,JLPT (open-anki-jlpt-decks)
明後日,あさって,day after tomorrow,N5,ja,JLPT (open-anki-jlpt-decks)
足; 脚,あし,foot; leg,N5,ja,JLPT (open-anki-jlpt-decks)
明日,あした,tomorrow,N5,ja,JLPT (open-anki-jlpt-decks)
あそこ,あそこ,"there, over there, that place",N5,ja,JLPT (open-anki-jlpt-decks)
遊ぶ,あそぶ,to play; to spend time pleasantly; to hang out,N5,ja,JLPT (open-anki-jlpt-decks)
暖かい,あたたかい,warm,N5,ja,JLPT (open-anki-jlpt-decks)
頭,あたま,head,N5,ja,JLPT (open-anki-jlpt-decks)
新しい,あたらしい,new,N5,ja,JLPT (open-anki-jlpt-decks)
あちら,あちら,this way (polite),N5,ja,JLPT (open-anki-jlpt-decks)
暑い,あつい,"hot (in reference to weather), warm",N5,ja,JLPT (open-anki-jlpt-decks)
熱い,あつい,hot (objects),N5,ja,JLPT (open-anki-jlpt-decks)
厚い,あつい,"kind, warm(hearted), thick, deep",N5,ja,JLPT (open-anki-jlpt-decks)
あっち,あっち,over there,N5,ja,JLPT (open-anki-jlpt-decks)
後,あと,afterwards (later); in the future; the rest; since then,N5,ja,JLPT (open-anki-jlpt-decks)
あなた,あなた,you,N5,ja,JLPT (open-anki-jlpt-decks)
兄,あに,(my) older brother (humble),N5,ja,JLPT (open-anki-jlpt-decks)
姉,あね,(my) older sister (humble),N5,ja,JLPT (open-anki-jlpt-decks)
アパート,アパート,apartment (abbr.),N5,ja,JLPT (open-anki-jlpt-decks)
あの,あの,"that over there; like that, that way; um...",N5,ja,JLPT (open-anki-jlpt-decks)
浴びる,あびる,"to bathe, to shower",N5,ja,JLPT (open-anki-jlpt-decks)
危ない,あぶない,"dangerous, critical",N5,ja,JLPT (open-anki-jlpt-decks)
甘い,あまい,"generous, sweet",N5,ja,JLPT (open-anki-jlpt-decks)
余り,あまり,not very; surplus,N5,ja,JLPT (open-anki-jlpt-decks)
雨,あめ,rain,N5,ja,JLPT (open-anki-jlpt-decks)
飴,あめ,(hard) candy,N5,ja,JLPT (open-anki-jlpt-decks)
洗う,あらう,to wash,N5,ja,JLPT (open-anki-jlpt-decks)
在る,ある,"to be, to have",N5,ja,JLPT (open-anki-jlpt-decks)
有る,ある,"to be, to have",N5,ja,JLPT (open-anki-jlpt-decks)
歩く,あるく,to walk,N5,ja,JLPT (open-anki-jlpt-decks)
あれ,あれ,that one (over there),N5,ja,JLPT (open-anki-jlpt-decks)
いい; よい,いい; よい,good,N5,ja,JLPT (open-anki-jlpt-decks)
いいえ,いいえ,"no, not at all",N5,ja,JLPT (open-anki-jlpt-decks)
言う,いう,to say,N5,ja,JLPT (open-anki-jlpt-decks)
家,いえ,"house, home",N5,ja,JLPT (open-anki-jlpt-decks)
いかが,いかが,"how, in what way",N5,ja,JLPT (open-anki-jlpt-decks)
行く,いく; ゆく,to go,N5,ja,JLPT (open-anki-jlpt-decks)
いくつ,いくつ,"how many, how old",N5,ja,JLPT (open-anki-jlpt-decks)
いくら,いくら,"how much, how many",N5,ja,JLPT (open-anki-jlpt-decks)
池,いけ,pond,N5,ja,JLPT (open-anki-jlpt-decks)
医者,いしゃ,doctor; physician,N5,ja,JLPT (open-anki-jlpt-decks)
椅子,いす,chair,N5,ja,JLPT (open-anki-jlpt-decks)
忙しい,いそがしい,"busy (people, days)",N5,ja,JLPT (open-anki-jlpt-decks)
痛い,いたい,hurt; painful; sore,N5,ja,JLPT (open-anki-jlpt-decks)
一,いち,one,N5,ja,JLPT (open-anki-jlpt-decks)
一日,いちにち,one day (duration),N5,ja,JLPT (open-anki-jlpt-decks)
一番,いちばん,"best (most), first, number one",N5,ja,JLPT (open-anki-jlpt-decks)
いつ,いつ,when,N5,ja,JLPT (open-anki-jlpt-decks)
五日,いつか,five days; fifth day of the month,N5,ja,JLPT (open-anki-jlpt-decks)
一緒,いっしょ,together,N5,ja,JLPT (open-anki-jlpt-decks)
五つ,いつつ,five things,N5,ja,JLPT (open-anki-jlpt-decks)
いつも,いつも,"always, usually, every time, never (with neg. verb)",N5,ja,JLPT (open-anki-jlpt-decks)
犬,いぬ,dog,N5,ja,JLPT (open-anki-jlpt-decks)
今,いま,now,N5,ja,JLPT (open-anki-jlpt-decks)
意味,いみ,"meaning, significance",N5,ja,JLPT (open-anki-jlpt-decks)
妹,いもうと,younger sister (humble),N5,ja,JLPT (open-anki-jlpt-decks)
嫌,いや,"disagreeable, detestable, unpleasant",N5,ja,JLPT (open-anki-jlpt-decks)
入口,いりぐち,entrance,N5,ja,JLPT (open-anki-jlpt-decks)
居る,いる,"(humble) to be (animate), to exist",N5,ja,JLPT (open-anki-jlpt-decks)
要る,いる,to need,N5,ja,JLPT (open-anki-jlpt-decks)
入れる,いれる,to put in,N5,ja,JLPT (open-anki-jlpt-decks)
色,いろ,color,N5,ja,JLPT (open-anki-jlpt-decks)
色々,いろいろ,various,N5,ja,JLPT (open-anki-jlpt-decks)
上,うえ,"above (up, top, etc.), over, on top of",N5,ja,JLPT (open-anki-jlpt-decks)
後ろ,うしろ,"back, behind, rear",N5,ja,JLPT (open-anki-jlpt-decks)
薄い,うすい,"thin, weak",N5,ja,JLPT (open-anki-jlpt-decks)
歌,うた,a song,N5,ja,JLPT (open-anki-jlpt-decks)
歌う,うたう,to sing,N5,ja,JLPT (open-anki-jlpt-decks)
うち,うち,home; house; my place,N5,ja,JLPT (open-anki-jlpt-decks)
生まれる,うまれる,to be born,N5,ja,JLPT (open-anki-jlpt-decks)
海,うみ,"sea, beach",N5,ja,JLPT (open-anki-jlpt-decks)
売る,うる,to sell (v.t.),N5,ja,JLPT (open-anki-jlpt-decks)
うるさい,うるさい,noisy; annoying,N5,ja,JLPT (open-anki-jlpt-decks)
上着,うわぎ,"coat, jacket",N5,ja,JLPT (open-anki-jlpt-decks)
絵,え,a painting; a picture; a drawing,N5,ja,JLPT (open-anki-jlpt-decks)
映画,えいが,"movie, film",N5,ja,JLPT (open-anki-jlpt-decks)
映画館,えいがかん,"movie theater, cinema",N5,ja,JLPT (open-anki-jlpt-decks)
英語,えいご,English (language),N5,ja,JLPT (open-anki-jlpt-decks)
ええ,ええ,yes,N5,ja,JLPT (open-anki-jlpt-decks)
駅,えき,station,N5,ja,JLPT (open-anki-jlpt-decks)
エレベーター,エレベーター,elevator,N5,ja,JLPT (open-anki-jlpt-decks)
～円,～えん,Yen,N5,ja,JLPT (open-anki-jlpt-decks)
鉛筆,えんぴつ,pencil,N5,ja,JLPT (open-anki-jlpt-decks)
お～,お～,honorable ~ (honorific),N5,ja,JLPT (open-anki-jlpt-decks)
美味しい,おいしい,"delicious, tasty",N5,ja,JLPT (open-anki-jlpt-decks)
多い,おおい,many; there are a lot,N5,ja,JLPT (open-anki-jlpt-decks)
大きい,おおきい,"big, large",N5,ja,JLPT (open-anki-jlpt-decks)
大きな,おおきな,big,N5,ja,JLPT (open-anki-jlpt-decks)
大勢,おおぜい,great number of people,N5,ja,JLPT (open-anki-jlpt-decks)
お母さん,おかあさん,mother (formal),N5,ja,JLPT (open-anki-jlpt-decks)
お菓子,おかし,"confections, sweets, snack",N5,ja,JLPT (open-anki-jlpt-decks)
お金,おかね,money,N5,ja,JLPT (open-anki-jlpt-decks)
起きる,おきる,"to get up (e.g., from sleeping); to happen",N5,ja,JLPT (open-anki-jlpt-decks)
置く,おく,to put; to lay; to place,N5,ja,JLPT (open-anki-jlpt-decks)
奥さん,おくさん,(someone else's) wife (hon.),N5,ja,JLPT (open-anki-jlpt-decks)
お酒,おさけ,sake; alcohol,N5,ja,JLPT (open-anki-jlpt-decks)
お皿,おさら,"plate, dish",N5,ja,JLPT (open-anki-jlpt-decks)
伯父; 叔父さん,おじさん,"uncle, middle-aged man",N5,ja,JLPT (open-anki-jlpt-decks)
おじいさん,おじいさん,"grandfather, male senior citizen",N5,ja,JLPT (open-anki-jlpt-decks)
教える,おしえる,"to teach, to inform, to instruct",N5,ja,JLPT (open-anki-jlpt-decks)
押す,おす,"to push, to press, to stamp (e.g., a passport)",N5,ja,JLPT (open-anki-jlpt-decks)
遅い,おそい,slow; (to be) late,N5,ja,JLPT (open-anki-jlpt-decks)
お茶,おちゃ,(green) tea,N5,ja,JLPT (open-anki-jlpt-decks)
お手洗い,おてあらい,"toilet, restroom, bathroom (lit., a place to wash one's hands)",N5,ja,JLPT (open-anki-jlpt-decks)
お父さん,おとうさん,father (formal),N5,ja,JLPT (open-anki-jlpt-decks)
弟,おとうと,younger brother,N5,ja,JLPT (open-anki-jlpt-decks)
男,おとこ,"man, male",N5,ja,JLPT (open-anki-jlpt-decks)
男の子,おとこのこ,boy,N5,ja,JLPT (open-anki-jlpt-decks)
一昨日,おととい,the day before yesterday,N5,ja,JLPT (open-anki-jlpt-decks)
おととし,おととし,year before last,N5,ja,JLPT (open-anki-jlpt-decks)
大人,おとな,adult,N5,ja,JLPT (open-anki-jlpt-decks)
お腹,おなか,stomach,N5,ja,JLPT (open-anki-jlpt-decks)
同じ,おなじ,"same, identical",N5,ja,JLPT (open-anki-jlpt-decks)
お兄さん,おにいさん,(someone else's) older brother (formal),N5,ja,JLPT (open-anki-jlpt-decks)
お姉さん,おねえさん,older sister (formal),N5,ja,JLPT (open-anki-jlpt-decks)
伯母さん; 叔母さん,おばさん,aunt,N5,ja,JLPT (open-anki-jlpt-decks)
おばあさん,おばあさん,"grandmother, female senior-citizen",N5,ja,JLPT (open-anki-jlpt-decks)
お風呂,おふろ,a bath,N5,ja,JLPT (open-anki-jlpt-decks)
お弁当,おべんとう,a boxed lunch,N5,ja,JLPT (open-anki-jlpt-decks)
覚える,おぼえる,"to learn, to commit to memory, to remember, to memorize",N5,ja,JLPT (open-anki-jlpt-decks)
おまわりさん,おまわりさん,policeman (friendly term),N5,ja,JLPT (open-anki-jlpt-decks)
重い,おもい,heavy; serious,N5,ja,JLPT (open-anki-jlpt-decks)
面白い,おもしろい,"interesting, amusing",N5,ja,JLPT (open-anki-jlpt-decks)
泳ぐ,およぐ,to swim,N5,ja,JLPT (open-anki-jlpt-decks)
降りる,おりる,to get off,N5,ja,JLPT (open-anki-jlpt-decks)
終る,おわる,"to finish, to close",N5,ja,JLPT (open-anki-jlpt-decks)
音楽,おんがく,Music,N5,ja,JLPT (open-anki-jlpt-decks)
女,おんな,"woman, female",N5,ja,JLPT (open-anki-jlpt-decks)
女の子,おんなのこ,girl,N5,ja,JLPT (open-anki-jlpt-decks)
～回,～かい,counter for occurrences (~ times),N5,ja,JLPT (open-anki-jlpt-decks)
～階,～かい,counter for stories (floors) of a building,N5,ja,JLPT (open-anki-jlpt-decks)
外国,がいこく,foreign country; abroad,N5,ja,JLPT (open-anki-jlpt-decks)
外国人,がいこくじん,foreigner,N5,ja,JLPT (open-anki-jlpt-decks)
会社,かいしゃ,"company, corporation",N5,ja,JLPT (open-anki-jlpt-decks)
階段,かいだん,stairs,N5,ja,JLPT (open-anki-jlpt-decks)
買い物,かいもの,shopping,N5,ja,JLPT (open-anki-jlpt-decks)
買う,かう,to buy,N5,ja,JLPT (open-anki-jlpt-decks)
返す,かえす,to return something,N5,ja,JLPT (open-anki-jlpt-decks)
帰る,かえる,"to go back, to go home, to return",N5,ja,JLPT (open-anki-jlpt-decks)
顔,かお,face (body part),N5,ja,JLPT (open-anki-jlpt-decks)
かかる,かかる,"it takes (amount of time, money) (v.i.)",N5,ja,JLPT (open-anki-jlpt-decks)
鍵,かぎ,a lock; a key,N5,ja,JLPT (open-anki-jlpt-decks)
書く,かく,to write,N5,ja,JLPT (open-anki-jlpt-decks)
学生,がくせい,student,N5,ja,JLPT (open-anki-jlpt-decks)
～か月,～かげつ,(number of) months,N5,ja,JLPT (open-anki-jlpt-decks)
掛ける,かける,"to put on (e.g., glasses); to hang (e.g., on a wall)",N5,ja,JLPT (open-anki-jlpt-decks)
かける,かける,"to dial/call (e.g., phone); to sit down",N5,ja,JLPT (open-anki-jlpt-decks)
傘,かさ,"umbrella, parasol",N5,ja,JLPT (open-anki-jlpt-decks)
貸す,かす,to lend,N5,ja,JLPT (open-anki-jlpt-decks)
風,かぜ,"wind, breeze",N5,ja,JLPT (open-anki-jlpt-decks)
風邪,かぜ,"cold, flu",N5,ja,JLPT (open-anki-jlpt-decks)
方,かた,-- honorific form for 人 (ひと) --; way of doing,N5,ja,JLPT (open-anki-jlpt-decks)
家族,かぞく,"family, members of a family",N5,ja,JLPT (open-anki-jlpt-decks)
片仮名,かたかな,katakana,N5,ja,JLPT (open-anki-jlpt-decks)
～月,～がつ,month of year,N5,ja,JLPT (open-anki-jlpt-decks)
学校,がっこう,a school,N5,ja,JLPT (open-anki-jlpt-decks)
カップ,カップ,cup,N5,ja,JLPT (open-anki-jlpt-decks)
家庭,かてい,home; family,N5,ja,JLPT (open-anki-jlpt-decks)
角,かど,"corner (e.g., desk, pavement)",N5,ja,JLPT (open-anki-jlpt-decks)
かばん,かばん,"bag, basket",N5,ja,JLPT (open-anki-jlpt-decks)
花瓶,かびん,(flower) vase,N5,ja,JLPT (open-anki-jlpt-decks)
かぶる,かぶる,"to wear, to put on (e.g., a hat on the head)",N5,ja,JLPT (open-anki-jlpt-decks)
紙,かみ,paper,N5,ja,JLPT (open-anki-jlpt-decks)
カメラ,カメラ,camera,N5,ja,JLPT (open-anki-jlpt-decks)
火曜日,かようび,Tuesday,N5,ja,JLPT (open-anki-jlpt-decks)
辛い,からい,hot and spicy; salty,N5,ja,JLPT (open-anki-jlpt-decks)
体,からだ,body; health,N5,ja,JLPT (open-anki-jlpt-decks)
借りる,かりる,"to borrow, to owe",N5,ja,JLPT (open-anki-jlpt-decks)
～がる,～がる,feel,N5,ja,JLPT (open-anki-jlpt-decks)
軽い,かるい,"light, non-serious, minor",N5,ja,JLPT (open-anki-jlpt-decks)
カレー,カレー,curry (abbr. for curry and rice),N5,ja,JLPT (open-anki-jlpt-decks)
カレンダー,カレンダー,calendar,N5,ja,JLPT (open-anki-jlpt-decks)
川; 河,かわ,river,N5,ja,JLPT (open-anki-jlpt-decks)
～側,～がわ,~ side,N5,ja,JLPT (open-anki-jlpt-decks)
可愛い,かわいい,"cute, adorable",N5,ja,JLPT (open-anki-jlpt-decks)
漢字,かんじ,kanji; Chinese character,N5,ja,JLPT (open-anki-jlpt-decks)
木,き,"tree, wood, timber",N5,ja,JLPT (open-anki-jlpt-decks)
黄色,きいろ,yellow,N5,ja,JLPT (open-anki-jlpt-decks)
黄色い,きいろい,yellow,N5,ja,JLPT (open-anki-jlpt-decks)
消える,きえる,"to vanish, to disappear",N5,ja,JLPT (open-anki-jlpt-decks)
聞く,きく,"to hear, to listen, to ask",N5,ja,JLPT (open-anki-jlpt-decks)
北,きた,north,N5,ja,JLPT (open-anki-jlpt-decks)
ギター,ギター,guitar,N5,ja,JLPT (open-anki-jlpt-decks)
汚い,きたない,"dirty, unclean, filthy",N5,ja,JLPT (open-anki-jlpt-decks)
喫茶店,きっさてん,café,N5,ja,JLPT (open-anki-jlpt-decks)
切手,きって,postal (postage) stamps,N5,ja,JLPT (open-anki-jlpt-decks)
切符,きっぷ,a ticket,N5,ja,JLPT (open-anki-jlpt-decks)
昨日,きのう,yesterday,N5,ja,JLPT (open-anki-jlpt-decks)
九,きゅう,nine,N5,ja,JLPT (open-anki-jlpt-decks)
牛肉,ぎゅうにく,beef,N5,ja,JLPT (open-anki-jlpt-decks)
牛乳,ぎゅうにゅう,milk,N5,ja,JLPT (open-anki-jlpt-decks)
今日,きょう,"today, this day",N5,ja,JLPT (open-anki-jlpt-decks)
教室,きょうしつ,classroom,N5,ja,JLPT (open-anki-jlpt-decks)
兄弟,きょうだい,"siblings (humble), brothers and sisters",N5,ja,JLPT (open-anki-jlpt-decks)
去年,きょねん,last year,N5,ja,JLPT (open-anki-jlpt-decks)
嫌い,きらい,dislike,N5,ja,JLPT (open-anki-jlpt-decks)
切る,きる,to cut; to hang up (a phone),N5,ja,JLPT (open-anki-jlpt-decks)
着る,きる,to put on (clothes above your waist); to wear,N5,ja,JLPT (open-anki-jlpt-decks)
綺麗,きれい,"pretty, clean, tidy",N5,ja,JLPT (open-anki-jlpt-decks)
キロ; キログラム,キロ; キログラム,(abbr.) kilo (kilogram),N5,ja,JLPT (open-anki-jlpt-decks)
キロ; キロメートル,キロ; キロメートル,(abbr.) kilo (kilometer),N5,ja,JLPT (open-anki-jlpt-decks)
銀行,ぎんこう,bank,N5,ja,JLPT (open-anki-jlpt-decks)
金曜日,きんようび,Friday,N5,ja,JLPT (open-anki-jlpt-decks)
九,く,nine,N5,ja,JLPT (open-anki-jlpt-decks)
薬,くすり,medicine,N5,ja,JLPT (open-anki-jlpt-decks)
下さい,ください,(with te-form verb) please do for me,N5,ja,JLPT (open-anki-jlpt-decks)
果物,くだもの,fruit,N5,ja,JLPT (open-anki-jlpt-decks)
口,くち,job opening; mouth,N5,ja,JLPT (open-anki-jlpt-decks)
靴,くつ,"shoes, footwear",N5,ja,JLPT (open-anki-jlpt-decks)
靴下,くつした,socks,N5,ja,JLPT (open-anki-jlpt-decks)
国,くに,country; place of origin,N5,ja,JLPT (open-anki-jlpt-decks)
曇り,くもり,"cloudiness, cloudy weather",N5,ja,JLPT (open-anki-jlpt-decks)
曇る,くもる,"to become cloudy, to become dim",N5,ja,JLPT (open-anki-jlpt-decks)
暗い,くらい,"dark, gloomy",N5,ja,JLPT (open-anki-jlpt-decks)
～くらい; ぐらい,～くらい; ぐらい,approximate (quantity),N5,ja,JLPT (open-anki-jlpt-decks)
クラス,クラス,a class,N5,ja,JLPT (open-anki-jlpt-decks)
グラム,グラム,gram,N5,ja,JLPT (open-anki-jlpt-decks)
来る,くる,to come,N5,ja,JLPT (open-anki-jlpt-decks)
車,くるま,"car, vehicle",N5,ja,JLPT (open-anki-jlpt-decks)
黒,くろ,black,N5,ja,JLPT (open-anki-jlpt-decks)
黒い,くろい,black; dark,N5,ja,JLPT (open-anki-jlpt-decks)
警官,けいかん,police officer,N5,ja,JLPT (open-anki-jlpt-decks)
今朝,けさ,this morning,N5,ja,JLPT (open-anki-jlpt-decks)
消す,けす,"to erase, to delete, to turn off power",N5,ja,JLPT (open-anki-jlpt-decks)
結構,けっこう,"splendid; enough, tolerably",N5,ja,JLPT (open-anki-jlpt-decks)
結婚,けっこん (する),marriage (get married),N5,ja,JLPT (open-anki-jlpt-decks)
月曜日,げつようび,Monday,N5,ja,JLPT (open-anki-jlpt-decks)
玄関,げんかん,entrance (to a house or a building),N5,ja,JLPT (open-anki-jlpt-decks)
元気,げんき,"health(y), energetic",N5,ja,JLPT (open-anki-jlpt-decks)
～個,～こ,"counter for small items (e.g., fruits, cups)",N5,ja,JLPT (open-anki-jlpt-decks)
五,ご,five,N5,ja,JLPT (open-anki-jlpt-decks)
～語,～ご,"word, language",N5,ja,JLPT (open-anki-jlpt-decks)
公園,こうえん,a park,N5,ja,JLPT (open-anki-jlpt-decks)
交差点,こうさてん,intersection,N5,ja,JLPT (open-anki-jlpt-decks)
紅茶,こうちゃ,black tea,N5,ja,JLPT (open-anki-jlpt-decks)
交番,こうばん,police box,N5,ja,JLPT (open-anki-jlpt-decks)
声,こえ,voice,N5,ja,JLPT (open-anki-jlpt-decks)
コート,コート,"coat; court (e.g., tennis)",N5,ja,JLPT (open-anki-jlpt-decks)
コーヒー,コーヒー,coffee,N5,ja,JLPT (open-anki-jlpt-decks)
ここ,ここ,"here, this place",N5,ja,JLPT (open-anki-jlpt-decks)
午後,ごご,"afternoon, P.M.",N5,ja,JLPT (open-anki-jlpt-decks)
九日,ここのか,nine days; ninth day of the month,N5,ja,JLPT (open-anki-jlpt-decks)
九つ,ここのつ,nine things,N5,ja,JLPT (open-anki-jlpt-decks)
午前,ごぜん,"morning, A.M.",N5,ja,JLPT (open-anki-jlpt-decks)
答える,こたえる,"to answer, to reply",N5,ja,JLPT (open-anki-jlpt-decks)
こちら,こちら,this person (polite); this way (polite),N5,ja,JLPT (open-anki-jlpt-decks)
こっち,こっち,this person; this direction; this side,N5,ja,JLPT (open-anki-jlpt-decks)
コップ,コップ,a tumbler; a glass,N5,ja,JLPT (open-anki-jlpt-decks)
今年,ことし,this year,N5,ja,JLPT (open-anki-jlpt-decks)
言葉,ことば,language; word(s); expression(s),N5,ja,JLPT (open-anki-jlpt-decks)
子供,こども,child(ren),N5,ja,JLPT (open-anki-jlpt-decks)
この,この,this,N5,ja,JLPT (open-anki-jlpt-decks)
御飯,ごはん,rice (cooked); meal,N5,ja,JLPT (open-anki-jlpt-decks)
コピーする,コピーする,to copy,N5,ja,JLPT (open-anki-jlpt-decks)
困る,こまる,"to be bothered, to have difficulty",N5,ja,JLPT (open-anki-jlpt-decks)
これ,これ,this one,N5,ja,JLPT (open-anki-jlpt-decks)
～ころ; ～ごろ,～ころ; ～ごろ,"about, toward, approximately (time)",N5,ja,JLPT (open-anki-jlpt-decks)
今月,こんげつ,this month,N5,ja,JLPT (open-anki-jlpt-decks)
今週,こんしゅう,this week,N5,ja,JLPT (open-anki-jlpt-decks)
こんな,こんな,"such, like this",N5,ja,JLPT (open-anki-jlpt-decks)
今晩,こんばん,"tonight, this evening",N5,ja,JLPT (open-anki-jlpt-decks)
さあ,さあ,"come now, well",N5,ja,JLPT (open-anki-jlpt-decks)
～歳,～さい,~ years old,N5,ja,JLPT (open-anki-jlpt-decks)
財布,さいふ,wallet,N5,ja,JLPT (open-anki-jlpt-decks)
魚,さかな,fish,N5,ja,JLPT (open-anki-jlpt-decks)
先,さき,"future; recent, previous",N5,ja,JLPT (open-anki-jlpt-decks)
咲く,さく,to bloom,N5,ja,JLPT (open-anki-jlpt-decks)
作文,さくぶん,essay; composition,N5,ja,JLPT (open-anki-jlpt-decks)
差す,さす,"to raise (stretch out) hands, to raise (e.g., umbrella)",N5,ja,JLPT (open-anki-jlpt-decks)
～冊,～さつ,counter for books,N5,ja,JLPT (open-anki-jlpt-decks)
雑誌,ざっし,"magazine, journal",N5,ja,JLPT (open-anki-jlpt-decks)
砂糖,さとう,sugar,N5,ja,JLPT (open-anki-jlpt-decks)
寒い,さむい,cold (in reference to weather),N5,ja,JLPT (open-anki-jlpt-decks)
さ来年,さらいねん,year after next,N5,ja,JLPT (open-anki-jlpt-decks)
～さん,～さん,"Mr. ~, Ms. ~",N5,ja,JLPT (open-anki-jlpt-decks)
三,さん,three,N5,ja,JLPT (open-anki-jlpt-decks)
散歩,さんぽ (する),"walk, stroll",N5,ja,JLPT (open-anki-jlpt-decks)
四,し,four,N5,ja,JLPT (open-anki-jlpt-decks)
～時,～じ,~ o'clock (time),N5,ja,JLPT (open-anki-jlpt-decks)
塩,しお,salt,N5,ja,JLPT (open-anki-jlpt-decks)
しかし,しかし,however; but,N5,ja,JLPT (open-anki-jlpt-decks)
時間,じかん,time,N5,ja,JLPT (open-anki-jlpt-decks)
～時間,～じかん,~ hours,N5,ja,JLPT (open-anki-jlpt-decks)
仕事,しごと,"work, job, occupation, employment",N5,ja,JLPT (open-anki-jlpt-decks)
辞書,じしょ,dictionary,N5,ja,JLPT (open-anki-jlpt-decks)
静か,しずか,"quiet, calm",N5,ja,JLPT (open-anki-jlpt-decks)
下,した,"under, below, beneath",N5,ja,JLPT (open-anki-jlpt-decks)
七,しち,seven,N5,ja,JLPT (open-anki-jlpt-decks)
質問,しつもん,"question, inquiry",N5,ja,JLPT (open-anki-jlpt-decks)
自転車,じてんしゃ,bicycle,N5,ja,JLPT (open-anki-jlpt-decks)
自動車,じどうしゃ,automobile,N5,ja,JLPT (open-anki-jlpt-decks)
死ぬ,しぬ,to die,N5,ja,JLPT (open-anki-jlpt-decks)
字引,じびき,dictionary,N5,ja,JLPT (open-anki-jlpt-decks)
自分,じぶん,"myself, oneself",N5,ja,JLPT (open-anki-jlpt-decks)
閉まる,しまる,"to close, to be closed",N5,ja,JLPT (open-anki-jlpt-decks)
閉める,しめる,"to close, to shut",N5,ja,JLPT (open-anki-jlpt-decks)
締める,しめる,"to tie, to fasten, to tighten",N5,ja,JLPT (open-anki-jlpt-decks)
じゃ; じゃあ,じゃ; じゃあ,"well, well then",N5,ja,JLPT (open-anki-jlpt-decks)
写真,しゃしん,a picture; a photograph,N5,ja,JLPT (open-anki-jlpt-decks)
シャツ,シャツ,shirt,N5,ja,JLPT (open-anki-jlpt-decks)
シャワー,シャワー,shower,N5,ja,JLPT (open-anki-jlpt-decks)
十,じゅう,ten,N5,ja,JLPT (open-anki-jlpt-decks)
～中,～じゅう,"during, while",N5,ja,JLPT (open-anki-jlpt-decks)
～週間,～しゅうかん,~ weeks,N5,ja,JLPT (open-anki-jlpt-decks)
授業,じゅぎょう,a class (of school),N5,ja,JLPT (open-anki-jlpt-decks)
宿題,しゅくだい,homework,N5,ja,JLPT (open-anki-jlpt-decks)
上手,じょうず,"be good at, skillful",N5,ja,JLPT (open-anki-jlpt-decks)
丈夫,じょうぶ,"strong, solid, durable",N5,ja,JLPT (open-anki-jlpt-decks)
醤油,しょうゆ,soy sauce,N5,ja,JLPT (open-anki-jlpt-decks)
食堂,しょくどう,"cafeteria, dining hall",N5,ja,JLPT (open-anki-jlpt-decks)
知る,しる,"to know, to understand",N5,ja,JLPT (open-anki-jlpt-decks)
白,しろ,white,N5,ja,JLPT (open-anki-jlpt-decks)
白い,しろい,white,N5,ja,JLPT (open-anki-jlpt-decks)
～人,～じん,counter for people,N5,ja,JLPT (open-anki-jlpt-decks)
新聞,しんぶん,newspaper,N5,ja,JLPT (open-anki-jlpt-decks)
水曜日,すいようび,Wednesday,N5,ja,JLPT (open-anki-jlpt-decks)
吸う,すう,"to breathe in, to suck",N5,ja,JLPT (open-anki-jlpt-decks)
スカート,スカート,skirt,N5,ja,JLPT (open-anki-jlpt-decks)
好き,すき,"liking, fondness, love",N5,ja,JLPT (open-anki-jlpt-decks)
～すぎ,～すぎ,"past; to exceed, ~ too much",N5,ja,JLPT (open-anki-jlpt-decks)
少ない,すくない,a little; a few,N5,ja,JLPT (open-anki-jlpt-decks)
すぐに,すぐに,"immediately, soon",N5,ja,JLPT (open-anki-jlpt-decks)
少し,すこし,"little, few",N5,ja,JLPT (open-anki-jlpt-decks)
涼しい,すずしい,"cool, refreshing (in reference to weather)",N5,ja,JLPT (open-anki-jlpt-decks)
～ずつ,～ずつ,at a time,N5,ja,JLPT (open-anki-jlpt-decks)
ストーブ,ストーブ,heater (lit: stove),N5,ja,JLPT (open-anki-jlpt-decks)
スプーン,スプーン,spoon,N5,ja,JLPT (open-anki-jlpt-decks)
スポーツ,スポーツ,sport(s),N5,ja,JLPT (open-anki-jlpt-decks)
ズボン,ズボン,trousers,N5,ja,JLPT (open-anki-jlpt-decks)
住む,すむ,"to reside, to live in",N5,ja,JLPT (open-anki-jlpt-decks)
する,する,"to do, to try; to wear small items (e.g., necktie, watch, etc.)",N5,ja,JLPT (open-anki-jlpt-decks)
座る,すわる,to sit,N5,ja,JLPT (open-anki-jlpt-decks)
背,せい,"(one's) height, stature",N5,ja,JLPT (open-anki-jlpt-decks)
生徒,せいと,student; pupil,N5,ja,JLPT (open-anki-jlpt-decks)
セーター,セーター,sweater,N5,ja,JLPT (open-anki-jlpt-decks)
石鹸,せっけん,soap,N5,ja,JLPT (open-anki-jlpt-decks)
背広,せびろ,men's suit,N5,ja,JLPT (open-anki-jlpt-decks)
狭い,せまい,narrow; not spacious,N5,ja,JLPT (open-anki-jlpt-decks)
ゼロ,ゼロ,zero,N5,ja,JLPT (open-anki-jlpt-decks)
千,せん,thousand,N5,ja,JLPT (open-anki-jlpt-decks)
先月,せんげつ,last month,N5,ja,JLPT (open-anki-jlpt-decks)
先週,せんしゅう,last week,N5,ja,JLPT (open-anki-jlpt-decks)
先生,せんせい,"teacher, professor; master; doctor",N5,ja,JLPT (open-anki-jlpt-decks)
洗濯,せんたく,"washing, laundry",N5,ja,JLPT (open-anki-jlpt-decks)
全部,ぜんぶ,"all, entire, whole",N5,ja,JLPT (open-anki-jlpt-decks)
そう; そうです,そう; そうです,"yes; appears, to be the case",N5,ja,JLPT (open-anki-jlpt-decks)
掃除,そうじ (する),"cleaning, sweeping",N5,ja,JLPT (open-anki-jlpt-decks)
そうして; そして,そうして; そして,"and, like that",N5,ja,JLPT (open-anki-jlpt-decks)
そこ,そこ,"that place, there; bottom, sole",N5,ja,JLPT (open-anki-jlpt-decks)
そちら,そちら,over there,N5,ja,JLPT (open-anki-jlpt-decks)
そっち,そっち,over there,N5,ja,JLPT (open-anki-jlpt-decks)
外,そと,"outside, exterior",N5,ja,JLPT (open-anki-jlpt-decks)
その,その,that,N5,ja,JLPT (open-anki-jlpt-decks)
そば,そば,"near, close, beside; Japanese traditional buckwheat noodle",N5,ja,JLPT (open-anki-jlpt-decks)
空,そら,sky,N5,ja,JLPT (open-anki-jlpt-decks)
それ,それ,that one,N5,ja,JLPT (open-anki-jlpt-decks)
それから,それから,"and then, after that",N5,ja,JLPT (open-anki-jlpt-decks)
それでは,それでは,"in that situation, well then...",N5,ja,JLPT (open-anki-jlpt-decks)
～台,～だい,counter for vehicles; machines,N5,ja,JLPT (open-anki-jlpt-decks)
大学,だいがく,college; university,N5,ja,JLPT (open-anki-jlpt-decks)
大使館,たいしかん,embassy,N5,ja,JLPT (open-anki-jlpt-decks)
大丈夫,だいじょうぶ,It's ok (all right); No need to worry; Everything is under control,N5,ja,JLPT (open-anki-jlpt-decks)
大好き,だいすき,"very like-able, like very much",N5,ja,JLPT (open-anki-jlpt-decks)
大切,たいせつ,important,N5,ja,JLPT (open-anki-jlpt-decks)
台所,だいどころ,kitchen,N5,ja,JLPT (open-anki-jlpt-decks)
大変,たいへん,"very; difficult, hard",N5,ja,JLPT (open-anki-jlpt-decks)
高い,たかい,"tall, high; expensive",N5,ja,JLPT (open-anki-jlpt-decks)
～だけ,～だけ,"only ~, just ~, as ~",N5,ja,JLPT (open-anki-jlpt-decks)
沢山,たくさん,"many, much",N5,ja,JLPT (open-anki-jlpt-decks)
タクシー,タクシー,taxi,N5,ja,JLPT (open-anki-jlpt-decks)
出す,だす,to take (something) out; to hand in (something),N5,ja,JLPT (open-anki-jlpt-decks)
～たち,～たち,plural suffix,N5,ja,JLPT (open-anki-jlpt-decks)
立つ,たつ,to stand up,N5,ja,JLPT (open-anki-jlpt-decks)
たて,たて,"length, height",N5,ja,JLPT (open-anki-jlpt-decks)
建物,たてもの,building,N5,ja,JLPT (open-anki-jlpt-decks)
楽しい,たのしい,"enjoyable, fun",N5,ja,JLPT (open-anki-jlpt-decks)
頼む,たのむ,"to request, to ask (a favor)",N5,ja,JLPT (open-anki-jlpt-decks)
たばこ,たばこ,"tobacco, cigarettes",N5,ja,JLPT (open-anki-jlpt-decks)
多分,たぶん,"perhaps, probably, maybe",N5,ja,JLPT (open-anki-jlpt-decks)
食べ物,たべもの,food,N5,ja,JLPT (open-anki-jlpt-decks)
食べる,たべる,to eat,N5,ja,JLPT (open-anki-jlpt-decks)
卵,たまご,egg,N5,ja,JLPT (open-anki-jlpt-decks)
誰,だれ,who,N5,ja,JLPT (open-anki-jlpt-decks)
誰か,だれか,someone,N5,ja,JLPT (open-anki-jlpt-decks)
誕生日,たんじょうび,birthday,N5,ja,JLPT (open-anki-jlpt-decks)
段々,だんだん,"gradually, by degrees",N5,ja,JLPT (open-anki-jlpt-decks)
小さい,ちいさい,"small, little",N5,ja,JLPT (open-anki-jlpt-decks)
小さな,ちいさな,"small, little",N5,ja,JLPT (open-anki-jlpt-decks)
近い,ちかい,"near, close by, short",N5,ja,JLPT (open-anki-jlpt-decks)
違う,ちがう,to be different; to differ; wrong,N5,ja,JLPT (open-anki-jlpt-decks)
近く,ちかく,nearby; in the neighborhood,N5,ja,JLPT (open-anki-jlpt-decks)
地下鉄,ちかてつ,"underground train, subway",N5,ja,JLPT (open-anki-jlpt-decks)
地図,ちず,a map,N5,ja,JLPT (open-anki-jlpt-decks)
父,ちち,(my) father,N5,ja,JLPT (open-anki-jlpt-decks)
茶色,ちゃいろ,brown,N5,ja,JLPT (open-anki-jlpt-decks)
茶碗,ちゃわん,rice bowl,N5,ja,JLPT (open-anki-jlpt-decks)
～中,～ちゅう,"during, while ~ing",N5,ja,JLPT (open-anki-jlpt-decks)
丁度,ちょうど,"just, right, exactly",N5,ja,JLPT (open-anki-jlpt-decks)
ちょっと,ちょっと,"a little, somewhat; just a little, somewhat",N5,ja,JLPT (open-anki-jlpt-decks)
一日,ついたち,one day; first day of the month,N5,ja,JLPT (open-anki-jlpt-decks)
使う,つかう,to use,N5,ja,JLPT (open-anki-jlpt-decks)
疲れる,つかれる,to get (become) tired; to become fatigued,N5,ja,JLPT (open-anki-jlpt-decks)
次,つぎ,next,N5,ja,JLPT (open-anki-jlpt-decks)
着く,つく,"to arrive at, to reach",N5,ja,JLPT (open-anki-jlpt-decks)
机,つくえ,desk,N5,ja,JLPT (open-anki-jlpt-decks)
作る,つくる,"to make, to create",N5,ja,JLPT (open-anki-jlpt-decks)
つける,つける,"to turn on (e.g., a light); to take",N5,ja,JLPT (open-anki-jlpt-decks)
勤める,つとめる,to work (for),N5,ja,JLPT (open-anki-jlpt-decks)
つまらない,つまらない,"boring, dull; insignificant",N5,ja,JLPT (open-anki-jlpt-decks)
冷たい,つめたい,"cold (things, people)",N5,ja,JLPT (open-anki-jlpt-decks)
強い,つよい,"strong, powerful",N5,ja,JLPT (open-anki-jlpt-decks)
手,て,hand,N5,ja,JLPT (open-anki-jlpt-decks)
テープ,テープ,tape,N5,ja,JLPT (open-anki-jlpt-decks)
テープレコーダー,テープレコーダー,tape recorder,N5,ja,JLPT (open-anki-jlpt-decks)
テーブル,テーブル,table,N5,ja,JLPT (open-anki-jlpt-decks)
出かける,でかける,to go out; to depart,N5,ja,JLPT (open-anki-jlpt-decks)
手紙,てがみ,letter,N5,ja,JLPT (open-anki-jlpt-decks)
できる,できる,to be able to (to accomplish),N5,ja,JLPT (open-anki-jlpt-decks)
出口,でぐち,an exit,N5,ja,JLPT (open-anki-jlpt-decks)
テスト,テスト,test,N5,ja,JLPT (open-anki-jlpt-decks)
では,では,"then, well, so",N5,ja,JLPT (open-anki-jlpt-decks)
デパート,デパート,(abbr.) department store,N5,ja,JLPT (open-anki-jlpt-decks)
でも,でも,"but, however",N5,ja,JLPT (open-anki-jlpt-decks)
出る,でる,"to appear, to leave",N5,ja,JLPT (open-anki-jlpt-decks)
テレビ,テレビ,"television, TV",N5,ja,JLPT (open-anki-jlpt-decks)
天気,てんき,weather,N5,ja,JLPT (open-anki-jlpt-decks)
電気,でんき,"electricity, (electric) light",N5,ja,JLPT (open-anki-jlpt-decks)
電車,でんしゃ,electric train,N5,ja,JLPT (open-anki-jlpt-decks)
電話,でんわ,a telephone,N5,ja,JLPT (open-anki-jlpt-decks)
戸,と,door (Japanese style),N5,ja,JLPT (open-anki-jlpt-decks)
～度,～ど,counter for occurrences; ~ degree; ~ point,N5,ja,JLPT (open-anki-jlpt-decks)
ドア,ドア,door (Western style),N5,ja,JLPT (open-anki-jlpt-decks)
トイレ,トイレ,bathroom; toilet,N5,ja,JLPT (open-anki-jlpt-decks)
どう,どう,"how, in what way",N5,ja,JLPT (open-anki-jlpt-decks)
どうして,どうして,"why, for what reason",N5,ja,JLPT (open-anki-jlpt-decks)
どうぞ,どうぞ,"please, kindly, by all means",N5,ja,JLPT (open-anki-jlpt-decks)
動物,どうぶつ,animal,N5,ja,JLPT (open-anki-jlpt-decks)
どうも,どうも,Thank you; somehow; no matter how hard one may try,N5,ja,JLPT (open-anki-jlpt-decks)
十,(〜を) とお,ten (~),N5,ja,JLPT (open-anki-jlpt-decks)
遠い,とおい,"far (away), distant",N5,ja,JLPT (open-anki-jlpt-decks)
十日,とおか,ten days; tenth day of the month,N5,ja,JLPT (open-anki-jlpt-decks)
～時,～とき,at the time of ~,N5,ja,JLPT (open-anki-jlpt-decks)
時々,ときどき,sometimes,N5,ja,JLPT (open-anki-jlpt-decks)
時計,とけい,a watch; a clock,N5,ja,JLPT (open-anki-jlpt-decks)
どこ,どこ,"where, what place",N5,ja,JLPT (open-anki-jlpt-decks)
所,ところ,place,N5,ja,JLPT (open-anki-jlpt-decks)
年,とし,"year, age",N5,ja,JLPT (open-anki-jlpt-decks)
図書館,としょかん,library,N5,ja,JLPT (open-anki-jlpt-decks)
どちら,どちら,which (one) (way); where (polite),N5,ja,JLPT (open-anki-jlpt-decks)
どっち,どっち,"which one, which way",N5,ja,JLPT (open-anki-jlpt-decks)
とても,とても,"very (much), greatly, exceedingly",N5,ja,JLPT (open-anki-jlpt-decks)
どなた,どなた,who,N5,ja,JLPT (open-anki-jlpt-decks)
隣,となり,"next to, next door to",N5,ja,JLPT (open-anki-jlpt-decks)
どの,どの,which,N5,ja,JLPT (open-anki-jlpt-decks)
飛ぶ,とぶ,"to fly, to hop",N5,ja,JLPT (open-anki-jlpt-decks)
止まる,とまる,to come to a halt,N5,ja,JLPT (open-anki-jlpt-decks)
友達,ともだち,friend,N5,ja,JLPT (open-anki-jlpt-decks)
土曜日,どようび,Saturday,N5,ja,JLPT (open-anki-jlpt-decks)
鳥,とり,"chicken (lit., bird)",N5,ja,JLPT (open-anki-jlpt-decks)
鶏肉,とりにく,chicken meat,N5,ja,JLPT (open-anki-jlpt-decks)
取る,とる,to take (a class); to get (a grade),N5,ja,JLPT (open-anki-jlpt-decks)
撮る,とる,"to take (a photo), to make (a film)",N5,ja,JLPT (open-anki-jlpt-decks)
どれ,どれ,which one,N5,ja,JLPT (open-anki-jlpt-decks)
どんな,どんな,"what, what kind of",N5,ja,JLPT (open-anki-jlpt-decks)
ない,ない,"there isn't, doesn't have",N5,ja,JLPT (open-anki-jlpt-decks)
ナイフ,ナイフ,knife,N5,ja,JLPT (open-anki-jlpt-decks)
中,なか,"inside, middle, among",N5,ja,JLPT (open-anki-jlpt-decks)
長い,ながい,"long, lengthy",N5,ja,JLPT (open-anki-jlpt-decks)
鳴く,なく,to make sound (animal),N5,ja,JLPT (open-anki-jlpt-decks)
無くす,なくす,to lose something,N5,ja,JLPT (open-anki-jlpt-decks)
なぜ,なぜ,why (same as どうして),N5,ja,JLPT (open-anki-jlpt-decks)
夏,なつ,summer,N5,ja,JLPT (open-anki-jlpt-decks)
夏休み,なつやすみ,summer vacation,N5,ja,JLPT (open-anki-jlpt-decks)
～など,～など,et cetera,N5,ja,JLPT (open-anki-jlpt-decks)
七つ,ななつ,seven things,N5,ja,JLPT (open-anki-jlpt-decks)
何,なん; なに,what,N5,ja,JLPT (open-anki-jlpt-decks)
七日,なのか,seven days; seventh day (of the month),N5,ja,JLPT (open-anki-jlpt-decks)
名前,なまえ,name,N5,ja,JLPT (open-anki-jlpt-decks)
習う,ならう,to learn,N5,ja,JLPT (open-anki-jlpt-decks)
並ぶ,ならぶ,"to line up, to stand in a line (v.i.)",N5,ja,JLPT (open-anki-jlpt-decks)
並べる,ならべる,to put (things) side by side; to line up,N5,ja,JLPT (open-anki-jlpt-decks)
なる,なる,to become,N5,ja,JLPT (open-anki-jlpt-decks)
何～,なん～,what sort of ~,N5,ja,JLPT (open-anki-jlpt-decks)
二,に,two,N5,ja,JLPT (open-anki-jlpt-decks)
にぎやか,にぎやか,"bustling, busy",N5,ja,JLPT (open-anki-jlpt-decks)
肉,にく,meat,N5,ja,JLPT (open-anki-jlpt-decks)
西,にし,west,N5,ja,JLPT (open-anki-jlpt-decks)
～日,～にち,"~ day of the month, for ~ days",N5,ja,JLPT (open-anki-jlpt-decks)
日曜日,にちようび,Sunday,N5,ja,JLPT (open-anki-jlpt-decks)
荷物,にもつ,luggage; baggage,N5,ja,JLPT (open-anki-jlpt-decks)
ニュース,ニュース,news,N5,ja,JLPT (open-anki-jlpt-decks)
庭,にわ,garden,N5,ja,JLPT (open-anki-jlpt-decks)
～人,～にん,counter for people,N5,ja,JLPT (open-anki-jlpt-decks)
脱ぐ,ぬぐ,to take off (clothes),N5,ja,JLPT (open-anki-jlpt-decks)
温い,ぬるい,lukewarm,N5,ja,JLPT (open-anki-jlpt-decks)
ネクタイ,ネクタイ,"tie, necktie",N5,ja,JLPT (open-anki-jlpt-decks)
猫,ねこ,cat,N5,ja,JLPT (open-anki-jlpt-decks)
寝る,ねる,to sleep; to go to sleep; to go to bed,N5,ja,JLPT (open-anki-jlpt-decks)
～年,～ねん,~ years,N5,ja,JLPT (open-anki-jlpt-decks)
ノート,ノート,notebook,N5,ja,JLPT (open-anki-jlpt-decks)
登る,のぼる,to climb,N5,ja,JLPT (open-anki-jlpt-decks)
飲み物,のみもの,"drink, beverage",N5,ja,JLPT (open-anki-jlpt-decks)
飲む,のむ,to drink,N5,ja,JLPT (open-anki-jlpt-decks)
乗る,のる,"to get on, to ride in, to board",N5,ja,JLPT (open-anki-jlpt-decks)
歯,は,tooth,N5,ja,JLPT (open-anki-jlpt-decks)
パーティー,パーティー,a party,N5,ja,JLPT (open-anki-jlpt-decks)
はい,はい,yes,N5,ja,JLPT (open-anki-jlpt-decks)
～杯,～はい,counter for cupfuls,N5,ja,JLPT (open-anki-jlpt-decks)
灰皿,はいざら,ashtray,N5,ja,JLPT (open-anki-jlpt-decks)
入る,はいる,"to enter, to contain, to hold",N5,ja,JLPT (open-anki-jlpt-decks)
葉書,はがき,postcard,N5,ja,JLPT (open-anki-jlpt-decks)
はく,はく,to put on (items below your waist),N5,ja,JLPT (open-anki-jlpt-decks)
箱,はこ,box,N5,ja,JLPT (open-anki-jlpt-decks)
橋,はし,bridge,N5,ja,JLPT (open-anki-jlpt-decks)
箸,はし,chopsticks,N5,ja,JLPT (open-anki-jlpt-decks)
始まる,はじまる,(something) begins,N5,ja,JLPT (open-anki-jlpt-decks)
初め; 始め,はじめ,"beginning, start",N5,ja,JLPT (open-anki-jlpt-decks)
初めて,はじめて,for the first time,N5,ja,JLPT (open-anki-jlpt-decks)
走る,はしる,to run,N5,ja,JLPT (open-anki-jlpt-decks)
バス,バス,bus; bath; bass,N5,ja,JLPT (open-anki-jlpt-decks)
バター,バター,butter,N5,ja,JLPT (open-anki-jlpt-decks)
二十歳,はたち,20 years old,N5,ja,JLPT (open-anki-jlpt-decks)
働く,はたらく,to work,N5,ja,JLPT (open-anki-jlpt-decks)
八,はち,eight,N5,ja,JLPT (open-anki-jlpt-decks)
二十日,はつか,"twenty days, twentieth (day of the month)",N5,ja,JLPT (open-anki-jlpt-decks)
花,はな,flower,N5,ja,JLPT (open-anki-jlpt-decks)
鼻,はな,nose,N5,ja,JLPT (open-anki-jlpt-decks)
話,はなし,"talk (chat), story",N5,ja,JLPT (open-anki-jlpt-decks)
話す,はなす,to speak,N5,ja,JLPT (open-anki-jlpt-decks)
母,はは,(my) mother,N5,ja,JLPT (open-anki-jlpt-decks)
早い,はやい,early,N5,ja,JLPT (open-anki-jlpt-decks)
速い,はやい,"fast, quick",N5,ja,JLPT (open-anki-jlpt-decks)
春,はる,spring,N5,ja,JLPT (open-anki-jlpt-decks)
貼る,はる,to post; to paste; to attach,N5,ja,JLPT (open-anki-jlpt-decks)
晴れ,はれ,clear (sunny) weather,N5,ja,JLPT (open-anki-jlpt-decks)
晴れる,はれる,to be sunny,N5,ja,JLPT (open-anki-jlpt-decks)
半,はん,"half (e.g., にじはん | half-past two)",N5,ja,JLPT (open-anki-jlpt-decks)
晩,ばん,evening,N5,ja,JLPT (open-anki-jlpt-decks)
～番,～ばん,~st; ~th best,N5,ja,JLPT (open-anki-jlpt-decks)
パン,パン,bread,N5,ja,JLPT (open-anki-jlpt-decks)
ハンカチ,ハンカチ,handkerchief,N5,ja,JLPT (open-anki-jlpt-decks)
番号,ばんごう,"number, series of digits",N5,ja,JLPT (open-anki-jlpt-decks)
晩御飯,ばんごはん,"dinner, evening meal",N5,ja,JLPT (open-anki-jlpt-decks)
半分,はんぶん,half,N5,ja,JLPT (open-anki-jlpt-decks)
東,ひがし,east,N5,ja,JLPT (open-anki-jlpt-decks)
～匹,～ひき,counter for small animals,N5,ja,JLPT (open-anki-jlpt-decks)
引く,ひく,"to pull, to draw; subtract",N5,ja,JLPT (open-anki-jlpt-decks)
弾く,ひく,to play (a string instrument or piano),N5,ja,JLPT (open-anki-jlpt-decks)
低い,ひくい,"short, low",N5,ja,JLPT (open-anki-jlpt-decks)
飛行機,ひこうき,airplane,N5,ja,JLPT (open-anki-jlpt-decks)
左,ひだり,left hand side,N5,ja,JLPT (open-anki-jlpt-decks)
人,ひと,"man, person",N5,ja,JLPT (open-anki-jlpt-decks)
一つ,ひとつ,one thing,N5,ja,JLPT (open-anki-jlpt-decks)
一月,ひとつき,one month,N5,ja,JLPT (open-anki-jlpt-decks)
一人,ひとり,one person,N5,ja,JLPT (open-anki-jlpt-decks)
暇,ひま,"free time, leisure",N5,ja,JLPT (open-anki-jlpt-decks)
百,ひゃく,hundred,N5,ja,JLPT (open-anki-jlpt-decks)
病院,びょういん,hospital,N5,ja,JLPT (open-anki-jlpt-decks)
病気,びょうき,illness; sickness,N5,ja,JLPT (open-anki-jlpt-decks)
平仮名,ひらがな,hiragana,N5,ja,JLPT (open-anki-jlpt-decks)
昼,ひる,"noon, daytime",N5,ja,JLPT (open-anki-jlpt-decks)
昼御飯,ひるごはん,"lunch, midday meal",N5,ja,JLPT (open-anki-jlpt-decks)
広い,ひろい,spacious; wide; broad,N5,ja,JLPT (open-anki-jlpt-decks)
フィルム,フィルム,film (roll of),N5,ja,JLPT (open-anki-jlpt-decks)
封筒,ふうとう,envelope,N5,ja,JLPT (open-anki-jlpt-decks)
プール,プール,swimming pool,N5,ja,JLPT (open-anki-jlpt-decks)
フォーク,フォーク,fork,N5,ja,JLPT (open-anki-jlpt-decks)
吹く,ふく,"to blow (wind, etc.)",N5,ja,JLPT (open-anki-jlpt-decks)
服,ふく,clothes,N5,ja,JLPT (open-anki-jlpt-decks)
二つ,ふたつ,two things,N5,ja,JLPT (open-anki-jlpt-decks)
豚肉,ぶたにく,pork,N5,ja,JLPT (open-anki-jlpt-decks)
二人,ふたり,two people,N5,ja,JLPT (open-anki-jlpt-decks)
二日,ふつか,two days; second day of the month,N5,ja,JLPT (open-anki-jlpt-decks)
太い,ふとい,"fat, thick",N5,ja,JLPT (open-anki-jlpt-decks)
冬,ふゆ,winter,N5,ja,JLPT (open-anki-jlpt-decks)
降る,ふる,"to precipitate, to fall (e.g., rain, snow, etc.)",N5,ja,JLPT (open-anki-jlpt-decks)
古い,ふるい,"old (in reference to objects, not people), aged, ancient",N5,ja,JLPT (open-anki-jlpt-decks)
～分,～ふん,~ minutes,N5,ja,JLPT (open-anki-jlpt-decks)
文章,ぶんしょう,"sentence, text",N5,ja,JLPT (open-anki-jlpt-decks)
ページ,ページ,a page,N5,ja,JLPT (open-anki-jlpt-decks)
下手,へた,"unskillful, poor",N5,ja,JLPT (open-anki-jlpt-decks)
ベッド,ベッド,bed,N5,ja,JLPT (open-anki-jlpt-decks)
ペット,ペット,pet,N5,ja,JLPT (open-anki-jlpt-decks)
部屋,へや,a room,N5,ja,JLPT (open-anki-jlpt-decks)
辺,へん,"area, vicinity",N5,ja,JLPT (open-anki-jlpt-decks)
ペン,ペン,pen,N5,ja,JLPT (open-anki-jlpt-decks)
勉強,べんきょう (する),study,N5,ja,JLPT (open-anki-jlpt-decks)
便利,べんり,"convenient, handy",N5,ja,JLPT (open-anki-jlpt-decks)
帽子,ぼうし,hat; cap,N5,ja,JLPT (open-anki-jlpt-decks)
ボールペン,ボールペン,ball-point pen,N5,ja,JLPT (open-anki-jlpt-decks)
外,ほか,"other, the rest",N5,ja,JLPT (open-anki-jlpt-decks)
ポケット,ポケット,pocket,N5,ja,JLPT (open-anki-jlpt-decks)
欲しい,ほしい,"to want, in need of",N5,ja,JLPT (open-anki-jlpt-decks)
ポスト,ポスト,"mailbox; post, position",N5,ja,JLPT (open-anki-jlpt-decks)
細い,ほそい,"thin, slender, fine",N5,ja,JLPT (open-anki-jlpt-decks)
ボタン,ボタン,button,N5,ja,JLPT (open-anki-jlpt-decks)
ホテル,ホテル,hotel,N5,ja,JLPT (open-anki-jlpt-decks)
本,ほん,book,N5,ja,JLPT (open-anki-jlpt-decks)
～本,～ほん,counter for long cylindrical things,N5,ja,JLPT (open-anki-jlpt-decks)
本棚,ほんだな,bookshelf,N5,ja,JLPT (open-anki-jlpt-decks)
本当,ほんとう,"real, true",N5,ja,JLPT (open-anki-jlpt-decks)
～枚,～まい,counter for flat things,N5,ja,JLPT (open-anki-jlpt-decks)
毎朝,まいあさ,every morning,N5,ja,JLPT (open-anki-jlpt-decks)
毎月,まいげつ; まいつき,"every month, monthly",N5,ja,JLPT (open-anki-jlpt-decks)
毎週,まいしゅう,every week,N5,ja,JLPT (open-anki-jlpt-decks)
毎日,まいにち,every day,N5,ja,JLPT (open-anki-jlpt-decks)
毎年,まいねん; まいとし,"every year, yearly, annually",N5,ja,JLPT (open-anki-jlpt-decks)
毎晩,まいばん,every night,N5,ja,JLPT (open-anki-jlpt-decks)
前,まえ,"before, in front",N5,ja,JLPT (open-anki-jlpt-decks)
～前,～まえ,in front of ~,N5,ja,JLPT (open-anki-jlpt-decks)
曲る,まがる,"to turn, to bend",N5,ja,JLPT (open-anki-jlpt-decks)
まずい,まずい,"terrible (in reference to food), unappetizing, unpleasant (taste)",N5,ja,JLPT (open-anki-jlpt-decks)
また,また,and; furthermore,N5,ja,JLPT (open-anki-jlpt-decks)
まだ,まだ,"yet, still, besides",N5,ja,JLPT (open-anki-jlpt-decks)
町,まち,town; city,N5,ja,JLPT (open-anki-jlpt-decks)
待つ,まつ,to wait,N5,ja,JLPT (open-anki-jlpt-decks)
まっすぐ,まっすぐ,"straight (ahead), direct",N5,ja,JLPT (open-anki-jlpt-decks)
マッチ,マッチ,match,N5,ja,JLPT (open-anki-jlpt-decks)
窓,まど,window,N5,ja,JLPT (open-anki-jlpt-decks)
丸い; 円い,まるい,"round, circular",N5,ja,JLPT (open-anki-jlpt-decks)
万,まん,ten thousand,N5,ja,JLPT (open-anki-jlpt-decks)
万年筆,まんねんひつ,fountain pen,N5,ja,JLPT (open-anki-jlpt-decks)
磨く,みがく,to brush (teeth); to polish,N5,ja,JLPT (open-anki-jlpt-decks)
右,みぎ,right hand side,N5,ja,JLPT (open-anki-jlpt-decks)
短い,みじかい,short (length),N5,ja,JLPT (open-anki-jlpt-decks)
水,みず,water,N5,ja,JLPT (open-anki-jlpt-decks)
店,みせ,"store, shop",N5,ja,JLPT (open-anki-jlpt-decks)
見せる,みせる,"to show, to display",N5,ja,JLPT (open-anki-jlpt-decks)
道,みち,"road, street; way, directions",N5,ja,JLPT (open-anki-jlpt-decks)
三日,みっか,"three days, third day of the month",N5,ja,JLPT (open-anki-jlpt-decks)
三つ,みっつ,three things,N5,ja,JLPT (open-anki-jlpt-decks)
緑,みどり,green,N5,ja,JLPT (open-anki-jlpt-decks)
皆さん,みなさん,"all of you, everyone",N5,ja,JLPT (open-anki-jlpt-decks)
南,みなみ,South,N5,ja,JLPT (open-anki-jlpt-decks)
耳,みみ,ear,N5,ja,JLPT (open-anki-jlpt-decks)
見る,みる,"to see, to look",N5,ja,JLPT (open-anki-jlpt-decks)
みんな,みんな,"all, everyone, everybody",N5,ja,JLPT (open-anki-jlpt-decks)
六日,むいか,six days; sixth day of month,N5,ja,JLPT (open-anki-jlpt-decks)
向こう,むこう,"beyond, over there",N5,ja,JLPT (open-anki-jlpt-decks)
難しい,むずかしい,difficult,N5,ja,JLPT (open-anki-jlpt-decks)
六つ,むっつ,six things,N5,ja,JLPT (open-anki-jlpt-decks)
村,むら,village,N5,ja,JLPT (open-anki-jlpt-decks)
目,め,eye(s),N5,ja,JLPT (open-anki-jlpt-decks)
メートル,メートル,meter,N5,ja,JLPT (open-anki-jlpt-decks)
眼鏡,めがね,eye glasses,N5,ja,JLPT (open-anki-jlpt-decks)
もう,もう,already; again; more,N5,ja,JLPT (open-anki-jlpt-decks)
木曜日,もくようび,Thursday,N5,ja,JLPT (open-anki-jlpt-decks)
もしもし,もしもし,Hello? (used on the phone),N5,ja,JLPT (open-anki-jlpt-decks)
持つ,もつ,"to hold, to carry; to possess",N5,ja,JLPT (open-anki-jlpt-decks)
もっと,もっと,more,N5,ja,JLPT (open-anki-jlpt-decks)
物,もの,thing (concrete object),N5,ja,JLPT (open-anki-jlpt-decks)
門,もん,gate,N5,ja,JLPT (open-anki-jlpt-decks)
問題,もんだい,a problem,N5,ja,JLPT (open-anki-jlpt-decks)
～屋,～や,~ shop,N5,ja,JLPT (open-anki-jlpt-decks)
八百屋,やおや,greengrocer,N5,ja,JLPT (open-anki-jlpt-decks)
野菜,やさい,vegetable,N5,ja,JLPT (open-anki-jlpt-decks)
易しい,やさしい,"easy, plain, simple",N5,ja,JLPT (open-anki-jlpt-decks)
安い,やすい,inexpensive; cheap (things),N5,ja,JLPT (open-anki-jlpt-decks)
休み,やすみ,holiday; day off; absence,N5,ja,JLPT (open-anki-jlpt-decks)
休む,やすむ,"to rest, to have a break, to get time off",N5,ja,JLPT (open-anki-jlpt-decks)
八つ,やっつ,eight things,N5,ja,JLPT (open-anki-jlpt-decks)
山,やま,mountain,N5,ja,JLPT (open-anki-jlpt-decks)
やる,やる,"to do; to give (to pets, parents, siblings, etc.)",N5,ja,JLPT (open-anki-jlpt-decks)
夕方,ゆうがた,"late afternoon (typically just before dinner time), evening",N5,ja,JLPT (open-anki-jlpt-decks)
夕飯,ゆうはん,"dinner, supper, evening meal",N5,ja,JLPT (open-anki-jlpt-decks)
郵便局,ゆうびんきょく,post office,N5,ja,JLPT (open-anki-jlpt-decks)
昨夜,ゆうべ,last night,N5,ja,JLPT (open-anki-jlpt-decks)
有名,ゆうめい,famous,N5,ja,JLPT (open-anki-jlpt-decks)
雪,ゆき,snow,N5,ja,JLPT (open-anki-jlpt-decks)
ゆっくりと,ゆっくりと,"slowly, at ease",N5,ja,JLPT (open-anki-jlpt-decks)
八日,ようか,eight days; eighth day of the month,N5,ja,JLPT (open-anki-jlpt-decks)
洋服,ようふく,Western-style clothes,N5,ja,JLPT (open-anki-jlpt-decks)
よく,よく,"frequently, often (much); well, skillfully",N5,ja,JLPT (open-anki-jlpt-decks)
横,よこ,beside; side; width,N5,ja,JLPT (open-anki-jlpt-decks)
四日,よっか,four days; fourth day of the month,N5,ja,JLPT (open-anki-jlpt-decks)
四つ,よっつ,four things,N5,ja,JLPT (open-anki-jlpt-decks)
呼ぶ,よぶ,to call (one's name); to invite,N5,ja,JLPT (open-anki-jlpt-decks)
読む,よむ,to read,N5,ja,JLPT (open-anki-jlpt-decks)
夜,よる,"evening, night",N5,ja,JLPT (open-anki-jlpt-decks)
弱い,よわい,weak,N5,ja,JLPT (open-anki-jlpt-decks)
来月,らいげつ,next month,N5,ja,JLPT (open-anki-jlpt-decks)
来週,らいしゅう,next week,N5,ja,JLPT (open-anki-jlpt-decks)
来年,らいねん,next year,N5,ja,JLPT (open-anki-jlpt-decks)
ラジオ,ラジオ,radio,N5,ja,JLPT (open-anki-jlpt-decks)
ラジオカセ,ラジオカセ,radio cassette player,N5,ja,JLPT (open-anki-jlpt-decks)
りっぱ,りっぱ,"splendid, fine",N5,ja,JLPT (open-anki-jlpt-decks)
留学生,りゅうがくせい,international student,N5,ja,JLPT (open-anki-jlpt-decks)
両親,りょうしん,"parents (lit., both parents)",N5,ja,JLPT (open-anki-jlpt-decks)
料理,りょうり,cooking; cuisine,N5,ja,JLPT (open-anki-jlpt-decks)
旅行,りょこう,"travel, trip",N5,ja,JLPT (open-anki-jlpt-decks)
零,れい,"zero, nought",N5,ja,JLPT (open-anki-jlpt-decks)
冷蔵庫,れいぞうこ,refrigerator,N5,ja,JLPT (open-anki-jlpt-decks)
レコード,レコード,record,N5,ja,JLPT (open-anki-jlpt-decks)
レストラン,レストラン,restaurant,N5,ja,JLPT (open-anki-jlpt-decks)
練習,れんしゅう (する),(to) practice,N5,ja,JLPT (open-anki-jlpt-decks)
廊下,ろうか,corridor,N5,ja,JLPT (open-anki-jlpt-decks)
六,ろく,six,N5,ja,JLPT (open-anki-jlpt-decks)
ワイシャツ,ワイシャツ,"shirt (lit: white shirt), business shirt",N5,ja,JLPT (open-anki-jlpt-decks)
若い,わかい,young,N5,ja,JLPT (open-anki-jlpt-decks)
分かる,わかる,to understand,N5,ja,JLPT (open-anki-jlpt-decks)
忘れる,わすれる,to forget,N5,ja,JLPT (open-anki-jlpt-decks)
私,わたし,"I, myself",N5,ja,JLPT (open-anki-jlpt-decks)
私,わたくし,"I (formal), myself, private affairs",N5,ja,JLPT (open-anki-jlpt-decks)
渡す,わたす,to hand (something) over (v.t.); to get across,N5,ja,JLPT (open-anki-jlpt-decks)
渡る,わたる,"to cross over, to go across",N5,ja,JLPT (open-anki-jlpt-decks)
悪い,わるい,"bad, sinful; inferior",N5,ja,JLPT (open-anki-jlpt-decks)
